choices,rts,winners
1.0,0.699,1
1.0,0.869,1
1.0,0.8009999999999999,1
1.0,0.891,1
0.0,0.49000000000000005,0
1.0,0.838,0
0.0,0.277,0
0.0,0.42100000000000004,0
0.0,0.268,0
0.0,0.47600000000000003,0
1.0,0.967,1
-1.0,0.585,0
1.0,0.738,1
1.0,0.884,0
1.0,0.999,1
1.0,0.8019999999999999,1
-1.0,0.531,0
0.0,0.321,0
0.0,0.42500000000000004,0
0.0,0.4,0
-1.0,0.689,1
-1.0,0.582,0
0.0,0.3,0
1.0,0.7839999999999999,1
1.0,1.012,0
1.0,0.6739999999999999,0
1.0,0.539,0
1.0,0.826,0
0.0,0.41700000000000004,0
1.0,0.6779999999999999,1
1.0,0.709,1
0.0,0.197,0
-1.0,0.7959999999999999,1
-1.0,1.05,1
1.0,0.597,0
1.0,0.894,1
1.0,0.729,1
1.0,0.6759999999999999,1
-1.0,0.826,0
1.0,0.89,1
0.0,0.307,0
0.0,0.257,0
-1.0,0.82,0
1.0,0.693,0
-1.0,0.62,0
1.0,0.753,0
-1.0,0.7929999999999999,1
1.0,0.734,1
-1.0,0.6649999999999999,1
1.0,0.9149999999999999,1
-1.0,0.813,1
0.0,0.396,0
1.0,0.871,1
1.0,0.584,0
1.0,0.746,1
1.0,0.6839999999999999,1
1.0,0.85,1
-1.0,0.865,1
1.0,0.6799999999999999,1
1.0,0.6779999999999999,0
1.0,0.696,0
0.0,0.41000000000000003,0
1.0,0.564,0
1.0,0.6779999999999999,1
1.0,0.647,0
1.0,0.772,1
-1.0,0.591,0
1.0,0.706,1
1.0,0.966,0
1.0,0.772,1
1.0,0.877,1
-1.0,0.551,0
0.0,0.22899999999999998,0
1.0,1.11,1
0.0,0.48900000000000005,0
0.0,0.47400000000000003,0
0.0,0.377,0
1.0,1.055,1
0.0,0.36600000000000005,0
-1.0,0.742,0
1.0,0.813,1
1.0,0.713,1
0.0,0.22000000000000003,0
0.0,0.456,0
-1.0,0.813,1
1.0,0.8049999999999999,0
1.0,0.8089999999999999,1
1.0,0.6749999999999999,1
0.0,0.259,0
1.0,0.703,1
0.0,0.41400000000000003,0
0.0,0.46,0
1.0,0.6599999999999999,0
0.0,0.271,0
0.0,0.192,0
0.0,0.402,0
1.0,0.951,1
1.0,0.615,0
0.0,0.512,0
1.0,0.644,0
0.0,0.22999999999999998,0
-1.0,0.59,0
1.0,1.0130000000000001,1
1.0,0.574,0
1.0,0.634,0
1.0,0.646,1
1.0,1.098,1
1.0,0.819,1
1.0,0.6629999999999999,0
1.0,0.71,1
1.0,0.855,1
1.0,0.824,1
-1.0,0.581,0
1.0,1.201,1
1.0,1.0870000000000002,1
1.0,0.6639999999999999,1
1.0,0.967,1
1.0,0.8109999999999999,1
1.0,0.6849999999999999,1
1.0,0.737,1
0.0,0.268,0
1.0,0.6869999999999999,0
1.0,0.688,1
1.0,0.7929999999999999,1
0.0,0.237,0
0.0,0.42800000000000005,0
1.0,0.905,1
1.0,0.65,1
0.0,0.238,0
1.0,0.908,1
0.0,0.48500000000000004,0
0.0,0.48500000000000004,0
-1.0,0.643,1
1.0,0.722,1
0.0,0.49000000000000005,0
-1.0,0.6629999999999999,1
1.0,0.9129999999999999,1
1.0,0.899,1
-1.0,0.531,0
0.0,0.388,0
1.0,0.835,1
0.0,0.22599999999999998,0
1.0,0.9339999999999999,1
1.0,0.708,1
1.0,0.634,0
1.0,1.227,1
1.0,0.607,0
1.0,0.756,1
-1.0,0.6679999999999999,1
-1.0,0.6799999999999999,1
1.0,0.583,0
1.0,0.969,1
1.0,1.229,1
0.0,0.316,0
-1.0,0.632,0
1.0,1.165,1
-1.0,0.896,1
1.0,0.654,1
-1.0,0.546,0
1.0,0.569,0
0.0,0.433,0
-1.0,0.852,1
1.0,0.646,0
0.0,0.41800000000000004,0
1.0,0.718,1
0.0,0.41300000000000003,0
1.0,0.8009999999999999,1
1.0,0.647,1
1.0,0.698,1
0.0,0.447,0
-1.0,0.89,0
0.0,0.517,0
1.0,0.751,1
0.0,0.439,0
-1.0,0.556,0
0.0,0.334,0
1.0,0.735,1
1.0,0.78,1
1.0,0.6659999999999999,1
-1.0,0.821,0
0.0,0.498,0
-1.0,0.6799999999999999,0
1.0,0.691,1
0.0,0.48300000000000004,0
1.0,0.7899999999999999,1
-1.0,0.574,0
-1.0,0.65,0
0.0,0.317,0
0.0,0.315,0
1.0,0.7849999999999999,1
1.0,0.6849999999999999,0
1.0,1.1,1
-1.0,1.073,1
0.0,0.445,0
1.0,0.746,0
1.0,0.622,0
1.0,0.836,1
1.0,0.6699999999999999,1
-1.0,1.102,1
1.0,0.825,0
1.0,0.746,1
-1.0,0.725,1
1.0,0.653,1
1.0,0.762,0
1.0,0.709,1
-1.0,0.766,1
0.0,0.403,0
1.0,0.6699999999999999,1
0.0,0.36600000000000005,0
0.0,0.502,0
0.0,0.35800000000000004,0
0.0,0.373,0
0.0,0.453,0
0.0,0.302,0
1.0,1.104,1
1.0,0.6829999999999999,1
1.0,0.826,1
1.0,0.6609999999999999,1
-1.0,0.761,1
0.0,0.253,0
1.0,0.991,1
0.0,0.291,0
0.0,0.45,0
1.0,0.775,1
0.0,0.42300000000000004,0
0.0,0.372,0
1.0,1.094,1
1.0,0.639,1
-1.0,0.699,0
0.0,0.461,0
1.0,0.6699999999999999,1
0.0,0.503,0
1.0,0.9359999999999999,0
1.0,0.783,1
0.0,0.517,0
1.0,1.0290000000000001,1
1.0,0.572,0
0.0,0.385,0
0.0,0.325,0
1.0,0.813,0
1.0,0.6,0
0.0,0.394,0
1.0,0.6669999999999999,1
1.0,1.0130000000000001,1
1.0,0.6819999999999999,1
-1.0,1.094,1
0.0,0.47600000000000003,0
1.0,0.775,1
1.0,0.896,0
1.0,1.5610000000000002,1
0.0,0.42700000000000005,0
0.0,0.47000000000000003,0
1.0,0.533,0
1.0,0.776,0
-1.0,1.047,1
0.0,0.48100000000000004,0
1.0,0.601,0
1.0,0.526,0
-1.0,0.6779999999999999,0
0.0,0.309,0
1.0,0.8069999999999999,1
1.0,0.7959999999999999,1
0.0,0.299,0
1.0,0.884,1
1.0,0.717,1
1.0,1.08,0
0.0,0.21500000000000002,0
1.0,0.6859999999999999,0
1.0,1.221,1
1.0,0.647,1
-1.0,0.692,1
1.0,0.53,0
1.0,0.63,0
1.0,0.819,0
-1.0,0.654,1
-1.0,0.846,0
0.0,0.21400000000000002,0
1.0,0.895,1
-1.0,0.538,0
0.0,0.28200000000000003,0
1.0,0.6739999999999999,1
1.0,0.696,1
-1.0,0.734,0
1.0,0.575,0
-1.0,0.8099999999999999,1
1.0,0.702,0
1.0,0.5599999999999999,0
-1.0,0.655,0
0.0,0.264,0
0.0,0.48100000000000004,0
1.0,0.72,1
0.0,0.266,0
-1.0,0.71,0
1.0,0.633,1
0.0,0.21700000000000003,0
0.0,0.28400000000000003,0
1.0,0.855,1
0.0,0.383,0
1.0,0.6779999999999999,1
0.0,0.451,0
1.0,0.738,1
1.0,0.745,1
1.0,0.523,0
1.0,0.6809999999999999,1
1.0,0.82,1
-1.0,1.3010000000000002,1
-1.0,0.774,0
1.0,0.871,1
0.0,0.37,0
-1.0,1.098,0
-1.0,0.655,1
1.0,0.586,0
1.0,0.6629999999999999,1
1.0,1.03,1
-1.0,0.712,0
1.0,0.6699999999999999,1
-1.0,1.0950000000000002,1
1.0,0.654,0
-1.0,0.646,1
1.0,0.6749999999999999,1
-1.0,0.656,0
-1.0,0.613,0
1.0,1.1300000000000001,1
0.0,0.40800000000000003,0
1.0,0.559,0
1.0,0.734,1
1.0,0.545,0
-1.0,0.54,0
1.0,0.523,0
0.0,0.337,0
0.0,0.262,0
1.0,0.731,0
-1.0,0.572,0
-1.0,0.749,1
1.0,0.747,1
-1.0,0.577,0
-1.0,0.611,0
0.0,0.468,0
0.0,0.48900000000000005,0
0.0,0.503,0
1.0,0.848,1
1.0,0.705,0
1.0,0.877,1
1.0,0.746,1
0.0,0.385,0
1.0,0.747,1
0.0,0.434,0
1.0,1.209,1
1.0,0.8059999999999999,0
1.0,0.777,0
-1.0,0.636,0
-1.0,0.582,0
1.0,0.524,0
0.0,0.466,0
1.0,0.6709999999999999,0
-1.0,0.91,1
-1.0,0.6839999999999999,1
-1.0,0.704,1
0.0,0.446,0
0.0,0.176,0
0.0,0.458,0
-1.0,1.274,1
1.0,0.7839999999999999,1
1.0,0.578,0
1.0,0.6819999999999999,1
1.0,0.6669999999999999,1
1.0,0.965,1
1.0,0.6779999999999999,0
1.0,0.74,1
0.0,0.402,0
-1.0,0.813,1
0.0,0.41100000000000003,0
-1.0,0.726,1
1.0,0.693,1
0.0,0.312,0
1.0,0.654,1
1.0,0.748,1
0.0,0.47300000000000003,0
-1.0,0.6639999999999999,0
1.0,1.29,0
0.0,0.52,0
1.0,0.6649999999999999,1
1.0,0.693,1
0.0,0.40700000000000003,0
1.0,1.1780000000000002,1
1.0,0.824,1
-1.0,0.582,0
0.0,0.244,0
1.0,0.719,1
0.0,0.459,0
-1.0,0.579,0
1.0,0.646,1
0.0,0.297,0
1.0,0.6589999999999999,1
0.0,0.308,0
1.0,0.705,1
0.0,0.15200000000000002,0
1.0,0.717,1
0.0,0.371,0
0.0,1.578,1
1.0,1.211,1
1.0,0.8049999999999999,1
1.0,0.632,0
0.0,0.23199999999999998,0
0.0,0.385,0
1.0,1.4640000000000002,1
0.0,0.402,0
1.0,0.759,1
1.0,0.775,0
-1.0,0.875,1
1.0,0.9289999999999999,0
1.0,0.825,1
1.0,0.6749999999999999,0
1.0,0.835,0
1.0,0.867,1
-1.0,1.171,1
1.0,0.826,1
-1.0,1.117,1
1.0,0.6849999999999999,1
1.0,0.7909999999999999,1
0.0,0.16899999999999998,0
-1.0,1.059,1
1.0,0.846,1
0.0,0.40900000000000003,0
0.0,0.42900000000000005,0
0.0,0.499,0
1.0,0.741,1
0.0,0.452,0
1.0,0.744,1
1.0,0.825,0
1.0,0.851,1
-1.0,0.6579999999999999,1
1.0,0.639,1
-1.0,0.836,0
1.0,0.752,0
-1.0,0.648,0
-1.0,0.728,1
1.0,0.725,1
1.0,0.715,0
1.0,0.6619999999999999,1
1.0,0.703,0
1.0,0.774,1
1.0,0.834,1
0.0,0.48300000000000004,0
0.0,0.436,0
1.0,0.651,0
1.0,0.6589999999999999,1
1.0,0.653,0
-1.0,0.524,0
1.0,1.1880000000000002,1
1.0,0.903,1
1.0,0.582,0
-1.0,0.6619999999999999,1
1.0,0.604,0
1.0,0.839,0
1.0,0.7889999999999999,1
1.0,0.689,1
1.0,0.867,1
0.0,0.405,0
1.0,0.698,0
1.0,0.96,0
0.0,0.342,0
0.0,0.299,0
1.0,0.818,1
-1.0,0.704,1
1.0,1.0350000000000001,1
0.0,0.22699999999999998,0
1.0,0.648,1
1.0,0.635,1
0.0,0.41600000000000004,0
0.0,0.23199999999999998,0
1.0,0.635,1
-1.0,0.6769999999999999,1
0.0,0.21100000000000002,0
1.0,0.6659999999999999,1
-1.0,0.6739999999999999,0
-1.0,0.576,0
-1.0,0.6789999999999999,1
1.0,0.6829999999999999,1
1.0,0.7869999999999999,1
1.0,0.656,1
0.0,0.51,0
1.0,0.862,1
0.0,0.442,0
1.0,0.697,0
-1.0,0.6729999999999999,1
0.0,0.329,0
0.0,0.305,0
1.0,0.984,1
0.0,0.252,0
-1.0,0.9299999999999999,1
1.0,0.6759999999999999,1
1.0,0.54,0
-1.0,0.736,0
0.0,0.49000000000000005,0
0.0,0.503,0
1.0,0.6789999999999999,0
1.0,0.575,0
1.0,0.6779999999999999,1
1.0,0.833,1
1.0,0.742,1
1.0,0.722,1
0.0,0.294,0
-1.0,0.6649999999999999,1
0.0,0.28700000000000003,0
1.0,0.6729999999999999,0
-1.0,1.114,0
0.0,0.376,0
0.0,0.49300000000000005,0
1.0,1.179,0
1.0,0.847,1
1.0,0.825,1
1.0,0.7939999999999999,1
1.0,0.629,1
0.0,0.325,0
-1.0,0.633,0
-1.0,0.599,0
-1.0,0.888,0
1.0,0.877,1
0.0,0.325,0
0.0,0.48500000000000004,0
1.0,0.6589999999999999,1
1.0,0.568,0
0.0,0.49000000000000005,0
1.0,0.6849999999999999,1
1.0,0.554,0
1.0,0.698,1
1.0,0.6809999999999999,0
0.0,0.434,0
1.0,0.6669999999999999,1
0.0,0.468,0
1.0,0.728,1
1.0,0.565,0
1.0,0.862,1
1.0,0.532,0
1.0,0.771,1
1.0,0.693,1
-1.0,0.755,0
0.0,0.44,0
0.0,0.326,0
1.0,0.822,0
0.0,0.372,0
1.0,0.688,1
1.0,0.593,0
0.0,0.47900000000000004,0
-1.0,0.537,0
1.0,0.739,1
0.0,0.28600000000000003,0
1.0,0.626,1
1.0,1.111,1
0.0,0.32,0
1.0,0.766,1
1.0,0.72,1
-1.0,0.558,0
-1.0,0.612,0
-1.0,0.531,0
-1.0,0.6649999999999999,1
1.0,0.74,1
-1.0,0.714,1
1.0,0.6699999999999999,1
0.0,0.316,0
1.0,1.006,1
-1.0,0.8099999999999999,0
0.0,0.325,0
1.0,0.6849999999999999,0
1.0,0.6779999999999999,1
1.0,0.617,0
0.0,0.41200000000000003,0
0.0,0.325,0
1.0,0.753,1
1.0,0.762,1
0.0,0.47100000000000003,0
-1.0,0.647,0
1.0,0.697,1
-1.0,0.734,1
1.0,0.642,1
1.0,0.967,1
0.0,0.36700000000000005,0
1.0,0.524,0
-1.0,0.6869999999999999,1
-1.0,0.717,0
0.0,0.35000000000000003,0
1.0,0.692,1
1.0,0.904,1
0.0,0.316,0
1.0,1.2020000000000002,0
0.0,0.36500000000000005,0
0.0,0.47400000000000003,0
1.0,0.6,0
1.0,0.6739999999999999,0
1.0,0.939,1
1.0,0.571,0
0.0,0.28600000000000003,0
1.0,1.012,1
1.0,0.737,1
1.0,0.88,1
0.0,0.279,0
1.0,0.726,1
0.0,0.372,0
-1.0,0.606,0
0.0,0.268,0
0.0,0.36000000000000004,0
0.0,0.405,0
-1.0,1.1,1
0.0,0.432,0
0.0,0.47400000000000003,0
1.0,0.712,1
1.0,0.634,0
0.0,0.28500000000000003,0
-1.0,0.639,0
0.0,0.29,0
0.0,0.499,0
0.0,0.264,0
1.0,0.533,0
0.0,0.28300000000000003,0
0.0,0.42500000000000004,0
-1.0,0.729,0
1.0,0.523,0
-1.0,0.714,1
0.0,0.442,0
1.0,0.766,1
0.0,0.371,0
1.0,0.634,1
0.0,0.42600000000000005,0
1.0,0.768,1
1.0,0.853,1
0.0,0.465,0
1.0,0.557,0
1.0,0.531,0
1.0,0.6589999999999999,1
0.0,0.444,0
1.0,0.715,1
-1.0,0.823,1
0.0,0.48500000000000004,0
1.0,0.85,1
-1.0,0.7849999999999999,1
-1.0,0.764,1
1.0,1.038,1
0.0,0.332,0
1.0,0.6599999999999999,1
1.0,0.977,0
-1.0,0.6579999999999999,1
-1.0,0.7939999999999999,1
-1.0,0.568,0
-1.0,0.548,0
1.0,0.6579999999999999,0
0.0,0.192,0
1.0,0.629,0
1.0,0.6609999999999999,0
-1.0,0.743,1
0.0,0.239,0
1.0,0.645,1
1.0,0.644,1
1.0,0.745,1
0.0,0.497,0
1.0,0.727,1
1.0,0.633,1
-1.0,0.767,1
-1.0,0.6819999999999999,1
-1.0,0.627,0
1.0,0.825,1
-1.0,0.852,0
0.0,0.322,0
1.0,0.83,1
0.0,0.512,0
-1.0,0.581,0
1.0,0.6749999999999999,0
-1.0,0.5599999999999999,0
1.0,0.696,1
1.0,0.724,1
1.0,0.6759999999999999,1
-1.0,0.716,1
-1.0,0.6719999999999999,1
-1.0,0.6609999999999999,1
1.0,0.712,0
1.0,0.743,1
1.0,0.891,1
0.0,0.376,0
1.0,0.817,1
1.0,0.814,1
0.0,0.301,0
0.0,0.379,0
0.0,0.47200000000000003,0
0.0,0.461,0
-1.0,0.967,1
0.0,0.35200000000000004,0
0.0,0.43100000000000005,0
0.0,0.439,0
1.0,0.966,1
-1.0,0.772,0
1.0,0.848,1
-1.0,0.62,0
-1.0,0.735,1
0.0,0.264,0
1.0,0.879,1
1.0,0.644,0
0.0,0.35000000000000003,0
-1.0,1.072,1
1.0,0.713,1
-1.0,0.763,0
0.0,0.28800000000000003,0
0.0,0.43100000000000005,0
-1.0,0.819,1
1.0,1.0110000000000001,1
-1.0,0.57,0
1.0,0.6669999999999999,0
0.0,0.21700000000000003,0
-1.0,0.716,1
1.0,0.6599999999999999,1
-1.0,0.865,1
0.0,0.39,0
1.0,0.6839999999999999,1
-1.0,0.624,1
1.0,0.76,1
1.0,0.623,1
1.0,1.028,1
1.0,0.89,1
1.0,0.9329999999999999,1
1.0,0.651,0
0.0,0.28400000000000003,0
-1.0,0.6669999999999999,1
1.0,0.939,1
-1.0,0.84,1
1.0,1.1540000000000001,1
1.0,0.751,0
0.0,0.255,0
-1.0,0.706,1
1.0,0.973,1
0.0,0.281,0
1.0,1.008,1
-1.0,0.524,0
1.0,0.899,1
1.0,0.9169999999999999,1
-1.0,0.987,1
0.0,0.35000000000000003,0
1.0,0.943,0
1.0,0.631,0
1.0,0.65,1
-1.0,0.747,1
-1.0,0.732,1
1.0,0.622,0
-1.0,0.69,1
1.0,0.7989999999999999,0
-1.0,0.896,1
-1.0,0.639,0
1.0,0.8059999999999999,1
1.0,0.719,1
0.0,0.41900000000000004,0
1.0,0.816,1
1.0,1.0210000000000001,1
0.0,0.334,0
-1.0,0.582,0
-1.0,0.859,0
0.0,0.393,0
1.0,0.762,1
0.0,0.267,0
1.0,1.118,0
-1.0,0.759,1
0.0,0.379,0
0.0,0.47700000000000004,0
1.0,0.828,1
1.0,0.6789999999999999,1
0.0,0.24,0
-1.0,0.629,0
0.0,0.371,0
1.0,0.689,1
-1.0,0.5619999999999999,0
0.0,0.406,0
-1.0,0.84,1
-1.0,0.82,1
1.0,0.9339999999999999,1
-1.0,0.77,1
0.0,0.458,0
1.0,0.6869999999999999,0
0.0,0.23299999999999998,0
-1.0,0.631,0
-1.0,0.695,1
-1.0,0.571,0
1.0,0.589,0
0.0,0.44,0
1.0,0.747,1
1.0,0.6699999999999999,1
1.0,0.6719999999999999,0
-1.0,0.63,0
-1.0,0.6709999999999999,1
-1.0,0.944,1
1.0,0.745,1
1.0,0.9219999999999999,1
0.0,0.503,0
-1.0,0.648,1
1.0,0.959,1
1.0,0.643,1
1.0,0.7869999999999999,1
1.0,0.972,0
-1.0,0.574,0
1.0,1.118,1
1.0,0.758,1
-1.0,1.5270000000000001,1
1.0,0.689,1
0.0,0.308,0
0.0,0.386,0
1.0,0.763,1
1.0,0.624,0
0.0,0.47300000000000003,0
1.0,0.783,1
0.0,0.40900000000000003,0
-1.0,0.709,1
-1.0,0.732,1
1.0,0.871,1
1.0,0.645,1
1.0,0.539,0
1.0,0.7839999999999999,0
0.0,0.337,0
1.0,0.716,1
0.0,0.20800000000000002,0
0.0,0.309,0
1.0,0.7929999999999999,1
0.0,0.442,0
0.0,0.339,0
1.0,0.846,1
1.0,0.717,1
1.0,0.975,0
-1.0,0.623,0
1.0,0.879,1
-1.0,1.1600000000000001,1
0.0,0.21900000000000003,0
-1.0,0.716,1
-1.0,1.1740000000000002,0
-1.0,0.5599999999999999,0
1.0,0.64,0
-1.0,0.653,1
1.0,0.8049999999999999,1
1.0,0.644,0
0.0,0.273,0
1.0,0.753,1
0.0,0.47100000000000003,0
1.0,0.643,1
1.0,1.3050000000000002,0
1.0,0.722,1
1.0,0.9309999999999999,1
0.0,0.326,0
0.0,0.49000000000000005,0
1.0,0.7889999999999999,1
0.0,0.445,0
1.0,0.779,1
1.0,0.637,1
1.0,0.945,1
0.0,0.36000000000000004,0
1.0,0.89,1
0.0,0.48800000000000004,0
1.0,0.863,1
1.0,0.698,0
0.0,0.334,0
-1.0,0.548,0
1.0,0.554,0
1.0,1.2990000000000002,0
1.0,0.711,1
-1.0,0.866,1
1.0,0.761,1
1.0,0.8109999999999999,1
0.0,0.333,0
-1.0,0.854,1
0.0,0.23299999999999998,0
1.0,0.6789999999999999,0
0.0,0.49000000000000005,0
-1.0,1.191,1
1.0,0.712,1
1.0,0.709,1
0.0,0.47700000000000004,0
0.0,0.37,0
1.0,0.7879999999999999,1
1.0,1.079,1
0.0,0.279,0
1.0,0.9179999999999999,1
1.0,0.523,0
1.0,0.857,0
1.0,1.262,1
1.0,0.751,0
1.0,0.628,0
0.0,0.49200000000000005,0
0.0,0.42700000000000005,0
-1.0,1.0070000000000001,1
1.0,0.732,1
0.0,0.377,0
0.0,0.395,0
0.0,0.393,0
0.0,0.40700000000000003,0
1.0,0.74,1
0.0,0.22200000000000003,0
0.0,0.371,0
0.0,0.371,0
1.0,0.824,1
0.0,0.339,0
-1.0,0.5609999999999999,0
-1.0,0.695,0
-1.0,1.258,1
0.0,0.20900000000000002,0
1.0,0.856,0
1.0,0.705,1
0.0,0.4,0
1.0,0.724,1
1.0,0.6799999999999999,0
1.0,0.767,0
1.0,0.709,1
-1.0,0.6759999999999999,1
1.0,0.83,1
1.0,0.6699999999999999,1
1.0,0.77,1
1.0,0.839,1
-1.0,0.701,1
1.0,0.748,1
1.0,0.741,0
-1.0,0.75,1
0.0,0.519,0
0.0,0.376,0
1.0,0.9349999999999999,1
0.0,0.509,0
-1.0,0.7919999999999999,1
0.0,0.41300000000000003,0
0.0,0.372,0
1.0,0.7839999999999999,1
1.0,0.716,1
-1.0,0.692,1
0.0,0.27,0
1.0,0.6699999999999999,1
1.0,0.904,1
0.0,0.48600000000000004,0
0.0,0.51,0
1.0,1.26,1
0.0,0.468,0
0.0,0.449,0
0.0,0.35200000000000004,0
1.0,0.884,0
1.0,0.609,0
0.0,0.392,0
1.0,0.838,1
0.0,0.42300000000000004,0
1.0,0.643,0
1.0,0.706,1
1.0,0.6589999999999999,1
-1.0,0.968,1
1.0,0.7999999999999999,1
1.0,0.629,1
1.0,0.601,0
0.0,0.294,0
1.0,0.6,0
1.0,0.695,1
1.0,1.163,1
0.0,0.397,0
0.0,0.203,0
1.0,0.864,0
1.0,0.701,1
1.0,0.745,1
0.0,0.34500000000000003,0
1.0,0.706,1
0.0,0.435,0
0.0,0.20700000000000002,0
0.0,0.47400000000000003,0
0.0,0.394,0
1.0,0.702,0
-1.0,0.604,0
-1.0,0.7889999999999999,0
-1.0,0.555,0
1.0,0.6769999999999999,0
0.0,0.449,0
1.0,0.61,0
1.0,0.6589999999999999,1
1.0,0.62,0
1.0,0.753,1
1.0,0.756,1
-1.0,0.6829999999999999,1
0.0,0.293,0
0.0,0.386,0
0.0,0.338,0
0.0,0.47300000000000003,0
0.0,0.501,0
1.0,0.706,0
1.0,0.6749999999999999,1
1.0,0.653,1
1.0,0.957,1
1.0,0.626,0
1.0,0.73,1
0.0,0.406,0
1.0,1.073,1
-1.0,1.2750000000000001,1
1.0,0.862,1
1.0,0.8019999999999999,0
1.0,0.6639999999999999,0
-1.0,0.75,0
-1.0,0.656,1
1.0,0.6699999999999999,1
-1.0,0.6639999999999999,1
1.0,0.86,1
1.0,0.738,1
-1.0,0.706,0
0.0,0.22899999999999998,0
-1.0,0.577,0
1.0,0.774,1
-1.0,0.823,1
1.0,0.542,0
1.0,0.708,1
1.0,0.716,1
1.0,0.814,1
0.0,0.305,0
0.0,0.36700000000000005,0
0.0,0.41500000000000004,0
1.0,0.9149999999999999,1
-1.0,0.986,1
1.0,0.6739999999999999,1
1.0,0.587,0
1.0,0.6849999999999999,1
1.0,0.768,1
1.0,0.698,1
1.0,1.2220000000000002,1
1.0,0.6589999999999999,1
-1.0,0.6609999999999999,1
0.0,0.319,0
1.0,0.853,1
1.0,0.644,1
1.0,0.872,1
1.0,0.569,0
0.0,0.34400000000000003,0
1.0,0.692,0
-1.0,0.73,1
1.0,0.887,1
0.0,0.194,0
1.0,0.71,1
1.0,0.9129999999999999,1
0.0,0.441,0
1.0,0.653,1
0.0,0.35400000000000004,0
1.0,0.6789999999999999,1
0.0,0.35100000000000003,0
1.0,0.754,1
-1.0,0.745,1
0.0,0.241,0
-1.0,1.049,1
1.0,0.9239999999999999,1
1.0,0.748,0
-1.0,0.741,0
0.0,0.35800000000000004,0
1.0,0.612,0
1.0,1.1400000000000001,1
1.0,0.59,0
0.0,0.36300000000000004,0
0.0,0.466,0
1.0,0.7,1
1.0,0.6619999999999999,1
0.0,0.324,0
0.0,0.21400000000000002,0
0.0,0.334,0
1.0,0.6669999999999999,1
-1.0,0.899,1
1.0,1.041,1
-1.0,0.6759999999999999,1
1.0,0.526,0
-1.0,0.578,0
1.0,0.71,0
1.0,0.6719999999999999,1
0.0,0.317,0
1.0,0.715,1
1.0,0.6819999999999999,1
-1.0,0.582,0
-1.0,0.8049999999999999,1
1.0,0.72,1
-1.0,0.535,0
0.0,0.14600000000000002,0
0.0,0.28300000000000003,0
1.0,0.6819999999999999,1
-1.0,1.006,1
1.0,0.648,1
1.0,0.9189999999999999,1
1.0,0.689,1
-1.0,0.574,0
-1.0,0.73,1
-1.0,0.831,1
0.0,0.444,0
1.0,0.9349999999999999,1
1.0,0.834,1
0.0,0.445,0
1.0,0.737,1
0.0,0.289,0
0.0,0.31,0
-1.0,0.695,0
-1.0,0.607,0
1.0,0.744,0
1.0,0.6669999999999999,0
1.0,0.9219999999999999,1
1.0,0.6639999999999999,0
0.0,0.48000000000000004,0
1.0,0.747,0
1.0,0.7879999999999999,0
-1.0,0.643,1
1.0,0.718,0
0.0,0.325,0
0.0,0.36300000000000004,0
1.0,0.736,1
0.0,0.165,0
1.0,0.579,0
1.0,1.082,1
-1.0,0.972,1
1.0,0.857,1
0.0,0.456,0
1.0,0.957,1
1.0,0.65,0
1.0,1.358,1
0.0,0.49600000000000005,0
0.0,0.42900000000000005,0
0.0,0.3,0
1.0,0.6659999999999999,1
1.0,1.049,1
0.0,0.379,0
-1.0,1.3190000000000002,1
0.0,0.394,0
0.0,0.35100000000000003,0
1.0,0.6749999999999999,0
1.0,0.8069999999999999,1
1.0,0.9199999999999999,1
1.0,0.647,1
0.0,0.462,0
0.0,0.46,0
1.0,0.6839999999999999,1
1.0,0.7939999999999999,1
-1.0,0.593,0
0.0,0.48800000000000004,0
1.0,0.606,0
1.0,0.693,1
1.0,0.7949999999999999,1
0.0,0.444,0
-1.0,0.567,0
-1.0,0.646,1
-1.0,0.74,0
-1.0,0.852,1
-1.0,0.6679999999999999,0
-1.0,1.1820000000000002,0
0.0,0.516,0
1.0,0.6829999999999999,1
1.0,0.848,1
1.0,0.982,0
0.0,0.21800000000000003,0
1.0,0.537,0
1.0,0.7879999999999999,1
1.0,0.779,1
1.0,0.6639999999999999,0
1.0,0.821,1
-1.0,0.761,1
1.0,0.703,1
0.0,0.27,0
1.0,0.8069999999999999,0
1.0,0.709,1
1.0,0.6659999999999999,1
-1.0,1.02,0
1.0,0.58,0
1.0,0.962,1
-1.0,0.698,1
1.0,0.651,0
1.0,1.084,0
1.0,0.702,0
-1.0,0.628,0
1.0,0.719,1
1.0,0.751,1
0.0,0.467,0
1.0,0.955,1
0.0,0.36700000000000005,0
0.0,0.21400000000000002,0
1.0,0.879,1
1.0,0.605,0
0.0,0.334,0
0.0,0.456,0
-1.0,0.817,1
-1.0,0.6769999999999999,1
0.0,0.275,0
-1.0,0.6679999999999999,1
-1.0,0.775,1
1.0,0.613,0
1.0,0.903,1
0.0,0.339,0
-1.0,0.779,1
-1.0,0.535,0
1.0,0.763,0
1.0,0.8069999999999999,1
0.0,0.246,0
1.0,0.774,0
0.0,0.278,0
-1.0,0.976,1
1.0,0.78,1
1.0,0.582,0
1.0,0.7999999999999999,0
-1.0,0.851,0
-1.0,0.703,1
0.0,0.281,0
1.0,0.6619999999999999,1
0.0,0.48100000000000004,0
1.0,1.07,1
1.0,0.7939999999999999,1
0.0,0.27,0
1.0,0.644,1
-1.0,0.636,0
-1.0,1.419,1
1.0,0.763,1
1.0,0.65,1
1.0,0.767,1
1.0,0.868,1
0.0,0.42800000000000005,0
1.0,0.736,0
1.0,1.231,1
-1.0,0.57,0
1.0,0.971,1
0.0,0.48100000000000004,0
1.0,1.334,0
0.0,0.34900000000000003,0
-1.0,0.9339999999999999,0
-1.0,0.6869999999999999,1
1.0,0.9299999999999999,1
-1.0,0.944,1
1.0,0.6569999999999999,1
1.0,0.591,0
0.0,0.21400000000000002,0
-1.0,0.9239999999999999,1
1.0,1.3010000000000002,1
1.0,0.859,1
0.0,0.511,0
1.0,0.5599999999999999,0
1.0,0.533,0
-1.0,0.876,1
1.0,0.54,0
1.0,0.6729999999999999,0
1.0,0.845,1
1.0,0.585,0
0.0,0.398,0
1.0,0.596,0
-1.0,0.776,1
1.0,0.716,1
0.0,0.271,0
0.0,0.35000000000000003,0
-1.0,0.641,0
0.0,0.37,0
1.0,0.631,1
0.0,0.47700000000000004,0
1.0,0.639,0
1.0,0.705,1
-1.0,0.823,1
1.0,0.688,1
0.0,0.314,0
-1.0,0.6639999999999999,1
0.0,0.21900000000000003,0
1.0,0.6729999999999999,1
1.0,1.107,1
-1.0,0.724,1
1.0,0.645,0
0.0,0.236,0
1.0,0.8009999999999999,0
1.0,0.6779999999999999,1
1.0,0.588,0
1.0,0.636,1
-1.0,0.6649999999999999,0
1.0,0.711,1
0.0,0.465,0
-1.0,0.7909999999999999,1
-1.0,0.767,0
1.0,0.817,1
0.0,0.397,0
-1.0,0.96,1
0.0,0.498,0
1.0,1.059,1
1.0,1.127,0
0.0,0.21900000000000003,0
-1.0,0.775,1
1.0,0.652,1
0.0,0.28,0
1.0,0.6809999999999999,0
-1.0,0.911,1
-1.0,0.723,1
1.0,0.8059999999999999,1
-1.0,0.625,1
-1.0,0.629,1
0.0,0.5,0
0.0,0.326,0
0.0,0.47500000000000003,0
-1.0,0.6739999999999999,1
1.0,0.718,1
-1.0,0.694,0
-1.0,0.8039999999999999,1
0.0,0.322,0
1.0,0.726,0
-1.0,0.649,1
0.0,0.291,0
1.0,0.814,1
0.0,0.378,0
-1.0,0.716,1
1.0,0.651,0
1.0,0.872,1
0.0,0.42000000000000004,0
1.0,0.704,0
1.0,0.733,1
1.0,0.597,0
1.0,0.991,1
1.0,0.565,0
1.0,0.767,1
0.0,0.183,0
-1.0,0.6689999999999999,0
0.0,0.22999999999999998,0
-1.0,0.55,0
-1.0,1.4820000000000002,1
1.0,0.987,1
1.0,0.781,1
0.0,0.52,0
1.0,0.897,1
1.0,1.07,1
0.0,0.277,0
-1.0,0.895,1
-1.0,0.615,0
0.0,0.274,0
1.0,0.6779999999999999,0
0.0,0.41200000000000003,0
1.0,0.831,0
1.0,0.833,0
0.0,0.258,0
1.0,0.558,0
1.0,0.714,0
0.0,0.405,0
0.0,0.396,0
1.0,0.78,1
1.0,0.654,1
1.0,1.057,1
1.0,0.763,1
1.0,0.8039999999999999,1
-1.0,0.528,0
-1.0,1.2280000000000002,1
-1.0,0.542,0
1.0,0.769,1
1.0,0.691,1
-1.0,1.1960000000000002,1
0.0,0.51,0
1.0,0.702,0
1.0,0.737,1
0.0,0.468,0
1.0,0.642,0
1.0,0.828,1
1.0,0.622,0
1.0,0.704,1
-1.0,0.6809999999999999,1
1.0,1.0130000000000001,0
1.0,1.199,1
0.0,0.445,0
0.0,0.184,0
1.0,0.726,1
0.0,0.20600000000000002,0
1.0,0.641,0
0.0,0.324,0
0.0,0.448,0
1.0,1.058,1
-1.0,0.635,1
0.0,0.42500000000000004,0
1.0,1.1700000000000002,1
-1.0,0.982,1
-1.0,0.727,1
-1.0,0.646,1
-1.0,0.999,1
0.0,0.373,0
1.0,0.853,1
1.0,0.981,1
1.0,0.8049999999999999,1
-1.0,0.545,0
-1.0,0.775,0
-1.0,0.549,0
-1.0,0.76,1
1.0,0.766,1
1.0,0.836,0
1.0,0.58,0
0.0,0.318,0
0.0,0.457,0
-1.0,0.595,0
1.0,0.726,1
1.0,0.903,1
1.0,0.823,0
1.0,0.969,1
1.0,0.6629999999999999,0
-1.0,0.725,1
1.0,0.642,1
0.0,0.24,0
0.0,0.236,0
1.0,0.635,1
0.0,0.4,0
-1.0,0.531,0
1.0,0.7959999999999999,1
0.0,0.235,0
1.0,0.6789999999999999,0
-1.0,0.649,1
1.0,0.779,1
0.0,0.501,0
1.0,0.6799999999999999,1
1.0,0.853,0
0.0,0.22999999999999998,0
1.0,0.747,1
1.0,0.989,1
-1.0,0.593,0
1.0,0.89,1
-1.0,0.639,1
1.0,0.547,0
1.0,0.6599999999999999,1
1.0,0.699,1
0.0,0.342,0
1.0,0.7879999999999999,1
-1.0,0.766,1
-1.0,0.9259999999999999,1
1.0,0.533,0
0.0,0.314,0
1.0,0.755,1
1.0,0.9199999999999999,1
-1.0,0.721,1
1.0,1.2750000000000001,1
-1.0,0.5599999999999999,0
1.0,0.692,0
0.0,0.52,0
0.0,0.269,0
1.0,0.757,1
0.0,0.44,0
0.0,0.28700000000000003,0
0.0,0.36300000000000004,0
1.0,0.6649999999999999,1
0.0,0.456,0
0.0,0.515,0
0.0,0.338,0
-1.0,0.903,1
-1.0,0.6709999999999999,1
0.0,0.258,0
-1.0,0.735,0
1.0,0.777,1
1.0,0.7909999999999999,1
0.0,0.256,0
-1.0,0.771,0
0.0,0.275,0
0.0,0.445,0
0.0,0.454,0
1.0,0.764,1
1.0,0.628,0
1.0,0.739,1
1.0,0.6829999999999999,1
0.0,0.448,0
1.0,0.7979999999999999,1
-1.0,0.5619999999999999,0
1.0,1.118,0
1.0,0.82,1
1.0,0.763,1
1.0,0.829,0
-1.0,0.7929999999999999,1
0.0,0.432,0
1.0,0.746,1
1.0,0.863,1
0.0,0.48700000000000004,0
1.0,0.631,0
0.0,0.464,0
1.0,0.871,0
-1.0,0.635,1
1.0,0.6779999999999999,0
0.0,0.43000000000000005,0
-1.0,0.6759999999999999,0
0.0,0.40900000000000003,0
1.0,0.626,1
0.0,0.468,0
-1.0,0.753,1
1.0,0.727,1
0.0,0.40700000000000003,0
0.0,0.36300000000000004,0
1.0,0.816,0
1.0,0.967,1
1.0,0.9309999999999999,1
0.0,0.369,0
1.0,0.622,0
1.0,1.077,1
1.0,0.644,1
1.0,0.888,1
-1.0,0.725,1
0.0,0.16799999999999998,0
0.0,0.35500000000000004,0
-1.0,0.732,1
0.0,0.47200000000000003,0
1.0,0.714,1
1.0,0.65,0
0.0,0.515,0
0.0,0.238,0
0.0,0.301,0
1.0,0.777,1
0.0,0.14800000000000002,0
1.0,0.6789999999999999,1
1.0,0.774,1
1.0,0.74,1
-1.0,0.636,1
1.0,0.582,0
0.0,0.327,0
0.0,0.457,0
1.0,0.646,1
1.0,0.8019999999999999,1
1.0,0.719,1
0.0,0.263,0
-1.0,0.631,0
0.0,0.245,0
1.0,0.741,1
1.0,0.72,1
1.0,0.688,1
1.0,1.054,1
0.0,0.329,0
-1.0,0.6789999999999999,1
1.0,0.565,0
0.0,0.239,0
0.0,0.514,0
1.0,0.737,1
0.0,0.185,0
1.0,0.6689999999999999,0
1.0,0.597,0
-1.0,1.106,1
0.0,0.37,0
-1.0,0.6789999999999999,1
-1.0,0.6629999999999999,1
1.0,1.213,1
1.0,0.74,1
0.0,0.467,0
-1.0,0.848,0
1.0,0.991,0
1.0,0.6599999999999999,1
1.0,0.859,1
0.0,0.327,0
-1.0,0.848,0
1.0,0.9149999999999999,0
1.0,0.6849999999999999,1
0.0,0.43000000000000005,0
0.0,0.454,0
1.0,0.6709999999999999,0
0.0,0.48000000000000004,0
1.0,0.869,1
1.0,0.874,1
0.0,0.396,0
-1.0,0.847,0
1.0,0.6759999999999999,1
0.0,0.20600000000000002,0
1.0,0.817,1
0.0,0.22599999999999998,0
0.0,0.512,0
1.0,0.6809999999999999,1
0.0,0.395,0
1.0,0.7989999999999999,0
0.0,0.36400000000000005,0
1.0,1.4040000000000001,1
1.0,0.6669999999999999,1
0.0,0.438,0
1.0,0.727,1
0.0,0.35600000000000004,0
0.0,0.35800000000000004,0
0.0,0.42300000000000004,0
1.0,0.6869999999999999,1
1.0,1.109,1
1.0,0.613,0
1.0,0.64,1
0.0,0.454,0
0.0,0.458,0
0.0,0.435,0
1.0,0.6609999999999999,0
-1.0,0.644,1
-1.0,0.6739999999999999,1
0.0,0.20500000000000002,0
-1.0,0.577,0
-1.0,0.557,0
1.0,0.8109999999999999,1
1.0,0.656,1
1.0,0.864,1
1.0,0.762,1
1.0,0.759,1
-1.0,0.783,1
1.0,0.8099999999999999,1
1.0,1.02,1
-1.0,0.778,1
1.0,0.9239999999999999,1
0.0,0.34600000000000003,0
-1.0,1.3110000000000002,1
0.0,0.251,0
0.0,0.298,0
-1.0,0.7889999999999999,0
0.0,0.507,0
-1.0,0.767,1
1.0,0.896,0
1.0,0.723,1
1.0,1.034,1
1.0,0.762,0
0.0,0.508,0
-1.0,0.814,0
1.0,0.879,1
1.0,0.945,1
1.0,0.984,1
-1.0,0.908,1
-1.0,0.525,0
1.0,0.9229999999999999,1
1.0,0.718,1
-1.0,0.954,1
1.0,0.526,0
1.0,0.6829999999999999,1
1.0,1.112,1
1.0,0.884,1
1.0,0.532,0
0.0,0.47400000000000003,0
1.0,0.613,0
-1.0,0.775,1
-1.0,1.254,1
1.0,0.866,1
-1.0,0.656,0
1.0,0.723,1
1.0,0.752,1
0.0,0.315,0
1.0,0.749,0
1.0,0.971,1
1.0,0.588,0
-1.0,0.642,1
0.0,0.36100000000000004,0
1.0,0.6699999999999999,1
1.0,0.702,1
1.0,0.9139999999999999,1
-1.0,0.605,0
1.0,0.881,1
1.0,0.967,1
0.0,0.179,0
0.0,0.327,0
-1.0,0.578,0
1.0,0.842,1
-1.0,0.526,0
-1.0,0.712,1
1.0,0.717,1
-1.0,0.744,1
1.0,0.6859999999999999,1
0.0,0.294,0
0.0,0.385,0
-1.0,1.046,1
-1.0,0.6779999999999999,1
-1.0,0.69,1
-1.0,0.656,1
1.0,0.6739999999999999,1
1.0,0.577,0
0.0,0.461,0
1.0,0.6829999999999999,1
1.0,0.6579999999999999,0
0.0,0.3,0
-1.0,0.6809999999999999,1
0.0,0.342,0
1.0,0.9199999999999999,1
1.0,0.6569999999999999,1
-1.0,1.0010000000000001,1
1.0,0.819,1
-1.0,1.2100000000000002,1
1.0,0.846,0
0.0,0.51,0
0.0,0.391,0
-1.0,0.731,1
0.0,0.516,0
1.0,0.903,1
0.0,0.459,0
1.0,0.757,0
1.0,0.835,1
1.0,0.894,1
1.0,0.7929999999999999,1
-1.0,0.729,0
1.0,0.713,1
-1.0,0.985,1
1.0,0.876,0
1.0,0.618,1
-1.0,0.608,0
-1.0,0.641,0
1.0,1.0990000000000002,1
1.0,0.7849999999999999,1
-1.0,0.852,0
1.0,0.7979999999999999,0
1.0,0.712,1
-1.0,0.7879999999999999,1
1.0,1.0890000000000002,1
1.0,0.638,1
0.0,0.36200000000000004,0
-1.0,1.1440000000000001,1
1.0,0.825,1
1.0,0.6659999999999999,0
1.0,0.6579999999999999,1
1.0,0.732,1
0.0,0.398,0
-1.0,0.631,1
1.0,0.624,1
1.0,0.759,0
0.0,0.34500000000000003,0
1.0,0.769,1
0.0,0.43000000000000005,0
0.0,0.47400000000000003,0
0.0,0.48300000000000004,0
0.0,0.333,0
1.0,0.727,1
-1.0,0.9289999999999999,0
-1.0,0.6799999999999999,1
0.0,0.277,0
1.0,0.939,1
1.0,0.7869999999999999,1
0.0,0.372,0
0.0,0.36400000000000005,0
1.0,0.712,1
0.0,0.332,0
1.0,0.824,1
1.0,1.1030000000000002,1
0.0,0.432,0
1.0,0.596,0
1.0,0.7999999999999999,1
0.0,0.298,0
0.0,0.371,0
-1.0,0.624,1
1.0,1.326,1
0.0,0.272,0
1.0,0.63,0
1.0,1.045,1
1.0,1.052,1
-1.0,0.617,0
1.0,0.7929999999999999,1
0.0,0.403,0
-1.0,0.54,0
0.0,0.388,0
0.0,0.48300000000000004,0
1.0,1.018,1
0.0,0.515,0
1.0,0.853,1
-1.0,0.9309999999999999,1
1.0,0.875,1
0.0,0.323,0
1.0,0.6689999999999999,1
1.0,0.8069999999999999,1
-1.0,0.871,1
1.0,0.6649999999999999,1
0.0,1.578,1
0.0,0.455,0
0.0,0.45,0
0.0,0.35200000000000004,0
1.0,0.776,0
1.0,0.778,1
-1.0,0.817,1
1.0,0.6739999999999999,1
1.0,0.6599999999999999,1
-1.0,0.77,1
-1.0,0.848,1
1.0,0.535,0
1.0,0.744,1
-1.0,0.592,0
-1.0,0.652,1
0.0,0.263,0
0.0,0.48200000000000004,0
1.0,0.846,1
1.0,0.719,1
1.0,0.654,1
0.0,0.40800000000000003,0
1.0,0.751,1
0.0,0.28300000000000003,0
1.0,0.6659999999999999,1
1.0,0.6679999999999999,1
0.0,0.295,0
1.0,0.6649999999999999,1
1.0,0.729,1
1.0,0.7899999999999999,1
-1.0,0.9339999999999999,1
-1.0,0.8019999999999999,0
-1.0,0.539,0
0.0,0.252,0
1.0,0.783,1
-1.0,0.8099999999999999,1
-1.0,0.708,1
0.0,0.464,0
1.0,0.6839999999999999,1
0.0,0.397,0
-1.0,0.55,0
1.0,0.724,0
-1.0,0.767,1
0.0,0.313,0
1.0,0.753,1
0.0,0.397,0
-1.0,0.72,1
1.0,0.6699999999999999,1
0.0,0.514,0
1.0,0.751,1
1.0,0.696,1
1.0,0.734,1
0.0,0.22999999999999998,0
0.0,0.259,0
1.0,0.633,1
-1.0,0.871,0
-1.0,0.6729999999999999,1
1.0,0.6849999999999999,1
0.0,0.497,0
1.0,0.82,0
-1.0,0.556,0
0.0,0.36300000000000004,0
1.0,0.878,1
1.0,0.6789999999999999,0
1.0,0.689,0
-1.0,0.69,1
1.0,0.6799999999999999,1
1.0,0.771,1
1.0,0.714,1
-1.0,0.643,0
1.0,1.1560000000000001,1
1.0,0.6709999999999999,1
1.0,0.8099999999999999,1
-1.0,0.548,0
1.0,0.652,1
-1.0,0.5619999999999999,0
1.0,1.35,1
1.0,0.6699999999999999,1
1.0,0.72,1
-1.0,0.731,1
0.0,0.317,0
1.0,0.763,0
1.0,0.952,1
0.0,0.49500000000000005,0
1.0,0.783,1
1.0,0.636,0
1.0,0.6609999999999999,1
1.0,0.6569999999999999,1
1.0,1.024,1
1.0,0.9329999999999999,1
-1.0,0.946,0
0.0,0.42100000000000004,0
1.0,0.819,1
-1.0,1.07,0
0.0,0.261,0
0.0,0.48300000000000004,0
0.0,0.437,0
0.0,0.248,0
1.0,0.724,1
1.0,0.654,1
-1.0,0.696,1
-1.0,0.734,1
0.0,0.47100000000000003,0
-1.0,0.769,1
1.0,0.733,0
1.0,0.697,0
1.0,0.526,0
-1.0,0.647,1
0.0,0.34400000000000003,0
1.0,0.73,0
1.0,0.868,1
-1.0,0.943,1
1.0,0.755,1
1.0,0.704,1
1.0,0.6649999999999999,0
1.0,0.865,1
0.0,0.34900000000000003,0
0.0,0.461,0
1.0,0.6659999999999999,0
0.0,0.42900000000000005,0
1.0,0.607,0
0.0,0.403,0
1.0,0.564,0
0.0,0.328,0
0.0,0.40800000000000003,0
1.0,0.762,0
0.0,0.33,0
1.0,0.6659999999999999,0
1.0,0.746,1
-1.0,0.816,1
0.0,0.34500000000000003,0
0.0,0.42800000000000005,0
0.0,0.281,0
1.0,0.531,0
1.0,0.863,0
-1.0,0.6749999999999999,0
0.0,0.42100000000000004,0
1.0,0.85,0
1.0,1.113,1
0.0,0.21400000000000002,0
0.0,0.376,0
1.0,0.977,1
1.0,0.9159999999999999,1
1.0,0.952,1
1.0,0.5619999999999999,0
0.0,0.27,0
0.0,0.401,0
1.0,0.8009999999999999,1
0.0,0.258,0
0.0,0.36700000000000005,0
-1.0,0.766,0
0.0,0.35400000000000004,0
1.0,0.707,1
-1.0,0.75,1
-1.0,0.6599999999999999,1
1.0,0.713,1
1.0,0.645,0
1.0,0.762,1
-1.0,1.0870000000000002,1
0.0,0.308,0
1.0,0.636,0
-1.0,0.9359999999999999,1
1.0,0.636,0
1.0,0.826,1
1.0,1.175,1
0.0,0.49600000000000005,0
1.0,0.728,1
1.0,0.974,1
-1.0,0.54,0
1.0,0.6829999999999999,1
-1.0,0.7979999999999999,1
1.0,0.825,1
1.0,0.7969999999999999,0
0.0,0.177,0
-1.0,0.9309999999999999,0
-1.0,0.622,0
1.0,0.72,1
1.0,0.6589999999999999,1
1.0,0.721,1
0.0,0.36100000000000004,0
1.0,0.651,1
-1.0,0.86,1
0.0,0.28300000000000003,0
1.0,0.739,1
1.0,0.543,0
-1.0,0.534,0
0.0,0.34500000000000003,0
0.0,0.459,0
0.0,0.264,0
1.0,0.971,1
1.0,0.711,1
0.0,0.35700000000000004,0
1.0,0.707,1
1.0,0.567,0
1.0,0.648,1
0.0,0.48000000000000004,0
0.0,0.464,0
1.0,0.6569999999999999,1
0.0,0.332,0
0.0,0.35900000000000004,0
-1.0,0.7839999999999999,1
0.0,0.35900000000000004,0
1.0,0.903,1
1.0,0.6739999999999999,1
0.0,0.501,0
0.0,0.46900000000000003,0
0.0,0.36000000000000004,0
-1.0,0.521,0
-1.0,1.076,1
-1.0,0.75,1
0.0,0.314,0
0.0,0.314,0
1.0,0.8019999999999999,1
0.0,0.276,0
-1.0,0.634,1
0.0,0.314,0
0.0,0.519,0
-1.0,0.7,1
1.0,0.777,1
1.0,0.762,1
1.0,0.6659999999999999,0
1.0,0.691,1
0.0,0.384,0
0.0,0.47400000000000003,0
0.0,0.48400000000000004,0
0.0,0.504,0
1.0,0.64,1
0.0,0.243,0
0.0,0.333,0
-1.0,0.76,0
1.0,1.032,1
0.0,0.335,0
1.0,0.6779999999999999,1
1.0,0.549,0
1.0,0.524,0
1.0,0.713,1
1.0,0.85,0
1.0,0.698,1
0.0,0.182,0
1.0,1.4220000000000002,1
0.0,0.321,0
-1.0,0.8049999999999999,1
1.0,0.644,1
1.0,1.344,1
-1.0,0.78,1
0.0,0.40700000000000003,0
0.0,0.49100000000000005,0
0.0,0.315,0
0.0,0.293,0
-1.0,0.557,0
0.0,0.295,0
1.0,0.6749999999999999,0
1.0,0.695,1
1.0,1.069,1
-1.0,0.569,0
1.0,0.6719999999999999,1
0.0,0.443,0
1.0,0.637,1
1.0,0.6589999999999999,1
0.0,0.22000000000000003,0
1.0,0.6689999999999999,1
-1.0,1.065,1
1.0,0.957,0
0.0,0.444,0
0.0,0.43100000000000005,0
0.0,0.48700000000000004,0
1.0,0.892,1
1.0,0.6669999999999999,0
1.0,0.72,1
0.0,0.401,0
1.0,0.532,0
0.0,0.34900000000000003,0
-1.0,0.521,0
1.0,0.711,1
-1.0,0.753,0
1.0,0.877,1
0.0,0.236,0
1.0,0.693,0
1.0,0.6729999999999999,0
1.0,0.691,1
1.0,0.776,1
1.0,0.701,1
-1.0,0.646,0
-1.0,0.648,1
1.0,0.6609999999999999,1
-1.0,1.211,0
0.0,0.295,0
0.0,0.35500000000000004,0
0.0,0.36000000000000004,0
0.0,0.305,0
0.0,0.251,0
1.0,1.076,1
-1.0,0.6649999999999999,0
1.0,0.973,1
1.0,0.732,1
1.0,0.862,1
1.0,0.65,0
0.0,0.43000000000000005,0
-1.0,0.727,1
-1.0,0.615,0
-1.0,0.767,1
1.0,0.847,1
0.0,0.433,0
1.0,0.6769999999999999,0
0.0,0.327,0
0.0,0.379,0
-1.0,0.7929999999999999,1
-1.0,0.616,0
1.0,0.842,1
1.0,0.636,1
0.0,0.508,0
0.0,0.444,0
-1.0,1.4580000000000002,0
1.0,1.113,1
1.0,0.543,0
1.0,0.743,1
-1.0,0.6749999999999999,1
1.0,0.8049999999999999,1
0.0,0.23199999999999998,0
-1.0,0.719,1
-1.0,0.568,0
0.0,0.437,0
0.0,0.399,0
1.0,0.649,1
1.0,0.7859999999999999,1
1.0,0.8089999999999999,1
-1.0,0.6839999999999999,0
0.0,0.268,0
0.0,0.202,0
-1.0,0.6649999999999999,1
1.0,0.6739999999999999,1
1.0,0.69,1
0.0,0.466,0
1.0,0.8069999999999999,1
1.0,0.7,1
0.0,0.48500000000000004,0
0.0,0.253,0
1.0,0.836,1
1.0,0.817,0
1.0,0.534,0
1.0,0.703,1
1.0,0.716,0
0.0,0.325,0
1.0,0.69,1
1.0,0.982,1
-1.0,0.859,1
1.0,0.7,1
0.0,0.48200000000000004,0
0.0,0.378,0
0.0,0.446,0
1.0,0.912,1
-1.0,0.875,1
0.0,0.403,0
-1.0,0.898,1
0.0,0.41500000000000004,0
1.0,0.6579999999999999,0
1.0,1.554,1
0.0,0.279,0
1.0,0.852,1
0.0,0.457,0
1.0,0.8099999999999999,1
1.0,0.722,1
0.0,0.41800000000000004,0
0.0,0.49500000000000005,0
1.0,0.96,1
1.0,0.626,1
1.0,0.737,1
1.0,0.754,1
1.0,0.755,1
1.0,1.1800000000000002,0
1.0,0.689,1
0.0,0.36600000000000005,0
1.0,0.818,1
1.0,0.826,1
1.0,0.623,1
-1.0,0.528,0
-1.0,0.567,0
1.0,1.2910000000000001,1
1.0,0.871,1
1.0,0.524,0
1.0,1.043,1
-1.0,0.693,1
0.0,0.295,0
-1.0,0.613,0
1.0,0.751,1
1.0,0.7989999999999999,0
0.0,0.279,0
1.0,0.711,1
-1.0,0.969,1
-1.0,1.223,1
1.0,0.69,1
-1.0,0.691,0
0.0,0.316,0
0.0,0.459,0
0.0,0.325,0
0.0,0.273,0
-1.0,1.057,1
-1.0,0.824,1
1.0,0.963,1
0.0,0.315,0
1.0,0.783,1
1.0,1.0350000000000001,0
1.0,0.606,0
0.0,0.331,0
1.0,0.746,1
-1.0,0.873,1
-1.0,0.603,0
1.0,1.123,1
0.0,0.509,0
0.0,0.173,0
-1.0,0.656,1
1.0,0.728,1
1.0,0.702,1
1.0,0.893,1
1.0,0.6799999999999999,1
-1.0,0.9209999999999999,1
0.0,0.336,0
1.0,0.639,0
1.0,0.724,0
0.0,0.49300000000000005,0
0.0,0.48500000000000004,0
1.0,0.714,0
1.0,0.886,1
0.0,0.20700000000000002,0
0.0,0.439,0
1.0,0.839,1
0.0,0.42600000000000005,0
-1.0,0.6839999999999999,1
1.0,0.616,0
1.0,0.7919999999999999,1
-1.0,0.5609999999999999,0
1.0,0.693,1
1.0,0.652,1
0.0,0.321,0
0.0,0.501,0
0.0,0.342,0
0.0,0.515,0
1.0,0.526,0
0.0,0.36500000000000005,0
0.0,0.298,0
1.0,0.637,0
1.0,0.9249999999999999,1
1.0,0.8069999999999999,1
1.0,0.821,1
0.0,0.394,0
1.0,0.874,1
-1.0,0.5599999999999999,0
1.0,0.6709999999999999,1
0.0,0.383,0
1.0,0.768,1
1.0,0.7859999999999999,1
1.0,0.826,1
1.0,0.6589999999999999,1
0.0,0.47500000000000003,0
1.0,0.555,0
1.0,0.595,0
1.0,1.0050000000000001,0
-1.0,0.6779999999999999,0
0.0,0.52,0
0.0,0.342,0
1.0,0.771,1
-1.0,0.7,0
0.0,0.47200000000000003,0
-1.0,0.545,0
-1.0,0.555,0
1.0,0.6609999999999999,1
-1.0,0.697,0
0.0,0.321,0
-1.0,0.639,0
0.0,0.498,0
-1.0,0.715,1
0.0,0.42800000000000005,0
1.0,0.954,0
0.0,0.296,0
1.0,0.883,0
1.0,0.607,0
1.0,0.9189999999999999,0
0.0,0.43000000000000005,0
0.0,0.336,0
-1.0,0.6739999999999999,0
-1.0,0.553,0
1.0,0.641,0
0.0,0.49300000000000005,0
0.0,0.325,0
1.0,1.068,1
0.0,0.22599999999999998,0
0.0,0.466,0
-1.0,0.731,0
-1.0,1.032,1
-1.0,0.974,0
-1.0,0.7979999999999999,0
0.0,0.241,0
1.0,0.625,0
-1.0,0.535,0
0.0,0.443,0
0.0,0.504,0
-1.0,1.1480000000000001,1
0.0,0.45,0
1.0,0.9289999999999999,1
0.0,0.405,0
1.0,0.6679999999999999,1
1.0,0.849,1
1.0,1.03,1
1.0,0.749,1
1.0,0.6569999999999999,1
0.0,0.498,0
1.0,0.656,1
1.0,0.888,1
1.0,0.608,0
0.0,0.518,0
0.0,0.199,0
1.0,0.738,1
1.0,0.893,1
0.0,0.278,0
1.0,0.947,0
-1.0,0.695,1
1.0,0.655,1
-1.0,0.905,1
1.0,0.713,1
1.0,0.693,1
1.0,1.113,1
-1.0,0.688,1
1.0,0.954,1
0.0,0.462,0
0.0,0.21600000000000003,0
-1.0,0.893,1
1.0,0.6649999999999999,1
1.0,0.654,1
1.0,0.694,1
0.0,0.379,0
1.0,0.953,1
-1.0,0.737,1
1.0,0.758,1
1.0,0.7979999999999999,1
0.0,0.279,0
-1.0,0.6729999999999999,0
-1.0,0.607,0
0.0,0.401,0
1.0,0.6569999999999999,1
1.0,0.688,1
1.0,0.6609999999999999,1
0.0,0.48500000000000004,0
0.0,0.396,0
-1.0,0.642,0
0.0,0.49200000000000005,0
-1.0,0.868,1
1.0,0.637,1
1.0,1.306,1
0.0,0.501,0
0.0,0.36800000000000005,0
0.0,0.404,0
-1.0,0.61,0
0.0,0.392,0
1.0,0.768,1
-1.0,0.974,1
0.0,0.48000000000000004,0
0.0,0.41500000000000004,0
1.0,0.6809999999999999,1
1.0,0.972,1
1.0,0.594,0
0.0,0.242,0
1.0,0.759,0
0.0,0.46,0
1.0,0.72,1
-1.0,0.598,0
1.0,0.716,0
-1.0,0.835,1
-1.0,0.773,1
1.0,0.78,1
0.0,0.276,0
0.0,0.174,0
-1.0,1.0050000000000001,1
0.0,0.259,0
0.0,0.34,0
1.0,0.88,1
1.0,0.941,0
-1.0,0.6819999999999999,0
1.0,0.537,0
1.0,0.6689999999999999,0
1.0,0.6759999999999999,1
0.0,0.294,0
-1.0,0.6709999999999999,1
0.0,0.304,0
1.0,0.7879999999999999,1
0.0,0.516,0
1.0,0.763,1
1.0,0.9169999999999999,1
1.0,1.0810000000000002,1
0.0,0.467,0
0.0,0.385,0
-1.0,0.628,1
1.0,0.886,1
1.0,0.896,1
0.0,0.42200000000000004,0
0.0,0.405,0
0.0,0.465,0
0.0,0.507,0
1.0,0.739,0
1.0,0.858,0
-1.0,0.566,0
0.0,0.191,0
0.0,0.404,0
1.0,0.743,1
0.0,0.255,0
0.0,0.34800000000000003,0
1.0,0.6639999999999999,1
0.0,0.307,0
0.0,0.457,0
1.0,1.053,1
-1.0,0.6719999999999999,1
0.0,0.452,0
0.0,0.49300000000000005,0
1.0,0.834,1
1.0,0.769,1
1.0,0.99,1
1.0,0.729,0
-1.0,0.586,0
-1.0,0.59,0
0.0,0.258,0
-1.0,0.548,0
0.0,0.22799999999999998,0
-1.0,0.571,0
1.0,0.8029999999999999,1
0.0,0.299,0
1.0,0.851,0
0.0,0.5,0
1.0,0.745,0
1.0,0.74,1
1.0,0.72,1
0.0,0.23099999999999998,0
1.0,0.626,1
0.0,0.402,0
1.0,0.6599999999999999,1
1.0,0.77,1
-1.0,1.002,1
1.0,0.588,0
0.0,0.389,0
1.0,0.867,1
0.0,0.277,0
0.0,0.509,0
0.0,0.281,0
1.0,0.728,0
1.0,1.032,0
1.0,0.959,1
0.0,0.463,0
-1.0,1.059,1
-1.0,0.527,0
-1.0,0.74,1
1.0,0.6719999999999999,1
-1.0,0.6569999999999999,1
0.0,0.42800000000000005,0
0.0,0.264,0
0.0,0.48400000000000004,0
1.0,0.6719999999999999,1
-1.0,0.696,0
-1.0,0.73,1
1.0,0.563,0
1.0,0.637,1
1.0,0.772,1
1.0,0.622,0
1.0,0.65,1
-1.0,0.63,0
0.0,0.303,0
1.0,0.8019999999999999,1
1.0,0.748,1
1.0,0.652,1
1.0,1.4860000000000002,1
1.0,0.895,0
1.0,0.6819999999999999,0
0.0,0.404,0
0.0,0.506,0
1.0,0.747,1
1.0,0.828,1
-1.0,0.704,1
1.0,0.639,1
-1.0,0.757,1
1.0,1.1940000000000002,1
1.0,0.947,1
0.0,0.305,0
-1.0,0.522,0
0.0,0.22799999999999998,0
-1.0,0.846,0
0.0,0.341,0
1.0,1.03,1
0.0,0.49600000000000005,0
1.0,0.742,1
0.0,0.372,0
-1.0,0.6579999999999999,0
0.0,0.334,0
1.0,0.651,0
1.0,0.617,0
1.0,0.846,1
1.0,0.629,0
0.0,0.517,0
-1.0,0.9329999999999999,1
0.0,0.376,0
1.0,0.759,1
1.0,0.978,1
0.0,0.465,0
1.0,0.714,0
0.0,0.308,0
1.0,0.581,0
0.0,0.47600000000000003,0
-1.0,0.742,1
1.0,0.577,0
1.0,0.828,1
1.0,0.7929999999999999,1
-1.0,0.692,1
1.0,0.643,1
1.0,0.815,1
0.0,0.35300000000000004,0
-1.0,0.946,1
-1.0,0.894,1
1.0,1.145,1
-1.0,0.754,1
1.0,0.946,1
1.0,1.0130000000000001,1
0.0,0.433,0
-1.0,0.825,1
1.0,0.814,1
0.0,0.467,0
0.0,0.49300000000000005,0
1.0,0.856,1
-1.0,0.613,0
-1.0,0.873,0
1.0,0.602,0
1.0,0.851,1
0.0,0.236,0
1.0,0.631,1
0.0,0.338,0
-1.0,0.984,0
1.0,0.851,1
-1.0,0.6589999999999999,1
-1.0,0.722,1
1.0,0.8009999999999999,1
0.0,0.499,0
0.0,0.304,0
1.0,0.726,1
-1.0,0.605,0
0.0,0.501,0
1.0,0.716,1
1.0,0.696,0
1.0,0.9259999999999999,1
1.0,0.8029999999999999,1
-1.0,0.717,1
1.0,0.749,1
-1.0,0.8099999999999999,1
1.0,0.6829999999999999,1
-1.0,0.987,1
0.0,1.578,1
-1.0,0.524,0
0.0,0.43100000000000005,0
1.0,0.717,0
1.0,0.743,0
0.0,0.374,0
-1.0,0.733,1
0.0,1.578,1
0.0,0.42900000000000005,0
0.0,0.454,0
0.0,0.28200000000000003,0
1.0,0.91,1
1.0,0.827,1
1.0,0.722,1
-1.0,0.8059999999999999,1
-1.0,0.816,0
1.0,0.713,1
1.0,0.608,0
1.0,0.774,1
0.0,0.388,0
0.0,0.35200000000000004,0
-1.0,0.82,1
0.0,0.338,0
0.0,0.262,0
1.0,0.731,0
-1.0,0.603,0
-1.0,0.549,0
-1.0,0.641,1
1.0,0.816,1
-1.0,0.776,1
-1.0,0.582,0
-1.0,0.584,0
0.0,0.33,0
1.0,0.6679999999999999,1
1.0,0.76,1
1.0,0.6739999999999999,1
1.0,0.9229999999999999,1
-1.0,0.872,1
1.0,0.633,1
0.0,0.23399999999999999,0
1.0,1.0210000000000001,1
1.0,0.783,0
0.0,0.43000000000000005,0
1.0,0.699,1
1.0,0.73,1
-1.0,0.6589999999999999,1
-1.0,0.6609999999999999,1
-1.0,0.651,1
0.0,0.343,0
1.0,0.819,0
-1.0,0.727,1
-1.0,0.644,1
1.0,0.629,1
0.0,0.278,0
0.0,0.52,0
1.0,0.71,1
1.0,1.082,1
-1.0,0.83,1
1.0,0.9279999999999999,1
-1.0,0.6849999999999999,0
-1.0,0.534,0
1.0,0.647,1
1.0,0.883,1
1.0,1.06,1
0.0,0.41100000000000003,0
0.0,0.36100000000000004,0
-1.0,1.057,1
1.0,0.628,0
1.0,1.0890000000000002,1
1.0,0.819,1
-1.0,0.821,1
-1.0,0.617,0
0.0,0.377,0
1.0,0.6649999999999999,1
-1.0,0.977,1
-1.0,0.7839999999999999,1
1.0,0.726,1
0.0,0.35500000000000004,0
-1.0,0.864,1
-1.0,0.6639999999999999,1
0.0,0.48700000000000004,0
0.0,0.498,0
1.0,0.7849999999999999,1
1.0,0.863,0
1.0,0.637,0
1.0,0.6589999999999999,1
1.0,1.074,1
1.0,0.535,0
1.0,0.817,1
0.0,0.48600000000000004,0
1.0,0.738,1
0.0,0.327,0
0.0,0.41800000000000004,0
0.0,0.404,0
1.0,0.866,1
0.0,0.41900000000000004,0
1.0,0.7969999999999999,1
0.0,0.299,0
-1.0,0.9219999999999999,1
1.0,0.7889999999999999,1
1.0,0.612,0
-1.0,0.753,0
-1.0,0.652,1
-1.0,0.705,1
0.0,0.443,0
0.0,0.47900000000000004,0
1.0,0.59,0
0.0,0.272,0
0.0,0.291,0
1.0,0.6799999999999999,1
0.0,0.276,0
-1.0,0.5619999999999999,0
1.0,0.704,1
-1.0,0.773,1
1.0,0.769,1
0.0,0.391,0
1.0,0.822,0
0.0,0.47700000000000004,0
-1.0,0.53,0
0.0,0.48300000000000004,0
0.0,0.48300000000000004,0
1.0,0.654,1
1.0,0.723,1
1.0,0.6769999999999999,1
1.0,0.648,1
1.0,0.903,0
0.0,0.466,0
1.0,0.573,0
0.0,0.322,0
1.0,0.6599999999999999,1
0.0,0.392,0
-1.0,0.736,1
0.0,0.36100000000000004,0
1.0,0.836,1
1.0,0.896,1
1.0,0.7929999999999999,1
0.0,0.251,0
-1.0,0.713,1
1.0,0.78,1
1.0,0.75,0
-1.0,0.75,1
0.0,0.21600000000000003,0
-1.0,0.77,0
0.0,0.47900000000000004,0
1.0,1.094,1
-1.0,0.556,0
0.0,0.49300000000000005,0
0.0,0.36600000000000005,0
1.0,0.838,1
1.0,0.6629999999999999,1
0.0,0.33,0
1.0,0.6739999999999999,1
1.0,0.704,1
0.0,0.35600000000000004,0
1.0,0.643,1
0.0,0.246,0
1.0,1.09,1
1.0,0.732,1
0.0,0.257,0
1.0,0.53,0
1.0,0.535,0
0.0,0.329,0
1.0,0.909,1
-1.0,0.707,1
0.0,0.311,0
1.0,0.755,1
-1.0,0.749,0
-1.0,0.983,1
1.0,0.759,1
-1.0,0.646,0
0.0,0.251,0
-1.0,0.715,1
1.0,0.698,1
0.0,0.302,0
-1.0,1.006,0
-1.0,0.586,0
0.0,0.241,0
1.0,0.569,0
-1.0,0.6869999999999999,1
-1.0,0.7839999999999999,0
-1.0,0.874,0
-1.0,0.6599999999999999,1
1.0,0.814,0
1.0,0.703,1
0.0,0.34900000000000003,0
1.0,0.637,0
0.0,0.23199999999999998,0
-1.0,0.747,0
-1.0,0.559,0
-1.0,0.596,0
1.0,0.733,1
-1.0,0.532,0
-1.0,0.766,0
-1.0,0.891,1
0.0,0.383,0
1.0,0.598,0
1.0,0.772,1
-1.0,0.589,0
0.0,0.36100000000000004,0
-1.0,0.603,0
1.0,0.705,1
1.0,0.654,1
1.0,0.592,0
1.0,0.7909999999999999,1
0.0,0.503,0
1.0,0.861,1
1.0,0.636,0
-1.0,0.821,1
1.0,0.6779999999999999,1
0.0,0.255,0
1.0,0.6599999999999999,1
1.0,0.71,1
-1.0,0.537,0
1.0,0.7889999999999999,1
1.0,0.636,1
1.0,0.86,1
0.0,0.22799999999999998,0
1.0,1.059,1
0.0,0.203,0
1.0,0.708,1
1.0,0.741,1
-1.0,0.721,1
1.0,0.575,0
1.0,0.6709999999999999,1
0.0,0.315,0
0.0,0.22899999999999998,0
0.0,0.52,0
-1.0,1.0010000000000001,0
0.0,0.22000000000000003,0
1.0,0.733,1
0.0,0.22400000000000003,0
-1.0,0.724,0
0.0,0.198,0
1.0,0.6579999999999999,0
1.0,0.627,1
-1.0,0.575,0
0.0,0.441,0
-1.0,0.861,1
0.0,0.305,0
0.0,0.28500000000000003,0
-1.0,0.699,1
0.0,0.24,0
1.0,1.063,1
-1.0,0.544,0
1.0,0.708,0
0.0,0.22499999999999998,0
1.0,0.945,1
1.0,0.842,1
-1.0,0.891,1
1.0,1.0090000000000001,1
0.0,0.379,0
-1.0,0.733,1
1.0,0.709,1
0.0,0.41100000000000003,0
0.0,0.341,0
0.0,0.41700000000000004,0
0.0,0.49400000000000005,0
0.0,0.36600000000000005,0
1.0,0.824,1
0.0,0.4,0
0.0,0.22000000000000003,0
-1.0,0.6589999999999999,0
-1.0,0.871,1
1.0,0.776,1
0.0,0.247,0
1.0,0.639,1
-1.0,0.835,1
1.0,0.745,1
0.0,0.395,0
1.0,0.728,0
1.0,0.717,1
0.0,0.49000000000000005,0
0.0,0.385,0
1.0,0.73,1
0.0,0.21000000000000002,0
1.0,0.585,0
-1.0,0.716,1
1.0,0.817,1
-1.0,1.0830000000000002,1
1.0,1.169,0
0.0,0.22000000000000003,0
-1.0,0.745,1
0.0,0.266,0
-1.0,0.753,1
-1.0,0.6719999999999999,1
1.0,0.971,1
1.0,0.6729999999999999,1
-1.0,0.771,1
1.0,0.652,0
-1.0,0.6589999999999999,1
0.0,0.455,0
-1.0,0.531,0
1.0,0.6779999999999999,1
1.0,0.689,1
-1.0,0.7989999999999999,1
1.0,0.846,1
1.0,0.8109999999999999,1
0.0,0.254,0
0.0,0.35200000000000004,0
1.0,0.722,1
1.0,0.6849999999999999,1
0.0,0.406,0
1.0,0.551,0
1.0,0.713,0
1.0,0.65,1
-1.0,0.566,0
1.0,0.571,0
1.0,0.858,1
-1.0,0.8079999999999999,1
1.0,0.778,1
-1.0,0.603,0
1.0,0.751,0
-1.0,0.862,1
0.0,0.383,0
-1.0,0.826,0
0.0,0.453,0
1.0,0.649,1
0.0,0.40900000000000003,0
1.0,0.734,0
1.0,0.719,1
-1.0,0.74,0
1.0,0.6759999999999999,1
1.0,0.6779999999999999,0
1.0,0.697,0
1.0,0.88,1
1.0,0.54,0
1.0,0.699,0
0.0,0.48000000000000004,0
1.0,0.576,0
1.0,0.74,1
1.0,0.77,1
1.0,0.701,1
1.0,0.6609999999999999,1
1.0,1.113,1
-1.0,0.611,0
1.0,0.717,1
-1.0,0.572,0
0.0,0.397,0
1.0,1.1800000000000002,1
-1.0,1.203,1
1.0,0.87,1
-1.0,0.527,0
-1.0,0.727,1
1.0,0.8099999999999999,1
0.0,0.48600000000000004,0
-1.0,0.9359999999999999,1
1.0,0.889,1
1.0,0.972,0
1.0,0.601,0
0.0,0.304,0
-1.0,0.863,1
-1.0,0.6699999999999999,1
1.0,0.974,1
0.0,0.41000000000000003,0
0.0,0.40900000000000003,0
-1.0,0.707,1
0.0,0.5,0
0.0,0.433,0
1.0,0.845,1
1.0,0.746,1
-1.0,0.6869999999999999,1
1.0,0.885,1
0.0,0.42600000000000005,0
1.0,0.948,1
1.0,1.2650000000000001,0
-1.0,0.776,0
1.0,0.8109999999999999,1
1.0,0.9179999999999999,1
0.0,0.443,0
0.0,0.379,0
1.0,0.745,1
-1.0,0.75,0
0.0,0.36700000000000005,0
-1.0,0.599,0
1.0,0.524,0
-1.0,0.697,1
1.0,0.632,0
-1.0,0.715,1
-1.0,0.698,0
1.0,0.87,1
0.0,0.36100000000000004,0
1.0,0.699,1
0.0,0.293,0
1.0,0.692,1
1.0,0.999,1
-1.0,1.2020000000000002,1
0.0,0.436,0
1.0,0.617,0
1.0,0.6639999999999999,1
0.0,0.277,0
1.0,0.745,1
0.0,0.41800000000000004,0
1.0,0.869,1
-1.0,1.1300000000000001,1
0.0,0.332,0
1.0,0.834,0
1.0,0.6779999999999999,1
1.0,0.902,1
0.0,0.454,0
1.0,0.747,0
-1.0,0.623,0
0.0,0.203,0
0.0,0.34700000000000003,0
0.0,1.578,1
0.0,0.441,0
-1.0,1.2080000000000002,1
0.0,0.395,0
1.0,0.9319999999999999,1
0.0,0.509,0
0.0,0.326,0
1.0,0.6859999999999999,1
0.0,0.21100000000000002,0
0.0,0.47000000000000003,0
1.0,0.535,0
1.0,0.7979999999999999,0
0.0,0.401,0
-1.0,0.716,0
1.0,0.691,1
0.0,0.466,0
1.0,0.655,1
1.0,0.6599999999999999,1
-1.0,0.603,0
1.0,0.691,1
-1.0,0.587,0
0.0,0.266,0
0.0,0.48300000000000004,0
1.0,0.8019999999999999,1
1.0,0.6669999999999999,1
1.0,0.78,1
0.0,0.381,0
0.0,0.34900000000000003,0
1.0,0.596,0
-1.0,0.694,0
0.0,0.381,0
1.0,1.0890000000000002,1
1.0,0.713,1
1.0,0.591,0
1.0,0.814,1
0.0,0.377,0
-1.0,0.73,1
1.0,0.638,1
1.0,0.573,0
0.0,0.437,0
1.0,0.741,0
0.0,0.41000000000000003,0
1.0,0.722,0
1.0,0.6729999999999999,1
1.0,0.6789999999999999,0
0.0,0.393,0
0.0,0.42600000000000005,0
0.0,0.296,0
1.0,0.859,1
1.0,0.826,1
0.0,0.35700000000000004,0
0.0,0.383,0
1.0,0.654,1
1.0,0.757,1
0.0,0.336,0
1.0,0.705,0
1.0,0.632,0
1.0,0.565,0
-1.0,0.621,0
1.0,0.574,0
-1.0,0.735,1
-1.0,0.585,0
-1.0,0.91,1
1.0,0.761,0
1.0,0.6589999999999999,1
0.0,0.304,0
1.0,0.712,1
0.0,0.342,0
0.0,0.22300000000000003,0
1.0,0.636,0
0.0,0.191,0
0.0,0.37,0
1.0,0.6679999999999999,1
1.0,0.633,1
0.0,0.22899999999999998,0
0.0,0.268,0
1.0,0.604,0
-1.0,0.896,1
0.0,0.453,0
0.0,0.258,0
1.0,0.6579999999999999,1
0.0,0.191,0
-1.0,0.709,1
0.0,0.339,0
1.0,0.6719999999999999,1
0.0,0.384,0
-1.0,0.734,1
1.0,1.059,1
1.0,0.6689999999999999,0
1.0,1.0130000000000001,1
0.0,0.40800000000000003,0
1.0,0.6849999999999999,0
1.0,0.728,1
-1.0,0.745,1
1.0,0.872,0
1.0,0.722,1
1.0,0.858,1
1.0,0.908,1
0.0,0.49200000000000005,0
0.0,0.259,0
1.0,1.068,0
0.0,0.374,0
1.0,0.639,0
1.0,0.733,1
1.0,0.6689999999999999,1
0.0,0.342,0
0.0,0.52,0
0.0,0.36400000000000005,0
-1.0,0.558,0
-1.0,0.91,1
1.0,0.584,0
0.0,0.449,0
0.0,0.252,0
1.0,0.6869999999999999,1
0.0,0.254,0
0.0,0.392,0
1.0,0.6789999999999999,1
1.0,0.698,1
1.0,1.3050000000000002,1
1.0,0.8049999999999999,1
1.0,0.6639999999999999,1
1.0,0.591,0
-1.0,0.727,1
-1.0,0.744,1
0.0,0.28600000000000003,0
-1.0,0.767,1
0.0,0.377,0
-1.0,0.83,1
0.0,0.36700000000000005,0
0.0,0.445,0
-1.0,0.6689999999999999,1
0.0,0.459,0
0.0,0.42500000000000004,0
0.0,0.20400000000000001,0
-1.0,0.747,1
-1.0,0.8019999999999999,1
0.0,0.333,0
1.0,0.6749999999999999,1
1.0,0.609,0
1.0,0.7959999999999999,1
-1.0,0.568,0
0.0,0.31,0
1.0,0.907,0
1.0,0.697,1
1.0,1.073,1
0.0,0.41900000000000004,0
1.0,1.04,0
1.0,1.2200000000000002,0
1.0,0.9369999999999999,1
1.0,0.8089999999999999,1
1.0,0.6649999999999999,1
1.0,0.6779999999999999,1
1.0,0.6829999999999999,0
1.0,0.73,1
1.0,0.8039999999999999,1
-1.0,0.688,0
1.0,0.692,1
1.0,0.6579999999999999,1
1.0,0.552,0
1.0,0.6749999999999999,0
1.0,0.716,1
1.0,0.867,1
1.0,0.857,1
1.0,0.6829999999999999,1
0.0,0.309,0
0.0,0.373,0
-1.0,0.74,1
-1.0,0.55,0
1.0,0.99,1
1.0,0.719,1
0.0,0.325,0
-1.0,0.779,0
0.0,0.291,0
0.0,0.451,0
1.0,0.842,0
1.0,0.993,1
1.0,0.6639999999999999,0
0.0,0.386,0
1.0,1.2630000000000001,1
-1.0,0.896,1
0.0,0.269,0
1.0,1.1800000000000002,0
-1.0,0.723,1
-1.0,0.621,0
-1.0,0.727,1
1.0,0.823,1
1.0,0.521,0
-1.0,0.735,1
-1.0,0.9199999999999999,1
0.0,0.309,0
1.0,0.629,1
-1.0,0.689,0
0.0,0.401,0
0.0,0.49000000000000005,0
1.0,0.8089999999999999,0
-1.0,0.642,0
1.0,0.96,1
0.0,0.513,0
1.0,0.6699999999999999,1
1.0,0.875,1
-1.0,0.642,1
-1.0,0.737,1
-1.0,0.858,1
-1.0,0.538,0
0.0,0.35700000000000004,0
1.0,0.725,1
0.0,0.42900000000000005,0
1.0,0.983,1
1.0,0.839,1
-1.0,0.712,1
0.0,0.462,0
1.0,0.7899999999999999,1
-1.0,0.893,1
1.0,0.651,1
-1.0,1.25,1
1.0,0.87,1
0.0,0.35000000000000003,0
0.0,0.42300000000000004,0
1.0,0.6849999999999999,1
1.0,0.738,1
0.0,0.448,0
-1.0,0.961,1
1.0,0.64,0
-1.0,0.709,1
1.0,0.885,1
0.0,0.31,0
1.0,0.7989999999999999,1
0.0,0.315,0
0.0,0.47300000000000003,0
1.0,0.736,1
1.0,0.589,0
1.0,1.1,1
0.0,0.35100000000000003,0
-1.0,0.588,0
-1.0,1.1,1
1.0,0.624,0
0.0,0.303,0
1.0,0.95,1
0.0,0.20400000000000001,0
-1.0,0.641,1
-1.0,0.695,0
0.0,0.377,0
0.0,0.35100000000000003,0
1.0,0.874,1
1.0,0.8079999999999999,0
-1.0,0.598,0
1.0,0.82,1
1.0,0.623,1
1.0,0.6609999999999999,1
0.0,0.47600000000000003,0
0.0,0.248,0
1.0,0.6569999999999999,1
-1.0,1.193,1
1.0,0.694,1
0.0,0.498,0
1.0,0.626,0
1.0,1.058,1
1.0,0.6629999999999999,1
1.0,0.77,1
1.0,0.649,0
1.0,0.782,1
1.0,0.542,0
1.0,0.7969999999999999,1
1.0,0.852,1
0.0,0.40900000000000003,0
1.0,0.6619999999999999,1
0.0,0.48400000000000004,0
0.0,0.252,0
0.0,0.437,0
1.0,0.7849999999999999,1
0.0,0.462,0
1.0,0.645,1
1.0,1.1800000000000002,1
0.0,0.34,0
0.0,0.20700000000000002,0
0.0,0.201,0
-1.0,0.78,0
-1.0,0.6669999999999999,0
1.0,0.877,1
-1.0,0.613,0
0.0,0.36600000000000005,0
1.0,0.6809999999999999,1
1.0,1.01,1
-1.0,0.599,0
1.0,0.767,1
1.0,0.722,1
-1.0,0.773,1
1.0,0.6829999999999999,1
1.0,0.623,0
0.0,0.40800000000000003,0
1.0,0.704,1
0.0,0.20800000000000002,0
1.0,0.88,1
-1.0,0.635,0
1.0,0.706,1
0.0,0.454,0
0.0,0.44,0
-1.0,0.542,0
1.0,0.6709999999999999,1
-1.0,0.6839999999999999,1
1.0,0.732,1
1.0,0.633,1
1.0,0.886,1
1.0,1.262,1
-1.0,0.879,1
-1.0,0.6739999999999999,1
1.0,0.6609999999999999,0
1.0,0.718,1
0.0,0.443,0
1.0,0.762,1
1.0,0.557,0
0.0,0.388,0
0.0,0.40800000000000003,0
-1.0,0.868,1
0.0,0.42300000000000004,0
1.0,1.3470000000000002,1
1.0,0.6639999999999999,1
-1.0,0.906,1
1.0,0.986,1
0.0,0.21200000000000002,0
0.0,0.455,0
0.0,0.334,0
1.0,0.6569999999999999,0
0.0,0.462,0
1.0,0.832,1
1.0,0.8079999999999999,1
0.0,0.48000000000000004,0
1.0,0.6819999999999999,1
0.0,0.21500000000000002,0
1.0,0.748,1
0.0,0.38,0
-1.0,0.716,1
1.0,0.856,1
-1.0,0.6699999999999999,1
0.0,0.317,0
0.0,0.41100000000000003,0
1.0,0.642,1
0.0,0.19,0
0.0,0.338,0
-1.0,0.844,1
0.0,0.321,0
0.0,0.203,0
0.0,0.36700000000000005,0
0.0,0.36200000000000004,0
0.0,0.268,0
1.0,0.943,1
0.0,0.512,0
0.0,0.436,0
1.0,0.737,1
-1.0,0.522,0
0.0,0.197,0
-1.0,0.639,0
-1.0,0.961,1
-1.0,0.7869999999999999,1
1.0,0.906,1
0.0,0.341,0
1.0,0.719,1
-1.0,0.608,0
0.0,0.371,0
1.0,0.722,1
1.0,0.885,1
1.0,0.551,0
1.0,1.0350000000000001,1
-1.0,0.6609999999999999,1
-1.0,0.6569999999999999,1
1.0,1.0030000000000001,1
1.0,0.856,0
1.0,0.627,0
1.0,0.742,0
0.0,0.276,0
0.0,0.246,0
0.0,0.378,0
0.0,0.41300000000000003,0
-1.0,0.8109999999999999,1
0.0,0.249,0
1.0,0.712,1
1.0,0.6709999999999999,1
1.0,0.8029999999999999,1
-1.0,1.131,1
-1.0,0.896,0
1.0,0.765,1
0.0,0.34600000000000003,0
1.0,0.745,1
0.0,0.312,0
1.0,0.904,1
1.0,0.656,0
1.0,0.716,0
-1.0,0.8069999999999999,1
0.0,0.325,0
1.0,0.624,1
1.0,0.599,0
1.0,0.744,0
0.0,0.244,0
0.0,0.199,0
-1.0,0.755,1
0.0,0.326,0
0.0,0.373,0
-1.0,0.583,0
-1.0,0.69,0
1.0,0.587,0
0.0,0.337,0
0.0,0.293,0
1.0,0.6749999999999999,1
-1.0,0.873,1
0.0,0.319,0
1.0,0.836,1
0.0,0.47100000000000003,0
-1.0,0.54,0
-1.0,0.638,1
0.0,0.338,0
0.0,0.274,0
1.0,0.744,1
1.0,0.7919999999999999,1
0.0,0.327,0
0.0,0.41900000000000004,0
-1.0,0.841,1
0.0,0.16999999999999998,0
1.0,0.904,1
-1.0,0.7889999999999999,0
1.0,0.694,1
0.0,0.372,0
0.0,0.436,0
-1.0,0.868,1
0.0,0.371,0
1.0,0.7969999999999999,0
-1.0,0.993,1
1.0,0.9319999999999999,1
1.0,0.691,1
1.0,1.2710000000000001,1
1.0,0.696,1
0.0,0.271,0
-1.0,0.695,1
1.0,0.774,1
1.0,0.8119999999999999,1
1.0,0.778,0
0.0,0.338,0
0.0,0.332,0
1.0,0.862,0
1.0,0.648,1
1.0,0.653,1
1.0,0.648,1
1.0,0.991,1
0.0,0.439,0
1.0,0.637,0
1.0,0.885,1
1.0,0.618,0
0.0,0.458,0
1.0,0.548,0
1.0,0.78,1
1.0,1.118,1
1.0,0.645,0
0.0,0.48400000000000004,0
0.0,0.2,0
0.0,0.49100000000000005,0
-1.0,0.575,0
0.0,0.447,0
0.0,0.47400000000000003,0
1.0,0.872,1
1.0,0.6669999999999999,1
1.0,0.741,1
0.0,0.22400000000000003,0
1.0,0.603,0
0.0,0.321,0
0.0,0.35200000000000004,0
-1.0,0.522,0
1.0,1.2060000000000002,1
0.0,0.41500000000000004,0
-1.0,0.889,1
1.0,0.6669999999999999,1
1.0,0.732,0
1.0,0.696,1
-1.0,0.764,1
0.0,0.249,0
0.0,0.335,0
-1.0,0.723,1
1.0,0.651,1
0.0,0.28700000000000003,0
1.0,0.768,0
1.0,0.63,1
0.0,0.48900000000000005,0
-1.0,0.825,1
0.0,0.461,0
0.0,0.392,0
0.0,0.49300000000000005,0
1.0,0.727,1
1.0,0.713,1
1.0,0.559,0
1.0,0.842,1
0.0,0.325,0
0.0,0.334,0
1.0,0.826,1
0.0,0.324,0
0.0,0.277,0
-1.0,0.7969999999999999,0
-1.0,0.6869999999999999,1
1.0,0.6689999999999999,1
1.0,0.9319999999999999,1
0.0,0.37,0
-1.0,0.542,0
1.0,0.778,1
-1.0,0.651,0
0.0,0.41600000000000004,0
0.0,0.191,0
1.0,0.777,0
1.0,0.717,1
1.0,0.9,1
1.0,0.781,1
1.0,0.731,1
1.0,0.721,1
1.0,0.761,0
1.0,0.6639999999999999,1
0.0,0.399,0
1.0,0.764,1
1.0,0.9169999999999999,1
1.0,0.852,1
1.0,0.7949999999999999,1
-1.0,0.974,1
1.0,1.055,1
-1.0,0.775,1
0.0,0.465,0
-1.0,0.766,1
1.0,0.6799999999999999,1
1.0,0.7869999999999999,1
-1.0,0.6729999999999999,1
1.0,0.6859999999999999,1
1.0,0.69,1
-1.0,0.709,1
-1.0,0.977,1
0.0,0.252,0
-1.0,0.619,0
-1.0,0.524,0
0.0,0.499,0
1.0,0.597,0
1.0,0.689,1
0.0,0.48500000000000004,0
0.0,0.197,0
0.0,0.52,0
1.0,0.6649999999999999,0
0.0,0.397,0
-1.0,0.89,1
-1.0,0.699,1
0.0,0.20400000000000001,0
1.0,0.744,1
0.0,0.453,0
1.0,1.282,1
-1.0,0.728,0
1.0,0.6619999999999999,1
-1.0,0.692,1
1.0,0.884,1
-1.0,0.705,1
0.0,0.35600000000000004,0
1.0,0.764,0
1.0,0.637,0
1.0,0.9319999999999999,0
1.0,0.614,0
1.0,0.8099999999999999,1
0.0,0.437,0
1.0,0.571,0
1.0,0.695,1
-1.0,0.602,0
1.0,0.7979999999999999,1
0.0,0.47100000000000003,0
0.0,0.36000000000000004,0
1.0,1.1620000000000001,1
-1.0,0.632,1
1.0,1.0210000000000001,1
1.0,0.691,1
0.0,0.341,0
1.0,0.6699999999999999,1
-1.0,0.8079999999999999,0
1.0,0.706,1
0.0,0.21000000000000002,0
0.0,0.498,0
0.0,0.392,0
-1.0,0.739,1
1.0,0.941,1
1.0,0.905,1
0.0,0.404,0
1.0,0.6869999999999999,1
1.0,0.6829999999999999,1
1.0,0.839,1
-1.0,1.0170000000000001,1
-1.0,0.725,1
0.0,0.16,0
0.0,0.47900000000000004,0
1.0,0.844,1
0.0,0.48400000000000004,0
0.0,0.262,0
0.0,0.397,0
1.0,0.58,0
1.0,0.853,1
1.0,0.827,1
1.0,0.704,1
0.0,0.36200000000000004,0
1.0,0.634,0
1.0,0.694,0
1.0,0.53,0
0.0,0.47800000000000004,0
-1.0,0.908,1
-1.0,0.865,1
1.0,0.5599999999999999,0
1.0,0.536,0
-1.0,0.702,0
1.0,0.579,0
1.0,0.694,1
1.0,0.852,1
1.0,0.563,0
-1.0,0.729,1
1.0,0.616,0
1.0,0.721,1
0.0,0.36300000000000004,0
1.0,0.987,0
1.0,0.986,0
-1.0,0.94,1
0.0,0.35400000000000004,0
0.0,0.439,0
0.0,0.32,0
-1.0,0.589,0
1.0,0.75,1
0.0,0.295,0
0.0,1.578,1
1.0,0.834,1
0.0,0.507,0
-1.0,0.572,0
1.0,0.573,0
0.0,0.438,0
1.0,0.962,1
0.0,0.43000000000000005,0
1.0,0.776,1
0.0,0.35900000000000004,0
1.0,0.6719999999999999,0
-1.0,0.615,0
1.0,0.6799999999999999,1
0.0,0.49100000000000005,0
-1.0,1.051,0
-1.0,0.6609999999999999,0
1.0,0.711,0
0.0,0.381,0
1.0,0.732,0
-1.0,0.757,0
1.0,0.853,1
1.0,0.592,0
1.0,1.063,1
0.0,0.437,0
-1.0,0.987,1
1.0,0.738,1
1.0,1.2240000000000002,1
1.0,0.6769999999999999,1
-1.0,0.8079999999999999,0
0.0,0.197,0
0.0,0.321,0
0.0,0.462,0
1.0,0.942,1
-1.0,0.6849999999999999,0
-1.0,0.841,0
0.0,0.294,0
0.0,0.306,0
-1.0,0.813,1
1.0,0.568,0
0.0,0.339,0
1.0,0.72,0
-1.0,0.8049999999999999,1
-1.0,0.701,0
1.0,0.624,0
-1.0,1.006,1
1.0,0.7919999999999999,1
0.0,0.36500000000000005,0
1.0,0.6849999999999999,1
0.0,0.42500000000000004,0
0.0,0.199,0
1.0,0.7899999999999999,0
0.0,0.292,0
0.0,0.298,0
1.0,0.699,1
1.0,0.71,1
1.0,1.2200000000000002,1
-1.0,0.544,0
1.0,0.882,0
1.0,0.636,1
0.0,0.41300000000000003,0
1.0,0.724,1
1.0,1.055,0
1.0,0.6779999999999999,1
1.0,0.721,0
1.0,1.1980000000000002,1
0.0,0.33,0
1.0,0.751,1
-1.0,0.594,0
0.0,0.29,0
0.0,0.34,0
1.0,0.6819999999999999,1
1.0,1.075,1
0.0,0.447,0
1.0,0.544,0
1.0,0.707,0
1.0,0.839,1
0.0,0.34,0
0.0,0.36200000000000004,0
-1.0,0.646,0
0.0,0.42900000000000005,0
-1.0,0.557,0
0.0,0.36000000000000004,0
1.0,0.6669999999999999,0
0.0,0.375,0
-1.0,0.6729999999999999,0
1.0,1.306,0
-1.0,0.65,1
0.0,0.395,0
1.0,0.702,1
1.0,0.905,1
1.0,0.6809999999999999,1
-1.0,0.606,0
0.0,0.313,0
0.0,0.509,0
0.0,0.38,0
1.0,0.6689999999999999,1
-1.0,0.694,1
1.0,0.533,0
0.0,0.465,0
-1.0,0.6709999999999999,1
1.0,0.526,0
1.0,0.7969999999999999,0
1.0,0.96,1
1.0,1.1320000000000001,1
1.0,0.757,1
1.0,0.622,1
0.0,0.274,0
-1.0,0.83,1
0.0,0.514,0
1.0,0.9309999999999999,1
-1.0,0.626,0
0.0,0.41500000000000004,0
1.0,0.555,0
-1.0,0.9309999999999999,0
1.0,0.551,0
1.0,1.076,1
-1.0,0.594,0
1.0,0.7,1
1.0,0.781,1
1.0,0.8009999999999999,1
0.0,0.303,0
1.0,1.258,1
1.0,0.639,0
-1.0,1.2930000000000001,1
0.0,0.395,0
0.0,0.376,0
0.0,0.189,0
1.0,1.5390000000000001,1
1.0,0.717,1
1.0,1.0910000000000002,0
-1.0,0.6629999999999999,1
1.0,0.733,1
1.0,0.87,1
-1.0,0.743,1
1.0,0.758,1
-1.0,0.9139999999999999,1
0.0,0.276,0
1.0,0.756,1
1.0,0.61,0
0.0,0.245,0
1.0,0.6749999999999999,0
1.0,0.85,1
0.0,0.42300000000000004,0
1.0,0.821,1
1.0,0.744,1
1.0,0.702,1
0.0,0.42600000000000005,0
0.0,0.514,0
0.0,0.41800000000000004,0
0.0,0.34700000000000003,0
-1.0,0.83,1
0.0,0.314,0
-1.0,0.82,1
-1.0,0.996,1
1.0,0.6679999999999999,1
1.0,0.758,1
0.0,0.49400000000000005,0
1.0,0.575,0
-1.0,0.827,0
0.0,0.336,0
1.0,0.718,1
1.0,0.527,0
1.0,0.828,1
1.0,0.843,1
1.0,0.9179999999999999,1
0.0,0.40800000000000003,0
-1.0,0.6839999999999999,1
-1.0,0.639,0
1.0,0.716,1
-1.0,1.114,1
1.0,0.711,1
1.0,0.961,1
0.0,0.442,0
-1.0,0.9159999999999999,1
0.0,0.442,0
0.0,0.43100000000000005,0
0.0,0.446,0
1.0,0.71,0
1.0,0.987,1
1.0,0.533,0
-1.0,0.737,1
1.0,0.816,1
1.0,0.595,0
1.0,0.6719999999999999,1
0.0,0.27,0
1.0,0.834,0
-1.0,0.594,0
1.0,0.707,0
0.0,0.326,0
1.0,0.656,1
-1.0,1.231,0
-1.0,0.9,1
0.0,0.27,0
0.0,0.28600000000000003,0
-1.0,1.0,1
-1.0,0.889,0
1.0,0.9189999999999999,1
1.0,0.855,0
1.0,1.231,1
1.0,0.739,1
1.0,1.32,1
1.0,0.73,1
-1.0,0.6,0
-1.0,0.641,1
1.0,0.57,0
0.0,0.389,0
-1.0,0.746,1
1.0,0.984,1
-1.0,0.762,1
1.0,1.122,1
1.0,0.692,1
1.0,0.848,1
-1.0,1.061,1
-1.0,0.872,1
1.0,0.891,1
1.0,0.736,1
1.0,0.604,0
0.0,0.325,0
-1.0,0.994,1
0.0,0.34700000000000003,0
0.0,0.35200000000000004,0
1.0,0.908,0
1.0,0.7,1
1.0,0.98,0
0.0,0.48800000000000004,0
0.0,0.401,0
0.0,0.268,0
-1.0,0.579,0
1.0,1.326,1
0.0,0.35200000000000004,0
1.0,0.8099999999999999,1
1.0,0.631,0
-1.0,0.698,1
1.0,0.7869999999999999,1
1.0,0.618,0
1.0,0.817,1
0.0,0.187,0
0.0,0.503,0
-1.0,0.835,0
-1.0,0.73,1
0.0,0.33,0
1.0,0.653,1
1.0,0.9309999999999999,1
1.0,0.705,1
1.0,0.741,1
0.0,0.515,0
-1.0,0.778,1
1.0,0.839,0
1.0,0.717,1
-1.0,0.777,1
0.0,0.369,0
-1.0,0.716,1
0.0,0.314,0
0.0,0.393,0
1.0,0.8049999999999999,1
1.0,0.637,1
0.0,0.332,0
1.0,0.766,1
-1.0,0.7939999999999999,1
-1.0,0.845,1
-1.0,0.731,1
1.0,0.753,1
-1.0,0.6749999999999999,1
1.0,0.898,1
1.0,0.626,0
1.0,1.0130000000000001,1
1.0,0.6869999999999999,1
0.0,0.48000000000000004,0
0.0,0.434,0
0.0,0.41000000000000003,0
1.0,0.89,0
0.0,0.466,0
1.0,0.703,1
1.0,0.567,0
0.0,0.442,0
1.0,0.969,0
0.0,0.371,0
1.0,0.6819999999999999,1
0.0,0.386,0
1.0,0.63,1
0.0,0.41000000000000003,0
-1.0,0.6869999999999999,1
-1.0,1.07,1
0.0,0.21400000000000002,0
1.0,1.116,1
0.0,1.578,1
1.0,0.722,0
1.0,0.722,0
1.0,0.6869999999999999,1
1.0,0.836,1
1.0,0.906,1
1.0,0.833,1
-1.0,0.614,0
1.0,1.053,0
0.0,0.268,0
0.0,0.401,0
1.0,0.689,1
-1.0,0.895,1
-1.0,0.773,1
0.0,0.21300000000000002,0
1.0,0.643,0
0.0,0.454,0
1.0,0.965,1
1.0,0.815,1
0.0,0.515,0
1.0,0.705,1
1.0,0.571,0
0.0,0.508,0
1.0,0.85,1
0.0,0.48700000000000004,0
0.0,0.48300000000000004,0
1.0,0.881,1
-1.0,1.026,1
-1.0,0.828,1
1.0,0.608,0
1.0,0.7909999999999999,1
0.0,0.296,0
-1.0,0.64,1
-1.0,0.619,0
0.0,0.44,0
-1.0,0.724,1
0.0,0.398,0
0.0,0.42400000000000004,0
0.0,0.49600000000000005,0
1.0,0.874,1
1.0,0.589,0
1.0,0.9219999999999999,1
1.0,0.872,1
-1.0,1.576,1
1.0,1.078,1
1.0,0.7969999999999999,1
1.0,0.705,1
1.0,0.708,1
1.0,0.761,1
0.0,0.34,0
0.0,0.462,0
1.0,0.729,1
-1.0,0.688,1
1.0,0.74,1
1.0,0.606,0
-1.0,0.952,1
0.0,0.499,0
0.0,0.34600000000000003,0
1.0,0.639,0
1.0,0.6819999999999999,0
1.0,0.906,1
1.0,0.695,1
1.0,0.776,1
1.0,0.824,0
1.0,1.417,1
1.0,0.999,1
0.0,0.319,0
1.0,0.76,1
0.0,0.48000000000000004,0
1.0,0.745,0
1.0,0.61,0
-1.0,0.8079999999999999,1
-1.0,0.6629999999999999,1
1.0,0.632,1
0.0,0.28500000000000003,0
1.0,0.9169999999999999,0
0.0,0.317,0
1.0,0.6669999999999999,1
-1.0,0.759,1
1.0,0.6779999999999999,0
-1.0,0.747,0
0.0,0.14300000000000002,0
0.0,0.449,0
-1.0,0.625,0
1.0,0.547,0
1.0,0.718,1
0.0,0.393,0
1.0,0.732,1
1.0,0.585,0
0.0,0.385,0
-1.0,0.637,1
0.0,0.238,0
0.0,0.331,0
-1.0,0.829,1
0.0,0.376,0
0.0,0.437,0
0.0,0.514,0
-1.0,0.9139999999999999,1
-1.0,0.576,0
1.0,0.589,0
-1.0,0.7849999999999999,0
0.0,0.21000000000000002,0
0.0,0.237,0
1.0,0.6729999999999999,1
1.0,0.7859999999999999,1
0.0,0.451,0
1.0,0.745,1
1.0,0.758,1
1.0,0.754,1
1.0,1.105,1
1.0,0.727,1
-1.0,1.0810000000000002,1
0.0,0.29,0
0.0,0.166,0
1.0,0.781,1
1.0,0.6739999999999999,1
1.0,0.752,1
1.0,0.653,1
1.0,0.755,0
1.0,0.826,1
1.0,0.624,0
0.0,0.37,0
0.0,0.241,0
1.0,0.8119999999999999,1
-1.0,0.706,1
1.0,0.697,1
0.0,0.394,0
1.0,0.845,0
1.0,0.6569999999999999,1
-1.0,0.629,0
1.0,0.6869999999999999,1
1.0,0.761,1
1.0,0.778,1
1.0,0.641,0
0.0,0.40900000000000003,0
1.0,0.877,1
-1.0,0.833,0
1.0,1.046,1
1.0,0.564,0
0.0,0.295,0
1.0,0.688,1
0.0,0.267,0
0.0,0.242,0
0.0,0.4,0
1.0,0.615,0
1.0,0.699,1
0.0,0.512,0
1.0,0.709,1
0.0,0.41300000000000003,0
1.0,0.729,1
1.0,0.695,1
1.0,0.566,0
-1.0,0.612,0
-1.0,0.696,0
0.0,0.254,0
1.0,0.653,1
0.0,0.51,0
-1.0,0.871,0
0.0,0.338,0
0.0,0.392,0
-1.0,0.876,1
0.0,0.34700000000000003,0
1.0,0.688,1
1.0,0.654,1
1.0,0.688,1
-1.0,0.696,1
-1.0,0.862,1
0.0,0.49200000000000005,0
1.0,0.702,1
1.0,0.7989999999999999,0
0.0,0.36100000000000004,0
1.0,0.89,1
1.0,0.987,1
1.0,0.704,0
1.0,0.8049999999999999,1
1.0,0.646,1
1.0,0.843,1
0.0,0.439,0
1.0,0.749,0
1.0,0.9339999999999999,0
-1.0,0.69,1
0.0,0.35500000000000004,0
0.0,0.20800000000000002,0
1.0,0.615,0
1.0,1.405,1
1.0,0.746,1
0.0,0.41600000000000004,0
1.0,0.709,1
1.0,0.768,0
0.0,0.332,0
1.0,0.709,1
1.0,0.699,1
-1.0,0.717,1
-1.0,0.766,1
-1.0,0.732,1
1.0,0.6699999999999999,1
-1.0,0.6799999999999999,1
0.0,0.201,0
1.0,0.6849999999999999,1
1.0,0.903,1
1.0,0.6829999999999999,0
0.0,0.265,0
1.0,0.6649999999999999,0
-1.0,0.694,1
1.0,1.393,0
0.0,0.248,0
0.0,0.28600000000000003,0
1.0,0.897,1
-1.0,0.708,1
-1.0,0.879,0
-1.0,0.898,1
0.0,0.28700000000000003,0
1.0,0.819,1
0.0,0.337,0
1.0,0.598,0
1.0,0.708,0
1.0,0.6569999999999999,1
1.0,0.851,1
1.0,0.857,0
0.0,0.281,0
1.0,0.655,1
0.0,0.51,0
-1.0,0.604,0
1.0,1.2320000000000002,1
1.0,0.649,1
-1.0,0.7949999999999999,1
0.0,0.48900000000000005,0
1.0,0.738,1
0.0,0.20700000000000002,0
1.0,0.735,1
-1.0,0.97,1
1.0,0.695,1
1.0,0.631,1
1.0,0.6739999999999999,1
1.0,0.595,0
0.0,0.249,0
0.0,0.325,0
0.0,0.264,0
1.0,0.746,1
1.0,0.5619999999999999,0
-1.0,0.6599999999999999,1
0.0,0.47000000000000003,0
1.0,0.616,0
1.0,0.701,1
0.0,0.41300000000000003,0
0.0,0.42600000000000005,0
1.0,0.574,0
-1.0,0.91,1
1.0,1.0370000000000001,0
1.0,0.609,0
-1.0,0.6789999999999999,1
0.0,0.36300000000000004,0
1.0,0.961,1
1.0,0.969,1
1.0,0.617,1
1.0,1.122,0
-1.0,0.6729999999999999,0
1.0,0.597,0
0.0,0.318,0
0.0,0.31,0
0.0,0.32,0
1.0,0.815,1
-1.0,1.108,1
0.0,0.446,0
1.0,0.768,1
1.0,1.048,1
0.0,0.298,0
0.0,0.20500000000000002,0
0.0,0.32,0
0.0,0.514,0
1.0,0.869,0
-1.0,0.897,1
1.0,0.711,1
1.0,0.749,1
1.0,0.8069999999999999,1
1.0,0.757,1
1.0,0.772,1
1.0,0.618,0
1.0,0.859,1
1.0,0.603,0
-1.0,0.652,1
1.0,0.744,1
0.0,0.29,0
1.0,0.655,1
0.0,0.42700000000000005,0
1.0,0.65,1
0.0,0.49500000000000005,0
-1.0,0.819,0
0.0,0.461,0
1.0,0.706,1
0.0,0.49300000000000005,0
-1.0,0.653,0
0.0,1.578,1
1.0,0.758,1
-1.0,0.646,0
0.0,0.465,0
1.0,1.079,1
-1.0,0.8029999999999999,0
0.0,0.47700000000000004,0
0.0,0.315,0
1.0,0.751,1
1.0,0.831,0
1.0,0.897,1
1.0,0.829,1
1.0,0.938,1
1.0,0.6739999999999999,1
1.0,0.573,0
1.0,0.849,1
1.0,0.6709999999999999,1
0.0,0.398,0
-1.0,0.953,1
0.0,0.35500000000000004,0
0.0,0.509,0
0.0,0.329,0
1.0,0.625,0
-1.0,0.873,0
1.0,0.65,1
-1.0,0.6859999999999999,1
0.0,0.36700000000000005,0
1.0,0.866,1
1.0,0.696,1
0.0,0.465,0
1.0,0.719,1
1.0,0.771,1
1.0,1.1480000000000001,1
1.0,0.877,1
1.0,0.6739999999999999,1
0.0,0.34500000000000003,0
1.0,0.6,0
1.0,0.542,0
-1.0,0.647,0
1.0,0.743,0
-1.0,1.012,1
1.0,0.6709999999999999,0
0.0,0.252,0
1.0,0.765,1
1.0,0.694,0
-1.0,0.713,1
-1.0,1.075,1
-1.0,1.065,1
1.0,0.768,1
1.0,0.6769999999999999,1
1.0,0.656,1
0.0,0.274,0
0.0,0.44,0
1.0,0.638,0
-1.0,0.734,1
1.0,0.853,0
1.0,0.8119999999999999,1
0.0,0.35900000000000004,0
0.0,0.21600000000000003,0
0.0,0.405,0
-1.0,0.612,0
-1.0,0.604,0
1.0,0.731,1
-1.0,0.605,0
-1.0,1.1400000000000001,1
1.0,0.9279999999999999,1
0.0,0.34,0
1.0,0.821,0
-1.0,0.715,1
1.0,0.778,1
-1.0,0.6849999999999999,1
-1.0,0.6619999999999999,1
1.0,1.0,1
1.0,0.704,1
1.0,0.85,1
1.0,0.522,0
1.0,0.617,0
-1.0,0.748,1
1.0,0.821,1
-1.0,0.72,1
1.0,0.852,0
1.0,0.778,1
1.0,0.813,1
1.0,0.693,1
1.0,0.656,0
0.0,0.21400000000000002,0
-1.0,0.699,1
0.0,0.505,0
1.0,0.55,0
-1.0,0.713,1
-1.0,0.772,1
1.0,0.731,1
1.0,0.6809999999999999,1
1.0,0.6869999999999999,1
1.0,0.9319999999999999,0
-1.0,0.849,1
1.0,0.653,1
-1.0,0.8039999999999999,1
-1.0,0.736,1
1.0,0.69,1
1.0,0.85,1
1.0,0.876,1
1.0,0.816,1
0.0,0.49400000000000005,0
1.0,0.734,1
1.0,0.856,1
1.0,1.053,1
1.0,0.7969999999999999,1
-1.0,0.569,0
1.0,0.748,1
1.0,0.711,1
1.0,0.556,0
-1.0,0.6569999999999999,1
1.0,0.564,0
0.0,0.273,0
1.0,0.963,1
0.0,0.281,0
1.0,0.564,0
0.0,0.20600000000000002,0
1.0,0.769,0
0.0,0.45,0
-1.0,0.882,0
1.0,0.629,1
1.0,0.6689999999999999,1
0.0,0.47600000000000003,0
-1.0,0.9239999999999999,1
-1.0,0.813,0
0.0,0.21900000000000003,0
1.0,0.6589999999999999,1
1.0,0.6649999999999999,1
1.0,0.715,1
1.0,0.6789999999999999,1
0.0,0.277,0
1.0,0.872,1
-1.0,0.989,1
-1.0,0.758,0
0.0,0.382,0
0.0,0.332,0
1.0,0.733,0
1.0,0.6639999999999999,1
1.0,0.91,0
0.0,0.271,0
-1.0,0.656,0
0.0,0.16,0
1.0,0.74,1
0.0,0.48500000000000004,0
1.0,0.728,0
0.0,0.41500000000000004,0
1.0,0.9129999999999999,1
-1.0,0.829,1
-1.0,0.692,1
1.0,0.747,1
-1.0,0.7,1
1.0,0.721,1
1.0,0.617,0
1.0,0.725,1
1.0,0.6749999999999999,0
1.0,0.586,0
1.0,0.8039999999999999,1
1.0,0.769,1
1.0,0.6849999999999999,1
0.0,0.27,0
1.0,0.636,0
0.0,0.514,0
0.0,0.45,0
-1.0,0.541,0
1.0,0.9149999999999999,1
0.0,0.372,0
0.0,0.36700000000000005,0
1.0,0.776,1
0.0,0.403,0
1.0,0.709,1
1.0,0.977,0
0.0,0.278,0
1.0,0.724,1
1.0,0.6749999999999999,1
0.0,0.34800000000000003,0
-1.0,1.008,1
0.0,0.389,0
1.0,0.698,1
0.0,0.373,0
1.0,0.6719999999999999,1
1.0,0.906,1
1.0,0.74,1
0.0,0.36100000000000004,0
1.0,0.6619999999999999,0
0.0,0.299,0
-1.0,0.583,0
1.0,0.777,0
-1.0,0.731,1
1.0,0.777,1
1.0,0.688,1
0.0,0.498,0
1.0,0.8119999999999999,0
1.0,0.909,1
1.0,0.572,0
1.0,0.6699999999999999,1
1.0,0.6619999999999999,0
1.0,0.6769999999999999,1
0.0,0.328,0
-1.0,1.0890000000000002,1
-1.0,0.583,0
0.0,0.458,0
1.0,0.774,1
1.0,0.656,0
1.0,0.584,0
1.0,0.703,1
1.0,1.512,1
1.0,0.843,1
1.0,0.886,1
1.0,0.7919999999999999,1
1.0,0.711,1
-1.0,0.6859999999999999,1
0.0,0.34500000000000003,0
1.0,0.6809999999999999,1
-1.0,0.737,1
0.0,0.184,0
1.0,1.189,1
1.0,0.6869999999999999,0
1.0,0.656,1
-1.0,0.736,1
0.0,0.512,0
1.0,0.694,1
0.0,0.331,0
-1.0,0.846,1
0.0,0.452,0
-1.0,0.64,0
0.0,0.28300000000000003,0
1.0,0.638,0
-1.0,0.6679999999999999,0
1.0,0.653,1
0.0,0.507,0
-1.0,0.6609999999999999,0
1.0,1.0950000000000002,0
1.0,0.644,1
1.0,0.699,1
0.0,0.36300000000000004,0
1.0,0.7839999999999999,1
1.0,0.8069999999999999,0
1.0,0.655,0
-1.0,0.64,1
1.0,0.723,0
1.0,1.4120000000000001,1
0.0,0.21200000000000002,0
-1.0,0.606,0
1.0,0.622,0
1.0,0.636,0
0.0,0.48800000000000004,0
1.0,0.892,1
-1.0,0.6,0
-1.0,0.702,1
1.0,0.99,1
-1.0,0.636,0
-1.0,0.631,1
-1.0,0.699,1
-1.0,0.836,0
1.0,0.6629999999999999,1
0.0,0.49200000000000005,0
0.0,0.462,0
-1.0,0.764,1
-1.0,0.628,0
1.0,0.622,0
0.0,0.401,0
1.0,0.9299999999999999,1
1.0,1.207,1
-1.0,0.534,0
0.0,0.35200000000000004,0
1.0,0.775,1
1.0,0.6679999999999999,0
-1.0,0.912,0
1.0,0.579,0
1.0,0.729,1
1.0,1.08,1
-1.0,0.986,0
1.0,0.867,1
0.0,0.49000000000000005,0
1.0,0.6639999999999999,1
1.0,0.655,1
1.0,0.73,1
0.0,0.263,0
1.0,0.53,0
-1.0,0.891,1
1.0,0.871,1
1.0,0.716,0
-1.0,0.6809999999999999,0
0.0,0.457,0
0.0,0.274,0
1.0,0.655,1
0.0,0.391,0
-1.0,0.703,0
-1.0,0.772,1
1.0,0.6869999999999999,0
1.0,0.848,1
0.0,0.401,0
1.0,0.535,0
0.0,0.45,0
1.0,0.951,1
1.0,0.842,1
0.0,0.2,0
1.0,0.752,0
0.0,0.309,0
0.0,0.321,0
-1.0,0.6759999999999999,1
1.0,0.754,1
1.0,0.6769999999999999,1
1.0,0.709,0
-1.0,0.77,0
0.0,0.432,0
-1.0,0.6749999999999999,0
1.0,0.6579999999999999,1
1.0,0.703,1
0.0,1.578,1
1.0,0.574,0
0.0,0.406,0
1.0,1.107,1
0.0,0.37,0
0.0,0.36100000000000004,0
0.0,0.49500000000000005,0
0.0,0.22300000000000003,0
1.0,1.302,0
0.0,0.334,0
-1.0,1.282,1
-1.0,0.717,1
1.0,0.6729999999999999,1
1.0,0.693,1
-1.0,1.37,1
0.0,0.238,0
-1.0,0.568,0
1.0,1.1340000000000001,1
-1.0,0.77,1
1.0,0.734,0
1.0,0.76,1
1.0,0.7989999999999999,1
-1.0,0.831,0
-1.0,1.0130000000000001,1
-1.0,0.9309999999999999,1
1.0,0.774,0
-1.0,0.726,0
0.0,0.34700000000000003,0
0.0,0.394,0
1.0,0.638,1
1.0,0.886,1
1.0,0.85,1
1.0,0.653,1
1.0,0.6739999999999999,0
0.0,0.261,0
-1.0,0.601,0
0.0,0.236,0
1.0,0.767,0
0.0,1.578,1
-1.0,0.776,1
1.0,0.983,1
0.0,0.321,0
1.0,0.726,0
0.0,0.336,0
1.0,0.727,0
-1.0,1.032,1
0.0,0.393,0
1.0,1.104,1
1.0,0.72,1
1.0,0.778,1
-1.0,0.651,1
1.0,0.691,0
1.0,0.74,1
1.0,1.3450000000000002,1
1.0,0.9139999999999999,1
0.0,0.384,0
-1.0,0.713,1
-1.0,0.536,0
0.0,0.51,0
0.0,0.41700000000000004,0
1.0,0.533,0
0.0,0.405,0
1.0,0.749,0
-1.0,0.578,0
1.0,0.6779999999999999,1
1.0,0.713,0
0.0,0.388,0
-1.0,0.72,1
1.0,0.752,1
0.0,0.49600000000000005,0
1.0,0.7989999999999999,1
-1.0,0.538,0
-1.0,0.87,0
0.0,0.22699999999999998,0
0.0,0.40800000000000003,0
0.0,0.49200000000000005,0
0.0,0.268,0
0.0,0.172,0
1.0,0.762,1
1.0,0.6679999999999999,1
0.0,0.449,0
1.0,0.744,1
1.0,0.6829999999999999,1
0.0,0.449,0
0.0,0.394,0
1.0,0.698,1
1.0,0.9339999999999999,1
0.0,0.36100000000000004,0
-1.0,0.885,1
-1.0,0.987,1
-1.0,0.598,0
1.0,0.841,1
1.0,0.903,1
0.0,0.466,0
0.0,0.299,0
1.0,0.87,0
1.0,0.821,1
1.0,0.996,1
1.0,0.6589999999999999,1
-1.0,0.7859999999999999,0
0.0,0.266,0
1.0,0.747,1
1.0,0.7899999999999999,0
1.0,0.626,0
1.0,0.64,1
1.0,0.8009999999999999,1
0.0,0.22100000000000003,0
1.0,1.043,1
0.0,0.456,0
0.0,0.294,0
-1.0,0.564,0
1.0,0.605,0
-1.0,0.635,0
0.0,0.34800000000000003,0
1.0,0.835,0
0.0,0.41200000000000003,0
1.0,0.6739999999999999,1
1.0,0.637,1
1.0,0.841,1
0.0,0.41300000000000003,0
-1.0,0.696,1
0.0,0.342,0
-1.0,0.697,1
1.0,0.6849999999999999,1
0.0,0.456,0
1.0,0.897,1
0.0,0.35000000000000003,0
0.0,0.373,0
0.0,0.315,0
1.0,0.9299999999999999,1
1.0,0.633,1
0.0,0.22499999999999998,0
1.0,0.816,1
0.0,0.433,0
0.0,0.383,0
-1.0,0.573,0
1.0,0.909,1
1.0,0.702,1
1.0,1.203,1
-1.0,0.8109999999999999,1
-1.0,0.8029999999999999,1
1.0,0.894,1
0.0,0.379,0
-1.0,0.707,1
0.0,0.42100000000000004,0
0.0,0.36700000000000005,0
1.0,0.778,1
-1.0,0.6869999999999999,1
0.0,0.45,0
1.0,0.8009999999999999,1
1.0,0.869,0
1.0,0.847,1
0.0,0.5,0
1.0,0.6669999999999999,0
1.0,0.9329999999999999,1
1.0,0.832,1
-1.0,0.546,0
-1.0,0.729,1
-1.0,0.611,0
0.0,0.251,0
0.0,0.434,0
1.0,0.742,1
1.0,0.547,0
1.0,0.736,1
1.0,0.634,0
1.0,0.76,1
1.0,0.755,1
0.0,0.465,0
0.0,0.251,0
1.0,0.964,1
1.0,0.63,1
1.0,0.8029999999999999,1
-1.0,0.765,1
1.0,0.626,0
1.0,0.848,0
0.0,0.457,0
0.0,0.33,0
1.0,1.2300000000000002,1
0.0,0.34900000000000003,0
-1.0,1.197,1
0.0,0.28500000000000003,0
-1.0,0.631,1
0.0,0.36700000000000005,0
-1.0,0.907,1
0.0,0.40700000000000003,0
1.0,0.734,1
-1.0,0.91,0
0.0,0.38,0
1.0,0.884,1
-1.0,0.644,0
1.0,0.706,1
1.0,0.8039999999999999,1
0.0,0.48400000000000004,0
1.0,1.032,1
0.0,0.337,0
1.0,0.6659999999999999,0
0.0,0.22799999999999998,0
1.0,0.637,1
-1.0,0.7919999999999999,1
1.0,0.766,1
-1.0,0.852,0
1.0,0.854,0
1.0,0.843,1
1.0,0.631,0
0.0,0.331,0
1.0,0.955,1
1.0,0.621,0
-1.0,0.523,0
1.0,0.6799999999999999,1
0.0,0.518,0
-1.0,1.282,0
1.0,0.882,1
1.0,0.743,1
-1.0,0.6669999999999999,1
1.0,0.538,0
1.0,0.8039999999999999,1
1.0,0.721,1
0.0,0.22799999999999998,0
-1.0,0.753,1
-1.0,0.838,0
1.0,0.814,1
1.0,0.7909999999999999,0
-1.0,0.896,1
1.0,0.694,1
1.0,0.909,1
1.0,0.841,0
1.0,0.7839999999999999,1
1.0,0.762,1
-1.0,0.701,0
1.0,0.718,1
1.0,0.7919999999999999,1
1.0,0.6599999999999999,1
-1.0,0.761,1
1.0,0.689,1
1.0,0.7959999999999999,0
1.0,0.746,0
-1.0,0.692,1
1.0,0.58,0
0.0,0.272,0
0.0,0.443,0
1.0,0.706,1
1.0,0.73,1
1.0,0.751,1
-1.0,0.647,0
-1.0,0.65,1
1.0,0.8089999999999999,0
1.0,0.63,1
0.0,0.47800000000000004,0
1.0,0.71,1
1.0,0.566,0
-1.0,0.944,1
1.0,0.74,1
1.0,0.781,1
1.0,0.702,1
0.0,0.268,0
0.0,0.35100000000000003,0
0.0,0.379,0
0.0,0.372,0
0.0,0.438,0
0.0,0.35100000000000003,0
0.0,0.263,0
1.0,0.723,1
1.0,1.151,1
0.0,0.508,0
0.0,0.403,0
1.0,0.866,1
1.0,0.736,1
0.0,0.27,0
0.0,1.578,1
0.0,0.36100000000000004,0
1.0,0.619,0
-1.0,0.653,1
0.0,0.339,0
1.0,0.581,0
0.0,0.181,0
0.0,0.41200000000000003,0
0.0,0.43100000000000005,0
-1.0,0.6609999999999999,0
-1.0,0.734,1
0.0,0.28400000000000003,0
0.0,0.47800000000000004,0
-1.0,0.906,1
1.0,0.85,1
-1.0,0.688,1
-1.0,0.603,0
0.0,0.22999999999999998,0
1.0,0.6679999999999999,1
1.0,0.597,0
1.0,0.856,1
0.0,0.49400000000000005,0
-1.0,0.6629999999999999,0
1.0,0.64,0
1.0,0.64,1
1.0,0.645,1
1.0,0.769,1
0.0,0.444,0
1.0,0.947,0
1.0,0.883,1
-1.0,0.7979999999999999,1
1.0,0.72,1
0.0,0.21900000000000003,0
1.0,0.706,1
0.0,0.22000000000000003,0
0.0,0.236,0
0.0,0.25,0
1.0,0.705,1
-1.0,0.702,1
1.0,0.6589999999999999,1
0.0,0.317,0
1.0,0.7919999999999999,1
1.0,0.835,1
1.0,0.991,1
0.0,0.389,0
0.0,0.251,0
1.0,1.1800000000000002,1
-1.0,0.653,0
1.0,0.647,1
0.0,0.405,0
0.0,0.335,0
0.0,0.45,0
-1.0,0.611,0
0.0,0.323,0
1.0,0.968,1
-1.0,0.638,0
-1.0,0.821,1
-1.0,0.758,1
1.0,0.6669999999999999,1
1.0,0.711,0
0.0,0.36800000000000005,0
-1.0,1.047,1
1.0,0.617,0
-1.0,0.91,1
1.0,0.816,1
0.0,0.434,0
1.0,0.886,0
0.0,0.47600000000000003,0
1.0,0.6679999999999999,1
1.0,0.716,1
-1.0,0.751,1
1.0,0.71,1
1.0,0.963,0
1.0,0.737,0
0.0,0.49300000000000005,0
1.0,1.014,1
1.0,1.0310000000000001,0
0.0,0.277,0
1.0,1.2670000000000001,1
1.0,0.54,0
1.0,0.9299999999999999,1
1.0,1.02,0
1.0,0.6849999999999999,0
1.0,0.8059999999999999,1
1.0,0.696,0
-1.0,0.6649999999999999,0
1.0,0.729,1
1.0,0.844,1
1.0,0.911,0
0.0,0.461,0
-1.0,1.0850000000000002,1
-1.0,0.617,0
-1.0,0.691,1
0.0,0.49400000000000005,0
0.0,0.40800000000000003,0
0.0,0.434,0
0.0,0.341,0
0.0,0.34900000000000003,0
1.0,0.839,1
0.0,0.312,0
-1.0,0.859,1
1.0,1.4440000000000002,0
-1.0,0.6759999999999999,0
-1.0,1.072,1
0.0,0.342,0
0.0,0.27,0
0.0,0.459,0
1.0,0.702,1
1.0,0.709,0
-1.0,0.6869999999999999,1
0.0,0.16999999999999998,0
-1.0,0.635,1
1.0,0.6749999999999999,1
-1.0,0.582,0
0.0,0.277,0
1.0,0.701,1
0.0,0.40900000000000003,0
0.0,0.406,0
-1.0,0.595,0
1.0,0.852,1
1.0,0.6569999999999999,1
0.0,0.281,0
1.0,0.6849999999999999,1
1.0,0.723,1
-1.0,0.693,1
0.0,0.275,0
1.0,0.835,1
-1.0,0.91,1
1.0,0.895,0
1.0,0.697,0
0.0,0.291,0
1.0,0.859,1
1.0,0.826,1
1.0,0.641,1
0.0,0.314,0
1.0,0.6719999999999999,1
1.0,0.722,1
-1.0,0.7889999999999999,0
0.0,0.28300000000000003,0
-1.0,0.735,1
1.0,1.055,1
-1.0,0.783,1
0.0,0.44,0
0.0,0.33,0
-1.0,0.7,1
1.0,0.987,1
0.0,0.511,0
-1.0,0.742,1
1.0,0.631,0
1.0,1.054,1
1.0,0.627,0
0.0,0.35000000000000003,0
0.0,0.445,0
1.0,0.959,1
1.0,0.698,1
1.0,0.695,1
0.0,0.271,0
-1.0,0.536,0
0.0,0.262,0
-1.0,0.696,1
1.0,0.627,0
1.0,0.71,1
1.0,0.7999999999999999,1
1.0,0.69,1
1.0,0.5609999999999999,0
0.0,0.49000000000000005,0
1.0,1.054,0
1.0,0.731,1
-1.0,0.616,0
1.0,0.639,1
0.0,0.342,0
1.0,0.75,1
-1.0,0.781,1
0.0,0.385,0
-1.0,0.582,0
1.0,0.769,1
1.0,0.63,0
-1.0,0.8109999999999999,1
1.0,0.976,1
1.0,0.72,1
1.0,0.907,0
0.0,0.41700000000000004,0
0.0,0.35700000000000004,0
1.0,0.78,1
1.0,0.903,1
0.0,0.22999999999999998,0
-1.0,0.715,1
1.0,1.229,1
0.0,0.333,0
0.0,0.511,0
0.0,0.41500000000000004,0
-1.0,0.844,1
-1.0,0.6689999999999999,1
1.0,0.8009999999999999,1
1.0,0.642,0
1.0,1.059,1
0.0,0.439,0
-1.0,0.57,0
1.0,0.813,1
1.0,0.722,1
0.0,0.436,0
1.0,0.857,1
1.0,0.6709999999999999,1
1.0,0.9199999999999999,1
-1.0,1.576,1
1.0,0.643,1
1.0,0.6709999999999999,1
-1.0,0.857,1
1.0,0.862,1
-1.0,0.707,1
0.0,0.506,0
0.0,0.378,0
1.0,0.6639999999999999,1
-1.0,0.6729999999999999,0
1.0,0.853,1
0.0,0.508,0
0.0,0.392,0
1.0,0.731,1
1.0,0.734,1
0.0,0.463,0
-1.0,0.722,1
0.0,0.388,0
1.0,0.82,1
1.0,0.6779999999999999,1
0.0,0.273,0
1.0,0.63,0
0.0,0.41700000000000004,0
0.0,0.317,0
1.0,0.6869999999999999,1
1.0,0.738,0
1.0,0.716,1
0.0,0.49600000000000005,0
0.0,0.277,0
0.0,0.333,0
0.0,0.514,0
1.0,0.7859999999999999,1
1.0,0.91,1
1.0,0.6709999999999999,1
1.0,1.058,1
0.0,0.179,0
1.0,0.766,1
-1.0,1.055,0
0.0,0.252,0
-1.0,0.7949999999999999,1
0.0,0.468,0
1.0,0.868,1
1.0,0.599,0
1.0,0.726,1
1.0,0.778,0
1.0,0.711,1
1.0,0.6679999999999999,0
0.0,0.401,0
-1.0,0.6639999999999999,1
0.0,0.434,0
1.0,0.818,1
-1.0,0.7,0
0.0,0.41700000000000004,0
1.0,0.99,1
0.0,0.388,0
1.0,0.578,0
1.0,0.819,1
1.0,0.6819999999999999,1
1.0,0.591,0
-1.0,0.702,1
0.0,0.49300000000000005,0
1.0,0.753,1
1.0,0.731,1
0.0,0.41200000000000003,0
-1.0,0.9329999999999999,1
1.0,0.6819999999999999,1
0.0,0.374,0
-1.0,0.909,1
1.0,0.819,0
1.0,0.712,0
0.0,0.36400000000000005,0
1.0,0.872,1
1.0,0.705,1
1.0,0.692,1
1.0,0.6659999999999999,1
1.0,0.851,1
0.0,0.35800000000000004,0
-1.0,0.6569999999999999,1
0.0,0.382,0
-1.0,0.722,1
1.0,0.9209999999999999,0
0.0,0.316,0
0.0,0.36500000000000005,0
1.0,0.878,1
1.0,1.0810000000000002,0
1.0,0.9229999999999999,1
0.0,0.443,0
1.0,0.716,1
1.0,0.7859999999999999,1
1.0,0.716,1
1.0,0.688,0
-1.0,0.6759999999999999,1
-1.0,0.87,1
1.0,0.772,1
1.0,0.885,1
-1.0,0.722,1
-1.0,0.628,0
1.0,0.549,0
-1.0,1.2590000000000001,1
1.0,0.699,1
1.0,0.576,0
-1.0,0.618,0
1.0,1.0290000000000001,1
-1.0,0.652,0
1.0,0.644,1
0.0,0.43000000000000005,0
0.0,0.42100000000000004,0
-1.0,0.619,0
0.0,0.242,0
0.0,0.241,0
-1.0,1.356,1
1.0,0.7909999999999999,1
-1.0,0.748,0
1.0,0.649,0
0.0,0.329,0
1.0,0.884,0
-1.0,0.989,1
0.0,0.454,0
0.0,0.324,0
1.0,0.747,1
-1.0,0.781,1
-1.0,0.6829999999999999,1
0.0,0.34600000000000003,0
-1.0,0.739,1
-1.0,0.692,1
1.0,0.6689999999999999,1
0.0,0.35200000000000004,0
-1.0,0.69,1
1.0,0.759,0
0.0,0.515,0
1.0,0.6569999999999999,1
-1.0,0.765,1
1.0,0.643,0
0.0,0.41100000000000003,0
1.0,0.775,1
1.0,0.727,1
-1.0,0.532,0
1.0,0.651,0
-1.0,1.2730000000000001,1
1.0,0.726,1
-1.0,0.718,1
-1.0,0.906,1
0.0,0.514,0
0.0,0.317,0
1.0,0.618,0
0.0,0.337,0
0.0,0.313,0
1.0,0.733,1
0.0,0.451,0
1.0,0.569,0
-1.0,0.713,1
1.0,0.741,1
1.0,0.7,1
0.0,0.462,0
1.0,1.4020000000000001,0
1.0,0.88,1
0.0,0.177,0
-1.0,0.598,0
0.0,0.324,0
0.0,0.298,0
-1.0,0.738,1
0.0,0.48900000000000005,0
0.0,0.384,0
1.0,0.985,1
-1.0,0.71,1
1.0,0.9319999999999999,1
1.0,0.871,1
0.0,0.375,0
-1.0,0.616,0
0.0,0.399,0
1.0,0.842,1
1.0,0.817,1
1.0,0.9159999999999999,1
-1.0,0.8019999999999999,0
0.0,0.20600000000000002,0
1.0,0.818,0
0.0,0.237,0
0.0,0.36000000000000004,0
0.0,0.174,0
0.0,0.509,0
1.0,0.696,1
1.0,1.094,1
0.0,0.437,0
0.0,0.379,0
1.0,0.748,1
1.0,0.6659999999999999,1
1.0,1.153,1
0.0,0.448,0
0.0,0.377,0
-1.0,0.904,1
-1.0,0.6599999999999999,1
-1.0,0.598,0
1.0,0.716,1
0.0,0.42200000000000004,0
-1.0,0.7979999999999999,1
0.0,0.251,0
1.0,0.64,0
1.0,0.749,1
-1.0,0.878,1
1.0,0.619,0
-1.0,0.6779999999999999,0
1.0,0.7969999999999999,0
0.0,0.256,0
1.0,0.9359999999999999,1
0.0,0.336,0
0.0,0.255,0
1.0,0.76,1
1.0,1.1340000000000001,1
0.0,0.27,0
1.0,0.72,1
-1.0,0.906,1
-1.0,1.1980000000000002,1
1.0,0.6639999999999999,0
1.0,0.739,1
0.0,0.443,0
-1.0,0.7989999999999999,1
0.0,0.307,0
0.0,0.466,0
-1.0,0.598,0
1.0,0.9309999999999999,1
-1.0,0.608,0
-1.0,0.8059999999999999,1
1.0,0.984,1
1.0,0.8059999999999999,0
-1.0,0.728,0
-1.0,0.783,1
1.0,0.695,1
1.0,0.943,1
0.0,0.498,0
1.0,0.85,1
1.0,1.0390000000000001,1
1.0,0.827,1
1.0,0.691,0
1.0,0.83,1
1.0,0.755,1
1.0,0.649,1
1.0,0.579,0
0.0,0.23299999999999998,0
1.0,0.825,0
-1.0,0.814,1
1.0,0.6819999999999999,1
0.0,0.28,0
-1.0,0.547,0
1.0,0.545,0
0.0,0.456,0
1.0,0.953,1
1.0,0.846,1
-1.0,0.631,0
1.0,0.545,0
0.0,0.292,0
0.0,0.321,0
0.0,0.34700000000000003,0
1.0,0.8039999999999999,1
0.0,0.41900000000000004,0
-1.0,0.99,1
0.0,0.318,0
0.0,0.386,0
1.0,0.704,1
0.0,0.338,0
0.0,0.336,0
-1.0,0.653,1
1.0,0.773,1
1.0,0.829,1
1.0,0.6839999999999999,1
-1.0,0.716,1
0.0,0.48500000000000004,0
0.0,0.28700000000000003,0
1.0,1.046,1
-1.0,0.533,0
1.0,0.699,1
1.0,1.3070000000000002,1
0.0,0.42600000000000005,0
0.0,0.379,0
0.0,0.504,0
0.0,0.246,0
0.0,0.19,0
1.0,0.6719999999999999,0
1.0,0.985,1
0.0,0.449,0
0.0,0.31,0
1.0,0.614,0
-1.0,0.742,0
0.0,0.42200000000000004,0
-1.0,1.0370000000000001,0
1.0,0.656,1
1.0,0.756,1
1.0,0.992,1
-1.0,0.6579999999999999,0
-1.0,0.585,0
0.0,0.47000000000000003,0
0.0,0.34,0
1.0,0.693,1
1.0,1.119,1
1.0,1.2120000000000002,1
1.0,0.641,1
0.0,0.246,0
1.0,0.702,1
0.0,0.322,0
1.0,0.739,1
0.0,0.466,0
0.0,0.42600000000000005,0
0.0,0.384,0
-1.0,0.691,1
1.0,1.189,1
1.0,0.833,1
1.0,0.754,1
-1.0,0.829,1
1.0,1.3090000000000002,1
1.0,0.743,1
1.0,0.621,1
-1.0,0.781,1
1.0,0.838,1
1.0,0.703,1
1.0,0.91,1
1.0,0.627,0
1.0,0.737,1
1.0,0.701,1
1.0,0.63,0
-1.0,0.8119999999999999,1
0.0,0.47900000000000004,0
1.0,0.718,1
0.0,0.438,0
0.0,0.41500000000000004,0
0.0,0.323,0
1.0,0.844,1
-1.0,0.623,0
0.0,0.373,0
0.0,0.22400000000000003,0
1.0,0.749,0
1.0,0.6779999999999999,1
1.0,0.6609999999999999,1
-1.0,0.7979999999999999,1
1.0,0.543,0
0.0,0.299,0
1.0,0.737,1
-1.0,0.8119999999999999,1
0.0,0.244,0
0.0,0.325,0
1.0,0.6759999999999999,0
1.0,0.736,1
1.0,0.547,0
-1.0,0.642,0
1.0,0.868,0
-1.0,0.848,1
0.0,0.373,0
0.0,0.47500000000000003,0
-1.0,0.528,0
1.0,0.7959999999999999,1
0.0,0.251,0
0.0,0.383,0
1.0,1.3980000000000001,0
1.0,0.626,1
1.0,0.7919999999999999,1
0.0,0.314,0
1.0,0.6829999999999999,1
1.0,0.972,1
1.0,1.116,1
1.0,0.761,1
1.0,0.719,1
0.0,0.38,0
1.0,1.312,1
1.0,0.9339999999999999,1
1.0,0.6659999999999999,0
-1.0,0.778,1
1.0,0.823,1
0.0,0.35200000000000004,0
-1.0,1.038,1
0.0,0.327,0
0.0,0.41800000000000004,0
1.0,0.7939999999999999,1
-1.0,0.639,1
-1.0,1.102,1
1.0,0.642,0
1.0,0.8109999999999999,1
0.0,0.371,0
-1.0,0.621,1
0.0,0.374,0
0.0,0.185,0
-1.0,0.6599999999999999,0
1.0,0.695,1
1.0,0.6739999999999999,1
0.0,0.327,0
0.0,0.439,0
1.0,0.646,1
-1.0,0.548,0
1.0,0.7839999999999999,1
1.0,1.268,1
1.0,0.6739999999999999,1
-1.0,0.757,1
1.0,0.705,0
0.0,0.299,0
1.0,0.6599999999999999,1
-1.0,0.717,1
0.0,0.35100000000000003,0
1.0,0.65,1
-1.0,0.6769999999999999,0
1.0,0.7959999999999999,1
1.0,0.633,1
1.0,1.0,1
-1.0,0.962,1
1.0,1.022,1
1.0,0.862,1
1.0,0.59,0
0.0,0.439,0
-1.0,0.6619999999999999,0
0.0,0.374,0
1.0,0.893,1
0.0,0.404,0
-1.0,0.688,0
0.0,0.387,0
1.0,0.6669999999999999,1
1.0,0.645,1
1.0,0.6629999999999999,1
1.0,0.762,1
-1.0,0.752,1
1.0,0.765,1
1.0,0.985,1
-1.0,1.475,1
1.0,0.535,0
1.0,0.6789999999999999,0
0.0,0.35500000000000004,0
0.0,0.28200000000000003,0
-1.0,0.554,0
0.0,0.35800000000000004,0
1.0,0.735,0
-1.0,0.549,0
1.0,0.703,0
0.0,0.25,0
-1.0,0.8049999999999999,1
-1.0,0.693,1
-1.0,0.723,1
1.0,0.885,1
1.0,0.533,0
-1.0,0.536,0
1.0,0.857,1
-1.0,0.6669999999999999,1
-1.0,0.733,1
-1.0,1.0110000000000001,1
1.0,0.552,0
1.0,0.57,0
1.0,0.6839999999999999,1
0.0,0.21600000000000003,0
1.0,0.8039999999999999,1
-1.0,1.04,1
1.0,1.1580000000000001,1
0.0,0.461,0
-1.0,0.588,0
1.0,0.701,0
0.0,0.22599999999999998,0
0.0,0.48500000000000004,0
-1.0,0.6669999999999999,1
0.0,0.503,0
1.0,1.004,1
0.0,0.268,0
0.0,0.297,0
0.0,0.289,0
-1.0,0.9249999999999999,1
0.0,0.267,0
0.0,0.335,0
0.0,0.328,0
0.0,0.338,0
0.0,0.47100000000000003,0
-1.0,1.2810000000000001,0
1.0,0.636,1
1.0,0.778,1
1.0,0.6569999999999999,1
1.0,0.736,1
1.0,1.0270000000000001,1
1.0,0.751,1
1.0,0.844,1
0.0,0.258,0
-1.0,0.575,0
1.0,0.641,1
0.0,0.189,0
1.0,0.711,1
-1.0,0.819,0
0.0,0.322,0
1.0,1.239,1
0.0,0.393,0
0.0,0.48800000000000004,0
1.0,0.734,0
1.0,1.074,1
0.0,0.22899999999999998,0
1.0,0.752,1
0.0,0.38,0
1.0,0.6599999999999999,1
1.0,0.735,0
0.0,0.41900000000000004,0
0.0,0.5,0
-1.0,0.956,0
0.0,0.376,0
-1.0,0.837,0
0.0,0.238,0
0.0,0.34700000000000003,0
-1.0,0.743,1
0.0,0.271,0
0.0,0.23299999999999998,0
-1.0,0.717,1
1.0,0.691,1
0.0,0.28,0
-1.0,0.6619999999999999,1
1.0,0.732,1
0.0,0.456,0
-1.0,0.649,0
0.0,0.47000000000000003,0
0.0,0.44,0
1.0,0.963,1
0.0,0.331,0
1.0,0.611,0
1.0,0.6729999999999999,1
-1.0,0.895,1
1.0,0.715,0
-1.0,0.5609999999999999,0
-1.0,0.708,1
1.0,0.636,1
1.0,0.72,1
-1.0,0.759,0
0.0,0.374,0
1.0,0.65,1
0.0,0.404,0
1.0,0.69,0
1.0,0.728,1
1.0,0.864,1
-1.0,0.591,0
1.0,0.717,1
-1.0,0.9359999999999999,1
1.0,0.696,1
1.0,0.647,1
-1.0,0.628,0
0.0,0.28,0
0.0,0.48000000000000004,0
0.0,0.42600000000000005,0
0.0,0.36000000000000004,0
0.0,0.48100000000000004,0
1.0,0.6619999999999999,1
-1.0,0.6689999999999999,1
0.0,0.40700000000000003,0
1.0,0.8089999999999999,1
0.0,0.46900000000000003,0
0.0,0.3,0
1.0,0.7999999999999999,0
1.0,0.7979999999999999,1
-1.0,0.709,1
-1.0,0.727,1
0.0,0.375,0
-1.0,0.735,0
0.0,0.40700000000000003,0
1.0,0.7999999999999999,0
-1.0,0.741,0
1.0,0.743,1
-1.0,0.524,0
1.0,0.7899999999999999,1
-1.0,0.634,1
-1.0,0.866,1
0.0,0.326,0
1.0,0.719,1
1.0,0.9369999999999999,0
1.0,0.836,1
1.0,0.6789999999999999,1
-1.0,0.6799999999999999,1
1.0,0.532,0
1.0,0.824,1
0.0,0.34,0
0.0,0.324,0
0.0,0.402,0
1.0,0.69,1
0.0,0.299,0
0.0,0.35200000000000004,0
1.0,0.743,0
1.0,0.8079999999999999,1
0.0,0.385,0
1.0,0.715,0
-1.0,0.738,1
0.0,0.36100000000000004,0
1.0,0.74,1
1.0,0.778,1
1.0,0.7909999999999999,1
0.0,0.164,0
1.0,0.728,1
1.0,0.83,1
0.0,0.251,0
1.0,1.028,0
0.0,0.316,0
1.0,0.7859999999999999,1
1.0,0.7909999999999999,1
0.0,0.302,0
-1.0,0.944,1
0.0,0.42200000000000004,0
0.0,0.378,0
-1.0,1.465,0
1.0,0.948,1
0.0,0.34,0
1.0,0.748,1
-1.0,1.032,1
-1.0,0.988,1
1.0,0.688,1
1.0,0.524,0
1.0,0.6669999999999999,1
1.0,1.0150000000000001,1
1.0,0.709,1
0.0,0.463,0
-1.0,0.65,0
1.0,0.5599999999999999,0
0.0,0.315,0
1.0,1.1640000000000001,1
1.0,0.713,0
-1.0,0.722,0
-1.0,0.705,0
-1.0,0.6569999999999999,0
0.0,0.454,0
1.0,0.723,1
-1.0,0.541,0
1.0,0.822,1
0.0,0.332,0
1.0,0.6809999999999999,1
1.0,0.744,1
1.0,0.533,0
1.0,0.692,1
1.0,0.832,1
1.0,0.6859999999999999,1
0.0,0.248,0
1.0,0.651,1
-1.0,0.537,0
1.0,0.6629999999999999,1
0.0,0.31,0
-1.0,0.69,1
1.0,0.6699999999999999,0
0.0,0.498,0
1.0,0.549,0
1.0,0.6819999999999999,1
0.0,0.291,0
-1.0,0.728,1
1.0,0.724,1
1.0,0.65,1
1.0,0.896,1
0.0,0.392,0
0.0,0.47700000000000004,0
1.0,0.958,0
0.0,0.309,0
0.0,0.276,0
0.0,0.397,0
0.0,0.326,0
0.0,0.305,0
0.0,0.302,0
1.0,0.824,1
1.0,0.8069999999999999,1
-1.0,1.441,1
1.0,0.819,1
-1.0,0.706,1
1.0,1.0070000000000001,1
1.0,0.9349999999999999,1
0.0,0.281,0
1.0,0.6749999999999999,0
0.0,0.47400000000000003,0
0.0,0.47300000000000003,0
-1.0,0.745,0
1.0,0.953,1
0.0,0.383,0
1.0,0.571,0
0.0,0.518,0
0.0,0.252,0
-1.0,0.6669999999999999,1
1.0,0.6689999999999999,1
1.0,0.764,1
1.0,0.764,1
0.0,0.35500000000000004,0
1.0,0.777,1
0.0,0.29,0
0.0,0.52,0
0.0,0.502,0
1.0,0.711,1
1.0,0.599,0
0.0,0.272,0
0.0,0.296,0
0.0,0.278,0
1.0,0.703,1
1.0,0.778,1
0.0,0.456,0
0.0,0.47300000000000003,0
0.0,0.36400000000000005,0
0.0,0.22400000000000003,0
1.0,0.549,0
-1.0,0.6759999999999999,1
0.0,0.314,0
0.0,0.325,0
-1.0,0.538,0
1.0,0.883,1
0.0,0.42900000000000005,0
0.0,0.41000000000000003,0
-1.0,0.9189999999999999,0
1.0,0.722,1
0.0,0.42500000000000004,0
-1.0,0.6849999999999999,1
1.0,0.825,1
1.0,0.8099999999999999,1
1.0,1.342,1
1.0,0.6689999999999999,1
1.0,1.024,0
-1.0,0.78,1
1.0,0.568,0
0.0,0.385,0
0.0,0.517,0
0.0,0.22300000000000003,0
0.0,0.274,0
0.0,0.42100000000000004,0
1.0,0.851,0
-1.0,0.75,1
-1.0,0.559,0
1.0,0.714,0
0.0,0.281,0
0.0,0.439,0
-1.0,0.523,0
1.0,1.113,1
1.0,0.883,1
0.0,0.372,0
-1.0,1.075,1
-1.0,0.699,1
1.0,0.8029999999999999,1
-1.0,0.6849999999999999,1
-1.0,0.818,1
0.0,1.578,1
1.0,0.822,1
1.0,0.751,1
0.0,0.35400000000000004,0
0.0,0.40700000000000003,0
-1.0,1.2320000000000002,0
1.0,0.768,0
-1.0,0.578,0
-1.0,0.568,0
1.0,0.864,1
1.0,0.752,1
0.0,0.379,0
0.0,0.41500000000000004,0
0.0,0.278,0
0.0,0.451,0
-1.0,0.889,0
1.0,0.696,1
1.0,1.209,1
0.0,0.399,0
1.0,1.0390000000000001,1
-1.0,1.051,1
-1.0,0.827,1
-1.0,0.605,0
0.0,0.36800000000000005,0
0.0,0.47700000000000004,0
-1.0,0.593,0
1.0,0.53,0
-1.0,0.637,0
1.0,0.621,1
1.0,0.719,1
1.0,0.6689999999999999,1
-1.0,1.147,0
-1.0,0.872,1
1.0,0.771,1
1.0,0.757,1
0.0,0.35200000000000004,0
0.0,0.497,0
1.0,0.6819999999999999,0
1.0,0.859,1
1.0,0.836,0
1.0,0.696,0
1.0,0.525,0
-1.0,0.9,1
0.0,0.276,0
0.0,0.397,0
0.0,0.405,0
1.0,0.6689999999999999,1
1.0,0.713,0
0.0,0.42200000000000004,0
1.0,0.6669999999999999,1
0.0,0.259,0
-1.0,0.585,0
0.0,0.512,0
1.0,0.7949999999999999,1
1.0,0.821,0
1.0,0.6849999999999999,1
1.0,0.78,1
-1.0,0.636,0
1.0,0.647,0
0.0,0.338,0
0.0,0.432,0
-1.0,0.818,0
0.0,0.49500000000000005,0
1.0,0.6719999999999999,1
-1.0,0.851,0
0.0,0.49300000000000005,0
1.0,0.743,1
1.0,0.6669999999999999,1
0.0,0.295,0
-1.0,0.893,1
1.0,0.703,1
1.0,0.604,0
0.0,0.22799999999999998,0
1.0,0.713,0
1.0,0.852,1
1.0,0.713,1
1.0,0.642,0
-1.0,0.533,0
0.0,0.506,0
1.0,0.73,1
1.0,0.629,1
0.0,0.505,0
1.0,0.706,1
0.0,0.502,0
1.0,0.6649999999999999,0
1.0,1.047,1
-1.0,0.6639999999999999,1
1.0,0.6619999999999999,1
0.0,0.276,0
-1.0,0.655,0
-1.0,0.6839999999999999,0
1.0,0.86,1
1.0,0.6749999999999999,1
0.0,0.326,0
1.0,0.6709999999999999,1
1.0,0.744,1
1.0,0.72,1
1.0,0.871,1
1.0,0.905,0
1.0,0.852,0
-1.0,0.527,0
0.0,0.272,0
-1.0,0.645,1
1.0,1.118,1
-1.0,0.6869999999999999,1
-1.0,0.6609999999999999,0
1.0,0.99,0
-1.0,1.153,1
1.0,0.654,1
1.0,0.709,1
1.0,0.702,1
0.0,0.24,0
-1.0,0.6699999999999999,1
1.0,0.761,1
0.0,0.45,0
-1.0,0.814,0
1.0,0.638,0
0.0,0.399,0
0.0,0.21800000000000003,0
-1.0,0.771,1
0.0,0.395,0
0.0,0.452,0
-1.0,0.733,1
0.0,0.247,0
1.0,0.702,0
1.0,0.768,1
1.0,0.6729999999999999,1
0.0,0.259,0
-1.0,0.596,0
1.0,0.952,1
1.0,0.6729999999999999,0
0.0,0.29,0
1.0,0.7899999999999999,1
0.0,0.47100000000000003,0
1.0,1.01,1
0.0,0.23199999999999998,0
-1.0,0.656,1
0.0,0.382,0
1.0,0.623,0
-1.0,0.836,1
1.0,0.715,1
-1.0,0.743,1
0.0,0.454,0
1.0,0.702,1
1.0,1.2060000000000002,1
0.0,0.45,0
0.0,0.47300000000000003,0
1.0,0.955,1
1.0,0.823,1
-1.0,0.648,0
1.0,0.649,1
-1.0,0.604,0
1.0,0.698,1
1.0,0.7949999999999999,1
1.0,0.603,0
0.0,0.303,0
0.0,0.343,0
0.0,0.263,0
1.0,0.586,0
1.0,0.852,1
1.0,0.747,1
1.0,0.997,1
-1.0,0.6769999999999999,1
0.0,0.243,0
1.0,0.741,0
1.0,0.768,1
-1.0,1.2080000000000002,1
1.0,0.945,1
1.0,0.6759999999999999,1
0.0,0.42500000000000004,0
1.0,0.835,1
1.0,0.65,1
-1.0,0.634,1
1.0,0.746,0
1.0,0.8039999999999999,1
1.0,0.832,1
-1.0,1.4860000000000002,0
0.0,0.35000000000000003,0
1.0,0.6729999999999999,1
0.0,0.385,0
-1.0,0.559,0
-1.0,0.719,1
1.0,0.768,0
1.0,1.065,0
-1.0,1.026,1
-1.0,0.571,0
1.0,0.994,1
-1.0,0.6859999999999999,0
0.0,0.381,0
0.0,0.27,0
1.0,1.0390000000000001,1
0.0,0.514,0
1.0,0.5609999999999999,0
-1.0,0.77,0
0.0,0.259,0
-1.0,0.563,0
0.0,0.37,0
0.0,0.52,0
1.0,0.731,1
1.0,1.06,1
1.0,0.74,1
1.0,0.736,1
1.0,0.852,1
0.0,0.28800000000000003,0
1.0,0.717,1
1.0,0.716,1
0.0,0.509,0
1.0,1.0290000000000001,1
0.0,0.268,0
0.0,0.49400000000000005,0
0.0,0.386,0
0.0,0.331,0
1.0,0.8049999999999999,1
1.0,0.634,1
0.0,0.369,0
-1.0,0.704,1
1.0,0.6769999999999999,1
-1.0,0.522,0
0.0,0.42300000000000004,0
-1.0,1.217,1
-1.0,1.149,1
-1.0,0.843,1
1.0,0.655,0
-1.0,0.635,0
0.0,0.252,0
1.0,0.897,0
1.0,0.821,0
1.0,0.762,1
1.0,1.175,0
-1.0,0.536,0
1.0,0.603,0
0.0,0.20800000000000002,0
0.0,0.403,0
1.0,0.78,0
1.0,0.875,1
1.0,0.738,1
-1.0,0.645,1
0.0,0.336,0
0.0,0.445,0
1.0,0.697,1
-1.0,0.6639999999999999,1
-1.0,0.654,1
0.0,0.47400000000000003,0
-1.0,0.655,0
1.0,0.746,1
1.0,0.702,1
1.0,1.0190000000000001,1
0.0,0.302,0
1.0,0.6769999999999999,1
0.0,0.22400000000000003,0
0.0,0.188,0
-1.0,0.746,1
0.0,0.35900000000000004,0
1.0,1.0230000000000001,1
1.0,0.957,1
1.0,0.6739999999999999,1
1.0,0.877,1
1.0,0.612,0
1.0,0.528,0
1.0,0.975,1
-1.0,1.36,0
-1.0,0.651,1
1.0,0.53,0
0.0,0.37,0
0.0,0.179,0
1.0,0.9279999999999999,1
1.0,0.627,0
0.0,0.21100000000000002,0
1.0,0.723,1
1.0,0.757,1
-1.0,0.642,1
-1.0,0.6819999999999999,1
1.0,0.6759999999999999,1
-1.0,0.696,1
1.0,1.157,0
-1.0,0.577,0
0.0,0.48300000000000004,0
0.0,0.379,0
1.0,0.97,1
1.0,0.773,1
1.0,0.87,1
1.0,0.639,1
-1.0,0.6639999999999999,1
-1.0,0.964,1
1.0,0.595,0
0.0,0.42100000000000004,0
1.0,0.644,0
0.0,0.42800000000000005,0
0.0,0.375,0
1.0,0.73,1
0.0,0.21000000000000002,0
0.0,0.457,0
-1.0,0.6719999999999999,0
1.0,0.866,1
1.0,0.749,1
-1.0,0.745,1
-1.0,0.903,0
1.0,0.563,0
0.0,0.47300000000000003,0
1.0,0.821,1
0.0,0.34500000000000003,0
-1.0,0.723,1
0.0,0.268,0
1.0,0.634,1
1.0,0.714,1
1.0,0.691,1
1.0,0.6749999999999999,1
1.0,0.716,1
-1.0,1.493,0
1.0,0.744,1
-1.0,1.032,1
-1.0,0.843,0
1.0,0.635,0
0.0,0.393,0
-1.0,0.767,1
1.0,0.6659999999999999,1
0.0,0.28,0
0.0,0.26,0
1.0,1.052,1
-1.0,0.8049999999999999,1
1.0,0.852,1
1.0,0.6629999999999999,0
1.0,0.947,1
1.0,0.9239999999999999,1
1.0,0.654,1
1.0,0.7899999999999999,1
0.0,0.458,0
1.0,0.776,1
1.0,0.869,1
1.0,1.1030000000000002,1
1.0,0.6599999999999999,1
1.0,0.844,1
1.0,0.863,1
0.0,0.399,0
1.0,0.6819999999999999,1
1.0,0.819,1
-1.0,0.622,0
1.0,0.8019999999999999,1
1.0,0.627,1
-1.0,0.641,1
0.0,0.197,0
1.0,0.817,1
0.0,0.34500000000000003,0
0.0,0.269,0
1.0,0.699,1
0.0,0.38,0
1.0,1.0050000000000001,0
0.0,0.265,0
1.0,1.181,1
-1.0,0.695,1
1.0,0.727,1
-1.0,0.764,0
0.0,0.34900000000000003,0
0.0,0.249,0
0.0,0.438,0
1.0,0.752,1
1.0,1.04,0
0.0,0.465,0
1.0,1.1460000000000001,1
1.0,0.639,0
-1.0,0.596,0
1.0,0.912,1
1.0,1.487,0
1.0,1.262,0
1.0,0.6619999999999999,0
1.0,0.76,1
1.0,0.906,1
1.0,0.895,1
1.0,0.642,1
1.0,0.775,0
1.0,0.6569999999999999,1
0.0,0.21600000000000003,0
1.0,0.632,0
0.0,0.248,0
1.0,0.645,0
1.0,0.64,1
1.0,0.878,1
1.0,0.841,1
0.0,0.48600000000000004,0
1.0,1.016,1
0.0,0.42400000000000004,0
-1.0,0.714,0
0.0,0.49500000000000005,0
0.0,0.403,0
0.0,0.394,0
0.0,0.398,0
1.0,0.757,1
1.0,0.948,1
1.0,0.71,1
-1.0,1.113,1
1.0,0.823,1
1.0,0.9149999999999999,1
1.0,1.344,1
0.0,0.28800000000000003,0
1.0,0.856,0
-1.0,0.8019999999999999,1
1.0,0.8009999999999999,1
0.0,0.35300000000000004,0
1.0,0.73,1
-1.0,1.2630000000000001,1
-1.0,0.603,0
-1.0,0.695,1
1.0,0.87,1
0.0,0.42200000000000004,0
-1.0,0.941,1
1.0,0.865,0
-1.0,0.715,0
0.0,0.387,0
1.0,0.897,1
1.0,0.6599999999999999,1
1.0,0.839,1
1.0,0.578,0
-1.0,0.65,1
0.0,0.442,0
0.0,0.508,0
-1.0,0.839,1
0.0,0.243,0
-1.0,0.716,1
1.0,0.899,1
1.0,0.76,1
1.0,0.983,1
1.0,0.836,1
0.0,0.294,0
-1.0,0.574,0
1.0,0.774,1
0.0,0.306,0
0.0,0.259,0
1.0,0.691,0
1.0,1.3,1
1.0,0.824,0
0.0,0.254,0
1.0,0.745,1
1.0,0.59,0
0.0,0.44,0
-1.0,0.75,1
-1.0,0.537,0
0.0,0.377,0
-1.0,0.694,1
-1.0,0.703,1
1.0,0.969,0
-1.0,0.958,1
-1.0,0.718,1
1.0,0.636,0
1.0,0.761,0
1.0,0.9189999999999999,0
-1.0,0.55,0
1.0,0.733,1
-1.0,0.646,1
0.0,0.48200000000000004,0
1.0,0.647,1
-1.0,0.6759999999999999,1
0.0,0.323,0
0.0,0.339,0
1.0,1.437,1
1.0,0.872,1
-1.0,0.694,1
1.0,0.822,1
1.0,0.647,0
-1.0,0.849,1
-1.0,0.978,1
0.0,0.292,0
1.0,0.726,1
0.0,0.41800000000000004,0
0.0,0.21800000000000003,0
-1.0,0.6789999999999999,1
1.0,0.65,1
-1.0,0.69,0
1.0,0.627,1
-1.0,0.887,0
0.0,0.243,0
1.0,1.4240000000000002,1
1.0,0.6849999999999999,1
1.0,0.776,1
-1.0,0.697,1
1.0,0.725,0
-1.0,0.825,1
1.0,0.564,0
1.0,0.6629999999999999,0
1.0,0.741,1
0.0,0.35700000000000004,0
1.0,0.7979999999999999,1
0.0,0.34,0
0.0,0.447,0
1.0,0.695,1
0.0,0.36400000000000005,0
1.0,0.6829999999999999,0
1.0,0.981,0
1.0,0.523,0
0.0,0.503,0
1.0,0.646,1
1.0,0.6749999999999999,1
0.0,0.462,0
0.0,0.29,0
-1.0,0.656,1
0.0,0.40900000000000003,0
0.0,0.369,0
0.0,0.297,0
1.0,0.6849999999999999,0
0.0,0.28300000000000003,0
1.0,0.7879999999999999,0
0.0,0.274,0
1.0,0.77,1
-1.0,0.69,1
1.0,0.75,1
0.0,0.41100000000000003,0
1.0,0.753,1
1.0,0.963,1
1.0,0.641,1
1.0,0.649,0
-1.0,0.759,1
1.0,0.565,0
1.0,0.744,1
1.0,1.046,1
1.0,0.985,1
0.0,0.42300000000000004,0
1.0,1.2140000000000002,1
1.0,0.641,1
-1.0,0.644,1
1.0,0.64,1
1.0,0.7959999999999999,1
1.0,0.9229999999999999,1
-1.0,0.6799999999999999,1
0.0,0.40800000000000003,0
1.0,0.624,0
-1.0,0.853,1
0.0,0.256,0
-1.0,0.536,0
0.0,0.2,0
-1.0,0.532,0
1.0,0.643,0
-1.0,0.755,1
1.0,1.036,1
1.0,0.604,0
0.0,0.47900000000000004,0
0.0,0.373,0
1.0,0.655,1
-1.0,0.6859999999999999,0
0.0,0.279,0
0.0,0.3,0
0.0,0.35300000000000004,0
1.0,0.783,1
1.0,0.6869999999999999,1
1.0,0.774,1
-1.0,0.976,1
1.0,1.1680000000000001,1
1.0,0.693,1
1.0,0.743,1
1.0,0.558,0
0.0,0.333,0
-1.0,0.6869999999999999,1
0.0,0.40800000000000003,0
0.0,0.343,0
-1.0,0.91,1
1.0,0.6719999999999999,1
1.0,0.772,1
1.0,0.7,1
-1.0,0.88,1
0.0,0.502,0
1.0,0.901,1
-1.0,1.125,1
0.0,0.464,0
-1.0,0.645,1
-1.0,0.716,1
1.0,0.577,0
1.0,0.614,0
0.0,0.516,0
-1.0,0.711,0
0.0,0.42400000000000004,0
1.0,0.6779999999999999,1
-1.0,0.6719999999999999,1
1.0,0.6609999999999999,1
0.0,0.35800000000000004,0
-1.0,1.05,1
0.0,0.308,0
-1.0,1.1400000000000001,1
-1.0,0.6849999999999999,0
1.0,1.0230000000000001,1
-1.0,0.886,1
-1.0,0.623,0
0.0,0.444,0
1.0,0.6589999999999999,1
0.0,0.159,0
1.0,0.74,1
1.0,0.693,1
1.0,0.6629999999999999,1
-1.0,0.6689999999999999,1
0.0,0.341,0
1.0,1.157,0
1.0,0.523,0
0.0,0.36700000000000005,0
1.0,0.647,0
0.0,0.237,0
-1.0,0.696,1
-1.0,0.581,0
0.0,0.315,0
0.0,0.42500000000000004,0
1.0,1.043,1
-1.0,0.703,1
0.0,0.21100000000000002,0
-1.0,0.7929999999999999,1
-1.0,0.6699999999999999,1
0.0,0.325,0
1.0,0.778,1
0.0,0.34,0
1.0,0.9209999999999999,0
0.0,0.447,0
0.0,0.502,0
1.0,0.75,1
0.0,0.401,0
1.0,0.888,1
1.0,0.556,0
1.0,0.697,1
1.0,0.843,1
1.0,0.995,1
-1.0,0.576,0
0.0,0.35700000000000004,0
1.0,0.9199999999999999,1
1.0,0.708,1
1.0,0.773,1
0.0,0.47500000000000003,0
-1.0,0.6589999999999999,1
1.0,0.6609999999999999,1
-1.0,0.693,1
-1.0,0.782,1
1.0,0.776,1
1.0,0.735,0
-1.0,0.835,1
1.0,1.0070000000000001,1
1.0,0.827,1
-1.0,0.6639999999999999,1
1.0,0.643,1
0.0,0.507,0
0.0,0.446,0
1.0,0.6809999999999999,0
0.0,0.463,0
-1.0,0.723,1
1.0,0.7989999999999999,1
0.0,0.386,0
0.0,0.36600000000000005,0
1.0,0.71,1
1.0,0.607,0
1.0,0.703,1
1.0,0.65,0
1.0,0.728,1
1.0,1.328,1
1.0,0.768,1
-1.0,0.7879999999999999,1
0.0,0.467,0
0.0,0.406,0
-1.0,0.698,0
0.0,0.254,0
1.0,0.656,1
1.0,0.712,1
-1.0,0.882,0
-1.0,0.7,1
1.0,0.71,0
-1.0,0.706,1
0.0,0.302,0
-1.0,0.949,1
0.0,0.35600000000000004,0
0.0,0.46900000000000003,0
1.0,0.743,0
1.0,0.643,1
0.0,0.293,0
-1.0,0.559,0
0.0,0.434,0
1.0,0.717,1
1.0,0.6749999999999999,0
0.0,0.337,0
1.0,0.653,1
0.0,0.334,0
0.0,0.201,0
-1.0,0.6649999999999999,1
1.0,1.078,1
0.0,0.437,0
1.0,0.525,0
0.0,0.254,0
1.0,0.6569999999999999,1
-1.0,0.714,1
0.0,0.47300000000000003,0
0.0,0.377,0
0.0,0.165,0
1.0,0.6639999999999999,1
0.0,0.389,0
0.0,0.34500000000000003,0
0.0,0.319,0
-1.0,0.73,1
1.0,1.034,1
1.0,0.71,1
0.0,0.36100000000000004,0
1.0,0.783,0
-1.0,0.909,1
1.0,0.717,1
0.0,0.28700000000000003,0
0.0,0.331,0
0.0,0.503,0
0.0,0.242,0
1.0,0.782,1
1.0,0.608,0
1.0,0.629,1
0.0,0.453,0
-1.0,0.653,1
-1.0,0.752,1
0.0,0.515,0
1.0,1.0030000000000001,1
0.0,0.36700000000000005,0
0.0,0.274,0
1.0,0.727,0
0.0,0.439,0
0.0,0.328,0
0.0,0.39,0
1.0,0.701,1
1.0,1.0090000000000001,0
0.0,0.35300000000000004,0
1.0,0.823,0
-1.0,0.983,0
0.0,0.22499999999999998,0
1.0,0.623,1
1.0,0.689,1
0.0,0.373,0
-1.0,0.755,1
1.0,0.696,1
0.0,0.513,0
1.0,0.8059999999999999,1
1.0,0.634,0
1.0,0.818,0
0.0,0.342,0
1.0,0.692,1
1.0,0.9179999999999999,1
0.0,0.464,0
1.0,0.774,1
1.0,0.746,1
0.0,0.16999999999999998,0
0.0,0.382,0
1.0,0.521,0
1.0,0.6569999999999999,1
-1.0,1.0810000000000002,0
1.0,0.603,0
1.0,0.5619999999999999,0
0.0,0.316,0
1.0,0.689,1
0.0,0.334,0
1.0,1.346,1
0.0,0.326,0
1.0,1.07,0
1.0,0.826,1
0.0,0.35300000000000004,0
1.0,0.703,1
0.0,0.454,0
1.0,0.6869999999999999,1
0.0,0.343,0
1.0,0.965,0
-1.0,0.6719999999999999,1
1.0,0.729,1
0.0,0.20500000000000002,0
1.0,0.739,1
1.0,0.762,1
1.0,0.723,1
0.0,0.438,0
1.0,0.645,1
1.0,0.742,1
0.0,0.42700000000000005,0
1.0,0.9279999999999999,0
1.0,0.6699999999999999,1
1.0,0.709,1
1.0,0.636,1
-1.0,0.566,0
1.0,0.742,1
0.0,0.406,0
1.0,0.695,1
0.0,0.265,0
1.0,0.878,1
0.0,0.35300000000000004,0
1.0,0.726,1
0.0,0.167,0
1.0,0.7949999999999999,1
0.0,0.34,0
0.0,0.372,0
0.0,0.42400000000000004,0
-1.0,0.893,1
1.0,0.745,0
0.0,0.301,0
0.0,0.467,0
1.0,1.056,0
0.0,0.434,0
1.0,0.655,0
0.0,0.28800000000000003,0
0.0,0.52,0
-1.0,1.2990000000000002,1
0.0,0.45,0
1.0,1.243,1
0.0,0.459,0
0.0,0.379,0
1.0,0.767,1
0.0,0.48000000000000004,0
0.0,0.292,0
-1.0,0.698,1
1.0,0.692,1
1.0,0.726,1
0.0,0.397,0
1.0,0.6579999999999999,1
-1.0,0.9129999999999999,1
1.0,0.76,1
1.0,0.995,1
1.0,0.654,1
1.0,0.959,1
1.0,0.6849999999999999,1
1.0,0.756,1
0.0,0.48200000000000004,0
1.0,0.6669999999999999,1
1.0,0.524,0
1.0,0.74,1
0.0,0.268,0
1.0,0.6669999999999999,0
0.0,0.251,0
0.0,0.21900000000000003,0
0.0,0.373,0
1.0,0.6619999999999999,1
1.0,0.729,0
1.0,0.751,1
0.0,0.327,0
0.0,0.28800000000000003,0
-1.0,0.754,0
0.0,0.14300000000000002,0
1.0,0.633,0
-1.0,0.74,1
1.0,0.688,1
-1.0,0.892,1
0.0,0.34700000000000003,0
1.0,0.737,1
1.0,0.693,0
1.0,1.124,1
0.0,0.28700000000000003,0
1.0,0.689,1
1.0,0.854,0
1.0,0.767,1
0.0,0.21900000000000003,0
1.0,0.7909999999999999,1
0.0,0.297,0
1.0,0.963,0
0.0,0.41600000000000004,0
0.0,0.28500000000000003,0
0.0,0.242,0
1.0,0.753,1
-1.0,0.646,1
1.0,0.765,0
1.0,0.639,0
1.0,0.575,0
0.0,0.447,0
0.0,0.441,0
1.0,0.6639999999999999,1
1.0,0.754,1
-1.0,0.626,1
0.0,0.392,0
-1.0,0.751,0
1.0,0.75,1
1.0,0.6869999999999999,1
1.0,0.946,1
0.0,0.196,0
-1.0,0.8069999999999999,1
1.0,0.6669999999999999,0
0.0,0.316,0
0.0,0.336,0
1.0,0.578,0
1.0,0.743,1
0.0,0.47800000000000004,0
1.0,0.758,0
1.0,0.823,1
1.0,0.6689999999999999,1
-1.0,0.6,0
1.0,0.699,1
0.0,0.203,0
1.0,0.642,0
1.0,0.6709999999999999,0
1.0,0.821,1
1.0,1.036,1
-1.0,0.719,0
-1.0,0.53,0
1.0,0.902,0
1.0,0.818,1
-1.0,0.8039999999999999,0
1.0,0.6839999999999999,1
1.0,0.693,1
1.0,0.65,0
1.0,0.72,1
-1.0,1.05,1
1.0,0.728,1
1.0,1.046,1
1.0,0.691,1
1.0,0.618,0
1.0,0.7989999999999999,0
1.0,0.565,0
1.0,0.573,0
1.0,1.0810000000000002,1
0.0,0.468,0
1.0,1.3900000000000001,1
-1.0,0.939,1
-1.0,1.0150000000000001,1
1.0,0.6779999999999999,0
1.0,0.638,1
0.0,0.239,0
1.0,0.554,0
-1.0,0.6719999999999999,1
1.0,0.531,0
1.0,0.855,1
0.0,0.42700000000000005,0
-1.0,0.901,0
0.0,0.433,0
-1.0,0.707,1
-1.0,1.3550000000000002,1
1.0,0.625,0
1.0,0.9219999999999999,1
1.0,0.639,1
1.0,1.125,1
-1.0,0.568,0
1.0,0.955,1
1.0,0.779,0
1.0,0.715,1
-1.0,0.767,1
1.0,0.6719999999999999,1
1.0,0.699,1
1.0,0.6569999999999999,1
1.0,0.553,0
1.0,0.642,1
0.0,0.372,0
1.0,0.768,1
-1.0,0.6839999999999999,0
0.0,0.321,0
-1.0,0.76,1
1.0,0.716,1
1.0,0.869,1
1.0,0.655,0
0.0,0.48100000000000004,0
0.0,0.254,0
1.0,1.125,1
-1.0,0.6669999999999999,1
-1.0,0.573,0
1.0,0.767,1
0.0,0.47300000000000003,0
0.0,0.46,0
1.0,0.8119999999999999,1
0.0,0.34800000000000003,0
0.0,0.31,0
0.0,0.35100000000000003,0
-1.0,0.6649999999999999,0
1.0,0.722,1
1.0,0.581,0
0.0,0.42500000000000004,0
1.0,1.041,1
0.0,1.578,1
-1.0,0.704,0
1.0,0.873,0
0.0,0.506,0
-1.0,0.57,0
1.0,0.753,1
0.0,0.3,0
1.0,0.835,1
0.0,0.191,0
1.0,0.896,1
1.0,0.746,1
0.0,0.304,0
1.0,0.9329999999999999,1
0.0,0.389,0
0.0,0.406,0
1.0,0.6839999999999999,0
-1.0,0.87,1
-1.0,0.82,1
0.0,0.341,0
1.0,1.0250000000000001,1
-1.0,0.653,1
-1.0,0.766,1
-1.0,1.05,0
0.0,0.28400000000000003,0
1.0,0.7919999999999999,1
-1.0,0.6669999999999999,1
-1.0,0.823,1
1.0,0.762,1
0.0,0.305,0
1.0,0.638,0
1.0,0.6819999999999999,1
0.0,0.48100000000000004,0
1.0,0.971,1
-1.0,0.652,1
-1.0,0.6849999999999999,1
0.0,0.505,0
0.0,0.458,0
0.0,0.398,0
1.0,0.62,0
1.0,0.837,1
1.0,0.898,1
1.0,0.6769999999999999,0
1.0,0.742,0
1.0,0.619,0
0.0,0.375,0
-1.0,0.6839999999999999,0
1.0,0.958,1
0.0,0.22899999999999998,0
-1.0,0.6779999999999999,1
0.0,0.439,0
1.0,0.858,1
1.0,1.051,0
1.0,0.765,1
-1.0,0.541,0
0.0,0.177,0
1.0,0.6669999999999999,0
1.0,0.879,0
1.0,0.986,1
1.0,0.768,1
1.0,0.883,1
-1.0,0.75,1
0.0,0.317,0
-1.0,0.619,0
1.0,0.733,0
1.0,0.744,1
-1.0,0.829,0
-1.0,0.638,0
1.0,0.764,1
1.0,0.545,0
1.0,0.708,1
1.0,0.615,0
1.0,1.061,1
1.0,0.779,0
-1.0,0.709,0
0.0,0.333,0
-1.0,0.524,0
1.0,0.624,0
1.0,0.902,1
1.0,0.593,0
1.0,0.725,0
1.0,0.6759999999999999,0
1.0,1.173,1
-1.0,0.695,1
-1.0,0.697,0
1.0,0.613,0
1.0,0.827,1
1.0,0.844,1
-1.0,0.65,1
1.0,0.556,0
-1.0,0.896,1
1.0,0.776,1
0.0,0.41600000000000004,0
0.0,0.256,0
1.0,0.6699999999999999,1
-1.0,1.0370000000000001,1
1.0,0.78,1
0.0,0.311,0
0.0,0.332,0
1.0,0.888,1
1.0,1.116,1
0.0,0.21000000000000002,0
0.0,0.47200000000000003,0
1.0,0.619,1
1.0,0.636,0
1.0,0.655,1
0.0,0.465,0
0.0,0.319,0
1.0,0.635,0
0.0,0.393,0
1.0,0.9139999999999999,1
1.0,0.755,1
1.0,0.7,1
0.0,0.517,0
1.0,0.654,1
1.0,1.117,1
0.0,0.33,0
0.0,0.341,0
1.0,0.717,1
1.0,0.779,1
-1.0,1.1030000000000002,0
0.0,0.402,0
1.0,0.598,0
0.0,0.21200000000000002,0
1.0,0.824,1
0.0,0.401,0
0.0,0.48300000000000004,0
0.0,0.312,0
-1.0,0.6849999999999999,1
1.0,0.831,0
0.0,0.48400000000000004,0
-1.0,1.004,1
0.0,0.519,0
1.0,0.727,0
0.0,0.36500000000000005,0
1.0,0.714,0
-1.0,1.0390000000000001,1
-1.0,0.636,1
1.0,0.734,1
-1.0,0.848,1
1.0,0.768,1
1.0,0.557,0
-1.0,0.523,0
-1.0,0.725,1
0.0,0.247,0
1.0,0.813,1
1.0,0.713,1
1.0,0.765,1
1.0,0.846,1
0.0,0.36200000000000004,0
1.0,0.638,1
0.0,0.305,0
0.0,0.432,0
0.0,0.40800000000000003,0
0.0,0.28600000000000003,0
-1.0,0.649,1
1.0,0.6579999999999999,1
1.0,0.586,0
0.0,0.461,0
-1.0,1.002,0
0.0,0.297,0
-1.0,0.6689999999999999,0
0.0,0.391,0
0.0,0.52,0
1.0,0.6579999999999999,0
1.0,0.7959999999999999,0
1.0,0.523,0
-1.0,0.731,1
1.0,0.7889999999999999,1
0.0,0.34,0
1.0,0.7899999999999999,1
1.0,0.822,1
1.0,0.717,0
1.0,1.062,1
1.0,0.717,1
0.0,0.21500000000000002,0
1.0,0.89,1
0.0,0.437,0
-1.0,1.3050000000000002,1
1.0,0.841,1
0.0,0.42000000000000004,0
-1.0,0.822,0
1.0,0.731,1
1.0,0.6699999999999999,1
1.0,0.631,1
0.0,0.235,0
1.0,0.656,1
1.0,0.692,1
1.0,0.746,1
1.0,0.824,1
1.0,0.876,0
0.0,0.503,0
1.0,0.746,1
1.0,0.8059999999999999,1
0.0,0.306,0
0.0,0.45,0
1.0,0.89,1
-1.0,0.8119999999999999,1
1.0,1.352,1
0.0,0.343,0
-1.0,0.772,1
1.0,0.983,1
1.0,0.97,1
1.0,0.8069999999999999,1
0.0,0.388,0
1.0,0.6829999999999999,1
-1.0,0.7879999999999999,0
0.0,0.386,0
0.0,0.378,0
1.0,0.729,0
-1.0,0.654,1
1.0,0.639,1
1.0,0.6769999999999999,1
1.0,0.6819999999999999,1
-1.0,0.994,1
1.0,0.698,1
1.0,0.691,0
1.0,0.946,1
0.0,0.455,0
1.0,0.988,1
0.0,0.468,0
0.0,0.245,0
0.0,0.342,0
1.0,0.616,0
1.0,0.763,1
-1.0,0.6849999999999999,1
-1.0,0.653,1
1.0,0.704,1
1.0,0.638,1
1.0,0.6569999999999999,0
0.0,0.386,0
1.0,0.849,1
0.0,0.301,0
0.0,0.307,0
1.0,1.008,1
1.0,0.75,1
1.0,1.048,1
1.0,0.6759999999999999,1
-1.0,0.6799999999999999,1
-1.0,0.644,1
0.0,0.371,0
1.0,0.893,1
1.0,0.728,1
-1.0,0.69,1
1.0,0.814,1
1.0,0.71,1
0.0,0.193,0
1.0,0.831,1
1.0,0.6609999999999999,0
-1.0,0.624,0
-1.0,0.653,0
-1.0,0.521,0
1.0,0.729,1
1.0,0.63,0
1.0,1.1880000000000002,1
1.0,0.862,1
-1.0,0.7969999999999999,1
1.0,0.6669999999999999,1
0.0,0.464,0
-1.0,0.636,1
1.0,0.821,1
0.0,0.35500000000000004,0
1.0,0.748,0
-1.0,0.6799999999999999,1
-1.0,0.6799999999999999,1
-1.0,0.556,0
1.0,1.5690000000000002,1
1.0,0.601,0
-1.0,0.76,1
-1.0,0.619,0
1.0,0.817,1
1.0,0.6709999999999999,1
1.0,0.759,1
-1.0,1.284,1
1.0,0.63,0
1.0,0.572,0
0.0,0.312,0
1.0,0.885,1
1.0,0.943,0
0.0,0.456,0
1.0,1.124,1
-1.0,0.583,0
-1.0,0.963,1
-1.0,0.648,1
1.0,0.939,1
-1.0,0.731,1
-1.0,0.641,1
0.0,0.306,0
1.0,0.8019999999999999,1
1.0,0.591,0
-1.0,0.8059999999999999,0
-1.0,0.7839999999999999,1
0.0,0.34800000000000003,0
1.0,0.724,1
0.0,0.257,0
0.0,0.465,0
-1.0,1.4520000000000002,1
1.0,0.764,1
0.0,0.42800000000000005,0
0.0,0.41800000000000004,0
1.0,0.739,0
1.0,0.6799999999999999,1
1.0,0.965,0
0.0,0.25,0
0.0,0.302,0
1.0,0.706,0
1.0,0.988,1
1.0,0.78,1
1.0,0.6569999999999999,1
1.0,0.547,0
0.0,0.47300000000000003,0
0.0,0.342,0
0.0,0.44,0
1.0,0.584,0
0.0,0.255,0
1.0,0.826,1
0.0,0.197,0
0.0,0.36800000000000005,0
1.0,0.694,0
1.0,0.526,0
1.0,0.902,1
-1.0,0.651,1
0.0,0.332,0
0.0,0.387,0
1.0,0.6749999999999999,1
1.0,0.639,1
0.0,0.41700000000000004,0
1.0,0.8049999999999999,1
0.0,0.34800000000000003,0
1.0,0.54,0
1.0,0.768,1
0.0,0.437,0
1.0,0.641,1
0.0,0.35900000000000004,0
-1.0,0.567,0
0.0,0.246,0
1.0,0.9189999999999999,1
1.0,0.895,1
0.0,0.325,0
0.0,0.518,0
-1.0,0.816,1
0.0,0.319,0
0.0,0.49500000000000005,0
-1.0,0.6729999999999999,1
0.0,0.34500000000000003,0
1.0,0.899,1
0.0,0.279,0
0.0,0.316,0
-1.0,0.547,0
-1.0,0.716,1
1.0,0.6709999999999999,1
0.0,0.35900000000000004,0
-1.0,0.647,0
1.0,0.6779999999999999,1
1.0,0.889,1
0.0,0.21600000000000003,0
-1.0,0.695,1
0.0,1.578,1
0.0,0.164,0
0.0,0.47700000000000004,0
1.0,0.846,1
1.0,1.246,0
1.0,0.718,0
-1.0,0.69,1
0.0,0.292,0
1.0,1.045,1
1.0,0.863,1
1.0,0.866,1
1.0,1.0050000000000001,1
1.0,0.7849999999999999,1
1.0,0.892,0
-1.0,1.159,1
-1.0,0.755,1
0.0,0.454,0
0.0,0.242,0
1.0,1.108,0
1.0,0.726,1
-1.0,0.6569999999999999,0
0.0,0.307,0
-1.0,0.7949999999999999,1
-1.0,0.651,0
-1.0,0.97,1
1.0,1.4380000000000002,1
0.0,0.41400000000000003,0
1.0,0.649,1
0.0,0.327,0
1.0,0.6789999999999999,1
0.0,0.42700000000000005,0
-1.0,0.774,1
1.0,0.959,1
1.0,0.706,1
1.0,0.712,1
0.0,0.278,0
1.0,0.83,1
1.0,0.644,1
-1.0,0.602,0
1.0,0.998,0
1.0,0.75,1
-1.0,0.691,1
-1.0,0.889,1
0.0,0.443,0
0.0,0.518,0
1.0,0.582,0
1.0,0.869,1
-1.0,0.5599999999999999,0
-1.0,0.821,0
1.0,0.74,1
1.0,0.7889999999999999,1
1.0,0.9279999999999999,1
-1.0,0.989,1
-1.0,0.555,0
1.0,0.781,1
1.0,1.0310000000000001,1
1.0,0.74,0
1.0,0.7849999999999999,1
0.0,0.47600000000000003,0
1.0,0.737,1
0.0,0.405,0
1.0,0.903,1
0.0,0.394,0
0.0,0.392,0
1.0,0.643,1
0.0,0.48200000000000004,0
1.0,0.621,0
-1.0,0.553,0
1.0,0.816,1
1.0,1.381,0
1.0,1.159,1
1.0,0.74,1
0.0,0.506,0
1.0,0.6759999999999999,1
1.0,1.0010000000000001,1
0.0,0.266,0
1.0,0.775,1
1.0,0.722,1
-1.0,0.528,0
-1.0,0.537,0
0.0,0.35100000000000003,0
0.0,0.20400000000000001,0
1.0,0.7869999999999999,1
0.0,0.334,0
0.0,0.388,0
1.0,0.741,0
0.0,0.5,0
1.0,0.541,0
1.0,0.693,1
1.0,0.548,0
-1.0,0.6739999999999999,1
1.0,0.6639999999999999,0
1.0,0.653,1
-1.0,0.736,1
-1.0,0.879,1
0.0,0.294,0
1.0,0.649,0
-1.0,0.77,1
-1.0,0.6819999999999999,1
1.0,0.6869999999999999,1
-1.0,0.97,0
1.0,0.654,0
-1.0,0.782,0
0.0,0.47600000000000003,0
1.0,0.75,1
1.0,0.724,0
0.0,0.47100000000000003,0
1.0,0.544,0
0.0,0.201,0
1.0,1.024,1
-1.0,0.859,1
1.0,0.754,1
1.0,0.6579999999999999,1
-1.0,0.656,1
-1.0,0.532,0
1.0,0.721,1
-1.0,0.552,0
0.0,0.464,0
1.0,0.778,1
-1.0,1.053,1
-1.0,0.6589999999999999,0
0.0,0.42400000000000004,0
-1.0,0.591,0
1.0,0.754,1
-1.0,0.726,1
0.0,0.28400000000000003,0
1.0,0.548,0
0.0,0.47600000000000003,0
1.0,0.6589999999999999,1
1.0,0.7839999999999999,1
1.0,0.759,1
1.0,0.6769999999999999,1
0.0,0.381,0
-1.0,0.652,1
1.0,0.878,1
1.0,0.555,0
0.0,0.193,0
-1.0,0.644,0
-1.0,0.553,0
0.0,0.369,0
1.0,0.813,1
1.0,0.8119999999999999,1
1.0,0.699,1
1.0,0.767,1
0.0,0.341,0
-1.0,0.572,0
0.0,0.315,0
-1.0,0.893,1
0.0,0.331,0
1.0,0.844,1
1.0,0.6759999999999999,1
1.0,0.825,1
0.0,0.341,0
1.0,0.885,1
1.0,0.63,1
1.0,0.8029999999999999,1
1.0,0.724,0
1.0,0.843,1
-1.0,0.824,0
0.0,0.466,0
1.0,0.6599999999999999,1
0.0,0.36300000000000004,0
1.0,0.633,0
1.0,0.756,0
1.0,0.893,1
0.0,0.274,0
1.0,0.756,0
0.0,0.47100000000000003,0
0.0,0.291,0
-1.0,0.718,1
0.0,0.43000000000000005,0
0.0,0.28500000000000003,0
0.0,0.47800000000000004,0
-1.0,0.888,1
-1.0,0.75,1
1.0,0.735,0
0.0,0.46900000000000003,0
1.0,1.145,0
1.0,0.865,1
0.0,0.21000000000000002,0
1.0,0.6589999999999999,0
-1.0,0.86,1
0.0,0.36400000000000005,0
0.0,0.36700000000000005,0
1.0,0.655,0
0.0,0.41400000000000003,0
0.0,0.328,0
1.0,0.6779999999999999,0
-1.0,0.6599999999999999,1
0.0,0.256,0
1.0,0.748,1
1.0,0.817,1
0.0,0.239,0
1.0,0.654,1
-1.0,0.6669999999999999,1
-1.0,0.571,0
-1.0,0.542,0
0.0,0.402,0
-1.0,0.851,1
0.0,0.398,0
0.0,0.382,0
1.0,1.107,1
0.0,0.21700000000000003,0
1.0,0.765,1
-1.0,1.141,1
0.0,0.268,0
0.0,0.459,0
-1.0,0.647,1
-1.0,0.723,1
0.0,0.48900000000000005,0
1.0,0.9139999999999999,1
1.0,0.6589999999999999,1
-1.0,0.714,1
1.0,1.0250000000000001,1
1.0,0.88,1
0.0,0.40700000000000003,0
1.0,0.6579999999999999,1
1.0,0.7959999999999999,1
0.0,0.438,0
0.0,0.41200000000000003,0
-1.0,0.692,0
1.0,0.566,0
1.0,0.692,1
-1.0,0.64,0
-1.0,0.647,1
-1.0,0.589,0
0.0,0.323,0
1.0,0.738,1
1.0,0.753,1
-1.0,0.693,1
1.0,1.076,1
0.0,0.28500000000000003,0
0.0,0.235,0
1.0,0.835,0
1.0,0.825,0
1.0,0.6779999999999999,1
1.0,0.941,0
1.0,0.996,1
1.0,1.371,1
0.0,0.501,0
1.0,0.8069999999999999,1
1.0,0.62,0
1.0,0.6859999999999999,1
1.0,0.715,1
0.0,0.275,0
0.0,0.42300000000000004,0
-1.0,1.0090000000000001,1
1.0,0.642,0
0.0,0.48100000000000004,0
0.0,0.451,0
-1.0,1.0070000000000001,1
1.0,0.619,0
0.0,0.48200000000000004,0
1.0,0.593,0
-1.0,0.641,1
1.0,0.734,1
0.0,0.299,0
0.0,0.22400000000000003,0
1.0,0.866,1
1.0,0.745,0
0.0,0.47700000000000004,0
1.0,0.877,1
1.0,0.689,1
1.0,0.863,1
1.0,0.767,0
1.0,0.54,0
1.0,0.841,1
-1.0,1.036,1
0.0,0.392,0
1.0,0.891,1
1.0,0.556,0
0.0,0.28300000000000003,0
1.0,1.1500000000000001,1
0.0,0.36500000000000005,0
0.0,0.33,0
0.0,0.16899999999999998,0
1.0,0.765,0
-1.0,0.747,1
1.0,0.535,0
1.0,0.695,0
0.0,0.294,0
1.0,0.9179999999999999,1
1.0,0.939,1
1.0,0.968,1
0.0,0.276,0
1.0,0.852,1
1.0,0.783,1
0.0,0.513,0
0.0,0.22799999999999998,0
-1.0,0.767,1
-1.0,0.621,1
1.0,0.6719999999999999,1
1.0,0.736,1
0.0,0.41300000000000003,0
1.0,0.814,1
1.0,1.067,1
-1.0,1.046,1
-1.0,0.581,0
1.0,0.859,1
1.0,1.427,1
1.0,0.901,0
1.0,0.841,0
0.0,0.312,0
1.0,0.719,1
0.0,0.22599999999999998,0
-1.0,0.882,1
1.0,0.654,0
1.0,0.6649999999999999,1
1.0,0.703,1
1.0,0.836,1
1.0,0.816,1
0.0,0.506,0
1.0,0.724,1
1.0,0.621,1
1.0,0.762,1
0.0,0.383,0
0.0,0.442,0
1.0,0.6669999999999999,0
1.0,0.638,0
1.0,0.647,1
0.0,0.435,0
0.0,0.242,0
1.0,1.4200000000000002,1
0.0,0.389,0
1.0,1.3170000000000002,1
1.0,0.749,1
1.0,0.823,1
0.0,0.49200000000000005,0
1.0,0.638,1
0.0,0.22799999999999998,0
1.0,0.752,1
-1.0,0.91,1
1.0,0.536,0
1.0,0.6749999999999999,1
-1.0,0.833,0
1.0,0.6859999999999999,0
1.0,0.771,0
1.0,0.712,0
0.0,0.37,0
1.0,0.654,1
1.0,0.691,1
0.0,0.443,0
1.0,0.646,0
1.0,0.882,1
1.0,0.814,1
0.0,0.42700000000000005,0
1.0,0.7919999999999999,1
0.0,0.336,0
-1.0,0.6769999999999999,1
0.0,0.21000000000000002,0
1.0,0.695,1
0.0,0.49000000000000005,0
0.0,0.501,0
1.0,0.595,0
-1.0,0.7899999999999999,0
1.0,0.717,1
0.0,0.48900000000000005,0
1.0,0.832,1
-1.0,0.816,1
1.0,0.868,0
1.0,1.057,1
1.0,0.705,1
0.0,0.43100000000000005,0
1.0,0.839,1
1.0,0.708,0
0.0,0.452,0
0.0,0.452,0
-1.0,0.985,1
0.0,1.578,1
0.0,0.239,0
0.0,0.259,0
0.0,0.452,0
1.0,0.718,1
-1.0,1.038,1
0.0,0.341,0
1.0,0.741,0
-1.0,0.615,0
0.0,0.42000000000000004,0
1.0,0.979,1
1.0,0.713,1
1.0,0.697,1
-1.0,0.6589999999999999,1
1.0,1.254,1
1.0,0.7939999999999999,1
0.0,0.377,0
1.0,0.751,0
0.0,0.34700000000000003,0
1.0,0.54,0
0.0,0.267,0
-1.0,0.99,1
1.0,0.731,1
1.0,0.82,1
1.0,0.898,0
0.0,0.401,0
0.0,0.458,0
1.0,0.946,1
-1.0,0.954,1
1.0,0.724,1
1.0,0.848,1
0.0,0.398,0
1.0,0.902,1
1.0,0.623,0
0.0,0.198,0
1.0,0.605,0
1.0,0.713,1
1.0,0.648,1
1.0,0.846,1
1.0,0.633,1
0.0,0.278,0
-1.0,0.997,0
0.0,0.504,0
1.0,0.568,0
1.0,0.578,0
1.0,0.575,0
0.0,0.379,0
0.0,0.279,0
-1.0,0.582,0
1.0,0.853,1
1.0,1.07,0
0.0,0.439,0
-1.0,0.847,0
-1.0,0.76,0
1.0,0.712,1
1.0,0.769,1
-1.0,0.647,1
-1.0,1.0110000000000001,0
-1.0,0.718,0
1.0,0.613,0
1.0,0.643,1
0.0,0.289,0
-1.0,0.836,1
-1.0,0.578,0
1.0,0.715,1
0.0,0.47900000000000004,0
1.0,0.985,1
1.0,0.569,0
0.0,0.22200000000000003,0
0.0,0.263,0
-1.0,0.867,1
0.0,0.41900000000000004,0
1.0,0.581,0
0.0,0.336,0
0.0,0.21300000000000002,0
0.0,0.311,0
1.0,0.8059999999999999,1
0.0,0.41900000000000004,0
1.0,0.6649999999999999,1
-1.0,0.641,0
1.0,0.616,0
0.0,0.446,0
-1.0,0.586,0
1.0,0.6859999999999999,0
0.0,0.317,0
1.0,0.768,1
0.0,0.23299999999999998,0
1.0,0.738,1
0.0,0.506,0
1.0,0.709,0
-1.0,0.6769999999999999,1
1.0,0.699,1
-1.0,0.828,1
1.0,0.973,1
1.0,1.1600000000000001,1
-1.0,1.0210000000000001,1
1.0,0.644,1
0.0,0.35700000000000004,0
-1.0,0.901,1
1.0,0.704,0
0.0,0.49100000000000005,0
1.0,1.195,1
1.0,0.966,1
1.0,0.693,0
1.0,0.9159999999999999,1
0.0,0.35400000000000004,0
0.0,0.42700000000000005,0
1.0,0.829,1
1.0,0.69,0
1.0,0.729,1
1.0,0.606,0
1.0,1.0870000000000002,1
-1.0,0.6679999999999999,0
1.0,0.7,1
0.0,0.452,0
0.0,0.257,0
0.0,0.511,0
0.0,0.452,0
1.0,0.753,1
-1.0,0.637,1
1.0,0.894,1
0.0,0.42500000000000004,0
1.0,0.6769999999999999,1
-1.0,0.72,1
0.0,0.265,0
0.0,0.503,0
1.0,0.742,1
1.0,0.6729999999999999,1
1.0,0.637,1
1.0,0.6699999999999999,0
1.0,0.7979999999999999,0
1.0,0.758,1
1.0,0.852,1
-1.0,0.636,1
-1.0,0.5609999999999999,0
1.0,0.6729999999999999,1
0.0,0.511,0
1.0,0.945,1
0.0,0.393,0
1.0,0.962,1
1.0,0.884,1
0.0,0.393,0
1.0,0.896,0
1.0,1.063,0
0.0,0.41700000000000004,0
1.0,0.7,0
1.0,0.6849999999999999,0
-1.0,0.8029999999999999,1
1.0,0.887,1
0.0,0.48900000000000005,0
1.0,0.703,1
0.0,0.519,0
0.0,0.403,0
1.0,0.651,1
1.0,0.756,1
1.0,0.737,1
-1.0,0.706,1
0.0,0.41900000000000004,0
-1.0,0.75,1
1.0,0.724,1
0.0,0.443,0
1.0,0.7849999999999999,1
1.0,0.693,1
-1.0,1.2300000000000002,1
0.0,0.195,0
0.0,0.453,0
-1.0,0.7929999999999999,1
1.0,0.6639999999999999,1
1.0,0.576,0
1.0,0.827,0
0.0,0.48200000000000004,0
-1.0,0.767,1
1.0,0.557,0
1.0,0.762,0
1.0,0.6609999999999999,1
1.0,0.818,1
0.0,0.377,0
1.0,0.758,1
-1.0,0.876,0
0.0,0.45,0
0.0,0.332,0
-1.0,0.6729999999999999,1
-1.0,0.7839999999999999,1
1.0,0.7969999999999999,0
1.0,0.7919999999999999,1
1.0,0.709,1
1.0,0.739,1
0.0,0.201,0
1.0,0.765,1
1.0,0.559,0
1.0,0.815,1
-1.0,0.724,0
-1.0,0.708,0
0.0,0.28,0
1.0,0.6839999999999999,1
0.0,0.306,0
-1.0,0.71,1
0.0,0.34800000000000003,0
0.0,0.302,0
0.0,0.513,0
0.0,0.403,0
-1.0,0.7849999999999999,1
0.0,0.49500000000000005,0
1.0,0.716,0
0.0,0.398,0
1.0,0.655,1
0.0,0.42600000000000005,0
0.0,0.441,0
-1.0,1.215,1
0.0,0.42100000000000004,0
-1.0,1.079,0
1.0,0.85,1
1.0,0.9189999999999999,0
0.0,0.41600000000000004,0
1.0,0.759,1
1.0,0.707,1
1.0,0.6719999999999999,1
0.0,0.444,0
1.0,0.765,1
0.0,0.248,0
-1.0,1.2770000000000001,1
1.0,0.974,1
1.0,0.564,0
0.0,0.253,0
0.0,0.32,0
1.0,0.633,0
1.0,0.72,1
1.0,0.6859999999999999,0
-1.0,0.961,1
-1.0,0.556,0
-1.0,0.756,1
1.0,0.7,1
0.0,0.20500000000000002,0
0.0,0.48700000000000004,0
-1.0,0.779,1
1.0,0.8029999999999999,0
1.0,0.759,1
0.0,0.235,0
-1.0,0.9319999999999999,1
1.0,1.061,1
1.0,0.699,1
1.0,0.89,1
-1.0,0.873,1
-1.0,0.728,0
1.0,0.73,1
1.0,0.8109999999999999,1
-1.0,0.6699999999999999,1
1.0,0.532,0
1.0,0.866,0
1.0,0.7959999999999999,1
1.0,0.619,0
1.0,0.616,0
1.0,0.6699999999999999,0
1.0,0.696,1
0.0,0.193,0
1.0,0.705,0
0.0,0.369,0
-1.0,0.711,1
-1.0,0.725,1
1.0,0.581,0
0.0,0.373,0
0.0,0.463,0
1.0,0.753,1
1.0,0.74,1
0.0,0.40800000000000003,0
1.0,0.694,1
-1.0,0.695,1
1.0,0.6689999999999999,1
1.0,0.6689999999999999,1
-1.0,0.846,1
-1.0,0.551,0
1.0,0.636,0
1.0,1.115,0
1.0,0.737,1
0.0,0.52,0
-1.0,1.195,1
0.0,0.241,0
1.0,0.548,0
1.0,0.587,0
0.0,0.464,0
0.0,0.34,0
-1.0,0.5619999999999999,0
1.0,0.879,1
1.0,0.7979999999999999,1
1.0,0.6599999999999999,1
1.0,0.65,1
-1.0,0.612,0
-1.0,0.858,1
0.0,0.298,0
1.0,0.715,1
1.0,0.642,0
1.0,0.632,1
-1.0,0.75,1
1.0,0.783,1
1.0,0.693,1
1.0,1.068,1
0.0,0.385,0
0.0,0.449,0
1.0,0.74,1
0.0,0.47900000000000004,0
1.0,0.7869999999999999,0
1.0,0.552,0
-1.0,0.837,1
-1.0,0.769,1
1.0,0.97,0
0.0,0.371,0
1.0,0.871,1
-1.0,0.625,1
-1.0,0.6799999999999999,0
-1.0,0.773,0
1.0,0.6849999999999999,1
1.0,0.629,0
1.0,0.706,0
1.0,0.77,1
-1.0,0.834,0
-1.0,0.651,1
-1.0,1.059,1
1.0,0.723,1
-1.0,0.832,0
1.0,0.8099999999999999,1
1.0,0.617,0
0.0,0.383,0
1.0,0.9149999999999999,1
-1.0,0.643,1
0.0,0.41000000000000003,0
1.0,0.946,1
1.0,0.766,1
1.0,0.528,0
1.0,1.336,1
1.0,1.2730000000000001,0
-1.0,0.722,1
1.0,0.636,1
1.0,0.757,1
-1.0,0.532,0
-1.0,0.6839999999999999,1
-1.0,0.639,1
1.0,0.711,1
0.0,0.241,0
-1.0,0.7859999999999999,1
0.0,0.289,0
1.0,0.767,0
1.0,0.727,0
1.0,0.54,0
1.0,0.651,0
-1.0,0.828,1
1.0,1.114,1
0.0,0.299,0
1.0,0.689,1
-1.0,0.6839999999999999,1
1.0,0.606,0
1.0,1.072,1
1.0,0.7949999999999999,1
-1.0,0.724,1
0.0,0.451,0
1.0,0.558,0
0.0,0.35800000000000004,0
1.0,0.89,1
1.0,0.8059999999999999,0
1.0,0.82,1
1.0,1.0990000000000002,1
0.0,0.378,0
0.0,0.443,0
1.0,0.869,1
1.0,0.742,1
-1.0,0.737,1
1.0,0.76,1
0.0,0.271,0
1.0,0.6659999999999999,1
1.0,0.9249999999999999,1
0.0,0.327,0
1.0,0.622,0
1.0,0.762,1
0.0,0.36500000000000005,0
0.0,0.508,0
0.0,0.315,0
1.0,0.569,0
0.0,0.397,0
0.0,0.28,0
1.0,0.695,1
1.0,0.773,1
1.0,0.647,1
1.0,0.569,0
-1.0,0.6849999999999999,1
-1.0,0.629,0
0.0,0.516,0
0.0,0.35400000000000004,0
-1.0,0.8089999999999999,0
1.0,0.846,1
-1.0,0.532,0
-1.0,0.883,0
0.0,0.28700000000000003,0
1.0,0.759,1
-1.0,0.9369999999999999,1
0.0,0.44,0
0.0,0.42800000000000005,0
1.0,0.707,1
1.0,0.6799999999999999,1
1.0,0.558,0
1.0,0.815,1
0.0,0.35700000000000004,0
1.0,1.1720000000000002,1
1.0,0.651,1
0.0,0.391,0
1.0,0.544,0
1.0,0.893,1
0.0,0.48600000000000004,0
-1.0,0.656,1
0.0,0.35700000000000004,0
-1.0,1.0170000000000001,1
-1.0,0.7839999999999999,1
0.0,0.459,0
0.0,0.42700000000000005,0
0.0,0.273,0
1.0,0.728,1
-1.0,0.975,1
1.0,0.707,1
1.0,0.712,1
0.0,0.463,0
0.0,0.464,0
1.0,0.76,1
-1.0,0.707,1
1.0,1.044,1
0.0,0.192,0
0.0,0.35900000000000004,0
1.0,0.912,1
1.0,0.765,1
1.0,0.636,1
1.0,0.6759999999999999,1
0.0,0.394,0
1.0,0.6729999999999999,0
0.0,0.457,0
1.0,0.75,0
0.0,0.34700000000000003,0
1.0,0.707,1
0.0,0.42400000000000004,0
0.0,0.22000000000000003,0
-1.0,0.9149999999999999,1
1.0,1.121,1
1.0,1.227,0
1.0,0.864,1
1.0,0.83,1
1.0,0.603,0
1.0,0.635,0
1.0,0.851,1
1.0,0.618,0
1.0,1.0210000000000001,1
1.0,0.6819999999999999,1
0.0,0.47700000000000004,0
0.0,0.40700000000000003,0
1.0,0.536,0
-1.0,0.75,0
-1.0,0.976,1
1.0,0.647,1
-1.0,0.726,1
0.0,0.32,0
1.0,0.5609999999999999,0
1.0,0.633,1
0.0,0.307,0
1.0,0.6749999999999999,1
0.0,0.41500000000000004,0
-1.0,0.842,1
0.0,0.28500000000000003,0
-1.0,1.187,1
1.0,0.755,1
0.0,0.20900000000000002,0
0.0,0.322,0
-1.0,0.5599999999999999,0
1.0,0.8109999999999999,0
0.0,0.438,0
-1.0,0.834,1
1.0,0.693,1
1.0,0.6869999999999999,1
1.0,0.7999999999999999,1
0.0,0.52,0
1.0,0.756,0
1.0,0.747,1
-1.0,0.6659999999999999,1
1.0,0.704,1
0.0,0.299,0
0.0,0.452,0
1.0,0.77,1
1.0,1.473,1
-1.0,0.642,1
-1.0,1.034,1
-1.0,0.698,0
1.0,0.573,0
1.0,0.6609999999999999,1
-1.0,0.75,0
1.0,0.6849999999999999,0
-1.0,1.09,1
1.0,0.7979999999999999,1
1.0,0.644,1
0.0,0.42200000000000004,0
0.0,0.28300000000000003,0
1.0,0.6619999999999999,1
0.0,0.42400000000000004,0
-1.0,0.6,0
1.0,0.6849999999999999,1
1.0,0.717,1
1.0,0.719,1
1.0,0.648,0
1.0,0.867,0
1.0,0.756,1
-1.0,1.399,1
0.0,0.35800000000000004,0
0.0,0.384,0
0.0,0.45,0
1.0,0.876,1
0.0,0.28700000000000003,0
1.0,0.735,1
1.0,0.6849999999999999,1
1.0,0.6579999999999999,1
0.0,0.404,0
0.0,0.436,0
1.0,0.758,1
1.0,0.699,1
0.0,0.467,0
1.0,0.6589999999999999,1
1.0,0.838,1
0.0,0.323,0
1.0,0.908,1
0.0,0.466,0
1.0,0.639,1
0.0,0.194,0
0.0,0.445,0
-1.0,0.745,1
-1.0,0.9169999999999999,1
1.0,0.579,0
0.0,0.262,0
0.0,0.242,0
-1.0,0.964,1
1.0,0.727,1
-1.0,0.762,1
1.0,0.9299999999999999,1
1.0,0.77,1
0.0,0.242,0
1.0,0.726,1
-1.0,0.872,1
1.0,0.703,1
1.0,0.746,1
1.0,0.706,1
-1.0,0.526,0
1.0,0.865,1
-1.0,0.613,0
1.0,0.873,1
0.0,0.201,0
-1.0,0.6699999999999999,1
1.0,0.783,1
1.0,0.6579999999999999,1
1.0,0.691,1
1.0,0.564,0
0.0,0.35100000000000003,0
0.0,0.323,0
1.0,0.747,0
1.0,0.703,1
0.0,0.21800000000000003,0
0.0,0.266,0
-1.0,0.895,1
1.0,0.778,1
0.0,0.461,0
1.0,0.772,1
0.0,0.325,0
-1.0,0.844,1
1.0,0.775,1
0.0,0.3,0
1.0,0.584,0
-1.0,0.758,1
0.0,0.44,0
1.0,0.688,0
-1.0,0.6839999999999999,1
0.0,0.293,0
0.0,0.462,0
-1.0,0.536,0
1.0,0.776,0
1.0,0.867,1
1.0,0.911,1
1.0,0.856,1
0.0,0.41800000000000004,0
1.0,0.694,1
1.0,0.939,1
1.0,0.5609999999999999,0
-1.0,0.6799999999999999,1
1.0,0.723,0
1.0,0.6669999999999999,1
0.0,0.48500000000000004,0
1.0,0.551,0
1.0,0.78,1
-1.0,0.6719999999999999,1
1.0,0.7889999999999999,1
0.0,0.23399999999999999,0
1.0,0.6619999999999999,1
0.0,0.447,0
-1.0,0.863,0
1.0,0.725,1
0.0,0.41000000000000003,0
0.0,0.244,0
1.0,0.762,1
1.0,1.034,1
1.0,0.691,1
1.0,1.2280000000000002,1
-1.0,0.6579999999999999,0
0.0,0.327,0
1.0,1.4620000000000002,1
-1.0,0.8079999999999999,1
0.0,0.262,0
-1.0,0.602,0
1.0,0.975,0
1.0,0.7849999999999999,0
1.0,0.989,1
1.0,0.846,1
1.0,0.728,1
0.0,0.343,0
1.0,0.814,1
0.0,0.378,0
1.0,0.994,1
1.0,0.646,1
-1.0,0.779,0
1.0,0.951,1
0.0,0.42500000000000004,0
1.0,0.6669999999999999,1
1.0,1.092,1
1.0,0.706,1
1.0,0.656,1
1.0,0.883,1
1.0,0.606,0
1.0,0.7969999999999999,1
1.0,0.701,1
1.0,0.857,1
1.0,0.54,0
0.0,0.46900000000000003,0
-1.0,0.617,1
0.0,0.21200000000000002,0
1.0,0.6739999999999999,1
1.0,0.747,0
1.0,0.701,1
1.0,1.073,1
0.0,0.35000000000000003,0
-1.0,0.985,0
-1.0,0.6589999999999999,1
1.0,0.949,1
0.0,0.312,0
1.0,0.825,1
-1.0,0.7909999999999999,1
1.0,0.743,1
0.0,0.519,0
0.0,0.40700000000000003,0
0.0,0.448,0
0.0,0.35900000000000004,0
-1.0,0.6589999999999999,1
1.0,0.6579999999999999,1
1.0,0.769,1
1.0,0.601,0
0.0,0.49400000000000005,0
1.0,0.863,1
-1.0,0.819,0
1.0,0.894,1
0.0,0.461,0
1.0,0.711,1
0.0,0.28300000000000003,0
0.0,0.514,0
0.0,0.24,0
0.0,0.35100000000000003,0
1.0,1.056,1
-1.0,0.705,0
1.0,0.654,0
1.0,0.739,1
-1.0,0.8109999999999999,1
-1.0,0.975,0
-1.0,1.143,1
1.0,0.865,1
-1.0,0.734,1
0.0,0.433,0
1.0,0.8089999999999999,1
-1.0,0.6759999999999999,1
-1.0,1.059,1
1.0,0.6579999999999999,0
0.0,0.52,0
-1.0,0.758,0
1.0,0.7939999999999999,1
-1.0,0.78,1
1.0,0.898,1
1.0,0.646,1
0.0,0.376,0
0.0,0.458,0
0.0,0.36600000000000005,0
1.0,1.096,1
-1.0,0.733,0
1.0,0.8099999999999999,1
1.0,0.759,1
1.0,0.744,1
0.0,0.266,0
-1.0,0.813,1
1.0,0.6699999999999999,0
0.0,0.434,0
1.0,0.647,0
1.0,0.841,0
-1.0,0.732,1
0.0,0.393,0
0.0,0.52,0
0.0,0.302,0
0.0,0.36200000000000004,0
-1.0,0.881,1
1.0,0.969,1
1.0,0.6579999999999999,0
1.0,1.395,1
0.0,0.396,0
0.0,0.376,0
1.0,0.6609999999999999,1
1.0,0.753,0
1.0,0.534,0
1.0,1.077,1
1.0,0.647,1
-1.0,0.6799999999999999,1
1.0,0.639,1
1.0,0.612,0
1.0,0.759,1
0.0,0.43100000000000005,0
1.0,0.7969999999999999,0
1.0,0.837,0
1.0,0.6789999999999999,1
1.0,0.754,1
1.0,1.066,1
1.0,0.833,1
1.0,0.945,1
1.0,0.945,1
1.0,0.6689999999999999,1
1.0,0.5619999999999999,0
0.0,0.371,0
1.0,0.743,1
1.0,0.723,1
1.0,0.88,1
0.0,0.276,0
1.0,0.698,1
1.0,0.864,1
-1.0,0.864,1
0.0,0.268,0
0.0,0.32,0
-1.0,0.8089999999999999,0
0.0,0.22799999999999998,0
1.0,0.943,1
0.0,0.5,0
1.0,0.751,1
1.0,0.825,1
1.0,0.867,0
1.0,0.7989999999999999,1
1.0,0.6629999999999999,1
0.0,0.321,0
-1.0,0.602,0
-1.0,0.586,0
-1.0,0.618,0
0.0,0.331,0
1.0,1.014,1
1.0,0.646,0
1.0,0.715,1
1.0,0.6609999999999999,1
1.0,0.541,0
1.0,0.767,1
1.0,0.956,1
0.0,0.294,0
0.0,0.42000000000000004,0
1.0,0.6639999999999999,0
1.0,0.863,1
-1.0,0.8099999999999999,1
0.0,0.41100000000000003,0
-1.0,0.6709999999999999,0
1.0,0.82,1
1.0,0.769,1
1.0,0.703,1
1.0,0.707,0
0.0,0.36200000000000004,0
0.0,0.40900000000000003,0
0.0,0.387,0
1.0,0.709,1
-1.0,0.7849999999999999,0
-1.0,0.571,0
1.0,0.829,1
-1.0,0.942,0
0.0,0.326,0
0.0,0.266,0
-1.0,0.629,1
1.0,0.69,0
-1.0,0.759,1
1.0,0.637,1
-1.0,0.63,0
1.0,0.945,1
-1.0,0.548,0
0.0,0.312,0
-1.0,0.693,0
1.0,0.763,1
-1.0,0.722,1
-1.0,0.6639999999999999,1
1.0,0.8019999999999999,0
1.0,0.852,1
-1.0,1.1780000000000002,1
1.0,0.78,1
1.0,0.523,0
1.0,0.569,0
1.0,0.897,1
-1.0,1.1030000000000002,1
0.0,0.327,0
0.0,0.17099999999999999,0
1.0,1.1620000000000001,1
1.0,0.654,0
1.0,0.756,1
-1.0,0.766,1
1.0,0.712,1
0.0,0.49400000000000005,0
0.0,0.509,0
-1.0,0.978,1
1.0,0.948,1
1.0,1.1900000000000002,1
1.0,0.639,0
0.0,0.35300000000000004,0
0.0,0.34900000000000003,0
0.0,0.15000000000000002,0
1.0,0.703,0
0.0,0.36700000000000005,0
0.0,0.21200000000000002,0
1.0,0.763,0
1.0,0.9279999999999999,1
0.0,0.41100000000000003,0
-1.0,0.6709999999999999,0
0.0,0.175,0
0.0,0.311,0
0.0,0.507,0
0.0,0.503,0
0.0,0.185,0
1.0,1.223,1
1.0,0.651,1
0.0,0.327,0
1.0,0.779,1
0.0,0.21600000000000003,0
0.0,0.41600000000000004,0
-1.0,0.6709999999999999,1
1.0,0.725,1
1.0,0.6859999999999999,1
1.0,0.996,1
1.0,0.594,0
1.0,0.8079999999999999,1
-1.0,0.688,1
1.0,0.713,0
1.0,0.524,0
0.0,0.442,0
-1.0,0.706,1
1.0,0.7939999999999999,1
1.0,0.694,1
0.0,0.266,0
-1.0,0.904,1
1.0,0.7959999999999999,1
1.0,0.7909999999999999,1
-1.0,0.835,1
-1.0,0.544,0
-1.0,0.6699999999999999,0
1.0,0.956,1
-1.0,0.703,0
1.0,0.727,1
0.0,0.41600000000000004,0
1.0,0.6669999999999999,1
1.0,0.555,0
0.0,0.44,0
0.0,0.40800000000000003,0
1.0,0.741,1
0.0,0.507,0
-1.0,0.5599999999999999,0
0.0,0.22200000000000003,0
0.0,0.386,0
1.0,0.9169999999999999,1
1.0,0.834,1
0.0,0.386,0
0.0,0.515,0
-1.0,0.7899999999999999,1
1.0,0.698,0
1.0,1.04,1
1.0,1.0050000000000001,1
-1.0,0.861,0
1.0,0.755,1
1.0,0.651,1
-1.0,0.578,0
-1.0,0.634,1
1.0,0.842,1
1.0,0.767,1
1.0,0.938,1
1.0,0.75,1
1.0,0.779,1
-1.0,0.7929999999999999,1
1.0,0.6619999999999999,1
-1.0,0.6639999999999999,1
0.0,0.48500000000000004,0
0.0,0.24,0
-1.0,0.576,0
-1.0,0.557,0
1.0,0.9349999999999999,1
-1.0,0.638,1
-1.0,0.531,0
-1.0,0.8039999999999999,1
1.0,0.709,1
0.0,0.383,0
1.0,0.751,0
1.0,0.8039999999999999,0
0.0,0.34400000000000003,0
1.0,0.742,1
1.0,0.756,0
1.0,0.6829999999999999,0
-1.0,0.7889999999999999,1
-1.0,0.722,1
0.0,0.21800000000000003,0
1.0,0.822,1
1.0,0.8109999999999999,1
0.0,0.455,0
-1.0,0.618,0
1.0,0.88,1
1.0,0.964,0
1.0,0.748,1
0.0,0.322,0
1.0,0.771,1
1.0,0.8029999999999999,1
1.0,0.688,0
1.0,0.782,1
1.0,0.701,1
1.0,0.725,1
-1.0,0.527,0
1.0,0.815,0
0.0,0.177,0
0.0,0.22799999999999998,0
0.0,0.4,0
0.0,0.388,0
1.0,0.874,0
1.0,1.012,1
1.0,0.7919999999999999,1
1.0,0.731,1
0.0,0.42800000000000005,0
1.0,0.75,0
1.0,1.086,1
-1.0,0.595,0
0.0,0.38,0
1.0,0.551,0
-1.0,0.87,1
1.0,0.851,0
1.0,0.88,1
-1.0,0.6579999999999999,1
0.0,0.41800000000000004,0
0.0,0.502,0
-1.0,0.6679999999999999,1
1.0,0.829,1
1.0,0.944,1
0.0,0.405,0
-1.0,0.884,1
0.0,0.49600000000000005,0
1.0,0.653,1
0.0,0.454,0
1.0,0.76,1
1.0,0.843,1
1.0,0.9,1
0.0,0.48500000000000004,0
0.0,0.48600000000000004,0
1.0,0.69,1
0.0,0.462,0
-1.0,0.619,0
-1.0,0.704,0
0.0,0.28700000000000003,0
0.0,0.327,0
1.0,0.725,0
1.0,1.018,1
1.0,0.876,1
1.0,0.911,1
1.0,0.734,1
1.0,0.7949999999999999,1
-1.0,0.702,1
1.0,0.6599999999999999,0
-1.0,0.588,0
0.0,0.436,0
0.0,0.451,0
-1.0,0.712,1
1.0,0.846,1
1.0,0.614,0
-1.0,0.769,1
1.0,0.699,1
0.0,0.309,0
1.0,0.632,1
1.0,0.732,0
0.0,0.375,0
1.0,0.816,1
0.0,0.393,0
1.0,0.638,0
1.0,1.0190000000000001,1
0.0,0.298,0
0.0,0.252,0
1.0,0.647,1
0.0,0.376,0
-1.0,0.878,0
-1.0,0.6679999999999999,1
-1.0,0.608,0
1.0,0.695,1
0.0,0.31,0
1.0,0.986,1
-1.0,1.129,1
-1.0,0.698,0
0.0,0.47400000000000003,0
1.0,0.738,1
0.0,0.40800000000000003,0
0.0,0.244,0
0.0,0.392,0
1.0,0.6759999999999999,1
1.0,0.608,0
-1.0,0.878,1
-1.0,0.625,0
1.0,0.55,0
-1.0,0.6849999999999999,1
1.0,0.709,1
1.0,0.555,0
0.0,0.34800000000000003,0
1.0,0.869,1
1.0,0.6769999999999999,0
0.0,0.452,0
0.0,0.328,0
0.0,0.444,0
-1.0,0.649,1
1.0,0.77,1
0.0,0.508,0
0.0,0.35900000000000004,0
1.0,0.967,1
1.0,0.559,0
-1.0,0.6699999999999999,0
1.0,0.775,1
0.0,0.434,0
1.0,0.847,1
0.0,0.278,0
-1.0,0.844,1
0.0,0.48400000000000004,0
-1.0,0.728,1
0.0,0.388,0
-1.0,0.743,1
1.0,0.6679999999999999,1
0.0,0.388,0
1.0,0.6579999999999999,1
1.0,0.949,1
1.0,0.644,0
1.0,0.693,1
0.0,0.497,0
1.0,0.816,1
1.0,0.6669999999999999,1
-1.0,0.838,0
1.0,0.646,0
1.0,0.878,1
-1.0,0.717,0
-1.0,0.6579999999999999,1
1.0,0.716,1
1.0,0.649,1
1.0,0.825,0
1.0,0.6639999999999999,1
-1.0,0.89,1
0.0,0.21400000000000002,0
1.0,0.729,1
0.0,0.458,0
1.0,0.972,1
1.0,0.738,1
0.0,0.446,0
1.0,0.65,1
-1.0,0.7979999999999999,0
0.0,0.441,0
1.0,1.043,1
1.0,0.703,1
1.0,1.028,0
1.0,0.722,1
0.0,0.47000000000000003,0
1.0,0.743,0
-1.0,0.967,1
-1.0,0.723,1
1.0,0.595,0
-1.0,0.832,1
0.0,0.255,0
0.0,0.343,0
0.0,0.21800000000000003,0
0.0,0.22400000000000003,0
0.0,0.254,0
1.0,1.238,1
1.0,0.643,0
0.0,0.21100000000000002,0
1.0,1.086,1
0.0,0.452,0
1.0,0.776,1
1.0,1.3840000000000001,1
1.0,0.783,1
1.0,0.648,1
1.0,0.716,0
0.0,0.49000000000000005,0
1.0,1.1420000000000001,1
1.0,1.038,0
1.0,0.741,1
1.0,0.7919999999999999,1
0.0,0.281,0
-1.0,0.529,0
0.0,0.47200000000000003,0
0.0,0.41500000000000004,0
1.0,0.6769999999999999,0
1.0,0.6619999999999999,0
1.0,0.888,1
0.0,0.389,0
1.0,0.843,1
0.0,0.41300000000000003,0
1.0,0.756,1
0.0,0.337,0
-1.0,0.538,0
-1.0,0.854,1
1.0,0.742,1
1.0,0.723,1
0.0,0.244,0
0.0,0.42300000000000004,0
-1.0,0.8049999999999999,1
1.0,0.586,0
1.0,0.825,0
1.0,0.884,1
1.0,0.711,1
1.0,0.828,1
1.0,1.014,1
1.0,0.64,1
0.0,0.433,0
1.0,0.6759999999999999,1
1.0,0.938,1
1.0,1.069,1
0.0,0.337,0
0.0,0.34700000000000003,0
-1.0,0.641,0
-1.0,0.549,0
1.0,0.6769999999999999,1
-1.0,0.7889999999999999,0
0.0,0.20700000000000002,0
1.0,0.628,1
1.0,0.975,0
1.0,0.692,1
1.0,1.075,1
0.0,0.34600000000000003,0
-1.0,0.7999999999999999,0
1.0,0.605,0
1.0,0.699,1
0.0,0.323,0
1.0,0.706,0
-1.0,0.767,1
-1.0,0.58,0
1.0,0.826,1
1.0,0.747,1
1.0,1.334,1
1.0,0.64,0
1.0,0.902,1
1.0,0.71,1
0.0,0.386,0
0.0,0.519,0
1.0,0.534,0
1.0,0.897,1
-1.0,0.706,1
1.0,0.576,0
1.0,1.183,1
0.0,0.389,0
1.0,0.754,1
1.0,0.961,1
1.0,0.643,1
0.0,0.51,0
1.0,0.549,0
1.0,0.766,0
0.0,0.36300000000000004,0
0.0,0.48600000000000004,0
0.0,0.437,0
0.0,0.312,0
-1.0,0.589,0
1.0,0.6769999999999999,1
1.0,0.898,1
1.0,0.7999999999999999,1
1.0,0.894,0
1.0,0.689,1
-1.0,0.6579999999999999,1
1.0,0.768,1
0.0,0.25,0
1.0,0.648,1
0.0,0.47900000000000004,0
1.0,0.6649999999999999,1
-1.0,0.6589999999999999,1
0.0,0.508,0
1.0,0.726,1
-1.0,0.593,0
-1.0,0.776,1
0.0,0.508,0
0.0,0.382,0
0.0,0.20600000000000002,0
1.0,1.042,1
0.0,0.236,0
-1.0,0.701,0
0.0,0.243,0
0.0,0.342,0
-1.0,0.586,0
1.0,0.6779999999999999,1
1.0,0.877,0
1.0,0.654,1
0.0,0.48000000000000004,0
1.0,0.721,1
-1.0,0.8079999999999999,1
0.0,0.35000000000000003,0
1.0,0.951,0
-1.0,0.6809999999999999,1
-1.0,0.822,1
-1.0,0.9309999999999999,1
0.0,0.325,0
-1.0,0.763,1
1.0,0.6629999999999999,1
-1.0,0.522,0
1.0,0.698,1
1.0,0.76,0
1.0,0.739,1
1.0,0.717,1
0.0,0.23399999999999999,0
1.0,0.727,1
1.0,0.763,1
0.0,0.34600000000000003,0
0.0,0.247,0
1.0,0.744,1
1.0,0.847,0
-1.0,0.814,1
1.0,0.6579999999999999,1
-1.0,0.6799999999999999,0
-1.0,0.532,0
0.0,0.36200000000000004,0
1.0,0.655,1
-1.0,0.716,1
-1.0,0.726,0
0.0,0.327,0
1.0,0.836,0
1.0,0.743,1
1.0,0.826,1
-1.0,0.729,1
1.0,0.7899999999999999,1
0.0,0.35600000000000004,0
1.0,0.754,1
1.0,0.708,1
1.0,0.853,0
0.0,0.35700000000000004,0
1.0,0.706,1
1.0,0.946,1
-1.0,1.111,0
1.0,0.862,1
-1.0,0.538,0
1.0,0.6789999999999999,1
0.0,0.319,0
1.0,0.823,0
-1.0,0.743,1
-1.0,0.726,1
-1.0,0.69,1
1.0,0.741,1
1.0,0.742,0
0.0,0.44,0
-1.0,0.955,1
-1.0,0.643,0
0.0,0.391,0
-1.0,0.86,1
1.0,0.898,1
1.0,0.65,0
-1.0,0.602,0
-1.0,1.008,1
0.0,0.261,0
1.0,0.976,0
0.0,0.35800000000000004,0
1.0,0.839,0
1.0,0.6,0
1.0,0.9239999999999999,1
-1.0,0.619,0
0.0,0.48400000000000004,0
-1.0,0.699,0
1.0,0.651,1
-1.0,1.046,1
1.0,0.774,1
-1.0,0.824,1
0.0,0.268,0
0.0,0.268,0
-1.0,0.6749999999999999,1
1.0,0.524,0
0.0,0.41900000000000004,0
1.0,0.531,0
-1.0,0.8089999999999999,1
-1.0,0.738,1
-1.0,0.525,0
1.0,0.75,1
0.0,0.382,0
1.0,0.583,0
-1.0,1.045,1
1.0,0.783,1
1.0,0.6739999999999999,1
1.0,0.739,1
-1.0,0.965,1
1.0,0.644,1
1.0,0.737,0
0.0,0.373,0
1.0,0.7,1
1.0,0.72,1
0.0,0.334,0
-1.0,0.6729999999999999,0
0.0,0.256,0
1.0,0.6599999999999999,1
1.0,0.8009999999999999,1
1.0,1.229,1
1.0,0.6669999999999999,0
1.0,0.912,0
0.0,0.375,0
0.0,0.436,0
1.0,0.6719999999999999,0
1.0,0.718,1
1.0,0.711,0
-1.0,0.693,1
0.0,0.48600000000000004,0
0.0,0.195,0
1.0,0.828,1
0.0,0.465,0
0.0,0.47100000000000003,0
1.0,0.778,1
0.0,0.42900000000000005,0
0.0,0.433,0
0.0,0.455,0
-1.0,1.094,0
-1.0,0.945,1
0.0,0.21300000000000002,0
1.0,0.6659999999999999,0
0.0,0.332,0
0.0,0.436,0
0.0,0.291,0
0.0,0.405,0
0.0,0.34700000000000003,0
-1.0,0.759,0
-1.0,0.643,0
-1.0,0.838,1
-1.0,0.6779999999999999,0
1.0,1.05,1
1.0,1.2770000000000001,1
-1.0,0.845,1
0.0,0.384,0
1.0,0.654,1
1.0,0.723,1
-1.0,0.8049999999999999,0
1.0,0.6639999999999999,1
-1.0,0.548,0
1.0,0.84,1
1.0,0.854,1
-1.0,0.9309999999999999,0
0.0,0.377,0
0.0,0.21700000000000003,0
1.0,0.774,1
0.0,0.289,0
0.0,0.399,0
0.0,1.578,1
-1.0,0.621,0
0.0,0.436,0
1.0,0.6839999999999999,1
1.0,0.6799999999999999,1
1.0,1.1740000000000002,1
-1.0,0.689,1
1.0,0.734,1
0.0,0.42700000000000005,0
1.0,0.6629999999999999,1
1.0,0.642,1
1.0,0.744,0
1.0,1.0,1
-1.0,1.145,0
-1.0,1.1660000000000001,1
1.0,0.828,0
0.0,0.298,0
0.0,0.455,0
0.0,0.443,0
0.0,0.342,0
-1.0,0.6669999999999999,1
-1.0,0.632,1
1.0,1.05,1
1.0,0.699,1
1.0,0.626,0
1.0,0.6599999999999999,0
0.0,0.22499999999999998,0
0.0,0.49600000000000005,0
1.0,0.642,1
1.0,0.532,0
1.0,0.689,1
0.0,0.49000000000000005,0
0.0,0.251,0
1.0,0.998,1
0.0,0.193,0
1.0,0.729,1
0.0,0.389,0
-1.0,1.145,1
1.0,0.565,0
1.0,0.775,1
1.0,0.718,0
-1.0,0.8089999999999999,0
0.0,0.291,0
-1.0,0.943,0
0.0,0.342,0
-1.0,0.826,0
1.0,1.0110000000000001,1
0.0,0.43100000000000005,0
1.0,0.732,1
0.0,0.41200000000000003,0
1.0,0.633,0
-1.0,0.6609999999999999,1
1.0,0.6779999999999999,1
1.0,0.596,0
1.0,0.782,1
1.0,1.306,1
1.0,0.742,1
1.0,0.718,0
0.0,0.277,0
1.0,0.765,1
0.0,0.321,0
1.0,0.876,1
1.0,0.855,1
1.0,0.536,0
0.0,0.463,0
-1.0,0.872,1
-1.0,1.3960000000000001,1
1.0,0.763,0
1.0,0.7879999999999999,1
0.0,0.252,0
1.0,0.7929999999999999,1
0.0,0.317,0
1.0,0.604,0
-1.0,0.781,0
1.0,0.887,1
-1.0,0.733,1
-1.0,0.613,0
0.0,0.466,0
1.0,0.6629999999999999,1
-1.0,0.69,1
-1.0,0.563,0
0.0,0.21100000000000002,0
1.0,0.903,1
0.0,0.49400000000000005,0
0.0,0.514,0
1.0,0.6639999999999999,1
1.0,0.649,1
1.0,0.6799999999999999,1
1.0,0.909,1
0.0,0.36100000000000004,0
-1.0,0.703,1
1.0,0.726,1
1.0,0.701,1
1.0,0.715,1
1.0,0.781,1
0.0,0.515,0
-1.0,0.636,1
1.0,0.6569999999999999,1
1.0,0.634,0
1.0,0.782,1
0.0,0.49000000000000005,0
0.0,0.378,0
-1.0,0.54,0
1.0,0.6849999999999999,1
1.0,0.584,0
0.0,0.374,0
1.0,0.736,1
0.0,0.35500000000000004,0
-1.0,0.768,0
-1.0,0.825,1
0.0,0.48100000000000004,0
1.0,0.7969999999999999,1
-1.0,0.748,1
1.0,0.766,0
1.0,0.6799999999999999,1
1.0,0.697,1
-1.0,0.6649999999999999,1
0.0,0.337,0
1.0,0.696,0
0.0,0.378,0
1.0,0.6579999999999999,0
1.0,0.818,0
1.0,0.6739999999999999,1
1.0,0.887,0
0.0,0.42000000000000004,0
1.0,0.895,1
1.0,0.72,1
0.0,0.195,0
1.0,0.704,0
-1.0,0.706,1
1.0,0.907,1
1.0,0.8009999999999999,1
0.0,0.406,0
-1.0,1.054,1
-1.0,0.6679999999999999,0
1.0,0.6619999999999999,1
1.0,0.776,1
1.0,0.6729999999999999,0
0.0,0.195,0
0.0,0.299,0
1.0,0.851,1
0.0,0.297,0
1.0,0.6769999999999999,1
-1.0,0.842,0
-1.0,0.899,1
-1.0,0.956,1
0.0,0.48400000000000004,0
1.0,0.653,1
1.0,1.016,1
1.0,0.6849999999999999,1
1.0,0.954,1
1.0,0.6859999999999999,1
0.0,0.28600000000000003,0
-1.0,1.1500000000000001,1
1.0,0.72,1
0.0,0.34500000000000003,0
0.0,0.383,0
1.0,0.994,1
0.0,0.435,0
1.0,0.695,1
1.0,0.9319999999999999,0
-1.0,0.645,1
0.0,0.266,0
1.0,0.952,1
1.0,0.982,1
1.0,0.9369999999999999,1
0.0,0.513,0
1.0,0.85,1
1.0,0.968,0
-1.0,0.6839999999999999,0
0.0,0.281,0
1.0,0.944,1
1.0,0.76,1
1.0,0.6779999999999999,1
1.0,0.777,1
1.0,1.4680000000000002,1
0.0,0.45,0
1.0,0.713,1
1.0,0.725,0
-1.0,0.551,0
1.0,1.066,0
-1.0,0.893,0
1.0,0.74,1
-1.0,0.858,0
-1.0,0.587,0
1.0,0.601,0
1.0,0.7999999999999999,1
1.0,0.875,1
-1.0,0.5619999999999999,0
0.0,0.501,0
-1.0,0.6849999999999999,1
1.0,1.0910000000000002,1
0.0,0.35800000000000004,0
1.0,0.747,1
0.0,0.327,0
0.0,0.36300000000000004,0
0.0,0.379,0
1.0,0.9169999999999999,1
1.0,0.747,1
1.0,0.628,1
-1.0,0.552,0
-1.0,0.693,1
1.0,0.6739999999999999,1
0.0,0.35100000000000003,0
0.0,0.16799999999999998,0
0.0,0.47900000000000004,0
1.0,0.6819999999999999,1
-1.0,0.824,1
1.0,0.545,0
-1.0,0.6829999999999999,1
1.0,0.9259999999999999,1
0.0,0.452,0
-1.0,0.697,1
0.0,0.42400000000000004,0
0.0,0.36100000000000004,0
1.0,0.532,0
-1.0,0.6679999999999999,1
1.0,0.542,0
0.0,1.578,1
1.0,0.613,0
-1.0,0.753,0
1.0,0.625,1
-1.0,1.006,1
1.0,0.734,1
1.0,0.537,0
0.0,0.49500000000000005,0
1.0,0.885,1
-1.0,0.6819999999999999,1
0.0,0.36100000000000004,0
-1.0,0.776,1
-1.0,0.6779999999999999,0
-1.0,0.728,1
-1.0,0.843,1
1.0,0.6619999999999999,0
1.0,0.896,1
0.0,0.33,0
0.0,0.35300000000000004,0
1.0,1.1260000000000001,1
0.0,0.341,0
0.0,0.338,0
1.0,0.968,1
0.0,0.22000000000000003,0
0.0,0.506,0
-1.0,0.83,0
1.0,1.2120000000000002,0
0.0,0.369,0
0.0,0.238,0
1.0,0.737,1
0.0,0.36100000000000004,0
-1.0,0.529,0
1.0,1.038,1
1.0,0.7869999999999999,1
1.0,0.896,1
1.0,0.897,0
0.0,0.324,0
0.0,0.41600000000000004,0
1.0,0.654,1
-1.0,0.723,1
-1.0,0.6839999999999999,1
1.0,0.748,1
0.0,0.41800000000000004,0
0.0,0.35800000000000004,0
0.0,0.47000000000000003,0
0.0,0.513,0
1.0,0.6679999999999999,1
-1.0,0.6809999999999999,1
1.0,0.7979999999999999,1
0.0,0.28600000000000003,0
0.0,0.321,0
-1.0,0.729,1
1.0,0.99,1
-1.0,0.6739999999999999,0
1.0,0.709,1
0.0,0.44,0
1.0,0.558,0
1.0,0.557,0
0.0,0.507,0
0.0,0.182,0
-1.0,1.4500000000000002,1
1.0,0.758,1
0.0,0.40800000000000003,0
1.0,0.881,1
-1.0,0.526,0
0.0,0.275,0
-1.0,0.9,1
-1.0,0.625,0
0.0,0.396,0
-1.0,0.586,0
0.0,0.308,0
-1.0,0.582,0
-1.0,0.534,0
1.0,0.782,1
1.0,0.589,0
0.0,0.399,0
-1.0,0.8069999999999999,1
1.0,0.77,1
-1.0,0.6659999999999999,0
0.0,0.298,0
0.0,0.45,0
1.0,1.151,1
-1.0,0.693,1
-1.0,0.569,0
-1.0,0.6609999999999999,1
0.0,0.322,0
0.0,0.389,0
1.0,0.815,1
0.0,0.432,0
0.0,0.35200000000000004,0
1.0,0.889,1
0.0,0.378,0
0.0,0.439,0
1.0,0.859,1
0.0,0.316,0
0.0,0.47800000000000004,0
1.0,0.852,1
1.0,0.713,1
1.0,0.569,0
1.0,1.211,1
1.0,0.6729999999999999,1
0.0,0.339,0
0.0,0.23099999999999998,0
1.0,0.6659999999999999,0
-1.0,0.771,1
0.0,0.511,0
1.0,0.751,0
1.0,0.84,1
1.0,0.971,1
1.0,0.548,0
-1.0,0.753,1
0.0,0.42400000000000004,0
0.0,0.48800000000000004,0
-1.0,0.564,0
1.0,0.722,1
0.0,0.316,0
1.0,0.882,1
1.0,0.6719999999999999,1
-1.0,0.7869999999999999,0
-1.0,0.694,0
-1.0,0.6779999999999999,0
0.0,0.23099999999999998,0
1.0,0.572,0
0.0,0.41500000000000004,0
0.0,0.47500000000000003,0
0.0,0.49100000000000005,0
1.0,1.08,1
0.0,0.269,0
0.0,0.497,0
1.0,0.6839999999999999,1
1.0,1.3070000000000002,1
-1.0,0.6709999999999999,1
0.0,0.452,0
1.0,0.872,1
-1.0,0.656,1
1.0,0.99,1
1.0,0.734,1
0.0,0.42100000000000004,0
1.0,1.2040000000000002,1
1.0,0.551,0
0.0,0.511,0
0.0,0.441,0
0.0,0.42200000000000004,0
-1.0,0.626,1
-1.0,1.117,1
1.0,0.6629999999999999,1
-1.0,0.726,1
1.0,0.6699999999999999,0
1.0,0.831,1
-1.0,0.6799999999999999,0
1.0,0.594,0
1.0,0.735,1
0.0,0.41700000000000004,0
0.0,0.458,0
1.0,0.566,0
1.0,0.814,1
-1.0,0.9339999999999999,1
1.0,0.587,0
1.0,0.595,0
0.0,0.307,0
0.0,0.516,0
-1.0,0.582,0
1.0,0.6839999999999999,1
1.0,1.2950000000000002,1
1.0,0.71,0
0.0,0.22899999999999998,0
1.0,0.6699999999999999,1
-1.0,0.743,1
1.0,1.067,1
1.0,0.996,1
1.0,0.632,0
1.0,0.738,1
0.0,0.42600000000000005,0
0.0,0.443,0
0.0,0.20600000000000002,0
-1.0,0.772,1
1.0,0.693,1
1.0,0.604,0
0.0,0.32,0
1.0,0.699,0
-1.0,0.826,1
0.0,0.45,0
1.0,0.858,0
1.0,0.814,1
1.0,0.639,1
1.0,0.6679999999999999,0
1.0,0.647,1
0.0,0.253,0
1.0,0.876,1
1.0,0.524,0
1.0,0.845,1
1.0,0.532,0
1.0,1.2710000000000001,1
0.0,0.43100000000000005,0
1.0,1.0210000000000001,1
1.0,0.907,1
1.0,0.6679999999999999,1
1.0,0.704,1
0.0,0.28800000000000003,0
1.0,0.73,1
0.0,0.335,0
0.0,0.319,0
-1.0,0.716,1
1.0,0.734,1
0.0,0.23299999999999998,0
1.0,0.736,1
1.0,0.832,1
1.0,0.974,1
1.0,0.718,1
1.0,0.6739999999999999,1
1.0,0.6689999999999999,0
-1.0,0.6829999999999999,1
1.0,0.9319999999999999,1
1.0,0.642,0
1.0,1.227,1
1.0,0.744,1
-1.0,0.6759999999999999,0
0.0,0.372,0
1.0,0.7899999999999999,1
0.0,0.498,0
1.0,0.8059999999999999,1
1.0,0.74,1
-1.0,1.2610000000000001,1
0.0,0.35000000000000003,0
1.0,0.777,1
-1.0,0.565,0
1.0,1.026,1
1.0,0.6779999999999999,1
0.0,0.43100000000000005,0
1.0,0.555,0
-1.0,0.715,1
1.0,0.8069999999999999,1
0.0,0.445,0
0.0,0.303,0
-1.0,0.7979999999999999,0
1.0,0.976,1
1.0,0.8009999999999999,1
1.0,0.6809999999999999,1
-1.0,0.6689999999999999,1
1.0,0.719,1
0.0,0.35300000000000004,0
0.0,0.379,0
1.0,0.761,1
1.0,0.743,1
0.0,0.453,0
1.0,0.689,1
0.0,0.273,0
1.0,0.651,1
-1.0,0.978,0
1.0,1.063,1
0.0,0.326,0
1.0,0.552,0
0.0,0.376,0
0.0,0.21500000000000002,0
1.0,1.183,1
0.0,0.48800000000000004,0
1.0,0.814,1
1.0,0.736,1
1.0,0.745,0
1.0,0.9139999999999999,1
1.0,0.55,0
-1.0,0.582,0
0.0,0.381,0
1.0,0.6779999999999999,1
1.0,0.552,0
-1.0,0.6699999999999999,0
-1.0,0.575,0
0.0,0.34500000000000003,0
0.0,0.387,0
-1.0,0.9139999999999999,1
0.0,0.335,0
1.0,0.646,1
-1.0,0.822,1
1.0,0.692,1
-1.0,0.953,1
1.0,0.855,1
-1.0,0.702,1
0.0,0.262,0
1.0,0.705,1
-1.0,0.527,0
0.0,0.42200000000000004,0
0.0,0.41800000000000004,0
0.0,0.276,0
-1.0,0.643,0
1.0,0.713,1
0.0,0.333,0
-1.0,0.6699999999999999,1
-1.0,0.6829999999999999,1
1.0,0.6789999999999999,1
1.0,0.955,1
1.0,0.648,1
-1.0,1.237,1
1.0,0.73,0
1.0,0.722,1
1.0,0.722,1
1.0,0.637,0
-1.0,0.549,0
1.0,0.862,1
1.0,0.863,1
0.0,0.501,0
0.0,0.317,0
0.0,0.503,0
0.0,0.373,0
0.0,0.313,0
1.0,0.708,1
1.0,0.938,1
1.0,0.99,0
1.0,0.908,1
1.0,0.691,1
0.0,0.369,0
-1.0,0.616,0
1.0,0.9249999999999999,1
-1.0,0.9339999999999999,1
0.0,0.22499999999999998,0
1.0,1.053,1
1.0,0.6699999999999999,1
-1.0,0.758,0
1.0,0.726,1
1.0,0.7999999999999999,1
1.0,0.782,1
1.0,0.826,1
0.0,0.47900000000000004,0
1.0,0.85,0
-1.0,0.718,0
-1.0,0.753,1
-1.0,0.724,1
1.0,0.9249999999999999,0
1.0,0.754,1
1.0,1.2970000000000002,1
1.0,0.713,1
1.0,0.523,0
0.0,0.42800000000000005,0
1.0,0.834,0
0.0,0.252,0
0.0,0.433,0
1.0,0.742,1
1.0,0.6839999999999999,1
1.0,0.653,0
1.0,0.753,1
-1.0,0.956,0
0.0,0.276,0
0.0,0.325,0
1.0,0.6739999999999999,1
-1.0,0.646,0
-1.0,0.863,0
1.0,0.526,0
-1.0,0.6809999999999999,1
1.0,0.6659999999999999,1
0.0,0.291,0
-1.0,0.701,1
-1.0,0.626,1
-1.0,0.576,0
0.0,0.36000000000000004,0
1.0,0.697,1
1.0,0.716,1
1.0,0.911,1
0.0,0.406,0
1.0,0.591,0
-1.0,0.703,1
1.0,0.6789999999999999,1
0.0,0.41200000000000003,0
-1.0,0.61,0
1.0,0.749,1
0.0,0.388,0
0.0,0.293,0
1.0,0.65,1
-1.0,0.634,1
1.0,0.655,0
1.0,0.572,0
-1.0,0.641,0
1.0,0.888,1
-1.0,0.857,1
1.0,0.889,0
0.0,0.48300000000000004,0
1.0,0.7899999999999999,1
0.0,0.256,0
0.0,0.468,0
1.0,0.6789999999999999,0
-1.0,0.71,0
1.0,0.752,0
1.0,0.744,1
0.0,0.199,0
-1.0,0.721,1
-1.0,0.75,1
-1.0,0.721,1
1.0,0.839,0
-1.0,0.714,1
1.0,0.6749999999999999,1
0.0,0.35700000000000004,0
1.0,0.735,1
0.0,0.328,0
1.0,0.846,1
-1.0,0.884,1
1.0,0.846,1
0.0,0.395,0
0.0,0.49000000000000005,0
0.0,0.341,0
0.0,0.42500000000000004,0
1.0,0.705,1
1.0,0.771,1
0.0,0.338,0
1.0,0.725,1
1.0,0.817,1
0.0,0.378,0
1.0,0.6569999999999999,1
0.0,0.396,0
1.0,0.732,1
0.0,0.28300000000000003,0
1.0,0.841,1
0.0,0.48500000000000004,0
1.0,1.072,1
-1.0,0.744,1
-1.0,1.4380000000000002,0
0.0,0.458,0
-1.0,0.69,1
0.0,0.313,0
-1.0,0.7899999999999999,1
-1.0,1.149,0
-1.0,0.635,1
0.0,0.374,0
1.0,1.3570000000000002,0
1.0,0.6659999999999999,1
1.0,0.953,1
1.0,0.559,0
1.0,0.701,1
0.0,0.47400000000000003,0
1.0,0.95,1
1.0,0.715,1
-1.0,0.7869999999999999,1
1.0,0.6609999999999999,1
-1.0,0.7939999999999999,1
0.0,0.316,0
1.0,0.632,1
0.0,0.296,0
0.0,0.499,0
0.0,0.41800000000000004,0
1.0,0.651,1
1.0,0.83,0
1.0,0.566,0
0.0,0.46900000000000003,0
-1.0,0.981,1
1.0,0.7929999999999999,0
0.0,0.276,0
0.0,0.403,0
1.0,0.634,0
1.0,0.598,0
-1.0,0.769,1
0.0,0.41200000000000003,0
1.0,0.613,0
-1.0,0.6699999999999999,1
0.0,0.42600000000000005,0
0.0,0.369,0
1.0,0.6659999999999999,1
-1.0,0.701,0
1.0,0.648,1
1.0,0.6789999999999999,1
1.0,0.744,1
-1.0,0.74,1
1.0,0.6849999999999999,0
0.0,0.308,0
1.0,0.884,1
1.0,0.863,0
1.0,0.7989999999999999,0
-1.0,0.8069999999999999,1
1.0,0.7929999999999999,0
0.0,0.278,0
0.0,0.339,0
-1.0,1.0070000000000001,1
1.0,0.621,0
1.0,0.653,1
-1.0,0.652,1
0.0,0.447,0
1.0,0.577,0
1.0,0.544,0
0.0,0.36000000000000004,0
-1.0,0.619,0
-1.0,1.207,1
1.0,0.6799999999999999,1
-1.0,1.3130000000000002,1
0.0,0.28400000000000003,0
1.0,0.697,1
0.0,0.45,0
1.0,0.735,1
0.0,0.43100000000000005,0
0.0,0.306,0
0.0,0.269,0
0.0,0.23399999999999999,0
1.0,0.745,1
1.0,0.9329999999999999,1
0.0,0.294,0
0.0,0.247,0
1.0,0.734,1
1.0,0.737,1
0.0,0.307,0
1.0,0.957,1
-1.0,0.851,0
1.0,0.8099999999999999,1
-1.0,0.715,0
1.0,0.596,0
1.0,0.886,1
1.0,0.834,1
0.0,0.251,0
-1.0,0.866,0
0.0,0.453,0
0.0,0.48500000000000004,0
1.0,0.818,0
1.0,1.31,0
-1.0,0.7929999999999999,1
0.0,0.293,0
1.0,0.759,1
0.0,0.193,0
1.0,0.69,1
1.0,0.982,1
1.0,0.6759999999999999,0
1.0,0.832,1
-1.0,0.8109999999999999,1
0.0,0.35100000000000003,0
0.0,0.512,0
0.0,0.35700000000000004,0
-1.0,0.733,1
1.0,0.8109999999999999,1
1.0,0.6859999999999999,0
1.0,0.6589999999999999,1
0.0,0.403,0
1.0,0.7999999999999999,1
0.0,0.47200000000000003,0
0.0,0.293,0
-1.0,0.655,1
-1.0,0.6839999999999999,1
0.0,0.36200000000000004,0
1.0,0.844,1
-1.0,0.599,0
-1.0,0.6,0
1.0,0.574,0
1.0,0.865,0
0.0,0.42800000000000005,0
-1.0,0.641,1
1.0,0.643,1
0.0,0.28300000000000003,0
0.0,0.28400000000000003,0
0.0,0.194,0
0.0,0.308,0
1.0,0.555,0
-1.0,0.895,1
1.0,0.834,1
-1.0,0.593,0
-1.0,0.707,1
0.0,0.261,0
-1.0,0.997,1
1.0,0.615,0
0.0,0.278,0
1.0,0.762,1
1.0,0.719,1
0.0,0.47200000000000003,0
1.0,0.616,0
1.0,0.9299999999999999,1
1.0,0.744,1
-1.0,0.999,0
0.0,1.578,1
0.0,0.20500000000000002,0
0.0,0.507,0
1.0,0.754,1
1.0,0.691,1
1.0,0.6749999999999999,1
-1.0,0.834,1
0.0,0.28400000000000003,0
1.0,0.688,1
1.0,0.716,1
1.0,0.557,0
0.0,0.48600000000000004,0
1.0,0.781,1
0.0,0.35400000000000004,0
-1.0,0.63,1
1.0,0.743,1
1.0,1.203,0
-1.0,0.713,0
0.0,0.35700000000000004,0
0.0,0.192,0
1.0,0.77,1
1.0,0.697,1
1.0,0.859,1
0.0,0.23199999999999998,0
-1.0,0.715,1
-1.0,0.879,1
0.0,0.378,0
1.0,0.909,1
1.0,0.9299999999999999,1
1.0,0.875,1
1.0,0.628,0
-1.0,0.744,1
1.0,1.012,0
-1.0,0.98,1
0.0,0.508,0
1.0,0.639,1
1.0,0.89,1
0.0,0.291,0
0.0,0.439,0
0.0,0.39,0
0.0,0.28,0
1.0,0.769,1
1.0,0.6699999999999999,1
1.0,0.6669999999999999,1
1.0,1.209,1
1.0,0.5619999999999999,0
1.0,0.6669999999999999,1
1.0,0.7859999999999999,1
-1.0,0.567,0
1.0,1.12,1
1.0,0.77,1
0.0,0.28800000000000003,0
-1.0,0.774,1
1.0,0.619,0
1.0,0.744,1
1.0,0.76,1
1.0,0.572,0
1.0,0.7949999999999999,1
1.0,0.6599999999999999,1
-1.0,0.777,1
1.0,0.763,1
1.0,0.726,1
1.0,0.8059999999999999,1
-1.0,0.849,0
1.0,0.776,1
-1.0,0.645,1
1.0,0.902,1
0.0,0.48600000000000004,0
1.0,1.363,0
0.0,0.47400000000000003,0
-1.0,0.9339999999999999,1
1.0,0.648,0
-1.0,0.631,1
-1.0,0.6569999999999999,1
1.0,1.0170000000000001,1
0.0,0.331,0
1.0,0.991,1
1.0,0.816,1
1.0,0.8019999999999999,0
1.0,0.827,1
1.0,0.6799999999999999,0
0.0,0.447,0
1.0,0.639,1
1.0,0.6569999999999999,1
1.0,0.692,1
0.0,0.392,0
1.0,0.897,1
0.0,0.375,0
0.0,0.49500000000000005,0
-1.0,0.988,0
1.0,0.9169999999999999,1
1.0,0.653,1
1.0,0.7879999999999999,1
1.0,0.754,0
1.0,0.652,1
-1.0,0.9209999999999999,1
1.0,1.078,1
-1.0,0.5619999999999999,0
0.0,0.504,0
-1.0,0.692,0
0.0,0.291,0
0.0,0.42700000000000005,0
1.0,0.6719999999999999,1
0.0,0.435,0
-1.0,0.868,0
1.0,0.652,0
1.0,0.7839999999999999,1
1.0,0.6839999999999999,1
-1.0,0.959,1
1.0,0.642,1
-1.0,1.066,1
0.0,0.297,0
-1.0,1.065,1
1.0,0.776,1
0.0,0.281,0
1.0,0.6679999999999999,1
1.0,0.8009999999999999,1
1.0,0.749,1
-1.0,0.905,1
0.0,0.33,0
1.0,0.836,1
1.0,0.749,0
1.0,0.773,0
-1.0,0.775,1
1.0,0.717,1
1.0,0.817,1
-1.0,0.636,1
0.0,0.194,0
1.0,1.111,1
1.0,0.865,1
0.0,0.293,0
1.0,0.73,0
-1.0,0.767,0
1.0,0.9219999999999999,1
1.0,0.636,1
-1.0,0.616,0
1.0,0.6619999999999999,1
1.0,0.611,0
1.0,0.6789999999999999,0
0.0,0.36400000000000005,0
1.0,0.575,0
-1.0,0.749,1
0.0,0.249,0
1.0,0.734,1
0.0,0.49400000000000005,0
0.0,0.20400000000000001,0
1.0,0.764,1
1.0,0.699,1
1.0,0.868,1
0.0,0.22200000000000003,0
1.0,0.815,1
0.0,0.36800000000000005,0
1.0,0.628,1
1.0,0.537,0
1.0,0.9289999999999999,1
1.0,0.6649999999999999,1
0.0,0.389,0
1.0,0.741,1
-1.0,1.071,1
1.0,0.728,0
1.0,0.7869999999999999,1
-1.0,0.651,1
1.0,0.9179999999999999,1
0.0,0.465,0
1.0,0.65,0
1.0,0.641,1
-1.0,0.87,0
0.0,0.329,0
1.0,0.731,1
-1.0,0.63,1
0.0,0.241,0
-1.0,0.567,0
0.0,0.21800000000000003,0
-1.0,0.773,1
1.0,0.6609999999999999,1
1.0,1.1800000000000002,1
0.0,0.461,0
1.0,0.731,1
1.0,0.9319999999999999,0
1.0,0.9139999999999999,0
0.0,0.332,0
0.0,0.404,0
1.0,0.739,0
1.0,0.75,1
1.0,0.7979999999999999,1
1.0,0.6819999999999999,1
1.0,0.99,1
-1.0,0.591,0
1.0,0.83,1
1.0,0.735,1
1.0,0.572,0
-1.0,0.709,1
0.0,0.383,0
-1.0,0.879,1
-1.0,0.6749999999999999,1
1.0,1.042,1
-1.0,0.711,1
1.0,0.688,0
0.0,0.456,0
0.0,0.196,0
-1.0,0.741,1
0.0,0.289,0
-1.0,0.546,0
1.0,0.773,1
1.0,0.837,1
1.0,0.649,1
1.0,0.6749999999999999,1
0.0,0.191,0
-1.0,0.714,0
-1.0,0.736,0
-1.0,1.1320000000000001,1
1.0,0.589,0
1.0,0.741,1
1.0,0.548,0
-1.0,0.767,0
0.0,0.35800000000000004,0
1.0,0.6669999999999999,0
1.0,0.6729999999999999,0
0.0,0.42500000000000004,0
1.0,0.717,1
0.0,0.374,0
1.0,0.898,1
-1.0,0.597,0
1.0,0.728,1
0.0,0.49300000000000005,0
0.0,0.36800000000000005,0
0.0,0.28200000000000003,0
1.0,0.842,1
1.0,1.048,1
-1.0,1.2770000000000001,0
1.0,0.836,1
0.0,0.307,0
1.0,0.697,1
1.0,0.595,0
0.0,0.29,0
-1.0,0.622,1
0.0,0.255,0
1.0,0.563,0
-1.0,0.912,1
1.0,0.646,1
1.0,0.966,0
0.0,0.46900000000000003,0
1.0,0.6709999999999999,0
1.0,0.7859999999999999,1
-1.0,0.9359999999999999,1
1.0,0.758,0
0.0,0.455,0
0.0,0.49300000000000005,0
-1.0,0.642,1
0.0,0.451,0
1.0,0.532,0
0.0,0.512,0
1.0,0.997,1
0.0,0.26,0
1.0,0.727,0
-1.0,0.6609999999999999,0
-1.0,0.945,1
-1.0,0.622,1
1.0,0.759,1
0.0,0.49000000000000005,0
1.0,0.655,1
1.0,0.609,0
1.0,0.834,1
0.0,0.41700000000000004,0
0.0,0.434,0
1.0,0.6749999999999999,1
-1.0,0.599,0
0.0,0.34,0
1.0,0.761,1
-1.0,0.896,0
1.0,0.753,1
1.0,0.628,1
0.0,0.265,0
1.0,0.632,1
0.0,0.47000000000000003,0
1.0,0.708,1
0.0,0.43100000000000005,0
1.0,0.63,0
1.0,1.248,1
1.0,0.6829999999999999,0
-1.0,0.814,1
1.0,0.636,0
1.0,0.8119999999999999,0
1.0,0.77,0
1.0,0.752,1
1.0,0.526,0
1.0,0.761,1
0.0,0.503,0
0.0,0.256,0
0.0,0.323,0
-1.0,0.567,0
1.0,1.0110000000000001,1
1.0,0.708,1
0.0,0.26,0
-1.0,0.699,1
1.0,0.702,1
0.0,0.299,0
1.0,0.6869999999999999,1
1.0,0.867,1
1.0,0.948,1
1.0,1.338,1
1.0,0.71,1
0.0,0.508,0
1.0,0.781,1
0.0,0.25,0
1.0,0.634,1
-1.0,0.763,0
0.0,0.383,0
1.0,1.042,1
1.0,0.598,0
0.0,0.48500000000000004,0
1.0,0.695,1
1.0,0.744,1
1.0,0.559,0
0.0,0.48000000000000004,0
0.0,0.381,0
1.0,0.823,1
1.0,0.623,1
0.0,0.41000000000000003,0
1.0,0.6649999999999999,1
0.0,0.465,0
0.0,0.47400000000000003,0
-1.0,0.649,0
0.0,0.505,0
1.0,0.755,1
1.0,0.854,1
1.0,0.689,1
0.0,0.47000000000000003,0
0.0,0.454,0
-1.0,0.719,1
0.0,0.441,0
0.0,0.34,0
-1.0,0.899,1
1.0,0.743,1
-1.0,0.759,0
-1.0,0.728,1
0.0,0.36300000000000004,0
1.0,0.84,0
0.0,0.275,0
1.0,0.523,0
-1.0,0.655,1
0.0,0.383,0
0.0,0.384,0
0.0,0.315,0
1.0,0.612,0
-1.0,0.741,1
0.0,0.335,0
0.0,0.448,0
1.0,0.782,0
1.0,0.654,0
1.0,0.759,0
1.0,0.902,1
1.0,0.706,1
0.0,0.42200000000000004,0
-1.0,0.652,1
0.0,0.405,0
1.0,0.959,1
-1.0,0.77,1
1.0,0.903,1
0.0,0.451,0
1.0,1.051,0
0.0,0.468,0
0.0,0.389,0
-1.0,0.877,1
0.0,0.195,0
-1.0,0.827,1
-1.0,0.868,1
-1.0,1.213,1
0.0,0.464,0
1.0,0.765,1
1.0,0.636,1
1.0,0.725,1
0.0,0.35900000000000004,0
-1.0,0.596,0
-1.0,0.973,1
-1.0,0.7949999999999999,1
-1.0,0.6839999999999999,1
1.0,0.698,1
1.0,1.058,1
1.0,0.767,1
-1.0,0.829,1
1.0,0.537,0
1.0,0.761,0
-1.0,0.772,1
0.0,0.186,0
-1.0,0.9159999999999999,1
1.0,0.54,0
1.0,0.6619999999999999,1
0.0,0.371,0
0.0,0.318,0
-1.0,0.766,1
0.0,0.49400000000000005,0
1.0,0.734,1
0.0,0.195,0
1.0,0.905,1
0.0,0.4,0
0.0,0.308,0
-1.0,0.705,0
1.0,0.745,1
1.0,0.697,0
1.0,0.688,1
1.0,0.711,1
1.0,0.577,0
1.0,1.1520000000000001,1
1.0,0.6739999999999999,0
1.0,0.713,0
0.0,0.453,0
0.0,0.336,0
0.0,0.4,0
0.0,0.48100000000000004,0
-1.0,0.761,1
-1.0,0.74,1
1.0,0.952,1
1.0,0.957,1
1.0,0.752,1
0.0,0.26,0
1.0,0.64,0
0.0,0.47500000000000003,0
1.0,0.907,1
1.0,0.6769999999999999,1
1.0,0.7869999999999999,1
-1.0,0.748,1
1.0,0.732,1
1.0,1.0050000000000001,1
1.0,0.6869999999999999,1
1.0,0.7,1
-1.0,1.3010000000000002,1
1.0,0.741,1
1.0,0.778,1
1.0,0.774,1
1.0,0.739,1
-1.0,0.96,1
0.0,0.201,0
-1.0,0.7,1
0.0,0.437,0
1.0,0.898,1
0.0,0.242,0
1.0,1.079,1
0.0,0.382,0
1.0,0.847,1
1.0,1.441,1
-1.0,0.6649999999999999,0
1.0,0.7949999999999999,1
1.0,0.781,1
1.0,0.831,1
-1.0,0.546,0
1.0,0.817,1
0.0,0.306,0
1.0,0.594,0
1.0,0.656,1
1.0,1.034,1
0.0,0.34700000000000003,0
0.0,0.307,0
1.0,0.768,1
0.0,0.295,0
-1.0,0.9189999999999999,1
0.0,0.255,0
1.0,0.6729999999999999,1
0.0,0.463,0
0.0,0.19,0
1.0,0.553,0
0.0,0.49200000000000005,0
0.0,0.308,0
-1.0,0.724,0
0.0,0.276,0
1.0,0.6569999999999999,1
0.0,0.332,0
1.0,0.963,0
-1.0,0.6799999999999999,0
1.0,0.91,1
-1.0,0.938,1
1.0,0.581,0
1.0,0.7839999999999999,1
1.0,0.8079999999999999,1
0.0,0.448,0
1.0,0.873,1
1.0,0.769,1
1.0,0.719,1
0.0,0.439,0
0.0,0.328,0
-1.0,0.599,0
0.0,1.578,1
-1.0,0.626,0
1.0,0.85,1
1.0,0.829,1
0.0,0.389,0
1.0,0.85,1
0.0,0.385,0
-1.0,0.6869999999999999,1
-1.0,0.6769999999999999,1
1.0,1.0810000000000002,1
0.0,0.399,0
0.0,0.36200000000000004,0
0.0,0.21200000000000002,0
0.0,0.258,0
1.0,0.906,0
-1.0,0.644,0
1.0,0.842,0
1.0,0.747,1
0.0,0.243,0
1.0,0.695,1
1.0,0.6849999999999999,1
0.0,0.48400000000000004,0
0.0,0.273,0
1.0,0.637,1
0.0,0.48000000000000004,0
1.0,1.065,1
-1.0,0.754,1
-1.0,0.654,1
1.0,0.817,1
1.0,0.751,0
1.0,0.643,1
0.0,0.511,0
0.0,0.379,0
-1.0,0.954,1
1.0,0.631,1
1.0,0.724,0
1.0,0.596,0
-1.0,0.713,1
-1.0,0.6839999999999999,1
0.0,0.188,0
1.0,0.7909999999999999,1
1.0,1.181,1
0.0,0.454,0
1.0,1.363,1
0.0,0.382,0
-1.0,0.742,1
0.0,0.49300000000000005,0
1.0,0.637,0
1.0,0.6649999999999999,1
1.0,0.701,1
1.0,0.727,1
1.0,1.0370000000000001,1
1.0,0.6599999999999999,1
1.0,0.875,1
1.0,1.0830000000000002,1
1.0,0.645,0
1.0,0.887,1
1.0,0.897,1
1.0,0.9239999999999999,0
0.0,0.252,0
0.0,0.342,0
1.0,0.719,1
0.0,0.305,0
-1.0,0.617,0
0.0,0.252,0
1.0,0.737,1
1.0,0.737,1
1.0,0.553,0
1.0,1.326,1
1.0,0.828,1
0.0,0.26,0
-1.0,0.7979999999999999,0
0.0,0.42900000000000005,0
0.0,0.369,0
1.0,0.743,1
1.0,0.8069999999999999,1
1.0,0.713,1
0.0,0.47600000000000003,0
0.0,0.275,0
1.0,0.969,1
1.0,0.9299999999999999,1
-1.0,0.83,1
1.0,0.859,1
1.0,0.651,1
-1.0,0.641,0
-1.0,0.637,0
1.0,0.776,1
1.0,0.826,1
1.0,0.822,1
0.0,0.404,0
0.0,0.26,0
0.0,0.197,0
0.0,0.514,0
1.0,0.7949999999999999,1
0.0,0.386,0
0.0,0.338,0
1.0,0.91,1
1.0,0.872,1
1.0,0.762,1
1.0,0.712,1
1.0,0.854,1
1.0,0.9359999999999999,1
1.0,0.897,1
0.0,0.497,0
0.0,0.455,0
1.0,0.778,1
1.0,0.778,1
0.0,0.46,0
1.0,0.6779999999999999,1
1.0,1.118,1
1.0,0.6829999999999999,1
1.0,0.7969999999999999,1
1.0,1.3350000000000002,0
1.0,0.648,1
-1.0,0.6659999999999999,1
1.0,0.723,1
1.0,1.045,1
0.0,0.48700000000000004,0
0.0,0.269,0
0.0,0.466,0
1.0,0.776,1
0.0,0.28200000000000003,0
0.0,0.289,0
1.0,0.709,0
1.0,0.782,1
-1.0,0.9319999999999999,1
1.0,0.735,1
1.0,0.6619999999999999,1
0.0,0.49200000000000005,0
1.0,0.762,1
1.0,0.532,0
1.0,0.95,0
1.0,0.732,1
1.0,1.08,1
1.0,0.752,0
1.0,0.8019999999999999,1
-1.0,0.901,1
1.0,0.704,1
0.0,0.23199999999999998,0
0.0,0.45,0
-1.0,0.8089999999999999,1
0.0,0.341,0
0.0,0.20700000000000002,0
-1.0,0.697,1
0.0,0.48200000000000004,0
1.0,0.594,0
-1.0,0.624,0
