Dates,DoW,Age,Subject,Board,Trials,TrialsLeft,TrialsRight,ChoseLeft,ChoseRight,Hits,HitsLeft,HitsRight,HitsRep,HitsAlt,Errors,ErrorsLeft,ErrorsRight,Performance,PerformanceLeft,PerformanceRight,Responses,ResponsesLeft,ResponsesRight,Repetitions,RepsLeft,RepsRight,RepRateLeft,RepRateRight,Alternations,AltsLeft,AltsRight,AltRateLeft,AltRateRight,Accuracy,AccuracyLeft,AccuracyRight,AccMaxEvi,LateralBias,AccuracyRep,AccuracyAlt,RepBias,CorrRepBias,CorrAltBias,Misses,MissesLeft,MissesRight,MissRate,MissRateLeft,MissRateRight,Rewards,RewardsLeft,RewardsRight,Water,WaterLeft,WaterRight,Stage,SoundsMismatch,NoSound,MessageCount,P,VarDelay,PCRight,xPCRight,yPCRight,FitPCRight,FitErrorPCRight,ParamsPCRight,SensitivityPCRight,BiasPCRight,LapseRight,LapseLeft,PCRep,xPCRep,yPCRep,FitPCRep,FitErrorPCRep,ParamsPCRep,SensitivityPCRep,BiasPCRep,LapseRep,LapseAlt
2023-09-13,2,200,907,['Bpod0'],468,233,235,304,160,272,171,101,159,109,192,59,133,0.5811965811965812,0.7339055793991416,0.4297872340425532,464,230,234,302,222,80,0.7302631578947368,0.5,157,78,79,0.2565789473684211,0.49375,0.5862068965517241,0.7434782608695653,0.43162393162393164,0.6233333333333333,-0.3118543292456336,0.5264900662251656,0.6942675159235668,-0.16777744969840125,0.6151315789473684,0.3751644736842106,4,3,1,0.008547008547008548,0.012875536480686695,0.00425531914893617,272,171,101,680.0,427.5,252.5,0,0,0,0,0.5,0.5,"psych_curve(xdata=array([-70.,  -8.,  -4.,  -2.,   0.,   2.,   4.,   8.,  70.]), ydata=[0.216, 0.273, 0.421, 0.36, 0.167, 0.481, 0.435, 0.417, 0.456], fit=[0.29, 0.29, 0.29, 0.29, 0.29, 0.29, 0.29, 0.29, 0.29, 0.29, 0.29, 0.29, 0.29, 0.29, 0.29, 0.29, 0.29, 0.29, 0.29, 0.29, 0.29, 0.29, 0.29, 0.29, 0.29, 0.29, 0.29, 0.29, 0.29, 0.29, 0.29, 0.29, 0.29, 0.29, 0.29, 0.29, 0.29, 0.29, 0.29, 0.29, 0.29, 0.29, 0.29, 0.29, 0.29, 0.29, 0.29, 0.29, 0.29, 0.29, 0.405, 0.45, 0.45, 0.45, 0.45, 0.45, 0.45, 0.45, 0.45, 0.45, 0.45, 0.45, 0.45, 0.45, 0.45, 0.45, 0.45, 0.45, 0.45, 0.45, 0.45, 0.45, 0.45, 0.45, 0.45, 0.45, 0.45, 0.45, 0.45, 0.45, 0.45, 0.45, 0.45, 0.45, 0.45, 0.45, 0.45, 0.45, 0.45, 0.45, 0.45, 0.45, 0.45, 0.45, 0.45, 0.45, 0.45, 0.45, 0.45, 0.45], params=[19.9, 0.66, 0.29, 0.55], fit_error=[0.033, 0.097, 0.116, 0.098, 0.078, 0.098, 0.106, 0.103, 0.041])",[-70.  -8.  -4.  -2.   0.   2.   4.   8.  70.],"[0.216, 0.273, 0.421, 0.36, 0.167, 0.481, 0.435, 0.417, 0.456]","[0.29, 0.29, 0.29, 0.29, 0.29, 0.29, 0.29, 0.29, 0.29, 0.29, 0.29, 0.29, 0.29, 0.29, 0.29, 0.29, 0.29, 0.29, 0.29, 0.29, 0.29, 0.29, 0.29, 0.29, 0.29, 0.29, 0.29, 0.29, 0.29, 0.29, 0.29, 0.29, 0.29, 0.29, 0.29, 0.29, 0.29, 0.29, 0.29, 0.29, 0.29, 0.29, 0.29, 0.29, 0.29, 0.29, 0.29, 0.29, 0.29, 0.29, 0.405, 0.45, 0.45, 0.45, 0.45, 0.45, 0.45, 0.45, 0.45, 0.45, 0.45, 0.45, 0.45, 0.45, 0.45, 0.45, 0.45, 0.45, 0.45, 0.45, 0.45, 0.45, 0.45, 0.45, 0.45, 0.45, 0.45, 0.45, 0.45, 0.45, 0.45, 0.45, 0.45, 0.45, 0.45, 0.45, 0.45, 0.45, 0.45, 0.45, 0.45, 0.45, 0.45, 0.45, 0.45, 0.45, 0.45, 0.45, 0.45, 0.45]","[0.033, 0.097, 0.116, 0.098, 0.078, 0.098, 0.106, 0.103, 0.041]","[19.9, 0.66, 0.29, 0.55]",19.9,0.66,0.29,0.55,"psych_curve(xdata=array([-70.,  -8.,  -4.,  -2.,   0.,   2.,   4.,   8.,  70.]), ydata=[0.544, 0.5, 0.643, 0.517, 0.833, 0.652, 0.786, 0.636, 0.81], fit=[nan, nan, nan, nan, nan, nan, nan, nan, nan, nan, nan, nan, nan, nan, nan, nan, nan, nan, nan, nan, nan, nan, nan, nan, nan, nan, nan, nan, nan, nan, nan, nan, nan, nan, nan, nan, nan, nan, nan, nan, nan, nan, nan, nan, nan, nan, nan, nan, nan, nan, nan, nan, nan, nan, nan, nan, nan, nan, nan, nan, nan, nan, nan, nan, nan, nan, nan, nan, nan, nan, nan, nan, nan, nan, nan, nan, nan, nan, nan, nan, nan, nan, nan, nan, nan, nan, nan, nan, nan, nan, nan, nan, nan, nan, nan, nan, nan, nan, nan, nan], params=[15.07, -1.29, 0.55, 0.26], fit_error=[0.04, 0.104, 0.092, 0.094, 0.078, 0.102, 0.114, 0.105, 0.034])",[-70.  -8.  -4.  -2.   0.   2.   4.   8.  70.],"[0.216, 0.273, 0.421, 0.36, 0.167, 0.481, 0.435, 0.417, 0.456]","[0.29, 0.29, 0.29, 0.29, 0.29, 0.29, 0.29, 0.29, 0.29, 0.29, 0.29, 0.29, 0.29, 0.29, 0.29, 0.29, 0.29, 0.29, 0.29, 0.29, 0.29, 0.29, 0.29, 0.29, 0.29, 0.29, 0.29, 0.29, 0.29, 0.29, 0.29, 0.29, 0.29, 0.29, 0.29, 0.29, 0.29, 0.29, 0.29, 0.29, 0.29, 0.29, 0.29, 0.29, 0.29, 0.29, 0.29, 0.29, 0.29, 0.29, 0.405, 0.45, 0.45, 0.45, 0.45, 0.45, 0.45, 0.45, 0.45, 0.45, 0.45, 0.45, 0.45, 0.45, 0.45, 0.45, 0.45, 0.45, 0.45, 0.45, 0.45, 0.45, 0.45, 0.45, 0.45, 0.45, 0.45, 0.45, 0.45, 0.45, 0.45, 0.45, 0.45, 0.45, 0.45, 0.45, 0.45, 0.45, 0.45, 0.45, 0.45, 0.45, 0.45, 0.45, 0.45, 0.45, 0.45, 0.45, 0.45, 0.45]","[0.033, 0.097, 0.116, 0.098, 0.078, 0.098, 0.106, 0.103, 0.041]","[15.07, -1.29, 0.55, 0.26]",15.07,-1.29,0.55,0.26
2023-09-14,3,201,907,['Bpod0'],637,323,314,357,265,414,233,181,227,184,208,84,124,0.6499215070643642,0.7213622291021672,0.5764331210191083,622,317,305,351,219,132,0.6134453781512605,0.4981132075471698,266,133,133,0.37254901960784315,0.5018867924528302,0.6655948553054662,0.7350157728706624,0.5934426229508196,0.7256410256410256,-0.14157314991984282,0.6467236467236467,0.6917293233082706,-0.045005676584623955,0.5557792928492151,0.43721790603033667,15,6,9,0.023547880690737835,0.018575851393188854,0.028662420382165606,414,233,181,1035.0,582.5,452.5,0,0,0,0,0.5,0.5,"psych_curve(xdata=array([-70.,  -8.,  -4.,  -2.,   0.,   2.,   4.,   8.,  70.]), ydata=[0.222, 0.36, 0.31, 0.259, 0.353, 0.438, 0.457, 0.649, 0.668], fit=[0.28, 0.28, 0.28, 0.28, 0.28, 0.28, 0.28, 0.28, 0.28, 0.28, 0.28, 0.28, 0.28, 0.28, 0.28, 0.28, 0.28, 0.28, 0.28, 0.28, 0.28, 0.28, 0.28, 0.28, 0.28, 0.28, 0.28, 0.28, 0.28, 0.28, 0.28, 0.28, 0.28, 0.28, 0.28, 0.28, 0.28, 0.28, 0.28, 0.28, 0.28, 0.28, 0.281, 0.281, 0.282, 0.284, 0.287, 0.293, 0.305, 0.325, 0.359, 0.408, 0.469, 0.533, 0.587, 0.625, 0.649, 0.663, 0.671, 0.675, 0.678, 0.679, 0.679, 0.68, 0.68, 0.68, 0.68, 0.68, 0.68, 0.68, 0.68, 0.68, 0.68, 0.68, 0.68, 0.68, 0.68, 0.68, 0.68, 0.68, 0.68, 0.68, 0.68, 0.68, 0.68, 0.68, 0.68, 0.68, 0.68, 0.68, 0.68, 0.68, 0.68, 0.68, 0.68, 0.68, 0.68, 0.68, 0.68, 0.68], params=[0.46, 3.77, 0.28, 0.32], fit_error=[0.029, 0.098, 0.072, 0.086, 0.083, 0.089, 0.085, 0.08, 0.035])",[-70.  -8.  -4.  -2.   0.   2.   4.   8.  70.],"[0.222, 0.36, 0.31, 0.259, 0.353, 0.438, 0.457, 0.649, 0.668]","[0.28, 0.28, 0.28, 0.28, 0.28, 0.28, 0.28, 0.28, 0.28, 0.28, 0.28, 0.28, 0.28, 0.28, 0.28, 0.28, 0.28, 0.28, 0.28, 0.28, 0.28, 0.28, 0.28, 0.28, 0.28, 0.28, 0.28, 0.28, 0.28, 0.28, 0.28, 0.28, 0.28, 0.28, 0.28, 0.28, 0.28, 0.28, 0.28, 0.28, 0.28, 0.28, 0.281, 0.281, 0.282, 0.284, 0.287, 0.293, 0.305, 0.325, 0.359, 0.408, 0.469, 0.533, 0.587, 0.625, 0.649, 0.663, 0.671, 0.675, 0.678, 0.679, 0.679, 0.68, 0.68, 0.68, 0.68, 0.68, 0.68, 0.68, 0.68, 0.68, 0.68, 0.68, 0.68, 0.68, 0.68, 0.68, 0.68, 0.68, 0.68, 0.68, 0.68, 0.68, 0.68, 0.68, 0.68, 0.68, 0.68, 0.68, 0.68, 0.68, 0.68, 0.68, 0.68, 0.68, 0.68, 0.68, 0.68, 0.68]","[0.029, 0.098, 0.072, 0.086, 0.083, 0.089, 0.085, 0.08, 0.035]","[0.46, 3.77, 0.28, 0.32]",0.46,3.77,0.28,0.32,"psych_curve(xdata=array([-70.,  -8.,  -4.,  -2.,  -0.,   2.,   4.,   8.,  70.]), ydata=[0.32, 0.412, 0.5, 0.652, 0.647, 0.714, 0.641, 0.714, 0.78], fit=[nan, nan, nan, nan, nan, nan, nan, nan, nan, nan, nan, nan, nan, nan, nan, nan, nan, nan, nan, nan, nan, nan, nan, nan, nan, nan, nan, nan, nan, nan, nan, nan, nan, nan, nan, nan, nan, nan, nan, nan, nan, nan, nan, nan, nan, nan, nan, nan, nan, nan, nan, nan, nan, nan, nan, nan, nan, nan, nan, nan, nan, nan, nan, nan, nan, nan, nan, nan, nan, nan, nan, nan, nan, nan, nan, nan, nan, nan, nan, nan, nan, nan, nan, nan, nan, nan, nan, nan, nan, nan, nan, nan, nan, nan, nan, nan, nan, nan, nan, nan], params=[0.32, -4.24, 0.32, 0.26], fit_error=[0.033, 0.086, 0.085, 0.102, 0.083, 0.077, 0.078, 0.087, 0.03])",[-70.  -8.  -4.  -2.   0.   2.   4.   8.  70.],"[0.222, 0.36, 0.31, 0.259, 0.353, 0.438, 0.457, 0.649, 0.668]","[0.28, 0.28, 0.28, 0.28, 0.28, 0.28, 0.28, 0.28, 0.28, 0.28, 0.28, 0.28, 0.28, 0.28, 0.28, 0.28, 0.28, 0.28, 0.28, 0.28, 0.28, 0.28, 0.28, 0.28, 0.28, 0.28, 0.28, 0.28, 0.28, 0.28, 0.28, 0.28, 0.28, 0.28, 0.28, 0.28, 0.28, 0.28, 0.28, 0.28, 0.28, 0.28, 0.281, 0.281, 0.282, 0.284, 0.287, 0.293, 0.305, 0.325, 0.359, 0.408, 0.469, 0.533, 0.587, 0.625, 0.649, 0.663, 0.671, 0.675, 0.678, 0.679, 0.679, 0.68, 0.68, 0.68, 0.68, 0.68, 0.68, 0.68, 0.68, 0.68, 0.68, 0.68, 0.68, 0.68, 0.68, 0.68, 0.68, 0.68, 0.68, 0.68, 0.68, 0.68, 0.68, 0.68, 0.68, 0.68, 0.68, 0.68, 0.68, 0.68, 0.68, 0.68, 0.68, 0.68, 0.68, 0.68, 0.68, 0.68]","[0.029, 0.098, 0.072, 0.086, 0.083, 0.089, 0.085, 0.08, 0.035]","[0.32, -4.24, 0.32, 0.26]",0.32,-4.24,0.32,0.26
2023-09-15,4,202,907,['Bpod0'],655,328,327,382,263,445,253,192,255,188,200,71,129,0.6793893129770993,0.7713414634146342,0.5871559633027523,645,324,321,371,244,127,0.6387434554973822,0.4828897338403042,271,135,136,0.35340314136125656,0.5171102661596958,0.689922480620155,0.7808641975308642,0.5981308411214953,0.7532467532467533,-0.18273335640936894,0.6873315363881402,0.6937269372693727,-0.0063954008812325824,0.5608165946688433,0.4352567037604762,10,4,6,0.015267175572519083,0.012195121951219513,0.01834862385321101,445,253,192,1112.5,632.5,480.0,0,0,0,0,0.5,0.5,"psych_curve(xdata=array([-70.,  -8.,  -4.,  -2.,   0.,   2.,   4.,   8.,  70.]), ydata=[0.15, 0.395, 0.226, 0.344, 0.5, 0.477, 0.5, 0.659, 0.64], fit=[0.19, 0.19, 0.19, 0.19, 0.19, 0.19, 0.19, 0.19, 0.19, 0.19, 0.19, 0.19, 0.19, 0.19, 0.19, 0.19, 0.19, 0.19, 0.19, 0.19, 0.19, 0.19, 0.19, 0.19, 0.19, 0.19, 0.19, 0.19, 0.191, 0.191, 0.191, 0.192, 0.192, 0.193, 0.194, 0.195, 0.197, 0.2, 0.203, 0.208, 0.215, 0.223, 0.234, 0.248, 0.266, 0.287, 0.314, 0.345, 0.379, 0.415, 0.453, 0.489, 0.522, 0.552, 0.578, 0.599, 0.616, 0.629, 0.639, 0.647, 0.653, 0.657, 0.661, 0.663, 0.665, 0.666, 0.667, 0.668, 0.669, 0.669, 0.669, 0.669, 0.67, 0.67, 0.67, 0.67, 0.67, 0.67, 0.67, 0.67, 0.67, 0.67, 0.67, 0.67, 0.67, 0.67, 0.67, 0.67, 0.67, 0.67, 0.67, 0.67, 0.67, 0.67, 0.67, 0.67, 0.67, 0.67, 0.67, 0.67], params=[0.22, -0.15, 0.19, 0.33], fit_error=[0.025, 0.075, 0.076, 0.085, 0.096, 0.076, 0.082, 0.072, 0.036])",[-70.  -8.  -4.  -2.   0.   2.   4.   8.  70.],"[0.15, 0.395, 0.226, 0.344, 0.5, 0.477, 0.5, 0.659, 0.64]","[0.19, 0.19, 0.19, 0.19, 0.19, 0.19, 0.19, 0.19, 0.19, 0.19, 0.19, 0.19, 0.19, 0.19, 0.19, 0.19, 0.19, 0.19, 0.19, 0.19, 0.19, 0.19, 0.19, 0.19, 0.19, 0.19, 0.19, 0.19, 0.191, 0.191, 0.191, 0.192, 0.192, 0.193, 0.194, 0.195, 0.197, 0.2, 0.203, 0.208, 0.215, 0.223, 0.234, 0.248, 0.266, 0.287, 0.314, 0.345, 0.379, 0.415, 0.453, 0.489, 0.522, 0.552, 0.578, 0.599, 0.616, 0.629, 0.639, 0.647, 0.653, 0.657, 0.661, 0.663, 0.665, 0.666, 0.667, 0.668, 0.669, 0.669, 0.669, 0.669, 0.67, 0.67, 0.67, 0.67, 0.67, 0.67, 0.67, 0.67, 0.67, 0.67, 0.67, 0.67, 0.67, 0.67, 0.67, 0.67, 0.67, 0.67, 0.67, 0.67, 0.67, 0.67, 0.67, 0.67, 0.67, 0.67, 0.67, 0.67]","[0.025, 0.075, 0.076, 0.085, 0.096, 0.076, 0.082, 0.072, 0.036]","[0.22, -0.15, 0.19, 0.33]",0.22,-0.15,0.19,0.33,"psych_curve(xdata=array([-70.,  -8.,  -4.,  -2.,  -0.,   2.,   4.,   8.,  70.]), ydata=[0.311, 0.463, 0.528, 0.444, 0.571, 0.551, 0.788, 0.717, 0.814], fit=[nan, nan, nan, nan, nan, nan, nan, nan, nan, nan, nan, nan, nan, nan, nan, nan, nan, nan, nan, nan, nan, nan, nan, nan, nan, nan, nan, nan, nan, nan, nan, nan, nan, nan, nan, nan, nan, nan, nan, nan, nan, nan, nan, nan, nan, nan, nan, nan, nan, nan, nan, nan, nan, nan, nan, nan, nan, nan, nan, nan, nan, nan, nan, nan, nan, nan, nan, nan, nan, nan, nan, nan, nan, nan, nan, nan, nan, nan, nan, nan, nan, nan, nan, nan, nan, nan, nan, nan, nan, nan, nan, nan, nan, nan, nan, nan, nan, nan, nan, nan], params=[0.19, -0.0, 0.33, 0.18], fit_error=[0.034, 0.079, 0.084, 0.097, 0.095, 0.072, 0.072, 0.067, 0.028])",[-70.  -8.  -4.  -2.   0.   2.   4.   8.  70.],"[0.15, 0.395, 0.226, 0.344, 0.5, 0.477, 0.5, 0.659, 0.64]","[0.19, 0.19, 0.19, 0.19, 0.19, 0.19, 0.19, 0.19, 0.19, 0.19, 0.19, 0.19, 0.19, 0.19, 0.19, 0.19, 0.19, 0.19, 0.19, 0.19, 0.19, 0.19, 0.19, 0.19, 0.19, 0.19, 0.19, 0.19, 0.191, 0.191, 0.191, 0.192, 0.192, 0.193, 0.194, 0.195, 0.197, 0.2, 0.203, 0.208, 0.215, 0.223, 0.234, 0.248, 0.266, 0.287, 0.314, 0.345, 0.379, 0.415, 0.453, 0.489, 0.522, 0.552, 0.578, 0.599, 0.616, 0.629, 0.639, 0.647, 0.653, 0.657, 0.661, 0.663, 0.665, 0.666, 0.667, 0.668, 0.669, 0.669, 0.669, 0.669, 0.67, 0.67, 0.67, 0.67, 0.67, 0.67, 0.67, 0.67, 0.67, 0.67, 0.67, 0.67, 0.67, 0.67, 0.67, 0.67, 0.67, 0.67, 0.67, 0.67, 0.67, 0.67, 0.67, 0.67, 0.67, 0.67, 0.67, 0.67]","[0.025, 0.075, 0.076, 0.085, 0.096, 0.076, 0.082, 0.072, 0.036]","[0.19, -0.0, 0.33, 0.18]",0.19,-0.0,0.33,0.18
2023-09-18,0,205,907,['Bpod0'],769,376,393,533,225,497,322,175,312,181,261,50,211,0.64629388816645,0.8563829787234043,0.44529262086513993,758,372,386,493,397,96,0.7448405253283302,0.4266666666666667,257,128,129,0.2401500938086304,0.5733333333333334,0.6556728232189973,0.8655913978494624,0.4533678756476684,0.7122153209109731,-0.412223522201794,0.6328600405679513,0.7042801556420234,-0.07142011507407209,0.5857535959974984,0.4067417135709819,11,4,7,0.014304291287386216,0.010638297872340425,0.017811704834605598,497,322,175,1242.5,805.0,437.5,0,0,0,0,0.5,0.5,"psych_curve(xdata=array([-70.,  -8.,  -4.,  -2.,   0.,   2.,   4.,   8.,  70.]), ydata=[0.107, 0.083, 0.194, 0.194, 0.356, 0.28, 0.368, 0.308, 0.529], fit=[0.08, 0.08, 0.08, 0.08, 0.08, 0.08, 0.08, 0.08, 0.08, 0.08, 0.08, 0.08, 0.08, 0.08, 0.08, 0.08, 0.08, 0.08, 0.08, 0.08, 0.08, 0.08, 0.081, 0.081, 0.081, 0.081, 0.081, 0.082, 0.082, 0.083, 0.084, 0.084, 0.086, 0.087, 0.089, 0.091, 0.093, 0.097, 0.101, 0.106, 0.112, 0.119, 0.128, 0.138, 0.151, 0.165, 0.181, 0.2, 0.22, 0.243, 0.266, 0.29, 0.314, 0.338, 0.361, 0.382, 0.402, 0.419, 0.434, 0.447, 0.458, 0.468, 0.476, 0.482, 0.488, 0.492, 0.495, 0.498, 0.501, 0.502, 0.504, 0.505, 0.506, 0.507, 0.508, 0.508, 0.508, 0.509, 0.509, 0.509, 0.509, 0.509, 0.51, 0.51, 0.51, 0.51, 0.51, 0.51, 0.51, 0.51, 0.51, 0.51, 0.51, 0.51, 0.51, 0.51, 0.51, 0.51, 0.51, 0.51], params=[0.16, 2.4, 0.08, 0.49], fit_error=[0.02, 0.047, 0.072, 0.067, 0.072, 0.064, 0.079, 0.075, 0.032])",[-70.  -8.  -4.  -2.   0.   2.   4.   8.  70.],"[0.107, 0.083, 0.194, 0.194, 0.356, 0.28, 0.368, 0.308, 0.529]","[0.08, 0.08, 0.08, 0.08, 0.08, 0.08, 0.08, 0.08, 0.08, 0.08, 0.08, 0.08, 0.08, 0.08, 0.08, 0.08, 0.08, 0.08, 0.08, 0.08, 0.08, 0.08, 0.081, 0.081, 0.081, 0.081, 0.081, 0.082, 0.082, 0.083, 0.084, 0.084, 0.086, 0.087, 0.089, 0.091, 0.093, 0.097, 0.101, 0.106, 0.112, 0.119, 0.128, 0.138, 0.151, 0.165, 0.181, 0.2, 0.22, 0.243, 0.266, 0.29, 0.314, 0.338, 0.361, 0.382, 0.402, 0.419, 0.434, 0.447, 0.458, 0.468, 0.476, 0.482, 0.488, 0.492, 0.495, 0.498, 0.501, 0.502, 0.504, 0.505, 0.506, 0.507, 0.508, 0.508, 0.508, 0.509, 0.509, 0.509, 0.509, 0.509, 0.51, 0.51, 0.51, 0.51, 0.51, 0.51, 0.51, 0.51, 0.51, 0.51, 0.51, 0.51, 0.51, 0.51, 0.51, 0.51, 0.51, 0.51]","[0.02, 0.047, 0.072, 0.067, 0.072, 0.064, 0.079, 0.075, 0.032]","[0.16, 2.4, 0.08, 0.49]",0.16,2.4,0.08,0.49,"psych_curve(xdata=array([-70.,  -8.,  -4.,  -2.,  -0.,   2.,   4.,   8.,  70.]), ydata=[0.444, 0.625, 0.5, 0.612, 0.711, 0.667, 0.645, 0.767, 0.857], fit=[nan, nan, nan, nan, nan, nan, nan, nan, nan, nan, nan, nan, nan, nan, nan, nan, nan, nan, nan, nan, nan, nan, nan, nan, nan, nan, nan, nan, nan, nan, nan, nan, nan, nan, nan, nan, nan, nan, nan, nan, nan, nan, nan, nan, nan, nan, nan, nan, nan, nan, nan, nan, nan, nan, nan, nan, nan, nan, nan, nan, nan, nan, nan, nan, nan, nan, nan, nan, nan, nan, nan, nan, nan, nan, nan, nan, nan, nan, nan, nan, nan, nan, nan, nan, nan, nan, nan, nan, nan, nan, nan, nan, nan, nan, nan, nan, nan, nan, nan, nan], params=[0.12, 0.98, 0.45, 0.14], fit_error=[0.033, 0.087, 0.082, 0.07, 0.068, 0.08, 0.087, 0.065, 0.022])",[-70.  -8.  -4.  -2.   0.   2.   4.   8.  70.],"[0.107, 0.083, 0.194, 0.194, 0.356, 0.28, 0.368, 0.308, 0.529]","[0.08, 0.08, 0.08, 0.08, 0.08, 0.08, 0.08, 0.08, 0.08, 0.08, 0.08, 0.08, 0.08, 0.08, 0.08, 0.08, 0.08, 0.08, 0.08, 0.08, 0.08, 0.08, 0.081, 0.081, 0.081, 0.081, 0.081, 0.082, 0.082, 0.083, 0.084, 0.084, 0.086, 0.087, 0.089, 0.091, 0.093, 0.097, 0.101, 0.106, 0.112, 0.119, 0.128, 0.138, 0.151, 0.165, 0.181, 0.2, 0.22, 0.243, 0.266, 0.29, 0.314, 0.338, 0.361, 0.382, 0.402, 0.419, 0.434, 0.447, 0.458, 0.468, 0.476, 0.482, 0.488, 0.492, 0.495, 0.498, 0.501, 0.502, 0.504, 0.505, 0.506, 0.507, 0.508, 0.508, 0.508, 0.509, 0.509, 0.509, 0.509, 0.509, 0.51, 0.51, 0.51, 0.51, 0.51, 0.51, 0.51, 0.51, 0.51, 0.51, 0.51, 0.51, 0.51, 0.51, 0.51, 0.51, 0.51, 0.51]","[0.02, 0.047, 0.072, 0.067, 0.072, 0.064, 0.079, 0.075, 0.032]","[0.12, 0.98, 0.45, 0.14]",0.12,0.98,0.45,0.14
2023-09-19,1,206,907,['Bpod0'],555,275,280,323,207,352,204,148,175,164,178,59,119,0.6342342342342342,0.7418181818181818,0.5285714285714286,530,263,267,269,188,81,0.5820433436532507,0.391304347826087,243,119,124,0.3684210526315789,0.5990338164251208,0.6641509433962264,0.7756653992395437,0.5543071161048689,0.7380952380952381,-0.22135828313467476,0.6505576208178439,0.6748971193415638,-0.02433949852371997,0.4866738457396689,0.4837274345283499,25,12,13,0.04504504504504504,0.04363636363636364,0.04642857142857143,352,204,148,880.0,510.0,370.0,0,0,167,0,0.5,0.5,"psych_curve(xdata=array([-70.,  -8.,  -4.,  -2.,   0.,   2.,   4.,   8.,  70.]), ydata=[0.171, 0.273, 0.357, 0.333, 0.333, 0.393, 0.353, 0.538, 0.645], fit=[0.18, 0.18, 0.18, 0.18, 0.18, 0.18, 0.18, 0.18, 0.18, 0.18, 0.18, 0.18, 0.18, 0.18, 0.18, 0.181, 0.181, 0.181, 0.181, 0.181, 0.181, 0.182, 0.182, 0.182, 0.183, 0.183, 0.184, 0.185, 0.186, 0.187, 0.188, 0.19, 0.192, 0.194, 0.196, 0.2, 0.203, 0.208, 0.213, 0.219, 0.226, 0.235, 0.244, 0.255, 0.267, 0.281, 0.296, 0.313, 0.331, 0.351, 0.371, 0.392, 0.414, 0.436, 0.457, 0.477, 0.497, 0.515, 0.532, 0.548, 0.562, 0.574, 0.585, 0.595, 0.603, 0.61, 0.616, 0.622, 0.626, 0.63, 0.633, 0.636, 0.638, 0.64, 0.642, 0.643, 0.644, 0.645, 0.646, 0.647, 0.647, 0.648, 0.648, 0.648, 0.649, 0.649, 0.649, 0.649, 0.649, 0.649, 0.65, 0.65, 0.65, 0.65, 0.65, 0.65, 0.65, 0.65, 0.65, 0.65], params=[0.13, 3.6, 0.18, 0.35], fit_error=[0.029, 0.079, 0.092, 0.105, 0.098, 0.094, 0.083, 0.1, 0.037])",[-70.  -8.  -4.  -2.   0.   2.   4.   8.  70.],"[0.171, 0.273, 0.357, 0.333, 0.333, 0.393, 0.353, 0.538, 0.645]","[0.18, 0.18, 0.18, 0.18, 0.18, 0.18, 0.18, 0.18, 0.18, 0.18, 0.18, 0.18, 0.18, 0.18, 0.18, 0.181, 0.181, 0.181, 0.181, 0.181, 0.181, 0.182, 0.182, 0.182, 0.183, 0.183, 0.184, 0.185, 0.186, 0.187, 0.188, 0.19, 0.192, 0.194, 0.196, 0.2, 0.203, 0.208, 0.213, 0.219, 0.226, 0.235, 0.244, 0.255, 0.267, 0.281, 0.296, 0.313, 0.331, 0.351, 0.371, 0.392, 0.414, 0.436, 0.457, 0.477, 0.497, 0.515, 0.532, 0.548, 0.562, 0.574, 0.585, 0.595, 0.603, 0.61, 0.616, 0.622, 0.626, 0.63, 0.633, 0.636, 0.638, 0.64, 0.642, 0.643, 0.644, 0.645, 0.646, 0.647, 0.647, 0.648, 0.648, 0.648, 0.649, 0.649, 0.649, 0.649, 0.649, 0.649, 0.65, 0.65, 0.65, 0.65, 0.65, 0.65, 0.65, 0.65, 0.65, 0.65]","[0.029, 0.079, 0.092, 0.105, 0.098, 0.094, 0.083, 0.1, 0.037]","[0.13, 3.6, 0.18, 0.35]",0.13,3.6,0.18,0.35,"psych_curve(xdata=array([-70.,  -8.,  -4.,  -2.,  -0.,   2.,   4.,   8.,  70.]), ydata=[0.293, 0.231, 0.696, 0.65, 0.478, 0.621, 0.579, 0.562, 0.776], fit=[nan, nan, nan, nan, nan, nan, nan, nan, nan, nan, nan, nan, nan, nan, nan, nan, nan, nan, nan, nan, nan, nan, nan, nan, nan, nan, nan, nan, nan, nan, nan, nan, nan, nan, nan, nan, nan, nan, nan, nan, nan, nan, nan, nan, nan, nan, nan, nan, nan, nan, nan, nan, nan, nan, nan, nan, nan, nan, nan, nan, nan, nan, nan, nan, nan, nan, nan, nan, nan, nan, nan, nan, nan, nan, nan, nan, nan, nan, nan, nan, nan, nan, nan, nan, nan, nan, nan, nan, nan, nan, nan, nan, nan, nan, nan, nan, nan, nan, nan, nan], params=[5.75, -5.97, 0.26, 0.38], fit_error=[0.035, 0.084, 0.098, 0.109, 0.106, 0.092, 0.081, 0.089, 0.035])",[-70.  -8.  -4.  -2.   0.   2.   4.   8.  70.],"[0.171, 0.273, 0.357, 0.333, 0.333, 0.393, 0.353, 0.538, 0.645]","[0.18, 0.18, 0.18, 0.18, 0.18, 0.18, 0.18, 0.18, 0.18, 0.18, 0.18, 0.18, 0.18, 0.18, 0.18, 0.181, 0.181, 0.181, 0.181, 0.181, 0.181, 0.182, 0.182, 0.182, 0.183, 0.183, 0.184, 0.185, 0.186, 0.187, 0.188, 0.19, 0.192, 0.194, 0.196, 0.2, 0.203, 0.208, 0.213, 0.219, 0.226, 0.235, 0.244, 0.255, 0.267, 0.281, 0.296, 0.313, 0.331, 0.351, 0.371, 0.392, 0.414, 0.436, 0.457, 0.477, 0.497, 0.515, 0.532, 0.548, 0.562, 0.574, 0.585, 0.595, 0.603, 0.61, 0.616, 0.622, 0.626, 0.63, 0.633, 0.636, 0.638, 0.64, 0.642, 0.643, 0.644, 0.645, 0.646, 0.647, 0.647, 0.648, 0.648, 0.648, 0.649, 0.649, 0.649, 0.649, 0.649, 0.649, 0.65, 0.65, 0.65, 0.65, 0.65, 0.65, 0.65, 0.65, 0.65, 0.65]","[0.029, 0.079, 0.092, 0.105, 0.098, 0.094, 0.083, 0.1, 0.037]","[5.75, -5.97, 0.26, 0.38]",5.75,-5.97,0.26,0.38
2023-10-03,1,220,907,['Bpod0'],543,275,268,366,168,346,224,122,198,147,188,46,142,0.6372007366482505,0.8145454545454546,0.4552238805970149,534,270,264,327,261,66,0.7131147540983607,0.39285714285714285,204,102,102,0.2786885245901639,0.6071428571428571,0.6479400749063671,0.8296296296296296,0.4621212121212121,0.6897506925207756,-0.3675084175084175,0.6055045871559633,0.7205882352941176,-0.1150836481381543,0.5529859484777517,0.4429156908665105,9,5,4,0.016574585635359115,0.01818181818181818,0.014925373134328358,346,224,122,865.0,560.0,305.0,0,0,0,0,0.5,0.5,"psych_curve(xdata=array([-70.,  -8.,  -4.,  -2.,   0.,   2.,   4.,   8.,  70.]), ydata=[0.121, 0.214, 0.292, 0.2, 0.35, 0.259, 0.348, 0.562, 0.513], fit=[0.19, 0.19, 0.19, 0.19, 0.19, 0.19, 0.19, 0.19, 0.19, 0.19, 0.19, 0.19, 0.19, 0.19, 0.19, 0.19, 0.19, 0.19, 0.19, 0.19, 0.19, 0.19, 0.19, 0.19, 0.19, 0.19, 0.19, 0.19, 0.19, 0.19, 0.19, 0.19, 0.19, 0.19, 0.19, 0.19, 0.19, 0.19, 0.19, 0.191, 0.191, 0.192, 0.193, 0.194, 0.197, 0.201, 0.208, 0.219, 0.236, 0.259, 0.291, 0.33, 0.374, 0.418, 0.456, 0.486, 0.508, 0.523, 0.533, 0.54, 0.544, 0.546, 0.548, 0.549, 0.549, 0.549, 0.55, 0.55, 0.55, 0.55, 0.55, 0.55, 0.55, 0.55, 0.55, 0.55, 0.55, 0.55, 0.55, 0.55, 0.55, 0.55, 0.55, 0.55, 0.55, 0.55, 0.55, 0.55, 0.55, 0.55, 0.55, 0.55, 0.55, 0.55, 0.55, 0.55, 0.55, 0.55, 0.55, 0.55], params=[0.35, 3.4, 0.19, 0.45], fit_error=[0.025, 0.079, 0.095, 0.069, 0.109, 0.086, 0.102, 0.128, 0.037])",[-70.  -8.  -4.  -2.   0.   2.   4.   8.  70.],"[0.121, 0.214, 0.292, 0.2, 0.35, 0.259, 0.348, 0.562, 0.513]","[0.19, 0.19, 0.19, 0.19, 0.19, 0.19, 0.19, 0.19, 0.19, 0.19, 0.19, 0.19, 0.19, 0.19, 0.19, 0.19, 0.19, 0.19, 0.19, 0.19, 0.19, 0.19, 0.19, 0.19, 0.19, 0.19, 0.19, 0.19, 0.19, 0.19, 0.19, 0.19, 0.19, 0.19, 0.19, 0.19, 0.19, 0.19, 0.19, 0.191, 0.191, 0.192, 0.193, 0.194, 0.197, 0.201, 0.208, 0.219, 0.236, 0.259, 0.291, 0.33, 0.374, 0.418, 0.456, 0.486, 0.508, 0.523, 0.533, 0.54, 0.544, 0.546, 0.548, 0.549, 0.549, 0.549, 0.55, 0.55, 0.55, 0.55, 0.55, 0.55, 0.55, 0.55, 0.55, 0.55, 0.55, 0.55, 0.55, 0.55, 0.55, 0.55, 0.55, 0.55, 0.55, 0.55, 0.55, 0.55, 0.55, 0.55, 0.55, 0.55, 0.55, 0.55, 0.55, 0.55, 0.55, 0.55, 0.55, 0.55]","[0.025, 0.079, 0.095, 0.069, 0.109, 0.086, 0.102, 0.128, 0.037]","[0.35, 3.4, 0.19, 0.45]",0.35,3.4,0.19,0.45,"psych_curve(xdata=array([-70.,  -8.,  -4.,  -2.,   0.,   2.,   4.,   8.,  70.]), ydata=[0.432, 0.412, 0.6, 0.529, 0.5, 0.679, 0.682, 0.778, 0.837], fit=[nan, nan, nan, nan, nan, nan, nan, nan, nan, nan, nan, nan, nan, nan, nan, nan, nan, nan, nan, nan, nan, nan, nan, nan, nan, nan, nan, nan, nan, nan, nan, nan, nan, nan, nan, nan, nan, nan, nan, nan, nan, nan, nan, nan, nan, nan, nan, nan, nan, nan, nan, nan, nan, nan, nan, nan, nan, nan, nan, nan, nan, nan, nan, nan, nan, nan, nan, nan, nan, nan, nan, nan, nan, nan, nan, nan, nan, nan, nan, nan, nan, nan, nan, nan, nan, nan, nan, nan, nan, nan, nan, nan, nan, nan, nan, nan, nan, nan, nan, nan], params=[0.25, 1.97, 0.43, 0.16], fit_error=[0.036, 0.123, 0.1, 0.087, 0.115, 0.09, 0.102, 0.082, 0.029])",[-70.  -8.  -4.  -2.   0.   2.   4.   8.  70.],"[0.121, 0.214, 0.292, 0.2, 0.35, 0.259, 0.348, 0.562, 0.513]","[0.19, 0.19, 0.19, 0.19, 0.19, 0.19, 0.19, 0.19, 0.19, 0.19, 0.19, 0.19, 0.19, 0.19, 0.19, 0.19, 0.19, 0.19, 0.19, 0.19, 0.19, 0.19, 0.19, 0.19, 0.19, 0.19, 0.19, 0.19, 0.19, 0.19, 0.19, 0.19, 0.19, 0.19, 0.19, 0.19, 0.19, 0.19, 0.19, 0.191, 0.191, 0.192, 0.193, 0.194, 0.197, 0.201, 0.208, 0.219, 0.236, 0.259, 0.291, 0.33, 0.374, 0.418, 0.456, 0.486, 0.508, 0.523, 0.533, 0.54, 0.544, 0.546, 0.548, 0.549, 0.549, 0.549, 0.55, 0.55, 0.55, 0.55, 0.55, 0.55, 0.55, 0.55, 0.55, 0.55, 0.55, 0.55, 0.55, 0.55, 0.55, 0.55, 0.55, 0.55, 0.55, 0.55, 0.55, 0.55, 0.55, 0.55, 0.55, 0.55, 0.55, 0.55, 0.55, 0.55, 0.55, 0.55, 0.55, 0.55]","[0.025, 0.079, 0.095, 0.069, 0.109, 0.086, 0.102, 0.128, 0.037]","[0.25, 1.97, 0.43, 0.16]",0.25,1.97,0.43,0.16
2023-10-04,2,221,907,['Bpod0'],467,245,222,312,144,327,211,116,197,126,129,28,101,0.7002141327623126,0.8612244897959184,0.5225225225225225,456,239,217,288,225,63,0.7211538461538461,0.4375,162,81,81,0.25961538461538464,0.5625,0.7171052631578947,0.8828451882845189,0.5345622119815668,0.7705479452054794,-0.348282976302952,0.6840277777777778,0.7777777777777778,-0.09375,0.5793269230769231,0.4110576923076923,11,6,5,0.023554603854389723,0.024489795918367346,0.02252252252252252,327,211,116,817.5,527.5,290.0,0,0,0,0,0.5,0.5,"psych_curve(xdata=array([-70.,  -8.,  -4.,  -2.,   0.,   2.,   4.,   8.,  70.]), ydata=[0.081, 0.071, 0.095, 0.207, 0.357, 0.238, 0.333, 0.591, 0.618], fit=[0.07, 0.07, 0.07, 0.07, 0.07, 0.07, 0.07, 0.07, 0.07, 0.07, 0.07, 0.07, 0.07, 0.07, 0.07, 0.07, 0.07, 0.07, 0.07, 0.07, 0.07, 0.07, 0.07, 0.07, 0.07, 0.07, 0.07, 0.07, 0.07, 0.07, 0.07, 0.07, 0.07, 0.07, 0.071, 0.071, 0.071, 0.072, 0.073, 0.074, 0.076, 0.078, 0.082, 0.088, 0.097, 0.109, 0.126, 0.149, 0.18, 0.22, 0.267, 0.321, 0.377, 0.432, 0.481, 0.522, 0.555, 0.58, 0.598, 0.611, 0.62, 0.627, 0.631, 0.634, 0.636, 0.637, 0.638, 0.639, 0.639, 0.639, 0.64, 0.64, 0.64, 0.64, 0.64, 0.64, 0.64, 0.64, 0.64, 0.64, 0.64, 0.64, 0.64, 0.64, 0.64, 0.64, 0.64, 0.64, 0.64, 0.64, 0.64, 0.64, 0.64, 0.64, 0.64, 0.64, 0.64, 0.64, 0.64, 0.64], params=[0.28, 2.98, 0.07, 0.36], fit_error=[0.023, 0.05, 0.066, 0.077, 0.092, 0.095, 0.126, 0.107, 0.041])",[-70.  -8.  -4.  -2.   0.   2.   4.   8.  70.],"[0.081, 0.071, 0.095, 0.207, 0.357, 0.238, 0.333, 0.591, 0.618]","[0.07, 0.07, 0.07, 0.07, 0.07, 0.07, 0.07, 0.07, 0.07, 0.07, 0.07, 0.07, 0.07, 0.07, 0.07, 0.07, 0.07, 0.07, 0.07, 0.07, 0.07, 0.07, 0.07, 0.07, 0.07, 0.07, 0.07, 0.07, 0.07, 0.07, 0.07, 0.07, 0.07, 0.07, 0.071, 0.071, 0.071, 0.072, 0.073, 0.074, 0.076, 0.078, 0.082, 0.088, 0.097, 0.109, 0.126, 0.149, 0.18, 0.22, 0.267, 0.321, 0.377, 0.432, 0.481, 0.522, 0.555, 0.58, 0.598, 0.611, 0.62, 0.627, 0.631, 0.634, 0.636, 0.637, 0.638, 0.639, 0.639, 0.639, 0.64, 0.64, 0.64, 0.64, 0.64, 0.64, 0.64, 0.64, 0.64, 0.64, 0.64, 0.64, 0.64, 0.64, 0.64, 0.64, 0.64, 0.64, 0.64, 0.64, 0.64, 0.64, 0.64, 0.64, 0.64, 0.64, 0.64, 0.64, 0.64, 0.64]","[0.023, 0.05, 0.066, 0.077, 0.092, 0.095, 0.126, 0.107, 0.041]","[0.28, 2.98, 0.07, 0.36]",0.28,2.98,0.07,0.36,"psych_curve(xdata=array([-70.,  -8.,  -4.,  -2.,   0.,   2.,   4.,   8.,  70.]), ydata=[0.377, 0.316, 0.583, 0.565, 0.5, 0.654, 0.792, 0.862, 0.923], fit=[nan, nan, nan, nan, nan, nan, nan, nan, nan, nan, nan, nan, nan, nan, nan, nan, nan, nan, nan, nan, nan, nan, nan, nan, nan, nan, nan, nan, nan, nan, nan, nan, nan, nan, nan, nan, nan, nan, nan, nan, nan, nan, nan, nan, nan, nan, nan, nan, nan, nan, nan, nan, nan, nan, nan, nan, nan, nan, nan, nan, nan, nan, nan, nan, nan, nan, nan, nan, nan, nan, nan, nan, nan, nan, nan, nan, nan, nan, nan, nan, nan, nan, nan, nan, nan, nan, nan, nan, nan, nan, nan, nan, nan, nan, nan, nan, nan, nan, nan, nan], params=[0.27, 1.22, 0.36, 0.07], fit_error=[0.04, 0.11, 0.149, 0.106, 0.096, 0.095, 0.085, 0.065, 0.022])",[-70.  -8.  -4.  -2.   0.   2.   4.   8.  70.],"[0.081, 0.071, 0.095, 0.207, 0.357, 0.238, 0.333, 0.591, 0.618]","[0.07, 0.07, 0.07, 0.07, 0.07, 0.07, 0.07, 0.07, 0.07, 0.07, 0.07, 0.07, 0.07, 0.07, 0.07, 0.07, 0.07, 0.07, 0.07, 0.07, 0.07, 0.07, 0.07, 0.07, 0.07, 0.07, 0.07, 0.07, 0.07, 0.07, 0.07, 0.07, 0.07, 0.07, 0.071, 0.071, 0.071, 0.072, 0.073, 0.074, 0.076, 0.078, 0.082, 0.088, 0.097, 0.109, 0.126, 0.149, 0.18, 0.22, 0.267, 0.321, 0.377, 0.432, 0.481, 0.522, 0.555, 0.58, 0.598, 0.611, 0.62, 0.627, 0.631, 0.634, 0.636, 0.637, 0.638, 0.639, 0.639, 0.639, 0.64, 0.64, 0.64, 0.64, 0.64, 0.64, 0.64, 0.64, 0.64, 0.64, 0.64, 0.64, 0.64, 0.64, 0.64, 0.64, 0.64, 0.64, 0.64, 0.64, 0.64, 0.64, 0.64, 0.64, 0.64, 0.64, 0.64, 0.64, 0.64, 0.64]","[0.023, 0.05, 0.066, 0.077, 0.092, 0.095, 0.126, 0.107, 0.041]","[0.27, 1.22, 0.36, 0.07]",0.27,1.22,0.36,0.07
2023-10-05,3,222,907,['Bpod0'],684,327,357,441,228,446,268,178,220,223,223,50,173,0.652046783625731,0.8195718654434251,0.49859943977591037,669,318,351,359,284,75,0.6439909297052154,0.32894736842105265,304,152,152,0.34467120181405897,0.6666666666666666,0.6666666666666666,0.8427672955974843,0.5071225071225072,0.7354988399071926,-0.33564478847497714,0.6128133704735376,0.7335526315789473,-0.12073926110540978,0.48646914906313404,0.5056689342403629,15,9,6,0.021929824561403508,0.027522935779816515,0.01680672268907563,446,268,178,1115.0,670.0,445.0,0,0,0,0,0.5,0.5,"psych_curve(xdata=array([-70.,  -8.,  -4.,  -2.,   0.,   2.,   4.,   8.,  70.]), ydata=[0.146, 0.143, 0.265, 0.171, 0.189, 0.344, 0.17, 0.44, 0.628], fit=[0.19, 0.19, 0.19, 0.19, 0.19, 0.19, 0.19, 0.19, 0.19, 0.19, 0.19, 0.19, 0.19, 0.19, 0.19, 0.19, 0.19, 0.19, 0.19, 0.19, 0.19, 0.19, 0.19, 0.19, 0.19, 0.19, 0.19, 0.19, 0.19, 0.19, 0.19, 0.19, 0.19, 0.19, 0.19, 0.19, 0.19, 0.19, 0.19, 0.19, 0.19, 0.19, 0.19, 0.19, 0.191, 0.191, 0.192, 0.194, 0.197, 0.202, 0.212, 0.228, 0.255, 0.295, 0.349, 0.413, 0.476, 0.529, 0.568, 0.594, 0.609, 0.618, 0.623, 0.626, 0.628, 0.629, 0.629, 0.63, 0.63, 0.63, 0.63, 0.63, 0.63, 0.63, 0.63, 0.63, 0.63, 0.63, 0.63, 0.63, 0.63, 0.63, 0.63, 0.63, 0.63, 0.63, 0.63, 0.63, 0.63, 0.63, 0.63, 0.63, 0.63, 0.63, 0.63, 0.63, 0.63, 0.63, 0.63, 0.63], params=[0.42, 7.71, 0.19, 0.37], fit_error=[0.025, 0.067, 0.077, 0.065, 0.065, 0.085, 0.055, 0.101, 0.032])",[-70.  -8.  -4.  -2.   0.   2.   4.   8.  70.],"[0.146, 0.143, 0.265, 0.171, 0.189, 0.344, 0.17, 0.44, 0.628]","[0.19, 0.19, 0.19, 0.19, 0.19, 0.19, 0.19, 0.19, 0.19, 0.19, 0.19, 0.19, 0.19, 0.19, 0.19, 0.19, 0.19, 0.19, 0.19, 0.19, 0.19, 0.19, 0.19, 0.19, 0.19, 0.19, 0.19, 0.19, 0.19, 0.19, 0.19, 0.19, 0.19, 0.19, 0.19, 0.19, 0.19, 0.19, 0.19, 0.19, 0.19, 0.19, 0.19, 0.19, 0.191, 0.191, 0.192, 0.194, 0.197, 0.202, 0.212, 0.228, 0.255, 0.295, 0.349, 0.413, 0.476, 0.529, 0.568, 0.594, 0.609, 0.618, 0.623, 0.626, 0.628, 0.629, 0.629, 0.63, 0.63, 0.63, 0.63, 0.63, 0.63, 0.63, 0.63, 0.63, 0.63, 0.63, 0.63, 0.63, 0.63, 0.63, 0.63, 0.63, 0.63, 0.63, 0.63, 0.63, 0.63, 0.63, 0.63, 0.63, 0.63, 0.63, 0.63, 0.63, 0.63, 0.63, 0.63, 0.63]","[0.025, 0.067, 0.077, 0.065, 0.065, 0.085, 0.055, 0.101, 0.032]","[0.42, 7.71, 0.19, 0.37]",0.42,7.71,0.19,0.37,"psych_curve(xdata=array([-70.,  -8.,  -4.,  -2.,  -0.,   2.,   4.,   8.,  70.]), ydata=[0.297, 0.409, 0.708, 0.514, 0.459, 0.733, 0.576, 0.7, 0.786], fit=[nan, nan, nan, nan, nan, nan, nan, nan, nan, nan, nan, nan, nan, nan, nan, nan, nan, nan, nan, nan, nan, nan, nan, nan, nan, nan, nan, nan, nan, nan, nan, nan, nan, nan, nan, nan, nan, nan, nan, nan, nan, nan, nan, nan, nan, nan, nan, nan, nan, nan, nan, nan, nan, nan, nan, nan, nan, nan, nan, nan, nan, nan, nan, nan, nan, nan, nan, nan, nan, nan, nan, nan, nan, nan, nan, nan, nan, nan, nan, nan, nan, nan, nan, nan, nan, nan, nan, nan, nan, nan, nan, nan, nan, nan, nan, nan, nan, nan, nan, nan], params=[0.12, -3.58, 0.29, 0.22], fit_error=[0.03, 0.107, 0.066, 0.083, 0.083, 0.082, 0.087, 0.085, 0.03])",[-70.  -8.  -4.  -2.   0.   2.   4.   8.  70.],"[0.146, 0.143, 0.265, 0.171, 0.189, 0.344, 0.17, 0.44, 0.628]","[0.19, 0.19, 0.19, 0.19, 0.19, 0.19, 0.19, 0.19, 0.19, 0.19, 0.19, 0.19, 0.19, 0.19, 0.19, 0.19, 0.19, 0.19, 0.19, 0.19, 0.19, 0.19, 0.19, 0.19, 0.19, 0.19, 0.19, 0.19, 0.19, 0.19, 0.19, 0.19, 0.19, 0.19, 0.19, 0.19, 0.19, 0.19, 0.19, 0.19, 0.19, 0.19, 0.19, 0.19, 0.191, 0.191, 0.192, 0.194, 0.197, 0.202, 0.212, 0.228, 0.255, 0.295, 0.349, 0.413, 0.476, 0.529, 0.568, 0.594, 0.609, 0.618, 0.623, 0.626, 0.628, 0.629, 0.629, 0.63, 0.63, 0.63, 0.63, 0.63, 0.63, 0.63, 0.63, 0.63, 0.63, 0.63, 0.63, 0.63, 0.63, 0.63, 0.63, 0.63, 0.63, 0.63, 0.63, 0.63, 0.63, 0.63, 0.63, 0.63, 0.63, 0.63, 0.63, 0.63, 0.63, 0.63, 0.63, 0.63]","[0.025, 0.067, 0.077, 0.065, 0.065, 0.085, 0.055, 0.101, 0.032]","[0.12, -3.58, 0.29, 0.22]",0.12,-3.58,0.29,0.22
2023-10-09,0,226,907,['Bpod0'],519,255,264,354,165,344,217,127,191,152,175,38,137,0.6628131021194605,0.8509803921568627,0.4810606060606061,519,255,264,308,248,60,0.7005649717514124,0.36363636363636365,210,105,105,0.2966101694915254,0.6363636363636364,0.6628131021194605,0.8509803921568627,0.4810606060606061,0.723342939481268,-0.36991978609625664,0.6201298701298701,0.7238095238095238,-0.1036796536796537,0.532100667693888,0.4664869029275809,0,0,0,0.0,0.0,0.0,344,217,127,860.0,542.5,317.5,0,0,0,0,0.5,0.5,"psych_curve(xdata=array([-70.,  -8.,  -4.,  -2.,   0.,   2.,   4.,   8.,  70.]), ydata=[0.146, 0.038, 0.185, 0.273, 0.091, 0.222, 0.292, 0.333, 0.597], fit=[0.11, 0.11, 0.11, 0.11, 0.11, 0.11, 0.11, 0.11, 0.11, 0.11, 0.11, 0.11, 0.11, 0.11, 0.11, 0.11, 0.11, 0.11, 0.11, 0.11, 0.11, 0.11, 0.11, 0.11, 0.11, 0.11, 0.11, 0.11, 0.11, 0.11, 0.111, 0.111, 0.111, 0.111, 0.112, 0.112, 0.113, 0.113, 0.115, 0.116, 0.118, 0.12, 0.123, 0.127, 0.132, 0.138, 0.146, 0.157, 0.169, 0.185, 0.203, 0.225, 0.251, 0.279, 0.31, 0.342, 0.375, 0.407, 0.438, 0.465, 0.49, 0.511, 0.529, 0.544, 0.556, 0.566, 0.573, 0.579, 0.584, 0.588, 0.591, 0.593, 0.594, 0.596, 0.597, 0.597, 0.598, 0.599, 0.599, 0.599, 0.599, 0.599, 0.6, 0.6, 0.6, 0.6, 0.6, 0.6, 0.6, 0.6, 0.6, 0.6, 0.6, 0.6, 0.6, 0.6, 0.6, 0.6, 0.6, 0.6], params=[0.19, 8.33, 0.11, 0.4], fit_error=[0.027, 0.038, 0.076, 0.097, 0.063, 0.082, 0.095, 0.098, 0.037])",[-70.  -8.  -4.  -2.   0.   2.   4.   8.  70.],"[0.146, 0.038, 0.185, 0.273, 0.091, 0.222, 0.292, 0.333, 0.597]","[0.11, 0.11, 0.11, 0.11, 0.11, 0.11, 0.11, 0.11, 0.11, 0.11, 0.11, 0.11, 0.11, 0.11, 0.11, 0.11, 0.11, 0.11, 0.11, 0.11, 0.11, 0.11, 0.11, 0.11, 0.11, 0.11, 0.11, 0.11, 0.11, 0.11, 0.111, 0.111, 0.111, 0.111, 0.112, 0.112, 0.113, 0.113, 0.115, 0.116, 0.118, 0.12, 0.123, 0.127, 0.132, 0.138, 0.146, 0.157, 0.169, 0.185, 0.203, 0.225, 0.251, 0.279, 0.31, 0.342, 0.375, 0.407, 0.438, 0.465, 0.49, 0.511, 0.529, 0.544, 0.556, 0.566, 0.573, 0.579, 0.584, 0.588, 0.591, 0.593, 0.594, 0.596, 0.597, 0.597, 0.598, 0.599, 0.599, 0.599, 0.599, 0.599, 0.6, 0.6, 0.6, 0.6, 0.6, 0.6, 0.6, 0.6, 0.6, 0.6, 0.6, 0.6, 0.6, 0.6, 0.6, 0.6, 0.6, 0.6]","[0.027, 0.038, 0.076, 0.097, 0.063, 0.082, 0.095, 0.098, 0.037]","[0.19, 8.33, 0.11, 0.4]",0.19,8.33,0.11,0.4,"psych_curve(xdata=array([-70.,  -8.,  -4.,  -2.,   0.,   2.,   4.,   8.,  70.]), ydata=[0.337, 0.476, 0.682, 0.667, 0.773, 0.632, 0.759, 0.759, 0.79], fit=[nan, nan, nan, nan, nan, nan, nan, nan, nan, nan, nan, nan, nan, nan, nan, nan, nan, nan, nan, nan, nan, nan, nan, nan, nan, nan, nan, nan, nan, nan, nan, nan, nan, nan, nan, nan, nan, nan, nan, nan, nan, nan, nan, nan, nan, nan, nan, nan, nan, nan, nan, nan, nan, nan, nan, nan, nan, nan, nan, nan, nan, nan, nan, nan, nan, nan, nan, nan, nan, nan, nan, nan, nan, nan, nan, nan, nan, nan, nan, nan, nan, nan, nan, nan, nan, nan, nan, nan, nan, nan, nan, nan, nan, nan, nan, nan, nan, nan, nan, nan], params=[0.42, -6.74, 0.33, 0.25], fit_error=[0.035, 0.112, 0.102, 0.088, 0.091, 0.114, 0.081, 0.081, 0.032])",[-70.  -8.  -4.  -2.   0.   2.   4.   8.  70.],"[0.146, 0.038, 0.185, 0.273, 0.091, 0.222, 0.292, 0.333, 0.597]","[0.11, 0.11, 0.11, 0.11, 0.11, 0.11, 0.11, 0.11, 0.11, 0.11, 0.11, 0.11, 0.11, 0.11, 0.11, 0.11, 0.11, 0.11, 0.11, 0.11, 0.11, 0.11, 0.11, 0.11, 0.11, 0.11, 0.11, 0.11, 0.11, 0.11, 0.111, 0.111, 0.111, 0.111, 0.112, 0.112, 0.113, 0.113, 0.115, 0.116, 0.118, 0.12, 0.123, 0.127, 0.132, 0.138, 0.146, 0.157, 0.169, 0.185, 0.203, 0.225, 0.251, 0.279, 0.31, 0.342, 0.375, 0.407, 0.438, 0.465, 0.49, 0.511, 0.529, 0.544, 0.556, 0.566, 0.573, 0.579, 0.584, 0.588, 0.591, 0.593, 0.594, 0.596, 0.597, 0.597, 0.598, 0.599, 0.599, 0.599, 0.599, 0.599, 0.6, 0.6, 0.6, 0.6, 0.6, 0.6, 0.6, 0.6, 0.6, 0.6, 0.6, 0.6, 0.6, 0.6, 0.6, 0.6, 0.6, 0.6]","[0.027, 0.038, 0.076, 0.097, 0.063, 0.082, 0.095, 0.098, 0.037]","[0.42, -6.74, 0.33, 0.25]",0.42,-6.74,0.33,0.25
2023-10-10,1,227,907,['Bpod0'],406,208,198,224,172,278,155,123,133,144,118,49,69,0.6847290640394089,0.7451923076923077,0.6212121212121212,396,204,192,186,119,67,0.53125,0.38953488372093026,209,105,104,0.46875,0.6046511627906976,0.702020202020202,0.7598039215686274,0.640625,0.75390625,-0.11917892156862742,0.7150537634408602,0.6889952153110048,0.02605854812985542,0.46039244186046513,0.5367005813953488,10,4,6,0.024630541871921183,0.019230769230769232,0.030303030303030304,278,155,123,695.0,387.5,307.5,0,0,0,0,0.5,0.5,"psych_curve(xdata=array([-70.,  -8.,  -4.,  -2.,   0.,   2.,   4.,   8.,  70.]), ydata=[0.195, 0.222, 0.273, 0.379, 0.444, 0.5, 0.526, 0.524, 0.703], fit=[0.17, 0.17, 0.17, 0.17, 0.17, 0.17, 0.17, 0.17, 0.17, 0.17, 0.17, 0.17, 0.17, 0.17, 0.17, 0.17, 0.17, 0.17, 0.17, 0.17, 0.17, 0.17, 0.17, 0.17, 0.17, 0.17, 0.17, 0.171, 0.171, 0.171, 0.171, 0.172, 0.173, 0.173, 0.175, 0.176, 0.178, 0.181, 0.185, 0.19, 0.196, 0.205, 0.216, 0.23, 0.248, 0.269, 0.295, 0.325, 0.359, 0.395, 0.433, 0.471, 0.506, 0.538, 0.567, 0.591, 0.61, 0.626, 0.639, 0.649, 0.657, 0.662, 0.667, 0.67, 0.673, 0.675, 0.676, 0.677, 0.678, 0.678, 0.679, 0.679, 0.679, 0.679, 0.68, 0.68, 0.68, 0.68, 0.68, 0.68, 0.68, 0.68, 0.68, 0.68, 0.68, 0.68, 0.68, 0.68, 0.68, 0.68, 0.68, 0.68, 0.68, 0.68, 0.68, 0.68, 0.68, 0.68, 0.68, 0.68], params=[0.21, 0.4, 0.17, 0.32], fit_error=[0.035, 0.101, 0.097, 0.092, 0.176, 0.109, 0.118, 0.112, 0.041])",[-70.  -8.  -4.  -2.   0.   2.   4.   8.  70.],"[0.195, 0.222, 0.273, 0.379, 0.444, 0.5, 0.526, 0.524, 0.703]","[0.17, 0.17, 0.17, 0.17, 0.17, 0.17, 0.17, 0.17, 0.17, 0.17, 0.17, 0.17, 0.17, 0.17, 0.17, 0.17, 0.17, 0.17, 0.17, 0.17, 0.17, 0.17, 0.17, 0.17, 0.17, 0.17, 0.17, 0.171, 0.171, 0.171, 0.171, 0.172, 0.173, 0.173, 0.175, 0.176, 0.178, 0.181, 0.185, 0.19, 0.196, 0.205, 0.216, 0.23, 0.248, 0.269, 0.295, 0.325, 0.359, 0.395, 0.433, 0.471, 0.506, 0.538, 0.567, 0.591, 0.61, 0.626, 0.639, 0.649, 0.657, 0.662, 0.667, 0.67, 0.673, 0.675, 0.676, 0.677, 0.678, 0.678, 0.679, 0.679, 0.679, 0.679, 0.68, 0.68, 0.68, 0.68, 0.68, 0.68, 0.68, 0.68, 0.68, 0.68, 0.68, 0.68, 0.68, 0.68, 0.68, 0.68, 0.68, 0.68, 0.68, 0.68, 0.68, 0.68, 0.68, 0.68, 0.68, 0.68]","[0.035, 0.101, 0.097, 0.092, 0.176, 0.109, 0.118, 0.112, 0.041]","[0.21, 0.4, 0.17, 0.32]",0.21,0.4,0.17,0.32,"psych_curve(xdata=array([-70.,  -8.,  -4.,  -2.,  -0.,   2.,   4.,   8.,  70.]), ydata=[0.197, 0.273, 0.423, 0.542, 0.111, 0.667, 0.733, 0.607, 0.699], fit=[nan, nan, nan, nan, nan, nan, nan, nan, nan, nan, nan, nan, nan, nan, nan, nan, nan, nan, nan, nan, nan, nan, nan, nan, nan, nan, nan, nan, nan, nan, nan, nan, nan, nan, nan, nan, nan, nan, nan, nan, nan, nan, nan, nan, nan, nan, nan, nan, nan, nan, nan, nan, nan, nan, nan, nan, nan, nan, nan, nan, nan, nan, nan, nan, nan, nan, nan, nan, nan, nan, nan, nan, nan, nan, nan, nan, nan, nan, nan, nan, nan, nan, nan, nan, nan, nan, nan, nan, nan, nan, nan, nan, nan, nan, nan, nan, nan, nan, nan, nan], params=[9.36, 1.64, 0.31, 0.32], fit_error=[0.035, 0.141, 0.099, 0.104, 0.111, 0.092, 0.118, 0.094, 0.042])",[-70.  -8.  -4.  -2.   0.   2.   4.   8.  70.],"[0.195, 0.222, 0.273, 0.379, 0.444, 0.5, 0.526, 0.524, 0.703]","[0.17, 0.17, 0.17, 0.17, 0.17, 0.17, 0.17, 0.17, 0.17, 0.17, 0.17, 0.17, 0.17, 0.17, 0.17, 0.17, 0.17, 0.17, 0.17, 0.17, 0.17, 0.17, 0.17, 0.17, 0.17, 0.17, 0.17, 0.171, 0.171, 0.171, 0.171, 0.172, 0.173, 0.173, 0.175, 0.176, 0.178, 0.181, 0.185, 0.19, 0.196, 0.205, 0.216, 0.23, 0.248, 0.269, 0.295, 0.325, 0.359, 0.395, 0.433, 0.471, 0.506, 0.538, 0.567, 0.591, 0.61, 0.626, 0.639, 0.649, 0.657, 0.662, 0.667, 0.67, 0.673, 0.675, 0.676, 0.677, 0.678, 0.678, 0.679, 0.679, 0.679, 0.679, 0.68, 0.68, 0.68, 0.68, 0.68, 0.68, 0.68, 0.68, 0.68, 0.68, 0.68, 0.68, 0.68, 0.68, 0.68, 0.68, 0.68, 0.68, 0.68, 0.68, 0.68, 0.68, 0.68, 0.68, 0.68, 0.68]","[0.035, 0.101, 0.097, 0.092, 0.176, 0.109, 0.118, 0.112, 0.041]","[9.36, 1.64, 0.31, 0.32]",9.36,1.64,0.31,0.32
2023-10-11,2,228,907,['Bpod0'],651,335,316,385,248,457,267,190,229,221,176,58,118,0.7019969278033794,0.7970149253731343,0.6012658227848101,633,325,308,338,238,100,0.6181818181818182,0.4032258064516129,284,142,142,0.36883116883116884,0.5725806451612904,0.721958925750395,0.8215384615384616,0.6168831168831169,0.7729357798165137,-0.20465534465534463,0.6775147928994083,0.778169014084507,-0.1006542211850987,0.5107038123167156,0.4707059069962296,18,10,8,0.027649769585253458,0.029850746268656716,0.02531645569620253,457,267,190,1142.5,667.5,475.0,0,0,0,0,0.5,0.5,"psych_curve(xdata=array([-70.,  -8.,  -4.,  -2.,   0.,   2.,   4.,   8.,  70.]), ydata=[0.182, 0.1, 0.2, 0.219, 0.37, 0.25, 0.323, 0.474, 0.727], fit=[0.15, 0.15, 0.15, 0.15, 0.15, 0.15, 0.15, 0.15, 0.15, 0.15, 0.15, 0.15, 0.15, 0.15, 0.15, 0.15, 0.15, 0.15, 0.15, 0.15, 0.15, 0.15, 0.15, 0.15, 0.15, 0.15, 0.15, 0.15, 0.15, 0.15, 0.15, 0.151, 0.151, 0.151, 0.151, 0.152, 0.152, 0.153, 0.154, 0.156, 0.158, 0.16, 0.164, 0.169, 0.175, 0.183, 0.193, 0.207, 0.224, 0.245, 0.272, 0.302, 0.338, 0.378, 0.42, 0.463, 0.505, 0.544, 0.579, 0.61, 0.636, 0.657, 0.674, 0.687, 0.698, 0.706, 0.712, 0.716, 0.72, 0.722, 0.724, 0.726, 0.727, 0.728, 0.728, 0.729, 0.729, 0.729, 0.729, 0.73, 0.73, 0.73, 0.73, 0.73, 0.73, 0.73, 0.73, 0.73, 0.73, 0.73, 0.73, 0.73, 0.73, 0.73, 0.73, 0.73, 0.73, 0.73, 0.73, 0.73], params=[0.21, 7.03, 0.15, 0.27], fit_error=[0.026, 0.048, 0.092, 0.074, 0.095, 0.083, 0.085, 0.118, 0.03])",[-70.  -8.  -4.  -2.   0.   2.   4.   8.  70.],"[0.182, 0.1, 0.2, 0.219, 0.37, 0.25, 0.323, 0.474, 0.727]","[0.15, 0.15, 0.15, 0.15, 0.15, 0.15, 0.15, 0.15, 0.15, 0.15, 0.15, 0.15, 0.15, 0.15, 0.15, 0.15, 0.15, 0.15, 0.15, 0.15, 0.15, 0.15, 0.15, 0.15, 0.15, 0.15, 0.15, 0.15, 0.15, 0.15, 0.15, 0.151, 0.151, 0.151, 0.151, 0.152, 0.152, 0.153, 0.154, 0.156, 0.158, 0.16, 0.164, 0.169, 0.175, 0.183, 0.193, 0.207, 0.224, 0.245, 0.272, 0.302, 0.338, 0.378, 0.42, 0.463, 0.505, 0.544, 0.579, 0.61, 0.636, 0.657, 0.674, 0.687, 0.698, 0.706, 0.712, 0.716, 0.72, 0.722, 0.724, 0.726, 0.727, 0.728, 0.728, 0.729, 0.729, 0.729, 0.729, 0.73, 0.73, 0.73, 0.73, 0.73, 0.73, 0.73, 0.73, 0.73, 0.73, 0.73, 0.73, 0.73, 0.73, 0.73, 0.73, 0.73, 0.73, 0.73, 0.73, 0.73]","[0.026, 0.048, 0.092, 0.074, 0.095, 0.083, 0.085, 0.118, 0.03]","[0.21, 7.03, 0.15, 0.27]",0.21,7.03,0.15,0.27,"psych_curve(xdata=array([-70.,  -8.,  -4.,  -2.,  -0.,   2.,   4.,   8.,  70.]), ydata=[0.266, 0.25, 0.5, 0.588, 0.556, 0.68, 0.5, 0.765, 0.825], fit=[nan, nan, nan, nan, nan, nan, nan, nan, nan, nan, nan, nan, nan, nan, nan, nan, nan, nan, nan, nan, nan, nan, nan, nan, nan, nan, nan, nan, nan, nan, nan, nan, nan, nan, nan, nan, nan, nan, nan, nan, nan, nan, nan, nan, nan, nan, nan, nan, nan, nan, nan, nan, nan, nan, nan, nan, nan, nan, nan, nan, nan, nan, nan, nan, nan, nan, nan, nan, nan, nan, nan, nan, nan, nan, nan, nan, nan, nan, nan, nan, nan, nan, nan, nan, nan, nan, nan, nan, nan, nan, nan, nan, nan, nan, nan, nan, nan, nan, nan, nan], params=[0.2, -1.39, 0.24, 0.19], fit_error=[0.03, 0.09, 0.087, 0.086, 0.097, 0.095, 0.129, 0.074, 0.027])",[-70.  -8.  -4.  -2.   0.   2.   4.   8.  70.],"[0.182, 0.1, 0.2, 0.219, 0.37, 0.25, 0.323, 0.474, 0.727]","[0.15, 0.15, 0.15, 0.15, 0.15, 0.15, 0.15, 0.15, 0.15, 0.15, 0.15, 0.15, 0.15, 0.15, 0.15, 0.15, 0.15, 0.15, 0.15, 0.15, 0.15, 0.15, 0.15, 0.15, 0.15, 0.15, 0.15, 0.15, 0.15, 0.15, 0.15, 0.151, 0.151, 0.151, 0.151, 0.152, 0.152, 0.153, 0.154, 0.156, 0.158, 0.16, 0.164, 0.169, 0.175, 0.183, 0.193, 0.207, 0.224, 0.245, 0.272, 0.302, 0.338, 0.378, 0.42, 0.463, 0.505, 0.544, 0.579, 0.61, 0.636, 0.657, 0.674, 0.687, 0.698, 0.706, 0.712, 0.716, 0.72, 0.722, 0.724, 0.726, 0.727, 0.728, 0.728, 0.729, 0.729, 0.729, 0.729, 0.73, 0.73, 0.73, 0.73, 0.73, 0.73, 0.73, 0.73, 0.73, 0.73, 0.73, 0.73, 0.73, 0.73, 0.73, 0.73, 0.73, 0.73, 0.73, 0.73, 0.73]","[0.026, 0.048, 0.092, 0.074, 0.095, 0.083, 0.085, 0.118, 0.03]","[0.2, -1.39, 0.24, 0.19]",0.2,-1.39,0.24,0.19
2023-10-13,4,230,907,['Bpod0'],677,338,339,292,375,442,200,242,241,199,225,133,92,0.6528803545051699,0.591715976331361,0.7138643067846607,667,333,334,377,147,230,0.5034246575342466,0.6133333333333333,287,143,144,0.4897260273972603,0.384,0.6626686656671664,0.6006006006006006,0.7245508982035929,0.7381546134663342,0.12395029760299225,0.6392572944297082,0.6933797909407665,-0.05412249651105827,0.5583789954337899,0.4368630136986301,10,5,5,0.014771048744460856,0.014792899408284023,0.014749262536873156,442,200,242,1105.0,500.0,605.0,0,0,0,0,0.5,0.5,"psych_curve(xdata=array([-70.,  -8.,  -4.,  -2.,   0.,   2.,   4.,   8.,  70.]), ydata=[0.35, 0.351, 0.571, 0.417, 0.488, 0.457, 0.656, 0.683, 0.824], fit=[0.36, 0.36, 0.36, 0.36, 0.36, 0.36, 0.36, 0.36, 0.36, 0.36, 0.36, 0.36, 0.36, 0.36, 0.36, 0.36, 0.36, 0.36, 0.36, 0.36, 0.36, 0.36, 0.36, 0.36, 0.36, 0.36, 0.36, 0.36, 0.36, 0.361, 0.361, 0.361, 0.361, 0.362, 0.363, 0.363, 0.365, 0.366, 0.368, 0.371, 0.374, 0.378, 0.384, 0.391, 0.4, 0.412, 0.427, 0.445, 0.466, 0.491, 0.519, 0.55, 0.583, 0.616, 0.649, 0.679, 0.706, 0.73, 0.751, 0.768, 0.781, 0.792, 0.801, 0.808, 0.813, 0.817, 0.82, 0.823, 0.824, 0.826, 0.827, 0.828, 0.828, 0.829, 0.829, 0.829, 0.829, 0.83, 0.83, 0.83, 0.83, 0.83, 0.83, 0.83, 0.83, 0.83, 0.83, 0.83, 0.83, 0.83, 0.83, 0.83, 0.83, 0.83, 0.83, 0.83, 0.83, 0.83, 0.83, 0.83], params=[0.2, 4.04, 0.36, 0.17], fit_error=[0.034, 0.08, 0.077, 0.083, 0.077, 0.085, 0.085, 0.074, 0.027])",[-70.  -8.  -4.  -2.   0.   2.   4.   8.  70.],"[0.35, 0.351, 0.571, 0.417, 0.488, 0.457, 0.656, 0.683, 0.824]","[0.36, 0.36, 0.36, 0.36, 0.36, 0.36, 0.36, 0.36, 0.36, 0.36, 0.36, 0.36, 0.36, 0.36, 0.36, 0.36, 0.36, 0.36, 0.36, 0.36, 0.36, 0.36, 0.36, 0.36, 0.36, 0.36, 0.36, 0.36, 0.36, 0.361, 0.361, 0.361, 0.361, 0.362, 0.363, 0.363, 0.365, 0.366, 0.368, 0.371, 0.374, 0.378, 0.384, 0.391, 0.4, 0.412, 0.427, 0.445, 0.466, 0.491, 0.519, 0.55, 0.583, 0.616, 0.649, 0.679, 0.706, 0.73, 0.751, 0.768, 0.781, 0.792, 0.801, 0.808, 0.813, 0.817, 0.82, 0.823, 0.824, 0.826, 0.827, 0.828, 0.828, 0.829, 0.829, 0.829, 0.829, 0.83, 0.83, 0.83, 0.83, 0.83, 0.83, 0.83, 0.83, 0.83, 0.83, 0.83, 0.83, 0.83, 0.83, 0.83, 0.83, 0.83, 0.83, 0.83, 0.83, 0.83, 0.83, 0.83]","[0.034, 0.08, 0.077, 0.083, 0.077, 0.085, 0.085, 0.074, 0.027]","[0.2, 4.04, 0.36, 0.17]",0.2,4.04,0.36,0.17,"psych_curve(xdata=array([-70.,  -8.,  -4.,  -2.,  -0.,   2.,   4.,   8.,  70.]), ydata=[0.34, 0.333, 0.595, 0.441, 0.674, 0.486, 0.649, 0.684, 0.814], fit=[nan, nan, nan, nan, nan, nan, nan, nan, nan, nan, nan, nan, nan, nan, nan, nan, nan, nan, nan, nan, nan, nan, nan, nan, nan, nan, nan, nan, nan, nan, nan, nan, nan, nan, nan, nan, nan, nan, nan, nan, nan, nan, nan, nan, nan, nan, nan, nan, nan, nan, nan, nan, nan, nan, nan, nan, nan, nan, nan, nan, nan, nan, nan, nan, nan, nan, nan, nan, nan, nan, nan, nan, nan, nan, nan, nan, nan, nan, nan, nan, nan, nan, nan, nan, nan, nan, nan, nan, nan, nan, nan, nan, nan, nan, nan, nan, nan, nan, nan, nan], params=[0.16, 0.64, 0.32, 0.19], fit_error=[0.034, 0.076, 0.082, 0.086, 0.072, 0.083, 0.08, 0.076, 0.028])",[-70.  -8.  -4.  -2.   0.   2.   4.   8.  70.],"[0.35, 0.351, 0.571, 0.417, 0.488, 0.457, 0.656, 0.683, 0.824]","[0.36, 0.36, 0.36, 0.36, 0.36, 0.36, 0.36, 0.36, 0.36, 0.36, 0.36, 0.36, 0.36, 0.36, 0.36, 0.36, 0.36, 0.36, 0.36, 0.36, 0.36, 0.36, 0.36, 0.36, 0.36, 0.36, 0.36, 0.36, 0.36, 0.361, 0.361, 0.361, 0.361, 0.362, 0.363, 0.363, 0.365, 0.366, 0.368, 0.371, 0.374, 0.378, 0.384, 0.391, 0.4, 0.412, 0.427, 0.445, 0.466, 0.491, 0.519, 0.55, 0.583, 0.616, 0.649, 0.679, 0.706, 0.73, 0.751, 0.768, 0.781, 0.792, 0.801, 0.808, 0.813, 0.817, 0.82, 0.823, 0.824, 0.826, 0.827, 0.828, 0.828, 0.829, 0.829, 0.829, 0.829, 0.83, 0.83, 0.83, 0.83, 0.83, 0.83, 0.83, 0.83, 0.83, 0.83, 0.83, 0.83, 0.83, 0.83, 0.83, 0.83, 0.83, 0.83, 0.83, 0.83, 0.83, 0.83, 0.83]","[0.034, 0.08, 0.077, 0.083, 0.077, 0.085, 0.085, 0.074, 0.027]","[0.16, 0.64, 0.32, 0.19]",0.16,0.64,0.32,0.19
2023-10-17,1,234,907,['Bpod0'],402,197,205,232,163,279,154,125,155,119,116,38,78,0.6940298507462687,0.7817258883248731,0.6097560975609756,395,192,203,235,150,85,0.646551724137931,0.5214723926380368,154,78,76,0.33620689655172414,0.4662576687116564,0.7063291139240506,0.8020833333333334,0.6157635467980296,0.7916666666666666,-0.1863197865353038,0.6595744680851063,0.7727272727272727,-0.11315280464216637,0.584012058387984,0.4012322826316903,7,5,2,0.017412935323383085,0.025380710659898477,0.00975609756097561,279,154,125,697.5,385.0,312.5,0,0,0,0,0.5,0.5,"psych_curve(xdata=array([-70.,  -8.,  -4.,  -2.,   0.,   2.,   4.,   8.,  70.]), ydata=[0.167, 0.176, 0.261, 0.304, 0.188, 0.231, 0.227, 0.412, 0.757], fit=[0.22, 0.22, 0.22, 0.22, 0.22, 0.22, 0.22, 0.22, 0.22, 0.22, 0.22, 0.22, 0.22, 0.22, 0.22, 0.22, 0.22, 0.22, 0.22, 0.22, 0.22, 0.22, 0.22, 0.22, 0.22, 0.22, 0.22, 0.22, 0.22, 0.22, 0.22, 0.22, 0.22, 0.22, 0.22, 0.22, 0.22, 0.22, 0.22, 0.22, 0.22, 0.22, 0.22, 0.22, 0.22, 0.22, 0.22, 0.22, 0.22, 0.22, 0.22, 0.221, 0.225, 0.238, 0.28, 0.388, 0.555, 0.682, 0.736, 0.753, 0.758, 0.759, 0.76, 0.76, 0.76, 0.76, 0.76, 0.76, 0.76, 0.76, 0.76, 0.76, 0.76, 0.76, 0.76, 0.76, 0.76, 0.76, 0.76, 0.76, 0.76, 0.76, 0.76, 0.76, 0.76, 0.76, 0.76, 0.76, 0.76, 0.76, 0.76, 0.76, 0.76, 0.76, 0.76, 0.76, 0.76, 0.76, 0.76, 0.76], params=[0.91, 8.65, 0.22, 0.24], fit_error=[0.034, 0.095, 0.094, 0.098, 0.101, 0.122, 0.091, 0.123, 0.036])",[-70.  -8.  -4.  -2.   0.   2.   4.   8.  70.],"[0.167, 0.176, 0.261, 0.304, 0.188, 0.231, 0.227, 0.412, 0.757]","[0.22, 0.22, 0.22, 0.22, 0.22, 0.22, 0.22, 0.22, 0.22, 0.22, 0.22, 0.22, 0.22, 0.22, 0.22, 0.22, 0.22, 0.22, 0.22, 0.22, 0.22, 0.22, 0.22, 0.22, 0.22, 0.22, 0.22, 0.22, 0.22, 0.22, 0.22, 0.22, 0.22, 0.22, 0.22, 0.22, 0.22, 0.22, 0.22, 0.22, 0.22, 0.22, 0.22, 0.22, 0.22, 0.22, 0.22, 0.22, 0.22, 0.22, 0.22, 0.221, 0.225, 0.238, 0.28, 0.388, 0.555, 0.682, 0.736, 0.753, 0.758, 0.759, 0.76, 0.76, 0.76, 0.76, 0.76, 0.76, 0.76, 0.76, 0.76, 0.76, 0.76, 0.76, 0.76, 0.76, 0.76, 0.76, 0.76, 0.76, 0.76, 0.76, 0.76, 0.76, 0.76, 0.76, 0.76, 0.76, 0.76, 0.76, 0.76, 0.76, 0.76, 0.76, 0.76, 0.76, 0.76, 0.76, 0.76, 0.76]","[0.034, 0.095, 0.094, 0.098, 0.101, 0.122, 0.091, 0.123, 0.036]","[0.91, 8.65, 0.22, 0.24]",0.91,8.65,0.22,0.24,"psych_curve(xdata=array([-70.,  -8.,  -4.,  -2.,  -0.,   2.,   4.,   8.,  70.]), ydata=[0.305, 0.5, 0.636, 0.625, 0.625, 0.65, 0.609, 0.769, 0.891], fit=[nan, nan, nan, nan, nan, nan, nan, nan, nan, nan, nan, nan, nan, nan, nan, nan, nan, nan, nan, nan, nan, nan, nan, nan, nan, nan, nan, nan, nan, nan, nan, nan, nan, nan, nan, nan, nan, nan, nan, nan, nan, nan, nan, nan, nan, nan, nan, nan, nan, nan, nan, nan, nan, nan, nan, nan, nan, nan, nan, nan, nan, nan, nan, nan, nan, nan, nan, nan, nan, nan, nan, nan, nan, nan, nan, nan, nan, nan, nan, nan, nan, nan, nan, nan, nan, nan, nan, nan, nan, nan, nan, nan, nan, nan, nan, nan, nan, nan, nan, nan], params=[0.09, -2.68, 0.3, 0.11], fit_error=[0.04, 0.115, 0.105, 0.125, 0.125, 0.109, 0.104, 0.122, 0.028])",[-70.  -8.  -4.  -2.   0.   2.   4.   8.  70.],"[0.167, 0.176, 0.261, 0.304, 0.188, 0.231, 0.227, 0.412, 0.757]","[0.22, 0.22, 0.22, 0.22, 0.22, 0.22, 0.22, 0.22, 0.22, 0.22, 0.22, 0.22, 0.22, 0.22, 0.22, 0.22, 0.22, 0.22, 0.22, 0.22, 0.22, 0.22, 0.22, 0.22, 0.22, 0.22, 0.22, 0.22, 0.22, 0.22, 0.22, 0.22, 0.22, 0.22, 0.22, 0.22, 0.22, 0.22, 0.22, 0.22, 0.22, 0.22, 0.22, 0.22, 0.22, 0.22, 0.22, 0.22, 0.22, 0.22, 0.22, 0.221, 0.225, 0.238, 0.28, 0.388, 0.555, 0.682, 0.736, 0.753, 0.758, 0.759, 0.76, 0.76, 0.76, 0.76, 0.76, 0.76, 0.76, 0.76, 0.76, 0.76, 0.76, 0.76, 0.76, 0.76, 0.76, 0.76, 0.76, 0.76, 0.76, 0.76, 0.76, 0.76, 0.76, 0.76, 0.76, 0.76, 0.76, 0.76, 0.76, 0.76, 0.76, 0.76, 0.76, 0.76, 0.76, 0.76, 0.76, 0.76]","[0.034, 0.095, 0.094, 0.098, 0.101, 0.122, 0.091, 0.123, 0.036]","[0.09, -2.68, 0.3, 0.11]",0.09,-2.68,0.3,0.11
2023-10-18,2,235,907,['Bpod0'],270,134,136,171,62,157,105,52,79,71,76,10,66,0.5814814814814815,0.7835820895522388,0.38235294117647056,233,115,118,129,116,13,0.6783625730994152,0.20967741935483872,92,46,46,0.26900584795321636,0.7419354838709677,0.6738197424892703,0.9130434782608695,0.4406779661016949,0.7639751552795031,-0.4723655121591746,0.6124031007751938,0.7717391304347826,-0.15933602965958882,0.44401999622712696,0.505470665912092,37,19,18,0.13703703703703704,0.1417910447761194,0.1323529411764706,157,105,52,392.5,262.5,130.0,0,0,0,0,0.5,0.5,"psych_curve(xdata=array([-70.,  -8.,  -4.,  -2.,   0.,   2.,   4.,   8.,  70.]), ydata=[0.063, 0.062, 0.429, 0.1, 0.0, 0.0, 0.0, 0.5, 0.598], fit=[0.09, 0.09, 0.09, 0.09, 0.09, 0.09, 0.09, 0.09, 0.09, 0.09, 0.09, 0.09, 0.09, 0.09, 0.09, 0.09, 0.09, 0.09, 0.09, 0.09, 0.09, 0.09, 0.09, 0.09, 0.09, 0.09, 0.09, 0.09, 0.09, 0.09, 0.09, 0.09, 0.09, 0.09, 0.09, 0.09, 0.09, 0.09, 0.09, 0.09, 0.09, 0.09, 0.09, 0.09, 0.09, 0.09, 0.09, 0.09, 0.09, 0.09, 0.09, 0.09, 0.09, 0.09, 0.093, 0.409, 0.599, 0.6, 0.6, 0.6, 0.6, 0.6, 0.6, 0.6, 0.6, 0.6, 0.6, 0.6, 0.6, 0.6, 0.6, 0.6, 0.6, 0.6, 0.6, 0.6, 0.6, 0.6, 0.6, 0.6, 0.6, 0.6, 0.6, 0.6, 0.6, 0.6, 0.6, 0.6, 0.6, 0.6, 0.6, 0.6, 0.6, 0.6, 0.6, 0.6, 0.6, 0.6, 0.6, 0.6], params=[4.01, 7.65, 0.09, 0.4], fit_error=[0.028, 0.062, 0.202, 0.1, 0.0, 0.0, 0.0, 0.224, 0.054])",[-70.  -8.  -4.  -2.   0.   2.   4.   8.  70.],"[0.063, 0.062, 0.429, 0.1, 0.0, 0.0, 0.0, 0.5, 0.598]","[0.09, 0.09, 0.09, 0.09, 0.09, 0.09, 0.09, 0.09, 0.09, 0.09, 0.09, 0.09, 0.09, 0.09, 0.09, 0.09, 0.09, 0.09, 0.09, 0.09, 0.09, 0.09, 0.09, 0.09, 0.09, 0.09, 0.09, 0.09, 0.09, 0.09, 0.09, 0.09, 0.09, 0.09, 0.09, 0.09, 0.09, 0.09, 0.09, 0.09, 0.09, 0.09, 0.09, 0.09, 0.09, 0.09, 0.09, 0.09, 0.09, 0.09, 0.09, 0.09, 0.09, 0.09, 0.093, 0.409, 0.599, 0.6, 0.6, 0.6, 0.6, 0.6, 0.6, 0.6, 0.6, 0.6, 0.6, 0.6, 0.6, 0.6, 0.6, 0.6, 0.6, 0.6, 0.6, 0.6, 0.6, 0.6, 0.6, 0.6, 0.6, 0.6, 0.6, 0.6, 0.6, 0.6, 0.6, 0.6, 0.6, 0.6, 0.6, 0.6, 0.6, 0.6, 0.6, 0.6, 0.6, 0.6, 0.6, 0.6]","[0.028, 0.062, 0.202, 0.1, 0.0, 0.0, 0.0, 0.224, 0.054]","[4.01, 7.65, 0.09, 0.4]",4.01,7.65,0.09,0.4,"psych_curve(xdata=array([-70.,  -8.,  -4.,  -2.,  -0.,   2.,   4.,   8.,  70.]), ydata=[0.273, 0.25, 0.833, 0.8, 0.692, 0.75, 0.5, 0.889, 0.827], fit=[nan, nan, nan, nan, nan, nan, nan, nan, nan, nan, nan, nan, nan, nan, nan, nan, nan, nan, nan, nan, nan, nan, nan, nan, nan, nan, nan, nan, nan, nan, nan, nan, nan, nan, nan, nan, nan, nan, nan, nan, nan, nan, nan, nan, nan, nan, nan, nan, nan, nan, nan, nan, nan, nan, nan, nan, nan, nan, nan, nan, nan, nan, nan, nan, nan, nan, nan, nan, nan, nan, nan, nan, nan, nan, nan, nan, nan, nan, nan, nan, nan, nan, nan, nan, nan, nan, nan, nan, nan, nan, nan, nan, nan, nan, nan, nan, nan, nan, nan, nan], params=[10.42, -6.96, 0.26, 0.24], fit_error=[0.051, 0.131, 0.167, 0.107, 0.133, 0.164, 0.224, 0.111, 0.044])",[-70.  -8.  -4.  -2.   0.   2.   4.   8.  70.],"[0.063, 0.062, 0.429, 0.1, 0.0, 0.0, 0.0, 0.5, 0.598]","[0.09, 0.09, 0.09, 0.09, 0.09, 0.09, 0.09, 0.09, 0.09, 0.09, 0.09, 0.09, 0.09, 0.09, 0.09, 0.09, 0.09, 0.09, 0.09, 0.09, 0.09, 0.09, 0.09, 0.09, 0.09, 0.09, 0.09, 0.09, 0.09, 0.09, 0.09, 0.09, 0.09, 0.09, 0.09, 0.09, 0.09, 0.09, 0.09, 0.09, 0.09, 0.09, 0.09, 0.09, 0.09, 0.09, 0.09, 0.09, 0.09, 0.09, 0.09, 0.09, 0.09, 0.09, 0.093, 0.409, 0.599, 0.6, 0.6, 0.6, 0.6, 0.6, 0.6, 0.6, 0.6, 0.6, 0.6, 0.6, 0.6, 0.6, 0.6, 0.6, 0.6, 0.6, 0.6, 0.6, 0.6, 0.6, 0.6, 0.6, 0.6, 0.6, 0.6, 0.6, 0.6, 0.6, 0.6, 0.6, 0.6, 0.6, 0.6, 0.6, 0.6, 0.6, 0.6, 0.6, 0.6, 0.6, 0.6, 0.6]","[0.028, 0.062, 0.202, 0.1, 0.0, 0.0, 0.0, 0.224, 0.054]","[10.42, -6.96, 0.26, 0.24]",10.42,-6.96,0.26,0.24
2023-10-19,3,236,907,['Bpod0'],472,214,258,218,78,198,134,64,115,54,98,14,84,0.4194915254237288,0.6261682242990654,0.24806201550387597,296,148,148,181,142,39,0.6513761467889908,0.5,68,31,37,0.14220183486238533,0.47435897435897434,0.668918918918919,0.9054054054054054,0.43243243243243246,0.7233009708737864,-0.4729729729729729,0.6353591160220995,0.7941176470588235,-0.158758531036724,0.5756880733944953,0.30828040461067985,176,66,110,0.3728813559322034,0.308411214953271,0.4263565891472868,198,134,64,495.0,335.0,160.0,0,0,0,0,0.5,0.5,"psych_curve(xdata=array([-70.,  -8.,  -4.,  -2.,   0.,   2.,   4.,   8.,  70.]), ydata=[0.113, 0.083, 0.067, 0.0, 0.083, 0.125, 0.231, 0.214, 0.55], fit=[0.07, 0.07, 0.07, 0.07, 0.07, 0.07, 0.07, 0.07, 0.07, 0.07, 0.07, 0.07, 0.07, 0.07, 0.07, 0.07, 0.07, 0.07, 0.07, 0.07, 0.07, 0.07, 0.07, 0.07, 0.07, 0.07, 0.07, 0.07, 0.07, 0.07, 0.07, 0.07, 0.07, 0.07, 0.07, 0.07, 0.07, 0.07, 0.071, 0.071, 0.071, 0.072, 0.073, 0.074, 0.075, 0.078, 0.081, 0.085, 0.091, 0.1, 0.112, 0.127, 0.147, 0.173, 0.205, 0.241, 0.282, 0.324, 0.366, 0.404, 0.437, 0.465, 0.487, 0.504, 0.517, 0.526, 0.533, 0.538, 0.541, 0.544, 0.546, 0.547, 0.548, 0.549, 0.549, 0.549, 0.549, 0.55, 0.55, 0.55, 0.55, 0.55, 0.55, 0.55, 0.55, 0.55, 0.55, 0.55, 0.55, 0.55, 0.55, 0.55, 0.55, 0.55, 0.55, 0.55, 0.55, 0.55, 0.55, 0.55], params=[0.25, 10.13, 0.07, 0.45], fit_error=[0.031, 0.083, 0.067, 0.0, 0.083, 0.085, 0.122, 0.114, 0.05])",[-70.  -8.  -4.  -2.   0.   2.   4.   8.  70.],"[0.113, 0.083, 0.067, 0.0, 0.083, 0.125, 0.231, 0.214, 0.55]","[0.07, 0.07, 0.07, 0.07, 0.07, 0.07, 0.07, 0.07, 0.07, 0.07, 0.07, 0.07, 0.07, 0.07, 0.07, 0.07, 0.07, 0.07, 0.07, 0.07, 0.07, 0.07, 0.07, 0.07, 0.07, 0.07, 0.07, 0.07, 0.07, 0.07, 0.07, 0.07, 0.07, 0.07, 0.07, 0.07, 0.07, 0.07, 0.071, 0.071, 0.071, 0.072, 0.073, 0.074, 0.075, 0.078, 0.081, 0.085, 0.091, 0.1, 0.112, 0.127, 0.147, 0.173, 0.205, 0.241, 0.282, 0.324, 0.366, 0.404, 0.437, 0.465, 0.487, 0.504, 0.517, 0.526, 0.533, 0.538, 0.541, 0.544, 0.546, 0.547, 0.548, 0.549, 0.549, 0.549, 0.549, 0.55, 0.55, 0.55, 0.55, 0.55, 0.55, 0.55, 0.55, 0.55, 0.55, 0.55, 0.55, 0.55, 0.55, 0.55, 0.55, 0.55, 0.55, 0.55, 0.55, 0.55, 0.55, 0.55]","[0.031, 0.083, 0.067, 0.0, 0.083, 0.085, 0.122, 0.114, 0.05]","[0.25, 10.13, 0.07, 0.45]",0.25,10.13,0.07,0.45,"psych_curve(xdata=array([-70.,  -8.,  -4.,  -2.,  -0.,   2.,   4.,   8.,  70.]), ydata=[0.448, 0.667, 1.0, 0.917, 0.778, 0.818, 0.917, 0.6, 0.923], fit=[nan, nan, nan, nan, nan, nan, nan, nan, nan, nan, nan, nan, nan, nan, nan, nan, nan, nan, nan, nan, nan, nan, nan, nan, nan, nan, nan, nan, nan, nan, nan, nan, nan, nan, nan, nan, nan, nan, nan, nan, nan, nan, nan, nan, nan, nan, nan, nan, nan, nan, nan, nan, nan, nan, nan, nan, nan, nan, nan, nan, nan, nan, nan, nan, nan, nan, nan, nan, nan, nan, nan, nan, nan, nan, nan, nan, nan, nan, nan, nan, nan, nan, nan, nan, nan, nan, nan, nan, nan, nan, nan, nan, nan, nan, nan, nan, nan, nan, nan, nan], params=[0.0, -5.74, -1.75, -2.29], fit_error=[0.054, 0.167, 0.0, 0.083, 0.147, 0.122, 0.083, 0.163, 0.028])",[-70.  -8.  -4.  -2.   0.   2.   4.   8.  70.],"[0.113, 0.083, 0.067, 0.0, 0.083, 0.125, 0.231, 0.214, 0.55]","[0.07, 0.07, 0.07, 0.07, 0.07, 0.07, 0.07, 0.07, 0.07, 0.07, 0.07, 0.07, 0.07, 0.07, 0.07, 0.07, 0.07, 0.07, 0.07, 0.07, 0.07, 0.07, 0.07, 0.07, 0.07, 0.07, 0.07, 0.07, 0.07, 0.07, 0.07, 0.07, 0.07, 0.07, 0.07, 0.07, 0.07, 0.07, 0.071, 0.071, 0.071, 0.072, 0.073, 0.074, 0.075, 0.078, 0.081, 0.085, 0.091, 0.1, 0.112, 0.127, 0.147, 0.173, 0.205, 0.241, 0.282, 0.324, 0.366, 0.404, 0.437, 0.465, 0.487, 0.504, 0.517, 0.526, 0.533, 0.538, 0.541, 0.544, 0.546, 0.547, 0.548, 0.549, 0.549, 0.549, 0.549, 0.55, 0.55, 0.55, 0.55, 0.55, 0.55, 0.55, 0.55, 0.55, 0.55, 0.55, 0.55, 0.55, 0.55, 0.55, 0.55, 0.55, 0.55, 0.55, 0.55, 0.55, 0.55, 0.55]","[0.031, 0.083, 0.067, 0.0, 0.083, 0.085, 0.122, 0.114, 0.05]","[0.0, -5.74, -1.75, -2.29]",0.0,-5.74,-1.75,-2.29
2023-10-23,0,240,907,['Bpod0'],401,191,210,219,99,204,132,72,104,82,114,27,87,0.5087281795511222,0.6910994764397905,0.34285714285714286,318,159,159,175,138,37,0.6301369863013698,0.37373737373737376,109,54,55,0.2465753424657534,0.5555555555555556,0.6415094339622641,0.8301886792452831,0.4528301886792453,0.7077625570776256,-0.37735849056603776,0.5942857142857143,0.7522935779816514,-0.1580078636959371,0.5019371800193718,0.4010654490106545,83,32,51,0.20698254364089774,0.16753926701570682,0.24285714285714285,204,132,72,510.0,330.0,180.0,0,0,0,0,0.5,0.5,"psych_curve(xdata=array([-70.,  -8.,  -4.,  -2.,   0.,   2.,   4.,   8.,  70.]), ydata=[0.177, 0.083, 0.154, 0.125, 0.2, 0.188, 0.214, 0.222, 0.585], fit=[0.14, 0.14, 0.14, 0.14, 0.14, 0.14, 0.14, 0.14, 0.14, 0.14, 0.14, 0.14, 0.14, 0.14, 0.14, 0.14, 0.14, 0.14, 0.14, 0.14, 0.14, 0.14, 0.14, 0.14, 0.14, 0.14, 0.14, 0.14, 0.14, 0.14, 0.14, 0.14, 0.141, 0.141, 0.141, 0.141, 0.141, 0.142, 0.142, 0.143, 0.143, 0.144, 0.146, 0.147, 0.149, 0.151, 0.154, 0.158, 0.163, 0.168, 0.175, 0.184, 0.195, 0.207, 0.222, 0.239, 0.259, 0.281, 0.305, 0.33, 0.356, 0.383, 0.408, 0.433, 0.455, 0.476, 0.494, 0.509, 0.522, 0.533, 0.542, 0.55, 0.556, 0.561, 0.565, 0.568, 0.571, 0.572, 0.574, 0.575, 0.576, 0.577, 0.578, 0.578, 0.579, 0.579, 0.579, 0.579, 0.579, 0.58, 0.58, 0.58, 0.58, 0.58, 0.58, 0.58, 0.58, 0.58, 0.58, 0.58], params=[0.17, 15.04, 0.14, 0.42], fit_error=[0.036, 0.083, 0.104, 0.085, 0.133, 0.101, 0.114, 0.101, 0.048])",[-70.  -8.  -4.  -2.   0.   2.   4.   8.  70.],"[0.177, 0.083, 0.154, 0.125, 0.2, 0.188, 0.214, 0.222, 0.585]","[0.14, 0.14, 0.14, 0.14, 0.14, 0.14, 0.14, 0.14, 0.14, 0.14, 0.14, 0.14, 0.14, 0.14, 0.14, 0.14, 0.14, 0.14, 0.14, 0.14, 0.14, 0.14, 0.14, 0.14, 0.14, 0.14, 0.14, 0.14, 0.14, 0.14, 0.14, 0.14, 0.141, 0.141, 0.141, 0.141, 0.141, 0.142, 0.142, 0.143, 0.143, 0.144, 0.146, 0.147, 0.149, 0.151, 0.154, 0.158, 0.163, 0.168, 0.175, 0.184, 0.195, 0.207, 0.222, 0.239, 0.259, 0.281, 0.305, 0.33, 0.356, 0.383, 0.408, 0.433, 0.455, 0.476, 0.494, 0.509, 0.522, 0.533, 0.542, 0.55, 0.556, 0.561, 0.565, 0.568, 0.571, 0.572, 0.574, 0.575, 0.576, 0.577, 0.578, 0.578, 0.579, 0.579, 0.579, 0.579, 0.579, 0.58, 0.58, 0.58, 0.58, 0.58, 0.58, 0.58, 0.58, 0.58, 0.58, 0.58]","[0.036, 0.083, 0.104, 0.085, 0.133, 0.101, 0.114, 0.101, 0.048]","[0.17, 15.04, 0.14, 0.42]",0.17,15.04,0.14,0.42,"psych_curve(xdata=array([-70.,  -8.,  -4.,  -2.,   0.,   2.,   4.,   8.,  70.]), ydata=[0.364, 0.636, 0.545, 0.667, 0.667, 0.8, 0.615, 1.0, 0.821], fit=[nan, nan, nan, nan, nan, nan, nan, nan, nan, nan, nan, nan, nan, nan, nan, nan, nan, nan, nan, nan, nan, nan, nan, nan, nan, nan, nan, nan, nan, nan, nan, nan, nan, nan, nan, nan, nan, nan, nan, nan, nan, nan, nan, nan, nan, nan, nan, nan, nan, nan, nan, nan, nan, nan, nan, nan, nan, nan, nan, nan, nan, nan, nan, nan, nan, nan, nan, nan, nan, nan, nan, nan, nan, nan, nan, nan, nan, nan, nan, nan, nan, nan, nan, nan, nan, nan, nan, nan, nan, nan, nan, nan, nan, nan, nan, nan, nan, nan, nan, nan], params=[0.16, -3.69, 0.38, 0.12], fit_error=[0.049, 0.105, 0.157, 0.114, 0.167, 0.133, 0.14, 0.0, 0.04])",[-70.  -8.  -4.  -2.   0.   2.   4.   8.  70.],"[0.177, 0.083, 0.154, 0.125, 0.2, 0.188, 0.214, 0.222, 0.585]","[0.14, 0.14, 0.14, 0.14, 0.14, 0.14, 0.14, 0.14, 0.14, 0.14, 0.14, 0.14, 0.14, 0.14, 0.14, 0.14, 0.14, 0.14, 0.14, 0.14, 0.14, 0.14, 0.14, 0.14, 0.14, 0.14, 0.14, 0.14, 0.14, 0.14, 0.14, 0.14, 0.141, 0.141, 0.141, 0.141, 0.141, 0.142, 0.142, 0.143, 0.143, 0.144, 0.146, 0.147, 0.149, 0.151, 0.154, 0.158, 0.163, 0.168, 0.175, 0.184, 0.195, 0.207, 0.222, 0.239, 0.259, 0.281, 0.305, 0.33, 0.356, 0.383, 0.408, 0.433, 0.455, 0.476, 0.494, 0.509, 0.522, 0.533, 0.542, 0.55, 0.556, 0.561, 0.565, 0.568, 0.571, 0.572, 0.574, 0.575, 0.576, 0.577, 0.578, 0.578, 0.579, 0.579, 0.579, 0.579, 0.579, 0.58, 0.58, 0.58, 0.58, 0.58, 0.58, 0.58, 0.58, 0.58, 0.58, 0.58]","[0.036, 0.083, 0.104, 0.085, 0.133, 0.101, 0.114, 0.101, 0.048]","[0.16, -3.69, 0.38, 0.12]",0.16,-3.69,0.38,0.12
2023-10-24,1,241,907,['Bpod0'],658,328,330,375,248,418,244,174,194,202,205,74,131,0.6352583586626139,0.7439024390243902,0.5272727272727272,623,318,305,304,209,95,0.5573333333333333,0.38306451612903225,289,143,146,0.38133333333333336,0.5887096774193549,0.6709470304975923,0.7672955974842768,0.5704918032786885,0.7433414043583535,-0.19680379420558824,0.6381578947368421,0.698961937716263,-0.06080404297942088,0.4701989247311828,0.48502150537634414,35,10,25,0.05319148936170213,0.03048780487804878,0.07575757575757576,418,244,174,1045.0,610.0,435.0,0,0,0,0,0.5,0.5,"psych_curve(xdata=array([-70.,  -8.,  -4.,  -2.,   0.,   2.,   4.,   8.,  70.]), ydata=[0.189, 0.216, 0.487, 0.158, 0.333, 0.379, 0.235, 0.571, 0.672], fit=[0.29, 0.29, 0.29, 0.29, 0.29, 0.29, 0.29, 0.29, 0.29, 0.29, 0.29, 0.29, 0.29, 0.29, 0.29, 0.29, 0.29, 0.29, 0.29, 0.29, 0.29, 0.29, 0.29, 0.29, 0.29, 0.29, 0.29, 0.29, 0.29, 0.29, 0.29, 0.29, 0.29, 0.29, 0.29, 0.29, 0.29, 0.29, 0.29, 0.29, 0.29, 0.29, 0.29, 0.29, 0.29, 0.29, 0.29, 0.29, 0.29, 0.29, 0.29, 0.29, 0.29, 0.29, 0.294, 0.506, 0.668, 0.67, 0.67, 0.67, 0.67, 0.67, 0.67, 0.67, 0.67, 0.67, 0.67, 0.67, 0.67, 0.67, 0.67, 0.67, 0.67, 0.67, 0.67, 0.67, 0.67, 0.67, 0.67, 0.67, 0.67, 0.67, 0.67, 0.67, 0.67, 0.67, 0.67, 0.67, 0.67, 0.67, 0.67, 0.67, 0.67, 0.67, 0.67, 0.67, 0.67, 0.67, 0.67, 0.67], params=[3.5, 7.7, 0.29, 0.33], fit_error=[0.027, 0.069, 0.081, 0.086, 0.098, 0.092, 0.074, 0.095, 0.033])",[-70.  -8.  -4.  -2.   0.   2.   4.   8.  70.],"[0.189, 0.216, 0.487, 0.158, 0.333, 0.379, 0.235, 0.571, 0.672]","[0.29, 0.29, 0.29, 0.29, 0.29, 0.29, 0.29, 0.29, 0.29, 0.29, 0.29, 0.29, 0.29, 0.29, 0.29, 0.29, 0.29, 0.29, 0.29, 0.29, 0.29, 0.29, 0.29, 0.29, 0.29, 0.29, 0.29, 0.29, 0.29, 0.29, 0.29, 0.29, 0.29, 0.29, 0.29, 0.29, 0.29, 0.29, 0.29, 0.29, 0.29, 0.29, 0.29, 0.29, 0.29, 0.29, 0.29, 0.29, 0.29, 0.29, 0.29, 0.29, 0.29, 0.29, 0.294, 0.506, 0.668, 0.67, 0.67, 0.67, 0.67, 0.67, 0.67, 0.67, 0.67, 0.67, 0.67, 0.67, 0.67, 0.67, 0.67, 0.67, 0.67, 0.67, 0.67, 0.67, 0.67, 0.67, 0.67, 0.67, 0.67, 0.67, 0.67, 0.67, 0.67, 0.67, 0.67, 0.67, 0.67, 0.67, 0.67, 0.67, 0.67, 0.67, 0.67, 0.67, 0.67, 0.67, 0.67, 0.67]","[0.027, 0.069, 0.081, 0.086, 0.098, 0.092, 0.074, 0.095, 0.033]","[3.5, 7.7, 0.29, 0.33]",3.5,7.7,0.29,0.33,"psych_curve(xdata=array([-70.,  -8.,  -4.,  -2.,  -0.,   2.,   4.,   8.,  70.]), ydata=[0.273, 0.28, 0.615, 0.552, 0.455, 0.706, 0.379, 0.658, 0.757], fit=[nan, nan, nan, nan, nan, nan, nan, nan, nan, nan, nan, nan, nan, nan, nan, nan, nan, nan, nan, nan, nan, nan, nan, nan, nan, nan, nan, nan, nan, nan, nan, nan, nan, nan, nan, nan, nan, nan, nan, nan, nan, nan, nan, nan, nan, nan, nan, nan, nan, nan, nan, nan, nan, nan, nan, nan, nan, nan, nan, nan, nan, nan, nan, nan, nan, nan, nan, nan, nan, nan, nan, nan, nan, nan, nan, nan, nan, nan, nan, nan, nan, nan, nan, nan, nan, nan, nan, nan, nan, nan, nan, nan, nan, nan, nan, nan, nan, nan, nan, nan], params=[0.12, -1.44, 0.26, 0.25], fit_error=[0.031, 0.092, 0.079, 0.094, 0.109, 0.114, 0.092, 0.078, 0.031])",[-70.  -8.  -4.  -2.   0.   2.   4.   8.  70.],"[0.189, 0.216, 0.487, 0.158, 0.333, 0.379, 0.235, 0.571, 0.672]","[0.29, 0.29, 0.29, 0.29, 0.29, 0.29, 0.29, 0.29, 0.29, 0.29, 0.29, 0.29, 0.29, 0.29, 0.29, 0.29, 0.29, 0.29, 0.29, 0.29, 0.29, 0.29, 0.29, 0.29, 0.29, 0.29, 0.29, 0.29, 0.29, 0.29, 0.29, 0.29, 0.29, 0.29, 0.29, 0.29, 0.29, 0.29, 0.29, 0.29, 0.29, 0.29, 0.29, 0.29, 0.29, 0.29, 0.29, 0.29, 0.29, 0.29, 0.29, 0.29, 0.29, 0.29, 0.294, 0.506, 0.668, 0.67, 0.67, 0.67, 0.67, 0.67, 0.67, 0.67, 0.67, 0.67, 0.67, 0.67, 0.67, 0.67, 0.67, 0.67, 0.67, 0.67, 0.67, 0.67, 0.67, 0.67, 0.67, 0.67, 0.67, 0.67, 0.67, 0.67, 0.67, 0.67, 0.67, 0.67, 0.67, 0.67, 0.67, 0.67, 0.67, 0.67, 0.67, 0.67, 0.67, 0.67, 0.67, 0.67]","[0.027, 0.069, 0.081, 0.086, 0.098, 0.092, 0.074, 0.095, 0.033]","[0.12, -1.44, 0.26, 0.25]",0.12,-1.44,0.26,0.25
2023-10-25,2,242,907,['Bpod0'],443,233,210,261,136,253,167,86,136,101,144,50,94,0.5711060948081265,0.7167381974248928,0.4095238095238095,397,217,180,209,161,48,0.6168582375478927,0.35294117647058826,169,82,87,0.31417624521072796,0.6397058823529411,0.6372795969773299,0.7695852534562212,0.4777777777777778,0.6819923371647509,-0.2918074756784434,0.6507177033492823,0.5976331360946746,0.05308456725460764,0.48489970700924045,0.47694106378183454,46,16,30,0.1038374717832957,0.06866952789699571,0.14285714285714285,253,167,86,632.5,417.5,215.0,0,0,0,0,0.5,0.5,"psych_curve(xdata=array([-70.,  -8.,  -4.,  -2.,   0.,   2.,   4.,   8.,  70.]), ydata=[0.233, 0.333, 0.368, 0.071, 0.267, 0.222, 0.368, 0.316, 0.574], fit=[0.26, 0.26, 0.26, 0.26, 0.26, 0.26, 0.26, 0.26, 0.26, 0.26, 0.26, 0.26, 0.26, 0.26, 0.26, 0.26, 0.26, 0.26, 0.26, 0.26, 0.26, 0.26, 0.26, 0.26, 0.26, 0.26, 0.26, 0.26, 0.26, 0.26, 0.26, 0.26, 0.26, 0.26, 0.26, 0.26, 0.26, 0.26, 0.26, 0.26, 0.26, 0.26, 0.26, 0.26, 0.261, 0.261, 0.262, 0.263, 0.264, 0.266, 0.27, 0.275, 0.282, 0.293, 0.309, 0.329, 0.356, 0.387, 0.421, 0.454, 0.483, 0.508, 0.527, 0.541, 0.551, 0.557, 0.562, 0.565, 0.566, 0.568, 0.569, 0.569, 0.569, 0.57, 0.57, 0.57, 0.57, 0.57, 0.57, 0.57, 0.57, 0.57, 0.57, 0.57, 0.57, 0.57, 0.57, 0.57, 0.57, 0.57, 0.57, 0.57, 0.57, 0.57, 0.57, 0.57, 0.57, 0.57, 0.57, 0.57], params=[0.31, 11.79, 0.26, 0.43], fit_error=[0.035, 0.114, 0.114, 0.05, 0.118, 0.101, 0.114, 0.11, 0.046])",[-70.  -8.  -4.  -2.   0.   2.   4.   8.  70.],"[0.233, 0.333, 0.368, 0.071, 0.267, 0.222, 0.368, 0.316, 0.574]","[0.26, 0.26, 0.26, 0.26, 0.26, 0.26, 0.26, 0.26, 0.26, 0.26, 0.26, 0.26, 0.26, 0.26, 0.26, 0.26, 0.26, 0.26, 0.26, 0.26, 0.26, 0.26, 0.26, 0.26, 0.26, 0.26, 0.26, 0.26, 0.26, 0.26, 0.26, 0.26, 0.26, 0.26, 0.26, 0.26, 0.26, 0.26, 0.26, 0.26, 0.26, 0.26, 0.26, 0.26, 0.261, 0.261, 0.262, 0.263, 0.264, 0.266, 0.27, 0.275, 0.282, 0.293, 0.309, 0.329, 0.356, 0.387, 0.421, 0.454, 0.483, 0.508, 0.527, 0.541, 0.551, 0.557, 0.562, 0.565, 0.566, 0.568, 0.569, 0.569, 0.569, 0.57, 0.57, 0.57, 0.57, 0.57, 0.57, 0.57, 0.57, 0.57, 0.57, 0.57, 0.57, 0.57, 0.57, 0.57, 0.57, 0.57, 0.57, 0.57, 0.57, 0.57, 0.57, 0.57, 0.57, 0.57, 0.57, 0.57]","[0.035, 0.114, 0.114, 0.05, 0.118, 0.101, 0.114, 0.11, 0.046]","[0.31, 11.79, 0.26, 0.43]",0.31,11.79,0.26,0.43,"psych_curve(xdata=array([-70.,  -8.,  -4.,  -2.,  -0.,   2.,   4.,   8.,  70.]), ydata=[0.33, 0.667, 0.5, 0.562, 0.733, 0.741, 0.5, 0.526, 0.684], fit=[nan, nan, nan, nan, nan, nan, nan, nan, nan, nan, nan, nan, nan, nan, nan, nan, nan, nan, nan, nan, nan, nan, nan, nan, nan, nan, nan, nan, nan, nan, nan, nan, nan, nan, nan, nan, nan, nan, nan, nan, nan, nan, nan, nan, nan, nan, nan, nan, nan, nan, nan, nan, nan, nan, nan, nan, nan, nan, nan, nan, nan, nan, nan, nan, nan, nan, nan, nan, nan, nan, nan, nan, nan, nan, nan, nan, nan, nan, nan, nan, nan, nan, nan, nan, nan, nan, nan, nan, nan, nan, nan, nan, nan, nan, nan, nan, nan, nan, nan, nan], params=[0.0, -4.73, -2.89, -3.03], fit_error=[0.045, 0.126, 0.109, 0.128, 0.118, 0.086, 0.129, 0.118, 0.04])",[-70.  -8.  -4.  -2.   0.   2.   4.   8.  70.],"[0.233, 0.333, 0.368, 0.071, 0.267, 0.222, 0.368, 0.316, 0.574]","[0.26, 0.26, 0.26, 0.26, 0.26, 0.26, 0.26, 0.26, 0.26, 0.26, 0.26, 0.26, 0.26, 0.26, 0.26, 0.26, 0.26, 0.26, 0.26, 0.26, 0.26, 0.26, 0.26, 0.26, 0.26, 0.26, 0.26, 0.26, 0.26, 0.26, 0.26, 0.26, 0.26, 0.26, 0.26, 0.26, 0.26, 0.26, 0.26, 0.26, 0.26, 0.26, 0.26, 0.26, 0.261, 0.261, 0.262, 0.263, 0.264, 0.266, 0.27, 0.275, 0.282, 0.293, 0.309, 0.329, 0.356, 0.387, 0.421, 0.454, 0.483, 0.508, 0.527, 0.541, 0.551, 0.557, 0.562, 0.565, 0.566, 0.568, 0.569, 0.569, 0.569, 0.57, 0.57, 0.57, 0.57, 0.57, 0.57, 0.57, 0.57, 0.57, 0.57, 0.57, 0.57, 0.57, 0.57, 0.57, 0.57, 0.57, 0.57, 0.57, 0.57, 0.57, 0.57, 0.57, 0.57, 0.57, 0.57, 0.57]","[0.035, 0.114, 0.114, 0.05, 0.118, 0.101, 0.114, 0.11, 0.046]","[0.0, -4.73, -2.89, -3.03]",0.0,-4.73,-2.89,-3.03
2023-10-26,3,243,907,['Bpod0'],651,321,330,403,203,347,228,119,184,153,259,84,175,0.533026113671275,0.7102803738317757,0.3606060606060606,606,312,294,314,249,65,0.6178660049627791,0.32019704433497537,266,133,133,0.33002481389578164,0.6551724137931034,0.5726072607260726,0.7307692307692307,0.40476190476190477,0.6301020408163265,-0.32600732600732596,0.5859872611464968,0.575187969924812,0.01079929122168477,0.4690315246488772,0.49259861384444253,45,9,36,0.06912442396313365,0.028037383177570093,0.10909090909090909,347,228,119,867.5,570.0,297.5,0,0,0,0,0.5,0.5,"psych_curve(xdata=array([-70.,  -8.,  -4.,  -2.,   0.,   2.,   4.,   8.,  70.]), ydata=[0.261, 0.279, 0.357, 0.2, 0.292, 0.13, 0.174, 0.256, 0.513], fit=[0.28, 0.28, 0.28, 0.28, 0.28, 0.28, 0.28, 0.28, 0.28, 0.28, 0.28, 0.28, 0.28, 0.28, 0.28, 0.28, 0.28, 0.28, 0.28, 0.28, 0.28, 0.28, 0.28, 0.28, 0.28, 0.28, 0.28, 0.28, 0.28, 0.28, 0.28, 0.28, 0.28, 0.28, 0.28, 0.28, 0.28, 0.28, 0.28, 0.28, 0.28, 0.28, 0.28, 0.28, 0.28, 0.28, 0.28, 0.28, 0.28, 0.28, 0.28, 0.28, 0.28, 0.28, 0.28, 0.28, 0.28, 0.28, 0.28, 0.28, 0.28, 0.28, 0.28, 0.28, 0.28, 0.28, 0.28, 0.28, 0.28, 0.28, 0.28, 0.28, 0.28, 0.28, 0.28, 0.28, 0.28, 0.28, 0.28, 0.28, 0.28, 0.28, 0.28, 0.28, 0.28, 0.28, 0.28, 0.28, 0.28, 0.28, 0.28, 0.28, 0.28, 0.28, 0.28, 0.28, 0.28, 0.28, 0.28, 0.28], params=[0.0, 2.53, -0.76, -0.32], fit_error=[0.031, 0.069, 0.092, 0.074, 0.095, 0.072, 0.081, 0.067, 0.036])",[-70.  -8.  -4.  -2.   0.   2.   4.   8.  70.],"[0.261, 0.279, 0.357, 0.2, 0.292, 0.13, 0.174, 0.256, 0.513]","[0.28, 0.28, 0.28, 0.28, 0.28, 0.28, 0.28, 0.28, 0.28, 0.28, 0.28, 0.28, 0.28, 0.28, 0.28, 0.28, 0.28, 0.28, 0.28, 0.28, 0.28, 0.28, 0.28, 0.28, 0.28, 0.28, 0.28, 0.28, 0.28, 0.28, 0.28, 0.28, 0.28, 0.28, 0.28, 0.28, 0.28, 0.28, 0.28, 0.28, 0.28, 0.28, 0.28, 0.28, 0.28, 0.28, 0.28, 0.28, 0.28, 0.28, 0.28, 0.28, 0.28, 0.28, 0.28, 0.28, 0.28, 0.28, 0.28, 0.28, 0.28, 0.28, 0.28, 0.28, 0.28, 0.28, 0.28, 0.28, 0.28, 0.28, 0.28, 0.28, 0.28, 0.28, 0.28, 0.28, 0.28, 0.28, 0.28, 0.28, 0.28, 0.28, 0.28, 0.28, 0.28, 0.28, 0.28, 0.28, 0.28, 0.28, 0.28, 0.28, 0.28, 0.28, 0.28, 0.28, 0.28, 0.28, 0.28, 0.28]","[0.031, 0.069, 0.092, 0.074, 0.095, 0.072, 0.081, 0.067, 0.036]","[0.0, 2.53, -0.76, -0.32]",0.0,2.53,-0.76,-0.32,"psych_curve(xdata=array([-70.,  -8.,  -4.,  -2.,   0.,   2.,   4.,   8.,  70.]), ydata=[0.383, 0.538, 0.536, 0.667, 0.727, 0.643, 0.429, 0.512, 0.655], fit=[nan, nan, nan, nan, nan, nan, nan, nan, nan, nan, nan, nan, nan, nan, nan, nan, nan, nan, nan, nan, nan, nan, nan, nan, nan, nan, nan, nan, nan, nan, nan, nan, nan, nan, nan, nan, nan, nan, nan, nan, nan, nan, nan, nan, nan, nan, nan, nan, nan, nan, nan, nan, nan, nan, nan, nan, nan, nan, nan, nan, nan, nan, nan, nan, nan, nan, nan, nan, nan, nan, nan, nan, nan, nan, nan, nan, nan, nan, nan, nan, nan, nan, nan, nan, nan, nan, nan, nan, nan, nan, nan, nan, nan, nan, nan, nan, nan, nan, nan, nan], params=[0.0, -3.1, -4.02, -4.14], fit_error=[0.036, 0.081, 0.096, 0.105, 0.097, 0.092, 0.111, 0.079, 0.034])",[-70.  -8.  -4.  -2.   0.   2.   4.   8.  70.],"[0.261, 0.279, 0.357, 0.2, 0.292, 0.13, 0.174, 0.256, 0.513]","[0.28, 0.28, 0.28, 0.28, 0.28, 0.28, 0.28, 0.28, 0.28, 0.28, 0.28, 0.28, 0.28, 0.28, 0.28, 0.28, 0.28, 0.28, 0.28, 0.28, 0.28, 0.28, 0.28, 0.28, 0.28, 0.28, 0.28, 0.28, 0.28, 0.28, 0.28, 0.28, 0.28, 0.28, 0.28, 0.28, 0.28, 0.28, 0.28, 0.28, 0.28, 0.28, 0.28, 0.28, 0.28, 0.28, 0.28, 0.28, 0.28, 0.28, 0.28, 0.28, 0.28, 0.28, 0.28, 0.28, 0.28, 0.28, 0.28, 0.28, 0.28, 0.28, 0.28, 0.28, 0.28, 0.28, 0.28, 0.28, 0.28, 0.28, 0.28, 0.28, 0.28, 0.28, 0.28, 0.28, 0.28, 0.28, 0.28, 0.28, 0.28, 0.28, 0.28, 0.28, 0.28, 0.28, 0.28, 0.28, 0.28, 0.28, 0.28, 0.28, 0.28, 0.28, 0.28, 0.28, 0.28, 0.28, 0.28, 0.28]","[0.031, 0.069, 0.092, 0.074, 0.095, 0.072, 0.081, 0.067, 0.036]","[0.0, -3.1, -4.02, -4.14]",0.0,-3.1,-4.02,-4.14
2023-10-30,0,247,907,['Bpod0'],841,437,404,444,379,560,304,256,239,314,263,123,140,0.6658739595719382,0.6956521739130435,0.6336633663366337,823,427,396,338,200,138,0.45045045045045046,0.3641160949868074,476,238,238,0.536036036036036,0.6279683377308707,0.6804374240583232,0.711943793911007,0.6464646464646465,0.7428023032629558,-0.06547914744636052,0.7071005917159763,0.6596638655462185,0.047436726169757804,0.40728327271862896,0.5820021868834533,18,10,8,0.02140309155766944,0.02288329519450801,0.019801980198019802,560,304,256,1400.0,760.0,640.0,0,0,0,0,0.5,0.5,"psych_curve(xdata=array([-70.,  -8.,  -4.,  -2.,   0.,   2.,   4.,   8.,  70.]), ydata=[0.273, 0.245, 0.288, 0.372, 0.379, 0.355, 0.405, 0.511, 0.758], fit=[0.26, 0.26, 0.26, 0.26, 0.26, 0.26, 0.26, 0.26, 0.26, 0.26, 0.26, 0.26, 0.26, 0.26, 0.26, 0.26, 0.26, 0.26, 0.26, 0.26, 0.26, 0.26, 0.26, 0.26, 0.26, 0.26, 0.26, 0.26, 0.26, 0.261, 0.261, 0.261, 0.261, 0.262, 0.262, 0.263, 0.264, 0.265, 0.266, 0.268, 0.27, 0.273, 0.277, 0.281, 0.287, 0.294, 0.304, 0.315, 0.329, 0.345, 0.365, 0.387, 0.413, 0.441, 0.471, 0.503, 0.534, 0.565, 0.595, 0.622, 0.646, 0.666, 0.684, 0.699, 0.712, 0.722, 0.73, 0.736, 0.741, 0.745, 0.749, 0.751, 0.753, 0.755, 0.756, 0.757, 0.757, 0.758, 0.758, 0.759, 0.759, 0.759, 0.759, 0.76, 0.76, 0.76, 0.76, 0.76, 0.76, 0.76, 0.76, 0.76, 0.76, 0.76, 0.76, 0.76, 0.76, 0.76, 0.76, 0.76], params=[0.18, 8.1, 0.26, 0.24], fit_error=[0.028, 0.06, 0.059, 0.075, 0.092, 0.087, 0.077, 0.075, 0.026])",[-70.  -8.  -4.  -2.   0.   2.   4.   8.  70.],"[0.273, 0.245, 0.288, 0.372, 0.379, 0.355, 0.405, 0.511, 0.758]","[0.26, 0.26, 0.26, 0.26, 0.26, 0.26, 0.26, 0.26, 0.26, 0.26, 0.26, 0.26, 0.26, 0.26, 0.26, 0.26, 0.26, 0.26, 0.26, 0.26, 0.26, 0.26, 0.26, 0.26, 0.26, 0.26, 0.26, 0.26, 0.26, 0.261, 0.261, 0.261, 0.261, 0.262, 0.262, 0.263, 0.264, 0.265, 0.266, 0.268, 0.27, 0.273, 0.277, 0.281, 0.287, 0.294, 0.304, 0.315, 0.329, 0.345, 0.365, 0.387, 0.413, 0.441, 0.471, 0.503, 0.534, 0.565, 0.595, 0.622, 0.646, 0.666, 0.684, 0.699, 0.712, 0.722, 0.73, 0.736, 0.741, 0.745, 0.749, 0.751, 0.753, 0.755, 0.756, 0.757, 0.757, 0.758, 0.758, 0.759, 0.759, 0.759, 0.759, 0.76, 0.76, 0.76, 0.76, 0.76, 0.76, 0.76, 0.76, 0.76, 0.76, 0.76, 0.76, 0.76, 0.76, 0.76, 0.76, 0.76]","[0.028, 0.06, 0.059, 0.075, 0.092, 0.087, 0.077, 0.075, 0.026]","[0.18, 8.1, 0.26, 0.24]",0.18,8.1,0.26,0.24,"psych_curve(xdata=array([-70.,  -8.,  -4.,  -2.,  -0.,   2.,   4.,   8.,  70.]), ydata=[0.174, 0.224, 0.431, 0.368, 0.345, 0.389, 0.592, 0.51, 0.659], fit=[nan, nan, nan, nan, nan, nan, nan, nan, nan, nan, nan, nan, nan, nan, nan, nan, nan, nan, nan, nan, nan, nan, nan, nan, nan, nan, nan, nan, nan, nan, nan, nan, nan, nan, nan, nan, nan, nan, nan, nan, nan, nan, nan, nan, nan, nan, nan, nan, nan, nan, nan, nan, nan, nan, nan, nan, nan, nan, nan, nan, nan, nan, nan, nan, nan, nan, nan, nan, nan, nan, nan, nan, nan, nan, nan, nan, nan, nan, nan, nan, nan, nan, nan, nan, nan, nan, nan, nan, nan, nan, nan, nan, nan, nan, nan, nan, nan, nan, nan, nan], params=[0.16, 0.11, 0.17, 0.34], fit_error=[0.024, 0.06, 0.07, 0.079, 0.09, 0.082, 0.071, 0.072, 0.03])",[-70.  -8.  -4.  -2.   0.   2.   4.   8.  70.],"[0.273, 0.245, 0.288, 0.372, 0.379, 0.355, 0.405, 0.511, 0.758]","[0.26, 0.26, 0.26, 0.26, 0.26, 0.26, 0.26, 0.26, 0.26, 0.26, 0.26, 0.26, 0.26, 0.26, 0.26, 0.26, 0.26, 0.26, 0.26, 0.26, 0.26, 0.26, 0.26, 0.26, 0.26, 0.26, 0.26, 0.26, 0.26, 0.261, 0.261, 0.261, 0.261, 0.262, 0.262, 0.263, 0.264, 0.265, 0.266, 0.268, 0.27, 0.273, 0.277, 0.281, 0.287, 0.294, 0.304, 0.315, 0.329, 0.345, 0.365, 0.387, 0.413, 0.441, 0.471, 0.503, 0.534, 0.565, 0.595, 0.622, 0.646, 0.666, 0.684, 0.699, 0.712, 0.722, 0.73, 0.736, 0.741, 0.745, 0.749, 0.751, 0.753, 0.755, 0.756, 0.757, 0.757, 0.758, 0.758, 0.759, 0.759, 0.759, 0.759, 0.76, 0.76, 0.76, 0.76, 0.76, 0.76, 0.76, 0.76, 0.76, 0.76, 0.76, 0.76, 0.76, 0.76, 0.76, 0.76, 0.76]","[0.028, 0.06, 0.059, 0.075, 0.092, 0.087, 0.077, 0.075, 0.026]","[0.16, 0.11, 0.17, 0.34]",0.16,0.11,0.17,0.34
2023-10-31,1,248,907,['Bpod0'],349,179,170,128,193,217,93,124,103,107,104,69,35,0.6217765042979942,0.5195530726256983,0.7294117647058823,321,162,159,156,51,105,0.3984375,0.5440414507772021,153,76,77,0.59375,0.39896373056994816,0.67601246105919,0.5740740740740741,0.779874213836478,0.7186147186147186,0.20580013976240397,0.6602564102564102,0.6993464052287581,-0.039089994972347886,0.47123947538860106,0.4963568652849741,28,17,11,0.08022922636103152,0.09497206703910614,0.06470588235294118,217,93,124,542.5,232.5,310.0,0,0,0,0,0.5,0.5,"psych_curve(xdata=array([-70.,  -8.,  -4.,  -2.,   0.,   2.,   4.,   8.,  70.]), ydata=[0.383, 0.182, 0.538, 0.818, 0.833, 0.625, 0.6, 0.667, 0.829], fit=[0.28, 0.28, 0.28, 0.28, 0.28, 0.28, 0.28, 0.28, 0.28, 0.28, 0.28, 0.28, 0.28, 0.28, 0.28, 0.28, 0.28, 0.28, 0.28, 0.28, 0.28, 0.28, 0.28, 0.28, 0.28, 0.28, 0.28, 0.28, 0.28, 0.28, 0.28, 0.28, 0.28, 0.28, 0.28, 0.28, 0.28, 0.28, 0.28, 0.28, 0.28, 0.28, 0.28, 0.28, 0.28, 0.28, 0.281, 0.716, 0.73, 0.73, 0.73, 0.73, 0.73, 0.73, 0.73, 0.73, 0.73, 0.73, 0.73, 0.73, 0.73, 0.73, 0.73, 0.73, 0.73, 0.73, 0.73, 0.73, 0.73, 0.73, 0.73, 0.73, 0.73, 0.73, 0.73, 0.73, 0.73, 0.73, 0.73, 0.73, 0.73, 0.73, 0.73, 0.73, 0.73, 0.73, 0.73, 0.73, 0.73, 0.73, 0.73, 0.73, 0.73, 0.73, 0.73, 0.73, 0.73, 0.73, 0.73, 0.73], params=[6.79, -4.04, 0.28, 0.27], fit_error=[0.045, 0.122, 0.144, 0.122, 0.112, 0.183, 0.112, 0.126, 0.036])",[-70.  -8.  -4.  -2.   0.   2.   4.   8.  70.],"[0.383, 0.182, 0.538, 0.818, 0.833, 0.625, 0.6, 0.667, 0.829]","[0.28, 0.28, 0.28, 0.28, 0.28, 0.28, 0.28, 0.28, 0.28, 0.28, 0.28, 0.28, 0.28, 0.28, 0.28, 0.28, 0.28, 0.28, 0.28, 0.28, 0.28, 0.28, 0.28, 0.28, 0.28, 0.28, 0.28, 0.28, 0.28, 0.28, 0.28, 0.28, 0.28, 0.28, 0.28, 0.28, 0.28, 0.28, 0.28, 0.28, 0.28, 0.28, 0.28, 0.28, 0.28, 0.28, 0.281, 0.716, 0.73, 0.73, 0.73, 0.73, 0.73, 0.73, 0.73, 0.73, 0.73, 0.73, 0.73, 0.73, 0.73, 0.73, 0.73, 0.73, 0.73, 0.73, 0.73, 0.73, 0.73, 0.73, 0.73, 0.73, 0.73, 0.73, 0.73, 0.73, 0.73, 0.73, 0.73, 0.73, 0.73, 0.73, 0.73, 0.73, 0.73, 0.73, 0.73, 0.73, 0.73, 0.73, 0.73, 0.73, 0.73, 0.73, 0.73, 0.73, 0.73, 0.73, 0.73, 0.73]","[0.045, 0.122, 0.144, 0.122, 0.112, 0.183, 0.112, 0.126, 0.036]","[6.79, -4.04, 0.28, 0.27]",6.79,-4.04,0.28,0.27,"psych_curve(xdata=array([-70.,  -8.,  -4.,  -2.,   0.,   2.,   4.,   8.,  70.]), ydata=[0.325, 0.118, 0.438, 0.6, 0.5, 0.333, 0.562, 0.5, 0.761], fit=[nan, nan, nan, nan, nan, nan, nan, nan, nan, nan, nan, nan, nan, nan, nan, nan, nan, nan, nan, nan, nan, nan, nan, nan, nan, nan, nan, nan, nan, nan, nan, nan, nan, nan, nan, nan, nan, nan, nan, nan, nan, nan, nan, nan, nan, nan, nan, nan, nan, nan, nan, nan, nan, nan, nan, nan, nan, nan, nan, nan, nan, nan, nan, nan, nan, nan, nan, nan, nan, nan, nan, nan, nan, nan, nan, nan, nan, nan, nan, nan, nan, nan, nan, nan, nan, nan, nan, nan, nan, nan, nan, nan, nan, nan, nan, nan, nan, nan, nan, nan], params=[0.13, 4.73, 0.27, 0.25], fit_error=[0.044, 0.081, 0.128, 0.163, 0.167, 0.167, 0.128, 0.189, 0.041])",[-70.  -8.  -4.  -2.   0.   2.   4.   8.  70.],"[0.383, 0.182, 0.538, 0.818, 0.833, 0.625, 0.6, 0.667, 0.829]","[0.28, 0.28, 0.28, 0.28, 0.28, 0.28, 0.28, 0.28, 0.28, 0.28, 0.28, 0.28, 0.28, 0.28, 0.28, 0.28, 0.28, 0.28, 0.28, 0.28, 0.28, 0.28, 0.28, 0.28, 0.28, 0.28, 0.28, 0.28, 0.28, 0.28, 0.28, 0.28, 0.28, 0.28, 0.28, 0.28, 0.28, 0.28, 0.28, 0.28, 0.28, 0.28, 0.28, 0.28, 0.28, 0.28, 0.281, 0.716, 0.73, 0.73, 0.73, 0.73, 0.73, 0.73, 0.73, 0.73, 0.73, 0.73, 0.73, 0.73, 0.73, 0.73, 0.73, 0.73, 0.73, 0.73, 0.73, 0.73, 0.73, 0.73, 0.73, 0.73, 0.73, 0.73, 0.73, 0.73, 0.73, 0.73, 0.73, 0.73, 0.73, 0.73, 0.73, 0.73, 0.73, 0.73, 0.73, 0.73, 0.73, 0.73, 0.73, 0.73, 0.73, 0.73, 0.73, 0.73, 0.73, 0.73, 0.73, 0.73]","[0.045, 0.122, 0.144, 0.122, 0.112, 0.183, 0.112, 0.126, 0.036]","[0.13, 4.73, 0.27, 0.25]",0.13,4.73,0.27,0.25
2023-11-02,3,250,907,['Bpod0'],466,232,234,286,177,303,178,125,148,152,160,52,108,0.6502145922746781,0.7672413793103449,0.5341880341880342,463,230,233,221,164,57,0.5734265734265734,0.3220338983050847,238,119,119,0.4160839160839161,0.672316384180791,0.6544276457883369,0.7739130434782608,0.5364806866952789,0.6941580756013745,-0.2374323567829819,0.669683257918552,0.6386554621848739,0.031027795733678087,0.44773023586582905,0.5442001501323536,3,2,1,0.006437768240343348,0.008620689655172414,0.004273504273504274,303,178,125,757.5,445.0,312.5,0,0,0,0,0.5,0.5,"psych_curve(xdata=array([-70.,  -8.,  -4.,  -2.,   0.,   2.,   4.,   8.,  70.]), ydata=[0.212, 0.292, 0.182, 0.312, 0.25, 0.389, 0.478, 0.32, 0.61], fit=[0.25, 0.25, 0.25, 0.25, 0.25, 0.25, 0.25, 0.25, 0.25, 0.25, 0.25, 0.25, 0.25, 0.25, 0.25, 0.25, 0.25, 0.25, 0.25, 0.25, 0.25, 0.25, 0.25, 0.25, 0.25, 0.25, 0.25, 0.25, 0.25, 0.25, 0.25, 0.25, 0.25, 0.25, 0.25, 0.25, 0.25, 0.25, 0.25, 0.25, 0.25, 0.25, 0.25, 0.25, 0.25, 0.25, 0.25, 0.25, 0.25, 0.25, 0.25, 0.418, 0.47, 0.47, 0.47, 0.47, 0.47, 0.47, 0.47, 0.47, 0.47, 0.47, 0.47, 0.47, 0.47, 0.47, 0.47, 0.47, 0.47, 0.47, 0.47, 0.47, 0.47, 0.47, 0.47, 0.47, 0.47, 0.47, 0.47, 0.47, 0.47, 0.47, 0.47, 0.47, 0.47, 0.47, 0.47, 0.47, 0.47, 0.47, 0.47, 0.47, 0.47, 0.47, 0.47, 0.47, 0.47, 0.47, 0.47, 0.47], params=[5.3, 1.9, 0.25, 0.53], fit_error=[0.035, 0.095, 0.084, 0.083, 0.083, 0.118, 0.106, 0.095, 0.039])",[-70.  -8.  -4.  -2.   0.   2.   4.   8.  70.],"[0.212, 0.292, 0.182, 0.312, 0.25, 0.389, 0.478, 0.32, 0.61]","[0.25, 0.25, 0.25, 0.25, 0.25, 0.25, 0.25, 0.25, 0.25, 0.25, 0.25, 0.25, 0.25, 0.25, 0.25, 0.25, 0.25, 0.25, 0.25, 0.25, 0.25, 0.25, 0.25, 0.25, 0.25, 0.25, 0.25, 0.25, 0.25, 0.25, 0.25, 0.25, 0.25, 0.25, 0.25, 0.25, 0.25, 0.25, 0.25, 0.25, 0.25, 0.25, 0.25, 0.25, 0.25, 0.25, 0.25, 0.25, 0.25, 0.25, 0.25, 0.418, 0.47, 0.47, 0.47, 0.47, 0.47, 0.47, 0.47, 0.47, 0.47, 0.47, 0.47, 0.47, 0.47, 0.47, 0.47, 0.47, 0.47, 0.47, 0.47, 0.47, 0.47, 0.47, 0.47, 0.47, 0.47, 0.47, 0.47, 0.47, 0.47, 0.47, 0.47, 0.47, 0.47, 0.47, 0.47, 0.47, 0.47, 0.47, 0.47, 0.47, 0.47, 0.47, 0.47, 0.47, 0.47, 0.47, 0.47, 0.47]","[0.035, 0.095, 0.084, 0.083, 0.083, 0.118, 0.106, 0.095, 0.039]","[5.3, 1.9, 0.25, 0.53]",5.3,1.9,0.25,0.53,"psych_curve(xdata=array([-70.,  -8.,  -4.,  -2.,   0.,   2.,   4.,   8.,  70.]), ydata=[0.312, 0.44, 0.444, 0.25, 0.333, 0.423, 0.704, 0.458, 0.701], fit=[nan, nan, nan, nan, nan, nan, nan, nan, nan, nan, nan, nan, nan, nan, nan, nan, nan, nan, nan, nan, nan, nan, nan, nan, nan, nan, nan, nan, nan, nan, nan, nan, nan, nan, nan, nan, nan, nan, nan, nan, nan, nan, nan, nan, nan, nan, nan, nan, nan, nan, nan, nan, nan, nan, nan, nan, nan, nan, nan, nan, nan, nan, nan, nan, nan, nan, nan, nan, nan, nan, nan, nan, nan, nan, nan, nan, nan, nan, nan, nan, nan, nan, nan, nan, nan, nan, nan, nan, nan, nan, nan, nan, nan, nan, nan, nan, nan, nan, nan, nan], params=[7.09, 2.15, 0.36, 0.38], fit_error=[0.039, 0.101, 0.121, 0.09, 0.092, 0.099, 0.09, 0.104, 0.038])",[-70.  -8.  -4.  -2.   0.   2.   4.   8.  70.],"[0.212, 0.292, 0.182, 0.312, 0.25, 0.389, 0.478, 0.32, 0.61]","[0.25, 0.25, 0.25, 0.25, 0.25, 0.25, 0.25, 0.25, 0.25, 0.25, 0.25, 0.25, 0.25, 0.25, 0.25, 0.25, 0.25, 0.25, 0.25, 0.25, 0.25, 0.25, 0.25, 0.25, 0.25, 0.25, 0.25, 0.25, 0.25, 0.25, 0.25, 0.25, 0.25, 0.25, 0.25, 0.25, 0.25, 0.25, 0.25, 0.25, 0.25, 0.25, 0.25, 0.25, 0.25, 0.25, 0.25, 0.25, 0.25, 0.25, 0.25, 0.418, 0.47, 0.47, 0.47, 0.47, 0.47, 0.47, 0.47, 0.47, 0.47, 0.47, 0.47, 0.47, 0.47, 0.47, 0.47, 0.47, 0.47, 0.47, 0.47, 0.47, 0.47, 0.47, 0.47, 0.47, 0.47, 0.47, 0.47, 0.47, 0.47, 0.47, 0.47, 0.47, 0.47, 0.47, 0.47, 0.47, 0.47, 0.47, 0.47, 0.47, 0.47, 0.47, 0.47, 0.47, 0.47, 0.47, 0.47, 0.47]","[0.035, 0.095, 0.084, 0.083, 0.083, 0.118, 0.106, 0.095, 0.039]","[7.09, 2.15, 0.36, 0.38]",7.09,2.15,0.36,0.38
2023-11-03,4,251,907,['Bpod0'],328,163,165,158,89,160,104,56,65,68,87,33,54,0.4878048780487805,0.6380368098159509,0.3393939393939394,247,137,110,102,79,23,0.5,0.25842696629213485,103,47,56,0.2974683544303797,0.6292134831460674,0.6477732793522267,0.7591240875912408,0.509090909090909,0.6666666666666666,-0.2500331785003318,0.6372549019607843,0.6601941747572816,-0.022939272796497323,0.3792134831460674,0.4633409187882236,81,26,55,0.24695121951219512,0.15950920245398773,0.3333333333333333,160,104,56,400.0,260.0,140.0,0,0,0,0,0.5,0.5,"psych_curve(xdata=array([-70.,  -8.,  -4.,  -2.,   0.,   2.,   4.,   8.,  70.]), ydata=[0.209, 0.667, 0.231, 0.6, 0.417, 0.286, 0.5, 0.8, 0.511], fit=[0.205, 0.208, 0.211, 0.214, 0.217, 0.221, 0.225, 0.229, 0.233, 0.238, 0.243, 0.248, 0.253, 0.259, 0.265, 0.271, 0.277, 0.284, 0.291, 0.298, 0.305, 0.313, 0.32, 0.328, 0.336, 0.344, 0.352, 0.36, 0.368, 0.376, 0.384, 0.392, 0.4, 0.407, 0.415, 0.422, 0.429, 0.436, 0.443, 0.449, 0.455, 0.461, 0.467, 0.472, 0.477, 0.482, 0.487, 0.491, 0.495, 0.499, 0.503, 0.506, 0.509, 0.512, 0.515, 0.518, 0.52, 0.522, 0.524, 0.526, 0.528, 0.53, 0.531, 0.533, 0.534, 0.535, 0.537, 0.538, 0.539, 0.54, 0.54, 0.541, 0.542, 0.542, 0.543, 0.544, 0.544, 0.545, 0.545, 0.545, 0.546, 0.546, 0.546, 0.547, 0.547, 0.547, 0.547, 0.548, 0.548, 0.548, 0.548, 0.548, 0.548, 0.549, 0.549, 0.549, 0.549, 0.549, 0.549, 0.549], params=[0.06, -31.83, 0.17, 0.45], fit_error=[0.039, 0.333, 0.122, 0.245, 0.149, 0.184, 0.289, 0.2, 0.054])",[-70.  -8.  -4.  -2.   0.   2.   4.   8.  70.],"[0.209, 0.667, 0.231, 0.6, 0.417, 0.286, 0.5, 0.8, 0.511]","[0.205, 0.208, 0.211, 0.214, 0.217, 0.221, 0.225, 0.229, 0.233, 0.238, 0.243, 0.248, 0.253, 0.259, 0.265, 0.271, 0.277, 0.284, 0.291, 0.298, 0.305, 0.313, 0.32, 0.328, 0.336, 0.344, 0.352, 0.36, 0.368, 0.376, 0.384, 0.392, 0.4, 0.407, 0.415, 0.422, 0.429, 0.436, 0.443, 0.449, 0.455, 0.461, 0.467, 0.472, 0.477, 0.482, 0.487, 0.491, 0.495, 0.499, 0.503, 0.506, 0.509, 0.512, 0.515, 0.518, 0.52, 0.522, 0.524, 0.526, 0.528, 0.53, 0.531, 0.533, 0.534, 0.535, 0.537, 0.538, 0.539, 0.54, 0.54, 0.541, 0.542, 0.542, 0.543, 0.544, 0.544, 0.545, 0.545, 0.545, 0.546, 0.546, 0.546, 0.547, 0.547, 0.547, 0.547, 0.548, 0.548, 0.548, 0.548, 0.548, 0.548, 0.549, 0.549, 0.549, 0.549, 0.549, 0.549, 0.549]","[0.039, 0.333, 0.122, 0.245, 0.149, 0.184, 0.289, 0.2, 0.054]","[0.06, -31.83, 0.17, 0.45]",0.06,-31.83,0.17,0.45,"psych_curve(xdata=array([-70.,  -8.,  -4.,  -2.,  -0.,   2.,   4.,   8.,  70.]), ydata=[0.348, 0.667, 0.2, 0.333, 0.333, 0.5, 0.636, 0.75, 0.671], fit=[nan, nan, nan, nan, nan, nan, nan, nan, nan, nan, nan, nan, nan, nan, nan, nan, nan, nan, nan, nan, nan, nan, nan, nan, nan, nan, nan, nan, nan, nan, nan, nan, nan, nan, nan, nan, nan, nan, nan, nan, nan, nan, nan, nan, nan, nan, nan, nan, nan, nan, nan, nan, nan, nan, nan, nan, nan, nan, nan, nan, nan, nan, nan, nan, nan, nan, nan, nan, nan, nan, nan, nan, nan, nan, nan, nan, nan, nan, nan, nan, nan, nan, nan, nan, nan, nan, nan, nan, nan, nan, nan, nan, nan, nan, nan, nan, nan, nan, nan, nan], params=[1.26, 2.63, 0.38, 0.3], fit_error=[0.051, 0.333, 0.2, 0.333, 0.167, 0.5, 0.152, 0.25, 0.053])",[-70.  -8.  -4.  -2.   0.   2.   4.   8.  70.],"[0.209, 0.667, 0.231, 0.6, 0.417, 0.286, 0.5, 0.8, 0.511]","[0.205, 0.208, 0.211, 0.214, 0.217, 0.221, 0.225, 0.229, 0.233, 0.238, 0.243, 0.248, 0.253, 0.259, 0.265, 0.271, 0.277, 0.284, 0.291, 0.298, 0.305, 0.313, 0.32, 0.328, 0.336, 0.344, 0.352, 0.36, 0.368, 0.376, 0.384, 0.392, 0.4, 0.407, 0.415, 0.422, 0.429, 0.436, 0.443, 0.449, 0.455, 0.461, 0.467, 0.472, 0.477, 0.482, 0.487, 0.491, 0.495, 0.499, 0.503, 0.506, 0.509, 0.512, 0.515, 0.518, 0.52, 0.522, 0.524, 0.526, 0.528, 0.53, 0.531, 0.533, 0.534, 0.535, 0.537, 0.538, 0.539, 0.54, 0.54, 0.541, 0.542, 0.542, 0.543, 0.544, 0.544, 0.545, 0.545, 0.545, 0.546, 0.546, 0.546, 0.547, 0.547, 0.547, 0.547, 0.548, 0.548, 0.548, 0.548, 0.548, 0.548, 0.549, 0.549, 0.549, 0.549, 0.549, 0.549, 0.549]","[0.039, 0.333, 0.122, 0.245, 0.149, 0.184, 0.289, 0.2, 0.054]","[1.26, 2.63, 0.38, 0.3]",1.26,2.63,0.38,0.3
2023-11-07,1,255,907,['Bpod0'],836,420,416,448,378,560,299,261,282,273,266,117,149,0.6698564593301436,0.7119047619047619,0.6274038461538461,826,416,410,409,238,171,0.53125,0.4523809523809524,412,206,206,0.45982142857142855,0.544973544973545,0.6779661016949152,0.71875,0.6365853658536585,0.7333333333333333,-0.08216463414634145,0.6894865525672371,0.662621359223301,0.02686519334393611,0.49181547619047616,0.5023974867724867,10,4,6,0.011961722488038277,0.009523809523809525,0.014423076923076924,560,299,261,1400.0,747.5,652.5,0,0,0,0,0.5,0.5,"psych_curve(xdata=array([-70.,  -8.,  -4.,  -2.,   0.,   2.,   4.,   8.,  70.]), ydata=[0.26, 0.37, 0.231, 0.333, 0.31, 0.4, 0.622, 0.581, 0.727], fit=[0.3, 0.3, 0.3, 0.3, 0.3, 0.3, 0.3, 0.3, 0.3, 0.3, 0.3, 0.3, 0.3, 0.3, 0.3, 0.3, 0.3, 0.3, 0.3, 0.3, 0.3, 0.3, 0.3, 0.3, 0.3, 0.3, 0.3, 0.3, 0.3, 0.3, 0.3, 0.3, 0.3, 0.3, 0.3, 0.3, 0.3, 0.3, 0.3, 0.3, 0.3, 0.3, 0.3, 0.3, 0.3, 0.3, 0.3, 0.3, 0.3, 0.302, 0.318, 0.415, 0.586, 0.642, 0.649, 0.65, 0.65, 0.65, 0.65, 0.65, 0.65, 0.65, 0.65, 0.65, 0.65, 0.65, 0.65, 0.65, 0.65, 0.65, 0.65, 0.65, 0.65, 0.65, 0.65, 0.65, 0.65, 0.65, 0.65, 0.65, 0.65, 0.65, 0.65, 0.65, 0.65, 0.65, 0.65, 0.65, 0.65, 0.65, 0.65, 0.65, 0.65, 0.65, 0.65, 0.65, 0.65, 0.65, 0.65, 0.65], params=[1.57, 2.58, 0.3, 0.35], fit_error=[0.027, 0.072, 0.059, 0.08, 0.072, 0.074, 0.081, 0.076, 0.028])",[-70.  -8.  -4.  -2.   0.   2.   4.   8.  70.],"[0.26, 0.37, 0.231, 0.333, 0.31, 0.4, 0.622, 0.581, 0.727]","[0.3, 0.3, 0.3, 0.3, 0.3, 0.3, 0.3, 0.3, 0.3, 0.3, 0.3, 0.3, 0.3, 0.3, 0.3, 0.3, 0.3, 0.3, 0.3, 0.3, 0.3, 0.3, 0.3, 0.3, 0.3, 0.3, 0.3, 0.3, 0.3, 0.3, 0.3, 0.3, 0.3, 0.3, 0.3, 0.3, 0.3, 0.3, 0.3, 0.3, 0.3, 0.3, 0.3, 0.3, 0.3, 0.3, 0.3, 0.3, 0.3, 0.302, 0.318, 0.415, 0.586, 0.642, 0.649, 0.65, 0.65, 0.65, 0.65, 0.65, 0.65, 0.65, 0.65, 0.65, 0.65, 0.65, 0.65, 0.65, 0.65, 0.65, 0.65, 0.65, 0.65, 0.65, 0.65, 0.65, 0.65, 0.65, 0.65, 0.65, 0.65, 0.65, 0.65, 0.65, 0.65, 0.65, 0.65, 0.65, 0.65, 0.65, 0.65, 0.65, 0.65, 0.65, 0.65, 0.65, 0.65, 0.65, 0.65, 0.65]","[0.027, 0.072, 0.059, 0.08, 0.072, 0.074, 0.081, 0.076, 0.028]","[1.57, 2.58, 0.3, 0.35]",1.57,2.58,0.3,0.35,"psych_curve(xdata=array([-70.,  -8.,  -4.,  -2.,   0.,   2.,   4.,   8.,  70.]), ydata=[0.268, 0.371, 0.239, 0.528, 0.512, 0.556, 0.643, 0.593, 0.732], fit=[nan, nan, nan, nan, nan, nan, nan, nan, nan, nan, nan, nan, nan, nan, nan, nan, nan, nan, nan, nan, nan, nan, nan, nan, nan, nan, nan, nan, nan, nan, nan, nan, nan, nan, nan, nan, nan, nan, nan, nan, nan, nan, nan, nan, nan, nan, nan, nan, nan, nan, nan, nan, nan, nan, nan, nan, nan, nan, nan, nan, nan, nan, nan, nan, nan, nan, nan, nan, nan, nan, nan, nan, nan, nan, nan, nan, nan, nan, nan, nan, nan, nan, nan, nan, nan, nan, nan, nan, nan, nan, nan, nan, nan, nan, nan, nan, nan, nan, nan, nan], params=[0.41, -0.81, 0.28, 0.33], fit_error=[0.027, 0.083, 0.064, 0.084, 0.079, 0.075, 0.075, 0.067, 0.027])",[-70.  -8.  -4.  -2.   0.   2.   4.   8.  70.],"[0.26, 0.37, 0.231, 0.333, 0.31, 0.4, 0.622, 0.581, 0.727]","[0.3, 0.3, 0.3, 0.3, 0.3, 0.3, 0.3, 0.3, 0.3, 0.3, 0.3, 0.3, 0.3, 0.3, 0.3, 0.3, 0.3, 0.3, 0.3, 0.3, 0.3, 0.3, 0.3, 0.3, 0.3, 0.3, 0.3, 0.3, 0.3, 0.3, 0.3, 0.3, 0.3, 0.3, 0.3, 0.3, 0.3, 0.3, 0.3, 0.3, 0.3, 0.3, 0.3, 0.3, 0.3, 0.3, 0.3, 0.3, 0.3, 0.302, 0.318, 0.415, 0.586, 0.642, 0.649, 0.65, 0.65, 0.65, 0.65, 0.65, 0.65, 0.65, 0.65, 0.65, 0.65, 0.65, 0.65, 0.65, 0.65, 0.65, 0.65, 0.65, 0.65, 0.65, 0.65, 0.65, 0.65, 0.65, 0.65, 0.65, 0.65, 0.65, 0.65, 0.65, 0.65, 0.65, 0.65, 0.65, 0.65, 0.65, 0.65, 0.65, 0.65, 0.65, 0.65, 0.65, 0.65, 0.65, 0.65, 0.65]","[0.027, 0.072, 0.059, 0.08, 0.072, 0.074, 0.081, 0.076, 0.028]","[0.41, -0.81, 0.28, 0.33]",0.41,-0.81,0.28,0.33
2023-11-08,2,256,907,['Bpod0'],618,328,290,335,255,423,241,182,183,223,167,73,94,0.6844660194174758,0.7347560975609756,0.6275862068965518,590,314,276,243,157,86,0.46865671641791046,0.33725490196078434,325,163,162,0.48656716417910445,0.6352941176470588,0.7169491525423729,0.767515923566879,0.6594202898550725,0.7953367875647669,-0.10809563371180653,0.7530864197530864,0.6861538461538461,0.06693257359924032,0.40295580918934737,0.5609306409130816,28,14,14,0.045307443365695796,0.042682926829268296,0.04827586206896552,423,241,182,1057.5,602.5,455.0,0,0,0,0,0.47249190938511265,0.5,"psych_curve(xdata=array([-70.,  -8.,  -4.,  -2.,   0.,   2.,   4.,   8.,  70.]), ydata=[0.168, 0.222, 0.351, 0.409, 0.417, 0.36, 0.364, 0.6, 0.757], fit=[0.17, 0.17, 0.17, 0.17, 0.17, 0.17, 0.17, 0.17, 0.17, 0.17, 0.17, 0.17, 0.17, 0.17, 0.17, 0.171, 0.171, 0.171, 0.171, 0.171, 0.171, 0.172, 0.172, 0.173, 0.173, 0.174, 0.174, 0.175, 0.176, 0.178, 0.179, 0.181, 0.183, 0.186, 0.189, 0.192, 0.197, 0.202, 0.208, 0.215, 0.223, 0.233, 0.244, 0.256, 0.271, 0.287, 0.305, 0.325, 0.347, 0.371, 0.396, 0.422, 0.449, 0.476, 0.503, 0.529, 0.554, 0.578, 0.601, 0.621, 0.64, 0.656, 0.671, 0.684, 0.695, 0.705, 0.714, 0.721, 0.727, 0.732, 0.737, 0.741, 0.744, 0.746, 0.749, 0.751, 0.752, 0.753, 0.755, 0.755, 0.756, 0.757, 0.757, 0.758, 0.758, 0.758, 0.759, 0.759, 0.759, 0.759, 0.759, 0.759, 0.76, 0.76, 0.76, 0.76, 0.76, 0.76, 0.76, 0.76], params=[0.13, 4.38, 0.17, 0.24], fit_error=[0.027, 0.082, 0.08, 0.075, 0.103, 0.098, 0.105, 0.1, 0.031])",[-70.  -8.  -4.  -2.   0.   2.   4.   8.  70.],"[0.168, 0.222, 0.351, 0.409, 0.417, 0.36, 0.364, 0.6, 0.757]","[0.17, 0.17, 0.17, 0.17, 0.17, 0.17, 0.17, 0.17, 0.17, 0.17, 0.17, 0.17, 0.17, 0.17, 0.17, 0.171, 0.171, 0.171, 0.171, 0.171, 0.171, 0.172, 0.172, 0.173, 0.173, 0.174, 0.174, 0.175, 0.176, 0.178, 0.179, 0.181, 0.183, 0.186, 0.189, 0.192, 0.197, 0.202, 0.208, 0.215, 0.223, 0.233, 0.244, 0.256, 0.271, 0.287, 0.305, 0.325, 0.347, 0.371, 0.396, 0.422, 0.449, 0.476, 0.503, 0.529, 0.554, 0.578, 0.601, 0.621, 0.64, 0.656, 0.671, 0.684, 0.695, 0.705, 0.714, 0.721, 0.727, 0.732, 0.737, 0.741, 0.744, 0.746, 0.749, 0.751, 0.752, 0.753, 0.755, 0.755, 0.756, 0.757, 0.757, 0.758, 0.758, 0.758, 0.759, 0.759, 0.759, 0.759, 0.759, 0.759, 0.76, 0.76, 0.76, 0.76, 0.76, 0.76, 0.76, 0.76]","[0.027, 0.082, 0.08, 0.075, 0.103, 0.098, 0.105, 0.1, 0.031]","[0.13, 4.38, 0.17, 0.24]",0.13,4.38,0.17,0.24,"psych_curve(xdata=array([-70.,  -8.,  -4.,  -2.,  -0.,   2.,   4.,   8.,  70.]), ydata=[0.144, 0.222, 0.407, 0.44, 0.458, 0.436, 0.484, 0.6, 0.733], fit=[nan, nan, nan, nan, nan, nan, nan, nan, nan, nan, nan, nan, nan, nan, nan, nan, nan, nan, nan, nan, nan, nan, nan, nan, nan, nan, nan, nan, nan, nan, nan, nan, nan, nan, nan, nan, nan, nan, nan, nan, nan, nan, nan, nan, nan, nan, nan, nan, nan, nan, nan, nan, nan, nan, nan, nan, nan, nan, nan, nan, nan, nan, nan, nan, nan, nan, nan, nan, nan, nan, nan, nan, nan, nan, nan, nan, nan, nan, nan, nan, nan, nan, nan, nan, nan, nan, nan, nan, nan, nan, nan, nan, nan, nan, nan, nan, nan, nan, nan, nan], params=[0.14, -0.23, 0.14, 0.27], fit_error=[0.025, 0.082, 0.096, 0.101, 0.104, 0.08, 0.091, 0.1, 0.033])",[-70.  -8.  -4.  -2.   0.   2.   4.   8.  70.],"[0.168, 0.222, 0.351, 0.409, 0.417, 0.36, 0.364, 0.6, 0.757]","[0.17, 0.17, 0.17, 0.17, 0.17, 0.17, 0.17, 0.17, 0.17, 0.17, 0.17, 0.17, 0.17, 0.17, 0.17, 0.171, 0.171, 0.171, 0.171, 0.171, 0.171, 0.172, 0.172, 0.173, 0.173, 0.174, 0.174, 0.175, 0.176, 0.178, 0.179, 0.181, 0.183, 0.186, 0.189, 0.192, 0.197, 0.202, 0.208, 0.215, 0.223, 0.233, 0.244, 0.256, 0.271, 0.287, 0.305, 0.325, 0.347, 0.371, 0.396, 0.422, 0.449, 0.476, 0.503, 0.529, 0.554, 0.578, 0.601, 0.621, 0.64, 0.656, 0.671, 0.684, 0.695, 0.705, 0.714, 0.721, 0.727, 0.732, 0.737, 0.741, 0.744, 0.746, 0.749, 0.751, 0.752, 0.753, 0.755, 0.755, 0.756, 0.757, 0.757, 0.758, 0.758, 0.758, 0.759, 0.759, 0.759, 0.759, 0.759, 0.759, 0.76, 0.76, 0.76, 0.76, 0.76, 0.76, 0.76, 0.76]","[0.027, 0.082, 0.08, 0.075, 0.103, 0.098, 0.105, 0.1, 0.031]","[0.14, -0.23, 0.14, 0.27]",0.14,-0.23,0.14,0.27
2023-11-09,3,257,907,['Bpod0'],748,364,384,330,382,481,228,253,253,210,231,129,102,0.643048128342246,0.6263736263736264,0.6588541666666666,712,357,355,373,154,219,0.4666666666666667,0.5732984293193717,314,156,158,0.4727272727272727,0.41361256544502617,0.675561797752809,0.6386554621848739,0.7126760563380282,0.7129277566539924,0.07402059415315432,0.67828418230563,0.6687898089171974,0.00949437338843262,0.5199825479930191,0.44316991908614944,36,7,29,0.0481283422459893,0.019230769230769232,0.07552083333333333,481,228,253,1202.5,570.0,632.5,0,0,0,0,0.3499999999999966,0.5,"psych_curve(xdata=array([-70.,  -8.,  -4.,  -2.,   0.,   2.,   4.,   8.,  70.]), ydata=[0.346, 0.385, 0.3, 0.481, 0.5, 0.542, 0.469, 0.69, 0.776], fit=[0.34, 0.34, 0.34, 0.34, 0.34, 0.34, 0.34, 0.34, 0.34, 0.34, 0.34, 0.34, 0.34, 0.34, 0.34, 0.34, 0.34, 0.34, 0.34, 0.34, 0.34, 0.34, 0.34, 0.34, 0.34, 0.34, 0.34, 0.34, 0.34, 0.34, 0.34, 0.34, 0.34, 0.341, 0.341, 0.341, 0.342, 0.342, 0.343, 0.345, 0.346, 0.349, 0.352, 0.357, 0.364, 0.373, 0.385, 0.4, 0.42, 0.445, 0.474, 0.507, 0.544, 0.581, 0.617, 0.65, 0.679, 0.703, 0.722, 0.737, 0.749, 0.757, 0.764, 0.768, 0.771, 0.774, 0.776, 0.777, 0.778, 0.778, 0.779, 0.779, 0.779, 0.78, 0.78, 0.78, 0.78, 0.78, 0.78, 0.78, 0.78, 0.78, 0.78, 0.78, 0.78, 0.78, 0.78, 0.78, 0.78, 0.78, 0.78, 0.78, 0.78, 0.78, 0.78, 0.78, 0.78, 0.78, 0.78, 0.78], params=[0.24, 4.15, 0.34, 0.22], fit_error=[0.029, 0.097, 0.105, 0.098, 0.096, 0.104, 0.09, 0.087, 0.026])",[-70.  -8.  -4.  -2.   0.   2.   4.   8.  70.],"[0.346, 0.385, 0.3, 0.481, 0.5, 0.542, 0.469, 0.69, 0.776]","[0.34, 0.34, 0.34, 0.34, 0.34, 0.34, 0.34, 0.34, 0.34, 0.34, 0.34, 0.34, 0.34, 0.34, 0.34, 0.34, 0.34, 0.34, 0.34, 0.34, 0.34, 0.34, 0.34, 0.34, 0.34, 0.34, 0.34, 0.34, 0.34, 0.34, 0.34, 0.34, 0.34, 0.341, 0.341, 0.341, 0.342, 0.342, 0.343, 0.345, 0.346, 0.349, 0.352, 0.357, 0.364, 0.373, 0.385, 0.4, 0.42, 0.445, 0.474, 0.507, 0.544, 0.581, 0.617, 0.65, 0.679, 0.703, 0.722, 0.737, 0.749, 0.757, 0.764, 0.768, 0.771, 0.774, 0.776, 0.777, 0.778, 0.778, 0.779, 0.779, 0.779, 0.78, 0.78, 0.78, 0.78, 0.78, 0.78, 0.78, 0.78, 0.78, 0.78, 0.78, 0.78, 0.78, 0.78, 0.78, 0.78, 0.78, 0.78, 0.78, 0.78, 0.78, 0.78, 0.78, 0.78, 0.78, 0.78, 0.78]","[0.029, 0.097, 0.105, 0.098, 0.096, 0.104, 0.09, 0.087, 0.026]","[0.24, 4.15, 0.34, 0.22]",0.24,4.15,0.34,0.22,"psych_curve(xdata=array([-70.,  -8.,  -4.,  -2.,  -0.,   2.,   4.,   8.,  70.]), ydata=[0.311, 0.36, 0.6, 0.565, 0.536, 0.593, 0.692, 0.69, 0.735], fit=[nan, nan, nan, nan, nan, nan, nan, nan, nan, nan, nan, nan, nan, nan, nan, nan, nan, nan, nan, nan, nan, nan, nan, nan, nan, nan, nan, nan, nan, nan, nan, nan, nan, nan, nan, nan, nan, nan, nan, nan, nan, nan, nan, nan, nan, nan, nan, nan, nan, nan, nan, nan, nan, nan, nan, nan, nan, nan, nan, nan, nan, nan, nan, nan, nan, nan, nan, nan, nan, nan, nan, nan, nan, nan, nan, nan, nan, nan, nan, nan, nan, nan, nan, nan, nan, nan, nan, nan, nan, nan, nan, nan, nan, nan, nan, nan, nan, nan, nan, nan], params=[0.22, -3.64, 0.3, 0.27], fit_error=[0.03, 0.098, 0.1, 0.106, 0.096, 0.096, 0.092, 0.087, 0.027])",[-70.  -8.  -4.  -2.   0.   2.   4.   8.  70.],"[0.346, 0.385, 0.3, 0.481, 0.5, 0.542, 0.469, 0.69, 0.776]","[0.34, 0.34, 0.34, 0.34, 0.34, 0.34, 0.34, 0.34, 0.34, 0.34, 0.34, 0.34, 0.34, 0.34, 0.34, 0.34, 0.34, 0.34, 0.34, 0.34, 0.34, 0.34, 0.34, 0.34, 0.34, 0.34, 0.34, 0.34, 0.34, 0.34, 0.34, 0.34, 0.34, 0.341, 0.341, 0.341, 0.342, 0.342, 0.343, 0.345, 0.346, 0.349, 0.352, 0.357, 0.364, 0.373, 0.385, 0.4, 0.42, 0.445, 0.474, 0.507, 0.544, 0.581, 0.617, 0.65, 0.679, 0.703, 0.722, 0.737, 0.749, 0.757, 0.764, 0.768, 0.771, 0.774, 0.776, 0.777, 0.778, 0.778, 0.779, 0.779, 0.779, 0.78, 0.78, 0.78, 0.78, 0.78, 0.78, 0.78, 0.78, 0.78, 0.78, 0.78, 0.78, 0.78, 0.78, 0.78, 0.78, 0.78, 0.78, 0.78, 0.78, 0.78, 0.78, 0.78, 0.78, 0.78, 0.78, 0.78]","[0.029, 0.097, 0.105, 0.098, 0.096, 0.104, 0.09, 0.087, 0.026]","[0.22, -3.64, 0.3, 0.27]",0.22,-3.64,0.3,0.27
2023-11-10,4,258,907,['Bpod0'],722,376,346,362,310,508,278,230,233,243,164,80,84,0.703601108033241,0.7393617021276596,0.6647398843930635,672,358,314,315,173,142,0.47790055248618785,0.45806451612903226,322,159,163,0.43922651933701656,0.5258064516129032,0.7559523809523809,0.776536312849162,0.732484076433121,0.8131212723658051,-0.04405223641604106,0.7396825396825397,0.7546583850931677,-0.01497584541062802,0.46798253430761005,0.48251648547495984,50,18,32,0.06925207756232687,0.047872340425531915,0.09248554913294797,508,278,230,1270.0,695.0,575.0,0,0,0,0,0.349999999999996,0.5,"psych_curve(xdata=array([-70.,  -8.,  -4.,  -2.,   0.,   2.,   4.,   8.,  70.]), ydata=[0.163, 0.25, 0.478, 0.467, 0.56, 0.444, 0.536, 0.792, 0.785], fit=[0.16, 0.16, 0.16, 0.16, 0.16, 0.16, 0.16, 0.16, 0.16, 0.16, 0.16, 0.16, 0.16, 0.16, 0.16, 0.16, 0.16, 0.16, 0.16, 0.16, 0.161, 0.161, 0.161, 0.161, 0.162, 0.162, 0.163, 0.163, 0.164, 0.165, 0.167, 0.169, 0.171, 0.174, 0.177, 0.182, 0.188, 0.195, 0.204, 0.214, 0.228, 0.244, 0.263, 0.285, 0.311, 0.341, 0.373, 0.409, 0.446, 0.484, 0.523, 0.56, 0.595, 0.627, 0.655, 0.68, 0.702, 0.72, 0.736, 0.748, 0.759, 0.767, 0.774, 0.779, 0.784, 0.787, 0.79, 0.792, 0.794, 0.795, 0.796, 0.797, 0.798, 0.798, 0.798, 0.799, 0.799, 0.799, 0.799, 0.8, 0.8, 0.8, 0.8, 0.8, 0.8, 0.8, 0.8, 0.8, 0.8, 0.8, 0.8, 0.8, 0.8, 0.8, 0.8, 0.8, 0.8, 0.8, 0.8, 0.8], params=[0.17, -0.87, 0.16, 0.2], fit_error=[0.023, 0.073, 0.106, 0.133, 0.101, 0.121, 0.096, 0.085, 0.027])",[-70.  -8.  -4.  -2.   0.   2.   4.   8.  70.],"[0.163, 0.25, 0.478, 0.467, 0.56, 0.444, 0.536, 0.792, 0.785]","[0.16, 0.16, 0.16, 0.16, 0.16, 0.16, 0.16, 0.16, 0.16, 0.16, 0.16, 0.16, 0.16, 0.16, 0.16, 0.16, 0.16, 0.16, 0.16, 0.16, 0.161, 0.161, 0.161, 0.161, 0.162, 0.162, 0.163, 0.163, 0.164, 0.165, 0.167, 0.169, 0.171, 0.174, 0.177, 0.182, 0.188, 0.195, 0.204, 0.214, 0.228, 0.244, 0.263, 0.285, 0.311, 0.341, 0.373, 0.409, 0.446, 0.484, 0.523, 0.56, 0.595, 0.627, 0.655, 0.68, 0.702, 0.72, 0.736, 0.748, 0.759, 0.767, 0.774, 0.779, 0.784, 0.787, 0.79, 0.792, 0.794, 0.795, 0.796, 0.797, 0.798, 0.798, 0.798, 0.799, 0.799, 0.799, 0.799, 0.8, 0.8, 0.8, 0.8, 0.8, 0.8, 0.8, 0.8, 0.8, 0.8, 0.8, 0.8, 0.8, 0.8, 0.8, 0.8, 0.8, 0.8, 0.8, 0.8, 0.8]","[0.023, 0.073, 0.106, 0.133, 0.101, 0.121, 0.096, 0.085, 0.027]","[0.17, -0.87, 0.16, 0.2]",0.17,-0.87,0.16,0.2,"psych_curve(xdata=array([-70.,  -8.,  -4.,  -2.,   0.,   2.,   4.,   8.,  70.]), ydata=[0.209, 0.226, 0.357, 0.471, 0.48, 0.438, 0.35, 0.708, 0.822], fit=[nan, nan, nan, nan, nan, nan, nan, nan, nan, nan, nan, nan, nan, nan, nan, nan, nan, nan, nan, nan, nan, nan, nan, nan, nan, nan, nan, nan, nan, nan, nan, nan, nan, nan, nan, nan, nan, nan, nan, nan, nan, nan, nan, nan, nan, nan, nan, nan, nan, nan, nan, nan, nan, nan, nan, nan, nan, nan, nan, nan, nan, nan, nan, nan, nan, nan, nan, nan, nan, nan, nan, nan, nan, nan, nan, nan, nan, nan, nan, nan, nan, nan, nan, nan, nan, nan, nan, nan, nan, nan, nan, nan, nan, nan, nan, nan, nan, nan, nan, nan], params=[0.16, 4.01, 0.2, 0.17], fit_error=[0.027, 0.076, 0.092, 0.125, 0.102, 0.128, 0.109, 0.095, 0.025])",[-70.  -8.  -4.  -2.   0.   2.   4.   8.  70.],"[0.163, 0.25, 0.478, 0.467, 0.56, 0.444, 0.536, 0.792, 0.785]","[0.16, 0.16, 0.16, 0.16, 0.16, 0.16, 0.16, 0.16, 0.16, 0.16, 0.16, 0.16, 0.16, 0.16, 0.16, 0.16, 0.16, 0.16, 0.16, 0.16, 0.161, 0.161, 0.161, 0.161, 0.162, 0.162, 0.163, 0.163, 0.164, 0.165, 0.167, 0.169, 0.171, 0.174, 0.177, 0.182, 0.188, 0.195, 0.204, 0.214, 0.228, 0.244, 0.263, 0.285, 0.311, 0.341, 0.373, 0.409, 0.446, 0.484, 0.523, 0.56, 0.595, 0.627, 0.655, 0.68, 0.702, 0.72, 0.736, 0.748, 0.759, 0.767, 0.774, 0.779, 0.784, 0.787, 0.79, 0.792, 0.794, 0.795, 0.796, 0.797, 0.798, 0.798, 0.798, 0.799, 0.799, 0.799, 0.799, 0.8, 0.8, 0.8, 0.8, 0.8, 0.8, 0.8, 0.8, 0.8, 0.8, 0.8, 0.8, 0.8, 0.8, 0.8, 0.8, 0.8, 0.8, 0.8, 0.8, 0.8]","[0.023, 0.073, 0.106, 0.133, 0.101, 0.121, 0.096, 0.085, 0.027]","[0.16, 4.01, 0.2, 0.17]",0.16,4.01,0.2,0.17
2023-11-13,0,261,907,['Bpod0'],612,279,333,262,315,437,198,239,177,240,140,76,64,0.7140522875816994,0.7096774193548387,0.7177177177177178,577,274,303,231,85,146,0.3244274809160305,0.4634920634920635,317,155,162,0.5916030534351145,0.5142857142857142,0.75736568457539,0.7226277372262774,0.7887788778877888,0.8209302325581396,0.0661511406615114,0.7662337662337663,0.7570977917981072,0.009135974435659056,0.393959772204047,0.5529443838604144,35,5,30,0.05718954248366013,0.017921146953405017,0.09009009009009009,437,198,239,1092.5,495.0,597.5,0,0,0,0,0.3499999999999963,0.5,"psych_curve(xdata=array([-70.,  -8.,  -4.,  -2.,   0.,   2.,   4.,   8.,  70.]), ydata=[0.248, 0.5, 0.312, 0.368, 0.44, 0.478, 0.44, 0.69, 0.889], fit=[0.35, 0.35, 0.35, 0.35, 0.35, 0.35, 0.35, 0.35, 0.35, 0.35, 0.35, 0.35, 0.35, 0.35, 0.35, 0.35, 0.35, 0.35, 0.35, 0.35, 0.35, 0.35, 0.35, 0.35, 0.35, 0.35, 0.35, 0.35, 0.35, 0.35, 0.35, 0.35, 0.35, 0.35, 0.35, 0.35, 0.35, 0.35, 0.35, 0.35, 0.351, 0.351, 0.352, 0.353, 0.354, 0.357, 0.36, 0.366, 0.376, 0.39, 0.411, 0.441, 0.482, 0.534, 0.594, 0.657, 0.716, 0.766, 0.805, 0.833, 0.853, 0.866, 0.875, 0.88, 0.884, 0.886, 0.888, 0.888, 0.889, 0.889, 0.89, 0.89, 0.89, 0.89, 0.89, 0.89, 0.89, 0.89, 0.89, 0.89, 0.89, 0.89, 0.89, 0.89, 0.89, 0.89, 0.89, 0.89, 0.89, 0.89, 0.89, 0.89, 0.89, 0.89, 0.89, 0.89, 0.89, 0.89, 0.89, 0.89], params=[0.33, 6.95, 0.35, 0.11], fit_error=[0.03, 0.167, 0.12, 0.114, 0.101, 0.106, 0.101, 0.087, 0.021])",[-70.  -8.  -4.  -2.   0.   2.   4.   8.  70.],"[0.248, 0.5, 0.312, 0.368, 0.44, 0.478, 0.44, 0.69, 0.889]","[0.35, 0.35, 0.35, 0.35, 0.35, 0.35, 0.35, 0.35, 0.35, 0.35, 0.35, 0.35, 0.35, 0.35, 0.35, 0.35, 0.35, 0.35, 0.35, 0.35, 0.35, 0.35, 0.35, 0.35, 0.35, 0.35, 0.35, 0.35, 0.35, 0.35, 0.35, 0.35, 0.35, 0.35, 0.35, 0.35, 0.35, 0.35, 0.35, 0.35, 0.351, 0.351, 0.352, 0.353, 0.354, 0.357, 0.36, 0.366, 0.376, 0.39, 0.411, 0.441, 0.482, 0.534, 0.594, 0.657, 0.716, 0.766, 0.805, 0.833, 0.853, 0.866, 0.875, 0.88, 0.884, 0.886, 0.888, 0.888, 0.889, 0.889, 0.89, 0.89, 0.89, 0.89, 0.89, 0.89, 0.89, 0.89, 0.89, 0.89, 0.89, 0.89, 0.89, 0.89, 0.89, 0.89, 0.89, 0.89, 0.89, 0.89, 0.89, 0.89, 0.89, 0.89, 0.89, 0.89, 0.89, 0.89, 0.89, 0.89]","[0.03, 0.167, 0.12, 0.114, 0.101, 0.106, 0.101, 0.087, 0.021]","[0.33, 6.95, 0.35, 0.11]",0.33,6.95,0.35,0.11,"psych_curve(xdata=array([-70.,  -8.,  -4.,  -2.,  -0.,   2.,   4.,   8.,  70.]), ydata=[0.129, 0.421, 0.231, 0.333, 0.571, 0.438, 0.391, 0.667, 0.757], fit=[nan, nan, nan, nan, nan, nan, nan, nan, nan, nan, nan, nan, nan, nan, nan, nan, nan, nan, nan, nan, nan, nan, nan, nan, nan, nan, nan, nan, nan, nan, nan, nan, nan, nan, nan, nan, nan, nan, nan, nan, nan, nan, nan, nan, nan, nan, nan, nan, nan, nan, nan, nan, nan, nan, nan, nan, nan, nan, nan, nan, nan, nan, nan, nan, nan, nan, nan, nan, nan, nan, nan, nan, nan, nan, nan, nan, nan, nan, nan, nan, nan, nan, nan, nan, nan, nan, nan, nan, nan, nan, nan, nan, nan, nan, nan, nan, nan, nan, nan, nan], params=[0.12, 1.48, 0.15, 0.23], fit_error=[0.022, 0.116, 0.122, 0.098, 0.111, 0.128, 0.104, 0.114, 0.031])",[-70.  -8.  -4.  -2.   0.   2.   4.   8.  70.],"[0.248, 0.5, 0.312, 0.368, 0.44, 0.478, 0.44, 0.69, 0.889]","[0.35, 0.35, 0.35, 0.35, 0.35, 0.35, 0.35, 0.35, 0.35, 0.35, 0.35, 0.35, 0.35, 0.35, 0.35, 0.35, 0.35, 0.35, 0.35, 0.35, 0.35, 0.35, 0.35, 0.35, 0.35, 0.35, 0.35, 0.35, 0.35, 0.35, 0.35, 0.35, 0.35, 0.35, 0.35, 0.35, 0.35, 0.35, 0.35, 0.35, 0.351, 0.351, 0.352, 0.353, 0.354, 0.357, 0.36, 0.366, 0.376, 0.39, 0.411, 0.441, 0.482, 0.534, 0.594, 0.657, 0.716, 0.766, 0.805, 0.833, 0.853, 0.866, 0.875, 0.88, 0.884, 0.886, 0.888, 0.888, 0.889, 0.889, 0.89, 0.89, 0.89, 0.89, 0.89, 0.89, 0.89, 0.89, 0.89, 0.89, 0.89, 0.89, 0.89, 0.89, 0.89, 0.89, 0.89, 0.89, 0.89, 0.89, 0.89, 0.89, 0.89, 0.89, 0.89, 0.89, 0.89, 0.89, 0.89, 0.89]","[0.03, 0.167, 0.12, 0.114, 0.101, 0.106, 0.101, 0.087, 0.021]","[0.12, 1.48, 0.15, 0.23]",0.12,1.48,0.15,0.23
2023-11-14,1,262,907,['Bpod0'],426,205,221,230,165,262,148,114,123,123,133,51,82,0.6150234741784038,0.7219512195121951,0.5158371040723982,395,199,196,188,121,67,0.5260869565217391,0.40606060606060607,182,89,93,0.3869565217391304,0.5636363636363636,0.6632911392405063,0.7437185929648241,0.5816326530612245,0.726027397260274,-0.16208593990359965,0.6542553191489362,0.6758241758241759,-0.021568856675239667,0.4660737812911726,0.475296442687747,31,6,25,0.07276995305164319,0.02926829268292683,0.11312217194570136,262,148,114,655.0,370.0,285.0,0,0,0,0,0.3499999999999972,0.5,"psych_curve(xdata=array([-70.,  -8.,  -4.,  -2.,   0.,   2.,   4.,   8.,  70.]), ydata=[0.193, 0.267, 0.471, 0.429, 0.583, 0.273, 0.455, 0.391, 0.646], fit=[0.026, 0.031, 0.036, 0.042, 0.047, 0.052, 0.058, 0.063, 0.069, 0.074, 0.08, 0.085, 0.091, 0.096, 0.102, 0.108, 0.114, 0.119, 0.125, 0.131, 0.137, 0.143, 0.149, 0.155, 0.161, 0.167, 0.173, 0.179, 0.185, 0.192, 0.198, 0.204, 0.211, 0.217, 0.223, 0.23, 0.236, 0.243, 0.249, 0.256, 0.262, 0.269, 0.275, 0.282, 0.289, 0.295, 0.302, 0.309, 0.316, 0.322, 0.329, 0.336, 0.343, 0.35, 0.357, 0.364, 0.371, 0.378, 0.385, 0.392, 0.399, 0.406, 0.413, 0.42, 0.427, 0.434, 0.441, 0.448, 0.455, 0.463, 0.47, 0.477, 0.484, 0.491, 0.498, 0.506, 0.513, 0.52, 0.527, 0.535, 0.542, 0.549, 0.556, 0.564, 0.571, 0.578, 0.585, 0.593, 0.6, 0.607, 0.614, 0.621, 0.629, 0.636, 0.643, 0.65, 0.658, 0.665, 0.672, 0.679], params=[0.01, 49.61, -0.45, -0.6], fit_error=[0.033, 0.118, 0.125, 0.137, 0.149, 0.141, 0.157, 0.104, 0.04])",[-70.  -8.  -4.  -2.   0.   2.   4.   8.  70.],"[0.193, 0.267, 0.471, 0.429, 0.583, 0.273, 0.455, 0.391, 0.646]","[0.026, 0.031, 0.036, 0.042, 0.047, 0.052, 0.058, 0.063, 0.069, 0.074, 0.08, 0.085, 0.091, 0.096, 0.102, 0.108, 0.114, 0.119, 0.125, 0.131, 0.137, 0.143, 0.149, 0.155, 0.161, 0.167, 0.173, 0.179, 0.185, 0.192, 0.198, 0.204, 0.211, 0.217, 0.223, 0.23, 0.236, 0.243, 0.249, 0.256, 0.262, 0.269, 0.275, 0.282, 0.289, 0.295, 0.302, 0.309, 0.316, 0.322, 0.329, 0.336, 0.343, 0.35, 0.357, 0.364, 0.371, 0.378, 0.385, 0.392, 0.399, 0.406, 0.413, 0.42, 0.427, 0.434, 0.441, 0.448, 0.455, 0.463, 0.47, 0.477, 0.484, 0.491, 0.498, 0.506, 0.513, 0.52, 0.527, 0.535, 0.542, 0.549, 0.556, 0.564, 0.571, 0.578, 0.585, 0.593, 0.6, 0.607, 0.614, 0.621, 0.629, 0.636, 0.643, 0.65, 0.658, 0.665, 0.672, 0.679]","[0.033, 0.118, 0.125, 0.137, 0.149, 0.141, 0.157, 0.104, 0.04]","[0.01, 49.61, -0.45, -0.6]",0.01,49.61,-0.45,-0.6,"psych_curve(xdata=array([-70.,  -8.,  -4.,  -2.,  -0.,   2.,   4.,   8.,  70.]), ydata=[0.286, 0.438, 0.6, 0.538, 0.364, 0.5, 0.615, 0.412, 0.748], fit=[nan, nan, nan, nan, nan, nan, nan, nan, nan, nan, nan, nan, nan, nan, nan, nan, nan, nan, nan, nan, nan, nan, nan, nan, nan, nan, nan, nan, nan, nan, nan, nan, nan, nan, nan, nan, nan, nan, nan, nan, nan, nan, nan, nan, nan, nan, nan, nan, nan, nan, nan, nan, nan, nan, nan, nan, nan, nan, nan, nan, nan, nan, nan, nan, nan, nan, nan, nan, nan, nan, nan, nan, nan, nan, nan, nan, nan, nan, nan, nan, nan, nan, nan, nan, nan, nan, nan, nan, nan, nan, nan, nan, nan, nan, nan, nan, nan, nan, nan, nan], params=[0.0, 7.53, -5.73, -5.78], fit_error=[0.038, 0.128, 0.131, 0.144, 0.152, 0.167, 0.14, 0.123, 0.037])",[-70.  -8.  -4.  -2.   0.   2.   4.   8.  70.],"[0.193, 0.267, 0.471, 0.429, 0.583, 0.273, 0.455, 0.391, 0.646]","[0.026, 0.031, 0.036, 0.042, 0.047, 0.052, 0.058, 0.063, 0.069, 0.074, 0.08, 0.085, 0.091, 0.096, 0.102, 0.108, 0.114, 0.119, 0.125, 0.131, 0.137, 0.143, 0.149, 0.155, 0.161, 0.167, 0.173, 0.179, 0.185, 0.192, 0.198, 0.204, 0.211, 0.217, 0.223, 0.23, 0.236, 0.243, 0.249, 0.256, 0.262, 0.269, 0.275, 0.282, 0.289, 0.295, 0.302, 0.309, 0.316, 0.322, 0.329, 0.336, 0.343, 0.35, 0.357, 0.364, 0.371, 0.378, 0.385, 0.392, 0.399, 0.406, 0.413, 0.42, 0.427, 0.434, 0.441, 0.448, 0.455, 0.463, 0.47, 0.477, 0.484, 0.491, 0.498, 0.506, 0.513, 0.52, 0.527, 0.535, 0.542, 0.549, 0.556, 0.564, 0.571, 0.578, 0.585, 0.593, 0.6, 0.607, 0.614, 0.621, 0.629, 0.636, 0.643, 0.65, 0.658, 0.665, 0.672, 0.679]","[0.033, 0.118, 0.125, 0.137, 0.149, 0.141, 0.157, 0.104, 0.04]","[0.0, 7.53, -5.73, -5.78]",0.0,7.53,-5.73,-5.78
2023-11-15,2,263,907,['Bpod0'],500,242,258,254,218,357,186,171,177,170,115,47,68,0.714,0.768595041322314,0.6627906976744186,472,233,239,238,133,105,0.5236220472440944,0.481651376146789,215,107,108,0.421259842519685,0.4954128440366973,0.7563559322033898,0.7982832618025751,0.7154811715481172,0.8230337078651685,-0.08280209025445795,0.7436974789915967,0.7906976744186046,-0.04700019542700795,0.5026367116954418,0.45833634327819117,28,9,19,0.056,0.0371900826446281,0.07364341085271318,357,186,171,892.5,465.0,427.5,0,0,0,0,0.34999999999999676,0.5,"psych_curve(xdata=array([-70.,  -8.,  -4.,  -2.,   0.,   2.,   4.,   8.,  70.]), ydata=[0.163, 0.267, 0.5, 0.0, 0.526, 0.444, 0.5, 0.55, 0.808], fit=[0.17, 0.17, 0.17, 0.17, 0.17, 0.17, 0.17, 0.17, 0.17, 0.17, 0.17, 0.17, 0.17, 0.17, 0.17, 0.17, 0.17, 0.17, 0.17, 0.171, 0.171, 0.171, 0.171, 0.171, 0.171, 0.172, 0.172, 0.173, 0.173, 0.174, 0.175, 0.176, 0.178, 0.18, 0.182, 0.185, 0.188, 0.192, 0.197, 0.203, 0.21, 0.219, 0.23, 0.242, 0.257, 0.274, 0.294, 0.317, 0.342, 0.37, 0.4, 0.432, 0.466, 0.5, 0.533, 0.566, 0.597, 0.626, 0.653, 0.676, 0.697, 0.716, 0.732, 0.745, 0.756, 0.766, 0.774, 0.78, 0.786, 0.79, 0.794, 0.797, 0.799, 0.801, 0.803, 0.804, 0.805, 0.806, 0.807, 0.808, 0.808, 0.808, 0.809, 0.809, 0.809, 0.809, 0.809, 0.81, 0.81, 0.81, 0.81, 0.81, 0.81, 0.81, 0.81, 0.81, 0.81, 0.81, 0.81, 0.81], params=[0.15, 4.55, 0.17, 0.19], fit_error=[0.027, 0.118, 0.139, 0.0, 0.118, 0.121, 0.121, 0.114, 0.03])",[-70.  -8.  -4.  -2.   0.   2.   4.   8.  70.],"[0.163, 0.267, 0.5, 0.0, 0.526, 0.444, 0.5, 0.55, 0.808]","[0.17, 0.17, 0.17, 0.17, 0.17, 0.17, 0.17, 0.17, 0.17, 0.17, 0.17, 0.17, 0.17, 0.17, 0.17, 0.17, 0.17, 0.17, 0.17, 0.171, 0.171, 0.171, 0.171, 0.171, 0.171, 0.172, 0.172, 0.173, 0.173, 0.174, 0.175, 0.176, 0.178, 0.18, 0.182, 0.185, 0.188, 0.192, 0.197, 0.203, 0.21, 0.219, 0.23, 0.242, 0.257, 0.274, 0.294, 0.317, 0.342, 0.37, 0.4, 0.432, 0.466, 0.5, 0.533, 0.566, 0.597, 0.626, 0.653, 0.676, 0.697, 0.716, 0.732, 0.745, 0.756, 0.766, 0.774, 0.78, 0.786, 0.79, 0.794, 0.797, 0.799, 0.801, 0.803, 0.804, 0.805, 0.806, 0.807, 0.808, 0.808, 0.808, 0.809, 0.809, 0.809, 0.809, 0.809, 0.81, 0.81, 0.81, 0.81, 0.81, 0.81, 0.81, 0.81, 0.81, 0.81, 0.81, 0.81, 0.81]","[0.027, 0.118, 0.139, 0.0, 0.118, 0.121, 0.121, 0.114, 0.03]","[0.15, 4.55, 0.17, 0.19]",0.15,4.55,0.17,0.19,"psych_curve(xdata=array([-70.,  -8.,  -4.,  -2.,  -0.,   2.,   4.,   8.,  70.]), ydata=[0.19, 0.35, 0.533, 0.417, 0.647, 0.706, 0.562, 0.643, 0.857], fit=[nan, nan, nan, nan, nan, nan, nan, nan, nan, nan, nan, nan, nan, nan, nan, nan, nan, nan, nan, nan, nan, nan, nan, nan, nan, nan, nan, nan, nan, nan, nan, nan, nan, nan, nan, nan, nan, nan, nan, nan, nan, nan, nan, nan, nan, nan, nan, nan, nan, nan, nan, nan, nan, nan, nan, nan, nan, nan, nan, nan, nan, nan, nan, nan, nan, nan, nan, nan, nan, nan, nan, nan, nan, nan, nan, nan, nan, nan, nan, nan, nan, nan, nan, nan, nan, nan, nan, nan, nan, nan, nan, nan, nan, nan, nan, nan, nan, nan, nan, nan], params=[0.12, -2.28, 0.18, 0.16], fit_error=[0.03, 0.109, 0.133, 0.149, 0.119, 0.114, 0.128, 0.133, 0.027])",[-70.  -8.  -4.  -2.   0.   2.   4.   8.  70.],"[0.163, 0.267, 0.5, 0.0, 0.526, 0.444, 0.5, 0.55, 0.808]","[0.17, 0.17, 0.17, 0.17, 0.17, 0.17, 0.17, 0.17, 0.17, 0.17, 0.17, 0.17, 0.17, 0.17, 0.17, 0.17, 0.17, 0.17, 0.17, 0.171, 0.171, 0.171, 0.171, 0.171, 0.171, 0.172, 0.172, 0.173, 0.173, 0.174, 0.175, 0.176, 0.178, 0.18, 0.182, 0.185, 0.188, 0.192, 0.197, 0.203, 0.21, 0.219, 0.23, 0.242, 0.257, 0.274, 0.294, 0.317, 0.342, 0.37, 0.4, 0.432, 0.466, 0.5, 0.533, 0.566, 0.597, 0.626, 0.653, 0.676, 0.697, 0.716, 0.732, 0.745, 0.756, 0.766, 0.774, 0.78, 0.786, 0.79, 0.794, 0.797, 0.799, 0.801, 0.803, 0.804, 0.805, 0.806, 0.807, 0.808, 0.808, 0.808, 0.809, 0.809, 0.809, 0.809, 0.809, 0.81, 0.81, 0.81, 0.81, 0.81, 0.81, 0.81, 0.81, 0.81, 0.81, 0.81, 0.81, 0.81]","[0.027, 0.118, 0.139, 0.0, 0.118, 0.121, 0.121, 0.114, 0.03]","[0.12, -2.28, 0.18, 0.16]",0.12,-2.28,0.18,0.16
2023-11-16,3,264,907,['Bpod0'],467,242,225,309,134,305,202,103,150,144,138,31,107,0.6531049250535332,0.8347107438016529,0.4577777777777778,443,233,210,218,190,28,0.6148867313915858,0.208955223880597,206,103,103,0.3333333333333333,0.7686567164179104,0.6884875846501128,0.8669527896995708,0.49047619047619045,0.7264705882352941,-0.37647659922338034,0.6880733944954128,0.6990291262135923,-0.010955731718179429,0.41192097763609137,0.5509950248756219,24,9,15,0.05139186295503212,0.0371900826446281,0.06666666666666667,305,202,103,762.5,505.0,257.5,0,0,0,0,0.3499999999999969,0.5,"psych_curve(xdata=array([-70.,  -8.,  -4.,  -2.,   0.,   2.,   4.,   8.,  70.]), ydata=[0.112, 0.143, 0.158, 0.176, 0.5, 0.462, 0.111, 0.357, 0.549], fit=[0.1, 0.1, 0.1, 0.1, 0.1, 0.1, 0.1, 0.1, 0.1, 0.101, 0.101, 0.101, 0.101, 0.101, 0.101, 0.101, 0.102, 0.102, 0.102, 0.103, 0.103, 0.103, 0.104, 0.105, 0.105, 0.106, 0.107, 0.109, 0.11, 0.112, 0.114, 0.116, 0.118, 0.121, 0.125, 0.129, 0.133, 0.138, 0.144, 0.15, 0.158, 0.166, 0.175, 0.186, 0.197, 0.209, 0.222, 0.236, 0.252, 0.267, 0.284, 0.301, 0.318, 0.335, 0.352, 0.368, 0.384, 0.399, 0.414, 0.427, 0.44, 0.451, 0.462, 0.471, 0.48, 0.488, 0.494, 0.5, 0.506, 0.51, 0.514, 0.518, 0.521, 0.524, 0.526, 0.528, 0.53, 0.531, 0.532, 0.533, 0.534, 0.535, 0.536, 0.536, 0.537, 0.537, 0.538, 0.538, 0.538, 0.539, 0.539, 0.539, 0.539, 0.539, 0.539, 0.539, 0.54, 0.54, 0.54, 0.54], params=[0.11, 3.73, 0.1, 0.46], fit_error=[0.024, 0.097, 0.086, 0.095, 0.189, 0.144, 0.076, 0.133, 0.039])",[-70.  -8.  -4.  -2.   0.   2.   4.   8.  70.],"[0.112, 0.143, 0.158, 0.176, 0.5, 0.462, 0.111, 0.357, 0.549]","[0.1, 0.1, 0.1, 0.1, 0.1, 0.1, 0.1, 0.1, 0.1, 0.101, 0.101, 0.101, 0.101, 0.101, 0.101, 0.101, 0.102, 0.102, 0.102, 0.103, 0.103, 0.103, 0.104, 0.105, 0.105, 0.106, 0.107, 0.109, 0.11, 0.112, 0.114, 0.116, 0.118, 0.121, 0.125, 0.129, 0.133, 0.138, 0.144, 0.15, 0.158, 0.166, 0.175, 0.186, 0.197, 0.209, 0.222, 0.236, 0.252, 0.267, 0.284, 0.301, 0.318, 0.335, 0.352, 0.368, 0.384, 0.399, 0.414, 0.427, 0.44, 0.451, 0.462, 0.471, 0.48, 0.488, 0.494, 0.5, 0.506, 0.51, 0.514, 0.518, 0.521, 0.524, 0.526, 0.528, 0.53, 0.531, 0.532, 0.533, 0.534, 0.535, 0.536, 0.536, 0.537, 0.537, 0.538, 0.538, 0.538, 0.539, 0.539, 0.539, 0.539, 0.539, 0.539, 0.539, 0.54, 0.54, 0.54, 0.54]","[0.024, 0.097, 0.086, 0.095, 0.189, 0.144, 0.076, 0.133, 0.039]","[0.11, 3.73, 0.1, 0.46]",0.11,3.73,0.1,0.46,"psych_curve(xdata=array([-70.,  -8.,  -4.,  -2.,  -0.,   2.,   4.,   8.,  70.]), ydata=[0.268, 0.333, 0.667, 0.455, 0.286, 0.737, 0.667, 0.6, 0.728], fit=[nan, nan, nan, nan, nan, nan, nan, nan, nan, nan, nan, nan, nan, nan, nan, nan, nan, nan, nan, nan, nan, nan, nan, nan, nan, nan, nan, nan, nan, nan, nan, nan, nan, nan, nan, nan, nan, nan, nan, nan, nan, nan, nan, nan, nan, nan, nan, nan, nan, nan, nan, nan, nan, nan, nan, nan, nan, nan, nan, nan, nan, nan, nan, nan, nan, nan, nan, nan, nan, nan, nan, nan, nan, nan, nan, nan, nan, nan, nan, nan, nan, nan, nan, nan, nan, nan, nan, nan, nan, nan, nan, nan, nan, nan, nan, nan, nan, nan, nan, nan], params=[18.11, 1.34, 0.4, 0.32], fit_error=[0.035, 0.126, 0.114, 0.157, 0.184, 0.104, 0.114, 0.163, 0.035])",[-70.  -8.  -4.  -2.   0.   2.   4.   8.  70.],"[0.112, 0.143, 0.158, 0.176, 0.5, 0.462, 0.111, 0.357, 0.549]","[0.1, 0.1, 0.1, 0.1, 0.1, 0.1, 0.1, 0.1, 0.1, 0.101, 0.101, 0.101, 0.101, 0.101, 0.101, 0.101, 0.102, 0.102, 0.102, 0.103, 0.103, 0.103, 0.104, 0.105, 0.105, 0.106, 0.107, 0.109, 0.11, 0.112, 0.114, 0.116, 0.118, 0.121, 0.125, 0.129, 0.133, 0.138, 0.144, 0.15, 0.158, 0.166, 0.175, 0.186, 0.197, 0.209, 0.222, 0.236, 0.252, 0.267, 0.284, 0.301, 0.318, 0.335, 0.352, 0.368, 0.384, 0.399, 0.414, 0.427, 0.44, 0.451, 0.462, 0.471, 0.48, 0.488, 0.494, 0.5, 0.506, 0.51, 0.514, 0.518, 0.521, 0.524, 0.526, 0.528, 0.53, 0.531, 0.532, 0.533, 0.534, 0.535, 0.536, 0.536, 0.537, 0.537, 0.538, 0.538, 0.538, 0.539, 0.539, 0.539, 0.539, 0.539, 0.539, 0.539, 0.54, 0.54, 0.54, 0.54]","[0.024, 0.097, 0.086, 0.095, 0.189, 0.144, 0.076, 0.133, 0.039]","[18.11, 1.34, 0.4, 0.32]",18.11,1.34,0.4,0.32
2023-11-17,4,265,907,['Bpod0'],400,190,210,184,143,236,129,107,115,110,91,36,55,0.59,0.6789473684210526,0.5095238095238095,327,165,162,154,92,62,0.5,0.43356643356643354,155,76,79,0.41304347826086957,0.5524475524475524,0.7217125382262997,0.7818181818181819,0.6604938271604939,0.7595419847328244,-0.12132435465768798,0.7467532467532467,0.7096774193548387,0.03707582739840798,0.46678321678321677,0.48274551535421095,73,25,48,0.1825,0.13157894736842105,0.22857142857142856,236,129,107,590.0,322.5,267.5,0,0,0,0,0.34999999999999737,0.5,"psych_curve(xdata=array([-70.,  -8.,  -4.,  -2.,   0.,   2.,   4.,   8.,  70.]), ydata=[0.193, 0.25, 0.375, 0.5, 0.357, 0.222, 1.0, 0.462, 0.709], fit=[0.32, 0.32, 0.32, 0.32, 0.32, 0.32, 0.32, 0.32, 0.32, 0.32, 0.32, 0.32, 0.32, 0.32, 0.32, 0.32, 0.32, 0.32, 0.32, 0.32, 0.32, 0.32, 0.32, 0.32, 0.32, 0.32, 0.32, 0.32, 0.32, 0.32, 0.32, 0.32, 0.32, 0.32, 0.32, 0.32, 0.32, 0.32, 0.32, 0.32, 0.32, 0.32, 0.32, 0.32, 0.32, 0.32, 0.32, 0.32, 0.32, 0.32, 0.32, 0.32, 0.719, 0.72, 0.72, 0.72, 0.72, 0.72, 0.72, 0.72, 0.72, 0.72, 0.72, 0.72, 0.72, 0.72, 0.72, 0.72, 0.72, 0.72, 0.72, 0.72, 0.72, 0.72, 0.72, 0.72, 0.72, 0.72, 0.72, 0.72, 0.72, 0.72, 0.72, 0.72, 0.72, 0.72, 0.72, 0.72, 0.72, 0.72, 0.72, 0.72, 0.72, 0.72, 0.72, 0.72, 0.72, 0.72, 0.72, 0.72], params=[14.95, 3.11, 0.32, 0.28], fit_error=[0.034, 0.164, 0.183, 0.189, 0.133, 0.147, 0.0, 0.144, 0.04])",[-70.  -8.  -4.  -2.   0.   2.   4.   8.  70.],"[0.193, 0.25, 0.375, 0.5, 0.357, 0.222, 1.0, 0.462, 0.709]","[0.32, 0.32, 0.32, 0.32, 0.32, 0.32, 0.32, 0.32, 0.32, 0.32, 0.32, 0.32, 0.32, 0.32, 0.32, 0.32, 0.32, 0.32, 0.32, 0.32, 0.32, 0.32, 0.32, 0.32, 0.32, 0.32, 0.32, 0.32, 0.32, 0.32, 0.32, 0.32, 0.32, 0.32, 0.32, 0.32, 0.32, 0.32, 0.32, 0.32, 0.32, 0.32, 0.32, 0.32, 0.32, 0.32, 0.32, 0.32, 0.32, 0.32, 0.32, 0.32, 0.719, 0.72, 0.72, 0.72, 0.72, 0.72, 0.72, 0.72, 0.72, 0.72, 0.72, 0.72, 0.72, 0.72, 0.72, 0.72, 0.72, 0.72, 0.72, 0.72, 0.72, 0.72, 0.72, 0.72, 0.72, 0.72, 0.72, 0.72, 0.72, 0.72, 0.72, 0.72, 0.72, 0.72, 0.72, 0.72, 0.72, 0.72, 0.72, 0.72, 0.72, 0.72, 0.72, 0.72, 0.72, 0.72, 0.72, 0.72]","[0.034, 0.164, 0.183, 0.189, 0.133, 0.147, 0.0, 0.144, 0.04]","[14.95, 3.11, 0.32, 0.28]",14.95,3.11,0.32,0.28,"psych_curve(xdata=array([-70.,  -8.,  -4.,  -2.,  -0.,   2.,   4.,   8.,  70.]), ydata=[0.215, 0.429, 0.125, 0.857, 0.692, 0.556, 0.6, 0.583, 0.74], fit=[nan, nan, nan, nan, nan, nan, nan, nan, nan, nan, nan, nan, nan, nan, nan, nan, nan, nan, nan, nan, nan, nan, nan, nan, nan, nan, nan, nan, nan, nan, nan, nan, nan, nan, nan, nan, nan, nan, nan, nan, nan, nan, nan, nan, nan, nan, nan, nan, nan, nan, nan, nan, nan, nan, nan, nan, nan, nan, nan, nan, nan, nan, nan, nan, nan, nan, nan, nan, nan, nan, nan, nan, nan, nan, nan, nan, nan, nan, nan, nan, nan, nan, nan, nan, nan, nan, nan, nan, nan, nan, nan, nan, nan, nan, nan, nan, nan, nan, nan, nan], params=[17.94, -3.03, 0.26, 0.33], fit_error=[0.037, 0.202, 0.125, 0.143, 0.133, 0.176, 0.245, 0.149, 0.039])",[-70.  -8.  -4.  -2.   0.   2.   4.   8.  70.],"[0.193, 0.25, 0.375, 0.5, 0.357, 0.222, 1.0, 0.462, 0.709]","[0.32, 0.32, 0.32, 0.32, 0.32, 0.32, 0.32, 0.32, 0.32, 0.32, 0.32, 0.32, 0.32, 0.32, 0.32, 0.32, 0.32, 0.32, 0.32, 0.32, 0.32, 0.32, 0.32, 0.32, 0.32, 0.32, 0.32, 0.32, 0.32, 0.32, 0.32, 0.32, 0.32, 0.32, 0.32, 0.32, 0.32, 0.32, 0.32, 0.32, 0.32, 0.32, 0.32, 0.32, 0.32, 0.32, 0.32, 0.32, 0.32, 0.32, 0.32, 0.32, 0.719, 0.72, 0.72, 0.72, 0.72, 0.72, 0.72, 0.72, 0.72, 0.72, 0.72, 0.72, 0.72, 0.72, 0.72, 0.72, 0.72, 0.72, 0.72, 0.72, 0.72, 0.72, 0.72, 0.72, 0.72, 0.72, 0.72, 0.72, 0.72, 0.72, 0.72, 0.72, 0.72, 0.72, 0.72, 0.72, 0.72, 0.72, 0.72, 0.72, 0.72, 0.72, 0.72, 0.72, 0.72, 0.72, 0.72, 0.72]","[0.034, 0.164, 0.183, 0.189, 0.133, 0.147, 0.0, 0.144, 0.04]","[17.94, -3.03, 0.26, 0.33]",17.94,-3.03,0.26,0.33
2023-11-20,0,268,907,['Bpod0'],633,343,290,355,259,477,276,201,230,238,137,58,79,0.7535545023696683,0.8046647230320699,0.6931034482758621,614,334,280,285,187,98,0.5267605633802817,0.3783783783783784,316,158,158,0.4450704225352113,0.61003861003861,0.7768729641693811,0.8263473053892215,0.7178571428571429,0.8296943231441049,-0.10849016253207866,0.8070175438596491,0.7531645569620253,0.053852986897623745,0.45256947087933,0.5275545162869106,19,9,10,0.030015797788309637,0.026239067055393587,0.034482758620689655,477,276,201,1192.5,690.0,502.5,0,0,0,0,0.34999999999999626,0.5,"psych_curve(xdata=array([-70.,  -8.,  -4.,  -2.,   0.,   2.,   4.,   8.,  70.]), ydata=[0.134, 0.174, 0.393, 0.25, 0.391, 0.458, 0.417, 0.636, 0.787], fit=[0.13, 0.13, 0.13, 0.13, 0.13, 0.13, 0.13, 0.13, 0.13, 0.13, 0.13, 0.13, 0.13, 0.13, 0.13, 0.13, 0.13, 0.13, 0.13, 0.13, 0.13, 0.13, 0.131, 0.131, 0.131, 0.131, 0.131, 0.132, 0.132, 0.133, 0.134, 0.135, 0.136, 0.137, 0.139, 0.142, 0.145, 0.149, 0.154, 0.16, 0.168, 0.177, 0.189, 0.203, 0.22, 0.24, 0.264, 0.292, 0.323, 0.357, 0.394, 0.433, 0.472, 0.512, 0.55, 0.585, 0.617, 0.646, 0.671, 0.693, 0.711, 0.726, 0.739, 0.749, 0.758, 0.764, 0.77, 0.774, 0.777, 0.78, 0.782, 0.784, 0.785, 0.786, 0.787, 0.788, 0.788, 0.789, 0.789, 0.789, 0.789, 0.789, 0.79, 0.79, 0.79, 0.79, 0.79, 0.79, 0.79, 0.79, 0.79, 0.79, 0.79, 0.79, 0.79, 0.79, 0.79, 0.79, 0.79, 0.79], params=[0.17, 3.09, 0.13, 0.21], fit_error=[0.022, 0.081, 0.094, 0.09, 0.104, 0.104, 0.149, 0.105, 0.028])",[-70.  -8.  -4.  -2.   0.   2.   4.   8.  70.],"[0.134, 0.174, 0.393, 0.25, 0.391, 0.458, 0.417, 0.636, 0.787]","[0.13, 0.13, 0.13, 0.13, 0.13, 0.13, 0.13, 0.13, 0.13, 0.13, 0.13, 0.13, 0.13, 0.13, 0.13, 0.13, 0.13, 0.13, 0.13, 0.13, 0.13, 0.13, 0.131, 0.131, 0.131, 0.131, 0.131, 0.132, 0.132, 0.133, 0.134, 0.135, 0.136, 0.137, 0.139, 0.142, 0.145, 0.149, 0.154, 0.16, 0.168, 0.177, 0.189, 0.203, 0.22, 0.24, 0.264, 0.292, 0.323, 0.357, 0.394, 0.433, 0.472, 0.512, 0.55, 0.585, 0.617, 0.646, 0.671, 0.693, 0.711, 0.726, 0.739, 0.749, 0.758, 0.764, 0.77, 0.774, 0.777, 0.78, 0.782, 0.784, 0.785, 0.786, 0.787, 0.788, 0.788, 0.789, 0.789, 0.789, 0.789, 0.789, 0.79, 0.79, 0.79, 0.79, 0.79, 0.79, 0.79, 0.79, 0.79, 0.79, 0.79, 0.79, 0.79, 0.79, 0.79, 0.79, 0.79, 0.79]","[0.022, 0.081, 0.094, 0.09, 0.104, 0.104, 0.149, 0.105, 0.028]","[0.17, 3.09, 0.13, 0.21]",0.17,3.09,0.13,0.21,"psych_curve(xdata=array([-70.,  -8.,  -4.,  -2.,  -0.,   2.,   4.,   8.,  70.]), ydata=[0.158, 0.125, 0.5, 0.381, 0.318, 0.593, 0.556, 0.704, 0.814], fit=[nan, nan, nan, nan, nan, nan, nan, nan, nan, nan, nan, nan, nan, nan, nan, nan, nan, nan, nan, nan, nan, nan, nan, nan, nan, nan, nan, nan, nan, nan, nan, nan, nan, nan, nan, nan, nan, nan, nan, nan, nan, nan, nan, nan, nan, nan, nan, nan, nan, nan, nan, nan, nan, nan, nan, nan, nan, nan, nan, nan, nan, nan, nan, nan, nan, nan, nan, nan, nan, nan, nan, nan, nan, nan, nan, nan, nan, nan, nan, nan, nan, nan, nan, nan, nan, nan, nan, nan, nan, nan, nan, nan, nan, nan, nan, nan, nan, nan, nan, nan], params=[0.2, 0.72, 0.14, 0.18], fit_error=[0.024, 0.085, 0.151, 0.109, 0.102, 0.096, 0.097, 0.09, 0.027])",[-70.  -8.  -4.  -2.   0.   2.   4.   8.  70.],"[0.134, 0.174, 0.393, 0.25, 0.391, 0.458, 0.417, 0.636, 0.787]","[0.13, 0.13, 0.13, 0.13, 0.13, 0.13, 0.13, 0.13, 0.13, 0.13, 0.13, 0.13, 0.13, 0.13, 0.13, 0.13, 0.13, 0.13, 0.13, 0.13, 0.13, 0.13, 0.131, 0.131, 0.131, 0.131, 0.131, 0.132, 0.132, 0.133, 0.134, 0.135, 0.136, 0.137, 0.139, 0.142, 0.145, 0.149, 0.154, 0.16, 0.168, 0.177, 0.189, 0.203, 0.22, 0.24, 0.264, 0.292, 0.323, 0.357, 0.394, 0.433, 0.472, 0.512, 0.55, 0.585, 0.617, 0.646, 0.671, 0.693, 0.711, 0.726, 0.739, 0.749, 0.758, 0.764, 0.77, 0.774, 0.777, 0.78, 0.782, 0.784, 0.785, 0.786, 0.787, 0.788, 0.788, 0.789, 0.789, 0.789, 0.789, 0.789, 0.79, 0.79, 0.79, 0.79, 0.79, 0.79, 0.79, 0.79, 0.79, 0.79, 0.79, 0.79, 0.79, 0.79, 0.79, 0.79, 0.79, 0.79]","[0.022, 0.081, 0.094, 0.09, 0.104, 0.104, 0.149, 0.105, 0.028]","[0.2, 0.72, 0.14, 0.18]",0.2,0.72,0.14,0.18
2023-11-21,1,269,907,['Bpod0'],592,281,311,350,228,413,229,184,213,195,165,44,121,0.6976351351351351,0.8149466192170819,0.5916398713826366,578,273,305,305,211,94,0.6028571428571429,0.41228070175438597,265,131,134,0.3742857142857143,0.5877192982456141,0.7145328719723183,0.8388278388278388,0.6032786885245902,0.7482993197278912,-0.23554915030324863,0.6983606557377049,0.7358490566037735,-0.03748840086606864,0.5075689223057644,0.4810025062656642,14,8,6,0.02364864864864865,0.028469750889679714,0.01929260450160772,413,229,184,1032.5,572.5,460.0,0,0,0,0,0.34999999999999637,0.5,"psych_curve(xdata=array([-70.,  -8.,  -4.,  -2.,   0.,   2.,   4.,   8.,  70.]), ydata=[0.142, 0.125, 0.261, 0.227, 0.286, 0.438, 0.455, 0.417, 0.654], fit=[0.11, 0.11, 0.11, 0.11, 0.11, 0.11, 0.11, 0.11, 0.11, 0.11, 0.11, 0.11, 0.11, 0.11, 0.11, 0.11, 0.11, 0.11, 0.11, 0.11, 0.11, 0.11, 0.11, 0.11, 0.11, 0.11, 0.111, 0.111, 0.111, 0.111, 0.112, 0.112, 0.113, 0.114, 0.115, 0.116, 0.118, 0.121, 0.124, 0.129, 0.134, 0.141, 0.15, 0.161, 0.175, 0.191, 0.212, 0.236, 0.263, 0.294, 0.327, 0.362, 0.398, 0.433, 0.465, 0.495, 0.522, 0.545, 0.564, 0.58, 0.593, 0.603, 0.611, 0.618, 0.623, 0.627, 0.63, 0.632, 0.634, 0.635, 0.636, 0.637, 0.638, 0.638, 0.639, 0.639, 0.639, 0.639, 0.64, 0.64, 0.64, 0.64, 0.64, 0.64, 0.64, 0.64, 0.64, 0.64, 0.64, 0.64, 0.64, 0.64, 0.64, 0.64, 0.64, 0.64, 0.64, 0.64, 0.64, 0.64], params=[0.19, 2.62, 0.11, 0.36], fit_error=[0.025, 0.085, 0.094, 0.091, 0.125, 0.128, 0.109, 0.103, 0.031])",[-70.  -8.  -4.  -2.   0.   2.   4.   8.  70.],"[0.142, 0.125, 0.261, 0.227, 0.286, 0.438, 0.455, 0.417, 0.654]","[0.11, 0.11, 0.11, 0.11, 0.11, 0.11, 0.11, 0.11, 0.11, 0.11, 0.11, 0.11, 0.11, 0.11, 0.11, 0.11, 0.11, 0.11, 0.11, 0.11, 0.11, 0.11, 0.11, 0.11, 0.11, 0.11, 0.111, 0.111, 0.111, 0.111, 0.112, 0.112, 0.113, 0.114, 0.115, 0.116, 0.118, 0.121, 0.124, 0.129, 0.134, 0.141, 0.15, 0.161, 0.175, 0.191, 0.212, 0.236, 0.263, 0.294, 0.327, 0.362, 0.398, 0.433, 0.465, 0.495, 0.522, 0.545, 0.564, 0.58, 0.593, 0.603, 0.611, 0.618, 0.623, 0.627, 0.63, 0.632, 0.634, 0.635, 0.636, 0.637, 0.638, 0.638, 0.639, 0.639, 0.639, 0.639, 0.64, 0.64, 0.64, 0.64, 0.64, 0.64, 0.64, 0.64, 0.64, 0.64, 0.64, 0.64, 0.64, 0.64, 0.64, 0.64, 0.64, 0.64, 0.64, 0.64, 0.64, 0.64]","[0.025, 0.085, 0.094, 0.091, 0.125, 0.128, 0.109, 0.103, 0.031]","[0.19, 2.62, 0.11, 0.36]",0.19,2.62,0.11,0.36,"psych_curve(xdata=array([-70.,  -8.,  -4.,  -2.,   0.,   2.,   4.,   8.,  70.]), ydata=[0.284, 0.444, 0.5, 0.389, 0.571, 0.65, 0.68, 0.636, 0.786], fit=[nan, nan, nan, nan, nan, nan, nan, nan, nan, nan, nan, nan, nan, nan, nan, nan, nan, nan, nan, nan, nan, nan, nan, nan, nan, nan, nan, nan, nan, nan, nan, nan, nan, nan, nan, nan, nan, nan, nan, nan, nan, nan, nan, nan, nan, nan, nan, nan, nan, nan, nan, nan, nan, nan, nan, nan, nan, nan, nan, nan, nan, nan, nan, nan, nan, nan, nan, nan, nan, nan, nan, nan, nan, nan, nan, nan, nan, nan, nan, nan, nan, nan, nan, nan, nan, nan, nan, nan, nan, nan, nan, nan, nan, nan, nan, nan, nan, nan, nan, nan], params=[0.16, -1.04, 0.29, 0.22], fit_error=[0.03, 0.121, 0.121, 0.118, 0.137, 0.109, 0.095, 0.105, 0.028])",[-70.  -8.  -4.  -2.   0.   2.   4.   8.  70.],"[0.142, 0.125, 0.261, 0.227, 0.286, 0.438, 0.455, 0.417, 0.654]","[0.11, 0.11, 0.11, 0.11, 0.11, 0.11, 0.11, 0.11, 0.11, 0.11, 0.11, 0.11, 0.11, 0.11, 0.11, 0.11, 0.11, 0.11, 0.11, 0.11, 0.11, 0.11, 0.11, 0.11, 0.11, 0.11, 0.111, 0.111, 0.111, 0.111, 0.112, 0.112, 0.113, 0.114, 0.115, 0.116, 0.118, 0.121, 0.124, 0.129, 0.134, 0.141, 0.15, 0.161, 0.175, 0.191, 0.212, 0.236, 0.263, 0.294, 0.327, 0.362, 0.398, 0.433, 0.465, 0.495, 0.522, 0.545, 0.564, 0.58, 0.593, 0.603, 0.611, 0.618, 0.623, 0.627, 0.63, 0.632, 0.634, 0.635, 0.636, 0.637, 0.638, 0.638, 0.639, 0.639, 0.639, 0.639, 0.64, 0.64, 0.64, 0.64, 0.64, 0.64, 0.64, 0.64, 0.64, 0.64, 0.64, 0.64, 0.64, 0.64, 0.64, 0.64, 0.64, 0.64, 0.64, 0.64, 0.64, 0.64]","[0.025, 0.085, 0.094, 0.091, 0.125, 0.128, 0.109, 0.103, 0.031]","[0.16, -1.04, 0.29, 0.22]",0.16,-1.04,0.29,0.22
2023-11-22,2,270,907,['Bpod0'],555,288,267,376,113,312,234,78,194,92,177,35,142,0.5621621621621622,0.8125,0.29213483146067415,489,269,220,301,269,32,0.7154255319148937,0.2831858407079646,147,73,74,0.19414893617021275,0.6548672566371682,0.6380368098159509,0.8698884758364313,0.35454545454545455,0.6473684210526316,-0.5153430212909766,0.6445182724252492,0.6258503401360545,0.018667932289194722,0.49930568631142913,0.42450809640369047,66,19,47,0.11891891891891893,0.06597222222222222,0.1760299625468165,312,234,78,780.0,585.0,195.0,0,0,0,0,0.34999999999999654,0.5,"psych_curve(xdata=array([-70.,  -8.,  -4.,  -2.,   0.,   2.,   4.,   8.,  70.]), ydata=[0.12, 0.176, 0.143, 0.12, 0.357, 0.375, 0.2, 0.333, 0.363], fit=[0.14, 0.14, 0.14, 0.14, 0.14, 0.14, 0.14, 0.14, 0.14, 0.14, 0.14, 0.14, 0.14, 0.14, 0.14, 0.14, 0.14, 0.14, 0.14, 0.14, 0.14, 0.14, 0.14, 0.14, 0.14, 0.14, 0.14, 0.14, 0.14, 0.14, 0.14, 0.14, 0.14, 0.14, 0.14, 0.14, 0.14, 0.14, 0.14, 0.14, 0.14, 0.14, 0.14, 0.14, 0.14, 0.14, 0.14, 0.14, 0.14, 0.324, 0.33, 0.33, 0.33, 0.33, 0.33, 0.33, 0.33, 0.33, 0.33, 0.33, 0.33, 0.33, 0.33, 0.33, 0.33, 0.33, 0.33, 0.33, 0.33, 0.33, 0.33, 0.33, 0.33, 0.33, 0.33, 0.33, 0.33, 0.33, 0.33, 0.33, 0.33, 0.33, 0.33, 0.33, 0.33, 0.33, 0.33, 0.33, 0.33, 0.33, 0.33, 0.33, 0.33, 0.33, 0.33, 0.33, 0.33, 0.33, 0.33, 0.33], params=[10.42, -1.04, 0.14, 0.67], fit_error=[0.023, 0.095, 0.097, 0.066, 0.133, 0.125, 0.2, 0.114, 0.037])",[-70.  -8.  -4.  -2.   0.   2.   4.   8.  70.],"[0.12, 0.176, 0.143, 0.12, 0.357, 0.375, 0.2, 0.333, 0.363]","[0.14, 0.14, 0.14, 0.14, 0.14, 0.14, 0.14, 0.14, 0.14, 0.14, 0.14, 0.14, 0.14, 0.14, 0.14, 0.14, 0.14, 0.14, 0.14, 0.14, 0.14, 0.14, 0.14, 0.14, 0.14, 0.14, 0.14, 0.14, 0.14, 0.14, 0.14, 0.14, 0.14, 0.14, 0.14, 0.14, 0.14, 0.14, 0.14, 0.14, 0.14, 0.14, 0.14, 0.14, 0.14, 0.14, 0.14, 0.14, 0.14, 0.324, 0.33, 0.33, 0.33, 0.33, 0.33, 0.33, 0.33, 0.33, 0.33, 0.33, 0.33, 0.33, 0.33, 0.33, 0.33, 0.33, 0.33, 0.33, 0.33, 0.33, 0.33, 0.33, 0.33, 0.33, 0.33, 0.33, 0.33, 0.33, 0.33, 0.33, 0.33, 0.33, 0.33, 0.33, 0.33, 0.33, 0.33, 0.33, 0.33, 0.33, 0.33, 0.33, 0.33, 0.33, 0.33, 0.33, 0.33, 0.33, 0.33, 0.33]","[0.023, 0.095, 0.097, 0.066, 0.133, 0.125, 0.2, 0.114, 0.037]","[10.42, -1.04, 0.14, 0.67]",10.42,-1.04,0.14,0.67,"psych_curve(xdata=array([-70.,  -8.,  -4.,  -2.,  -0.,   2.,   4.,   8.,  70.]), ydata=[0.533, 0.6, 0.429, 0.412, 0.818, 0.833, 0.8, 0.733, 0.778], fit=[nan, nan, nan, nan, nan, nan, nan, nan, nan, nan, nan, nan, nan, nan, nan, nan, nan, nan, nan, nan, nan, nan, nan, nan, nan, nan, nan, nan, nan, nan, nan, nan, nan, nan, nan, nan, nan, nan, nan, nan, nan, nan, nan, nan, nan, nan, nan, nan, nan, nan, nan, nan, nan, nan, nan, nan, nan, nan, nan, nan, nan, nan, nan, nan, nan, nan, nan, nan, nan, nan, nan, nan, nan, nan, nan, nan, nan, nan, nan, nan, nan, nan, nan, nan, nan, nan, nan, nan, nan, nan, nan, nan, nan, nan, nan, nan, nan, nan, nan, nan], params=[14.43, -0.98, 0.49, 0.21], fit_error=[0.041, 0.131, 0.202, 0.123, 0.122, 0.09, 0.133, 0.118, 0.029])",[-70.  -8.  -4.  -2.   0.   2.   4.   8.  70.],"[0.12, 0.176, 0.143, 0.12, 0.357, 0.375, 0.2, 0.333, 0.363]","[0.14, 0.14, 0.14, 0.14, 0.14, 0.14, 0.14, 0.14, 0.14, 0.14, 0.14, 0.14, 0.14, 0.14, 0.14, 0.14, 0.14, 0.14, 0.14, 0.14, 0.14, 0.14, 0.14, 0.14, 0.14, 0.14, 0.14, 0.14, 0.14, 0.14, 0.14, 0.14, 0.14, 0.14, 0.14, 0.14, 0.14, 0.14, 0.14, 0.14, 0.14, 0.14, 0.14, 0.14, 0.14, 0.14, 0.14, 0.14, 0.14, 0.324, 0.33, 0.33, 0.33, 0.33, 0.33, 0.33, 0.33, 0.33, 0.33, 0.33, 0.33, 0.33, 0.33, 0.33, 0.33, 0.33, 0.33, 0.33, 0.33, 0.33, 0.33, 0.33, 0.33, 0.33, 0.33, 0.33, 0.33, 0.33, 0.33, 0.33, 0.33, 0.33, 0.33, 0.33, 0.33, 0.33, 0.33, 0.33, 0.33, 0.33, 0.33, 0.33, 0.33, 0.33, 0.33, 0.33, 0.33, 0.33, 0.33, 0.33]","[0.023, 0.095, 0.097, 0.066, 0.133, 0.125, 0.2, 0.114, 0.037]","[14.43, -0.98, 0.49, 0.21]",14.43,-0.98,0.49,0.21
2023-11-27,0,275,907,['Bpod0'],490,237,253,217,221,313,154,159,158,148,125,62,63,0.6387755102040816,0.6497890295358649,0.6284584980237155,438,216,222,221,104,117,0.4792626728110599,0.5294117647058824,206,103,103,0.47465437788018433,0.4660633484162896,0.7146118721461188,0.7129629629629629,0.7162162162162162,0.756838905775076,0.0032532532532533187,0.7149321266968326,0.7184466019417476,-0.003514475244914994,0.5043372187584712,0.47035886314823694,52,21,31,0.10612244897959183,0.08860759493670886,0.1225296442687747,313,154,159,782.5,385.0,397.5,0,0,0,0,0.3499999999999968,0.5,"psych_curve(xdata=array([-70.,  -8.,  -4.,  -2.,   0.,   2.,   4.,   8.,  70.]), ydata=[0.251, 0.35, 0.333, 0.4, 0.5, 0.357, 0.737, 0.75, 0.765], fit=[0.37, 0.37, 0.37, 0.37, 0.37, 0.37, 0.37, 0.37, 0.37, 0.37, 0.37, 0.37, 0.37, 0.37, 0.37, 0.37, 0.37, 0.37, 0.37, 0.37, 0.37, 0.37, 0.37, 0.37, 0.37, 0.37, 0.37, 0.37, 0.37, 0.37, 0.37, 0.37, 0.37, 0.37, 0.37, 0.37, 0.37, 0.37, 0.37, 0.37, 0.37, 0.37, 0.37, 0.37, 0.37, 0.37, 0.37, 0.37, 0.37, 0.37, 0.37, 0.37, 0.528, 0.76, 0.76, 0.76, 0.76, 0.76, 0.76, 0.76, 0.76, 0.76, 0.76, 0.76, 0.76, 0.76, 0.76, 0.76, 0.76, 0.76, 0.76, 0.76, 0.76, 0.76, 0.76, 0.76, 0.76, 0.76, 0.76, 0.76, 0.76, 0.76, 0.76, 0.76, 0.76, 0.76, 0.76, 0.76, 0.76, 0.76, 0.76, 0.76, 0.76, 0.76, 0.76, 0.76, 0.76, 0.76, 0.76, 0.76], params=[7.05, 3.59, 0.37, 0.24], fit_error=[0.034, 0.109, 0.142, 0.163, 0.121, 0.133, 0.104, 0.112, 0.033])",[-70.  -8.  -4.  -2.   0.   2.   4.   8.  70.],"[0.251, 0.35, 0.333, 0.4, 0.5, 0.357, 0.737, 0.75, 0.765]","[0.37, 0.37, 0.37, 0.37, 0.37, 0.37, 0.37, 0.37, 0.37, 0.37, 0.37, 0.37, 0.37, 0.37, 0.37, 0.37, 0.37, 0.37, 0.37, 0.37, 0.37, 0.37, 0.37, 0.37, 0.37, 0.37, 0.37, 0.37, 0.37, 0.37, 0.37, 0.37, 0.37, 0.37, 0.37, 0.37, 0.37, 0.37, 0.37, 0.37, 0.37, 0.37, 0.37, 0.37, 0.37, 0.37, 0.37, 0.37, 0.37, 0.37, 0.37, 0.37, 0.528, 0.76, 0.76, 0.76, 0.76, 0.76, 0.76, 0.76, 0.76, 0.76, 0.76, 0.76, 0.76, 0.76, 0.76, 0.76, 0.76, 0.76, 0.76, 0.76, 0.76, 0.76, 0.76, 0.76, 0.76, 0.76, 0.76, 0.76, 0.76, 0.76, 0.76, 0.76, 0.76, 0.76, 0.76, 0.76, 0.76, 0.76, 0.76, 0.76, 0.76, 0.76, 0.76, 0.76, 0.76, 0.76, 0.76, 0.76]","[0.034, 0.109, 0.142, 0.163, 0.121, 0.133, 0.104, 0.112, 0.033]","[7.05, 3.59, 0.37, 0.24]",7.05,3.59,0.37,0.24,"psych_curve(xdata=array([-70.,  -8.,  -4.,  -2.,  -0.,   2.,   4.,   8.,  70.]), ydata=[0.253, 0.286, 0.286, 0.636, 0.611, 0.583, 0.667, 0.667, 0.773], fit=[nan, nan, nan, nan, nan, nan, nan, nan, nan, nan, nan, nan, nan, nan, nan, nan, nan, nan, nan, nan, nan, nan, nan, nan, nan, nan, nan, nan, nan, nan, nan, nan, nan, nan, nan, nan, nan, nan, nan, nan, nan, nan, nan, nan, nan, nan, nan, nan, nan, nan, nan, nan, nan, nan, nan, nan, nan, nan, nan, nan, nan, nan, nan, nan, nan, nan, nan, nan, nan, nan, nan, nan, nan, nan, nan, nan, nan, nan, nan, nan, nan, nan, nan, nan, nan, nan, nan, nan, nan, nan, nan, nan, nan, nan, nan, nan, nan, nan, nan, nan], params=[2.9, -2.93, 0.27, 0.34], fit_error=[0.035, 0.101, 0.125, 0.152, 0.118, 0.149, 0.126, 0.126, 0.033])",[-70.  -8.  -4.  -2.   0.   2.   4.   8.  70.],"[0.251, 0.35, 0.333, 0.4, 0.5, 0.357, 0.737, 0.75, 0.765]","[0.37, 0.37, 0.37, 0.37, 0.37, 0.37, 0.37, 0.37, 0.37, 0.37, 0.37, 0.37, 0.37, 0.37, 0.37, 0.37, 0.37, 0.37, 0.37, 0.37, 0.37, 0.37, 0.37, 0.37, 0.37, 0.37, 0.37, 0.37, 0.37, 0.37, 0.37, 0.37, 0.37, 0.37, 0.37, 0.37, 0.37, 0.37, 0.37, 0.37, 0.37, 0.37, 0.37, 0.37, 0.37, 0.37, 0.37, 0.37, 0.37, 0.37, 0.37, 0.37, 0.528, 0.76, 0.76, 0.76, 0.76, 0.76, 0.76, 0.76, 0.76, 0.76, 0.76, 0.76, 0.76, 0.76, 0.76, 0.76, 0.76, 0.76, 0.76, 0.76, 0.76, 0.76, 0.76, 0.76, 0.76, 0.76, 0.76, 0.76, 0.76, 0.76, 0.76, 0.76, 0.76, 0.76, 0.76, 0.76, 0.76, 0.76, 0.76, 0.76, 0.76, 0.76, 0.76, 0.76, 0.76, 0.76, 0.76, 0.76]","[0.034, 0.109, 0.142, 0.163, 0.121, 0.133, 0.104, 0.112, 0.033]","[2.9, -2.93, 0.27, 0.34]",2.9,-2.93,0.27,0.34
2023-11-28,1,276,907,['Bpod0'],422,208,214,213,178,294,158,136,143,131,97,42,55,0.6966824644549763,0.7596153846153846,0.6355140186915887,391,200,191,193,114,79,0.5352112676056338,0.4438202247191011,174,85,89,0.39906103286384975,0.5,0.7519181585677749,0.79,0.7120418848167539,0.7972508591065293,-0.07795811518324613,0.7409326424870466,0.7528735632183908,-0.011940920731344229,0.4895157461623674,0.4495305164319249,31,8,23,0.07345971563981042,0.038461538461538464,0.10747663551401869,294,158,136,735.0,395.0,340.0,0,0,0,0,0.3499999999999972,0.5,"psych_curve(xdata=array([-70.,  -8.,  -4.,  -2.,   0.,   2.,   4.,   8.,  70.]), ydata=[0.166, 0.357, 0.417, 0.154, 0.556, 0.438, 0.571, 0.769, 0.757], fit=[0.26, 0.26, 0.26, 0.26, 0.26, 0.26, 0.26, 0.26, 0.26, 0.26, 0.26, 0.26, 0.26, 0.26, 0.26, 0.26, 0.26, 0.26, 0.26, 0.26, 0.26, 0.26, 0.26, 0.26, 0.26, 0.26, 0.26, 0.26, 0.26, 0.26, 0.26, 0.26, 0.26, 0.26, 0.26, 0.26, 0.26, 0.26, 0.261, 0.261, 0.262, 0.263, 0.265, 0.269, 0.274, 0.283, 0.296, 0.316, 0.347, 0.388, 0.442, 0.504, 0.567, 0.626, 0.674, 0.71, 0.735, 0.751, 0.762, 0.769, 0.773, 0.776, 0.777, 0.778, 0.779, 0.779, 0.78, 0.78, 0.78, 0.78, 0.78, 0.78, 0.78, 0.78, 0.78, 0.78, 0.78, 0.78, 0.78, 0.78, 0.78, 0.78, 0.78, 0.78, 0.78, 0.78, 0.78, 0.78, 0.78, 0.78, 0.78, 0.78, 0.78, 0.78, 0.78, 0.78, 0.78, 0.78, 0.78, 0.78], params=[0.35, 2.48, 0.26, 0.22], fit_error=[0.03, 0.133, 0.149, 0.104, 0.121, 0.128, 0.137, 0.122, 0.036])",[-70.  -8.  -4.  -2.   0.   2.   4.   8.  70.],"[0.166, 0.357, 0.417, 0.154, 0.556, 0.438, 0.571, 0.769, 0.757]","[0.26, 0.26, 0.26, 0.26, 0.26, 0.26, 0.26, 0.26, 0.26, 0.26, 0.26, 0.26, 0.26, 0.26, 0.26, 0.26, 0.26, 0.26, 0.26, 0.26, 0.26, 0.26, 0.26, 0.26, 0.26, 0.26, 0.26, 0.26, 0.26, 0.26, 0.26, 0.26, 0.26, 0.26, 0.26, 0.26, 0.26, 0.26, 0.261, 0.261, 0.262, 0.263, 0.265, 0.269, 0.274, 0.283, 0.296, 0.316, 0.347, 0.388, 0.442, 0.504, 0.567, 0.626, 0.674, 0.71, 0.735, 0.751, 0.762, 0.769, 0.773, 0.776, 0.777, 0.778, 0.779, 0.779, 0.78, 0.78, 0.78, 0.78, 0.78, 0.78, 0.78, 0.78, 0.78, 0.78, 0.78, 0.78, 0.78, 0.78, 0.78, 0.78, 0.78, 0.78, 0.78, 0.78, 0.78, 0.78, 0.78, 0.78, 0.78, 0.78, 0.78, 0.78, 0.78, 0.78, 0.78, 0.78, 0.78, 0.78]","[0.03, 0.133, 0.149, 0.104, 0.121, 0.128, 0.137, 0.122, 0.036]","[0.35, 2.48, 0.26, 0.22]",0.35,2.48,0.26,0.22,"psych_curve(xdata=array([-70.,  -8.,  -4.,  -2.,  -0.,   2.,   4.,   8.,  70.]), ydata=[0.237, 0.333, 0.412, 0.4, 0.471, 0.562, 0.5, 0.733, 0.832], fit=[nan, nan, nan, nan, nan, nan, nan, nan, nan, nan, nan, nan, nan, nan, nan, nan, nan, nan, nan, nan, nan, nan, nan, nan, nan, nan, nan, nan, nan, nan, nan, nan, nan, nan, nan, nan, nan, nan, nan, nan, nan, nan, nan, nan, nan, nan, nan, nan, nan, nan, nan, nan, nan, nan, nan, nan, nan, nan, nan, nan, nan, nan, nan, nan, nan, nan, nan, nan, nan, nan, nan, nan, nan, nan, nan, nan, nan, nan, nan, nan, nan, nan, nan, nan, nan, nan, nan, nan, nan, nan, nan, nan, nan, nan, nan, nan, nan, nan, nan, nan], params=[0.19, 2.68, 0.25, 0.16], fit_error=[0.037, 0.142, 0.123, 0.163, 0.125, 0.128, 0.189, 0.118, 0.032])",[-70.  -8.  -4.  -2.   0.   2.   4.   8.  70.],"[0.166, 0.357, 0.417, 0.154, 0.556, 0.438, 0.571, 0.769, 0.757]","[0.26, 0.26, 0.26, 0.26, 0.26, 0.26, 0.26, 0.26, 0.26, 0.26, 0.26, 0.26, 0.26, 0.26, 0.26, 0.26, 0.26, 0.26, 0.26, 0.26, 0.26, 0.26, 0.26, 0.26, 0.26, 0.26, 0.26, 0.26, 0.26, 0.26, 0.26, 0.26, 0.26, 0.26, 0.26, 0.26, 0.26, 0.26, 0.261, 0.261, 0.262, 0.263, 0.265, 0.269, 0.274, 0.283, 0.296, 0.316, 0.347, 0.388, 0.442, 0.504, 0.567, 0.626, 0.674, 0.71, 0.735, 0.751, 0.762, 0.769, 0.773, 0.776, 0.777, 0.778, 0.779, 0.779, 0.78, 0.78, 0.78, 0.78, 0.78, 0.78, 0.78, 0.78, 0.78, 0.78, 0.78, 0.78, 0.78, 0.78, 0.78, 0.78, 0.78, 0.78, 0.78, 0.78, 0.78, 0.78, 0.78, 0.78, 0.78, 0.78, 0.78, 0.78, 0.78, 0.78, 0.78, 0.78, 0.78, 0.78]","[0.03, 0.133, 0.149, 0.104, 0.121, 0.128, 0.137, 0.122, 0.036]","[0.19, 2.68, 0.25, 0.16]",0.19,2.68,0.25,0.16
2023-11-29,2,277,907,['Bpod0'],467,237,230,317,109,287,200,87,155,116,139,22,117,0.6145610278372591,0.8438818565400844,0.3782608695652174,426,222,204,244,220,24,0.694006309148265,0.22018348623853212,156,76,80,0.23974763406940064,0.7339449541284404,0.6737089201877934,0.9009009009009009,0.4264705882352941,0.7155688622754491,-0.4744303126656068,0.6352459016393442,0.7435897435897436,-0.10834384195039937,0.45709489769339856,0.48684629409892055,41,15,26,0.08779443254817987,0.06329113924050633,0.11304347826086956,287,200,87,717.5,500.0,217.5,0,0,0,0,0.3499999999999969,0.5,"psych_curve(xdata=array([-70.,  -8.,  -4.,  -2.,   0.,   2.,   4.,   8.,  70.]), ydata=[0.078, 0.188, 0.0, 0.2, 0.533, 0.15, 0.091, 0.4, 0.477], fit=[0.08, 0.08, 0.08, 0.08, 0.08, 0.08, 0.08, 0.08, 0.08, 0.08, 0.08, 0.08, 0.08, 0.08, 0.08, 0.08, 0.08, 0.08, 0.08, 0.08, 0.081, 0.081, 0.081, 0.081, 0.081, 0.082, 0.082, 0.082, 0.083, 0.083, 0.084, 0.085, 0.086, 0.088, 0.089, 0.091, 0.093, 0.096, 0.1, 0.104, 0.109, 0.114, 0.121, 0.129, 0.138, 0.148, 0.16, 0.174, 0.189, 0.205, 0.223, 0.242, 0.261, 0.281, 0.3, 0.32, 0.338, 0.356, 0.372, 0.387, 0.4, 0.412, 0.423, 0.432, 0.44, 0.446, 0.452, 0.457, 0.461, 0.464, 0.467, 0.469, 0.471, 0.473, 0.474, 0.475, 0.476, 0.477, 0.477, 0.478, 0.478, 0.478, 0.479, 0.479, 0.479, 0.479, 0.479, 0.48, 0.48, 0.48, 0.48, 0.48, 0.48, 0.48, 0.48, 0.48, 0.48, 0.48, 0.48, 0.48], params=[0.14, 4.9, 0.08, 0.52], fit_error=[0.02, 0.101, 0.0, 0.133, 0.133, 0.082, 0.091, 0.163, 0.04])",[-70.  -8.  -4.  -2.   0.   2.   4.   8.  70.],"[0.078, 0.188, 0.0, 0.2, 0.533, 0.15, 0.091, 0.4, 0.477]","[0.08, 0.08, 0.08, 0.08, 0.08, 0.08, 0.08, 0.08, 0.08, 0.08, 0.08, 0.08, 0.08, 0.08, 0.08, 0.08, 0.08, 0.08, 0.08, 0.08, 0.081, 0.081, 0.081, 0.081, 0.081, 0.082, 0.082, 0.082, 0.083, 0.083, 0.084, 0.085, 0.086, 0.088, 0.089, 0.091, 0.093, 0.096, 0.1, 0.104, 0.109, 0.114, 0.121, 0.129, 0.138, 0.148, 0.16, 0.174, 0.189, 0.205, 0.223, 0.242, 0.261, 0.281, 0.3, 0.32, 0.338, 0.356, 0.372, 0.387, 0.4, 0.412, 0.423, 0.432, 0.44, 0.446, 0.452, 0.457, 0.461, 0.464, 0.467, 0.469, 0.471, 0.473, 0.474, 0.475, 0.476, 0.477, 0.477, 0.478, 0.478, 0.478, 0.479, 0.479, 0.479, 0.479, 0.479, 0.48, 0.48, 0.48, 0.48, 0.48, 0.48, 0.48, 0.48, 0.48, 0.48, 0.48, 0.48, 0.48]","[0.02, 0.101, 0.0, 0.133, 0.133, 0.082, 0.091, 0.163, 0.04]","[0.14, 4.9, 0.08, 0.52]",0.14,4.9,0.08,0.52,"psych_curve(xdata=array([-70.,  -8.,  -4.,  -2.,   0.,   2.,   4.,   8.,  70.]), ydata=[0.367, 0.714, 0.889, 0.824, 0.357, 0.727, 0.9, 0.733, 0.815], fit=[nan, nan, nan, nan, nan, nan, nan, nan, nan, nan, nan, nan, nan, nan, nan, nan, nan, nan, nan, nan, nan, nan, nan, nan, nan, nan, nan, nan, nan, nan, nan, nan, nan, nan, nan, nan, nan, nan, nan, nan, nan, nan, nan, nan, nan, nan, nan, nan, nan, nan, nan, nan, nan, nan, nan, nan, nan, nan, nan, nan, nan, nan, nan, nan, nan, nan, nan, nan, nan, nan, nan, nan, nan, nan, nan, nan, nan, nan, nan, nan, nan, nan, nan, nan, nan, nan, nan, nan, nan, nan, nan, nan, nan, nan, nan, nan, nan, nan, nan, nan], params=[6.26, 1.99, 0.63, 0.18], fit_error=[0.038, 0.184, 0.111, 0.095, 0.133, 0.141, 0.1, 0.118, 0.032])",[-70.  -8.  -4.  -2.   0.   2.   4.   8.  70.],"[0.078, 0.188, 0.0, 0.2, 0.533, 0.15, 0.091, 0.4, 0.477]","[0.08, 0.08, 0.08, 0.08, 0.08, 0.08, 0.08, 0.08, 0.08, 0.08, 0.08, 0.08, 0.08, 0.08, 0.08, 0.08, 0.08, 0.08, 0.08, 0.08, 0.081, 0.081, 0.081, 0.081, 0.081, 0.082, 0.082, 0.082, 0.083, 0.083, 0.084, 0.085, 0.086, 0.088, 0.089, 0.091, 0.093, 0.096, 0.1, 0.104, 0.109, 0.114, 0.121, 0.129, 0.138, 0.148, 0.16, 0.174, 0.189, 0.205, 0.223, 0.242, 0.261, 0.281, 0.3, 0.32, 0.338, 0.356, 0.372, 0.387, 0.4, 0.412, 0.423, 0.432, 0.44, 0.446, 0.452, 0.457, 0.461, 0.464, 0.467, 0.469, 0.471, 0.473, 0.474, 0.475, 0.476, 0.477, 0.477, 0.478, 0.478, 0.478, 0.479, 0.479, 0.479, 0.479, 0.479, 0.48, 0.48, 0.48, 0.48, 0.48, 0.48, 0.48, 0.48, 0.48, 0.48, 0.48, 0.48, 0.48]","[0.02, 0.101, 0.0, 0.133, 0.133, 0.082, 0.091, 0.163, 0.04]","[6.26, 1.99, 0.63, 0.18]",6.26,1.99,0.63,0.18
2023-11-30,3,278,907,['Bpod0'],540,237,303,316,212,384,202,182,183,199,144,30,114,0.7111111111111111,0.8523206751054853,0.6006600660066007,528,232,296,269,184,85,0.5822784810126582,0.4009433962264151,253,127,126,0.40189873417721517,0.5943396226415094,0.7272727272727273,0.8706896551724138,0.6148648648648649,0.815,-0.2558247903075489,0.6802973977695167,0.7865612648221344,-0.1062638670526177,0.49161093861953664,0.49811917840936226,12,5,7,0.022222222222222223,0.02109704641350211,0.0231023102310231,384,202,182,960.0,505.0,455.0,0,0,0,0,0.3499999999999966,0.5,"psych_curve(xdata=array([-70.,  -8.,  -4.,  -2.,   0.,   2.,   4.,   8.,  70.]), ydata=[0.072, 0.059, 0.222, 0.529, 0.304, 0.15, 0.6, 0.333, 0.723], fit=[0.05, 0.05, 0.051, 0.051, 0.051, 0.051, 0.051, 0.051, 0.051, 0.051, 0.052, 0.052, 0.052, 0.053, 0.053, 0.053, 0.054, 0.054, 0.055, 0.056, 0.057, 0.058, 0.059, 0.06, 0.062, 0.064, 0.066, 0.068, 0.071, 0.074, 0.077, 0.081, 0.086, 0.091, 0.096, 0.103, 0.11, 0.118, 0.127, 0.138, 0.149, 0.162, 0.175, 0.19, 0.206, 0.224, 0.243, 0.263, 0.283, 0.305, 0.328, 0.351, 0.374, 0.397, 0.42, 0.443, 0.465, 0.487, 0.507, 0.526, 0.544, 0.561, 0.577, 0.591, 0.605, 0.616, 0.627, 0.637, 0.646, 0.653, 0.66, 0.666, 0.672, 0.677, 0.681, 0.685, 0.688, 0.691, 0.693, 0.695, 0.697, 0.699, 0.7, 0.702, 0.703, 0.704, 0.704, 0.705, 0.706, 0.706, 0.707, 0.707, 0.708, 0.708, 0.708, 0.708, 0.709, 0.709, 0.709, 0.709], params=[0.1, 3.91, 0.05, 0.29], fit_error=[0.019, 0.059, 0.147, 0.125, 0.098, 0.082, 0.131, 0.092, 0.03])",[-70.  -8.  -4.  -2.   0.   2.   4.   8.  70.],"[0.072, 0.059, 0.222, 0.529, 0.304, 0.15, 0.6, 0.333, 0.723]","[0.05, 0.05, 0.051, 0.051, 0.051, 0.051, 0.051, 0.051, 0.051, 0.051, 0.052, 0.052, 0.052, 0.053, 0.053, 0.053, 0.054, 0.054, 0.055, 0.056, 0.057, 0.058, 0.059, 0.06, 0.062, 0.064, 0.066, 0.068, 0.071, 0.074, 0.077, 0.081, 0.086, 0.091, 0.096, 0.103, 0.11, 0.118, 0.127, 0.138, 0.149, 0.162, 0.175, 0.19, 0.206, 0.224, 0.243, 0.263, 0.283, 0.305, 0.328, 0.351, 0.374, 0.397, 0.42, 0.443, 0.465, 0.487, 0.507, 0.526, 0.544, 0.561, 0.577, 0.591, 0.605, 0.616, 0.627, 0.637, 0.646, 0.653, 0.66, 0.666, 0.672, 0.677, 0.681, 0.685, 0.688, 0.691, 0.693, 0.695, 0.697, 0.699, 0.7, 0.702, 0.703, 0.704, 0.704, 0.705, 0.706, 0.706, 0.707, 0.707, 0.708, 0.708, 0.708, 0.708, 0.709, 0.709, 0.709, 0.709]","[0.019, 0.059, 0.147, 0.125, 0.098, 0.082, 0.131, 0.092, 0.03]","[0.1, 3.91, 0.05, 0.29]",0.1,3.91,0.05,0.29,"psych_curve(xdata=array([-70.,  -8.,  -4.,  -2.,   0.,   2.,   4.,   8.,  70.]), ydata=[0.206, 0.577, 0.2, 0.708, 0.478, 0.25, 0.444, 0.778, 0.855], fit=[nan, nan, nan, nan, nan, nan, nan, nan, nan, nan, nan, nan, nan, nan, nan, nan, nan, nan, nan, nan, nan, nan, nan, nan, nan, nan, nan, nan, nan, nan, nan, nan, nan, nan, nan, nan, nan, nan, nan, nan, nan, nan, nan, nan, nan, nan, nan, nan, nan, nan, nan, nan, nan, nan, nan, nan, nan, nan, nan, nan, nan, nan, nan, nan, nan, nan, nan, nan, nan, nan, nan, nan, nan, nan, nan, nan, nan, nan, nan, nan, nan, nan, nan, nan, nan, nan, nan, nan, nan, nan, nan, nan, nan, nan, nan, nan, nan, nan, nan, nan], params=[0.07, 5.07, 0.22, 0.13], fit_error=[0.028, 0.099, 0.107, 0.095, 0.106, 0.131, 0.176, 0.101, 0.026])",[-70.  -8.  -4.  -2.   0.   2.   4.   8.  70.],"[0.072, 0.059, 0.222, 0.529, 0.304, 0.15, 0.6, 0.333, 0.723]","[0.05, 0.05, 0.051, 0.051, 0.051, 0.051, 0.051, 0.051, 0.051, 0.051, 0.052, 0.052, 0.052, 0.053, 0.053, 0.053, 0.054, 0.054, 0.055, 0.056, 0.057, 0.058, 0.059, 0.06, 0.062, 0.064, 0.066, 0.068, 0.071, 0.074, 0.077, 0.081, 0.086, 0.091, 0.096, 0.103, 0.11, 0.118, 0.127, 0.138, 0.149, 0.162, 0.175, 0.19, 0.206, 0.224, 0.243, 0.263, 0.283, 0.305, 0.328, 0.351, 0.374, 0.397, 0.42, 0.443, 0.465, 0.487, 0.507, 0.526, 0.544, 0.561, 0.577, 0.591, 0.605, 0.616, 0.627, 0.637, 0.646, 0.653, 0.66, 0.666, 0.672, 0.677, 0.681, 0.685, 0.688, 0.691, 0.693, 0.695, 0.697, 0.699, 0.7, 0.702, 0.703, 0.704, 0.704, 0.705, 0.706, 0.706, 0.707, 0.707, 0.708, 0.708, 0.708, 0.708, 0.709, 0.709, 0.709, 0.709]","[0.019, 0.059, 0.147, 0.125, 0.098, 0.082, 0.131, 0.092, 0.03]","[0.07, 5.07, 0.22, 0.13]",0.07,5.07,0.22,0.13
2023-12-01,4,279,907,['Bpod0'],568,263,305,307,229,396,211,185,196,190,140,44,96,0.6971830985915493,0.8022813688212928,0.6065573770491803,536,255,281,260,161,99,0.5244299674267101,0.43231441048034935,259,130,129,0.4234527687296417,0.5633187772925764,0.7388059701492538,0.8274509803921568,0.6583629893238434,0.7825059101654847,-0.1690879910683134,0.7538461538461538,0.7335907335907336,0.020255420255420264,0.47837218895352973,0.4933857730111091,32,8,24,0.056338028169014086,0.030418250950570342,0.07868852459016394,396,211,185,990.0,527.5,462.5,0,0,0,0,0.3499999999999965,0.5,"psych_curve(xdata=array([-70.,  -8.,  -4.,  -2.,   0.,   2.,   4.,   8.,  70.]), ydata=[0.112, 0.25, 0.474, 0.333, 0.714, 0.333, 0.529, 0.619, 0.69], fit=[0.11, 0.11, 0.11, 0.11, 0.11, 0.11, 0.11, 0.11, 0.11, 0.11, 0.11, 0.11, 0.11, 0.11, 0.111, 0.111, 0.111, 0.111, 0.111, 0.112, 0.112, 0.112, 0.113, 0.114, 0.115, 0.116, 0.117, 0.118, 0.12, 0.123, 0.126, 0.129, 0.134, 0.139, 0.146, 0.153, 0.163, 0.174, 0.187, 0.202, 0.219, 0.239, 0.262, 0.287, 0.313, 0.342, 0.372, 0.402, 0.432, 0.461, 0.489, 0.515, 0.538, 0.56, 0.579, 0.595, 0.609, 0.622, 0.632, 0.64, 0.647, 0.653, 0.658, 0.662, 0.666, 0.668, 0.67, 0.672, 0.674, 0.675, 0.676, 0.677, 0.677, 0.678, 0.678, 0.679, 0.679, 0.679, 0.679, 0.679, 0.68, 0.68, 0.68, 0.68, 0.68, 0.68, 0.68, 0.68, 0.68, 0.68, 0.68, 0.68, 0.68, 0.68, 0.68, 0.68, 0.68, 0.68, 0.68, 0.68], params=[0.15, -3.85, 0.11, 0.32], fit_error=[0.022, 0.112, 0.118, 0.114, 0.184, 0.126, 0.125, 0.109, 0.031])",[-70.  -8.  -4.  -2.   0.   2.   4.   8.  70.],"[0.112, 0.25, 0.474, 0.333, 0.714, 0.333, 0.529, 0.619, 0.69]","[0.11, 0.11, 0.11, 0.11, 0.11, 0.11, 0.11, 0.11, 0.11, 0.11, 0.11, 0.11, 0.11, 0.11, 0.111, 0.111, 0.111, 0.111, 0.111, 0.112, 0.112, 0.112, 0.113, 0.114, 0.115, 0.116, 0.117, 0.118, 0.12, 0.123, 0.126, 0.129, 0.134, 0.139, 0.146, 0.153, 0.163, 0.174, 0.187, 0.202, 0.219, 0.239, 0.262, 0.287, 0.313, 0.342, 0.372, 0.402, 0.432, 0.461, 0.489, 0.515, 0.538, 0.56, 0.579, 0.595, 0.609, 0.622, 0.632, 0.64, 0.647, 0.653, 0.658, 0.662, 0.666, 0.668, 0.67, 0.672, 0.674, 0.675, 0.676, 0.677, 0.677, 0.678, 0.678, 0.679, 0.679, 0.679, 0.679, 0.679, 0.68, 0.68, 0.68, 0.68, 0.68, 0.68, 0.68, 0.68, 0.68, 0.68, 0.68, 0.68, 0.68, 0.68, 0.68, 0.68, 0.68, 0.68, 0.68, 0.68]","[0.022, 0.112, 0.118, 0.114, 0.184, 0.126, 0.125, 0.109, 0.031]","[0.15, -3.85, 0.11, 0.32]",0.15,-3.85,0.11,0.32,"psych_curve(xdata=array([-70.,  -8.,  -4.,  -2.,   0.,   2.,   4.,   8.,  70.]), ydata=[0.22, 0.263, 0.417, 0.5, 0.571, 0.562, 0.476, 0.611, 0.795], fit=[nan, nan, nan, nan, nan, nan, nan, nan, nan, nan, nan, nan, nan, nan, nan, nan, nan, nan, nan, nan, nan, nan, nan, nan, nan, nan, nan, nan, nan, nan, nan, nan, nan, nan, nan, nan, nan, nan, nan, nan, nan, nan, nan, nan, nan, nan, nan, nan, nan, nan, nan, nan, nan, nan, nan, nan, nan, nan, nan, nan, nan, nan, nan, nan, nan, nan, nan, nan, nan, nan, nan, nan, nan, nan, nan, nan, nan, nan, nan, nan, nan, nan, nan, nan, nan, nan, nan, nan, nan, nan, nan, nan, nan, nan, nan, nan, nan, nan, nan, nan], params=[0.13, 0.13, 0.2, 0.22], fit_error=[0.029, 0.104, 0.149, 0.129, 0.202, 0.128, 0.112, 0.118, 0.028])",[-70.  -8.  -4.  -2.   0.   2.   4.   8.  70.],"[0.112, 0.25, 0.474, 0.333, 0.714, 0.333, 0.529, 0.619, 0.69]","[0.11, 0.11, 0.11, 0.11, 0.11, 0.11, 0.11, 0.11, 0.11, 0.11, 0.11, 0.11, 0.11, 0.11, 0.111, 0.111, 0.111, 0.111, 0.111, 0.112, 0.112, 0.112, 0.113, 0.114, 0.115, 0.116, 0.117, 0.118, 0.12, 0.123, 0.126, 0.129, 0.134, 0.139, 0.146, 0.153, 0.163, 0.174, 0.187, 0.202, 0.219, 0.239, 0.262, 0.287, 0.313, 0.342, 0.372, 0.402, 0.432, 0.461, 0.489, 0.515, 0.538, 0.56, 0.579, 0.595, 0.609, 0.622, 0.632, 0.64, 0.647, 0.653, 0.658, 0.662, 0.666, 0.668, 0.67, 0.672, 0.674, 0.675, 0.676, 0.677, 0.677, 0.678, 0.678, 0.679, 0.679, 0.679, 0.679, 0.679, 0.68, 0.68, 0.68, 0.68, 0.68, 0.68, 0.68, 0.68, 0.68, 0.68, 0.68, 0.68, 0.68, 0.68, 0.68, 0.68, 0.68, 0.68, 0.68, 0.68]","[0.022, 0.112, 0.118, 0.114, 0.184, 0.126, 0.125, 0.109, 0.031]","[0.13, 0.13, 0.2, 0.22]",0.13,0.13,0.2,0.22
