Dates,DoW,Age,Subject,Board,Trials,TrialsLeft,TrialsRight,ChoseLeft,ChoseRight,Hits,HitsLeft,HitsRight,HitsRep,HitsAlt,Errors,ErrorsLeft,ErrorsRight,Performance,PerformanceLeft,PerformanceRight,Responses,ResponsesLeft,ResponsesRight,Repetitions,RepsLeft,RepsRight,RepRateLeft,RepRateRight,Alternations,AltsLeft,AltsRight,AltRateLeft,AltRateRight,Accuracy,AccuracyLeft,AccuracyRight,AccMaxEvi,LateralBias,AccuracyRep,AccuracyAlt,RepBias,CorrRepBias,CorrAltBias,Misses,MissesLeft,MissesRight,MissRate,MissRateLeft,MissRateRight,Rewards,RewardsLeft,RewardsRight,Water,WaterLeft,WaterRight,Stage,SoundsMismatch,NoSound,MessageCount,P,VarDelay,PCRight,xPCRight,yPCRight,FitPCRight,FitErrorPCRight,ParamsPCRight,SensitivityPCRight,BiasPCRight,LapseRight,LapseLeft,PCRep,xPCRep,yPCRep,FitPCRep,FitErrorPCRep,ParamsPCRep,SensitivityPCRep,BiasPCRep,LapseRep,LapseAlt
2022-01-17,0,100,330,['Bpod6'],803,424,379,368,242,354,201,153,155,123,256,116,140,0.44084682440846823,0.4740566037735849,0.40369393139841686,610,317,293,260,175,85,0.47554347826086957,0.3512396694214876,207,100,107,0.2717391304347826,0.44214876033057854,0.580327868852459,0.6340694006309149,0.5221843003412969,0.580327868852459,-0.11188510028961796,0.5961538461538461,0.5942028985507246,0.0019509476031215334,0.4133915738411786,0.3569439453826806,193,107,86,0.2403486924034869,0.25235849056603776,0.22691292875989447,533,304,229,1332.5,760.0,572.5,1,0,0,0,0.0,,"psych_curve(xdata=array([-70.,  70.]), ydata=[0.041, 0.782], fit=[0.04, 0.04, 0.04, 0.04, 0.04, 0.04, 0.04, 0.04, 0.04, 0.04, 0.04, 0.04, 0.04, 0.04, 0.04, 0.04, 0.04, 0.04, 0.04, 0.04, 0.04, 0.04, 0.04, 0.04, 0.04, 0.04, 0.04, 0.04, 0.04, 0.04, 0.04, 0.04, 0.04, 0.04, 0.04, 0.04, 0.04, 0.04, 0.04, 0.04, 0.04, 0.04, 0.04, 0.04, 0.04, 0.04, 0.042, 0.048, 0.071, 0.154, 0.356, 0.598, 0.726, 0.766, 0.777, 0.779, 0.78, 0.78, 0.78, 0.78, 0.78, 0.78, 0.78, 0.78, 0.78, 0.78, 0.78, 0.78, 0.78, 0.78, 0.78, 0.78, 0.78, 0.78, 0.78, 0.78, 0.78, 0.78, 0.78, 0.78, 0.78, 0.78, 0.78, 0.78, 0.78, 0.78, 0.78, 0.78, 0.78, 0.78, 0.78, 0.78, 0.78, 0.78, 0.78, 0.78, 0.78, 0.78, 0.78, 0.78], params=[1.0, 1.0, 0.04, 0.22], fit_error=[0.011, 0.024])",[-70.  70.],"[0.041, 0.782]","[0.04, 0.04, 0.04, 0.04, 0.04, 0.04, 0.04, 0.04, 0.04, 0.04, 0.04, 0.04, 0.04, 0.04, 0.04, 0.04, 0.04, 0.04, 0.04, 0.04, 0.04, 0.04, 0.04, 0.04, 0.04, 0.04, 0.04, 0.04, 0.04, 0.04, 0.04, 0.04, 0.04, 0.04, 0.04, 0.04, 0.04, 0.04, 0.04, 0.04, 0.04, 0.04, 0.04, 0.04, 0.04, 0.04, 0.042, 0.048, 0.071, 0.154, 0.356, 0.598, 0.726, 0.766, 0.777, 0.779, 0.78, 0.78, 0.78, 0.78, 0.78, 0.78, 0.78, 0.78, 0.78, 0.78, 0.78, 0.78, 0.78, 0.78, 0.78, 0.78, 0.78, 0.78, 0.78, 0.78, 0.78, 0.78, 0.78, 0.78, 0.78, 0.78, 0.78, 0.78, 0.78, 0.78, 0.78, 0.78, 0.78, 0.78, 0.78, 0.78, 0.78, 0.78, 0.78, 0.78, 0.78, 0.78, 0.78, 0.78]","[0.011, 0.024]","[1.0, 1.0, 0.04, 0.22]",1.0,1.0,0.04,0.22,"psych_curve(xdata=array([-70.,  70.]), ydata=[0.17, 0.948], fit=[nan, nan, nan, nan, nan, nan, nan, nan, nan, nan, nan, nan, nan, nan, nan, nan, nan, nan, nan, nan, nan, nan, nan, nan, nan, nan, nan, nan, nan, nan, nan, nan, nan, nan, nan, nan, nan, nan, nan, nan, nan, nan, nan, nan, nan, nan, nan, nan, nan, nan, nan, nan, nan, nan, nan, nan, nan, nan, nan, nan, nan, nan, nan, nan, nan, nan, nan, nan, nan, nan, nan, nan, nan, nan, nan, nan, nan, nan, nan, nan, nan, nan, nan, nan, nan, nan, nan, nan, nan, nan, nan, nan, nan, nan, nan, nan, nan, nan, nan, nan], params=[1.0, 1.0, 0.17, 0.05], fit_error=[0.025, 0.015])",[-70.  70.],"[0.041, 0.782]","[0.04, 0.04, 0.04, 0.04, 0.04, 0.04, 0.04, 0.04, 0.04, 0.04, 0.04, 0.04, 0.04, 0.04, 0.04, 0.04, 0.04, 0.04, 0.04, 0.04, 0.04, 0.04, 0.04, 0.04, 0.04, 0.04, 0.04, 0.04, 0.04, 0.04, 0.04, 0.04, 0.04, 0.04, 0.04, 0.04, 0.04, 0.04, 0.04, 0.04, 0.04, 0.04, 0.04, 0.04, 0.04, 0.04, 0.042, 0.048, 0.071, 0.154, 0.356, 0.598, 0.726, 0.766, 0.777, 0.779, 0.78, 0.78, 0.78, 0.78, 0.78, 0.78, 0.78, 0.78, 0.78, 0.78, 0.78, 0.78, 0.78, 0.78, 0.78, 0.78, 0.78, 0.78, 0.78, 0.78, 0.78, 0.78, 0.78, 0.78, 0.78, 0.78, 0.78, 0.78, 0.78, 0.78, 0.78, 0.78, 0.78, 0.78, 0.78, 0.78, 0.78, 0.78, 0.78, 0.78, 0.78, 0.78, 0.78, 0.78]","[0.011, 0.024]","[1.0, 1.0, 0.17, 0.05]",1.0,1.0,0.17,0.05
2022-01-18,1,101,330,['Bpod6'],779,391,388,405,320,476,309,167,245,211,249,52,197,0.6110397946084724,0.7902813299232737,0.43041237113402064,725,361,364,352,212,140,0.5234567901234568,0.4375,333,166,167,0.40987654320987654,0.521875,0.6565517241379311,0.8559556786703602,0.45879120879120877,0.6565517241379311,-0.3971644698791514,0.6960227272727273,0.6336336336336337,0.06238909363909362,0.4804783950617284,0.46587577160493826,54,30,24,0.0693196405648267,0.07672634271099744,0.061855670103092786,659,350,309,1647.5,875.0,772.5,1,0,0,0,0.0,,"psych_curve(xdata=array([-70.,  70.]), ydata=[0.03, 0.849], fit=[0.03, 0.03, 0.03, 0.03, 0.03, 0.03, 0.03, 0.03, 0.03, 0.03, 0.03, 0.03, 0.03, 0.03, 0.03, 0.03, 0.03, 0.03, 0.03, 0.03, 0.03, 0.03, 0.03, 0.03, 0.03, 0.03, 0.03, 0.03, 0.03, 0.03, 0.03, 0.03, 0.03, 0.03, 0.03, 0.03, 0.03, 0.03, 0.03, 0.03, 0.03, 0.03, 0.03, 0.03, 0.03, 0.031, 0.032, 0.039, 0.065, 0.156, 0.38, 0.648, 0.79, 0.835, 0.846, 0.849, 0.85, 0.85, 0.85, 0.85, 0.85, 0.85, 0.85, 0.85, 0.85, 0.85, 0.85, 0.85, 0.85, 0.85, 0.85, 0.85, 0.85, 0.85, 0.85, 0.85, 0.85, 0.85, 0.85, 0.85, 0.85, 0.85, 0.85, 0.85, 0.85, 0.85, 0.85, 0.85, 0.85, 0.85, 0.85, 0.85, 0.85, 0.85, 0.85, 0.85, 0.85, 0.85, 0.85, 0.85], params=[1.0, 1.0, 0.03, 0.15], fit_error=[0.009, 0.019])",[-70.  70.],"[0.03, 0.849]","[0.03, 0.03, 0.03, 0.03, 0.03, 0.03, 0.03, 0.03, 0.03, 0.03, 0.03, 0.03, 0.03, 0.03, 0.03, 0.03, 0.03, 0.03, 0.03, 0.03, 0.03, 0.03, 0.03, 0.03, 0.03, 0.03, 0.03, 0.03, 0.03, 0.03, 0.03, 0.03, 0.03, 0.03, 0.03, 0.03, 0.03, 0.03, 0.03, 0.03, 0.03, 0.03, 0.03, 0.03, 0.03, 0.031, 0.032, 0.039, 0.065, 0.156, 0.38, 0.648, 0.79, 0.835, 0.846, 0.849, 0.85, 0.85, 0.85, 0.85, 0.85, 0.85, 0.85, 0.85, 0.85, 0.85, 0.85, 0.85, 0.85, 0.85, 0.85, 0.85, 0.85, 0.85, 0.85, 0.85, 0.85, 0.85, 0.85, 0.85, 0.85, 0.85, 0.85, 0.85, 0.85, 0.85, 0.85, 0.85, 0.85, 0.85, 0.85, 0.85, 0.85, 0.85, 0.85, 0.85, 0.85, 0.85, 0.85, 0.85]","[0.009, 0.019]","[1.0, 1.0, 0.03, 0.15]",1.0,1.0,0.03,0.15,"psych_curve(xdata=array([-70.,  70.]), ydata=[0.119, 0.957], fit=[nan, nan, nan, nan, nan, nan, nan, nan, nan, nan, nan, nan, nan, nan, nan, nan, nan, nan, nan, nan, nan, nan, nan, nan, nan, nan, nan, nan, nan, nan, nan, nan, nan, nan, nan, nan, nan, nan, nan, nan, nan, nan, nan, nan, nan, nan, nan, nan, nan, nan, nan, nan, nan, nan, nan, nan, nan, nan, nan, nan, nan, nan, nan, nan, nan, nan, nan, nan, nan, nan, nan, nan, nan, nan, nan, nan, nan, nan, nan, nan, nan, nan, nan, nan, nan, nan, nan, nan, nan, nan, nan, nan, nan, nan, nan, nan, nan, nan, nan, nan], params=[1.0, 1.0, 0.12, 0.04], fit_error=[0.017, 0.011])",[-70.  70.],"[0.03, 0.849]","[0.03, 0.03, 0.03, 0.03, 0.03, 0.03, 0.03, 0.03, 0.03, 0.03, 0.03, 0.03, 0.03, 0.03, 0.03, 0.03, 0.03, 0.03, 0.03, 0.03, 0.03, 0.03, 0.03, 0.03, 0.03, 0.03, 0.03, 0.03, 0.03, 0.03, 0.03, 0.03, 0.03, 0.03, 0.03, 0.03, 0.03, 0.03, 0.03, 0.03, 0.03, 0.03, 0.03, 0.03, 0.03, 0.031, 0.032, 0.039, 0.065, 0.156, 0.38, 0.648, 0.79, 0.835, 0.846, 0.849, 0.85, 0.85, 0.85, 0.85, 0.85, 0.85, 0.85, 0.85, 0.85, 0.85, 0.85, 0.85, 0.85, 0.85, 0.85, 0.85, 0.85, 0.85, 0.85, 0.85, 0.85, 0.85, 0.85, 0.85, 0.85, 0.85, 0.85, 0.85, 0.85, 0.85, 0.85, 0.85, 0.85, 0.85, 0.85, 0.85, 0.85, 0.85, 0.85, 0.85, 0.85, 0.85, 0.85, 0.85]","[0.009, 0.019]","[1.0, 1.0, 0.12, 0.04]",1.0,1.0,0.12,0.04
2022-01-20,3,103,330,['Bpod6'],264,125,139,85,121,152,50,102,71,51,54,35,19,0.5757575757575758,0.4,0.7338129496402878,206,85,121,83,29,54,0.3411764705882353,0.4462809917355372,81,45,36,0.5294117647058824,0.2975206611570248,0.7378640776699029,0.5882352941176471,0.8429752066115702,0.7378640776699029,0.25473991249392314,0.8554216867469879,0.6296296296296297,0.22579205711735828,0.3937287311618862,0.4134662129314536,58,40,18,0.2196969696969697,0.32,0.12949640287769784,198,81,117,495.0,202.5,292.5,1,0,0,0,0.0,,"psych_curve(xdata=array([-70.,  70.]), ydata=[0.047, 0.967], fit=[0.05, 0.05, 0.05, 0.05, 0.05, 0.05, 0.05, 0.05, 0.05, 0.05, 0.05, 0.05, 0.05, 0.05, 0.05, 0.05, 0.05, 0.05, 0.05, 0.05, 0.05, 0.05, 0.05, 0.05, 0.05, 0.05, 0.05, 0.05, 0.05, 0.05, 0.05, 0.05, 0.05, 0.05, 0.05, 0.05, 0.05, 0.05, 0.05, 0.05, 0.05, 0.05, 0.05, 0.05, 0.05, 0.051, 0.052, 0.06, 0.089, 0.191, 0.443, 0.744, 0.902, 0.953, 0.966, 0.969, 0.97, 0.97, 0.97, 0.97, 0.97, 0.97, 0.97, 0.97, 0.97, 0.97, 0.97, 0.97, 0.97, 0.97, 0.97, 0.97, 0.97, 0.97, 0.97, 0.97, 0.97, 0.97, 0.97, 0.97, 0.97, 0.97, 0.97, 0.97, 0.97, 0.97, 0.97, 0.97, 0.97, 0.97, 0.97, 0.97, 0.97, 0.97, 0.97, 0.97, 0.97, 0.97, 0.97, 0.97], params=[1.0, 1.0, 0.05, 0.03], fit_error=[0.023, 0.016])",[-70.  70.],"[0.047, 0.967]","[0.05, 0.05, 0.05, 0.05, 0.05, 0.05, 0.05, 0.05, 0.05, 0.05, 0.05, 0.05, 0.05, 0.05, 0.05, 0.05, 0.05, 0.05, 0.05, 0.05, 0.05, 0.05, 0.05, 0.05, 0.05, 0.05, 0.05, 0.05, 0.05, 0.05, 0.05, 0.05, 0.05, 0.05, 0.05, 0.05, 0.05, 0.05, 0.05, 0.05, 0.05, 0.05, 0.05, 0.05, 0.05, 0.051, 0.052, 0.06, 0.089, 0.191, 0.443, 0.744, 0.902, 0.953, 0.966, 0.969, 0.97, 0.97, 0.97, 0.97, 0.97, 0.97, 0.97, 0.97, 0.97, 0.97, 0.97, 0.97, 0.97, 0.97, 0.97, 0.97, 0.97, 0.97, 0.97, 0.97, 0.97, 0.97, 0.97, 0.97, 0.97, 0.97, 0.97, 0.97, 0.97, 0.97, 0.97, 0.97, 0.97, 0.97, 0.97, 0.97, 0.97, 0.97, 0.97, 0.97, 0.97, 0.97, 0.97, 0.97]","[0.023, 0.016]","[1.0, 1.0, 0.05, 0.03]",1.0,1.0,0.05,0.03,"psych_curve(xdata=array([-70.,  70.]), ydata=[0.06, 0.963], fit=[nan, nan, nan, nan, nan, nan, nan, nan, nan, nan, nan, nan, nan, nan, nan, nan, nan, nan, nan, nan, nan, nan, nan, nan, nan, nan, nan, nan, nan, nan, nan, nan, nan, nan, nan, nan, nan, nan, nan, nan, nan, nan, nan, nan, nan, nan, nan, nan, nan, nan, nan, nan, nan, nan, nan, nan, nan, nan, nan, nan, nan, nan, nan, nan, nan, nan, nan, nan, nan, nan, nan, nan, nan, nan, nan, nan, nan, nan, nan, nan, nan, nan, nan, nan, nan, nan, nan, nan, nan, nan, nan, nan, nan, nan, nan, nan, nan, nan, nan, nan], params=[1.0, 1.0, 0.06, 0.04], fit_error=[0.026, 0.021])",[-70.  70.],"[0.047, 0.967]","[0.05, 0.05, 0.05, 0.05, 0.05, 0.05, 0.05, 0.05, 0.05, 0.05, 0.05, 0.05, 0.05, 0.05, 0.05, 0.05, 0.05, 0.05, 0.05, 0.05, 0.05, 0.05, 0.05, 0.05, 0.05, 0.05, 0.05, 0.05, 0.05, 0.05, 0.05, 0.05, 0.05, 0.05, 0.05, 0.05, 0.05, 0.05, 0.05, 0.05, 0.05, 0.05, 0.05, 0.05, 0.05, 0.051, 0.052, 0.06, 0.089, 0.191, 0.443, 0.744, 0.902, 0.953, 0.966, 0.969, 0.97, 0.97, 0.97, 0.97, 0.97, 0.97, 0.97, 0.97, 0.97, 0.97, 0.97, 0.97, 0.97, 0.97, 0.97, 0.97, 0.97, 0.97, 0.97, 0.97, 0.97, 0.97, 0.97, 0.97, 0.97, 0.97, 0.97, 0.97, 0.97, 0.97, 0.97, 0.97, 0.97, 0.97, 0.97, 0.97, 0.97, 0.97, 0.97, 0.97, 0.97, 0.97, 0.97, 0.97]","[0.023, 0.016]","[1.0, 1.0, 0.06, 0.04]",1.0,1.0,0.06,0.04
2022-01-21,4,104,330,['Bpod6'],318,156,162,121,161,216,81,135,109,92,66,44,22,0.6792452830188679,0.5192307692307693,0.8333333333333334,282,125,157,135,53,82,0.4380165289256198,0.5093167701863354,126,62,64,0.512396694214876,0.39751552795031053,0.7659574468085106,0.648,0.8598726114649682,0.7659574468085106,0.21187261146496816,0.8074074074074075,0.7301587301587301,0.07724867724867734,0.4736666495559776,0.45495611108259326,36,31,5,0.11320754716981132,0.1987179487179487,0.030864197530864196,270,117,153,675.0,292.5,382.5,1,0,0,0,0.0,,"psych_curve(xdata=array([-70.,  70.]), ydata=[0.064, 0.975], fit=[0.06, 0.06, 0.06, 0.06, 0.06, 0.06, 0.06, 0.06, 0.06, 0.06, 0.06, 0.06, 0.06, 0.06, 0.06, 0.06, 0.06, 0.06, 0.06, 0.06, 0.06, 0.06, 0.06, 0.06, 0.06, 0.06, 0.06, 0.06, 0.06, 0.06, 0.06, 0.06, 0.06, 0.06, 0.06, 0.06, 0.06, 0.06, 0.06, 0.06, 0.06, 0.06, 0.06, 0.06, 0.06, 0.061, 0.062, 0.07, 0.099, 0.201, 0.453, 0.754, 0.912, 0.963, 0.976, 0.979, 0.98, 0.98, 0.98, 0.98, 0.98, 0.98, 0.98, 0.98, 0.98, 0.98, 0.98, 0.98, 0.98, 0.98, 0.98, 0.98, 0.98, 0.98, 0.98, 0.98, 0.98, 0.98, 0.98, 0.98, 0.98, 0.98, 0.98, 0.98, 0.98, 0.98, 0.98, 0.98, 0.98, 0.98, 0.98, 0.98, 0.98, 0.98, 0.98, 0.98, 0.98, 0.98, 0.98, 0.98], params=[1.0, 1.0, 0.06, 0.02], fit_error=[0.022, 0.013])",[-70.  70.],"[0.064, 0.975]","[0.06, 0.06, 0.06, 0.06, 0.06, 0.06, 0.06, 0.06, 0.06, 0.06, 0.06, 0.06, 0.06, 0.06, 0.06, 0.06, 0.06, 0.06, 0.06, 0.06, 0.06, 0.06, 0.06, 0.06, 0.06, 0.06, 0.06, 0.06, 0.06, 0.06, 0.06, 0.06, 0.06, 0.06, 0.06, 0.06, 0.06, 0.06, 0.06, 0.06, 0.06, 0.06, 0.06, 0.06, 0.06, 0.061, 0.062, 0.07, 0.099, 0.201, 0.453, 0.754, 0.912, 0.963, 0.976, 0.979, 0.98, 0.98, 0.98, 0.98, 0.98, 0.98, 0.98, 0.98, 0.98, 0.98, 0.98, 0.98, 0.98, 0.98, 0.98, 0.98, 0.98, 0.98, 0.98, 0.98, 0.98, 0.98, 0.98, 0.98, 0.98, 0.98, 0.98, 0.98, 0.98, 0.98, 0.98, 0.98, 0.98, 0.98, 0.98, 0.98, 0.98, 0.98, 0.98, 0.98, 0.98, 0.98, 0.98, 0.98]","[0.022, 0.013]","[1.0, 1.0, 0.06, 0.02]",1.0,1.0,0.06,0.02,"psych_curve(xdata=array([-70.,  70.]), ydata=[0.054, 0.977], fit=[nan, nan, nan, nan, nan, nan, nan, nan, nan, nan, nan, nan, nan, nan, nan, nan, nan, nan, nan, nan, nan, nan, nan, nan, nan, nan, nan, nan, nan, nan, nan, nan, nan, nan, nan, nan, nan, nan, nan, nan, nan, nan, nan, nan, nan, nan, nan, nan, nan, nan, nan, nan, nan, nan, nan, nan, nan, nan, nan, nan, nan, nan, nan, nan, nan, nan, nan, nan, nan, nan, nan, nan, nan, nan, nan, nan, nan, nan, nan, nan, nan, nan, nan, nan, nan, nan, nan, nan, nan, nan, nan, nan, nan, nan, nan, nan, nan, nan, nan, nan], params=[1.0, 1.0, 0.05, 0.02], fit_error=[0.02, 0.013])",[-70.  70.],"[0.064, 0.975]","[0.06, 0.06, 0.06, 0.06, 0.06, 0.06, 0.06, 0.06, 0.06, 0.06, 0.06, 0.06, 0.06, 0.06, 0.06, 0.06, 0.06, 0.06, 0.06, 0.06, 0.06, 0.06, 0.06, 0.06, 0.06, 0.06, 0.06, 0.06, 0.06, 0.06, 0.06, 0.06, 0.06, 0.06, 0.06, 0.06, 0.06, 0.06, 0.06, 0.06, 0.06, 0.06, 0.06, 0.06, 0.06, 0.061, 0.062, 0.07, 0.099, 0.201, 0.453, 0.754, 0.912, 0.963, 0.976, 0.979, 0.98, 0.98, 0.98, 0.98, 0.98, 0.98, 0.98, 0.98, 0.98, 0.98, 0.98, 0.98, 0.98, 0.98, 0.98, 0.98, 0.98, 0.98, 0.98, 0.98, 0.98, 0.98, 0.98, 0.98, 0.98, 0.98, 0.98, 0.98, 0.98, 0.98, 0.98, 0.98, 0.98, 0.98, 0.98, 0.98, 0.98, 0.98, 0.98, 0.98, 0.98, 0.98, 0.98, 0.98]","[0.022, 0.013]","[1.0, 1.0, 0.05, 0.02]",1.0,1.0,0.05,0.02
2022-01-24,0,107,330,['Bpod6'],651,326,325,309,331,527,260,267,293,227,113,57,56,0.8095238095238095,0.7975460122699386,0.8215384615384616,640,317,323,357,170,187,0.5501618122977346,0.5649546827794562,275,138,137,0.44660194174757284,0.41389728096676737,0.8234375,0.8201892744479495,0.826625386996904,0.8234375,0.006436112548954487,0.8207282913165266,0.8254545454545454,-0.004726254138018859,0.5575582475385954,0.4302496113571701,11,9,2,0.016897081413210446,0.027607361963190184,0.006153846153846154,544,265,279,1360.0,662.5,697.5,1,0,0,0,0.0,,"psych_curve(xdata=array([-70.,  70.]), ydata=[0.164, 0.864], fit=[0.16, 0.16, 0.16, 0.16, 0.16, 0.16, 0.16, 0.16, 0.16, 0.16, 0.16, 0.16, 0.16, 0.16, 0.16, 0.16, 0.16, 0.16, 0.16, 0.16, 0.16, 0.16, 0.16, 0.16, 0.16, 0.16, 0.16, 0.16, 0.16, 0.16, 0.16, 0.16, 0.16, 0.16, 0.16, 0.16, 0.16, 0.16, 0.16, 0.16, 0.16, 0.16, 0.16, 0.16, 0.16, 0.16, 0.162, 0.167, 0.19, 0.267, 0.459, 0.688, 0.809, 0.847, 0.857, 0.859, 0.86, 0.86, 0.86, 0.86, 0.86, 0.86, 0.86, 0.86, 0.86, 0.86, 0.86, 0.86, 0.86, 0.86, 0.86, 0.86, 0.86, 0.86, 0.86, 0.86, 0.86, 0.86, 0.86, 0.86, 0.86, 0.86, 0.86, 0.86, 0.86, 0.86, 0.86, 0.86, 0.86, 0.86, 0.86, 0.86, 0.86, 0.86, 0.86, 0.86, 0.86, 0.86, 0.86, 0.86], params=[1.0, 1.0, 0.16, 0.14], fit_error=[0.021, 0.019])",[-70.  70.],"[0.164, 0.864]","[0.16, 0.16, 0.16, 0.16, 0.16, 0.16, 0.16, 0.16, 0.16, 0.16, 0.16, 0.16, 0.16, 0.16, 0.16, 0.16, 0.16, 0.16, 0.16, 0.16, 0.16, 0.16, 0.16, 0.16, 0.16, 0.16, 0.16, 0.16, 0.16, 0.16, 0.16, 0.16, 0.16, 0.16, 0.16, 0.16, 0.16, 0.16, 0.16, 0.16, 0.16, 0.16, 0.16, 0.16, 0.16, 0.16, 0.162, 0.167, 0.19, 0.267, 0.459, 0.688, 0.809, 0.847, 0.857, 0.859, 0.86, 0.86, 0.86, 0.86, 0.86, 0.86, 0.86, 0.86, 0.86, 0.86, 0.86, 0.86, 0.86, 0.86, 0.86, 0.86, 0.86, 0.86, 0.86, 0.86, 0.86, 0.86, 0.86, 0.86, 0.86, 0.86, 0.86, 0.86, 0.86, 0.86, 0.86, 0.86, 0.86, 0.86, 0.86, 0.86, 0.86, 0.86, 0.86, 0.86, 0.86, 0.86, 0.86, 0.86]","[0.021, 0.019]","[1.0, 1.0, 0.16, 0.14]",1.0,1.0,0.16,0.14,"psych_curve(xdata=array([-70.,  70.]), ydata=[0.194, 0.888], fit=[nan, nan, nan, nan, nan, nan, nan, nan, nan, nan, nan, nan, nan, nan, nan, nan, nan, nan, nan, nan, nan, nan, nan, nan, nan, nan, nan, nan, nan, nan, nan, nan, nan, nan, nan, nan, nan, nan, nan, nan, nan, nan, nan, nan, nan, nan, nan, nan, nan, nan, nan, nan, nan, nan, nan, nan, nan, nan, nan, nan, nan, nan, nan, nan, nan, nan, nan, nan, nan, nan, nan, nan, nan, nan, nan, nan, nan, nan, nan, nan, nan, nan, nan, nan, nan, nan, nan, nan, nan, nan, nan, nan, nan, nan, nan, nan, nan, nan, nan, nan], params=[1.0, 1.0, 0.19, 0.11], fit_error=[0.023, 0.017])",[-70.  70.],"[0.164, 0.864]","[0.16, 0.16, 0.16, 0.16, 0.16, 0.16, 0.16, 0.16, 0.16, 0.16, 0.16, 0.16, 0.16, 0.16, 0.16, 0.16, 0.16, 0.16, 0.16, 0.16, 0.16, 0.16, 0.16, 0.16, 0.16, 0.16, 0.16, 0.16, 0.16, 0.16, 0.16, 0.16, 0.16, 0.16, 0.16, 0.16, 0.16, 0.16, 0.16, 0.16, 0.16, 0.16, 0.16, 0.16, 0.16, 0.16, 0.162, 0.167, 0.19, 0.267, 0.459, 0.688, 0.809, 0.847, 0.857, 0.859, 0.86, 0.86, 0.86, 0.86, 0.86, 0.86, 0.86, 0.86, 0.86, 0.86, 0.86, 0.86, 0.86, 0.86, 0.86, 0.86, 0.86, 0.86, 0.86, 0.86, 0.86, 0.86, 0.86, 0.86, 0.86, 0.86, 0.86, 0.86, 0.86, 0.86, 0.86, 0.86, 0.86, 0.86, 0.86, 0.86, 0.86, 0.86, 0.86, 0.86, 0.86, 0.86, 0.86, 0.86]","[0.021, 0.019]","[1.0, 1.0, 0.19, 0.11]",1.0,1.0,0.19,0.11
2022-01-25,1,108,330,['Bpod6'],466,247,219,169,244,353,161,192,182,152,60,53,7,0.7575107296137339,0.6518218623481782,0.8767123287671232,413,214,199,234,82,152,0.48520710059171596,0.6229508196721312,159,79,80,0.46745562130177515,0.32786885245901637,0.8547215496368039,0.7523364485981309,0.964824120603015,0.8547215496368039,0.21248767200488416,0.7777777777777778,0.9559748427672956,-0.17819706498951782,0.5540789601319236,0.39766223688039576,53,33,20,0.11373390557939914,0.13360323886639677,0.091324200913242,356,163,193,890.0,407.5,482.5,1,0,0,0,0.0,,"psych_curve(xdata=array([-70.,  70.]), ydata=[0.238, 0.97], fit=[0.24, 0.24, 0.24, 0.24, 0.24, 0.24, 0.24, 0.24, 0.24, 0.24, 0.24, 0.24, 0.24, 0.24, 0.24, 0.24, 0.24, 0.24, 0.24, 0.24, 0.24, 0.24, 0.24, 0.24, 0.24, 0.24, 0.24, 0.24, 0.24, 0.24, 0.24, 0.24, 0.24, 0.24, 0.24, 0.24, 0.24, 0.24, 0.24, 0.24, 0.24, 0.24, 0.24, 0.24, 0.24, 0.24, 0.242, 0.248, 0.271, 0.352, 0.552, 0.791, 0.916, 0.956, 0.967, 0.969, 0.97, 0.97, 0.97, 0.97, 0.97, 0.97, 0.97, 0.97, 0.97, 0.97, 0.97, 0.97, 0.97, 0.97, 0.97, 0.97, 0.97, 0.97, 0.97, 0.97, 0.97, 0.97, 0.97, 0.97, 0.97, 0.97, 0.97, 0.97, 0.97, 0.97, 0.97, 0.97, 0.97, 0.97, 0.97, 0.97, 0.97, 0.97, 0.97, 0.97, 0.97, 0.97, 0.97, 0.97], params=[1.0, 1.0, 0.24, 0.03], fit_error=[0.029, 0.012])",[-70.  70.],"[0.238, 0.97]","[0.24, 0.24, 0.24, 0.24, 0.24, 0.24, 0.24, 0.24, 0.24, 0.24, 0.24, 0.24, 0.24, 0.24, 0.24, 0.24, 0.24, 0.24, 0.24, 0.24, 0.24, 0.24, 0.24, 0.24, 0.24, 0.24, 0.24, 0.24, 0.24, 0.24, 0.24, 0.24, 0.24, 0.24, 0.24, 0.24, 0.24, 0.24, 0.24, 0.24, 0.24, 0.24, 0.24, 0.24, 0.24, 0.24, 0.242, 0.248, 0.271, 0.352, 0.552, 0.791, 0.916, 0.956, 0.967, 0.969, 0.97, 0.97, 0.97, 0.97, 0.97, 0.97, 0.97, 0.97, 0.97, 0.97, 0.97, 0.97, 0.97, 0.97, 0.97, 0.97, 0.97, 0.97, 0.97, 0.97, 0.97, 0.97, 0.97, 0.97, 0.97, 0.97, 0.97, 0.97, 0.97, 0.97, 0.97, 0.97, 0.97, 0.97, 0.97, 0.97, 0.97, 0.97, 0.97, 0.97, 0.97, 0.97, 0.97, 0.97]","[0.029, 0.012]","[1.0, 1.0, 0.24, 0.03]",1.0,1.0,0.24,0.03,"psych_curve(xdata=array([-70.,  70.]), ydata=[0.25, 0.968], fit=[nan, nan, nan, nan, nan, nan, nan, nan, nan, nan, nan, nan, nan, nan, nan, nan, nan, nan, nan, nan, nan, nan, nan, nan, nan, nan, nan, nan, nan, nan, nan, nan, nan, nan, nan, nan, nan, nan, nan, nan, nan, nan, nan, nan, nan, nan, nan, nan, nan, nan, nan, nan, nan, nan, nan, nan, nan, nan, nan, nan, nan, nan, nan, nan, nan, nan, nan, nan, nan, nan, nan, nan, nan, nan, nan, nan, nan, nan, nan, nan, nan, nan, nan, nan, nan, nan, nan, nan, nan, nan, nan, nan, nan, nan, nan, nan, nan, nan, nan, nan], params=[1.0, 1.0, 0.25, 0.03], fit_error=[0.03, 0.013])",[-70.  70.],"[0.238, 0.97]","[0.24, 0.24, 0.24, 0.24, 0.24, 0.24, 0.24, 0.24, 0.24, 0.24, 0.24, 0.24, 0.24, 0.24, 0.24, 0.24, 0.24, 0.24, 0.24, 0.24, 0.24, 0.24, 0.24, 0.24, 0.24, 0.24, 0.24, 0.24, 0.24, 0.24, 0.24, 0.24, 0.24, 0.24, 0.24, 0.24, 0.24, 0.24, 0.24, 0.24, 0.24, 0.24, 0.24, 0.24, 0.24, 0.24, 0.242, 0.248, 0.271, 0.352, 0.552, 0.791, 0.916, 0.956, 0.967, 0.969, 0.97, 0.97, 0.97, 0.97, 0.97, 0.97, 0.97, 0.97, 0.97, 0.97, 0.97, 0.97, 0.97, 0.97, 0.97, 0.97, 0.97, 0.97, 0.97, 0.97, 0.97, 0.97, 0.97, 0.97, 0.97, 0.97, 0.97, 0.97, 0.97, 0.97, 0.97, 0.97, 0.97, 0.97, 0.97, 0.97, 0.97, 0.97, 0.97, 0.97, 0.97, 0.97, 0.97, 0.97]","[0.029, 0.012]","[1.0, 1.0, 0.25, 0.03]",1.0,1.0,0.25,0.03
2022-01-26,2,109,330,['Bpod6'],641,342,299,322,303,570,298,272,300,263,55,31,24,0.8892355694227769,0.8713450292397661,0.9096989966555183,625,329,296,344,181,163,0.562111801242236,0.5379537953795379,274,138,136,0.42857142857142855,0.44884488448844884,0.912,0.9057750759878419,0.918918918918919,0.912,0.013143842931077065,0.872093023255814,0.9598540145985401,-0.08776099134272619,0.550032798310887,0.43870815652993866,16,13,3,0.0249609984399376,0.038011695906432746,0.010033444816053512,570,298,272,1425.0,745.0,680.0,2,0,0,0,0.0,,"psych_curve(xdata=array([-70.,  70.]), ydata=[0.094, 0.919], fit=[0.09, 0.09, 0.09, 0.09, 0.09, 0.09, 0.09, 0.09, 0.09, 0.09, 0.09, 0.09, 0.09, 0.09, 0.09, 0.09, 0.09, 0.09, 0.09, 0.09, 0.09, 0.09, 0.09, 0.09, 0.09, 0.09, 0.09, 0.09, 0.09, 0.09, 0.09, 0.09, 0.09, 0.09, 0.09, 0.09, 0.09, 0.09, 0.09, 0.09, 0.09, 0.09, 0.09, 0.09, 0.09, 0.091, 0.092, 0.099, 0.125, 0.217, 0.445, 0.716, 0.859, 0.904, 0.916, 0.919, 0.92, 0.92, 0.92, 0.92, 0.92, 0.92, 0.92, 0.92, 0.92, 0.92, 0.92, 0.92, 0.92, 0.92, 0.92, 0.92, 0.92, 0.92, 0.92, 0.92, 0.92, 0.92, 0.92, 0.92, 0.92, 0.92, 0.92, 0.92, 0.92, 0.92, 0.92, 0.92, 0.92, 0.92, 0.92, 0.92, 0.92, 0.92, 0.92, 0.92, 0.92, 0.92, 0.92, 0.92], params=[1.0, 1.0, 0.09, 0.08], fit_error=[0.016, 0.016])",[-70.  70.],"[0.094, 0.919]","[0.09, 0.09, 0.09, 0.09, 0.09, 0.09, 0.09, 0.09, 0.09, 0.09, 0.09, 0.09, 0.09, 0.09, 0.09, 0.09, 0.09, 0.09, 0.09, 0.09, 0.09, 0.09, 0.09, 0.09, 0.09, 0.09, 0.09, 0.09, 0.09, 0.09, 0.09, 0.09, 0.09, 0.09, 0.09, 0.09, 0.09, 0.09, 0.09, 0.09, 0.09, 0.09, 0.09, 0.09, 0.09, 0.091, 0.092, 0.099, 0.125, 0.217, 0.445, 0.716, 0.859, 0.904, 0.916, 0.919, 0.92, 0.92, 0.92, 0.92, 0.92, 0.92, 0.92, 0.92, 0.92, 0.92, 0.92, 0.92, 0.92, 0.92, 0.92, 0.92, 0.92, 0.92, 0.92, 0.92, 0.92, 0.92, 0.92, 0.92, 0.92, 0.92, 0.92, 0.92, 0.92, 0.92, 0.92, 0.92, 0.92, 0.92, 0.92, 0.92, 0.92, 0.92, 0.92, 0.92, 0.92, 0.92, 0.92, 0.92]","[0.016, 0.016]","[1.0, 1.0, 0.09, 0.08]",1.0,1.0,0.09,0.08,"psych_curve(xdata=array([-70.,  70.]), ydata=[0.143, 0.965], fit=[nan, nan, nan, nan, nan, nan, nan, nan, nan, nan, nan, nan, nan, nan, nan, nan, nan, nan, nan, nan, nan, nan, nan, nan, nan, nan, nan, nan, nan, nan, nan, nan, nan, nan, nan, nan, nan, nan, nan, nan, nan, nan, nan, nan, nan, nan, nan, nan, nan, nan, nan, nan, nan, nan, nan, nan, nan, nan, nan, nan, nan, nan, nan, nan, nan, nan, nan, nan, nan, nan, nan, nan, nan, nan, nan, nan, nan, nan, nan, nan, nan, nan, nan, nan, nan, nan, nan, nan, nan, nan, nan, nan, nan, nan, nan, nan, nan, nan, nan, nan], params=[1.0, 1.0, 0.14, 0.03], fit_error=[0.02, 0.01])",[-70.  70.],"[0.094, 0.919]","[0.09, 0.09, 0.09, 0.09, 0.09, 0.09, 0.09, 0.09, 0.09, 0.09, 0.09, 0.09, 0.09, 0.09, 0.09, 0.09, 0.09, 0.09, 0.09, 0.09, 0.09, 0.09, 0.09, 0.09, 0.09, 0.09, 0.09, 0.09, 0.09, 0.09, 0.09, 0.09, 0.09, 0.09, 0.09, 0.09, 0.09, 0.09, 0.09, 0.09, 0.09, 0.09, 0.09, 0.09, 0.09, 0.091, 0.092, 0.099, 0.125, 0.217, 0.445, 0.716, 0.859, 0.904, 0.916, 0.919, 0.92, 0.92, 0.92, 0.92, 0.92, 0.92, 0.92, 0.92, 0.92, 0.92, 0.92, 0.92, 0.92, 0.92, 0.92, 0.92, 0.92, 0.92, 0.92, 0.92, 0.92, 0.92, 0.92, 0.92, 0.92, 0.92, 0.92, 0.92, 0.92, 0.92, 0.92, 0.92, 0.92, 0.92, 0.92, 0.92, 0.92, 0.92, 0.92, 0.92, 0.92, 0.92, 0.92, 0.92]","[0.016, 0.016]","[1.0, 1.0, 0.14, 0.03]",1.0,1.0,0.14,0.03
2022-01-27,3,110,330,['Bpod6'],358,168,190,144,201,323,139,184,163,152,22,17,5,0.9022346368715084,0.8273809523809523,0.968421052631579,345,156,189,184,67,117,0.4652777777777778,0.582089552238806,153,77,76,0.5347222222222222,0.3781094527363184,0.936231884057971,0.8910256410256411,0.9735449735449735,0.936231884057971,0.08251933251933241,0.8858695652173914,0.9934640522875817,-0.10759448707019037,0.5236836650082919,0.4564158374792703,13,12,1,0.036312849162011177,0.07142857142857142,0.005263157894736842,323,139,184,807.5,347.5,460.0,2,0,0,0,0.0,,"psych_curve(xdata=array([-70.,  70.]), ydata=[0.109, 0.974], fit=[0.11, 0.11, 0.11, 0.11, 0.11, 0.11, 0.11, 0.11, 0.11, 0.11, 0.11, 0.11, 0.11, 0.11, 0.11, 0.11, 0.11, 0.11, 0.11, 0.11, 0.11, 0.11, 0.11, 0.11, 0.11, 0.11, 0.11, 0.11, 0.11, 0.11, 0.11, 0.11, 0.11, 0.11, 0.11, 0.11, 0.11, 0.11, 0.11, 0.11, 0.11, 0.11, 0.11, 0.11, 0.11, 0.111, 0.112, 0.119, 0.146, 0.242, 0.477, 0.759, 0.907, 0.954, 0.966, 0.969, 0.97, 0.97, 0.97, 0.97, 0.97, 0.97, 0.97, 0.97, 0.97, 0.97, 0.97, 0.97, 0.97, 0.97, 0.97, 0.97, 0.97, 0.97, 0.97, 0.97, 0.97, 0.97, 0.97, 0.97, 0.97, 0.97, 0.97, 0.97, 0.97, 0.97, 0.97, 0.97, 0.97, 0.97, 0.97, 0.97, 0.97, 0.97, 0.97, 0.97, 0.97, 0.97, 0.97, 0.97], params=[1.0, 1.0, 0.11, 0.03], fit_error=[0.025, 0.012])",[-70.  70.],"[0.109, 0.974]","[0.11, 0.11, 0.11, 0.11, 0.11, 0.11, 0.11, 0.11, 0.11, 0.11, 0.11, 0.11, 0.11, 0.11, 0.11, 0.11, 0.11, 0.11, 0.11, 0.11, 0.11, 0.11, 0.11, 0.11, 0.11, 0.11, 0.11, 0.11, 0.11, 0.11, 0.11, 0.11, 0.11, 0.11, 0.11, 0.11, 0.11, 0.11, 0.11, 0.11, 0.11, 0.11, 0.11, 0.11, 0.11, 0.111, 0.112, 0.119, 0.146, 0.242, 0.477, 0.759, 0.907, 0.954, 0.966, 0.969, 0.97, 0.97, 0.97, 0.97, 0.97, 0.97, 0.97, 0.97, 0.97, 0.97, 0.97, 0.97, 0.97, 0.97, 0.97, 0.97, 0.97, 0.97, 0.97, 0.97, 0.97, 0.97, 0.97, 0.97, 0.97, 0.97, 0.97, 0.97, 0.97, 0.97, 0.97, 0.97, 0.97, 0.97, 0.97, 0.97, 0.97, 0.97, 0.97, 0.97, 0.97, 0.97, 0.97, 0.97]","[0.025, 0.012]","[1.0, 1.0, 0.11, 0.03]",1.0,1.0,0.11,0.03,"psych_curve(xdata=array([-70.,  70.]), ydata=[0.121, 0.994], fit=[nan, nan, nan, nan, nan, nan, nan, nan, nan, nan, nan, nan, nan, nan, nan, nan, nan, nan, nan, nan, nan, nan, nan, nan, nan, nan, nan, nan, nan, nan, nan, nan, nan, nan, nan, nan, nan, nan, nan, nan, nan, nan, nan, nan, nan, nan, nan, nan, nan, nan, nan, nan, nan, nan, nan, nan, nan, nan, nan, nan, nan, nan, nan, nan, nan, nan, nan, nan, nan, nan, nan, nan, nan, nan, nan, nan, nan, nan, nan, nan, nan, nan, nan, nan, nan, nan, nan, nan, nan, nan, nan, nan, nan, nan, nan, nan, nan, nan, nan, nan], params=[1.0, 1.0, 0.12, 0.01], fit_error=[0.025, 0.006])",[-70.  70.],"[0.109, 0.974]","[0.11, 0.11, 0.11, 0.11, 0.11, 0.11, 0.11, 0.11, 0.11, 0.11, 0.11, 0.11, 0.11, 0.11, 0.11, 0.11, 0.11, 0.11, 0.11, 0.11, 0.11, 0.11, 0.11, 0.11, 0.11, 0.11, 0.11, 0.11, 0.11, 0.11, 0.11, 0.11, 0.11, 0.11, 0.11, 0.11, 0.11, 0.11, 0.11, 0.11, 0.11, 0.11, 0.11, 0.11, 0.11, 0.111, 0.112, 0.119, 0.146, 0.242, 0.477, 0.759, 0.907, 0.954, 0.966, 0.969, 0.97, 0.97, 0.97, 0.97, 0.97, 0.97, 0.97, 0.97, 0.97, 0.97, 0.97, 0.97, 0.97, 0.97, 0.97, 0.97, 0.97, 0.97, 0.97, 0.97, 0.97, 0.97, 0.97, 0.97, 0.97, 0.97, 0.97, 0.97, 0.97, 0.97, 0.97, 0.97, 0.97, 0.97, 0.97, 0.97, 0.97, 0.97, 0.97, 0.97, 0.97, 0.97, 0.97, 0.97]","[0.025, 0.012]","[1.0, 1.0, 0.12, 0.01]",1.0,1.0,0.12,0.01
2022-01-28,4,111,330,['Bpod6'],684,352,332,263,293,554,261,293,266,259,2,0,2,0.8099415204678363,0.7414772727272727,0.8825301204819277,556,261,295,268,124,144,0.4714828897338403,0.49146757679180886,259,133,126,0.5057034220532319,0.4300341296928328,0.9964028776978417,1.0,0.9932203389830508,0.9964028776978417,-0.006779661016949157,0.9925373134328358,1.0,-0.007462686567164201,0.4814752332628246,0.4678687758730323,128,91,37,0.1871345029239766,0.2585227272727273,0.11144578313253012,554,261,293,1385.0,652.5,732.5,2,0,0,0,0.0,,"psych_curve(xdata=array([-70.,  70.]), ydata=[0.0, 0.993], fit=[0.0, 0.0, 0.0, 0.0, 0.0, 0.0, 0.0, 0.0, 0.0, 0.0, 0.0, 0.0, 0.0, 0.0, 0.0, 0.0, 0.0, 0.0, 0.0, 0.0, 0.0, 0.0, 0.0, 0.0, 0.0, 0.0, 0.0, 0.0, 0.0, 0.0, 0.0, 0.0, 0.0, 0.0, 0.0, 0.0, 0.0, 0.0, 0.0, 0.0, 0.0, 0.0, 0.0, 0.0, 0.0, 0.001, 0.003, 0.011, 0.042, 0.152, 0.423, 0.747, 0.917, 0.971, 0.985, 0.989, 0.99, 0.99, 0.99, 0.99, 0.99, 0.99, 0.99, 0.99, 0.99, 0.99, 0.99, 0.99, 0.99, 0.99, 0.99, 0.99, 0.99, 0.99, 0.99, 0.99, 0.99, 0.99, 0.99, 0.99, 0.99, 0.99, 0.99, 0.99, 0.99, 0.99, 0.99, 0.99, 0.99, 0.99, 0.99, 0.99, 0.99, 0.99, 0.99, 0.99, 0.99, 0.99, 0.99, 0.99], params=[1.0, 1.0, -0.0, 0.01], fit_error=[0.0, 0.005])",[-70.  70.],"[0.0, 0.993]","[0.0, 0.0, 0.0, 0.0, 0.0, 0.0, 0.0, 0.0, 0.0, 0.0, 0.0, 0.0, 0.0, 0.0, 0.0, 0.0, 0.0, 0.0, 0.0, 0.0, 0.0, 0.0, 0.0, 0.0, 0.0, 0.0, 0.0, 0.0, 0.0, 0.0, 0.0, 0.0, 0.0, 0.0, 0.0, 0.0, 0.0, 0.0, 0.0, 0.0, 0.0, 0.0, 0.0, 0.0, 0.0, 0.001, 0.003, 0.011, 0.042, 0.152, 0.423, 0.747, 0.917, 0.971, 0.985, 0.989, 0.99, 0.99, 0.99, 0.99, 0.99, 0.99, 0.99, 0.99, 0.99, 0.99, 0.99, 0.99, 0.99, 0.99, 0.99, 0.99, 0.99, 0.99, 0.99, 0.99, 0.99, 0.99, 0.99, 0.99, 0.99, 0.99, 0.99, 0.99, 0.99, 0.99, 0.99, 0.99, 0.99, 0.99, 0.99, 0.99, 0.99, 0.99, 0.99, 0.99, 0.99, 0.99, 0.99, 0.99]","[0.0, 0.005]","[1.0, 1.0, -0.0, 0.01]",1.0,1.0,-0.0,0.01,"psych_curve(xdata=array([-70.,  70.]), ydata=[0.008, 1.0], fit=[nan, nan, nan, nan, nan, nan, nan, nan, nan, nan, nan, nan, nan, nan, nan, nan, nan, nan, nan, nan, nan, nan, nan, nan, nan, nan, nan, nan, nan, nan, nan, nan, nan, nan, nan, nan, nan, nan, nan, nan, nan, nan, nan, nan, nan, nan, nan, nan, nan, nan, nan, nan, nan, nan, nan, nan, nan, nan, nan, nan, nan, nan, nan, nan, nan, nan, nan, nan, nan, nan, nan, nan, nan, nan, nan, nan, nan, nan, nan, nan, nan, nan, nan, nan, nan, nan, nan, nan, nan, nan, nan, nan, nan, nan, nan, nan, nan, nan, nan, nan], params=[1.0, 1.0, 0.01, 0.0], fit_error=[0.005, 0.0])",[-70.  70.],"[0.0, 0.993]","[0.0, 0.0, 0.0, 0.0, 0.0, 0.0, 0.0, 0.0, 0.0, 0.0, 0.0, 0.0, 0.0, 0.0, 0.0, 0.0, 0.0, 0.0, 0.0, 0.0, 0.0, 0.0, 0.0, 0.0, 0.0, 0.0, 0.0, 0.0, 0.0, 0.0, 0.0, 0.0, 0.0, 0.0, 0.0, 0.0, 0.0, 0.0, 0.0, 0.0, 0.0, 0.0, 0.0, 0.0, 0.0, 0.001, 0.003, 0.011, 0.042, 0.152, 0.423, 0.747, 0.917, 0.971, 0.985, 0.989, 0.99, 0.99, 0.99, 0.99, 0.99, 0.99, 0.99, 0.99, 0.99, 0.99, 0.99, 0.99, 0.99, 0.99, 0.99, 0.99, 0.99, 0.99, 0.99, 0.99, 0.99, 0.99, 0.99, 0.99, 0.99, 0.99, 0.99, 0.99, 0.99, 0.99, 0.99, 0.99, 0.99, 0.99, 0.99, 0.99, 0.99, 0.99, 0.99, 0.99, 0.99, 0.99, 0.99, 0.99]","[0.0, 0.005]","[1.0, 1.0, 0.01, 0.0]",1.0,1.0,0.01,0.0
2022-01-31,0,114,330,['Bpod6'],612,306,306,292,298,536,262,274,274,247,54,24,30,0.8758169934640523,0.8562091503267973,0.8954248366013072,590,286,304,314,158,156,0.541095890410959,0.5234899328859061,261,132,129,0.4520547945205479,0.43288590604026844,0.9084745762711864,0.916083916083916,0.9013157894736842,0.9084745762711864,-0.014768126610231858,0.8726114649681529,0.946360153256705,-0.07374868828855208,0.5322929116484325,0.44247035028040815,22,20,2,0.03594771241830065,0.06535947712418301,0.006535947712418301,536,262,274,1340.0,655.0,685.0,3,0,0,0,0.0,,"psych_curve(xdata=array([-70.,  70.]), ydata=[0.084, 0.901], fit=[0.08, 0.08, 0.08, 0.08, 0.08, 0.08, 0.08, 0.08, 0.08, 0.08, 0.08, 0.08, 0.08, 0.08, 0.08, 0.08, 0.08, 0.08, 0.08, 0.08, 0.08, 0.08, 0.08, 0.08, 0.08, 0.08, 0.08, 0.08, 0.08, 0.08, 0.08, 0.08, 0.08, 0.08, 0.08, 0.08, 0.08, 0.08, 0.08, 0.08, 0.08, 0.08, 0.08, 0.08, 0.08, 0.081, 0.082, 0.089, 0.115, 0.206, 0.43, 0.698, 0.84, 0.885, 0.896, 0.899, 0.9, 0.9, 0.9, 0.9, 0.9, 0.9, 0.9, 0.9, 0.9, 0.9, 0.9, 0.9, 0.9, 0.9, 0.9, 0.9, 0.9, 0.9, 0.9, 0.9, 0.9, 0.9, 0.9, 0.9, 0.9, 0.9, 0.9, 0.9, 0.9, 0.9, 0.9, 0.9, 0.9, 0.9, 0.9, 0.9, 0.9, 0.9, 0.9, 0.9, 0.9, 0.9, 0.9, 0.9], params=[1.0, 1.0, 0.08, 0.1], fit_error=[0.016, 0.017])",[-70.  70.],"[0.084, 0.901]","[0.08, 0.08, 0.08, 0.08, 0.08, 0.08, 0.08, 0.08, 0.08, 0.08, 0.08, 0.08, 0.08, 0.08, 0.08, 0.08, 0.08, 0.08, 0.08, 0.08, 0.08, 0.08, 0.08, 0.08, 0.08, 0.08, 0.08, 0.08, 0.08, 0.08, 0.08, 0.08, 0.08, 0.08, 0.08, 0.08, 0.08, 0.08, 0.08, 0.08, 0.08, 0.08, 0.08, 0.08, 0.08, 0.081, 0.082, 0.089, 0.115, 0.206, 0.43, 0.698, 0.84, 0.885, 0.896, 0.899, 0.9, 0.9, 0.9, 0.9, 0.9, 0.9, 0.9, 0.9, 0.9, 0.9, 0.9, 0.9, 0.9, 0.9, 0.9, 0.9, 0.9, 0.9, 0.9, 0.9, 0.9, 0.9, 0.9, 0.9, 0.9, 0.9, 0.9, 0.9, 0.9, 0.9, 0.9, 0.9, 0.9, 0.9, 0.9, 0.9, 0.9, 0.9, 0.9, 0.9, 0.9, 0.9, 0.9, 0.9]","[0.016, 0.017]","[1.0, 1.0, 0.08, 0.1]",1.0,1.0,0.08,0.1,"psych_curve(xdata=array([-70.,  70.]), ydata=[0.139, 0.951], fit=[nan, nan, nan, nan, nan, nan, nan, nan, nan, nan, nan, nan, nan, nan, nan, nan, nan, nan, nan, nan, nan, nan, nan, nan, nan, nan, nan, nan, nan, nan, nan, nan, nan, nan, nan, nan, nan, nan, nan, nan, nan, nan, nan, nan, nan, nan, nan, nan, nan, nan, nan, nan, nan, nan, nan, nan, nan, nan, nan, nan, nan, nan, nan, nan, nan, nan, nan, nan, nan, nan, nan, nan, nan, nan, nan, nan, nan, nan, nan, nan, nan, nan, nan, nan, nan, nan, nan, nan, nan, nan, nan, nan, nan, nan, nan, nan, nan, nan, nan, nan], params=[1.0, 1.0, 0.14, 0.05], fit_error=[0.02, 0.013])",[-70.  70.],"[0.084, 0.901]","[0.08, 0.08, 0.08, 0.08, 0.08, 0.08, 0.08, 0.08, 0.08, 0.08, 0.08, 0.08, 0.08, 0.08, 0.08, 0.08, 0.08, 0.08, 0.08, 0.08, 0.08, 0.08, 0.08, 0.08, 0.08, 0.08, 0.08, 0.08, 0.08, 0.08, 0.08, 0.08, 0.08, 0.08, 0.08, 0.08, 0.08, 0.08, 0.08, 0.08, 0.08, 0.08, 0.08, 0.08, 0.08, 0.081, 0.082, 0.089, 0.115, 0.206, 0.43, 0.698, 0.84, 0.885, 0.896, 0.899, 0.9, 0.9, 0.9, 0.9, 0.9, 0.9, 0.9, 0.9, 0.9, 0.9, 0.9, 0.9, 0.9, 0.9, 0.9, 0.9, 0.9, 0.9, 0.9, 0.9, 0.9, 0.9, 0.9, 0.9, 0.9, 0.9, 0.9, 0.9, 0.9, 0.9, 0.9, 0.9, 0.9, 0.9, 0.9, 0.9, 0.9, 0.9, 0.9, 0.9, 0.9, 0.9, 0.9, 0.9]","[0.016, 0.017]","[1.0, 1.0, 0.14, 0.05]",1.0,1.0,0.14,0.05
2022-02-01,1,115,330,['Bpod6'],535,273,262,269,254,495,254,241,254,236,28,13,15,0.9252336448598131,0.9304029304029304,0.9198473282442748,523,267,256,274,145,129,0.5390334572490706,0.5078740157480315,244,123,121,0.45724907063197023,0.4763779527559055,0.9464627151051626,0.951310861423221,0.94140625,0.9464627151051626,-0.009904611423220966,0.927007299270073,0.9672131147540983,-0.04020581548402535,0.523453736498551,0.46681351169393787,12,6,6,0.022429906542056073,0.02197802197802198,0.022900763358778626,495,254,241,1237.5,635.0,602.5,3,0,0,0,0.0,,"psych_curve(xdata=array([-70.,  70.]), ydata=[0.049, 0.941], fit=[0.05, 0.05, 0.05, 0.05, 0.05, 0.05, 0.05, 0.05, 0.05, 0.05, 0.05, 0.05, 0.05, 0.05, 0.05, 0.05, 0.05, 0.05, 0.05, 0.05, 0.05, 0.05, 0.05, 0.05, 0.05, 0.05, 0.05, 0.05, 0.05, 0.05, 0.05, 0.05, 0.05, 0.05, 0.05, 0.05, 0.05, 0.05, 0.05, 0.05, 0.05, 0.05, 0.05, 0.05, 0.05, 0.051, 0.052, 0.059, 0.088, 0.187, 0.43, 0.721, 0.875, 0.923, 0.936, 0.939, 0.94, 0.94, 0.94, 0.94, 0.94, 0.94, 0.94, 0.94, 0.94, 0.94, 0.94, 0.94, 0.94, 0.94, 0.94, 0.94, 0.94, 0.94, 0.94, 0.94, 0.94, 0.94, 0.94, 0.94, 0.94, 0.94, 0.94, 0.94, 0.94, 0.94, 0.94, 0.94, 0.94, 0.94, 0.94, 0.94, 0.94, 0.94, 0.94, 0.94, 0.94, 0.94, 0.94, 0.94], params=[1.0, 1.0, 0.05, 0.06], fit_error=[0.013, 0.015])",[-70.  70.],"[0.049, 0.941]","[0.05, 0.05, 0.05, 0.05, 0.05, 0.05, 0.05, 0.05, 0.05, 0.05, 0.05, 0.05, 0.05, 0.05, 0.05, 0.05, 0.05, 0.05, 0.05, 0.05, 0.05, 0.05, 0.05, 0.05, 0.05, 0.05, 0.05, 0.05, 0.05, 0.05, 0.05, 0.05, 0.05, 0.05, 0.05, 0.05, 0.05, 0.05, 0.05, 0.05, 0.05, 0.05, 0.05, 0.05, 0.05, 0.051, 0.052, 0.059, 0.088, 0.187, 0.43, 0.721, 0.875, 0.923, 0.936, 0.939, 0.94, 0.94, 0.94, 0.94, 0.94, 0.94, 0.94, 0.94, 0.94, 0.94, 0.94, 0.94, 0.94, 0.94, 0.94, 0.94, 0.94, 0.94, 0.94, 0.94, 0.94, 0.94, 0.94, 0.94, 0.94, 0.94, 0.94, 0.94, 0.94, 0.94, 0.94, 0.94, 0.94, 0.94, 0.94, 0.94, 0.94, 0.94, 0.94, 0.94, 0.94, 0.94, 0.94, 0.94]","[0.013, 0.015]","[1.0, 1.0, 0.05, 0.06]",1.0,1.0,0.05,0.06,"psych_curve(xdata=array([-70.,  70.]), ydata=[0.078, 0.969], fit=[nan, nan, nan, nan, nan, nan, nan, nan, nan, nan, nan, nan, nan, nan, nan, nan, nan, nan, nan, nan, nan, nan, nan, nan, nan, nan, nan, nan, nan, nan, nan, nan, nan, nan, nan, nan, nan, nan, nan, nan, nan, nan, nan, nan, nan, nan, nan, nan, nan, nan, nan, nan, nan, nan, nan, nan, nan, nan, nan, nan, nan, nan, nan, nan, nan, nan, nan, nan, nan, nan, nan, nan, nan, nan, nan, nan, nan, nan, nan, nan, nan, nan, nan, nan, nan, nan, nan, nan, nan, nan, nan, nan, nan, nan, nan, nan, nan, nan, nan, nan], params=[1.0, 1.0, 0.08, 0.03], fit_error=[0.017, 0.011])",[-70.  70.],"[0.049, 0.941]","[0.05, 0.05, 0.05, 0.05, 0.05, 0.05, 0.05, 0.05, 0.05, 0.05, 0.05, 0.05, 0.05, 0.05, 0.05, 0.05, 0.05, 0.05, 0.05, 0.05, 0.05, 0.05, 0.05, 0.05, 0.05, 0.05, 0.05, 0.05, 0.05, 0.05, 0.05, 0.05, 0.05, 0.05, 0.05, 0.05, 0.05, 0.05, 0.05, 0.05, 0.05, 0.05, 0.05, 0.05, 0.05, 0.051, 0.052, 0.059, 0.088, 0.187, 0.43, 0.721, 0.875, 0.923, 0.936, 0.939, 0.94, 0.94, 0.94, 0.94, 0.94, 0.94, 0.94, 0.94, 0.94, 0.94, 0.94, 0.94, 0.94, 0.94, 0.94, 0.94, 0.94, 0.94, 0.94, 0.94, 0.94, 0.94, 0.94, 0.94, 0.94, 0.94, 0.94, 0.94, 0.94, 0.94, 0.94, 0.94, 0.94, 0.94, 0.94, 0.94, 0.94, 0.94, 0.94, 0.94, 0.94, 0.94, 0.94, 0.94]","[0.013, 0.015]","[1.0, 1.0, 0.08, 0.03]",1.0,1.0,0.08,0.03
2022-02-02,2,116,330,['Bpod6'],638,311,327,234,394,530,221,309,303,221,98,85,13,0.8307210031347962,0.7106109324758842,0.944954128440367,628,306,322,385,114,271,0.48717948717948717,0.6878172588832487,236,117,119,0.5,0.3020304568527919,0.8439490445859873,0.7222222222222222,0.9596273291925466,0.8439490445859873,0.23740510697032435,0.787012987012987,0.9364406779661016,-0.1494276909531146,0.587498373031368,0.4010152284263959,10,5,5,0.01567398119122257,0.01607717041800643,0.01529051987767584,530,221,309,1325.0,552.5,772.5,3,16,2,10,0.0,,"psych_curve(xdata=array([-70.,  70.]), ydata=[0.278, 0.96], fit=[0.28, 0.28, 0.28, 0.28, 0.28, 0.28, 0.28, 0.28, 0.28, 0.28, 0.28, 0.28, 0.28, 0.28, 0.28, 0.28, 0.28, 0.28, 0.28, 0.28, 0.28, 0.28, 0.28, 0.28, 0.28, 0.28, 0.28, 0.28, 0.28, 0.28, 0.28, 0.28, 0.28, 0.28, 0.28, 0.28, 0.28, 0.28, 0.28, 0.28, 0.28, 0.28, 0.28, 0.28, 0.28, 0.28, 0.282, 0.287, 0.309, 0.384, 0.571, 0.793, 0.91, 0.947, 0.957, 0.959, 0.96, 0.96, 0.96, 0.96, 0.96, 0.96, 0.96, 0.96, 0.96, 0.96, 0.96, 0.96, 0.96, 0.96, 0.96, 0.96, 0.96, 0.96, 0.96, 0.96, 0.96, 0.96, 0.96, 0.96, 0.96, 0.96, 0.96, 0.96, 0.96, 0.96, 0.96, 0.96, 0.96, 0.96, 0.96, 0.96, 0.96, 0.96, 0.96, 0.96, 0.96, 0.96, 0.96, 0.96], params=[1.0, 1.0, 0.28, 0.04], fit_error=[0.026, 0.011])",[-70.  70.],"[0.278, 0.96]","[0.28, 0.28, 0.28, 0.28, 0.28, 0.28, 0.28, 0.28, 0.28, 0.28, 0.28, 0.28, 0.28, 0.28, 0.28, 0.28, 0.28, 0.28, 0.28, 0.28, 0.28, 0.28, 0.28, 0.28, 0.28, 0.28, 0.28, 0.28, 0.28, 0.28, 0.28, 0.28, 0.28, 0.28, 0.28, 0.28, 0.28, 0.28, 0.28, 0.28, 0.28, 0.28, 0.28, 0.28, 0.28, 0.28, 0.282, 0.287, 0.309, 0.384, 0.571, 0.793, 0.91, 0.947, 0.957, 0.959, 0.96, 0.96, 0.96, 0.96, 0.96, 0.96, 0.96, 0.96, 0.96, 0.96, 0.96, 0.96, 0.96, 0.96, 0.96, 0.96, 0.96, 0.96, 0.96, 0.96, 0.96, 0.96, 0.96, 0.96, 0.96, 0.96, 0.96, 0.96, 0.96, 0.96, 0.96, 0.96, 0.96, 0.96, 0.96, 0.96, 0.96, 0.96, 0.96, 0.96, 0.96, 0.96, 0.96, 0.96]","[0.026, 0.011]","[1.0, 1.0, 0.28, 0.04]",1.0,1.0,0.28,0.04,"psych_curve(xdata=array([-70.,  70.]), ydata=[0.271, 0.953], fit=[nan, nan, nan, nan, nan, nan, nan, nan, nan, nan, nan, nan, nan, nan, nan, nan, nan, nan, nan, nan, nan, nan, nan, nan, nan, nan, nan, nan, nan, nan, nan, nan, nan, nan, nan, nan, nan, nan, nan, nan, nan, nan, nan, nan, nan, nan, nan, nan, nan, nan, nan, nan, nan, nan, nan, nan, nan, nan, nan, nan, nan, nan, nan, nan, nan, nan, nan, nan, nan, nan, nan, nan, nan, nan, nan, nan, nan, nan, nan, nan, nan, nan, nan, nan, nan, nan, nan, nan, nan, nan, nan, nan, nan, nan, nan, nan, nan, nan, nan, nan], params=[1.0, 1.0, 0.27, 0.05], fit_error=[0.026, 0.012])",[-70.  70.],"[0.278, 0.96]","[0.28, 0.28, 0.28, 0.28, 0.28, 0.28, 0.28, 0.28, 0.28, 0.28, 0.28, 0.28, 0.28, 0.28, 0.28, 0.28, 0.28, 0.28, 0.28, 0.28, 0.28, 0.28, 0.28, 0.28, 0.28, 0.28, 0.28, 0.28, 0.28, 0.28, 0.28, 0.28, 0.28, 0.28, 0.28, 0.28, 0.28, 0.28, 0.28, 0.28, 0.28, 0.28, 0.28, 0.28, 0.28, 0.28, 0.282, 0.287, 0.309, 0.384, 0.571, 0.793, 0.91, 0.947, 0.957, 0.959, 0.96, 0.96, 0.96, 0.96, 0.96, 0.96, 0.96, 0.96, 0.96, 0.96, 0.96, 0.96, 0.96, 0.96, 0.96, 0.96, 0.96, 0.96, 0.96, 0.96, 0.96, 0.96, 0.96, 0.96, 0.96, 0.96, 0.96, 0.96, 0.96, 0.96, 0.96, 0.96, 0.96, 0.96, 0.96, 0.96, 0.96, 0.96, 0.96, 0.96, 0.96, 0.96, 0.96, 0.96]","[0.026, 0.011]","[1.0, 1.0, 0.27, 0.05]",1.0,1.0,0.27,0.05
2022-02-03,3,117,330,['Bpod6'],658,324,334,331,317,524,264,260,300,220,124,57,67,0.7963525835866262,0.8148148148148148,0.7784431137724551,648,321,327,408,210,198,0.6344410876132931,0.6246056782334385,235,118,117,0.3564954682779456,0.36908517350157727,0.808641975308642,0.822429906542056,0.7951070336391437,0.808641975308642,-0.027322872902912354,0.7352941176470589,0.9361702127659575,-0.2008760951188986,0.6295233829233657,0.36279032088976143,10,3,7,0.015197568389057751,0.009259259259259259,0.020958083832335328,524,264,260,1310.0,660.0,650.0,3,0,0,0,0.0,,"psych_curve(xdata=array([-70.,  70.]), ydata=[0.178, 0.795], fit=[0.18, 0.18, 0.18, 0.18, 0.18, 0.18, 0.18, 0.18, 0.18, 0.18, 0.18, 0.18, 0.18, 0.18, 0.18, 0.18, 0.18, 0.18, 0.18, 0.18, 0.18, 0.18, 0.18, 0.18, 0.18, 0.18, 0.18, 0.18, 0.18, 0.18, 0.18, 0.18, 0.18, 0.18, 0.18, 0.18, 0.18, 0.18, 0.18, 0.18, 0.18, 0.18, 0.18, 0.18, 0.18, 0.18, 0.182, 0.187, 0.206, 0.275, 0.445, 0.648, 0.754, 0.788, 0.797, 0.799, 0.8, 0.8, 0.8, 0.8, 0.8, 0.8, 0.8, 0.8, 0.8, 0.8, 0.8, 0.8, 0.8, 0.8, 0.8, 0.8, 0.8, 0.8, 0.8, 0.8, 0.8, 0.8, 0.8, 0.8, 0.8, 0.8, 0.8, 0.8, 0.8, 0.8, 0.8, 0.8, 0.8, 0.8, 0.8, 0.8, 0.8, 0.8, 0.8, 0.8, 0.8, 0.8, 0.8, 0.8], params=[1.0, 1.0, 0.18, 0.2], fit_error=[0.021, 0.022])",[-70.  70.],"[0.178, 0.795]","[0.18, 0.18, 0.18, 0.18, 0.18, 0.18, 0.18, 0.18, 0.18, 0.18, 0.18, 0.18, 0.18, 0.18, 0.18, 0.18, 0.18, 0.18, 0.18, 0.18, 0.18, 0.18, 0.18, 0.18, 0.18, 0.18, 0.18, 0.18, 0.18, 0.18, 0.18, 0.18, 0.18, 0.18, 0.18, 0.18, 0.18, 0.18, 0.18, 0.18, 0.18, 0.18, 0.18, 0.18, 0.18, 0.18, 0.182, 0.187, 0.206, 0.275, 0.445, 0.648, 0.754, 0.788, 0.797, 0.799, 0.8, 0.8, 0.8, 0.8, 0.8, 0.8, 0.8, 0.8, 0.8, 0.8, 0.8, 0.8, 0.8, 0.8, 0.8, 0.8, 0.8, 0.8, 0.8, 0.8, 0.8, 0.8, 0.8, 0.8, 0.8, 0.8, 0.8, 0.8, 0.8, 0.8, 0.8, 0.8, 0.8, 0.8, 0.8, 0.8, 0.8, 0.8, 0.8, 0.8, 0.8, 0.8, 0.8, 0.8]","[0.021, 0.022]","[1.0, 1.0, 0.18, 0.2]",1.0,1.0,0.18,0.2,"psych_curve(xdata=array([-70.,  70.]), ydata=[0.329, 0.952], fit=[nan, nan, nan, nan, nan, nan, nan, nan, nan, nan, nan, nan, nan, nan, nan, nan, nan, nan, nan, nan, nan, nan, nan, nan, nan, nan, nan, nan, nan, nan, nan, nan, nan, nan, nan, nan, nan, nan, nan, nan, nan, nan, nan, nan, nan, nan, nan, nan, nan, nan, nan, nan, nan, nan, nan, nan, nan, nan, nan, nan, nan, nan, nan, nan, nan, nan, nan, nan, nan, nan, nan, nan, nan, nan, nan, nan, nan, nan, nan, nan, nan, nan, nan, nan, nan, nan, nan, nan, nan, nan, nan, nan, nan, nan, nan, nan, nan, nan, nan, nan], params=[1.0, 1.0, 0.33, 0.05], fit_error=[0.026, 0.012])",[-70.  70.],"[0.178, 0.795]","[0.18, 0.18, 0.18, 0.18, 0.18, 0.18, 0.18, 0.18, 0.18, 0.18, 0.18, 0.18, 0.18, 0.18, 0.18, 0.18, 0.18, 0.18, 0.18, 0.18, 0.18, 0.18, 0.18, 0.18, 0.18, 0.18, 0.18, 0.18, 0.18, 0.18, 0.18, 0.18, 0.18, 0.18, 0.18, 0.18, 0.18, 0.18, 0.18, 0.18, 0.18, 0.18, 0.18, 0.18, 0.18, 0.18, 0.182, 0.187, 0.206, 0.275, 0.445, 0.648, 0.754, 0.788, 0.797, 0.799, 0.8, 0.8, 0.8, 0.8, 0.8, 0.8, 0.8, 0.8, 0.8, 0.8, 0.8, 0.8, 0.8, 0.8, 0.8, 0.8, 0.8, 0.8, 0.8, 0.8, 0.8, 0.8, 0.8, 0.8, 0.8, 0.8, 0.8, 0.8, 0.8, 0.8, 0.8, 0.8, 0.8, 0.8, 0.8, 0.8, 0.8, 0.8, 0.8, 0.8, 0.8, 0.8, 0.8, 0.8]","[0.021, 0.022]","[1.0, 1.0, 0.33, 0.05]",1.0,1.0,0.33,0.05
2022-02-04,4,118,330,['Bpod6'],307,152,155,144,154,253,123,130,131,119,45,24,21,0.8241042345276873,0.8092105263157895,0.8387096774193549,298,147,151,168,80,88,0.5555555555555556,0.5714285714285714,126,63,63,0.4375,0.4090909090909091,0.8489932885906041,0.8367346938775511,0.8609271523178808,0.8489932885906041,0.02419245844032969,0.7797619047619048,0.9444444444444444,-0.16468253968253965,0.5634920634920635,0.4232954545454546,9,5,4,0.029315960912052116,0.03289473684210526,0.025806451612903226,253,123,130,632.5,307.5,325.0,3,0,0,0,0.0,,"psych_curve(xdata=array([-70.,  70.]), ydata=[0.163, 0.861], fit=[0.16, 0.16, 0.16, 0.16, 0.16, 0.16, 0.16, 0.16, 0.16, 0.16, 0.16, 0.16, 0.16, 0.16, 0.16, 0.16, 0.16, 0.16, 0.16, 0.16, 0.16, 0.16, 0.16, 0.16, 0.16, 0.16, 0.16, 0.16, 0.16, 0.16, 0.16, 0.16, 0.16, 0.16, 0.16, 0.16, 0.16, 0.16, 0.16, 0.16, 0.16, 0.16, 0.16, 0.16, 0.16, 0.16, 0.162, 0.167, 0.19, 0.267, 0.459, 0.688, 0.809, 0.847, 0.857, 0.859, 0.86, 0.86, 0.86, 0.86, 0.86, 0.86, 0.86, 0.86, 0.86, 0.86, 0.86, 0.86, 0.86, 0.86, 0.86, 0.86, 0.86, 0.86, 0.86, 0.86, 0.86, 0.86, 0.86, 0.86, 0.86, 0.86, 0.86, 0.86, 0.86, 0.86, 0.86, 0.86, 0.86, 0.86, 0.86, 0.86, 0.86, 0.86, 0.86, 0.86, 0.86, 0.86, 0.86, 0.86], params=[1.0, 1.0, 0.16, 0.14], fit_error=[0.031, 0.028])",[-70.  70.],"[0.163, 0.861]","[0.16, 0.16, 0.16, 0.16, 0.16, 0.16, 0.16, 0.16, 0.16, 0.16, 0.16, 0.16, 0.16, 0.16, 0.16, 0.16, 0.16, 0.16, 0.16, 0.16, 0.16, 0.16, 0.16, 0.16, 0.16, 0.16, 0.16, 0.16, 0.16, 0.16, 0.16, 0.16, 0.16, 0.16, 0.16, 0.16, 0.16, 0.16, 0.16, 0.16, 0.16, 0.16, 0.16, 0.16, 0.16, 0.16, 0.162, 0.167, 0.19, 0.267, 0.459, 0.688, 0.809, 0.847, 0.857, 0.859, 0.86, 0.86, 0.86, 0.86, 0.86, 0.86, 0.86, 0.86, 0.86, 0.86, 0.86, 0.86, 0.86, 0.86, 0.86, 0.86, 0.86, 0.86, 0.86, 0.86, 0.86, 0.86, 0.86, 0.86, 0.86, 0.86, 0.86, 0.86, 0.86, 0.86, 0.86, 0.86, 0.86, 0.86, 0.86, 0.86, 0.86, 0.86, 0.86, 0.86, 0.86, 0.86, 0.86, 0.86]","[0.031, 0.028]","[1.0, 1.0, 0.16, 0.14]",1.0,1.0,0.16,0.14,"psych_curve(xdata=array([-70.,  70.]), ydata=[0.237, 0.949], fit=[nan, nan, nan, nan, nan, nan, nan, nan, nan, nan, nan, nan, nan, nan, nan, nan, nan, nan, nan, nan, nan, nan, nan, nan, nan, nan, nan, nan, nan, nan, nan, nan, nan, nan, nan, nan, nan, nan, nan, nan, nan, nan, nan, nan, nan, nan, nan, nan, nan, nan, nan, nan, nan, nan, nan, nan, nan, nan, nan, nan, nan, nan, nan, nan, nan, nan, nan, nan, nan, nan, nan, nan, nan, nan, nan, nan, nan, nan, nan, nan, nan, nan, nan, nan, nan, nan, nan, nan, nan, nan, nan, nan, nan, nan, nan, nan, nan, nan, nan, nan], params=[1.0, 1.0, 0.24, 0.05], fit_error=[0.034, 0.019])",[-70.  70.],"[0.163, 0.861]","[0.16, 0.16, 0.16, 0.16, 0.16, 0.16, 0.16, 0.16, 0.16, 0.16, 0.16, 0.16, 0.16, 0.16, 0.16, 0.16, 0.16, 0.16, 0.16, 0.16, 0.16, 0.16, 0.16, 0.16, 0.16, 0.16, 0.16, 0.16, 0.16, 0.16, 0.16, 0.16, 0.16, 0.16, 0.16, 0.16, 0.16, 0.16, 0.16, 0.16, 0.16, 0.16, 0.16, 0.16, 0.16, 0.16, 0.162, 0.167, 0.19, 0.267, 0.459, 0.688, 0.809, 0.847, 0.857, 0.859, 0.86, 0.86, 0.86, 0.86, 0.86, 0.86, 0.86, 0.86, 0.86, 0.86, 0.86, 0.86, 0.86, 0.86, 0.86, 0.86, 0.86, 0.86, 0.86, 0.86, 0.86, 0.86, 0.86, 0.86, 0.86, 0.86, 0.86, 0.86, 0.86, 0.86, 0.86, 0.86, 0.86, 0.86, 0.86, 0.86, 0.86, 0.86, 0.86, 0.86, 0.86, 0.86, 0.86, 0.86]","[0.031, 0.028]","[1.0, 1.0, 0.24, 0.05]",1.0,1.0,0.24,0.05
2022-02-07,0,121,330,['Bpod6'],624,311,313,332,268,542,287,255,302,233,58,13,45,0.8685897435897436,0.9228295819935691,0.8146964856230032,600,300,300,346,205,141,0.6174698795180723,0.5261194029850746,243,122,121,0.3674698795180723,0.45149253731343286,0.9033333333333333,0.9566666666666667,0.85,0.9033333333333333,-0.10666666666666669,0.8728323699421965,0.9588477366255144,-0.08601536668331788,0.5717946412515735,0.4094812084157526,24,11,13,0.038461538461538464,0.03536977491961415,0.04153354632587859,542,287,255,1355.0,717.5,637.5,3,0,0,0,0.0,,"psych_curve(xdata=array([-70.,  70.]), ydata=[0.043, 0.85], fit=[0.04, 0.04, 0.04, 0.04, 0.04, 0.04, 0.04, 0.04, 0.04, 0.04, 0.04, 0.04, 0.04, 0.04, 0.04, 0.04, 0.04, 0.04, 0.04, 0.04, 0.04, 0.04, 0.04, 0.04, 0.04, 0.04, 0.04, 0.04, 0.04, 0.04, 0.04, 0.04, 0.04, 0.04, 0.04, 0.04, 0.04, 0.04, 0.04, 0.04, 0.04, 0.04, 0.04, 0.04, 0.04, 0.041, 0.042, 0.049, 0.074, 0.164, 0.386, 0.651, 0.791, 0.835, 0.846, 0.849, 0.85, 0.85, 0.85, 0.85, 0.85, 0.85, 0.85, 0.85, 0.85, 0.85, 0.85, 0.85, 0.85, 0.85, 0.85, 0.85, 0.85, 0.85, 0.85, 0.85, 0.85, 0.85, 0.85, 0.85, 0.85, 0.85, 0.85, 0.85, 0.85, 0.85, 0.85, 0.85, 0.85, 0.85, 0.85, 0.85, 0.85, 0.85, 0.85, 0.85, 0.85, 0.85, 0.85, 0.85], params=[1.0, 1.0, 0.04, 0.15], fit_error=[0.012, 0.021])",[-70.  70.],"[0.043, 0.85]","[0.04, 0.04, 0.04, 0.04, 0.04, 0.04, 0.04, 0.04, 0.04, 0.04, 0.04, 0.04, 0.04, 0.04, 0.04, 0.04, 0.04, 0.04, 0.04, 0.04, 0.04, 0.04, 0.04, 0.04, 0.04, 0.04, 0.04, 0.04, 0.04, 0.04, 0.04, 0.04, 0.04, 0.04, 0.04, 0.04, 0.04, 0.04, 0.04, 0.04, 0.04, 0.04, 0.04, 0.04, 0.04, 0.041, 0.042, 0.049, 0.074, 0.164, 0.386, 0.651, 0.791, 0.835, 0.846, 0.849, 0.85, 0.85, 0.85, 0.85, 0.85, 0.85, 0.85, 0.85, 0.85, 0.85, 0.85, 0.85, 0.85, 0.85, 0.85, 0.85, 0.85, 0.85, 0.85, 0.85, 0.85, 0.85, 0.85, 0.85, 0.85, 0.85, 0.85, 0.85, 0.85, 0.85, 0.85, 0.85, 0.85, 0.85, 0.85, 0.85, 0.85, 0.85, 0.85, 0.85, 0.85, 0.85, 0.85, 0.85]","[0.012, 0.021]","[1.0, 1.0, 0.04, 0.15]",1.0,1.0,0.04,0.15,"psych_curve(xdata=array([-70.,  70.]), ydata=[0.159, 0.968], fit=[nan, nan, nan, nan, nan, nan, nan, nan, nan, nan, nan, nan, nan, nan, nan, nan, nan, nan, nan, nan, nan, nan, nan, nan, nan, nan, nan, nan, nan, nan, nan, nan, nan, nan, nan, nan, nan, nan, nan, nan, nan, nan, nan, nan, nan, nan, nan, nan, nan, nan, nan, nan, nan, nan, nan, nan, nan, nan, nan, nan, nan, nan, nan, nan, nan, nan, nan, nan, nan, nan, nan, nan, nan, nan, nan, nan, nan, nan, nan, nan, nan, nan, nan, nan, nan, nan, nan, nan, nan, nan, nan, nan, nan, nan, nan, nan, nan, nan, nan, nan], params=[1.0, 1.0, 0.16, 0.03], fit_error=[0.022, 0.01])",[-70.  70.],"[0.043, 0.85]","[0.04, 0.04, 0.04, 0.04, 0.04, 0.04, 0.04, 0.04, 0.04, 0.04, 0.04, 0.04, 0.04, 0.04, 0.04, 0.04, 0.04, 0.04, 0.04, 0.04, 0.04, 0.04, 0.04, 0.04, 0.04, 0.04, 0.04, 0.04, 0.04, 0.04, 0.04, 0.04, 0.04, 0.04, 0.04, 0.04, 0.04, 0.04, 0.04, 0.04, 0.04, 0.04, 0.04, 0.04, 0.04, 0.041, 0.042, 0.049, 0.074, 0.164, 0.386, 0.651, 0.791, 0.835, 0.846, 0.849, 0.85, 0.85, 0.85, 0.85, 0.85, 0.85, 0.85, 0.85, 0.85, 0.85, 0.85, 0.85, 0.85, 0.85, 0.85, 0.85, 0.85, 0.85, 0.85, 0.85, 0.85, 0.85, 0.85, 0.85, 0.85, 0.85, 0.85, 0.85, 0.85, 0.85, 0.85, 0.85, 0.85, 0.85, 0.85, 0.85, 0.85, 0.85, 0.85, 0.85, 0.85, 0.85, 0.85, 0.85]","[0.012, 0.021]","[1.0, 1.0, 0.16, 0.03]",1.0,1.0,0.16,0.03
2022-02-09,2,123,330,['Bpod6'],504,246,258,210,294,426,189,237,256,169,78,57,21,0.8452380952380952,0.7682926829268293,0.9186046511627907,504,246,258,315,116,199,0.5523809523809524,0.6768707482993197,188,94,94,0.44761904761904764,0.3197278911564626,0.8452380952380952,0.7682926829268293,0.9186046511627907,0.8452380952380952,0.15031196823596138,0.8126984126984127,0.898936170212766,-0.08623775751435325,0.6146258503401361,0.38367346938775515,0,0,0,0.0,0.0,0.0,426,189,237,1065.0,472.5,592.5,3,0,0,0,0.0,,"psych_curve(xdata=array([-70.,  70.]), ydata=[0.232, 0.919], fit=[0.23, 0.23, 0.23, 0.23, 0.23, 0.23, 0.23, 0.23, 0.23, 0.23, 0.23, 0.23, 0.23, 0.23, 0.23, 0.23, 0.23, 0.23, 0.23, 0.23, 0.23, 0.23, 0.23, 0.23, 0.23, 0.23, 0.23, 0.23, 0.23, 0.23, 0.23, 0.23, 0.23, 0.23, 0.23, 0.23, 0.23, 0.23, 0.23, 0.23, 0.23, 0.23, 0.23, 0.23, 0.23, 0.23, 0.232, 0.237, 0.259, 0.336, 0.525, 0.75, 0.869, 0.907, 0.917, 0.919, 0.92, 0.92, 0.92, 0.92, 0.92, 0.92, 0.92, 0.92, 0.92, 0.92, 0.92, 0.92, 0.92, 0.92, 0.92, 0.92, 0.92, 0.92, 0.92, 0.92, 0.92, 0.92, 0.92, 0.92, 0.92, 0.92, 0.92, 0.92, 0.92, 0.92, 0.92, 0.92, 0.92, 0.92, 0.92, 0.92, 0.92, 0.92, 0.92, 0.92, 0.92, 0.92, 0.92, 0.92], params=[1.0, 1.0, 0.23, 0.08], fit_error=[0.027, 0.017])",[-70.  70.],"[0.232, 0.919]","[0.23, 0.23, 0.23, 0.23, 0.23, 0.23, 0.23, 0.23, 0.23, 0.23, 0.23, 0.23, 0.23, 0.23, 0.23, 0.23, 0.23, 0.23, 0.23, 0.23, 0.23, 0.23, 0.23, 0.23, 0.23, 0.23, 0.23, 0.23, 0.23, 0.23, 0.23, 0.23, 0.23, 0.23, 0.23, 0.23, 0.23, 0.23, 0.23, 0.23, 0.23, 0.23, 0.23, 0.23, 0.23, 0.23, 0.232, 0.237, 0.259, 0.336, 0.525, 0.75, 0.869, 0.907, 0.917, 0.919, 0.92, 0.92, 0.92, 0.92, 0.92, 0.92, 0.92, 0.92, 0.92, 0.92, 0.92, 0.92, 0.92, 0.92, 0.92, 0.92, 0.92, 0.92, 0.92, 0.92, 0.92, 0.92, 0.92, 0.92, 0.92, 0.92, 0.92, 0.92, 0.92, 0.92, 0.92, 0.92, 0.92, 0.92, 0.92, 0.92, 0.92, 0.92, 0.92, 0.92, 0.92, 0.92, 0.92, 0.92]","[0.027, 0.017]","[1.0, 1.0, 0.23, 0.08]",1.0,1.0,0.23,0.08,"psych_curve(xdata=array([-70.,  70.]), ydata=[0.259, 0.931], fit=[nan, nan, nan, nan, nan, nan, nan, nan, nan, nan, nan, nan, nan, nan, nan, nan, nan, nan, nan, nan, nan, nan, nan, nan, nan, nan, nan, nan, nan, nan, nan, nan, nan, nan, nan, nan, nan, nan, nan, nan, nan, nan, nan, nan, nan, nan, nan, nan, nan, nan, nan, nan, nan, nan, nan, nan, nan, nan, nan, nan, nan, nan, nan, nan, nan, nan, nan, nan, nan, nan, nan, nan, nan, nan, nan, nan, nan, nan, nan, nan, nan, nan, nan, nan, nan, nan, nan, nan, nan, nan, nan, nan, nan, nan, nan, nan, nan, nan, nan, nan], params=[1.0, 1.0, 0.26, 0.07], fit_error=[0.029, 0.015])",[-70.  70.],"[0.232, 0.919]","[0.23, 0.23, 0.23, 0.23, 0.23, 0.23, 0.23, 0.23, 0.23, 0.23, 0.23, 0.23, 0.23, 0.23, 0.23, 0.23, 0.23, 0.23, 0.23, 0.23, 0.23, 0.23, 0.23, 0.23, 0.23, 0.23, 0.23, 0.23, 0.23, 0.23, 0.23, 0.23, 0.23, 0.23, 0.23, 0.23, 0.23, 0.23, 0.23, 0.23, 0.23, 0.23, 0.23, 0.23, 0.23, 0.23, 0.232, 0.237, 0.259, 0.336, 0.525, 0.75, 0.869, 0.907, 0.917, 0.919, 0.92, 0.92, 0.92, 0.92, 0.92, 0.92, 0.92, 0.92, 0.92, 0.92, 0.92, 0.92, 0.92, 0.92, 0.92, 0.92, 0.92, 0.92, 0.92, 0.92, 0.92, 0.92, 0.92, 0.92, 0.92, 0.92, 0.92, 0.92, 0.92, 0.92, 0.92, 0.92, 0.92, 0.92, 0.92, 0.92, 0.92, 0.92, 0.92, 0.92, 0.92, 0.92, 0.92, 0.92]","[0.027, 0.017]","[1.0, 1.0, 0.26, 0.07]",1.0,1.0,0.26,0.07
2022-02-10,3,124,330,['Bpod6'],447,224,223,169,261,364,158,206,217,144,66,55,11,0.814317673378076,0.7053571428571429,0.9237668161434978,430,213,217,277,91,186,0.5384615384615384,0.7126436781609196,149,74,75,0.4378698224852071,0.28735632183908044,0.8465116279069768,0.7417840375586855,0.9493087557603687,0.8465116279069768,0.20752471820168317,0.7833935018050542,0.9664429530201343,-0.1830494512150801,0.625552608311229,0.3626130721621438,17,11,6,0.03803131991051454,0.049107142857142856,0.026905829596412557,364,158,206,910.0,395.0,515.0,3,0,7,0,0.0,,"psych_curve(xdata=array([-70.,  70.]), ydata=[0.258, 0.949], fit=[0.26, 0.26, 0.26, 0.26, 0.26, 0.26, 0.26, 0.26, 0.26, 0.26, 0.26, 0.26, 0.26, 0.26, 0.26, 0.26, 0.26, 0.26, 0.26, 0.26, 0.26, 0.26, 0.26, 0.26, 0.26, 0.26, 0.26, 0.26, 0.26, 0.26, 0.26, 0.26, 0.26, 0.26, 0.26, 0.26, 0.26, 0.26, 0.26, 0.26, 0.26, 0.26, 0.26, 0.26, 0.26, 0.26, 0.262, 0.267, 0.289, 0.366, 0.555, 0.78, 0.899, 0.937, 0.947, 0.949, 0.95, 0.95, 0.95, 0.95, 0.95, 0.95, 0.95, 0.95, 0.95, 0.95, 0.95, 0.95, 0.95, 0.95, 0.95, 0.95, 0.95, 0.95, 0.95, 0.95, 0.95, 0.95, 0.95, 0.95, 0.95, 0.95, 0.95, 0.95, 0.95, 0.95, 0.95, 0.95, 0.95, 0.95, 0.95, 0.95, 0.95, 0.95, 0.95, 0.95, 0.95, 0.95, 0.95, 0.95], params=[1.0, 1.0, 0.26, 0.05], fit_error=[0.03, 0.015])",[-70.  70.],"[0.258, 0.949]","[0.26, 0.26, 0.26, 0.26, 0.26, 0.26, 0.26, 0.26, 0.26, 0.26, 0.26, 0.26, 0.26, 0.26, 0.26, 0.26, 0.26, 0.26, 0.26, 0.26, 0.26, 0.26, 0.26, 0.26, 0.26, 0.26, 0.26, 0.26, 0.26, 0.26, 0.26, 0.26, 0.26, 0.26, 0.26, 0.26, 0.26, 0.26, 0.26, 0.26, 0.26, 0.26, 0.26, 0.26, 0.26, 0.26, 0.262, 0.267, 0.289, 0.366, 0.555, 0.78, 0.899, 0.937, 0.947, 0.949, 0.95, 0.95, 0.95, 0.95, 0.95, 0.95, 0.95, 0.95, 0.95, 0.95, 0.95, 0.95, 0.95, 0.95, 0.95, 0.95, 0.95, 0.95, 0.95, 0.95, 0.95, 0.95, 0.95, 0.95, 0.95, 0.95, 0.95, 0.95, 0.95, 0.95, 0.95, 0.95, 0.95, 0.95, 0.95, 0.95, 0.95, 0.95, 0.95, 0.95, 0.95, 0.95, 0.95, 0.95]","[0.03, 0.015]","[1.0, 1.0, 0.26, 0.05]",1.0,1.0,0.26,0.05,"psych_curve(xdata=array([-70.,  70.]), ydata=[0.294, 0.977], fit=[nan, nan, nan, nan, nan, nan, nan, nan, nan, nan, nan, nan, nan, nan, nan, nan, nan, nan, nan, nan, nan, nan, nan, nan, nan, nan, nan, nan, nan, nan, nan, nan, nan, nan, nan, nan, nan, nan, nan, nan, nan, nan, nan, nan, nan, nan, nan, nan, nan, nan, nan, nan, nan, nan, nan, nan, nan, nan, nan, nan, nan, nan, nan, nan, nan, nan, nan, nan, nan, nan, nan, nan, nan, nan, nan, nan, nan, nan, nan, nan, nan, nan, nan, nan, nan, nan, nan, nan, nan, nan, nan, nan, nan, nan, nan, nan, nan, nan, nan, nan], params=[1.0, 1.0, 0.29, 0.02], fit_error=[0.032, 0.01])",[-70.  70.],"[0.258, 0.949]","[0.26, 0.26, 0.26, 0.26, 0.26, 0.26, 0.26, 0.26, 0.26, 0.26, 0.26, 0.26, 0.26, 0.26, 0.26, 0.26, 0.26, 0.26, 0.26, 0.26, 0.26, 0.26, 0.26, 0.26, 0.26, 0.26, 0.26, 0.26, 0.26, 0.26, 0.26, 0.26, 0.26, 0.26, 0.26, 0.26, 0.26, 0.26, 0.26, 0.26, 0.26, 0.26, 0.26, 0.26, 0.26, 0.26, 0.262, 0.267, 0.289, 0.366, 0.555, 0.78, 0.899, 0.937, 0.947, 0.949, 0.95, 0.95, 0.95, 0.95, 0.95, 0.95, 0.95, 0.95, 0.95, 0.95, 0.95, 0.95, 0.95, 0.95, 0.95, 0.95, 0.95, 0.95, 0.95, 0.95, 0.95, 0.95, 0.95, 0.95, 0.95, 0.95, 0.95, 0.95, 0.95, 0.95, 0.95, 0.95, 0.95, 0.95, 0.95, 0.95, 0.95, 0.95, 0.95, 0.95, 0.95, 0.95, 0.95, 0.95]","[0.03, 0.015]","[1.0, 1.0, 0.29, 0.02]",1.0,1.0,0.29,0.02
2022-02-11,4,125,330,['Bpod6'],296,151,145,150,146,273,139,134,149,123,23,12,11,0.9222972972972973,0.9205298013245033,0.9241379310344827,296,151,145,167,86,81,0.5733333333333334,0.5547945205479452,128,64,64,0.4266666666666667,0.4383561643835616,0.9222972972972973,0.9205298013245033,0.9241379310344827,0.9222972972972973,0.0036081297099793685,0.8922155688622755,0.9609375,-0.06872193113772451,0.5640639269406393,0.4325114155251142,0,0,0,0.0,0.0,0.0,273,139,134,682.5,347.5,335.0,3,0,0,0,0.0,,"psych_curve(xdata=array([-70.,  70.]), ydata=[0.079, 0.924], fit=[0.08, 0.08, 0.08, 0.08, 0.08, 0.08, 0.08, 0.08, 0.08, 0.08, 0.08, 0.08, 0.08, 0.08, 0.08, 0.08, 0.08, 0.08, 0.08, 0.08, 0.08, 0.08, 0.08, 0.08, 0.08, 0.08, 0.08, 0.08, 0.08, 0.08, 0.08, 0.08, 0.08, 0.08, 0.08, 0.08, 0.08, 0.08, 0.08, 0.08, 0.08, 0.08, 0.08, 0.08, 0.08, 0.081, 0.082, 0.089, 0.115, 0.209, 0.439, 0.714, 0.858, 0.904, 0.916, 0.919, 0.92, 0.92, 0.92, 0.92, 0.92, 0.92, 0.92, 0.92, 0.92, 0.92, 0.92, 0.92, 0.92, 0.92, 0.92, 0.92, 0.92, 0.92, 0.92, 0.92, 0.92, 0.92, 0.92, 0.92, 0.92, 0.92, 0.92, 0.92, 0.92, 0.92, 0.92, 0.92, 0.92, 0.92, 0.92, 0.92, 0.92, 0.92, 0.92, 0.92, 0.92, 0.92, 0.92, 0.92], params=[1.0, 1.0, 0.08, 0.08], fit_error=[0.022, 0.022])",[-70.  70.],"[0.079, 0.924]","[0.08, 0.08, 0.08, 0.08, 0.08, 0.08, 0.08, 0.08, 0.08, 0.08, 0.08, 0.08, 0.08, 0.08, 0.08, 0.08, 0.08, 0.08, 0.08, 0.08, 0.08, 0.08, 0.08, 0.08, 0.08, 0.08, 0.08, 0.08, 0.08, 0.08, 0.08, 0.08, 0.08, 0.08, 0.08, 0.08, 0.08, 0.08, 0.08, 0.08, 0.08, 0.08, 0.08, 0.08, 0.08, 0.081, 0.082, 0.089, 0.115, 0.209, 0.439, 0.714, 0.858, 0.904, 0.916, 0.919, 0.92, 0.92, 0.92, 0.92, 0.92, 0.92, 0.92, 0.92, 0.92, 0.92, 0.92, 0.92, 0.92, 0.92, 0.92, 0.92, 0.92, 0.92, 0.92, 0.92, 0.92, 0.92, 0.92, 0.92, 0.92, 0.92, 0.92, 0.92, 0.92, 0.92, 0.92, 0.92, 0.92, 0.92, 0.92, 0.92, 0.92, 0.92, 0.92, 0.92, 0.92, 0.92, 0.92, 0.92]","[0.022, 0.022]","[1.0, 1.0, 0.08, 0.08]",1.0,1.0,0.08,0.08,"psych_curve(xdata=array([-70.,  70.]), ydata=[0.128, 0.968], fit=[nan, nan, nan, nan, nan, nan, nan, nan, nan, nan, nan, nan, nan, nan, nan, nan, nan, nan, nan, nan, nan, nan, nan, nan, nan, nan, nan, nan, nan, nan, nan, nan, nan, nan, nan, nan, nan, nan, nan, nan, nan, nan, nan, nan, nan, nan, nan, nan, nan, nan, nan, nan, nan, nan, nan, nan, nan, nan, nan, nan, nan, nan, nan, nan, nan, nan, nan, nan, nan, nan, nan, nan, nan, nan, nan, nan, nan, nan, nan, nan, nan, nan, nan, nan, nan, nan, nan, nan, nan, nan, nan, nan, nan, nan, nan, nan, nan, nan, nan, nan], params=[1.0, 1.0, 0.13, 0.03], fit_error=[0.028, 0.014])",[-70.  70.],"[0.079, 0.924]","[0.08, 0.08, 0.08, 0.08, 0.08, 0.08, 0.08, 0.08, 0.08, 0.08, 0.08, 0.08, 0.08, 0.08, 0.08, 0.08, 0.08, 0.08, 0.08, 0.08, 0.08, 0.08, 0.08, 0.08, 0.08, 0.08, 0.08, 0.08, 0.08, 0.08, 0.08, 0.08, 0.08, 0.08, 0.08, 0.08, 0.08, 0.08, 0.08, 0.08, 0.08, 0.08, 0.08, 0.08, 0.08, 0.081, 0.082, 0.089, 0.115, 0.209, 0.439, 0.714, 0.858, 0.904, 0.916, 0.919, 0.92, 0.92, 0.92, 0.92, 0.92, 0.92, 0.92, 0.92, 0.92, 0.92, 0.92, 0.92, 0.92, 0.92, 0.92, 0.92, 0.92, 0.92, 0.92, 0.92, 0.92, 0.92, 0.92, 0.92, 0.92, 0.92, 0.92, 0.92, 0.92, 0.92, 0.92, 0.92, 0.92, 0.92, 0.92, 0.92, 0.92, 0.92, 0.92, 0.92, 0.92, 0.92, 0.92, 0.92]","[0.022, 0.022]","[1.0, 1.0, 0.13, 0.03]",1.0,1.0,0.13,0.03
2022-02-14,0,128,330,['Bpod6'],513,257,256,248,265,452,222,230,254,196,61,35,26,0.8810916179337231,0.8638132295719845,0.8984375,513,257,256,310,146,164,0.5887096774193549,0.6188679245283019,201,101,100,0.40725806451612906,0.37735849056603776,0.8810916179337231,0.8638132295719845,0.8984375,0.8904665314401623,0.034624270428015524,0.8193548387096774,0.9751243781094527,-0.15576953939977534,0.6037888009738284,0.39230827754108344,0,0,0,0.0,0.0,0.0,452,222,230,1130.0,555.0,575.0,3,0,0,0,0.05000000000000045,,"psych_curve(xdata=array([-70.,  -8.,  -4.,  -2.,   0.,   2.,   4.,   8.,  70.]), ydata=[0.118, 0.2, 0.667, 0.667, 1.0, 0.75, 1.0, 1.0, 0.899], fit=[0.1, 0.1, 0.1, 0.1, 0.1, 0.1, 0.1, 0.1, 0.1, 0.1, 0.1, 0.1, 0.1, 0.1, 0.1, 0.1, 0.1, 0.1, 0.1, 0.1, 0.1, 0.1, 0.1, 0.1, 0.1, 0.1, 0.1, 0.1, 0.1, 0.1, 0.1, 0.1, 0.1, 0.1, 0.1, 0.1, 0.1, 0.101, 0.102, 0.104, 0.109, 0.119, 0.138, 0.176, 0.245, 0.354, 0.499, 0.649, 0.77, 0.849, 0.894, 0.917, 0.929, 0.935, 0.937, 0.939, 0.939, 0.94, 0.94, 0.94, 0.94, 0.94, 0.94, 0.94, 0.94, 0.94, 0.94, 0.94, 0.94, 0.94, 0.94, 0.94, 0.94, 0.94, 0.94, 0.94, 0.94, 0.94, 0.94, 0.94, 0.94, 0.94, 0.94, 0.94, 0.94, 0.94, 0.94, 0.94, 0.94, 0.94, 0.94, 0.94, 0.94, 0.94, 0.94, 0.94, 0.94, 0.94, 0.94, 0.94], params=[0.52, -4.76, 0.1, 0.06], fit_error=[0.021, 0.2, 0.333, 0.333, 0.0, 0.25, nan, 0.0, 0.019])",[-70.  -8.  -4.  -2.   0.   2.   4.   8.  70.],"[0.118, 0.2, 0.667, 0.667, 1.0, 0.75, 1.0, 1.0, 0.899]","[0.1, 0.1, 0.1, 0.1, 0.1, 0.1, 0.1, 0.1, 0.1, 0.1, 0.1, 0.1, 0.1, 0.1, 0.1, 0.1, 0.1, 0.1, 0.1, 0.1, 0.1, 0.1, 0.1, 0.1, 0.1, 0.1, 0.1, 0.1, 0.1, 0.1, 0.1, 0.1, 0.1, 0.1, 0.1, 0.1, 0.1, 0.101, 0.102, 0.104, 0.109, 0.119, 0.138, 0.176, 0.245, 0.354, 0.499, 0.649, 0.77, 0.849, 0.894, 0.917, 0.929, 0.935, 0.937, 0.939, 0.939, 0.94, 0.94, 0.94, 0.94, 0.94, 0.94, 0.94, 0.94, 0.94, 0.94, 0.94, 0.94, 0.94, 0.94, 0.94, 0.94, 0.94, 0.94, 0.94, 0.94, 0.94, 0.94, 0.94, 0.94, 0.94, 0.94, 0.94, 0.94, 0.94, 0.94, 0.94, 0.94, 0.94, 0.94, 0.94, 0.94, 0.94, 0.94, 0.94, 0.94, 0.94, 0.94, 0.94]","[0.021, 0.2, 0.333, 0.333, 0.0, 0.25, nan, 0.0, 0.019]","[0.52, -4.76, 0.1, 0.06]",0.52,-4.76,0.1,0.06,"psych_curve(xdata=array([-70.,  -8.,  -4.,  -2.,   0.,   2.,   4.,   8.,  70.]), ydata=[0.21, 0.333, 1.0, 0.333, 1.0, 0.5, 1.0, 1.0, 0.988], fit=[nan, nan, nan, nan, nan, nan, nan, nan, nan, nan, nan, nan, nan, nan, nan, nan, nan, nan, nan, nan, nan, nan, nan, nan, nan, nan, nan, nan, nan, nan, nan, nan, nan, nan, nan, nan, nan, nan, nan, nan, nan, nan, nan, nan, nan, nan, nan, nan, nan, nan, nan, nan, nan, nan, nan, nan, nan, nan, nan, nan, nan, nan, nan, nan, nan, nan, nan, nan, nan, nan, nan, nan, nan, nan, nan, nan, nan, nan, nan, nan, nan, nan, nan, nan, nan, nan, nan, nan, nan, nan, nan, nan, nan, nan, nan, nan, nan, nan, nan, nan], params=[0.2, -4.23, 0.2, -0.01], fit_error=[0.026, 0.333, 0.0, 0.333, 0.0, 0.289, 0.0, 0.0, 0.007])",[-70.  -8.  -4.  -2.   0.   2.   4.   8.  70.],"[0.118, 0.2, 0.667, 0.667, 1.0, 0.75, 1.0, 1.0, 0.899]","[0.1, 0.1, 0.1, 0.1, 0.1, 0.1, 0.1, 0.1, 0.1, 0.1, 0.1, 0.1, 0.1, 0.1, 0.1, 0.1, 0.1, 0.1, 0.1, 0.1, 0.1, 0.1, 0.1, 0.1, 0.1, 0.1, 0.1, 0.1, 0.1, 0.1, 0.1, 0.1, 0.1, 0.1, 0.1, 0.1, 0.1, 0.101, 0.102, 0.104, 0.109, 0.119, 0.138, 0.176, 0.245, 0.354, 0.499, 0.649, 0.77, 0.849, 0.894, 0.917, 0.929, 0.935, 0.937, 0.939, 0.939, 0.94, 0.94, 0.94, 0.94, 0.94, 0.94, 0.94, 0.94, 0.94, 0.94, 0.94, 0.94, 0.94, 0.94, 0.94, 0.94, 0.94, 0.94, 0.94, 0.94, 0.94, 0.94, 0.94, 0.94, 0.94, 0.94, 0.94, 0.94, 0.94, 0.94, 0.94, 0.94, 0.94, 0.94, 0.94, 0.94, 0.94, 0.94, 0.94, 0.94, 0.94, 0.94, 0.94]","[0.021, 0.2, 0.333, 0.333, 0.0, 0.25, nan, 0.0, 0.019]","[0.2, -4.23, 0.2, -0.01]",0.2,-4.23,0.2,-0.01
2022-02-15,1,129,330,['Bpod6'],434,210,224,193,232,390,182,208,216,172,35,24,11,0.8986175115207373,0.8666666666666667,0.9285714285714286,425,206,219,245,104,141,0.538860103626943,0.6077586206896551,178,89,89,0.46113989637305697,0.38362068965517243,0.9176470588235294,0.883495145631068,0.9497716894977168,0.9362745098039216,0.06627654386664883,0.8816326530612245,0.9662921348314607,-0.08465948177023619,0.5733093621582991,0.4223802930141147,9,4,5,0.020737327188940093,0.01904761904761905,0.022321428571428572,390,182,208,975.0,455.0,520.0,4,0,0,0,0.0500000000000004,,"psych_curve(xdata=array([-70.,  -8.,  -4.,  -2.,   0.,   2.,   4.,   8.,  70.]), ydata=[0.096, 0.0, 1.0, 1.0, 0.667, 1.0, 0.0, 0.667, 0.967], fit=[-0.865, -0.865, -0.865, -0.865, -0.865, -0.865, -0.865, -0.865, -0.865, -0.865, -0.865, -0.865, -0.865, -0.865, -0.865, -0.865, -0.865, -0.865, -0.865, -0.865, -0.865, -0.865, -0.865, -0.865, -0.865, -0.865, -0.865, -0.865, -0.865, -0.865, -0.865, -0.865, -0.865, -0.865, -0.865, -0.865, -0.865, -0.865, -0.865, -0.865, -0.865, -0.865, -0.865, -0.865, -0.865, -0.865, -0.865, -0.865, -0.865, -0.865, -0.865, -0.865, -0.865, -0.865, -0.865, -0.865, -0.865, -0.865, -0.865, -0.865, -0.865, -0.865, -0.865, -0.865, -0.865, -0.865, -0.865, -0.865, -0.865, -0.865, -0.865, -0.865, -0.865, -0.865, -0.865, -0.865, -0.865, -0.865, -0.865, -0.865, -0.865, -0.865, -0.865, -0.865, -0.865, -0.865, -0.865, -0.865, -0.865, -0.865, -0.865, -0.865, -0.865, -0.865, -0.865, -0.865, -0.865, -0.865, -0.865, -0.865], params=[0.0, -232.81, -15.24, -12.51], fit_error=[0.021, 0.0, 0.0, 0.0, 0.333, nan, 0.0, 0.333, 0.012])",[-70.  -8.  -4.  -2.   0.   2.   4.   8.  70.],"[0.096, 0.0, 1.0, 1.0, 0.667, 1.0, 0.0, 0.667, 0.967]","[-0.865, -0.865, -0.865, -0.865, -0.865, -0.865, -0.865, -0.865, -0.865, -0.865, -0.865, -0.865, -0.865, -0.865, -0.865, -0.865, -0.865, -0.865, -0.865, -0.865, -0.865, -0.865, -0.865, -0.865, -0.865, -0.865, -0.865, -0.865, -0.865, -0.865, -0.865, -0.865, -0.865, -0.865, -0.865, -0.865, -0.865, -0.865, -0.865, -0.865, -0.865, -0.865, -0.865, -0.865, -0.865, -0.865, -0.865, -0.865, -0.865, -0.865, -0.865, -0.865, -0.865, -0.865, -0.865, -0.865, -0.865, -0.865, -0.865, -0.865, -0.865, -0.865, -0.865, -0.865, -0.865, -0.865, -0.865, -0.865, -0.865, -0.865, -0.865, -0.865, -0.865, -0.865, -0.865, -0.865, -0.865, -0.865, -0.865, -0.865, -0.865, -0.865, -0.865, -0.865, -0.865, -0.865, -0.865, -0.865, -0.865, -0.865, -0.865, -0.865, -0.865, -0.865, -0.865, -0.865, -0.865, -0.865, -0.865, -0.865]","[0.021, 0.0, 0.0, 0.0, 0.333, nan, 0.0, 0.333, 0.012]","[0.0, -232.81, -15.24, -12.51]",0.0,-232.81,-15.24,-12.51,"psych_curve(xdata=array([-70.,  -8.,  -4.,  -2.,  -0.,   2.,   4.,   8.,  70.]), ydata=[0.123, 0.0, 1.0, 1.0, 1.0, 0.333, 0.0, 0.8, 0.991], fit=[nan, nan, nan, nan, nan, nan, nan, nan, nan, nan, nan, nan, nan, nan, nan, nan, nan, nan, nan, nan, nan, nan, nan, nan, nan, nan, nan, nan, nan, nan, nan, nan, nan, nan, nan, nan, nan, nan, nan, nan, nan, nan, nan, nan, nan, nan, nan, nan, nan, nan, nan, nan, nan, nan, nan, nan, nan, nan, nan, nan, nan, nan, nan, nan, nan, nan, nan, nan, nan, nan, nan, nan, nan, nan, nan, nan, nan, nan, nan, nan, nan, nan, nan, nan, nan, nan, nan, nan, nan, nan, nan, nan, nan, nan, nan, nan, nan, nan, nan, nan], params=[0.0, -1.54, -5.68, -5.83], fit_error=[0.024, nan, 0.0, nan, 0.0, 0.333, nan, 0.2, 0.007])",[-70.  -8.  -4.  -2.   0.   2.   4.   8.  70.],"[0.096, 0.0, 1.0, 1.0, 0.667, 1.0, 0.0, 0.667, 0.967]","[-0.865, -0.865, -0.865, -0.865, -0.865, -0.865, -0.865, -0.865, -0.865, -0.865, -0.865, -0.865, -0.865, -0.865, -0.865, -0.865, -0.865, -0.865, -0.865, -0.865, -0.865, -0.865, -0.865, -0.865, -0.865, -0.865, -0.865, -0.865, -0.865, -0.865, -0.865, -0.865, -0.865, -0.865, -0.865, -0.865, -0.865, -0.865, -0.865, -0.865, -0.865, -0.865, -0.865, -0.865, -0.865, -0.865, -0.865, -0.865, -0.865, -0.865, -0.865, -0.865, -0.865, -0.865, -0.865, -0.865, -0.865, -0.865, -0.865, -0.865, -0.865, -0.865, -0.865, -0.865, -0.865, -0.865, -0.865, -0.865, -0.865, -0.865, -0.865, -0.865, -0.865, -0.865, -0.865, -0.865, -0.865, -0.865, -0.865, -0.865, -0.865, -0.865, -0.865, -0.865, -0.865, -0.865, -0.865, -0.865, -0.865, -0.865, -0.865, -0.865, -0.865, -0.865, -0.865, -0.865, -0.865, -0.865, -0.865, -0.865]","[0.021, 0.0, 0.0, 0.0, 0.333, nan, 0.0, 0.333, 0.012]","[0.0, -1.54, -5.68, -5.83]",0.0,-1.54,-5.68,-5.83
2022-02-16,2,130,330,['Bpod6'],522,245,277,244,278,461,214,247,243,217,61,31,30,0.8831417624521073,0.8734693877551021,0.8916967509025271,522,245,277,290,128,162,0.5245901639344263,0.5827338129496403,231,116,115,0.47540983606557374,0.4136690647482014,0.8831417624521073,0.8734693877551021,0.8916967509025271,0.899581589958159,0.018227363147425013,0.8379310344827586,0.9393939393939394,-0.10146290491118082,0.5536619884420333,0.4445394504068876,0,0,0,0.0,0.0,0.0,461,214,247,1152.5,535.0,617.5,4,0,0,0,0.10000000000000091,,"psych_curve(xdata=array([-70.,  -8.,  -4.,  -2.,   0.,   2.,   4.,   8.,  70.]), ydata=[0.117, 0.0, 0.2, 0.6, 0.333, 0.667, 0.6, 0.75, 0.914], fit=[0.04, 0.04, 0.04, 0.04, 0.04, 0.04, 0.04, 0.04, 0.04, 0.04, 0.04, 0.04, 0.04, 0.04, 0.04, 0.04, 0.04, 0.04, 0.04, 0.04, 0.04, 0.04, 0.04, 0.04, 0.04, 0.04, 0.04, 0.04, 0.04, 0.04, 0.041, 0.041, 0.041, 0.042, 0.042, 0.044, 0.045, 0.048, 0.051, 0.056, 0.063, 0.074, 0.088, 0.109, 0.137, 0.175, 0.224, 0.284, 0.354, 0.432, 0.511, 0.586, 0.652, 0.708, 0.752, 0.786, 0.81, 0.828, 0.841, 0.85, 0.856, 0.861, 0.864, 0.866, 0.867, 0.868, 0.869, 0.869, 0.869, 0.87, 0.87, 0.87, 0.87, 0.87, 0.87, 0.87, 0.87, 0.87, 0.87, 0.87, 0.87, 0.87, 0.87, 0.87, 0.87, 0.87, 0.87, 0.87, 0.87, 0.87, 0.87, 0.87, 0.87, 0.87, 0.87, 0.87, 0.87, 0.87, 0.87, 0.87], params=[0.27, -0.29, 0.04, 0.13], fit_error=[0.022, 0.0, 0.133, 0.245, 0.211, 0.167, 0.245, 0.25, 0.018])",[-70.  -8.  -4.  -2.   0.   2.   4.   8.  70.],"[0.117, 0.0, 0.2, 0.6, 0.333, 0.667, 0.6, 0.75, 0.914]","[0.04, 0.04, 0.04, 0.04, 0.04, 0.04, 0.04, 0.04, 0.04, 0.04, 0.04, 0.04, 0.04, 0.04, 0.04, 0.04, 0.04, 0.04, 0.04, 0.04, 0.04, 0.04, 0.04, 0.04, 0.04, 0.04, 0.04, 0.04, 0.04, 0.04, 0.041, 0.041, 0.041, 0.042, 0.042, 0.044, 0.045, 0.048, 0.051, 0.056, 0.063, 0.074, 0.088, 0.109, 0.137, 0.175, 0.224, 0.284, 0.354, 0.432, 0.511, 0.586, 0.652, 0.708, 0.752, 0.786, 0.81, 0.828, 0.841, 0.85, 0.856, 0.861, 0.864, 0.866, 0.867, 0.868, 0.869, 0.869, 0.869, 0.87, 0.87, 0.87, 0.87, 0.87, 0.87, 0.87, 0.87, 0.87, 0.87, 0.87, 0.87, 0.87, 0.87, 0.87, 0.87, 0.87, 0.87, 0.87, 0.87, 0.87, 0.87, 0.87, 0.87, 0.87, 0.87, 0.87, 0.87, 0.87, 0.87, 0.87]","[0.022, 0.0, 0.133, 0.245, 0.211, 0.167, 0.245, 0.25, 0.018]","[0.27, -0.29, 0.04, 0.13]",0.27,-0.29,0.04,0.13,"psych_curve(xdata=array([-70.,  -8.,  -4.,  -2.,  -0.,   2.,   4.,   8.,  70.]), ydata=[0.16, 0.2, 0.5, 0.429, 0.667, 0.571, 0.889, 1.0, 0.961], fit=[nan, nan, nan, nan, nan, nan, nan, nan, nan, nan, nan, nan, nan, nan, nan, nan, nan, nan, nan, nan, nan, nan, nan, nan, nan, nan, nan, nan, nan, nan, nan, nan, nan, nan, nan, nan, nan, nan, nan, nan, nan, nan, nan, nan, nan, nan, nan, nan, nan, nan, nan, nan, nan, nan, nan, nan, nan, nan, nan, nan, nan, nan, nan, nan, nan, nan, nan, nan, nan, nan, nan, nan, nan, nan, nan, nan, nan, nan, nan, nan, nan, nan, nan, nan, nan, nan, nan, nan, nan, nan, nan, nan, nan, nan, nan, nan, nan, nan, nan, nan], params=[0.28, -0.48, 0.16, -0.01], fit_error=[0.024, 0.2, 0.224, 0.202, 0.211, 0.202, 0.111, 0.0, 0.013])",[-70.  -8.  -4.  -2.   0.   2.   4.   8.  70.],"[0.117, 0.0, 0.2, 0.6, 0.333, 0.667, 0.6, 0.75, 0.914]","[0.04, 0.04, 0.04, 0.04, 0.04, 0.04, 0.04, 0.04, 0.04, 0.04, 0.04, 0.04, 0.04, 0.04, 0.04, 0.04, 0.04, 0.04, 0.04, 0.04, 0.04, 0.04, 0.04, 0.04, 0.04, 0.04, 0.04, 0.04, 0.04, 0.04, 0.041, 0.041, 0.041, 0.042, 0.042, 0.044, 0.045, 0.048, 0.051, 0.056, 0.063, 0.074, 0.088, 0.109, 0.137, 0.175, 0.224, 0.284, 0.354, 0.432, 0.511, 0.586, 0.652, 0.708, 0.752, 0.786, 0.81, 0.828, 0.841, 0.85, 0.856, 0.861, 0.864, 0.866, 0.867, 0.868, 0.869, 0.869, 0.869, 0.87, 0.87, 0.87, 0.87, 0.87, 0.87, 0.87, 0.87, 0.87, 0.87, 0.87, 0.87, 0.87, 0.87, 0.87, 0.87, 0.87, 0.87, 0.87, 0.87, 0.87, 0.87, 0.87, 0.87, 0.87, 0.87, 0.87, 0.87, 0.87, 0.87, 0.87]","[0.022, 0.0, 0.133, 0.245, 0.211, 0.167, 0.245, 0.25, 0.018]","[0.28, -0.48, 0.16, -0.01]",0.28,-0.48,0.16,-0.01
2022-02-21,0,135,330,['Bpod6'],444,216,228,236,208,372,190,182,214,157,72,26,46,0.8378378378378378,0.8796296296296297,0.7982456140350878,444,216,228,273,151,122,0.6398305084745762,0.5865384615384616,170,85,85,0.3601694915254237,0.40865384615384615,0.8378378378378378,0.8796296296296297,0.7982456140350878,0.8470873786407767,-0.08138401559454189,0.7838827838827839,0.9235294117647059,-0.13964662788192206,0.6131844850065189,0.38441166883963496,0,0,0,0.0,0.0,0.0,372,190,182,930.0,475.0,455.0,4,0,0,0,0.10000000000000081,,"psych_curve(xdata=array([-70.,  -8.,  -4.,  -2.,   0.,   2.,   4.,   8.,  70.]), ydata=[0.117, 0.0, 0.0, 0.0, 0.5, 0.625, 0.667, 1.0, 0.812], fit=[0.01, 0.01, 0.01, 0.01, 0.01, 0.01, 0.01, 0.01, 0.01, 0.01, 0.01, 0.01, 0.01, 0.01, 0.01, 0.01, 0.01, 0.01, 0.01, 0.01, 0.01, 0.01, 0.01, 0.01, 0.01, 0.01, 0.01, 0.01, 0.01, 0.01, 0.01, 0.01, 0.01, 0.01, 0.01, 0.01, 0.01, 0.01, 0.01, 0.01, 0.01, 0.01, 0.01, 0.011, 0.012, 0.015, 0.025, 0.052, 0.121, 0.27, 0.487, 0.677, 0.781, 0.825, 0.841, 0.847, 0.849, 0.85, 0.85, 0.85, 0.85, 0.85, 0.85, 0.85, 0.85, 0.85, 0.85, 0.85, 0.85, 0.85, 0.85, 0.85, 0.85, 0.85, 0.85, 0.85, 0.85, 0.85, 0.85, 0.85, 0.85, 0.85, 0.85, 0.85, 0.85, 0.85, 0.85, 0.85, 0.85, 0.85, 0.85, 0.85, 0.85, 0.85, 0.85, 0.85, 0.85, 0.85, 0.85, 0.85], params=[0.76, 0.35, 0.01, 0.15], fit_error=[0.023, nan, 0.0, 0.0, 0.289, 0.183, 0.211, 0.0, 0.027])",[-70.  -8.  -4.  -2.   0.   2.   4.   8.  70.],"[0.117, 0.0, 0.0, 0.0, 0.5, 0.625, 0.667, 1.0, 0.812]","[0.01, 0.01, 0.01, 0.01, 0.01, 0.01, 0.01, 0.01, 0.01, 0.01, 0.01, 0.01, 0.01, 0.01, 0.01, 0.01, 0.01, 0.01, 0.01, 0.01, 0.01, 0.01, 0.01, 0.01, 0.01, 0.01, 0.01, 0.01, 0.01, 0.01, 0.01, 0.01, 0.01, 0.01, 0.01, 0.01, 0.01, 0.01, 0.01, 0.01, 0.01, 0.01, 0.01, 0.011, 0.012, 0.015, 0.025, 0.052, 0.121, 0.27, 0.487, 0.677, 0.781, 0.825, 0.841, 0.847, 0.849, 0.85, 0.85, 0.85, 0.85, 0.85, 0.85, 0.85, 0.85, 0.85, 0.85, 0.85, 0.85, 0.85, 0.85, 0.85, 0.85, 0.85, 0.85, 0.85, 0.85, 0.85, 0.85, 0.85, 0.85, 0.85, 0.85, 0.85, 0.85, 0.85, 0.85, 0.85, 0.85, 0.85, 0.85, 0.85, 0.85, 0.85, 0.85, 0.85, 0.85, 0.85, 0.85, 0.85]","[0.023, nan, 0.0, 0.0, 0.289, 0.183, 0.211, 0.0, 0.027]","[0.76, 0.35, 0.01, 0.15]",0.76,0.35,0.01,0.15,"psych_curve(xdata=array([-70.,  -8.,  -4.,  -2.,  -0.,   2.,   4.,   8.,  70.]), ydata=[0.27, 0.0, 0.167, 0.333, 0.5, 0.75, 0.833, 1.0, 0.957], fit=[nan, nan, nan, nan, nan, nan, nan, nan, nan, nan, nan, nan, nan, nan, nan, nan, nan, nan, nan, nan, nan, nan, nan, nan, nan, nan, nan, nan, nan, nan, nan, nan, nan, nan, nan, nan, nan, nan, nan, nan, nan, nan, nan, nan, nan, nan, nan, nan, nan, nan, nan, nan, nan, nan, nan, nan, nan, nan, nan, nan, nan, nan, nan, nan, nan, nan, nan, nan, nan, nan, nan, nan, nan, nan, nan, nan, nan, nan, nan, nan, nan, nan, nan, nan, nan, nan, nan, nan, nan, nan, nan, nan, nan, nan, nan, nan, nan, nan, nan, nan], params=[0.57, 0.37, 0.13, 0.03], fit_error=[0.031, 0.0, 0.167, 0.211, 0.289, 0.25, 0.167, 0.0, 0.014])",[-70.  -8.  -4.  -2.   0.   2.   4.   8.  70.],"[0.117, 0.0, 0.0, 0.0, 0.5, 0.625, 0.667, 1.0, 0.812]","[0.01, 0.01, 0.01, 0.01, 0.01, 0.01, 0.01, 0.01, 0.01, 0.01, 0.01, 0.01, 0.01, 0.01, 0.01, 0.01, 0.01, 0.01, 0.01, 0.01, 0.01, 0.01, 0.01, 0.01, 0.01, 0.01, 0.01, 0.01, 0.01, 0.01, 0.01, 0.01, 0.01, 0.01, 0.01, 0.01, 0.01, 0.01, 0.01, 0.01, 0.01, 0.01, 0.01, 0.011, 0.012, 0.015, 0.025, 0.052, 0.121, 0.27, 0.487, 0.677, 0.781, 0.825, 0.841, 0.847, 0.849, 0.85, 0.85, 0.85, 0.85, 0.85, 0.85, 0.85, 0.85, 0.85, 0.85, 0.85, 0.85, 0.85, 0.85, 0.85, 0.85, 0.85, 0.85, 0.85, 0.85, 0.85, 0.85, 0.85, 0.85, 0.85, 0.85, 0.85, 0.85, 0.85, 0.85, 0.85, 0.85, 0.85, 0.85, 0.85, 0.85, 0.85, 0.85, 0.85, 0.85, 0.85, 0.85, 0.85]","[0.023, nan, 0.0, 0.0, 0.289, 0.183, 0.211, 0.0, 0.027]","[0.57, 0.37, 0.13, 0.03]",0.57,0.37,0.13,0.03
2022-02-22,1,136,330,['Bpod6'],522,262,260,248,274,460,224,236,245,214,62,38,24,0.8812260536398467,0.8549618320610687,0.9076923076923077,522,262,260,297,136,161,0.5483870967741935,0.5875912408759124,224,112,112,0.45161290322580644,0.40875912408759124,0.8812260536398467,0.8549618320610687,0.9076923076923077,0.8924731182795699,0.052730475631239004,0.8249158249158249,0.9553571428571429,-0.13044131794131797,0.5679891688250529,0.43018601365669884,0,0,0,0.0,0.0,0.0,460,224,236,1150.0,560.0,590.0,4,0,0,0,0.15000000000000022,,"psych_curve(xdata=array([-70.,  -8.,  -4.,  -2.,   0.,   2.,   4.,   8.,  70.]), ydata=[0.147, 0.1, 0.0, 0.2, 0.5, 0.5, 0.727, 0.778, 0.931], fit=[0.07, 0.07, 0.07, 0.07, 0.07, 0.07, 0.07, 0.07, 0.07, 0.07, 0.07, 0.07, 0.07, 0.07, 0.07, 0.07, 0.07, 0.07, 0.07, 0.07, 0.07, 0.07, 0.07, 0.07, 0.07, 0.07, 0.07, 0.07, 0.07, 0.07, 0.07, 0.07, 0.07, 0.07, 0.07, 0.07, 0.07, 0.07, 0.07, 0.07, 0.071, 0.071, 0.072, 0.075, 0.08, 0.09, 0.109, 0.145, 0.209, 0.308, 0.439, 0.576, 0.688, 0.765, 0.81, 0.835, 0.847, 0.854, 0.857, 0.858, 0.859, 0.86, 0.86, 0.86, 0.86, 0.86, 0.86, 0.86, 0.86, 0.86, 0.86, 0.86, 0.86, 0.86, 0.86, 0.86, 0.86, 0.86, 0.86, 0.86, 0.86, 0.86, 0.86, 0.86, 0.86, 0.86, 0.86, 0.86, 0.86, 0.86, 0.86, 0.86, 0.86, 0.86, 0.86, 0.86, 0.86, 0.86, 0.86, 0.86], params=[0.5, 0.97, 0.07, 0.14], fit_error=[0.023, 0.1, 0.0, 0.133, 0.289, 0.224, 0.141, 0.147, 0.017])",[-70.  -8.  -4.  -2.   0.   2.   4.   8.  70.],"[0.147, 0.1, 0.0, 0.2, 0.5, 0.5, 0.727, 0.778, 0.931]","[0.07, 0.07, 0.07, 0.07, 0.07, 0.07, 0.07, 0.07, 0.07, 0.07, 0.07, 0.07, 0.07, 0.07, 0.07, 0.07, 0.07, 0.07, 0.07, 0.07, 0.07, 0.07, 0.07, 0.07, 0.07, 0.07, 0.07, 0.07, 0.07, 0.07, 0.07, 0.07, 0.07, 0.07, 0.07, 0.07, 0.07, 0.07, 0.07, 0.07, 0.071, 0.071, 0.072, 0.075, 0.08, 0.09, 0.109, 0.145, 0.209, 0.308, 0.439, 0.576, 0.688, 0.765, 0.81, 0.835, 0.847, 0.854, 0.857, 0.858, 0.859, 0.86, 0.86, 0.86, 0.86, 0.86, 0.86, 0.86, 0.86, 0.86, 0.86, 0.86, 0.86, 0.86, 0.86, 0.86, 0.86, 0.86, 0.86, 0.86, 0.86, 0.86, 0.86, 0.86, 0.86, 0.86, 0.86, 0.86, 0.86, 0.86, 0.86, 0.86, 0.86, 0.86, 0.86, 0.86, 0.86, 0.86, 0.86, 0.86]","[0.023, 0.1, 0.0, 0.133, 0.289, 0.224, 0.141, 0.147, 0.017]","[0.5, 0.97, 0.07, 0.14]",0.5,0.97,0.07,0.14,"psych_curve(xdata=array([-70.,  -8.,  -4.,  -2.,  -0.,   2.,   4.,   8.,  70.]), ydata=[0.184, 0.3, 0.2, 0.333, 0.5, 0.714, 0.875, 1.0, 0.97], fit=[nan, nan, nan, nan, nan, nan, nan, nan, nan, nan, nan, nan, nan, nan, nan, nan, nan, nan, nan, nan, nan, nan, nan, nan, nan, nan, nan, nan, nan, nan, nan, nan, nan, nan, nan, nan, nan, nan, nan, nan, nan, nan, nan, nan, nan, nan, nan, nan, nan, nan, nan, nan, nan, nan, nan, nan, nan, nan, nan, nan, nan, nan, nan, nan, nan, nan, nan, nan, nan, nan, nan, nan, nan, nan, nan, nan, nan, nan, nan, nan, nan, nan, nan, nan, nan, nan, nan, nan, nan, nan, nan, nan, nan, nan, nan, nan, nan, nan, nan, nan], params=[0.62, 1.0, 0.22, 0.01], fit_error=[0.025, 0.153, 0.133, 0.167, 0.289, 0.184, 0.125, 0.0, 0.011])",[-70.  -8.  -4.  -2.   0.   2.   4.   8.  70.],"[0.147, 0.1, 0.0, 0.2, 0.5, 0.5, 0.727, 0.778, 0.931]","[0.07, 0.07, 0.07, 0.07, 0.07, 0.07, 0.07, 0.07, 0.07, 0.07, 0.07, 0.07, 0.07, 0.07, 0.07, 0.07, 0.07, 0.07, 0.07, 0.07, 0.07, 0.07, 0.07, 0.07, 0.07, 0.07, 0.07, 0.07, 0.07, 0.07, 0.07, 0.07, 0.07, 0.07, 0.07, 0.07, 0.07, 0.07, 0.07, 0.07, 0.071, 0.071, 0.072, 0.075, 0.08, 0.09, 0.109, 0.145, 0.209, 0.308, 0.439, 0.576, 0.688, 0.765, 0.81, 0.835, 0.847, 0.854, 0.857, 0.858, 0.859, 0.86, 0.86, 0.86, 0.86, 0.86, 0.86, 0.86, 0.86, 0.86, 0.86, 0.86, 0.86, 0.86, 0.86, 0.86, 0.86, 0.86, 0.86, 0.86, 0.86, 0.86, 0.86, 0.86, 0.86, 0.86, 0.86, 0.86, 0.86, 0.86, 0.86, 0.86, 0.86, 0.86, 0.86, 0.86, 0.86, 0.86, 0.86, 0.86]","[0.023, 0.1, 0.0, 0.133, 0.289, 0.224, 0.141, 0.147, 0.017]","[0.62, 1.0, 0.22, 0.01]",0.62,1.0,0.22,0.01
2022-02-23,2,137,330,['Bpod6'],620,318,302,296,323,547,271,276,299,247,72,47,25,0.882258064516129,0.8522012578616353,0.9139072847682119,619,318,301,361,166,195,0.5608108108108109,0.6037151702786377,256,128,128,0.43243243243243246,0.39628482972136225,0.8836833602584814,0.8522012578616353,0.9169435215946844,0.9022988505747126,0.06474226373304914,0.8282548476454293,0.96484375,-0.13658890235457066,0.5822629905447243,0.41435863107689735,1,0,1,0.0016129032258064516,0.0,0.0033112582781456954,547,271,276,1367.5,677.5,690.0,4,0,0,0,0.20000000000000198,,"psych_curve(xdata=array([-70.,  -8.,  -4.,  -2.,   0.,   2.,   4.,   8.,  70.]), ydata=[0.132, 0.0, 0.188, 0.19, 0.471, 0.8, 0.846, 1.0, 0.936], fit=[0.09, 0.09, 0.09, 0.09, 0.09, 0.09, 0.09, 0.09, 0.09, 0.09, 0.09, 0.09, 0.09, 0.09, 0.09, 0.09, 0.09, 0.09, 0.09, 0.09, 0.09, 0.09, 0.09, 0.09, 0.09, 0.09, 0.09, 0.09, 0.09, 0.09, 0.09, 0.09, 0.09, 0.09, 0.09, 0.09, 0.09, 0.09, 0.09, 0.09, 0.09, 0.09, 0.09, 0.091, 0.092, 0.096, 0.108, 0.139, 0.215, 0.371, 0.589, 0.776, 0.88, 0.924, 0.941, 0.947, 0.949, 0.95, 0.95, 0.95, 0.95, 0.95, 0.95, 0.95, 0.95, 0.95, 0.95, 0.95, 0.95, 0.95, 0.95, 0.95, 0.95, 0.95, 0.95, 0.95, 0.95, 0.95, 0.95, 0.95, 0.95, 0.95, 0.95, 0.95, 0.95, 0.95, 0.95, 0.95, 0.95, 0.95, 0.95, 0.95, 0.95, 0.95, 0.95, 0.95, 0.95, 0.95, 0.95, 0.95], params=[0.74, 0.27, 0.09, 0.05], fit_error=[0.021, 0.0, 0.101, 0.088, 0.125, 0.133, 0.104, 0.0, 0.015])",[-70.  -8.  -4.  -2.   0.   2.   4.   8.  70.],"[0.132, 0.0, 0.188, 0.19, 0.471, 0.8, 0.846, 1.0, 0.936]","[0.09, 0.09, 0.09, 0.09, 0.09, 0.09, 0.09, 0.09, 0.09, 0.09, 0.09, 0.09, 0.09, 0.09, 0.09, 0.09, 0.09, 0.09, 0.09, 0.09, 0.09, 0.09, 0.09, 0.09, 0.09, 0.09, 0.09, 0.09, 0.09, 0.09, 0.09, 0.09, 0.09, 0.09, 0.09, 0.09, 0.09, 0.09, 0.09, 0.09, 0.09, 0.09, 0.09, 0.091, 0.092, 0.096, 0.108, 0.139, 0.215, 0.371, 0.589, 0.776, 0.88, 0.924, 0.941, 0.947, 0.949, 0.95, 0.95, 0.95, 0.95, 0.95, 0.95, 0.95, 0.95, 0.95, 0.95, 0.95, 0.95, 0.95, 0.95, 0.95, 0.95, 0.95, 0.95, 0.95, 0.95, 0.95, 0.95, 0.95, 0.95, 0.95, 0.95, 0.95, 0.95, 0.95, 0.95, 0.95, 0.95, 0.95, 0.95, 0.95, 0.95, 0.95, 0.95, 0.95, 0.95, 0.95, 0.95, 0.95]","[0.021, 0.0, 0.101, 0.088, 0.125, 0.133, 0.104, 0.0, 0.015]","[0.74, 0.27, 0.09, 0.05]",0.74,0.27,0.09,0.05,"psych_curve(xdata=array([-70.,  -8.,  -4.,  -2.,   0.,   2.,   4.,   8.,  70.]), ydata=[0.172, 0.0, 0.231, 0.375, 0.706, 1.0, 0.875, 1.0, 0.981], fit=[nan, nan, nan, nan, nan, nan, nan, nan, nan, nan, nan, nan, nan, nan, nan, nan, nan, nan, nan, nan, nan, nan, nan, nan, nan, nan, nan, nan, nan, nan, nan, nan, nan, nan, nan, nan, nan, nan, nan, nan, nan, nan, nan, nan, nan, nan, nan, nan, nan, nan, nan, nan, nan, nan, nan, nan, nan, nan, nan, nan, nan, nan, nan, nan, nan, nan, nan, nan, nan, nan, nan, nan, nan, nan, nan, nan, nan, nan, nan, nan, nan, nan, nan, nan, nan, nan, nan, nan, nan, nan, nan, nan, nan, nan, nan, nan, nan, nan, nan, nan], params=[0.81, -1.13, 0.1, 0.02], fit_error=[0.023, 0.0, 0.122, 0.125, 0.114, 0.0, 0.085, 0.0, 0.009])",[-70.  -8.  -4.  -2.   0.   2.   4.   8.  70.],"[0.132, 0.0, 0.188, 0.19, 0.471, 0.8, 0.846, 1.0, 0.936]","[0.09, 0.09, 0.09, 0.09, 0.09, 0.09, 0.09, 0.09, 0.09, 0.09, 0.09, 0.09, 0.09, 0.09, 0.09, 0.09, 0.09, 0.09, 0.09, 0.09, 0.09, 0.09, 0.09, 0.09, 0.09, 0.09, 0.09, 0.09, 0.09, 0.09, 0.09, 0.09, 0.09, 0.09, 0.09, 0.09, 0.09, 0.09, 0.09, 0.09, 0.09, 0.09, 0.09, 0.091, 0.092, 0.096, 0.108, 0.139, 0.215, 0.371, 0.589, 0.776, 0.88, 0.924, 0.941, 0.947, 0.949, 0.95, 0.95, 0.95, 0.95, 0.95, 0.95, 0.95, 0.95, 0.95, 0.95, 0.95, 0.95, 0.95, 0.95, 0.95, 0.95, 0.95, 0.95, 0.95, 0.95, 0.95, 0.95, 0.95, 0.95, 0.95, 0.95, 0.95, 0.95, 0.95, 0.95, 0.95, 0.95, 0.95, 0.95, 0.95, 0.95, 0.95, 0.95, 0.95, 0.95, 0.95, 0.95, 0.95]","[0.021, 0.0, 0.101, 0.088, 0.125, 0.133, 0.104, 0.0, 0.015]","[0.81, -1.13, 0.1, 0.02]",0.81,-1.13,0.1,0.02
2022-02-24,3,138,330,['Bpod6'],563,269,294,252,311,498,228,270,257,240,65,41,24,0.8845470692717584,0.8475836431226765,0.9183673469387755,563,269,294,311,126,185,0.5,0.594855305466238,251,126,125,0.5,0.40192926045016075,0.8845470692717584,0.8475836431226765,0.9183673469387755,0.9034334763948498,0.070783703816099,0.8263665594855305,0.9561752988047809,-0.1298087393192504,0.547427652733119,0.4509646302250804,0,0,0,0.0,0.0,0.0,498,228,270,1245.0,570.0,675.0,4,0,0,1,0.25,,"psych_curve(xdata=array([-70.,  -8.,  -4.,  -2.,   0.,   2.,   4.,   8.,  70.]), ydata=[0.135, 0.2, 0.077, 0.333, 0.455, 0.923, 0.727, 0.947, 0.939], fit=[0.15, 0.15, 0.15, 0.15, 0.15, 0.15, 0.15, 0.15, 0.15, 0.15, 0.15, 0.15, 0.15, 0.15, 0.15, 0.15, 0.15, 0.15, 0.15, 0.15, 0.15, 0.15, 0.15, 0.15, 0.15, 0.15, 0.15, 0.15, 0.15, 0.15, 0.15, 0.15, 0.15, 0.15, 0.15, 0.15, 0.15, 0.15, 0.15, 0.15, 0.15, 0.15, 0.15, 0.15, 0.15, 0.151, 0.156, 0.173, 0.233, 0.398, 0.648, 0.816, 0.877, 0.894, 0.899, 0.9, 0.9, 0.9, 0.9, 0.9, 0.9, 0.9, 0.9, 0.9, 0.9, 0.9, 0.9, 0.9, 0.9, 0.9, 0.9, 0.9, 0.9, 0.9, 0.9, 0.9, 0.9, 0.9, 0.9, 0.9, 0.9, 0.9, 0.9, 0.9, 0.9, 0.9, 0.9, 0.9, 0.9, 0.9, 0.9, 0.9, 0.9, 0.9, 0.9, 0.9, 0.9, 0.9, 0.9, 0.9], params=[0.98, 0.01, 0.15, 0.1], fit_error=[0.023, 0.107, 0.077, 0.126, 0.157, 0.077, 0.141, 0.053, 0.015])",[-70.  -8.  -4.  -2.   0.   2.   4.   8.  70.],"[0.135, 0.2, 0.077, 0.333, 0.455, 0.923, 0.727, 0.947, 0.939]","[0.15, 0.15, 0.15, 0.15, 0.15, 0.15, 0.15, 0.15, 0.15, 0.15, 0.15, 0.15, 0.15, 0.15, 0.15, 0.15, 0.15, 0.15, 0.15, 0.15, 0.15, 0.15, 0.15, 0.15, 0.15, 0.15, 0.15, 0.15, 0.15, 0.15, 0.15, 0.15, 0.15, 0.15, 0.15, 0.15, 0.15, 0.15, 0.15, 0.15, 0.15, 0.15, 0.15, 0.15, 0.15, 0.151, 0.156, 0.173, 0.233, 0.398, 0.648, 0.816, 0.877, 0.894, 0.899, 0.9, 0.9, 0.9, 0.9, 0.9, 0.9, 0.9, 0.9, 0.9, 0.9, 0.9, 0.9, 0.9, 0.9, 0.9, 0.9, 0.9, 0.9, 0.9, 0.9, 0.9, 0.9, 0.9, 0.9, 0.9, 0.9, 0.9, 0.9, 0.9, 0.9, 0.9, 0.9, 0.9, 0.9, 0.9, 0.9, 0.9, 0.9, 0.9, 0.9, 0.9, 0.9, 0.9, 0.9, 0.9]","[0.023, 0.107, 0.077, 0.126, 0.157, 0.077, 0.141, 0.053, 0.015]","[0.98, 0.01, 0.15, 0.1]",0.98,0.01,0.15,0.1,"psych_curve(xdata=array([-70.,  -8.,  -4.,  -2.,  -0.,   2.,   4.,   8.,  70.]), ydata=[0.165, 0.167, 0.25, 0.231, 0.818, 0.8, 1.0, 0.938, 0.977], fit=[nan, nan, nan, nan, nan, nan, nan, nan, nan, nan, nan, nan, nan, nan, nan, nan, nan, nan, nan, nan, nan, nan, nan, nan, nan, nan, nan, nan, nan, nan, nan, nan, nan, nan, nan, nan, nan, nan, nan, nan, nan, nan, nan, nan, nan, nan, nan, nan, nan, nan, nan, nan, nan, nan, nan, nan, nan, nan, nan, nan, nan, nan, nan, nan, nan, nan, nan, nan, nan, nan, nan, nan, nan, nan, nan, nan, nan, nan, nan, nan, nan, nan, nan, nan, nan, nan, nan, nan, nan, nan, nan, nan, nan, nan, nan, nan, nan, nan, nan, nan], params=[2.19, -0.76, 0.19, 0.07], fit_error=[0.024, 0.09, 0.112, 0.122, 0.122, 0.107, 0.0, 0.062, 0.01])",[-70.  -8.  -4.  -2.   0.   2.   4.   8.  70.],"[0.135, 0.2, 0.077, 0.333, 0.455, 0.923, 0.727, 0.947, 0.939]","[0.15, 0.15, 0.15, 0.15, 0.15, 0.15, 0.15, 0.15, 0.15, 0.15, 0.15, 0.15, 0.15, 0.15, 0.15, 0.15, 0.15, 0.15, 0.15, 0.15, 0.15, 0.15, 0.15, 0.15, 0.15, 0.15, 0.15, 0.15, 0.15, 0.15, 0.15, 0.15, 0.15, 0.15, 0.15, 0.15, 0.15, 0.15, 0.15, 0.15, 0.15, 0.15, 0.15, 0.15, 0.15, 0.151, 0.156, 0.173, 0.233, 0.398, 0.648, 0.816, 0.877, 0.894, 0.899, 0.9, 0.9, 0.9, 0.9, 0.9, 0.9, 0.9, 0.9, 0.9, 0.9, 0.9, 0.9, 0.9, 0.9, 0.9, 0.9, 0.9, 0.9, 0.9, 0.9, 0.9, 0.9, 0.9, 0.9, 0.9, 0.9, 0.9, 0.9, 0.9, 0.9, 0.9, 0.9, 0.9, 0.9, 0.9, 0.9, 0.9, 0.9, 0.9, 0.9, 0.9, 0.9, 0.9, 0.9, 0.9]","[0.023, 0.107, 0.077, 0.126, 0.157, 0.077, 0.141, 0.053, 0.015]","[2.19, -0.76, 0.19, 0.07]",2.19,-0.76,0.19,0.07
2022-02-25,4,139,330,['Bpod6'],518,244,274,199,319,335,130,205,214,117,183,114,69,0.6467181467181468,0.5327868852459017,0.7481751824817519,518,244,274,357,120,237,0.6030150753768844,0.7429467084639498,156,77,79,0.3869346733668342,0.2476489028213166,0.6467181467181468,0.5327868852459017,0.7481751824817519,0.6461916461916462,0.21538829723585018,0.5994397759103641,0.75,-0.15056022408963587,0.6729808919204171,0.3172917880940754,0,0,0,0.0,0.0,0.0,335,130,205,837.5,325.0,512.5,4,0,0,0,0.3000000000000003,,"psych_curve(xdata=array([-70.,  -8.,  -4.,  -2.,   0.,   2.,   4.,   8.,  70.]), ydata=[0.455, 0.529, 0.5, 0.5, 0.75, 0.55, 0.882, 0.905, 0.742], fit=[0.49, 0.49, 0.49, 0.49, 0.49, 0.49, 0.49, 0.49, 0.49, 0.49, 0.49, 0.49, 0.49, 0.49, 0.49, 0.49, 0.49, 0.49, 0.49, 0.49, 0.49, 0.49, 0.49, 0.49, 0.49, 0.49, 0.49, 0.49, 0.49, 0.49, 0.49, 0.49, 0.49, 0.49, 0.49, 0.49, 0.49, 0.49, 0.49, 0.49, 0.49, 0.49, 0.491, 0.491, 0.493, 0.496, 0.504, 0.519, 0.547, 0.593, 0.656, 0.719, 0.768, 0.799, 0.815, 0.823, 0.827, 0.828, 0.829, 0.83, 0.83, 0.83, 0.83, 0.83, 0.83, 0.83, 0.83, 0.83, 0.83, 0.83, 0.83, 0.83, 0.83, 0.83, 0.83, 0.83, 0.83, 0.83, 0.83, 0.83, 0.83, 0.83, 0.83, 0.83, 0.83, 0.83, 0.83, 0.83, 0.83, 0.83, 0.83, 0.83, 0.83, 0.83, 0.83, 0.83, 0.83, 0.83, 0.83, 0.83], params=[0.55, 0.8, 0.49, 0.17], fit_error=[0.035, 0.125, 0.121, 0.167, 0.164, 0.114, 0.081, 0.066, 0.03])",[-70.  -8.  -4.  -2.   0.   2.   4.   8.  70.],"[0.455, 0.529, 0.5, 0.5, 0.75, 0.55, 0.882, 0.905, 0.742]","[0.49, 0.49, 0.49, 0.49, 0.49, 0.49, 0.49, 0.49, 0.49, 0.49, 0.49, 0.49, 0.49, 0.49, 0.49, 0.49, 0.49, 0.49, 0.49, 0.49, 0.49, 0.49, 0.49, 0.49, 0.49, 0.49, 0.49, 0.49, 0.49, 0.49, 0.49, 0.49, 0.49, 0.49, 0.49, 0.49, 0.49, 0.49, 0.49, 0.49, 0.49, 0.49, 0.491, 0.491, 0.493, 0.496, 0.504, 0.519, 0.547, 0.593, 0.656, 0.719, 0.768, 0.799, 0.815, 0.823, 0.827, 0.828, 0.829, 0.83, 0.83, 0.83, 0.83, 0.83, 0.83, 0.83, 0.83, 0.83, 0.83, 0.83, 0.83, 0.83, 0.83, 0.83, 0.83, 0.83, 0.83, 0.83, 0.83, 0.83, 0.83, 0.83, 0.83, 0.83, 0.83, 0.83, 0.83, 0.83, 0.83, 0.83, 0.83, 0.83, 0.83, 0.83, 0.83, 0.83, 0.83, 0.83, 0.83, 0.83]","[0.035, 0.125, 0.121, 0.167, 0.164, 0.114, 0.081, 0.066, 0.03]","[0.55, 0.8, 0.49, 0.17]",0.55,0.8,0.49,0.17,"psych_curve(xdata=array([-70.,  -8.,  -4.,  -2.,   0.,   2.,   4.,   8.,  70.]), ydata=[0.545, 0.5, 0.643, 0.529, 0.875, 0.615, 0.905, 0.895, 0.851], fit=[nan, nan, nan, nan, nan, nan, nan, nan, nan, nan, nan, nan, nan, nan, nan, nan, nan, nan, nan, nan, nan, nan, nan, nan, nan, nan, nan, nan, nan, nan, nan, nan, nan, nan, nan, nan, nan, nan, nan, nan, nan, nan, nan, nan, nan, nan, nan, nan, nan, nan, nan, nan, nan, nan, nan, nan, nan, nan, nan, nan, nan, nan, nan, nan, nan, nan, nan, nan, nan, nan, nan, nan, nan, nan, nan, nan, nan, nan, nan, nan, nan, nan, nan, nan, nan, nan, nan, nan, nan, nan, nan, nan, nan, nan, nan, nan, nan, nan, nan, nan], params=[0.43, -0.26, 0.53, 0.12], fit_error=[0.035, 0.121, 0.133, 0.125, 0.125, 0.14, 0.066, 0.072, 0.026])",[-70.  -8.  -4.  -2.   0.   2.   4.   8.  70.],"[0.455, 0.529, 0.5, 0.5, 0.75, 0.55, 0.882, 0.905, 0.742]","[0.49, 0.49, 0.49, 0.49, 0.49, 0.49, 0.49, 0.49, 0.49, 0.49, 0.49, 0.49, 0.49, 0.49, 0.49, 0.49, 0.49, 0.49, 0.49, 0.49, 0.49, 0.49, 0.49, 0.49, 0.49, 0.49, 0.49, 0.49, 0.49, 0.49, 0.49, 0.49, 0.49, 0.49, 0.49, 0.49, 0.49, 0.49, 0.49, 0.49, 0.49, 0.49, 0.491, 0.491, 0.493, 0.496, 0.504, 0.519, 0.547, 0.593, 0.656, 0.719, 0.768, 0.799, 0.815, 0.823, 0.827, 0.828, 0.829, 0.83, 0.83, 0.83, 0.83, 0.83, 0.83, 0.83, 0.83, 0.83, 0.83, 0.83, 0.83, 0.83, 0.83, 0.83, 0.83, 0.83, 0.83, 0.83, 0.83, 0.83, 0.83, 0.83, 0.83, 0.83, 0.83, 0.83, 0.83, 0.83, 0.83, 0.83, 0.83, 0.83, 0.83, 0.83, 0.83, 0.83, 0.83, 0.83, 0.83, 0.83]","[0.035, 0.125, 0.121, 0.167, 0.164, 0.114, 0.081, 0.066, 0.03]","[0.43, -0.26, 0.53, 0.12]",0.43,-0.26,0.53,0.12
2022-02-28,0,142,330,['Bpod6'],366,188,178,198,168,224,122,102,151,70,142,66,76,0.6120218579234973,0.648936170212766,0.5730337078651685,366,188,178,254,142,112,0.7171717171717171,0.6666666666666666,109,56,53,0.2828282828282828,0.31547619047619047,0.6120218579234973,0.648936170212766,0.5730337078651685,0.6289752650176679,-0.07590246234759745,0.594488188976378,0.6422018348623854,-0.04771364588600735,0.6919191919191918,0.29915223665223667,0,0,0,0.0,0.0,0.0,224,122,102,560.0,305.0,255.0,4,0,0,0,0.2999999999999981,,"psych_curve(xdata=array([-70.,  -8.,  -4.,  -2.,   0.,   2.,   4.,   8.,  70.]), ydata=[0.331, 0.636, 0.267, 0.364, 0.667, 0.538, 0.625, 0.364, 0.585], fit=[0.4, 0.4, 0.4, 0.4, 0.4, 0.4, 0.4, 0.4, 0.4, 0.4, 0.4, 0.4, 0.4, 0.4, 0.4, 0.4, 0.4, 0.4, 0.4, 0.4, 0.4, 0.4, 0.4, 0.4, 0.4, 0.4, 0.4, 0.4, 0.4, 0.4, 0.4, 0.4, 0.4, 0.4, 0.4, 0.4, 0.4, 0.4, 0.4, 0.4, 0.4, 0.4, 0.4, 0.4, 0.4, 0.4, 0.4, 0.4, 0.4, 0.418, 0.56, 0.56, 0.56, 0.56, 0.56, 0.56, 0.56, 0.56, 0.56, 0.56, 0.56, 0.56, 0.56, 0.56, 0.56, 0.56, 0.56, 0.56, 0.56, 0.56, 0.56, 0.56, 0.56, 0.56, 0.56, 0.56, 0.56, 0.56, 0.56, 0.56, 0.56, 0.56, 0.56, 0.56, 0.56, 0.56, 0.56, 0.56, 0.56, 0.56, 0.56, 0.56, 0.56, 0.56, 0.56, 0.56, 0.56, 0.56, 0.56, 0.56], params=[21.42, -0.61, 0.4, 0.44], fit_error=[0.039, 0.152, 0.118, 0.152, 0.211, 0.144, 0.125, 0.152, 0.043])",[-70.  -8.  -4.  -2.   0.   2.   4.   8.  70.],"[0.331, 0.636, 0.267, 0.364, 0.667, 0.538, 0.625, 0.364, 0.585]","[0.4, 0.4, 0.4, 0.4, 0.4, 0.4, 0.4, 0.4, 0.4, 0.4, 0.4, 0.4, 0.4, 0.4, 0.4, 0.4, 0.4, 0.4, 0.4, 0.4, 0.4, 0.4, 0.4, 0.4, 0.4, 0.4, 0.4, 0.4, 0.4, 0.4, 0.4, 0.4, 0.4, 0.4, 0.4, 0.4, 0.4, 0.4, 0.4, 0.4, 0.4, 0.4, 0.4, 0.4, 0.4, 0.4, 0.4, 0.4, 0.4, 0.418, 0.56, 0.56, 0.56, 0.56, 0.56, 0.56, 0.56, 0.56, 0.56, 0.56, 0.56, 0.56, 0.56, 0.56, 0.56, 0.56, 0.56, 0.56, 0.56, 0.56, 0.56, 0.56, 0.56, 0.56, 0.56, 0.56, 0.56, 0.56, 0.56, 0.56, 0.56, 0.56, 0.56, 0.56, 0.56, 0.56, 0.56, 0.56, 0.56, 0.56, 0.56, 0.56, 0.56, 0.56, 0.56, 0.56, 0.56, 0.56, 0.56, 0.56]","[0.039, 0.152, 0.118, 0.152, 0.211, 0.144, 0.125, 0.152, 0.043]","[21.42, -0.61, 0.4, 0.44]",21.42,-0.61,0.4,0.44,"psych_curve(xdata=array([-70.,  -8.,  -4.,  -2.,  -0.,   2.,   4.,   8.,  70.]), ydata=[0.567, 0.769, 0.615, 0.778, 0.5, 0.8, 0.889, 0.556, 0.801], fit=[nan, nan, nan, nan, nan, nan, nan, nan, nan, nan, nan, nan, nan, nan, nan, nan, nan, nan, nan, nan, nan, nan, nan, nan, nan, nan, nan, nan, nan, nan, nan, nan, nan, nan, nan, nan, nan, nan, nan, nan, nan, nan, nan, nan, nan, nan, nan, nan, nan, nan, nan, nan, nan, nan, nan, nan, nan, nan, nan, nan, nan, nan, nan, nan, nan, nan, nan, nan, nan, nan, nan, nan, nan, nan, nan, nan, nan, nan, nan, nan, nan, nan, nan, nan, nan, nan, nan, nan, nan, nan, nan, nan, nan, nan, nan, nan, nan, nan, nan, nan], params=[12.1, 0.86, 0.65, 0.24], fit_error=[0.043, 0.122, 0.14, 0.147, 0.224, 0.107, 0.076, 0.176, 0.033])",[-70.  -8.  -4.  -2.   0.   2.   4.   8.  70.],"[0.331, 0.636, 0.267, 0.364, 0.667, 0.538, 0.625, 0.364, 0.585]","[0.4, 0.4, 0.4, 0.4, 0.4, 0.4, 0.4, 0.4, 0.4, 0.4, 0.4, 0.4, 0.4, 0.4, 0.4, 0.4, 0.4, 0.4, 0.4, 0.4, 0.4, 0.4, 0.4, 0.4, 0.4, 0.4, 0.4, 0.4, 0.4, 0.4, 0.4, 0.4, 0.4, 0.4, 0.4, 0.4, 0.4, 0.4, 0.4, 0.4, 0.4, 0.4, 0.4, 0.4, 0.4, 0.4, 0.4, 0.4, 0.4, 0.418, 0.56, 0.56, 0.56, 0.56, 0.56, 0.56, 0.56, 0.56, 0.56, 0.56, 0.56, 0.56, 0.56, 0.56, 0.56, 0.56, 0.56, 0.56, 0.56, 0.56, 0.56, 0.56, 0.56, 0.56, 0.56, 0.56, 0.56, 0.56, 0.56, 0.56, 0.56, 0.56, 0.56, 0.56, 0.56, 0.56, 0.56, 0.56, 0.56, 0.56, 0.56, 0.56, 0.56, 0.56, 0.56, 0.56, 0.56, 0.56, 0.56, 0.56]","[0.039, 0.152, 0.118, 0.152, 0.211, 0.144, 0.125, 0.152, 0.043]","[12.1, 0.86, 0.65, 0.24]",12.1,0.86,0.65,0.24
2022-03-01,1,143,330,['Bpod6'],672,354,318,283,389,363,164,199,241,118,309,190,119,0.5401785714285714,0.4632768361581921,0.6257861635220126,672,354,318,467,180,287,0.6360424028268551,0.7377892030848329,200,98,102,0.3462897526501767,0.2622107969151671,0.5401785714285714,0.4632768361581921,0.6257861635220126,0.5357142857142857,0.16250932736382045,0.5160599571734475,0.59,-0.07394004282655242,0.686915802955844,0.30425027478267186,0,0,0,0.0,0.0,0.0,363,164,199,907.5,410.0,497.5,4,0,0,0,0.04732142857142865,,"psych_curve(xdata=array([-70.,  -8.,  -4.,  -2.,   0.,   4.,   8.,  70.]), ydata=[0.541, 0.0, 0.5, 0.75, 0.333, 0.714, 0.8, 0.621], fit=[0.27, 0.27, 0.27, 0.27, 0.27, 0.27, 0.27, 0.27, 0.27, 0.27, 0.27, 0.27, 0.27, 0.27, 0.27, 0.27, 0.27, 0.27, 0.27, 0.27, 0.27, 0.27, 0.27, 0.27, 0.27, 0.27, 0.27, 0.27, 0.27, 0.27, 0.27, 0.27, 0.27, 0.27, 0.27, 0.27, 0.27, 0.27, 0.27, 0.27, 0.27, 0.27, 0.27, 0.27, 0.27, 0.27, 0.271, 0.633, 0.64, 0.64, 0.64, 0.64, 0.64, 0.64, 0.64, 0.64, 0.64, 0.64, 0.64, 0.64, 0.64, 0.64, 0.64, 0.64, 0.64, 0.64, 0.64, 0.64, 0.64, 0.64, 0.64, 0.64, 0.64, 0.64, 0.64, 0.64, 0.64, 0.64, 0.64, 0.64, 0.64, 0.64, 0.64, 0.64, 0.64, 0.64, 0.64, 0.64, 0.64, 0.64, 0.64, 0.64, 0.64, 0.64, 0.64, 0.64, 0.64, 0.64, 0.64, 0.64], params=[7.41, -4.06, 0.27, 0.36], fit_error=[0.027, 0.0, 0.224, 0.25, 0.333, 0.184, 0.2, 0.028])",[-70.  -8.  -4.  -2.   0.   4.   8.  70.],"[0.541, 0.0, 0.5, 0.75, 0.333, 0.714, 0.8, 0.621]","[0.27, 0.27, 0.27, 0.27, 0.27, 0.27, 0.27, 0.27, 0.27, 0.27, 0.27, 0.27, 0.27, 0.27, 0.27, 0.27, 0.27, 0.27, 0.27, 0.27, 0.27, 0.27, 0.27, 0.27, 0.27, 0.27, 0.27, 0.27, 0.27, 0.27, 0.27, 0.27, 0.27, 0.27, 0.27, 0.27, 0.27, 0.27, 0.27, 0.27, 0.27, 0.27, 0.27, 0.27, 0.27, 0.27, 0.271, 0.633, 0.64, 0.64, 0.64, 0.64, 0.64, 0.64, 0.64, 0.64, 0.64, 0.64, 0.64, 0.64, 0.64, 0.64, 0.64, 0.64, 0.64, 0.64, 0.64, 0.64, 0.64, 0.64, 0.64, 0.64, 0.64, 0.64, 0.64, 0.64, 0.64, 0.64, 0.64, 0.64, 0.64, 0.64, 0.64, 0.64, 0.64, 0.64, 0.64, 0.64, 0.64, 0.64, 0.64, 0.64, 0.64, 0.64, 0.64, 0.64, 0.64, 0.64, 0.64, 0.64]","[0.027, 0.0, 0.224, 0.25, 0.333, 0.184, 0.2, 0.028]","[7.41, -4.06, 0.27, 0.36]",7.41,-4.06,0.27,0.36,"psych_curve(xdata=array([-70.,  -8.,  -4.,  -2.,  -0.,   2.,   4.,   8.,  70.]), ydata=[0.66, 0.25, 0.714, 1.0, 0.333, 1.0, 1.0, 1.0, 0.739], fit=[nan, nan, nan, nan, nan, nan, nan, nan, nan, nan, nan, nan, nan, nan, nan, nan, nan, nan, nan, nan, nan, nan, nan, nan, nan, nan, nan, nan, nan, nan, nan, nan, nan, nan, nan, nan, nan, nan, nan, nan, nan, nan, nan, nan, nan, nan, nan, nan, nan, nan, nan, nan, nan, nan, nan, nan, nan, nan, nan, nan, nan, nan, nan, nan, nan, nan, nan, nan, nan, nan, nan, nan, nan, nan, nan, nan, nan, nan, nan, nan, nan, nan, nan, nan, nan, nan, nan, nan, nan, nan, nan, nan, nan, nan, nan, nan, nan, nan, nan, nan], params=[11.8, 1.08, 0.59, 0.07], fit_error=[0.026, 0.25, 0.184, 0.0, 0.333, nan, 0.0, 0.0, 0.025])",[-70.  -8.  -4.  -2.   0.   4.   8.  70.],"[0.541, 0.0, 0.5, 0.75, 0.333, 0.714, 0.8, 0.621]","[0.27, 0.27, 0.27, 0.27, 0.27, 0.27, 0.27, 0.27, 0.27, 0.27, 0.27, 0.27, 0.27, 0.27, 0.27, 0.27, 0.27, 0.27, 0.27, 0.27, 0.27, 0.27, 0.27, 0.27, 0.27, 0.27, 0.27, 0.27, 0.27, 0.27, 0.27, 0.27, 0.27, 0.27, 0.27, 0.27, 0.27, 0.27, 0.27, 0.27, 0.27, 0.27, 0.27, 0.27, 0.27, 0.27, 0.271, 0.633, 0.64, 0.64, 0.64, 0.64, 0.64, 0.64, 0.64, 0.64, 0.64, 0.64, 0.64, 0.64, 0.64, 0.64, 0.64, 0.64, 0.64, 0.64, 0.64, 0.64, 0.64, 0.64, 0.64, 0.64, 0.64, 0.64, 0.64, 0.64, 0.64, 0.64, 0.64, 0.64, 0.64, 0.64, 0.64, 0.64, 0.64, 0.64, 0.64, 0.64, 0.64, 0.64, 0.64, 0.64, 0.64, 0.64, 0.64, 0.64, 0.64, 0.64, 0.64, 0.64]","[0.027, 0.0, 0.224, 0.25, 0.333, 0.184, 0.2, 0.028]","[11.8, 1.08, 0.59, 0.07]",11.8,1.08,0.59,0.07
2022-03-02,2,144,330,['Bpod6'],444,223,221,155,283,268,103,165,188,75,170,118,52,0.6036036036036037,0.4618834080717489,0.746606334841629,438,221,217,323,96,227,0.6193548387096774,0.8021201413427562,109,54,55,0.34838709677419355,0.19434628975265017,0.6118721461187214,0.4660633484162896,0.7603686635944701,0.6118721461187214,0.2943053151781805,0.5820433436532507,0.6880733944954128,-0.1060300508421621,0.7107374900262169,0.2713666932634219,6,2,4,0.013513513513513514,0.008968609865470852,0.01809954751131222,268,103,165,670.0,257.5,412.5,4,0,0,0,0.0,,"psych_curve(xdata=array([-70.,  70.]), ydata=[0.534, 0.76], fit=[0.53, 0.53, 0.53, 0.53, 0.53, 0.53, 0.53, 0.53, 0.53, 0.53, 0.53, 0.53, 0.53, 0.53, 0.53, 0.53, 0.53, 0.53, 0.53, 0.53, 0.53, 0.53, 0.53, 0.53, 0.53, 0.53, 0.53, 0.53, 0.53, 0.53, 0.53, 0.53, 0.53, 0.53, 0.53, 0.53, 0.53, 0.53, 0.53, 0.53, 0.53, 0.53, 0.53, 0.53, 0.53, 0.53, 0.531, 0.532, 0.54, 0.565, 0.628, 0.703, 0.743, 0.756, 0.759, 0.76, 0.76, 0.76, 0.76, 0.76, 0.76, 0.76, 0.76, 0.76, 0.76, 0.76, 0.76, 0.76, 0.76, 0.76, 0.76, 0.76, 0.76, 0.76, 0.76, 0.76, 0.76, 0.76, 0.76, 0.76, 0.76, 0.76, 0.76, 0.76, 0.76, 0.76, 0.76, 0.76, 0.76, 0.76, 0.76, 0.76, 0.76, 0.76, 0.76, 0.76, 0.76, 0.76, 0.76, 0.76], params=[1.0, 1.0, 0.53, 0.24], fit_error=[0.034, 0.029])",[-70.  70.],"[0.534, 0.76]","[0.53, 0.53, 0.53, 0.53, 0.53, 0.53, 0.53, 0.53, 0.53, 0.53, 0.53, 0.53, 0.53, 0.53, 0.53, 0.53, 0.53, 0.53, 0.53, 0.53, 0.53, 0.53, 0.53, 0.53, 0.53, 0.53, 0.53, 0.53, 0.53, 0.53, 0.53, 0.53, 0.53, 0.53, 0.53, 0.53, 0.53, 0.53, 0.53, 0.53, 0.53, 0.53, 0.53, 0.53, 0.53, 0.53, 0.531, 0.532, 0.54, 0.565, 0.628, 0.703, 0.743, 0.756, 0.759, 0.76, 0.76, 0.76, 0.76, 0.76, 0.76, 0.76, 0.76, 0.76, 0.76, 0.76, 0.76, 0.76, 0.76, 0.76, 0.76, 0.76, 0.76, 0.76, 0.76, 0.76, 0.76, 0.76, 0.76, 0.76, 0.76, 0.76, 0.76, 0.76, 0.76, 0.76, 0.76, 0.76, 0.76, 0.76, 0.76, 0.76, 0.76, 0.76, 0.76, 0.76, 0.76, 0.76, 0.76, 0.76]","[0.034, 0.029]","[1.0, 1.0, 0.53, 0.24]",1.0,1.0,0.53,0.24,"psych_curve(xdata=array([-70.,  70.]), ydata=[0.643, 0.847], fit=[nan, nan, nan, nan, nan, nan, nan, nan, nan, nan, nan, nan, nan, nan, nan, nan, nan, nan, nan, nan, nan, nan, nan, nan, nan, nan, nan, nan, nan, nan, nan, nan, nan, nan, nan, nan, nan, nan, nan, nan, nan, nan, nan, nan, nan, nan, nan, nan, nan, nan, nan, nan, nan, nan, nan, nan, nan, nan, nan, nan, nan, nan, nan, nan, nan, nan, nan, nan, nan, nan, nan, nan, nan, nan, nan, nan, nan, nan, nan, nan, nan, nan, nan, nan, nan, nan, nan, nan, nan, nan, nan, nan, nan, nan, nan, nan, nan, nan, nan, nan], params=[1.0, 1.0, 0.64, 0.15], fit_error=[0.033, 0.024])",[-70.  70.],"[0.534, 0.76]","[0.53, 0.53, 0.53, 0.53, 0.53, 0.53, 0.53, 0.53, 0.53, 0.53, 0.53, 0.53, 0.53, 0.53, 0.53, 0.53, 0.53, 0.53, 0.53, 0.53, 0.53, 0.53, 0.53, 0.53, 0.53, 0.53, 0.53, 0.53, 0.53, 0.53, 0.53, 0.53, 0.53, 0.53, 0.53, 0.53, 0.53, 0.53, 0.53, 0.53, 0.53, 0.53, 0.53, 0.53, 0.53, 0.53, 0.531, 0.532, 0.54, 0.565, 0.628, 0.703, 0.743, 0.756, 0.759, 0.76, 0.76, 0.76, 0.76, 0.76, 0.76, 0.76, 0.76, 0.76, 0.76, 0.76, 0.76, 0.76, 0.76, 0.76, 0.76, 0.76, 0.76, 0.76, 0.76, 0.76, 0.76, 0.76, 0.76, 0.76, 0.76, 0.76, 0.76, 0.76, 0.76, 0.76, 0.76, 0.76, 0.76, 0.76, 0.76, 0.76, 0.76, 0.76, 0.76, 0.76, 0.76, 0.76, 0.76, 0.76]","[0.034, 0.029]","[1.0, 1.0, 0.64, 0.15]",1.0,1.0,0.64,0.15
2022-03-03,3,145,330,['Bpod6' 'Bpod8'],789,451,338,201,564,422,148,274,302,115,343,290,53,0.5348542458808618,0.328159645232816,0.8106508875739645,765,438,327,601,121,480,0.6019900497512438,0.851063829787234,157,77,80,0.38308457711442784,0.14184397163120568,0.5516339869281046,0.3378995433789954,0.8379204892966361,0.5516339869281046,0.5000209459176407,0.502495840266223,0.732484076433121,-0.229988236166898,0.7265269397692389,0.2624642743728168,24,13,11,0.030418250950570342,0.028824833702882482,0.03254437869822485,422,148,274,1055.0,370.0,685.0,4,0,0,0,0.0,,"psych_curve(xdata=array([-70.,  70.]), ydata=[0.662, 0.838], fit=[0.66, 0.66, 0.66, 0.66, 0.66, 0.66, 0.66, 0.66, 0.66, 0.66, 0.66, 0.66, 0.66, 0.66, 0.66, 0.66, 0.66, 0.66, 0.66, 0.66, 0.66, 0.66, 0.66, 0.66, 0.66, 0.66, 0.66, 0.66, 0.66, 0.66, 0.66, 0.66, 0.66, 0.66, 0.66, 0.66, 0.66, 0.66, 0.66, 0.66, 0.66, 0.66, 0.66, 0.66, 0.66, 0.66, 0.66, 0.662, 0.668, 0.688, 0.737, 0.796, 0.827, 0.837, 0.839, 0.84, 0.84, 0.84, 0.84, 0.84, 0.84, 0.84, 0.84, 0.84, 0.84, 0.84, 0.84, 0.84, 0.84, 0.84, 0.84, 0.84, 0.84, 0.84, 0.84, 0.84, 0.84, 0.84, 0.84, 0.84, 0.84, 0.84, 0.84, 0.84, 0.84, 0.84, 0.84, 0.84, 0.84, 0.84, 0.84, 0.84, 0.84, 0.84, 0.84, 0.84, 0.84, 0.84, 0.84, 0.84], params=[1.0, 1.0, 0.66, 0.16], fit_error=[0.023, 0.02])",[-70.  70.],"[0.662, 0.838]","[0.66, 0.66, 0.66, 0.66, 0.66, 0.66, 0.66, 0.66, 0.66, 0.66, 0.66, 0.66, 0.66, 0.66, 0.66, 0.66, 0.66, 0.66, 0.66, 0.66, 0.66, 0.66, 0.66, 0.66, 0.66, 0.66, 0.66, 0.66, 0.66, 0.66, 0.66, 0.66, 0.66, 0.66, 0.66, 0.66, 0.66, 0.66, 0.66, 0.66, 0.66, 0.66, 0.66, 0.66, 0.66, 0.66, 0.66, 0.662, 0.668, 0.688, 0.737, 0.796, 0.827, 0.837, 0.839, 0.84, 0.84, 0.84, 0.84, 0.84, 0.84, 0.84, 0.84, 0.84, 0.84, 0.84, 0.84, 0.84, 0.84, 0.84, 0.84, 0.84, 0.84, 0.84, 0.84, 0.84, 0.84, 0.84, 0.84, 0.84, 0.84, 0.84, 0.84, 0.84, 0.84, 0.84, 0.84, 0.84, 0.84, 0.84, 0.84, 0.84, 0.84, 0.84, 0.84, 0.84, 0.84, 0.84, 0.84, 0.84]","[0.023, 0.02]","[1.0, 1.0, 0.66, 0.16]",1.0,1.0,0.66,0.16,"psych_curve(xdata=array([-70.,  70.]), ydata=[0.722, 0.878], fit=[nan, nan, nan, nan, nan, nan, nan, nan, nan, nan, nan, nan, nan, nan, nan, nan, nan, nan, nan, nan, nan, nan, nan, nan, nan, nan, nan, nan, nan, nan, nan, nan, nan, nan, nan, nan, nan, nan, nan, nan, nan, nan, nan, nan, nan, nan, nan, nan, nan, nan, nan, nan, nan, nan, nan, nan, nan, nan, nan, nan, nan, nan, nan, nan, nan, nan, nan, nan, nan, nan, nan, nan, nan, nan, nan, nan, nan, nan, nan, nan, nan, nan, nan, nan, nan, nan, nan, nan, nan, nan, nan, nan, nan, nan, nan, nan, nan, nan, nan, nan], params=[1.0, 1.0, 0.72, 0.12], fit_error=[0.022, 0.018])",[-70.  70.],"[0.662, 0.838]","[0.66, 0.66, 0.66, 0.66, 0.66, 0.66, 0.66, 0.66, 0.66, 0.66, 0.66, 0.66, 0.66, 0.66, 0.66, 0.66, 0.66, 0.66, 0.66, 0.66, 0.66, 0.66, 0.66, 0.66, 0.66, 0.66, 0.66, 0.66, 0.66, 0.66, 0.66, 0.66, 0.66, 0.66, 0.66, 0.66, 0.66, 0.66, 0.66, 0.66, 0.66, 0.66, 0.66, 0.66, 0.66, 0.66, 0.66, 0.662, 0.668, 0.688, 0.737, 0.796, 0.827, 0.837, 0.839, 0.84, 0.84, 0.84, 0.84, 0.84, 0.84, 0.84, 0.84, 0.84, 0.84, 0.84, 0.84, 0.84, 0.84, 0.84, 0.84, 0.84, 0.84, 0.84, 0.84, 0.84, 0.84, 0.84, 0.84, 0.84, 0.84, 0.84, 0.84, 0.84, 0.84, 0.84, 0.84, 0.84, 0.84, 0.84, 0.84, 0.84, 0.84, 0.84, 0.84, 0.84, 0.84, 0.84, 0.84, 0.84]","[0.023, 0.02]","[1.0, 1.0, 0.72, 0.12]",1.0,1.0,0.72,0.12
2022-03-04,4,146,330,['Bpod6' 'Bpod8'],539,287,252,187,332,337,138,199,196,135,182,133,49,0.6252319109461967,0.4808362369337979,0.7896825396825397,519,271,248,335,98,237,0.5240641711229946,0.713855421686747,175,88,87,0.47058823529411764,0.2620481927710843,0.649325626204239,0.5092250922509225,0.8024193548387096,0.649325626204239,0.29319426258778714,0.5850746268656717,0.7714285714285715,-0.18635394456289978,0.6189597964048708,0.366318214032601,20,16,4,0.03710575139146568,0.05574912891986063,0.015873015873015872,337,138,199,842.5,345.0,497.5,4,0,0,0,0.0,,"psych_curve(xdata=array([-70.,  70.]), ydata=[0.491, 0.802], fit=[0.49, 0.49, 0.49, 0.49, 0.49, 0.49, 0.49, 0.49, 0.49, 0.49, 0.49, 0.49, 0.49, 0.49, 0.49, 0.49, 0.49, 0.49, 0.49, 0.49, 0.49, 0.49, 0.49, 0.49, 0.49, 0.49, 0.49, 0.49, 0.49, 0.49, 0.49, 0.49, 0.49, 0.49, 0.49, 0.49, 0.49, 0.49, 0.49, 0.49, 0.49, 0.49, 0.49, 0.49, 0.49, 0.49, 0.491, 0.493, 0.503, 0.538, 0.622, 0.724, 0.777, 0.794, 0.799, 0.8, 0.8, 0.8, 0.8, 0.8, 0.8, 0.8, 0.8, 0.8, 0.8, 0.8, 0.8, 0.8, 0.8, 0.8, 0.8, 0.8, 0.8, 0.8, 0.8, 0.8, 0.8, 0.8, 0.8, 0.8, 0.8, 0.8, 0.8, 0.8, 0.8, 0.8, 0.8, 0.8, 0.8, 0.8, 0.8, 0.8, 0.8, 0.8, 0.8, 0.8, 0.8, 0.8, 0.8, 0.8], params=[1.0, 1.0, 0.49, 0.2], fit_error=[0.03, 0.025])",[-70.  70.],"[0.491, 0.802]","[0.49, 0.49, 0.49, 0.49, 0.49, 0.49, 0.49, 0.49, 0.49, 0.49, 0.49, 0.49, 0.49, 0.49, 0.49, 0.49, 0.49, 0.49, 0.49, 0.49, 0.49, 0.49, 0.49, 0.49, 0.49, 0.49, 0.49, 0.49, 0.49, 0.49, 0.49, 0.49, 0.49, 0.49, 0.49, 0.49, 0.49, 0.49, 0.49, 0.49, 0.49, 0.49, 0.49, 0.49, 0.49, 0.49, 0.491, 0.493, 0.503, 0.538, 0.622, 0.724, 0.777, 0.794, 0.799, 0.8, 0.8, 0.8, 0.8, 0.8, 0.8, 0.8, 0.8, 0.8, 0.8, 0.8, 0.8, 0.8, 0.8, 0.8, 0.8, 0.8, 0.8, 0.8, 0.8, 0.8, 0.8, 0.8, 0.8, 0.8, 0.8, 0.8, 0.8, 0.8, 0.8, 0.8, 0.8, 0.8, 0.8, 0.8, 0.8, 0.8, 0.8, 0.8, 0.8, 0.8, 0.8, 0.8, 0.8, 0.8]","[0.03, 0.025]","[1.0, 1.0, 0.49, 0.2]",1.0,1.0,0.49,0.2,"psych_curve(xdata=array([-70.,  70.]), ydata=[0.507, 0.831], fit=[nan, nan, nan, nan, nan, nan, nan, nan, nan, nan, nan, nan, nan, nan, nan, nan, nan, nan, nan, nan, nan, nan, nan, nan, nan, nan, nan, nan, nan, nan, nan, nan, nan, nan, nan, nan, nan, nan, nan, nan, nan, nan, nan, nan, nan, nan, nan, nan, nan, nan, nan, nan, nan, nan, nan, nan, nan, nan, nan, nan, nan, nan, nan, nan, nan, nan, nan, nan, nan, nan, nan, nan, nan, nan, nan, nan, nan, nan, nan, nan, nan, nan, nan, nan, nan, nan, nan, nan, nan, nan, nan, nan, nan, nan, nan, nan, nan, nan, nan, nan], params=[1.0, 1.0, 0.51, 0.17], fit_error=[0.03, 0.024])",[-70.  70.],"[0.491, 0.802]","[0.49, 0.49, 0.49, 0.49, 0.49, 0.49, 0.49, 0.49, 0.49, 0.49, 0.49, 0.49, 0.49, 0.49, 0.49, 0.49, 0.49, 0.49, 0.49, 0.49, 0.49, 0.49, 0.49, 0.49, 0.49, 0.49, 0.49, 0.49, 0.49, 0.49, 0.49, 0.49, 0.49, 0.49, 0.49, 0.49, 0.49, 0.49, 0.49, 0.49, 0.49, 0.49, 0.49, 0.49, 0.49, 0.49, 0.491, 0.493, 0.503, 0.538, 0.622, 0.724, 0.777, 0.794, 0.799, 0.8, 0.8, 0.8, 0.8, 0.8, 0.8, 0.8, 0.8, 0.8, 0.8, 0.8, 0.8, 0.8, 0.8, 0.8, 0.8, 0.8, 0.8, 0.8, 0.8, 0.8, 0.8, 0.8, 0.8, 0.8, 0.8, 0.8, 0.8, 0.8, 0.8, 0.8, 0.8, 0.8, 0.8, 0.8, 0.8, 0.8, 0.8, 0.8, 0.8, 0.8, 0.8, 0.8, 0.8, 0.8]","[0.03, 0.025]","[1.0, 1.0, 0.51, 0.17]",1.0,1.0,0.51,0.17
2022-03-07,0,149,330,['Bpod6'],596,363,233,198,389,333,151,182,235,97,254,207,47,0.5587248322147651,0.41597796143250687,0.7811158798283262,587,358,229,447,128,319,0.6464646464646465,0.8200514138817481,138,69,69,0.3484848484848485,0.17737789203084833,0.5672913117546848,0.42178770949720673,0.7947598253275109,0.5672913117546848,0.37297211583030415,0.5257270693512305,0.7028985507246377,-0.1771714813734072,0.7332580301731972,0.2629313702578484,9,5,4,0.015100671140939598,0.013774104683195593,0.017167381974248927,333,151,182,832.5,377.5,455.0,4,0,0,0,0.0,,"psych_curve(xdata=array([-70.,  70.]), ydata=[0.578, 0.795], fit=[0.58, 0.58, 0.58, 0.58, 0.58, 0.58, 0.58, 0.58, 0.58, 0.58, 0.58, 0.58, 0.58, 0.58, 0.58, 0.58, 0.58, 0.58, 0.58, 0.58, 0.58, 0.58, 0.58, 0.58, 0.58, 0.58, 0.58, 0.58, 0.58, 0.58, 0.58, 0.58, 0.58, 0.58, 0.58, 0.58, 0.58, 0.58, 0.58, 0.58, 0.58, 0.58, 0.58, 0.58, 0.58, 0.58, 0.581, 0.582, 0.589, 0.614, 0.674, 0.746, 0.784, 0.796, 0.799, 0.8, 0.8, 0.8, 0.8, 0.8, 0.8, 0.8, 0.8, 0.8, 0.8, 0.8, 0.8, 0.8, 0.8, 0.8, 0.8, 0.8, 0.8, 0.8, 0.8, 0.8, 0.8, 0.8, 0.8, 0.8, 0.8, 0.8, 0.8, 0.8, 0.8, 0.8, 0.8, 0.8, 0.8, 0.8, 0.8, 0.8, 0.8, 0.8, 0.8, 0.8, 0.8, 0.8, 0.8, 0.8], params=[1.0, 1.0, 0.58, 0.2], fit_error=[0.026, 0.027])",[-70.  70.],"[0.578, 0.795]","[0.58, 0.58, 0.58, 0.58, 0.58, 0.58, 0.58, 0.58, 0.58, 0.58, 0.58, 0.58, 0.58, 0.58, 0.58, 0.58, 0.58, 0.58, 0.58, 0.58, 0.58, 0.58, 0.58, 0.58, 0.58, 0.58, 0.58, 0.58, 0.58, 0.58, 0.58, 0.58, 0.58, 0.58, 0.58, 0.58, 0.58, 0.58, 0.58, 0.58, 0.58, 0.58, 0.58, 0.58, 0.58, 0.58, 0.581, 0.582, 0.589, 0.614, 0.674, 0.746, 0.784, 0.796, 0.799, 0.8, 0.8, 0.8, 0.8, 0.8, 0.8, 0.8, 0.8, 0.8, 0.8, 0.8, 0.8, 0.8, 0.8, 0.8, 0.8, 0.8, 0.8, 0.8, 0.8, 0.8, 0.8, 0.8, 0.8, 0.8, 0.8, 0.8, 0.8, 0.8, 0.8, 0.8, 0.8, 0.8, 0.8, 0.8, 0.8, 0.8, 0.8, 0.8, 0.8, 0.8, 0.8, 0.8, 0.8, 0.8]","[0.026, 0.027]","[1.0, 1.0, 0.58, 0.2]",1.0,1.0,0.58,0.2,"psych_curve(xdata=array([-70.,  70.]), ydata=[0.686, 0.851], fit=[nan, nan, nan, nan, nan, nan, nan, nan, nan, nan, nan, nan, nan, nan, nan, nan, nan, nan, nan, nan, nan, nan, nan, nan, nan, nan, nan, nan, nan, nan, nan, nan, nan, nan, nan, nan, nan, nan, nan, nan, nan, nan, nan, nan, nan, nan, nan, nan, nan, nan, nan, nan, nan, nan, nan, nan, nan, nan, nan, nan, nan, nan, nan, nan, nan, nan, nan, nan, nan, nan, nan, nan, nan, nan, nan, nan, nan, nan, nan, nan, nan, nan, nan, nan, nan, nan, nan, nan, nan, nan, nan, nan, nan, nan, nan, nan, nan, nan, nan, nan], params=[1.0, 1.0, 0.69, 0.15], fit_error=[0.026, 0.021])",[-70.  70.],"[0.578, 0.795]","[0.58, 0.58, 0.58, 0.58, 0.58, 0.58, 0.58, 0.58, 0.58, 0.58, 0.58, 0.58, 0.58, 0.58, 0.58, 0.58, 0.58, 0.58, 0.58, 0.58, 0.58, 0.58, 0.58, 0.58, 0.58, 0.58, 0.58, 0.58, 0.58, 0.58, 0.58, 0.58, 0.58, 0.58, 0.58, 0.58, 0.58, 0.58, 0.58, 0.58, 0.58, 0.58, 0.58, 0.58, 0.58, 0.58, 0.581, 0.582, 0.589, 0.614, 0.674, 0.746, 0.784, 0.796, 0.799, 0.8, 0.8, 0.8, 0.8, 0.8, 0.8, 0.8, 0.8, 0.8, 0.8, 0.8, 0.8, 0.8, 0.8, 0.8, 0.8, 0.8, 0.8, 0.8, 0.8, 0.8, 0.8, 0.8, 0.8, 0.8, 0.8, 0.8, 0.8, 0.8, 0.8, 0.8, 0.8, 0.8, 0.8, 0.8, 0.8, 0.8, 0.8, 0.8, 0.8, 0.8, 0.8, 0.8, 0.8, 0.8]","[0.026, 0.027]","[1.0, 1.0, 0.69, 0.15]",1.0,1.0,0.69,0.15
2022-03-08,1,150,330,['Bpod6'],554,300,254,208,339,294,127,167,221,71,253,172,81,0.5306859205776173,0.42333333333333334,0.65748031496063,547,299,248,405,138,267,0.6634615384615384,0.7876106194690266,138,69,69,0.3317307692307692,0.20353982300884957,0.5374771480804388,0.42474916387959866,0.6733870967741935,0.5374771480804388,0.24863793289459485,0.5456790123456791,0.5144927536231884,0.0311862587224907,0.7255360789652825,0.2676352961198094,7,1,6,0.01263537906137184,0.0033333333333333335,0.023622047244094488,294,127,167,735.0,317.5,417.5,4,0,0,0,0.0,,"psych_curve(xdata=array([-70.,  70.]), ydata=[0.575, 0.673], fit=[0.57, 0.57, 0.57, 0.57, 0.57, 0.57, 0.57, 0.57, 0.57, 0.57, 0.57, 0.57, 0.57, 0.57, 0.57, 0.57, 0.57, 0.57, 0.57, 0.57, 0.57, 0.57, 0.57, 0.57, 0.57, 0.57, 0.57, 0.57, 0.57, 0.57, 0.57, 0.57, 0.57, 0.57, 0.57, 0.57, 0.57, 0.57, 0.57, 0.57, 0.57, 0.57, 0.57, 0.57, 0.57, 0.57, 0.57, 0.571, 0.574, 0.585, 0.613, 0.645, 0.663, 0.668, 0.67, 0.67, 0.67, 0.67, 0.67, 0.67, 0.67, 0.67, 0.67, 0.67, 0.67, 0.67, 0.67, 0.67, 0.67, 0.67, 0.67, 0.67, 0.67, 0.67, 0.67, 0.67, 0.67, 0.67, 0.67, 0.67, 0.67, 0.67, 0.67, 0.67, 0.67, 0.67, 0.67, 0.67, 0.67, 0.67, 0.67, 0.67, 0.67, 0.67, 0.67, 0.67, 0.67, 0.67, 0.67, 0.67], params=[1.0, 1.0, 0.57, 0.33], fit_error=[0.029, 0.03])",[-70.  70.],"[0.575, 0.673]","[0.57, 0.57, 0.57, 0.57, 0.57, 0.57, 0.57, 0.57, 0.57, 0.57, 0.57, 0.57, 0.57, 0.57, 0.57, 0.57, 0.57, 0.57, 0.57, 0.57, 0.57, 0.57, 0.57, 0.57, 0.57, 0.57, 0.57, 0.57, 0.57, 0.57, 0.57, 0.57, 0.57, 0.57, 0.57, 0.57, 0.57, 0.57, 0.57, 0.57, 0.57, 0.57, 0.57, 0.57, 0.57, 0.57, 0.57, 0.571, 0.574, 0.585, 0.613, 0.645, 0.663, 0.668, 0.67, 0.67, 0.67, 0.67, 0.67, 0.67, 0.67, 0.67, 0.67, 0.67, 0.67, 0.67, 0.67, 0.67, 0.67, 0.67, 0.67, 0.67, 0.67, 0.67, 0.67, 0.67, 0.67, 0.67, 0.67, 0.67, 0.67, 0.67, 0.67, 0.67, 0.67, 0.67, 0.67, 0.67, 0.67, 0.67, 0.67, 0.67, 0.67, 0.67, 0.67, 0.67, 0.67, 0.67, 0.67, 0.67]","[0.029, 0.03]","[1.0, 1.0, 0.57, 0.33]",1.0,1.0,0.57,0.33,"psych_curve(xdata=array([-70.,  70.]), ydata=[0.722, 0.767], fit=[nan, nan, nan, nan, nan, nan, nan, nan, nan, nan, nan, nan, nan, nan, nan, nan, nan, nan, nan, nan, nan, nan, nan, nan, nan, nan, nan, nan, nan, nan, nan, nan, nan, nan, nan, nan, nan, nan, nan, nan, nan, nan, nan, nan, nan, nan, nan, nan, nan, nan, nan, nan, nan, nan, nan, nan, nan, nan, nan, nan, nan, nan, nan, nan, nan, nan, nan, nan, nan, nan, nan, nan, nan, nan, nan, nan, nan, nan, nan, nan, nan, nan, nan, nan, nan, nan, nan, nan, nan, nan, nan, nan, nan, nan, nan, nan, nan, nan, nan, nan], params=[1.0, 1.0, 0.72, 0.23], fit_error=[0.028, 0.025])",[-70.  70.],"[0.575, 0.673]","[0.57, 0.57, 0.57, 0.57, 0.57, 0.57, 0.57, 0.57, 0.57, 0.57, 0.57, 0.57, 0.57, 0.57, 0.57, 0.57, 0.57, 0.57, 0.57, 0.57, 0.57, 0.57, 0.57, 0.57, 0.57, 0.57, 0.57, 0.57, 0.57, 0.57, 0.57, 0.57, 0.57, 0.57, 0.57, 0.57, 0.57, 0.57, 0.57, 0.57, 0.57, 0.57, 0.57, 0.57, 0.57, 0.57, 0.57, 0.571, 0.574, 0.585, 0.613, 0.645, 0.663, 0.668, 0.67, 0.67, 0.67, 0.67, 0.67, 0.67, 0.67, 0.67, 0.67, 0.67, 0.67, 0.67, 0.67, 0.67, 0.67, 0.67, 0.67, 0.67, 0.67, 0.67, 0.67, 0.67, 0.67, 0.67, 0.67, 0.67, 0.67, 0.67, 0.67, 0.67, 0.67, 0.67, 0.67, 0.67, 0.67, 0.67, 0.67, 0.67, 0.67, 0.67, 0.67, 0.67, 0.67, 0.67, 0.67, 0.67]","[0.029, 0.03]","[1.0, 1.0, 0.72, 0.23]",1.0,1.0,0.72,0.23
2022-03-09,2,151,330,['Bpod6'],188,107,81,57,101,99,43,56,67,27,59,45,14,0.526595744680851,0.40186915887850466,0.691358024691358,158,88,70,116,35,81,0.6140350877192983,0.801980198019802,37,18,19,0.3157894736842105,0.18811881188118812,0.6265822784810127,0.48863636363636365,0.8,0.6265822784810127,0.3113636363636364,0.5775862068965517,0.7297297297297297,-0.152143522833178,0.7080076428695501,0.25195414278269934,30,19,11,0.1595744680851064,0.17757009345794392,0.13580246913580246,99,43,56,247.5,107.5,140.0,4,0,0,0,0.0,,"psych_curve(xdata=array([-70.,  70.]), ydata=[0.511, 0.8], fit=[0.51, 0.51, 0.51, 0.51, 0.51, 0.51, 0.51, 0.51, 0.51, 0.51, 0.51, 0.51, 0.51, 0.51, 0.51, 0.51, 0.51, 0.51, 0.51, 0.51, 0.51, 0.51, 0.51, 0.51, 0.51, 0.51, 0.51, 0.51, 0.51, 0.51, 0.51, 0.51, 0.51, 0.51, 0.51, 0.51, 0.51, 0.51, 0.51, 0.51, 0.51, 0.51, 0.51, 0.51, 0.51, 0.51, 0.511, 0.513, 0.522, 0.555, 0.634, 0.729, 0.779, 0.795, 0.799, 0.8, 0.8, 0.8, 0.8, 0.8, 0.8, 0.8, 0.8, 0.8, 0.8, 0.8, 0.8, 0.8, 0.8, 0.8, 0.8, 0.8, 0.8, 0.8, 0.8, 0.8, 0.8, 0.8, 0.8, 0.8, 0.8, 0.8, 0.8, 0.8, 0.8, 0.8, 0.8, 0.8, 0.8, 0.8, 0.8, 0.8, 0.8, 0.8, 0.8, 0.8, 0.8, 0.8, 0.8, 0.8], params=[1.0, 1.0, 0.51, 0.2], fit_error=[0.054, 0.048])",[-70.  70.],"[0.511, 0.8]","[0.51, 0.51, 0.51, 0.51, 0.51, 0.51, 0.51, 0.51, 0.51, 0.51, 0.51, 0.51, 0.51, 0.51, 0.51, 0.51, 0.51, 0.51, 0.51, 0.51, 0.51, 0.51, 0.51, 0.51, 0.51, 0.51, 0.51, 0.51, 0.51, 0.51, 0.51, 0.51, 0.51, 0.51, 0.51, 0.51, 0.51, 0.51, 0.51, 0.51, 0.51, 0.51, 0.51, 0.51, 0.51, 0.51, 0.511, 0.513, 0.522, 0.555, 0.634, 0.729, 0.779, 0.795, 0.799, 0.8, 0.8, 0.8, 0.8, 0.8, 0.8, 0.8, 0.8, 0.8, 0.8, 0.8, 0.8, 0.8, 0.8, 0.8, 0.8, 0.8, 0.8, 0.8, 0.8, 0.8, 0.8, 0.8, 0.8, 0.8, 0.8, 0.8, 0.8, 0.8, 0.8, 0.8, 0.8, 0.8, 0.8, 0.8, 0.8, 0.8, 0.8, 0.8, 0.8, 0.8, 0.8, 0.8, 0.8, 0.8]","[0.054, 0.048]","[1.0, 1.0, 0.51, 0.2]",1.0,1.0,0.51,0.2,"psych_curve(xdata=array([-70.,  70.]), ydata=[0.645, 0.87], fit=[nan, nan, nan, nan, nan, nan, nan, nan, nan, nan, nan, nan, nan, nan, nan, nan, nan, nan, nan, nan, nan, nan, nan, nan, nan, nan, nan, nan, nan, nan, nan, nan, nan, nan, nan, nan, nan, nan, nan, nan, nan, nan, nan, nan, nan, nan, nan, nan, nan, nan, nan, nan, nan, nan, nan, nan, nan, nan, nan, nan, nan, nan, nan, nan, nan, nan, nan, nan, nan, nan, nan, nan, nan, nan, nan, nan, nan, nan, nan, nan, nan, nan, nan, nan, nan, nan, nan, nan, nan, nan, nan, nan, nan, nan, nan, nan, nan, nan, nan, nan], params=[1.0, 1.0, 0.64, 0.13], fit_error=[0.055, 0.039])",[-70.  70.],"[0.511, 0.8]","[0.51, 0.51, 0.51, 0.51, 0.51, 0.51, 0.51, 0.51, 0.51, 0.51, 0.51, 0.51, 0.51, 0.51, 0.51, 0.51, 0.51, 0.51, 0.51, 0.51, 0.51, 0.51, 0.51, 0.51, 0.51, 0.51, 0.51, 0.51, 0.51, 0.51, 0.51, 0.51, 0.51, 0.51, 0.51, 0.51, 0.51, 0.51, 0.51, 0.51, 0.51, 0.51, 0.51, 0.51, 0.51, 0.51, 0.511, 0.513, 0.522, 0.555, 0.634, 0.729, 0.779, 0.795, 0.799, 0.8, 0.8, 0.8, 0.8, 0.8, 0.8, 0.8, 0.8, 0.8, 0.8, 0.8, 0.8, 0.8, 0.8, 0.8, 0.8, 0.8, 0.8, 0.8, 0.8, 0.8, 0.8, 0.8, 0.8, 0.8, 0.8, 0.8, 0.8, 0.8, 0.8, 0.8, 0.8, 0.8, 0.8, 0.8, 0.8, 0.8, 0.8, 0.8, 0.8, 0.8, 0.8, 0.8, 0.8, 0.8]","[0.054, 0.048]","[1.0, 1.0, 0.64, 0.13]",1.0,1.0,0.64,0.13
2022-03-10,3,152,330,['Bpod6'],388,209,179,96,270,202,65,137,130,67,164,133,31,0.520618556701031,0.31100478468899523,0.7653631284916201,366,198,168,261,46,215,0.4791666666666667,0.7962962962962963,96,47,49,0.4895833333333333,0.1814814814814815,0.5519125683060109,0.3282828282828283,0.8154761904761905,0.5519125683060109,0.4871933621933622,0.49808429118773945,0.6979166666666666,-0.19983237547892718,0.6377314814814815,0.3355324074074074,22,11,11,0.05670103092783505,0.05263157894736842,0.061452513966480445,202,65,137,505.0,162.5,342.5,4,0,0,0,0.0,,"psych_curve(xdata=array([-70.,  70.]), ydata=[0.672, 0.815], fit=[0.67, 0.67, 0.67, 0.67, 0.67, 0.67, 0.67, 0.67, 0.67, 0.67, 0.67, 0.67, 0.67, 0.67, 0.67, 0.67, 0.67, 0.67, 0.67, 0.67, 0.67, 0.67, 0.67, 0.67, 0.67, 0.67, 0.67, 0.67, 0.67, 0.67, 0.67, 0.67, 0.67, 0.67, 0.67, 0.67, 0.67, 0.67, 0.67, 0.67, 0.67, 0.67, 0.67, 0.67, 0.67, 0.67, 0.67, 0.672, 0.676, 0.693, 0.734, 0.783, 0.809, 0.817, 0.819, 0.82, 0.82, 0.82, 0.82, 0.82, 0.82, 0.82, 0.82, 0.82, 0.82, 0.82, 0.82, 0.82, 0.82, 0.82, 0.82, 0.82, 0.82, 0.82, 0.82, 0.82, 0.82, 0.82, 0.82, 0.82, 0.82, 0.82, 0.82, 0.82, 0.82, 0.82, 0.82, 0.82, 0.82, 0.82, 0.82, 0.82, 0.82, 0.82, 0.82, 0.82, 0.82, 0.82, 0.82, 0.82], params=[1.0, 1.0, 0.67, 0.18], fit_error=[0.033, 0.03])",[-70.  70.],"[0.672, 0.815]","[0.67, 0.67, 0.67, 0.67, 0.67, 0.67, 0.67, 0.67, 0.67, 0.67, 0.67, 0.67, 0.67, 0.67, 0.67, 0.67, 0.67, 0.67, 0.67, 0.67, 0.67, 0.67, 0.67, 0.67, 0.67, 0.67, 0.67, 0.67, 0.67, 0.67, 0.67, 0.67, 0.67, 0.67, 0.67, 0.67, 0.67, 0.67, 0.67, 0.67, 0.67, 0.67, 0.67, 0.67, 0.67, 0.67, 0.67, 0.672, 0.676, 0.693, 0.734, 0.783, 0.809, 0.817, 0.819, 0.82, 0.82, 0.82, 0.82, 0.82, 0.82, 0.82, 0.82, 0.82, 0.82, 0.82, 0.82, 0.82, 0.82, 0.82, 0.82, 0.82, 0.82, 0.82, 0.82, 0.82, 0.82, 0.82, 0.82, 0.82, 0.82, 0.82, 0.82, 0.82, 0.82, 0.82, 0.82, 0.82, 0.82, 0.82, 0.82, 0.82, 0.82, 0.82, 0.82, 0.82, 0.82, 0.82, 0.82, 0.82]","[0.033, 0.03]","[1.0, 1.0, 0.67, 0.18]",1.0,1.0,0.67,0.18,"psych_curve(xdata=array([-70.,  70.]), ydata=[0.662, 0.818], fit=[nan, nan, nan, nan, nan, nan, nan, nan, nan, nan, nan, nan, nan, nan, nan, nan, nan, nan, nan, nan, nan, nan, nan, nan, nan, nan, nan, nan, nan, nan, nan, nan, nan, nan, nan, nan, nan, nan, nan, nan, nan, nan, nan, nan, nan, nan, nan, nan, nan, nan, nan, nan, nan, nan, nan, nan, nan, nan, nan, nan, nan, nan, nan, nan, nan, nan, nan, nan, nan, nan, nan, nan, nan, nan, nan, nan, nan, nan, nan, nan, nan, nan, nan, nan, nan, nan, nan, nan, nan, nan, nan, nan, nan, nan, nan, nan, nan, nan, nan, nan], params=[1.0, 1.0, 0.66, 0.18], fit_error=[0.034, 0.031])",[-70.  70.],"[0.672, 0.815]","[0.67, 0.67, 0.67, 0.67, 0.67, 0.67, 0.67, 0.67, 0.67, 0.67, 0.67, 0.67, 0.67, 0.67, 0.67, 0.67, 0.67, 0.67, 0.67, 0.67, 0.67, 0.67, 0.67, 0.67, 0.67, 0.67, 0.67, 0.67, 0.67, 0.67, 0.67, 0.67, 0.67, 0.67, 0.67, 0.67, 0.67, 0.67, 0.67, 0.67, 0.67, 0.67, 0.67, 0.67, 0.67, 0.67, 0.67, 0.672, 0.676, 0.693, 0.734, 0.783, 0.809, 0.817, 0.819, 0.82, 0.82, 0.82, 0.82, 0.82, 0.82, 0.82, 0.82, 0.82, 0.82, 0.82, 0.82, 0.82, 0.82, 0.82, 0.82, 0.82, 0.82, 0.82, 0.82, 0.82, 0.82, 0.82, 0.82, 0.82, 0.82, 0.82, 0.82, 0.82, 0.82, 0.82, 0.82, 0.82, 0.82, 0.82, 0.82, 0.82, 0.82, 0.82, 0.82, 0.82, 0.82, 0.82, 0.82, 0.82]","[0.033, 0.03]","[1.0, 1.0, 0.66, 0.18]",1.0,1.0,0.66,0.18
2022-03-11,4,153,330,['Bpod6'],580,313,267,205,346,277,116,161,167,93,274,185,89,0.47758620689655173,0.3706070287539936,0.602996254681648,551,301,250,356,109,247,0.5317073170731708,0.7138728323699421,172,89,83,0.43414634146341463,0.2398843930635838,0.5027223230490018,0.3853820598006645,0.644,0.5027223230490018,0.25861794019933554,0.4691011235955056,0.5406976744186046,-0.07159655082309901,0.6227900747215565,0.33701536726349923,29,12,17,0.05,0.038338658146964855,0.06367041198501873,277,116,161,692.5,290.0,402.5,4,0,0,0,0.0,,"psych_curve(xdata=array([-70.,  70.]), ydata=[0.615, 0.644], fit=[0.61, 0.61, 0.61, 0.61, 0.61, 0.61, 0.61, 0.61, 0.61, 0.61, 0.61, 0.61, 0.61, 0.61, 0.61, 0.61, 0.61, 0.61, 0.61, 0.61, 0.61, 0.61, 0.61, 0.61, 0.61, 0.61, 0.61, 0.61, 0.61, 0.61, 0.61, 0.61, 0.61, 0.61, 0.61, 0.61, 0.61, 0.61, 0.61, 0.61, 0.61, 0.61, 0.61, 0.61, 0.61, 0.61, 0.61, 0.61, 0.611, 0.615, 0.623, 0.633, 0.638, 0.639, 0.64, 0.64, 0.64, 0.64, 0.64, 0.64, 0.64, 0.64, 0.64, 0.64, 0.64, 0.64, 0.64, 0.64, 0.64, 0.64, 0.64, 0.64, 0.64, 0.64, 0.64, 0.64, 0.64, 0.64, 0.64, 0.64, 0.64, 0.64, 0.64, 0.64, 0.64, 0.64, 0.64, 0.64, 0.64, 0.64, 0.64, 0.64, 0.64, 0.64, 0.64, 0.64, 0.64, 0.64, 0.64, 0.64], params=[1.0, 1.0, 0.61, 0.36], fit_error=[0.028, 0.03])",[-70.  70.],"[0.615, 0.644]","[0.61, 0.61, 0.61, 0.61, 0.61, 0.61, 0.61, 0.61, 0.61, 0.61, 0.61, 0.61, 0.61, 0.61, 0.61, 0.61, 0.61, 0.61, 0.61, 0.61, 0.61, 0.61, 0.61, 0.61, 0.61, 0.61, 0.61, 0.61, 0.61, 0.61, 0.61, 0.61, 0.61, 0.61, 0.61, 0.61, 0.61, 0.61, 0.61, 0.61, 0.61, 0.61, 0.61, 0.61, 0.61, 0.61, 0.61, 0.61, 0.611, 0.615, 0.623, 0.633, 0.638, 0.639, 0.64, 0.64, 0.64, 0.64, 0.64, 0.64, 0.64, 0.64, 0.64, 0.64, 0.64, 0.64, 0.64, 0.64, 0.64, 0.64, 0.64, 0.64, 0.64, 0.64, 0.64, 0.64, 0.64, 0.64, 0.64, 0.64, 0.64, 0.64, 0.64, 0.64, 0.64, 0.64, 0.64, 0.64, 0.64, 0.64, 0.64, 0.64, 0.64, 0.64, 0.64, 0.64, 0.64, 0.64, 0.64, 0.64]","[0.028, 0.03]","[1.0, 1.0, 0.61, 0.36]",1.0,1.0,0.61,0.36,"psych_curve(xdata=array([-70.,  70.]), ydata=[0.67, 0.679], fit=[nan, nan, nan, nan, nan, nan, nan, nan, nan, nan, nan, nan, nan, nan, nan, nan, nan, nan, nan, nan, nan, nan, nan, nan, nan, nan, nan, nan, nan, nan, nan, nan, nan, nan, nan, nan, nan, nan, nan, nan, nan, nan, nan, nan, nan, nan, nan, nan, nan, nan, nan, nan, nan, nan, nan, nan, nan, nan, nan, nan, nan, nan, nan, nan, nan, nan, nan, nan, nan, nan, nan, nan, nan, nan, nan, nan, nan, nan, nan, nan, nan, nan, nan, nan, nan, nan, nan, nan, nan, nan, nan, nan, nan, nan, nan, nan, nan, nan, nan, nan], params=[1.0, 1.0, 0.67, 0.32], fit_error=[0.028, 0.03])",[-70.  70.],"[0.615, 0.644]","[0.61, 0.61, 0.61, 0.61, 0.61, 0.61, 0.61, 0.61, 0.61, 0.61, 0.61, 0.61, 0.61, 0.61, 0.61, 0.61, 0.61, 0.61, 0.61, 0.61, 0.61, 0.61, 0.61, 0.61, 0.61, 0.61, 0.61, 0.61, 0.61, 0.61, 0.61, 0.61, 0.61, 0.61, 0.61, 0.61, 0.61, 0.61, 0.61, 0.61, 0.61, 0.61, 0.61, 0.61, 0.61, 0.61, 0.61, 0.61, 0.611, 0.615, 0.623, 0.633, 0.638, 0.639, 0.64, 0.64, 0.64, 0.64, 0.64, 0.64, 0.64, 0.64, 0.64, 0.64, 0.64, 0.64, 0.64, 0.64, 0.64, 0.64, 0.64, 0.64, 0.64, 0.64, 0.64, 0.64, 0.64, 0.64, 0.64, 0.64, 0.64, 0.64, 0.64, 0.64, 0.64, 0.64, 0.64, 0.64, 0.64, 0.64, 0.64, 0.64, 0.64, 0.64, 0.64, 0.64, 0.64, 0.64, 0.64, 0.64]","[0.028, 0.03]","[1.0, 1.0, 0.67, 0.32]",1.0,1.0,0.67,0.32
2022-03-15,1,157,330,['Bpod6'],203,97,106,65,80,84,35,49,64,18,61,31,30,0.41379310344827586,0.36082474226804123,0.46226415094339623,145,66,79,107,49,58,0.7538461538461538,0.725,30,15,15,0.23076923076923078,0.1875,0.5793103448275863,0.5303030303030303,0.620253164556962,0.5793103448275863,0.08995013425393172,0.5981308411214953,0.6,-0.0018691588785046953,0.739423076923077,0.2091346153846154,58,31,27,0.2857142857142857,0.31958762886597936,0.25471698113207547,84,35,49,210.0,87.5,122.5,4,0,0,0,0.0,,"psych_curve(xdata=array([-70.,  70.]), ydata=[0.47, 0.62], fit=[0.47, 0.47, 0.47, 0.47, 0.47, 0.47, 0.47, 0.47, 0.47, 0.47, 0.47, 0.47, 0.47, 0.47, 0.47, 0.47, 0.47, 0.47, 0.47, 0.47, 0.47, 0.47, 0.47, 0.47, 0.47, 0.47, 0.47, 0.47, 0.47, 0.47, 0.47, 0.47, 0.47, 0.47, 0.47, 0.47, 0.47, 0.47, 0.47, 0.47, 0.47, 0.47, 0.47, 0.47, 0.47, 0.47, 0.47, 0.472, 0.476, 0.493, 0.534, 0.583, 0.609, 0.617, 0.619, 0.62, 0.62, 0.62, 0.62, 0.62, 0.62, 0.62, 0.62, 0.62, 0.62, 0.62, 0.62, 0.62, 0.62, 0.62, 0.62, 0.62, 0.62, 0.62, 0.62, 0.62, 0.62, 0.62, 0.62, 0.62, 0.62, 0.62, 0.62, 0.62, 0.62, 0.62, 0.62, 0.62, 0.62, 0.62, 0.62, 0.62, 0.62, 0.62, 0.62, 0.62, 0.62, 0.62, 0.62, 0.62], params=[1.0, 1.0, 0.47, 0.38], fit_error=[0.062, 0.055])",[-70.  70.],"[0.47, 0.62]","[0.47, 0.47, 0.47, 0.47, 0.47, 0.47, 0.47, 0.47, 0.47, 0.47, 0.47, 0.47, 0.47, 0.47, 0.47, 0.47, 0.47, 0.47, 0.47, 0.47, 0.47, 0.47, 0.47, 0.47, 0.47, 0.47, 0.47, 0.47, 0.47, 0.47, 0.47, 0.47, 0.47, 0.47, 0.47, 0.47, 0.47, 0.47, 0.47, 0.47, 0.47, 0.47, 0.47, 0.47, 0.47, 0.47, 0.47, 0.472, 0.476, 0.493, 0.534, 0.583, 0.609, 0.617, 0.619, 0.62, 0.62, 0.62, 0.62, 0.62, 0.62, 0.62, 0.62, 0.62, 0.62, 0.62, 0.62, 0.62, 0.62, 0.62, 0.62, 0.62, 0.62, 0.62, 0.62, 0.62, 0.62, 0.62, 0.62, 0.62, 0.62, 0.62, 0.62, 0.62, 0.62, 0.62, 0.62, 0.62, 0.62, 0.62, 0.62, 0.62, 0.62, 0.62, 0.62, 0.62, 0.62, 0.62, 0.62, 0.62]","[0.062, 0.055]","[1.0, 1.0, 0.47, 0.38]",1.0,1.0,0.47,0.38,"psych_curve(xdata=array([-70.,  70.]), ydata=[0.705, 0.842], fit=[nan, nan, nan, nan, nan, nan, nan, nan, nan, nan, nan, nan, nan, nan, nan, nan, nan, nan, nan, nan, nan, nan, nan, nan, nan, nan, nan, nan, nan, nan, nan, nan, nan, nan, nan, nan, nan, nan, nan, nan, nan, nan, nan, nan, nan, nan, nan, nan, nan, nan, nan, nan, nan, nan, nan, nan, nan, nan, nan, nan, nan, nan, nan, nan, nan, nan, nan, nan, nan, nan, nan, nan, nan, nan, nan, nan, nan, nan, nan, nan, nan, nan, nan, nan, nan, nan, nan, nan, nan, nan, nan, nan, nan, nan, nan, nan, nan, nan, nan, nan], params=[1.0, 1.0, 0.7, 0.16], fit_error=[0.059, 0.042])",[-70.  70.],"[0.47, 0.62]","[0.47, 0.47, 0.47, 0.47, 0.47, 0.47, 0.47, 0.47, 0.47, 0.47, 0.47, 0.47, 0.47, 0.47, 0.47, 0.47, 0.47, 0.47, 0.47, 0.47, 0.47, 0.47, 0.47, 0.47, 0.47, 0.47, 0.47, 0.47, 0.47, 0.47, 0.47, 0.47, 0.47, 0.47, 0.47, 0.47, 0.47, 0.47, 0.47, 0.47, 0.47, 0.47, 0.47, 0.47, 0.47, 0.47, 0.47, 0.472, 0.476, 0.493, 0.534, 0.583, 0.609, 0.617, 0.619, 0.62, 0.62, 0.62, 0.62, 0.62, 0.62, 0.62, 0.62, 0.62, 0.62, 0.62, 0.62, 0.62, 0.62, 0.62, 0.62, 0.62, 0.62, 0.62, 0.62, 0.62, 0.62, 0.62, 0.62, 0.62, 0.62, 0.62, 0.62, 0.62, 0.62, 0.62, 0.62, 0.62, 0.62, 0.62, 0.62, 0.62, 0.62, 0.62, 0.62, 0.62, 0.62, 0.62, 0.62, 0.62]","[0.062, 0.055]","[1.0, 1.0, 0.7, 0.16]",1.0,1.0,0.7,0.16
2022-03-16,2,158,330,['Bpod6'],251,151,100,39,202,126,34,92,80,44,115,110,5,0.50199203187251,0.2251655629139073,0.92,241,144,97,177,7,170,0.1794871794871795,0.8415841584158416,62,30,32,0.7692307692307693,0.15841584158415842,0.5228215767634855,0.2361111111111111,0.9484536082474226,0.5228215767634855,0.7123424971363115,0.4519774011299435,0.7096774193548387,-0.25770001822489524,0.5105356689515105,0.46382330540746386,10,7,3,0.0398406374501992,0.046357615894039736,0.03,126,34,92,315.0,85.0,230.0,4,0,0,0,0.0,,"psych_curve(xdata=array([-70.,  70.]), ydata=[0.764, 0.948], fit=[0.76, 0.76, 0.76, 0.76, 0.76, 0.76, 0.76, 0.76, 0.76, 0.76, 0.76, 0.76, 0.76, 0.76, 0.76, 0.76, 0.76, 0.76, 0.76, 0.76, 0.76, 0.76, 0.76, 0.76, 0.76, 0.76, 0.76, 0.76, 0.76, 0.76, 0.76, 0.76, 0.76, 0.76, 0.76, 0.76, 0.76, 0.76, 0.76, 0.76, 0.76, 0.76, 0.76, 0.76, 0.76, 0.76, 0.76, 0.762, 0.768, 0.789, 0.841, 0.903, 0.936, 0.946, 0.949, 0.95, 0.95, 0.95, 0.95, 0.95, 0.95, 0.95, 0.95, 0.95, 0.95, 0.95, 0.95, 0.95, 0.95, 0.95, 0.95, 0.95, 0.95, 0.95, 0.95, 0.95, 0.95, 0.95, 0.95, 0.95, 0.95, 0.95, 0.95, 0.95, 0.95, 0.95, 0.95, 0.95, 0.95, 0.95, 0.95, 0.95, 0.95, 0.95, 0.95, 0.95, 0.95, 0.95, 0.95, 0.95], params=[1.0, 1.0, 0.76, 0.05], fit_error=[0.036, 0.023])",[-70.  70.],"[0.764, 0.948]","[0.76, 0.76, 0.76, 0.76, 0.76, 0.76, 0.76, 0.76, 0.76, 0.76, 0.76, 0.76, 0.76, 0.76, 0.76, 0.76, 0.76, 0.76, 0.76, 0.76, 0.76, 0.76, 0.76, 0.76, 0.76, 0.76, 0.76, 0.76, 0.76, 0.76, 0.76, 0.76, 0.76, 0.76, 0.76, 0.76, 0.76, 0.76, 0.76, 0.76, 0.76, 0.76, 0.76, 0.76, 0.76, 0.76, 0.76, 0.762, 0.768, 0.789, 0.841, 0.903, 0.936, 0.946, 0.949, 0.95, 0.95, 0.95, 0.95, 0.95, 0.95, 0.95, 0.95, 0.95, 0.95, 0.95, 0.95, 0.95, 0.95, 0.95, 0.95, 0.95, 0.95, 0.95, 0.95, 0.95, 0.95, 0.95, 0.95, 0.95, 0.95, 0.95, 0.95, 0.95, 0.95, 0.95, 0.95, 0.95, 0.95, 0.95, 0.95, 0.95, 0.95, 0.95, 0.95, 0.95, 0.95, 0.95, 0.95, 0.95]","[0.036, 0.023]","[1.0, 1.0, 0.76, 0.05]",1.0,1.0,0.76,0.05,"psych_curve(xdata=array([-70.,  70.]), ydata=[0.688, 0.816], fit=[nan, nan, nan, nan, nan, nan, nan, nan, nan, nan, nan, nan, nan, nan, nan, nan, nan, nan, nan, nan, nan, nan, nan, nan, nan, nan, nan, nan, nan, nan, nan, nan, nan, nan, nan, nan, nan, nan, nan, nan, nan, nan, nan, nan, nan, nan, nan, nan, nan, nan, nan, nan, nan, nan, nan, nan, nan, nan, nan, nan, nan, nan, nan, nan, nan, nan, nan, nan, nan, nan, nan, nan, nan, nan, nan, nan, nan, nan, nan, nan, nan, nan, nan, nan, nan, nan, nan, nan, nan, nan, nan, nan, nan, nan, nan, nan, nan, nan, nan, nan], params=[1.0, 1.0, 0.69, 0.18], fit_error=[0.039, 0.039])",[-70.  70.],"[0.764, 0.948]","[0.76, 0.76, 0.76, 0.76, 0.76, 0.76, 0.76, 0.76, 0.76, 0.76, 0.76, 0.76, 0.76, 0.76, 0.76, 0.76, 0.76, 0.76, 0.76, 0.76, 0.76, 0.76, 0.76, 0.76, 0.76, 0.76, 0.76, 0.76, 0.76, 0.76, 0.76, 0.76, 0.76, 0.76, 0.76, 0.76, 0.76, 0.76, 0.76, 0.76, 0.76, 0.76, 0.76, 0.76, 0.76, 0.76, 0.76, 0.762, 0.768, 0.789, 0.841, 0.903, 0.936, 0.946, 0.949, 0.95, 0.95, 0.95, 0.95, 0.95, 0.95, 0.95, 0.95, 0.95, 0.95, 0.95, 0.95, 0.95, 0.95, 0.95, 0.95, 0.95, 0.95, 0.95, 0.95, 0.95, 0.95, 0.95, 0.95, 0.95, 0.95, 0.95, 0.95, 0.95, 0.95, 0.95, 0.95, 0.95, 0.95, 0.95, 0.95, 0.95, 0.95, 0.95, 0.95, 0.95, 0.95, 0.95, 0.95, 0.95]","[0.036, 0.023]","[1.0, 1.0, 0.69, 0.18]",1.0,1.0,0.69,0.18
2022-03-17,3,159,330,['Bpod6' 'Bpod5'],547,348,199,81,433,253,71,182,175,75,261,251,10,0.4625228519195612,0.20402298850574713,0.914572864321608,514,322,192,401,27,374,0.3333333333333333,0.8637413394919169,106,52,54,0.6419753086419753,0.12471131639722864,0.49221789883268485,0.2204968944099379,0.9479166666666666,0.49221789883268485,0.7274197722567287,0.43640897755610975,0.7075471698113207,-0.27113819225521096,0.5985373364126251,0.38334331251960196,33,26,7,0.0603290676416819,0.07471264367816093,0.035175879396984924,253,71,182,632.5,177.5,455.0,4,0,0,0,0.0,,"psych_curve(xdata=array([-70.,  70.]), ydata=[0.78, 0.948], fit=[0.78, 0.78, 0.78, 0.78, 0.78, 0.78, 0.78, 0.78, 0.78, 0.78, 0.78, 0.78, 0.78, 0.78, 0.78, 0.78, 0.78, 0.78, 0.78, 0.78, 0.78, 0.78, 0.78, 0.78, 0.78, 0.78, 0.78, 0.78, 0.78, 0.78, 0.78, 0.78, 0.78, 0.78, 0.78, 0.78, 0.78, 0.78, 0.78, 0.78, 0.78, 0.78, 0.78, 0.78, 0.78, 0.78, 0.78, 0.782, 0.787, 0.806, 0.853, 0.908, 0.938, 0.947, 0.949, 0.95, 0.95, 0.95, 0.95, 0.95, 0.95, 0.95, 0.95, 0.95, 0.95, 0.95, 0.95, 0.95, 0.95, 0.95, 0.95, 0.95, 0.95, 0.95, 0.95, 0.95, 0.95, 0.95, 0.95, 0.95, 0.95, 0.95, 0.95, 0.95, 0.95, 0.95, 0.95, 0.95, 0.95, 0.95, 0.95, 0.95, 0.95, 0.95, 0.95, 0.95, 0.95, 0.95, 0.95, 0.95], params=[1.0, 1.0, 0.78, 0.05], fit_error=[0.023, 0.016])",[-70.  70.],"[0.78, 0.948]","[0.78, 0.78, 0.78, 0.78, 0.78, 0.78, 0.78, 0.78, 0.78, 0.78, 0.78, 0.78, 0.78, 0.78, 0.78, 0.78, 0.78, 0.78, 0.78, 0.78, 0.78, 0.78, 0.78, 0.78, 0.78, 0.78, 0.78, 0.78, 0.78, 0.78, 0.78, 0.78, 0.78, 0.78, 0.78, 0.78, 0.78, 0.78, 0.78, 0.78, 0.78, 0.78, 0.78, 0.78, 0.78, 0.78, 0.78, 0.782, 0.787, 0.806, 0.853, 0.908, 0.938, 0.947, 0.949, 0.95, 0.95, 0.95, 0.95, 0.95, 0.95, 0.95, 0.95, 0.95, 0.95, 0.95, 0.95, 0.95, 0.95, 0.95, 0.95, 0.95, 0.95, 0.95, 0.95, 0.95, 0.95, 0.95, 0.95, 0.95, 0.95, 0.95, 0.95, 0.95, 0.95, 0.95, 0.95, 0.95, 0.95, 0.95, 0.95, 0.95, 0.95, 0.95, 0.95, 0.95, 0.95, 0.95, 0.95, 0.95]","[0.023, 0.016]","[1.0, 1.0, 0.78, 0.05]",1.0,1.0,0.78,0.05,"psych_curve(xdata=array([-70.,  70.]), ydata=[0.751, 0.85], fit=[nan, nan, nan, nan, nan, nan, nan, nan, nan, nan, nan, nan, nan, nan, nan, nan, nan, nan, nan, nan, nan, nan, nan, nan, nan, nan, nan, nan, nan, nan, nan, nan, nan, nan, nan, nan, nan, nan, nan, nan, nan, nan, nan, nan, nan, nan, nan, nan, nan, nan, nan, nan, nan, nan, nan, nan, nan, nan, nan, nan, nan, nan, nan, nan, nan, nan, nan, nan, nan, nan, nan, nan, nan, nan, nan, nan, nan, nan, nan, nan, nan, nan, nan, nan, nan, nan, nan, nan, nan, nan, nan, nan, nan, nan, nan, nan, nan, nan, nan, nan], params=[1.0, 1.0, 0.75, 0.15], fit_error=[0.025, 0.025])",[-70.  70.],"[0.78, 0.948]","[0.78, 0.78, 0.78, 0.78, 0.78, 0.78, 0.78, 0.78, 0.78, 0.78, 0.78, 0.78, 0.78, 0.78, 0.78, 0.78, 0.78, 0.78, 0.78, 0.78, 0.78, 0.78, 0.78, 0.78, 0.78, 0.78, 0.78, 0.78, 0.78, 0.78, 0.78, 0.78, 0.78, 0.78, 0.78, 0.78, 0.78, 0.78, 0.78, 0.78, 0.78, 0.78, 0.78, 0.78, 0.78, 0.78, 0.78, 0.782, 0.787, 0.806, 0.853, 0.908, 0.938, 0.947, 0.949, 0.95, 0.95, 0.95, 0.95, 0.95, 0.95, 0.95, 0.95, 0.95, 0.95, 0.95, 0.95, 0.95, 0.95, 0.95, 0.95, 0.95, 0.95, 0.95, 0.95, 0.95, 0.95, 0.95, 0.95, 0.95, 0.95, 0.95, 0.95, 0.95, 0.95, 0.95, 0.95, 0.95, 0.95, 0.95, 0.95, 0.95, 0.95, 0.95, 0.95, 0.95, 0.95, 0.95, 0.95, 0.95]","[0.023, 0.016]","[1.0, 1.0, 0.75, 0.15]",1.0,1.0,0.75,0.15
2022-03-18,4,160,330,['Bpod6'],342,251,91,79,247,145,69,76,90,54,181,171,10,0.4239766081871345,0.2749003984063745,0.8351648351648352,326,240,86,229,33,196,0.4177215189873418,0.7935222672064778,91,45,46,0.569620253164557,0.1862348178137652,0.4447852760736196,0.2875,0.8837209302325582,0.4447852760736196,0.5962209302325582,0.3930131004366812,0.5934065934065934,-0.2003934929699122,0.6056218930969097,0.3779275354891611,16,11,5,0.04678362573099415,0.043824701195219126,0.054945054945054944,145,69,76,362.5,172.5,190.0,4,0,0,0,0.0,,"psych_curve(xdata=array([-70.,  70.]), ydata=[0.712, 0.884], fit=[0.71, 0.71, 0.71, 0.71, 0.71, 0.71, 0.71, 0.71, 0.71, 0.71, 0.71, 0.71, 0.71, 0.71, 0.71, 0.71, 0.71, 0.71, 0.71, 0.71, 0.71, 0.71, 0.71, 0.71, 0.71, 0.71, 0.71, 0.71, 0.71, 0.71, 0.71, 0.71, 0.71, 0.71, 0.71, 0.71, 0.71, 0.71, 0.71, 0.71, 0.71, 0.71, 0.71, 0.71, 0.71, 0.71, 0.71, 0.712, 0.717, 0.736, 0.783, 0.838, 0.868, 0.877, 0.879, 0.88, 0.88, 0.88, 0.88, 0.88, 0.88, 0.88, 0.88, 0.88, 0.88, 0.88, 0.88, 0.88, 0.88, 0.88, 0.88, 0.88, 0.88, 0.88, 0.88, 0.88, 0.88, 0.88, 0.88, 0.88, 0.88, 0.88, 0.88, 0.88, 0.88, 0.88, 0.88, 0.88, 0.88, 0.88, 0.88, 0.88, 0.88, 0.88, 0.88, 0.88, 0.88, 0.88, 0.88, 0.88], params=[1.0, 1.0, 0.71, 0.12], fit_error=[0.029, 0.035])",[-70.  70.],"[0.712, 0.884]","[0.71, 0.71, 0.71, 0.71, 0.71, 0.71, 0.71, 0.71, 0.71, 0.71, 0.71, 0.71, 0.71, 0.71, 0.71, 0.71, 0.71, 0.71, 0.71, 0.71, 0.71, 0.71, 0.71, 0.71, 0.71, 0.71, 0.71, 0.71, 0.71, 0.71, 0.71, 0.71, 0.71, 0.71, 0.71, 0.71, 0.71, 0.71, 0.71, 0.71, 0.71, 0.71, 0.71, 0.71, 0.71, 0.71, 0.71, 0.712, 0.717, 0.736, 0.783, 0.838, 0.868, 0.877, 0.879, 0.88, 0.88, 0.88, 0.88, 0.88, 0.88, 0.88, 0.88, 0.88, 0.88, 0.88, 0.88, 0.88, 0.88, 0.88, 0.88, 0.88, 0.88, 0.88, 0.88, 0.88, 0.88, 0.88, 0.88, 0.88, 0.88, 0.88, 0.88, 0.88, 0.88, 0.88, 0.88, 0.88, 0.88, 0.88, 0.88, 0.88, 0.88, 0.88, 0.88, 0.88, 0.88, 0.88, 0.88, 0.88]","[0.029, 0.035]","[1.0, 1.0, 0.71, 0.12]",1.0,1.0,0.71,0.12,"psych_curve(xdata=array([-70.,  70.]), ydata=[0.72, 0.709], fit=[nan, nan, nan, nan, nan, nan, nan, nan, nan, nan, nan, nan, nan, nan, nan, nan, nan, nan, nan, nan, nan, nan, nan, nan, nan, nan, nan, nan, nan, nan, nan, nan, nan, nan, nan, nan, nan, nan, nan, nan, nan, nan, nan, nan, nan, nan, nan, nan, nan, nan, nan, nan, nan, nan, nan, nan, nan, nan, nan, nan, nan, nan, nan, nan, nan, nan, nan, nan, nan, nan, nan, nan, nan, nan, nan, nan, nan, nan, nan, nan, nan, nan, nan, nan, nan, nan, nan, nan, nan, nan, nan, nan, nan, nan, nan, nan, nan, nan, nan, nan], params=[1.0, 1.0, 0.72, 0.29], fit_error=[0.032, 0.04])",[-70.  70.],"[0.712, 0.884]","[0.71, 0.71, 0.71, 0.71, 0.71, 0.71, 0.71, 0.71, 0.71, 0.71, 0.71, 0.71, 0.71, 0.71, 0.71, 0.71, 0.71, 0.71, 0.71, 0.71, 0.71, 0.71, 0.71, 0.71, 0.71, 0.71, 0.71, 0.71, 0.71, 0.71, 0.71, 0.71, 0.71, 0.71, 0.71, 0.71, 0.71, 0.71, 0.71, 0.71, 0.71, 0.71, 0.71, 0.71, 0.71, 0.71, 0.71, 0.712, 0.717, 0.736, 0.783, 0.838, 0.868, 0.877, 0.879, 0.88, 0.88, 0.88, 0.88, 0.88, 0.88, 0.88, 0.88, 0.88, 0.88, 0.88, 0.88, 0.88, 0.88, 0.88, 0.88, 0.88, 0.88, 0.88, 0.88, 0.88, 0.88, 0.88, 0.88, 0.88, 0.88, 0.88, 0.88, 0.88, 0.88, 0.88, 0.88, 0.88, 0.88, 0.88, 0.88, 0.88, 0.88, 0.88, 0.88, 0.88, 0.88, 0.88, 0.88, 0.88]","[0.029, 0.035]","[1.0, 1.0, 0.72, 0.29]",1.0,1.0,0.72,0.29
2022-03-30,2,172,330,['Bpod6'],151,76,75,56,63,74,25,49,43,20,57,37,20,0.4900662251655629,0.32894736842105265,0.6533333333333333,119,56,63,58,28,30,0.5,0.47619047619047616,45,24,21,0.42857142857142855,0.3333333333333333,0.6218487394957983,0.44642857142857145,0.7777777777777778,0.6218487394957983,0.33134920634920634,0.7413793103448276,0.4444444444444444,0.2969348659003832,0.4880952380952381,0.38095238095238093,32,20,12,0.2119205298013245,0.2631578947368421,0.16,119,56,63,297.5,140.0,157.5,3,0,0,0,0.0,,"psych_curve(xdata=array([-70.,  70.]), ydata=[0.0, 1.0], fit=[0.0, 0.0, 0.0, 0.0, 0.0, 0.0, 0.0, 0.0, 0.0, 0.0, 0.0, 0.0, 0.0, 0.0, 0.0, 0.0, 0.0, 0.0, 0.0, 0.0, 0.0, 0.0, 0.0, 0.0, 0.0, 0.0, 0.0, 0.0, 0.0, 0.0, 0.0, 0.0, 0.0, 0.0, 0.0, 0.0, 0.0, 0.0, 0.0, 0.0, 0.0, 0.0, 0.0, 0.0, 0.0, 0.001, 0.003, 0.011, 0.042, 0.154, 0.427, 0.754, 0.927, 0.981, 0.995, 0.999, 1.0, 1.0, 1.0, 1.0, 1.0, 1.0, 1.0, 1.0, 1.0, 1.0, 1.0, 1.0, 1.0, 1.0, 1.0, 1.0, 1.0, 1.0, 1.0, 1.0, 1.0, 1.0, 1.0, 1.0, 1.0, 1.0, 1.0, 1.0, 1.0, 1.0, 1.0, 1.0, 1.0, 1.0, 1.0, 1.0, 1.0, 1.0, 1.0, 1.0, 1.0, 1.0, 1.0, 1.0], params=[1.0, 1.0, 0.0, 0.0], fit_error=[0.0, 0.0])",[-70.  70.],"[0.0, 1.0]","[0.0, 0.0, 0.0, 0.0, 0.0, 0.0, 0.0, 0.0, 0.0, 0.0, 0.0, 0.0, 0.0, 0.0, 0.0, 0.0, 0.0, 0.0, 0.0, 0.0, 0.0, 0.0, 0.0, 0.0, 0.0, 0.0, 0.0, 0.0, 0.0, 0.0, 0.0, 0.0, 0.0, 0.0, 0.0, 0.0, 0.0, 0.0, 0.0, 0.0, 0.0, 0.0, 0.0, 0.0, 0.0, 0.001, 0.003, 0.011, 0.042, 0.154, 0.427, 0.754, 0.927, 0.981, 0.995, 0.999, 1.0, 1.0, 1.0, 1.0, 1.0, 1.0, 1.0, 1.0, 1.0, 1.0, 1.0, 1.0, 1.0, 1.0, 1.0, 1.0, 1.0, 1.0, 1.0, 1.0, 1.0, 1.0, 1.0, 1.0, 1.0, 1.0, 1.0, 1.0, 1.0, 1.0, 1.0, 1.0, 1.0, 1.0, 1.0, 1.0, 1.0, 1.0, 1.0, 1.0, 1.0, 1.0, 1.0, 1.0]","[0.0, 0.0]","[1.0, 1.0, 0.0, 0.0]",1.0,1.0,0.0,0.0,"psych_curve(xdata=array([-70.,  70.]), ydata=[0.0, 1.0], fit=[nan, nan, nan, nan, nan, nan, nan, nan, nan, nan, nan, nan, nan, nan, nan, nan, nan, nan, nan, nan, nan, nan, nan, nan, nan, nan, nan, nan, nan, nan, nan, nan, nan, nan, nan, nan, nan, nan, nan, nan, nan, nan, nan, nan, nan, nan, nan, nan, nan, nan, nan, nan, nan, nan, nan, nan, nan, nan, nan, nan, nan, nan, nan, nan, nan, nan, nan, nan, nan, nan, nan, nan, nan, nan, nan, nan, nan, nan, nan, nan, nan, nan, nan, nan, nan, nan, nan, nan, nan, nan, nan, nan, nan, nan, nan, nan, nan, nan, nan, nan], params=[1.0, 1.0, 0.0, 0.0], fit_error=[0.0, 0.0])",[-70.  70.],"[0.0, 1.0]","[0.0, 0.0, 0.0, 0.0, 0.0, 0.0, 0.0, 0.0, 0.0, 0.0, 0.0, 0.0, 0.0, 0.0, 0.0, 0.0, 0.0, 0.0, 0.0, 0.0, 0.0, 0.0, 0.0, 0.0, 0.0, 0.0, 0.0, 0.0, 0.0, 0.0, 0.0, 0.0, 0.0, 0.0, 0.0, 0.0, 0.0, 0.0, 0.0, 0.0, 0.0, 0.0, 0.0, 0.0, 0.0, 0.001, 0.003, 0.011, 0.042, 0.154, 0.427, 0.754, 0.927, 0.981, 0.995, 0.999, 1.0, 1.0, 1.0, 1.0, 1.0, 1.0, 1.0, 1.0, 1.0, 1.0, 1.0, 1.0, 1.0, 1.0, 1.0, 1.0, 1.0, 1.0, 1.0, 1.0, 1.0, 1.0, 1.0, 1.0, 1.0, 1.0, 1.0, 1.0, 1.0, 1.0, 1.0, 1.0, 1.0, 1.0, 1.0, 1.0, 1.0, 1.0, 1.0, 1.0, 1.0, 1.0, 1.0, 1.0]","[0.0, 0.0]","[1.0, 1.0, 0.0, 0.0]",1.0,1.0,0.0,0.0
2022-03-31,3,173,330,['Bpod6'],314,162,152,152,150,152,68,84,89,61,151,85,66,0.4840764331210191,0.41975308641975306,0.5526315789473685,302,152,150,138,69,69,0.45394736842105265,0.46,158,79,79,0.5197368421052632,0.5266666666666666,0.5033112582781457,0.4473684210526316,0.56,0.5033112582781457,0.11263157894736847,0.644927536231884,0.3860759493670886,0.2588515868647954,0.4569736842105263,0.5232017543859648,12,10,2,0.03821656050955414,0.06172839506172839,0.013157894736842105,302,152,150,755.0,380.0,375.0,3,0,0,0,0.0,,"psych_curve(xdata=array([-70.,  70.]), ydata=[0.0, 1.0], fit=[0.0, 0.0, 0.0, 0.0, 0.0, 0.0, 0.0, 0.0, 0.0, 0.0, 0.0, 0.0, 0.0, 0.0, 0.0, 0.0, 0.0, 0.0, 0.0, 0.0, 0.0, 0.0, 0.0, 0.0, 0.0, 0.0, 0.0, 0.0, 0.0, 0.0, 0.0, 0.0, 0.0, 0.0, 0.0, 0.0, 0.0, 0.0, 0.0, 0.0, 0.0, 0.0, 0.0, 0.0, 0.0, 0.001, 0.003, 0.011, 0.042, 0.154, 0.427, 0.754, 0.927, 0.981, 0.995, 0.999, 1.0, 1.0, 1.0, 1.0, 1.0, 1.0, 1.0, 1.0, 1.0, 1.0, 1.0, 1.0, 1.0, 1.0, 1.0, 1.0, 1.0, 1.0, 1.0, 1.0, 1.0, 1.0, 1.0, 1.0, 1.0, 1.0, 1.0, 1.0, 1.0, 1.0, 1.0, 1.0, 1.0, 1.0, 1.0, 1.0, 1.0, 1.0, 1.0, 1.0, 1.0, 1.0, 1.0, 1.0], params=[1.0, 1.0, 0.0, 0.0], fit_error=[0.0, 0.0])",[-70.  70.],"[0.0, 1.0]","[0.0, 0.0, 0.0, 0.0, 0.0, 0.0, 0.0, 0.0, 0.0, 0.0, 0.0, 0.0, 0.0, 0.0, 0.0, 0.0, 0.0, 0.0, 0.0, 0.0, 0.0, 0.0, 0.0, 0.0, 0.0, 0.0, 0.0, 0.0, 0.0, 0.0, 0.0, 0.0, 0.0, 0.0, 0.0, 0.0, 0.0, 0.0, 0.0, 0.0, 0.0, 0.0, 0.0, 0.0, 0.0, 0.001, 0.003, 0.011, 0.042, 0.154, 0.427, 0.754, 0.927, 0.981, 0.995, 0.999, 1.0, 1.0, 1.0, 1.0, 1.0, 1.0, 1.0, 1.0, 1.0, 1.0, 1.0, 1.0, 1.0, 1.0, 1.0, 1.0, 1.0, 1.0, 1.0, 1.0, 1.0, 1.0, 1.0, 1.0, 1.0, 1.0, 1.0, 1.0, 1.0, 1.0, 1.0, 1.0, 1.0, 1.0, 1.0, 1.0, 1.0, 1.0, 1.0, 1.0, 1.0, 1.0, 1.0, 1.0]","[0.0, 0.0]","[1.0, 1.0, 0.0, 0.0]",1.0,1.0,0.0,0.0,"psych_curve(xdata=array([-70.,  70.]), ydata=[0.0, 1.0], fit=[nan, nan, nan, nan, nan, nan, nan, nan, nan, nan, nan, nan, nan, nan, nan, nan, nan, nan, nan, nan, nan, nan, nan, nan, nan, nan, nan, nan, nan, nan, nan, nan, nan, nan, nan, nan, nan, nan, nan, nan, nan, nan, nan, nan, nan, nan, nan, nan, nan, nan, nan, nan, nan, nan, nan, nan, nan, nan, nan, nan, nan, nan, nan, nan, nan, nan, nan, nan, nan, nan, nan, nan, nan, nan, nan, nan, nan, nan, nan, nan, nan, nan, nan, nan, nan, nan, nan, nan, nan, nan, nan, nan, nan, nan, nan, nan, nan, nan, nan, nan], params=[1.0, 1.0, 0.0, 0.0], fit_error=[0.0, 0.0])",[-70.  70.],"[0.0, 1.0]","[0.0, 0.0, 0.0, 0.0, 0.0, 0.0, 0.0, 0.0, 0.0, 0.0, 0.0, 0.0, 0.0, 0.0, 0.0, 0.0, 0.0, 0.0, 0.0, 0.0, 0.0, 0.0, 0.0, 0.0, 0.0, 0.0, 0.0, 0.0, 0.0, 0.0, 0.0, 0.0, 0.0, 0.0, 0.0, 0.0, 0.0, 0.0, 0.0, 0.0, 0.0, 0.0, 0.0, 0.0, 0.0, 0.001, 0.003, 0.011, 0.042, 0.154, 0.427, 0.754, 0.927, 0.981, 0.995, 0.999, 1.0, 1.0, 1.0, 1.0, 1.0, 1.0, 1.0, 1.0, 1.0, 1.0, 1.0, 1.0, 1.0, 1.0, 1.0, 1.0, 1.0, 1.0, 1.0, 1.0, 1.0, 1.0, 1.0, 1.0, 1.0, 1.0, 1.0, 1.0, 1.0, 1.0, 1.0, 1.0, 1.0, 1.0, 1.0, 1.0, 1.0, 1.0, 1.0, 1.0, 1.0, 1.0, 1.0, 1.0]","[0.0, 0.0]","[1.0, 1.0, 0.0, 0.0]",1.0,1.0,0.0,0.0
2022-04-01,4,174,330,['Bpod6'],391,187,204,173,200,208,50,158,120,81,177,134,43,0.5319693094629157,0.26737967914438504,0.7745098039215687,373,173,200,183,81,102,0.4682080924855491,0.51,178,88,90,0.5086705202312138,0.45,0.5576407506702413,0.28901734104046245,0.79,0.5576407506702413,0.5009826589595376,0.6557377049180327,0.4550561797752809,0.20068152514275184,0.4891040462427746,0.4793352601156069,18,14,4,0.04603580562659847,0.0748663101604278,0.0196078431372549,373,173,200,932.5,432.5,500.0,3,0,0,0,0.0,,"psych_curve(xdata=array([-70.,  70.]), ydata=[0.0, 1.0], fit=[0.0, 0.0, 0.0, 0.0, 0.0, 0.0, 0.0, 0.0, 0.0, 0.0, 0.0, 0.0, 0.0, 0.0, 0.0, 0.0, 0.0, 0.0, 0.0, 0.0, 0.0, 0.0, 0.0, 0.0, 0.0, 0.0, 0.0, 0.0, 0.0, 0.0, 0.0, 0.0, 0.0, 0.0, 0.0, 0.0, 0.0, 0.0, 0.0, 0.0, 0.0, 0.0, 0.0, 0.0, 0.0, 0.001, 0.003, 0.011, 0.042, 0.154, 0.427, 0.754, 0.927, 0.981, 0.995, 0.999, 1.0, 1.0, 1.0, 1.0, 1.0, 1.0, 1.0, 1.0, 1.0, 1.0, 1.0, 1.0, 1.0, 1.0, 1.0, 1.0, 1.0, 1.0, 1.0, 1.0, 1.0, 1.0, 1.0, 1.0, 1.0, 1.0, 1.0, 1.0, 1.0, 1.0, 1.0, 1.0, 1.0, 1.0, 1.0, 1.0, 1.0, 1.0, 1.0, 1.0, 1.0, 1.0, 1.0, 1.0], params=[1.0, 1.0, 0.0, 0.0], fit_error=[0.0, 0.0])",[-70.  70.],"[0.0, 1.0]","[0.0, 0.0, 0.0, 0.0, 0.0, 0.0, 0.0, 0.0, 0.0, 0.0, 0.0, 0.0, 0.0, 0.0, 0.0, 0.0, 0.0, 0.0, 0.0, 0.0, 0.0, 0.0, 0.0, 0.0, 0.0, 0.0, 0.0, 0.0, 0.0, 0.0, 0.0, 0.0, 0.0, 0.0, 0.0, 0.0, 0.0, 0.0, 0.0, 0.0, 0.0, 0.0, 0.0, 0.0, 0.0, 0.001, 0.003, 0.011, 0.042, 0.154, 0.427, 0.754, 0.927, 0.981, 0.995, 0.999, 1.0, 1.0, 1.0, 1.0, 1.0, 1.0, 1.0, 1.0, 1.0, 1.0, 1.0, 1.0, 1.0, 1.0, 1.0, 1.0, 1.0, 1.0, 1.0, 1.0, 1.0, 1.0, 1.0, 1.0, 1.0, 1.0, 1.0, 1.0, 1.0, 1.0, 1.0, 1.0, 1.0, 1.0, 1.0, 1.0, 1.0, 1.0, 1.0, 1.0, 1.0, 1.0, 1.0, 1.0]","[0.0, 0.0]","[1.0, 1.0, 0.0, 0.0]",1.0,1.0,0.0,0.0,"psych_curve(xdata=array([-70.,  70.]), ydata=[0.0, 1.0], fit=[nan, nan, nan, nan, nan, nan, nan, nan, nan, nan, nan, nan, nan, nan, nan, nan, nan, nan, nan, nan, nan, nan, nan, nan, nan, nan, nan, nan, nan, nan, nan, nan, nan, nan, nan, nan, nan, nan, nan, nan, nan, nan, nan, nan, nan, nan, nan, nan, nan, nan, nan, nan, nan, nan, nan, nan, nan, nan, nan, nan, nan, nan, nan, nan, nan, nan, nan, nan, nan, nan, nan, nan, nan, nan, nan, nan, nan, nan, nan, nan, nan, nan, nan, nan, nan, nan, nan, nan, nan, nan, nan, nan, nan, nan, nan, nan, nan, nan, nan, nan], params=[1.0, 1.0, 0.0, 0.0], fit_error=[0.0, 0.0])",[-70.  70.],"[0.0, 1.0]","[0.0, 0.0, 0.0, 0.0, 0.0, 0.0, 0.0, 0.0, 0.0, 0.0, 0.0, 0.0, 0.0, 0.0, 0.0, 0.0, 0.0, 0.0, 0.0, 0.0, 0.0, 0.0, 0.0, 0.0, 0.0, 0.0, 0.0, 0.0, 0.0, 0.0, 0.0, 0.0, 0.0, 0.0, 0.0, 0.0, 0.0, 0.0, 0.0, 0.0, 0.0, 0.0, 0.0, 0.0, 0.0, 0.001, 0.003, 0.011, 0.042, 0.154, 0.427, 0.754, 0.927, 0.981, 0.995, 0.999, 1.0, 1.0, 1.0, 1.0, 1.0, 1.0, 1.0, 1.0, 1.0, 1.0, 1.0, 1.0, 1.0, 1.0, 1.0, 1.0, 1.0, 1.0, 1.0, 1.0, 1.0, 1.0, 1.0, 1.0, 1.0, 1.0, 1.0, 1.0, 1.0, 1.0, 1.0, 1.0, 1.0, 1.0, 1.0, 1.0, 1.0, 1.0, 1.0, 1.0, 1.0, 1.0, 1.0, 1.0]","[0.0, 0.0]","[1.0, 1.0, 0.0, 0.0]",1.0,1.0,0.0,0.0
2022-04-04,0,177,330,['Bpod6'],493,243,250,236,247,251,53,198,147,101,237,188,49,0.5091277890466531,0.21810699588477367,0.792,483,236,247,244,118,126,0.5,0.5101214574898786,236,118,118,0.5,0.4777327935222672,0.5196687370600414,0.2245762711864407,0.8016194331983806,0.5196687370600414,0.5770431620119398,0.6024590163934426,0.4279661016949153,0.1744929146985273,0.5050607287449393,0.48886639676113364,10,7,3,0.02028397565922921,0.02880658436213992,0.012,483,236,247,1207.5,590.0,617.5,3,0,0,0,0.0,,"psych_curve(xdata=array([-70.,  70.]), ydata=[0.0, 1.0], fit=[0.0, 0.0, 0.0, 0.0, 0.0, 0.0, 0.0, 0.0, 0.0, 0.0, 0.0, 0.0, 0.0, 0.0, 0.0, 0.0, 0.0, 0.0, 0.0, 0.0, 0.0, 0.0, 0.0, 0.0, 0.0, 0.0, 0.0, 0.0, 0.0, 0.0, 0.0, 0.0, 0.0, 0.0, 0.0, 0.0, 0.0, 0.0, 0.0, 0.0, 0.0, 0.0, 0.0, 0.0, 0.0, 0.001, 0.003, 0.011, 0.042, 0.154, 0.427, 0.754, 0.927, 0.981, 0.995, 0.999, 1.0, 1.0, 1.0, 1.0, 1.0, 1.0, 1.0, 1.0, 1.0, 1.0, 1.0, 1.0, 1.0, 1.0, 1.0, 1.0, 1.0, 1.0, 1.0, 1.0, 1.0, 1.0, 1.0, 1.0, 1.0, 1.0, 1.0, 1.0, 1.0, 1.0, 1.0, 1.0, 1.0, 1.0, 1.0, 1.0, 1.0, 1.0, 1.0, 1.0, 1.0, 1.0, 1.0, 1.0], params=[1.0, 1.0, 0.0, 0.0], fit_error=[0.0, 0.0])",[-70.  70.],"[0.0, 1.0]","[0.0, 0.0, 0.0, 0.0, 0.0, 0.0, 0.0, 0.0, 0.0, 0.0, 0.0, 0.0, 0.0, 0.0, 0.0, 0.0, 0.0, 0.0, 0.0, 0.0, 0.0, 0.0, 0.0, 0.0, 0.0, 0.0, 0.0, 0.0, 0.0, 0.0, 0.0, 0.0, 0.0, 0.0, 0.0, 0.0, 0.0, 0.0, 0.0, 0.0, 0.0, 0.0, 0.0, 0.0, 0.0, 0.001, 0.003, 0.011, 0.042, 0.154, 0.427, 0.754, 0.927, 0.981, 0.995, 0.999, 1.0, 1.0, 1.0, 1.0, 1.0, 1.0, 1.0, 1.0, 1.0, 1.0, 1.0, 1.0, 1.0, 1.0, 1.0, 1.0, 1.0, 1.0, 1.0, 1.0, 1.0, 1.0, 1.0, 1.0, 1.0, 1.0, 1.0, 1.0, 1.0, 1.0, 1.0, 1.0, 1.0, 1.0, 1.0, 1.0, 1.0, 1.0, 1.0, 1.0, 1.0, 1.0, 1.0, 1.0]","[0.0, 0.0]","[1.0, 1.0, 0.0, 0.0]",1.0,1.0,0.0,0.0,"psych_curve(xdata=array([-70.,  70.]), ydata=[0.0, 1.0], fit=[nan, nan, nan, nan, nan, nan, nan, nan, nan, nan, nan, nan, nan, nan, nan, nan, nan, nan, nan, nan, nan, nan, nan, nan, nan, nan, nan, nan, nan, nan, nan, nan, nan, nan, nan, nan, nan, nan, nan, nan, nan, nan, nan, nan, nan, nan, nan, nan, nan, nan, nan, nan, nan, nan, nan, nan, nan, nan, nan, nan, nan, nan, nan, nan, nan, nan, nan, nan, nan, nan, nan, nan, nan, nan, nan, nan, nan, nan, nan, nan, nan, nan, nan, nan, nan, nan, nan, nan, nan, nan, nan, nan, nan, nan, nan, nan, nan, nan, nan, nan], params=[1.0, 1.0, 0.0, 0.0], fit_error=[0.0, 0.0])",[-70.  70.],"[0.0, 1.0]","[0.0, 0.0, 0.0, 0.0, 0.0, 0.0, 0.0, 0.0, 0.0, 0.0, 0.0, 0.0, 0.0, 0.0, 0.0, 0.0, 0.0, 0.0, 0.0, 0.0, 0.0, 0.0, 0.0, 0.0, 0.0, 0.0, 0.0, 0.0, 0.0, 0.0, 0.0, 0.0, 0.0, 0.0, 0.0, 0.0, 0.0, 0.0, 0.0, 0.0, 0.0, 0.0, 0.0, 0.0, 0.0, 0.001, 0.003, 0.011, 0.042, 0.154, 0.427, 0.754, 0.927, 0.981, 0.995, 0.999, 1.0, 1.0, 1.0, 1.0, 1.0, 1.0, 1.0, 1.0, 1.0, 1.0, 1.0, 1.0, 1.0, 1.0, 1.0, 1.0, 1.0, 1.0, 1.0, 1.0, 1.0, 1.0, 1.0, 1.0, 1.0, 1.0, 1.0, 1.0, 1.0, 1.0, 1.0, 1.0, 1.0, 1.0, 1.0, 1.0, 1.0, 1.0, 1.0, 1.0, 1.0, 1.0, 1.0, 1.0]","[0.0, 0.0]","[1.0, 1.0, 0.0, 0.0]",1.0,1.0,0.0,0.0
2022-04-05,1,178,330,['Bpod6'],501,272,229,265,226,230,15,215,115,113,263,251,12,0.4590818363273453,0.05514705882352941,0.9388646288209607,491,265,226,256,148,108,0.5584905660377358,0.4778761061946903,233,117,116,0.44150943396226416,0.5132743362831859,0.4684317718940937,0.05660377358490566,0.9513274336283186,0.4684317718940937,0.894723660043413,0.44921875,0.48497854077253216,-0.03575979077253216,0.518183336116213,0.477391885122725,10,7,3,0.01996007984031936,0.025735294117647058,0.013100436681222707,491,265,226,1227.5,662.5,565.0,3,0,0,0,0.0,,"psych_curve(xdata=array([-70.,  70.]), ydata=[0.0, 1.0], fit=[0.0, 0.0, 0.0, 0.0, 0.0, 0.0, 0.0, 0.0, 0.0, 0.0, 0.0, 0.0, 0.0, 0.0, 0.0, 0.0, 0.0, 0.0, 0.0, 0.0, 0.0, 0.0, 0.0, 0.0, 0.0, 0.0, 0.0, 0.0, 0.0, 0.0, 0.0, 0.0, 0.0, 0.0, 0.0, 0.0, 0.0, 0.0, 0.0, 0.0, 0.0, 0.0, 0.0, 0.0, 0.0, 0.001, 0.003, 0.011, 0.042, 0.154, 0.427, 0.754, 0.927, 0.981, 0.995, 0.999, 1.0, 1.0, 1.0, 1.0, 1.0, 1.0, 1.0, 1.0, 1.0, 1.0, 1.0, 1.0, 1.0, 1.0, 1.0, 1.0, 1.0, 1.0, 1.0, 1.0, 1.0, 1.0, 1.0, 1.0, 1.0, 1.0, 1.0, 1.0, 1.0, 1.0, 1.0, 1.0, 1.0, 1.0, 1.0, 1.0, 1.0, 1.0, 1.0, 1.0, 1.0, 1.0, 1.0, 1.0], params=[1.0, 1.0, 0.0, 0.0], fit_error=[0.0, 0.0])",[-70.  70.],"[0.0, 1.0]","[0.0, 0.0, 0.0, 0.0, 0.0, 0.0, 0.0, 0.0, 0.0, 0.0, 0.0, 0.0, 0.0, 0.0, 0.0, 0.0, 0.0, 0.0, 0.0, 0.0, 0.0, 0.0, 0.0, 0.0, 0.0, 0.0, 0.0, 0.0, 0.0, 0.0, 0.0, 0.0, 0.0, 0.0, 0.0, 0.0, 0.0, 0.0, 0.0, 0.0, 0.0, 0.0, 0.0, 0.0, 0.0, 0.001, 0.003, 0.011, 0.042, 0.154, 0.427, 0.754, 0.927, 0.981, 0.995, 0.999, 1.0, 1.0, 1.0, 1.0, 1.0, 1.0, 1.0, 1.0, 1.0, 1.0, 1.0, 1.0, 1.0, 1.0, 1.0, 1.0, 1.0, 1.0, 1.0, 1.0, 1.0, 1.0, 1.0, 1.0, 1.0, 1.0, 1.0, 1.0, 1.0, 1.0, 1.0, 1.0, 1.0, 1.0, 1.0, 1.0, 1.0, 1.0, 1.0, 1.0, 1.0, 1.0, 1.0, 1.0]","[0.0, 0.0]","[1.0, 1.0, 0.0, 0.0]",1.0,1.0,0.0,0.0,"psych_curve(xdata=array([-70.,  70.]), ydata=[0.0, 1.0], fit=[nan, nan, nan, nan, nan, nan, nan, nan, nan, nan, nan, nan, nan, nan, nan, nan, nan, nan, nan, nan, nan, nan, nan, nan, nan, nan, nan, nan, nan, nan, nan, nan, nan, nan, nan, nan, nan, nan, nan, nan, nan, nan, nan, nan, nan, nan, nan, nan, nan, nan, nan, nan, nan, nan, nan, nan, nan, nan, nan, nan, nan, nan, nan, nan, nan, nan, nan, nan, nan, nan, nan, nan, nan, nan, nan, nan, nan, nan, nan, nan, nan, nan, nan, nan, nan, nan, nan, nan, nan, nan, nan, nan, nan, nan, nan, nan, nan, nan, nan, nan], params=[1.0, 1.0, 0.0, 0.0], fit_error=[0.0, 0.0])",[-70.  70.],"[0.0, 1.0]","[0.0, 0.0, 0.0, 0.0, 0.0, 0.0, 0.0, 0.0, 0.0, 0.0, 0.0, 0.0, 0.0, 0.0, 0.0, 0.0, 0.0, 0.0, 0.0, 0.0, 0.0, 0.0, 0.0, 0.0, 0.0, 0.0, 0.0, 0.0, 0.0, 0.0, 0.0, 0.0, 0.0, 0.0, 0.0, 0.0, 0.0, 0.0, 0.0, 0.0, 0.0, 0.0, 0.0, 0.0, 0.0, 0.001, 0.003, 0.011, 0.042, 0.154, 0.427, 0.754, 0.927, 0.981, 0.995, 0.999, 1.0, 1.0, 1.0, 1.0, 1.0, 1.0, 1.0, 1.0, 1.0, 1.0, 1.0, 1.0, 1.0, 1.0, 1.0, 1.0, 1.0, 1.0, 1.0, 1.0, 1.0, 1.0, 1.0, 1.0, 1.0, 1.0, 1.0, 1.0, 1.0, 1.0, 1.0, 1.0, 1.0, 1.0, 1.0, 1.0, 1.0, 1.0, 1.0, 1.0, 1.0, 1.0, 1.0, 1.0]","[0.0, 0.0]","[1.0, 1.0, 0.0, 0.0]",1.0,1.0,0.0,0.0
2022-04-06,2,179,330,['Bpod6'],200,118,82,96,86,98,60,38,53,41,84,48,36,0.49,0.5084745762711864,0.4634146341463415,182,108,74,114,63,51,0.65625,0.5930232558139535,59,29,30,0.3020833333333333,0.3488372093023256,0.5384615384615384,0.5555555555555556,0.5135135135135135,0.5384615384615384,-0.042042042042042094,0.4649122807017544,0.6949152542372882,-0.23000297353553378,0.6246366279069768,0.32546027131782945,18,10,8,0.09,0.0847457627118644,0.0975609756097561,98,60,38,245.0,150.0,95.0,3,0,0,0,0.0,,"psych_curve(xdata=array([-70.,  70.]), ydata=[0.444, 0.514], fit=[0.44, 0.44, 0.44, 0.44, 0.44, 0.44, 0.44, 0.44, 0.44, 0.44, 0.44, 0.44, 0.44, 0.44, 0.44, 0.44, 0.44, 0.44, 0.44, 0.44, 0.44, 0.44, 0.44, 0.44, 0.44, 0.44, 0.44, 0.44, 0.44, 0.44, 0.44, 0.44, 0.44, 0.44, 0.44, 0.44, 0.44, 0.44, 0.44, 0.44, 0.44, 0.44, 0.44, 0.44, 0.44, 0.44, 0.44, 0.441, 0.443, 0.451, 0.47, 0.493, 0.505, 0.509, 0.51, 0.51, 0.51, 0.51, 0.51, 0.51, 0.51, 0.51, 0.51, 0.51, 0.51, 0.51, 0.51, 0.51, 0.51, 0.51, 0.51, 0.51, 0.51, 0.51, 0.51, 0.51, 0.51, 0.51, 0.51, 0.51, 0.51, 0.51, 0.51, 0.51, 0.51, 0.51, 0.51, 0.51, 0.51, 0.51, 0.51, 0.51, 0.51, 0.51, 0.51, 0.51, 0.51, 0.51, 0.51, 0.51], params=[1.0, 1.0, 0.44, 0.49], fit_error=[0.048, 0.058])",[-70.  70.],"[0.444, 0.514]","[0.44, 0.44, 0.44, 0.44, 0.44, 0.44, 0.44, 0.44, 0.44, 0.44, 0.44, 0.44, 0.44, 0.44, 0.44, 0.44, 0.44, 0.44, 0.44, 0.44, 0.44, 0.44, 0.44, 0.44, 0.44, 0.44, 0.44, 0.44, 0.44, 0.44, 0.44, 0.44, 0.44, 0.44, 0.44, 0.44, 0.44, 0.44, 0.44, 0.44, 0.44, 0.44, 0.44, 0.44, 0.44, 0.44, 0.44, 0.441, 0.443, 0.451, 0.47, 0.493, 0.505, 0.509, 0.51, 0.51, 0.51, 0.51, 0.51, 0.51, 0.51, 0.51, 0.51, 0.51, 0.51, 0.51, 0.51, 0.51, 0.51, 0.51, 0.51, 0.51, 0.51, 0.51, 0.51, 0.51, 0.51, 0.51, 0.51, 0.51, 0.51, 0.51, 0.51, 0.51, 0.51, 0.51, 0.51, 0.51, 0.51, 0.51, 0.51, 0.51, 0.51, 0.51, 0.51, 0.51, 0.51, 0.51, 0.51, 0.51]","[0.048, 0.058]","[1.0, 1.0, 0.44, 0.49]",1.0,1.0,0.44,0.49,"psych_curve(xdata=array([-70.,  70.]), ydata=[0.598, 0.746], fit=[nan, nan, nan, nan, nan, nan, nan, nan, nan, nan, nan, nan, nan, nan, nan, nan, nan, nan, nan, nan, nan, nan, nan, nan, nan, nan, nan, nan, nan, nan, nan, nan, nan, nan, nan, nan, nan, nan, nan, nan, nan, nan, nan, nan, nan, nan, nan, nan, nan, nan, nan, nan, nan, nan, nan, nan, nan, nan, nan, nan, nan, nan, nan, nan, nan, nan, nan, nan, nan, nan, nan, nan, nan, nan, nan, nan, nan, nan, nan, nan, nan, nan, nan, nan, nan, nan, nan, nan, nan, nan, nan, nan, nan, nan, nan, nan, nan, nan, nan, nan], params=[1.0, 1.0, 0.6, 0.25], fit_error=[0.049, 0.052])",[-70.  70.],"[0.444, 0.514]","[0.44, 0.44, 0.44, 0.44, 0.44, 0.44, 0.44, 0.44, 0.44, 0.44, 0.44, 0.44, 0.44, 0.44, 0.44, 0.44, 0.44, 0.44, 0.44, 0.44, 0.44, 0.44, 0.44, 0.44, 0.44, 0.44, 0.44, 0.44, 0.44, 0.44, 0.44, 0.44, 0.44, 0.44, 0.44, 0.44, 0.44, 0.44, 0.44, 0.44, 0.44, 0.44, 0.44, 0.44, 0.44, 0.44, 0.44, 0.441, 0.443, 0.451, 0.47, 0.493, 0.505, 0.509, 0.51, 0.51, 0.51, 0.51, 0.51, 0.51, 0.51, 0.51, 0.51, 0.51, 0.51, 0.51, 0.51, 0.51, 0.51, 0.51, 0.51, 0.51, 0.51, 0.51, 0.51, 0.51, 0.51, 0.51, 0.51, 0.51, 0.51, 0.51, 0.51, 0.51, 0.51, 0.51, 0.51, 0.51, 0.51, 0.51, 0.51, 0.51, 0.51, 0.51, 0.51, 0.51, 0.51, 0.51, 0.51, 0.51]","[0.048, 0.058]","[1.0, 1.0, 0.6, 0.25]",1.0,1.0,0.6,0.25
2022-04-07,3,180,330,['Bpod6'],393,303,90,71,308,101,42,59,77,21,278,249,29,0.25699745547073793,0.13861386138613863,0.6555555555555556,379,291,88,338,50,288,0.704225352112676,0.935064935064935,35,17,18,0.23943661971830985,0.05844155844155844,0.26649076517150394,0.14432989690721648,0.6704545454545454,0.26649076517150394,0.526124648547329,0.22781065088757396,0.6,-0.372189349112426,0.8196451435888055,0.14893908907993414,14,12,2,0.035623409669211195,0.039603960396039604,0.022222222222222223,101,42,59,252.5,105.0,147.5,3,0,0,0,0.0,,"psych_curve(xdata=array([-70.,  70.]), ydata=[0.856, 0.67], fit=[0.86, 0.86, 0.86, 0.86, 0.86, 0.86, 0.86, 0.86, 0.86, 0.86, 0.86, 0.86, 0.86, 0.86, 0.86, 0.86, 0.86, 0.86, 0.86, 0.86, 0.86, 0.86, 0.86, 0.86, 0.86, 0.86, 0.86, 0.86, 0.86, 0.86, 0.86, 0.86, 0.86, 0.86, 0.86, 0.86, 0.86, 0.86, 0.86, 0.86, 0.86, 0.86, 0.86, 0.86, 0.86, 0.86, 0.86, 0.858, 0.852, 0.831, 0.779, 0.717, 0.684, 0.674, 0.671, 0.67, 0.67, 0.67, 0.67, 0.67, 0.67, 0.67, 0.67, 0.67, 0.67, 0.67, 0.67, 0.67, 0.67, 0.67, 0.67, 0.67, 0.67, 0.67, 0.67, 0.67, 0.67, 0.67, 0.67, 0.67, 0.67, 0.67, 0.67, 0.67, 0.67, 0.67, 0.67, 0.67, 0.67, 0.67, 0.67, 0.67, 0.67, 0.67, 0.67, 0.67, 0.67, 0.67, 0.67, 0.67], params=[1.0, 1.0, 0.86, 0.33], fit_error=[0.021, 0.05])",[-70.  70.],"[0.856, 0.67]","[0.86, 0.86, 0.86, 0.86, 0.86, 0.86, 0.86, 0.86, 0.86, 0.86, 0.86, 0.86, 0.86, 0.86, 0.86, 0.86, 0.86, 0.86, 0.86, 0.86, 0.86, 0.86, 0.86, 0.86, 0.86, 0.86, 0.86, 0.86, 0.86, 0.86, 0.86, 0.86, 0.86, 0.86, 0.86, 0.86, 0.86, 0.86, 0.86, 0.86, 0.86, 0.86, 0.86, 0.86, 0.86, 0.86, 0.86, 0.858, 0.852, 0.831, 0.779, 0.717, 0.684, 0.674, 0.671, 0.67, 0.67, 0.67, 0.67, 0.67, 0.67, 0.67, 0.67, 0.67, 0.67, 0.67, 0.67, 0.67, 0.67, 0.67, 0.67, 0.67, 0.67, 0.67, 0.67, 0.67, 0.67, 0.67, 0.67, 0.67, 0.67, 0.67, 0.67, 0.67, 0.67, 0.67, 0.67, 0.67, 0.67, 0.67, 0.67, 0.67, 0.67, 0.67, 0.67, 0.67, 0.67, 0.67, 0.67, 0.67]","[0.021, 0.05]","[1.0, 1.0, 0.86, 0.33]",1.0,1.0,0.86,0.33,"psych_curve(xdata=array([-70.,  70.]), ydata=[0.926, 0.846], fit=[nan, nan, nan, nan, nan, nan, nan, nan, nan, nan, nan, nan, nan, nan, nan, nan, nan, nan, nan, nan, nan, nan, nan, nan, nan, nan, nan, nan, nan, nan, nan, nan, nan, nan, nan, nan, nan, nan, nan, nan, nan, nan, nan, nan, nan, nan, nan, nan, nan, nan, nan, nan, nan, nan, nan, nan, nan, nan, nan, nan, nan, nan, nan, nan, nan, nan, nan, nan, nan, nan, nan, nan, nan, nan, nan, nan, nan, nan, nan, nan, nan, nan, nan, nan, nan, nan, nan, nan, nan, nan, nan, nan, nan, nan, nan, nan, nan, nan, nan, nan], params=[1.0, 1.0, 0.93, 0.15], fit_error=[0.016, 0.038])",[-70.  70.],"[0.856, 0.67]","[0.86, 0.86, 0.86, 0.86, 0.86, 0.86, 0.86, 0.86, 0.86, 0.86, 0.86, 0.86, 0.86, 0.86, 0.86, 0.86, 0.86, 0.86, 0.86, 0.86, 0.86, 0.86, 0.86, 0.86, 0.86, 0.86, 0.86, 0.86, 0.86, 0.86, 0.86, 0.86, 0.86, 0.86, 0.86, 0.86, 0.86, 0.86, 0.86, 0.86, 0.86, 0.86, 0.86, 0.86, 0.86, 0.86, 0.86, 0.858, 0.852, 0.831, 0.779, 0.717, 0.684, 0.674, 0.671, 0.67, 0.67, 0.67, 0.67, 0.67, 0.67, 0.67, 0.67, 0.67, 0.67, 0.67, 0.67, 0.67, 0.67, 0.67, 0.67, 0.67, 0.67, 0.67, 0.67, 0.67, 0.67, 0.67, 0.67, 0.67, 0.67, 0.67, 0.67, 0.67, 0.67, 0.67, 0.67, 0.67, 0.67, 0.67, 0.67, 0.67, 0.67, 0.67, 0.67, 0.67, 0.67, 0.67, 0.67, 0.67]","[0.021, 0.05]","[1.0, 1.0, 0.93, 0.15]",1.0,1.0,0.93,0.15
2022-04-08,4,181,330,['Bpod6'],325,186,139,145,150,96,61,35,74,15,199,115,84,0.2953846153846154,0.3279569892473118,0.2517985611510791,295,176,119,239,111,128,0.7655172413793103,0.8533333333333334,35,17,18,0.11724137931034483,0.12,0.3254237288135593,0.3465909090909091,0.29411764705882354,0.3254237288135593,-0.05247326203208558,0.30962343096234307,0.42857142857142855,-0.11894799760908548,0.8094252873563219,0.11862068965517242,30,10,20,0.09230769230769231,0.053763440860215055,0.14388489208633093,96,61,35,240.0,152.5,87.5,3,11,10,0,0.0,,"psych_curve(xdata=array([-70.,  70.]), ydata=[0.653, 0.294], fit=[0.65, 0.65, 0.65, 0.65, 0.65, 0.65, 0.65, 0.65, 0.65, 0.65, 0.65, 0.65, 0.65, 0.65, 0.65, 0.65, 0.65, 0.65, 0.65, 0.65, 0.65, 0.65, 0.65, 0.65, 0.65, 0.65, 0.65, 0.65, 0.65, 0.65, 0.65, 0.65, 0.65, 0.65, 0.65, 0.65, 0.65, 0.65, 0.65, 0.65, 0.65, 0.65, 0.65, 0.65, 0.65, 0.65, 0.649, 0.646, 0.635, 0.595, 0.496, 0.378, 0.316, 0.297, 0.292, 0.29, 0.29, 0.29, 0.29, 0.29, 0.29, 0.29, 0.29, 0.29, 0.29, 0.29, 0.29, 0.29, 0.29, 0.29, 0.29, 0.29, 0.29, 0.29, 0.29, 0.29, 0.29, 0.29, 0.29, 0.29, 0.29, 0.29, 0.29, 0.29, 0.29, 0.29, 0.29, 0.29, 0.29, 0.29, 0.29, 0.29, 0.29, 0.29, 0.29, 0.29, 0.29, 0.29, 0.29, 0.29], params=[1.0, 1.0, 0.65, 0.71], fit_error=[0.036, 0.042])",[-70.  70.],"[0.653, 0.294]","[0.65, 0.65, 0.65, 0.65, 0.65, 0.65, 0.65, 0.65, 0.65, 0.65, 0.65, 0.65, 0.65, 0.65, 0.65, 0.65, 0.65, 0.65, 0.65, 0.65, 0.65, 0.65, 0.65, 0.65, 0.65, 0.65, 0.65, 0.65, 0.65, 0.65, 0.65, 0.65, 0.65, 0.65, 0.65, 0.65, 0.65, 0.65, 0.65, 0.65, 0.65, 0.65, 0.65, 0.65, 0.65, 0.65, 0.649, 0.646, 0.635, 0.595, 0.496, 0.378, 0.316, 0.297, 0.292, 0.29, 0.29, 0.29, 0.29, 0.29, 0.29, 0.29, 0.29, 0.29, 0.29, 0.29, 0.29, 0.29, 0.29, 0.29, 0.29, 0.29, 0.29, 0.29, 0.29, 0.29, 0.29, 0.29, 0.29, 0.29, 0.29, 0.29, 0.29, 0.29, 0.29, 0.29, 0.29, 0.29, 0.29, 0.29, 0.29, 0.29, 0.29, 0.29, 0.29, 0.29, 0.29, 0.29, 0.29, 0.29]","[0.036, 0.042]","[1.0, 1.0, 0.65, 0.71]",1.0,1.0,0.65,0.71,"psych_curve(xdata=array([-70.,  70.]), ydata=[0.917, 0.787], fit=[nan, nan, nan, nan, nan, nan, nan, nan, nan, nan, nan, nan, nan, nan, nan, nan, nan, nan, nan, nan, nan, nan, nan, nan, nan, nan, nan, nan, nan, nan, nan, nan, nan, nan, nan, nan, nan, nan, nan, nan, nan, nan, nan, nan, nan, nan, nan, nan, nan, nan, nan, nan, nan, nan, nan, nan, nan, nan, nan, nan, nan, nan, nan, nan, nan, nan, nan, nan, nan, nan, nan, nan, nan, nan, nan, nan, nan, nan, nan, nan, nan, nan, nan, nan, nan, nan, nan, nan, nan, nan, nan, nan, nan, nan, nan, nan, nan, nan, nan, nan], params=[1.0, 1.0, 0.92, 0.21], fit_error=[0.021, 0.042])",[-70.  70.],"[0.653, 0.294]","[0.65, 0.65, 0.65, 0.65, 0.65, 0.65, 0.65, 0.65, 0.65, 0.65, 0.65, 0.65, 0.65, 0.65, 0.65, 0.65, 0.65, 0.65, 0.65, 0.65, 0.65, 0.65, 0.65, 0.65, 0.65, 0.65, 0.65, 0.65, 0.65, 0.65, 0.65, 0.65, 0.65, 0.65, 0.65, 0.65, 0.65, 0.65, 0.65, 0.65, 0.65, 0.65, 0.65, 0.65, 0.65, 0.65, 0.649, 0.646, 0.635, 0.595, 0.496, 0.378, 0.316, 0.297, 0.292, 0.29, 0.29, 0.29, 0.29, 0.29, 0.29, 0.29, 0.29, 0.29, 0.29, 0.29, 0.29, 0.29, 0.29, 0.29, 0.29, 0.29, 0.29, 0.29, 0.29, 0.29, 0.29, 0.29, 0.29, 0.29, 0.29, 0.29, 0.29, 0.29, 0.29, 0.29, 0.29, 0.29, 0.29, 0.29, 0.29, 0.29, 0.29, 0.29, 0.29, 0.29, 0.29, 0.29, 0.29, 0.29]","[0.036, 0.042]","[1.0, 1.0, 0.92, 0.21]",1.0,1.0,0.92,0.21
2022-04-26,1,199,330,['Bpod6'],125,61,64,1,93,50,0,50,47,0,44,43,1,0.4,0.0,0.78125,94,43,51,86,0,86,0.0,0.9247311827956989,1,8,1,,0.010752688172043012,0.5319148936170213,0.0,0.9803921568627451,0.5319148936170213,0.9803921568627451,0.5465116279069767,0.0,0.5465116279069767,0.46236559139784944,,31,18,13,0.248,0.29508196721311475,0.203125,50,0,50,125.0,0.0,125.0,4,25,25,0,0.0,,"psych_curve(xdata=array([-70.,  70.]), ydata=[1.0, 0.98], fit=[1.0, 1.0, 1.0, 1.0, 1.0, 1.0, 1.0, 1.0, 1.0, 1.0, 1.0, 1.0, 1.0, 1.0, 1.0, 1.0, 1.0, 1.0, 1.0, 1.0, 1.0, 1.0, 1.0, 1.0, 1.0, 1.0, 1.0, 1.0, 1.0, 1.0, 1.0, 1.0, 1.0, 1.0, 1.0, 1.0, 1.0, 1.0, 1.0, 1.0, 1.0, 1.0, 1.0, 1.0, 1.0, 1.0, 1.0, 1.0, 0.999, 0.997, 0.991, 0.985, 0.981, 0.98, 0.98, 0.98, 0.98, 0.98, 0.98, 0.98, 0.98, 0.98, 0.98, 0.98, 0.98, 0.98, 0.98, 0.98, 0.98, 0.98, 0.98, 0.98, 0.98, 0.98, 0.98, 0.98, 0.98, 0.98, 0.98, 0.98, 0.98, 0.98, 0.98, 0.98, 0.98, 0.98, 0.98, 0.98, 0.98, 0.98, 0.98, 0.98, 0.98, 0.98, 0.98, 0.98, 0.98, 0.98, 0.98, 0.98], params=[1.0, 1.0, 1.0, 0.02], fit_error=[0.0, 0.02])",[-70.  70.],"[1.0, 0.98]","[1.0, 1.0, 1.0, 1.0, 1.0, 1.0, 1.0, 1.0, 1.0, 1.0, 1.0, 1.0, 1.0, 1.0, 1.0, 1.0, 1.0, 1.0, 1.0, 1.0, 1.0, 1.0, 1.0, 1.0, 1.0, 1.0, 1.0, 1.0, 1.0, 1.0, 1.0, 1.0, 1.0, 1.0, 1.0, 1.0, 1.0, 1.0, 1.0, 1.0, 1.0, 1.0, 1.0, 1.0, 1.0, 1.0, 1.0, 1.0, 0.999, 0.997, 0.991, 0.985, 0.981, 0.98, 0.98, 0.98, 0.98, 0.98, 0.98, 0.98, 0.98, 0.98, 0.98, 0.98, 0.98, 0.98, 0.98, 0.98, 0.98, 0.98, 0.98, 0.98, 0.98, 0.98, 0.98, 0.98, 0.98, 0.98, 0.98, 0.98, 0.98, 0.98, 0.98, 0.98, 0.98, 0.98, 0.98, 0.98, 0.98, 0.98, 0.98, 0.98, 0.98, 0.98, 0.98, 0.98, 0.98, 0.98, 0.98, 0.98]","[0.0, 0.02]","[1.0, 1.0, 1.0, 0.02]",1.0,1.0,1.0,0.02,"psych_curve(xdata=array([-70.,  70.]), ydata=[1.0, 0.979], fit=[nan, nan, nan, nan, nan, nan, nan, nan, nan, nan, nan, nan, nan, nan, nan, nan, nan, nan, nan, nan, nan, nan, nan, nan, nan, nan, nan, nan, nan, nan, nan, nan, nan, nan, nan, nan, nan, nan, nan, nan, nan, nan, nan, nan, nan, nan, nan, nan, nan, nan, nan, nan, nan, nan, nan, nan, nan, nan, nan, nan, nan, nan, nan, nan, nan, nan, nan, nan, nan, nan, nan, nan, nan, nan, nan, nan, nan, nan, nan, nan, nan, nan, nan, nan, nan, nan, nan, nan, nan, nan, nan, nan, nan, nan, nan, nan, nan, nan, nan, nan], params=[1.0, 1.0, 1.0, 0.02], fit_error=[0.0, 0.021])",[-70.  70.],"[1.0, 0.98]","[1.0, 1.0, 1.0, 1.0, 1.0, 1.0, 1.0, 1.0, 1.0, 1.0, 1.0, 1.0, 1.0, 1.0, 1.0, 1.0, 1.0, 1.0, 1.0, 1.0, 1.0, 1.0, 1.0, 1.0, 1.0, 1.0, 1.0, 1.0, 1.0, 1.0, 1.0, 1.0, 1.0, 1.0, 1.0, 1.0, 1.0, 1.0, 1.0, 1.0, 1.0, 1.0, 1.0, 1.0, 1.0, 1.0, 1.0, 1.0, 0.999, 0.997, 0.991, 0.985, 0.981, 0.98, 0.98, 0.98, 0.98, 0.98, 0.98, 0.98, 0.98, 0.98, 0.98, 0.98, 0.98, 0.98, 0.98, 0.98, 0.98, 0.98, 0.98, 0.98, 0.98, 0.98, 0.98, 0.98, 0.98, 0.98, 0.98, 0.98, 0.98, 0.98, 0.98, 0.98, 0.98, 0.98, 0.98, 0.98, 0.98, 0.98, 0.98, 0.98, 0.98, 0.98, 0.98, 0.98, 0.98, 0.98, 0.98, 0.98]","[0.0, 0.02]","[1.0, 1.0, 1.0, 0.02]",1.0,1.0,1.0,0.02
2022-04-27,2,200,330,['Bpod6'],223,117,106,107,105,102,56,46,93,8,110,59,51,0.45739910313901344,0.47863247863247865,0.4339622641509434,212,115,97,190,93,97,0.8691588785046729,0.9238095238095239,16,14,8,0.07476635514018691,0.0761904761904762,0.4811320754716981,0.48695652173913045,0.4742268041237113,0.4811320754716981,-0.012729717615419134,0.48947368421052634,0.5,-0.010526315789473661,0.8964842011570984,0.07547841566533156,11,2,9,0.04932735426008968,0.017094017094017096,0.08490566037735849,102,56,46,255.0,140.0,115.0,4,0,0,0,0.0,,"psych_curve(xdata=array([-70.,  70.]), ydata=[0.513, 0.474], fit=[0.51, 0.51, 0.51, 0.51, 0.51, 0.51, 0.51, 0.51, 0.51, 0.51, 0.51, 0.51, 0.51, 0.51, 0.51, 0.51, 0.51, 0.51, 0.51, 0.51, 0.51, 0.51, 0.51, 0.51, 0.51, 0.51, 0.51, 0.51, 0.51, 0.51, 0.51, 0.51, 0.51, 0.51, 0.51, 0.51, 0.51, 0.51, 0.51, 0.51, 0.51, 0.51, 0.51, 0.51, 0.51, 0.51, 0.51, 0.51, 0.508, 0.504, 0.493, 0.48, 0.473, 0.471, 0.47, 0.47, 0.47, 0.47, 0.47, 0.47, 0.47, 0.47, 0.47, 0.47, 0.47, 0.47, 0.47, 0.47, 0.47, 0.47, 0.47, 0.47, 0.47, 0.47, 0.47, 0.47, 0.47, 0.47, 0.47, 0.47, 0.47, 0.47, 0.47, 0.47, 0.47, 0.47, 0.47, 0.47, 0.47, 0.47, 0.47, 0.47, 0.47, 0.47, 0.47, 0.47, 0.47, 0.47, 0.47, 0.47], params=[1.0, 1.0, 0.51, 0.53], fit_error=[0.047, 0.051])",[-70.  70.],"[0.513, 0.474]","[0.51, 0.51, 0.51, 0.51, 0.51, 0.51, 0.51, 0.51, 0.51, 0.51, 0.51, 0.51, 0.51, 0.51, 0.51, 0.51, 0.51, 0.51, 0.51, 0.51, 0.51, 0.51, 0.51, 0.51, 0.51, 0.51, 0.51, 0.51, 0.51, 0.51, 0.51, 0.51, 0.51, 0.51, 0.51, 0.51, 0.51, 0.51, 0.51, 0.51, 0.51, 0.51, 0.51, 0.51, 0.51, 0.51, 0.51, 0.51, 0.508, 0.504, 0.493, 0.48, 0.473, 0.471, 0.47, 0.47, 0.47, 0.47, 0.47, 0.47, 0.47, 0.47, 0.47, 0.47, 0.47, 0.47, 0.47, 0.47, 0.47, 0.47, 0.47, 0.47, 0.47, 0.47, 0.47, 0.47, 0.47, 0.47, 0.47, 0.47, 0.47, 0.47, 0.47, 0.47, 0.47, 0.47, 0.47, 0.47, 0.47, 0.47, 0.47, 0.47, 0.47, 0.47, 0.47, 0.47, 0.47, 0.47, 0.47, 0.47]","[0.047, 0.051]","[1.0, 1.0, 0.51, 0.53]",1.0,1.0,0.51,0.53,"psych_curve(xdata=array([-70.,  70.]), ydata=[0.924, 0.921], fit=[nan, nan, nan, nan, nan, nan, nan, nan, nan, nan, nan, nan, nan, nan, nan, nan, nan, nan, nan, nan, nan, nan, nan, nan, nan, nan, nan, nan, nan, nan, nan, nan, nan, nan, nan, nan, nan, nan, nan, nan, nan, nan, nan, nan, nan, nan, nan, nan, nan, nan, nan, nan, nan, nan, nan, nan, nan, nan, nan, nan, nan, nan, nan, nan, nan, nan, nan, nan, nan, nan, nan, nan, nan, nan, nan, nan, nan, nan, nan, nan, nan, nan, nan, nan, nan, nan, nan, nan, nan, nan, nan, nan, nan, nan, nan, nan, nan, nan, nan, nan], params=[1.0, 1.0, 0.92, 0.08], fit_error=[0.026, 0.027])",[-70.  70.],"[0.513, 0.474]","[0.51, 0.51, 0.51, 0.51, 0.51, 0.51, 0.51, 0.51, 0.51, 0.51, 0.51, 0.51, 0.51, 0.51, 0.51, 0.51, 0.51, 0.51, 0.51, 0.51, 0.51, 0.51, 0.51, 0.51, 0.51, 0.51, 0.51, 0.51, 0.51, 0.51, 0.51, 0.51, 0.51, 0.51, 0.51, 0.51, 0.51, 0.51, 0.51, 0.51, 0.51, 0.51, 0.51, 0.51, 0.51, 0.51, 0.51, 0.51, 0.508, 0.504, 0.493, 0.48, 0.473, 0.471, 0.47, 0.47, 0.47, 0.47, 0.47, 0.47, 0.47, 0.47, 0.47, 0.47, 0.47, 0.47, 0.47, 0.47, 0.47, 0.47, 0.47, 0.47, 0.47, 0.47, 0.47, 0.47, 0.47, 0.47, 0.47, 0.47, 0.47, 0.47, 0.47, 0.47, 0.47, 0.47, 0.47, 0.47, 0.47, 0.47, 0.47, 0.47, 0.47, 0.47, 0.47, 0.47, 0.47, 0.47, 0.47, 0.47]","[0.047, 0.051]","[1.0, 1.0, 0.92, 0.08]",1.0,1.0,0.92,0.08
2022-04-29,4,202,330,['Bpod6'],326,171,155,237,87,174,129,45,153,18,150,42,108,0.5337423312883436,0.7543859649122807,0.2903225806451613,324,171,153,293,220,73,0.9282700421940928,0.8390804597701149,28,6,14,0.05907172995780591,0.16091954022988506,0.5370370370370371,0.7543859649122807,0.29411764705882354,0.5370370370370371,-0.4602683178534572,0.5221843003412969,0.6428571428571429,-0.12067284251584598,0.8836752509821039,0.10999563509384548,2,0,2,0.006134969325153374,0.0,0.012903225806451613,174,129,45,435.0,322.5,112.5,4,0,0,0,0.0,,"psych_curve(xdata=array([-70.,  70.]), ydata=[0.246, 0.294], fit=[0.25, 0.25, 0.25, 0.25, 0.25, 0.25, 0.25, 0.25, 0.25, 0.25, 0.25, 0.25, 0.25, 0.25, 0.25, 0.25, 0.25, 0.25, 0.25, 0.25, 0.25, 0.25, 0.25, 0.25, 0.25, 0.25, 0.25, 0.25, 0.25, 0.25, 0.25, 0.25, 0.25, 0.25, 0.25, 0.25, 0.25, 0.25, 0.25, 0.25, 0.25, 0.25, 0.25, 0.25, 0.25, 0.25, 0.25, 0.25, 0.252, 0.256, 0.267, 0.28, 0.287, 0.289, 0.29, 0.29, 0.29, 0.29, 0.29, 0.29, 0.29, 0.29, 0.29, 0.29, 0.29, 0.29, 0.29, 0.29, 0.29, 0.29, 0.29, 0.29, 0.29, 0.29, 0.29, 0.29, 0.29, 0.29, 0.29, 0.29, 0.29, 0.29, 0.29, 0.29, 0.29, 0.29, 0.29, 0.29, 0.29, 0.29, 0.29, 0.29, 0.29, 0.29, 0.29, 0.29, 0.29, 0.29, 0.29, 0.29], params=[1.0, 1.0, 0.25, 0.71], fit_error=[0.033, 0.037])",[-70.  70.],"[0.246, 0.294]","[0.25, 0.25, 0.25, 0.25, 0.25, 0.25, 0.25, 0.25, 0.25, 0.25, 0.25, 0.25, 0.25, 0.25, 0.25, 0.25, 0.25, 0.25, 0.25, 0.25, 0.25, 0.25, 0.25, 0.25, 0.25, 0.25, 0.25, 0.25, 0.25, 0.25, 0.25, 0.25, 0.25, 0.25, 0.25, 0.25, 0.25, 0.25, 0.25, 0.25, 0.25, 0.25, 0.25, 0.25, 0.25, 0.25, 0.25, 0.25, 0.252, 0.256, 0.267, 0.28, 0.287, 0.289, 0.29, 0.29, 0.29, 0.29, 0.29, 0.29, 0.29, 0.29, 0.29, 0.29, 0.29, 0.29, 0.29, 0.29, 0.29, 0.29, 0.29, 0.29, 0.29, 0.29, 0.29, 0.29, 0.29, 0.29, 0.29, 0.29, 0.29, 0.29, 0.29, 0.29, 0.29, 0.29, 0.29, 0.29, 0.29, 0.29, 0.29, 0.29, 0.29, 0.29, 0.29, 0.29, 0.29, 0.29, 0.29, 0.29]","[0.033, 0.037]","[1.0, 1.0, 0.25, 0.71]",1.0,1.0,0.25,0.71,"psych_curve(xdata=array([-70.,  70.]), ydata=[0.886, 0.939], fit=[nan, nan, nan, nan, nan, nan, nan, nan, nan, nan, nan, nan, nan, nan, nan, nan, nan, nan, nan, nan, nan, nan, nan, nan, nan, nan, nan, nan, nan, nan, nan, nan, nan, nan, nan, nan, nan, nan, nan, nan, nan, nan, nan, nan, nan, nan, nan, nan, nan, nan, nan, nan, nan, nan, nan, nan, nan, nan, nan, nan, nan, nan, nan, nan, nan, nan, nan, nan, nan, nan, nan, nan, nan, nan, nan, nan, nan, nan, nan, nan, nan, nan, nan, nan, nan, nan, nan, nan, nan, nan, nan, nan, nan, nan, nan, nan, nan, nan, nan, nan], params=[1.0, 1.0, 0.89, 0.06], fit_error=[0.025, 0.019])",[-70.  70.],"[0.246, 0.294]","[0.25, 0.25, 0.25, 0.25, 0.25, 0.25, 0.25, 0.25, 0.25, 0.25, 0.25, 0.25, 0.25, 0.25, 0.25, 0.25, 0.25, 0.25, 0.25, 0.25, 0.25, 0.25, 0.25, 0.25, 0.25, 0.25, 0.25, 0.25, 0.25, 0.25, 0.25, 0.25, 0.25, 0.25, 0.25, 0.25, 0.25, 0.25, 0.25, 0.25, 0.25, 0.25, 0.25, 0.25, 0.25, 0.25, 0.25, 0.25, 0.252, 0.256, 0.267, 0.28, 0.287, 0.289, 0.29, 0.29, 0.29, 0.29, 0.29, 0.29, 0.29, 0.29, 0.29, 0.29, 0.29, 0.29, 0.29, 0.29, 0.29, 0.29, 0.29, 0.29, 0.29, 0.29, 0.29, 0.29, 0.29, 0.29, 0.29, 0.29, 0.29, 0.29, 0.29, 0.29, 0.29, 0.29, 0.29, 0.29, 0.29, 0.29, 0.29, 0.29, 0.29, 0.29, 0.29, 0.29, 0.29, 0.29, 0.29, 0.29]","[0.033, 0.037]","[1.0, 1.0, 0.89, 0.06]",1.0,1.0,0.89,0.06
2022-05-02,0,205,330,['Bpod6'],335,154,181,220,82,140,100,40,127,5,162,42,120,0.417910447761194,0.6493506493506493,0.22099447513812154,302,142,160,272,202,70,0.9181818181818182,0.8536585365853658,12,33,6,0.02727272727272727,0.07317073170731707,0.46357615894039733,0.704225352112676,0.25,0.46357615894039733,-0.454225352112676,0.46691176470588236,0.4166666666666667,0.050245098039215674,0.8859201773835921,0.05022172949002217,33,12,21,0.09850746268656717,0.07792207792207792,0.11602209944751381,140,100,40,350.0,250.0,100.0,4,0,0,0,0.0,,"psych_curve(xdata=array([-70.,  70.]), ydata=[0.296, 0.25], fit=[0.3, 0.3, 0.3, 0.3, 0.3, 0.3, 0.3, 0.3, 0.3, 0.3, 0.3, 0.3, 0.3, 0.3, 0.3, 0.3, 0.3, 0.3, 0.3, 0.3, 0.3, 0.3, 0.3, 0.3, 0.3, 0.3, 0.3, 0.3, 0.3, 0.3, 0.3, 0.3, 0.3, 0.3, 0.3, 0.3, 0.3, 0.3, 0.3, 0.3, 0.3, 0.3, 0.3, 0.3, 0.3, 0.3, 0.3, 0.299, 0.298, 0.292, 0.279, 0.262, 0.254, 0.251, 0.25, 0.25, 0.25, 0.25, 0.25, 0.25, 0.25, 0.25, 0.25, 0.25, 0.25, 0.25, 0.25, 0.25, 0.25, 0.25, 0.25, 0.25, 0.25, 0.25, 0.25, 0.25, 0.25, 0.25, 0.25, 0.25, 0.25, 0.25, 0.25, 0.25, 0.25, 0.25, 0.25, 0.25, 0.25, 0.25, 0.25, 0.25, 0.25, 0.25, 0.25, 0.25, 0.25, 0.25, 0.25, 0.25], params=[1.0, 1.0, 0.3, 0.75], fit_error=[0.038, 0.034])",[-70.  70.],"[0.296, 0.25]","[0.3, 0.3, 0.3, 0.3, 0.3, 0.3, 0.3, 0.3, 0.3, 0.3, 0.3, 0.3, 0.3, 0.3, 0.3, 0.3, 0.3, 0.3, 0.3, 0.3, 0.3, 0.3, 0.3, 0.3, 0.3, 0.3, 0.3, 0.3, 0.3, 0.3, 0.3, 0.3, 0.3, 0.3, 0.3, 0.3, 0.3, 0.3, 0.3, 0.3, 0.3, 0.3, 0.3, 0.3, 0.3, 0.3, 0.3, 0.299, 0.298, 0.292, 0.279, 0.262, 0.254, 0.251, 0.25, 0.25, 0.25, 0.25, 0.25, 0.25, 0.25, 0.25, 0.25, 0.25, 0.25, 0.25, 0.25, 0.25, 0.25, 0.25, 0.25, 0.25, 0.25, 0.25, 0.25, 0.25, 0.25, 0.25, 0.25, 0.25, 0.25, 0.25, 0.25, 0.25, 0.25, 0.25, 0.25, 0.25, 0.25, 0.25, 0.25, 0.25, 0.25, 0.25, 0.25, 0.25, 0.25, 0.25, 0.25, 0.25]","[0.038, 0.034]","[1.0, 1.0, 0.3, 0.75]",1.0,1.0,0.3,0.75,"psych_curve(xdata=array([-70.,  70.]), ydata=[0.967, 0.948], fit=[nan, nan, nan, nan, nan, nan, nan, nan, nan, nan, nan, nan, nan, nan, nan, nan, nan, nan, nan, nan, nan, nan, nan, nan, nan, nan, nan, nan, nan, nan, nan, nan, nan, nan, nan, nan, nan, nan, nan, nan, nan, nan, nan, nan, nan, nan, nan, nan, nan, nan, nan, nan, nan, nan, nan, nan, nan, nan, nan, nan, nan, nan, nan, nan, nan, nan, nan, nan, nan, nan, nan, nan, nan, nan, nan, nan, nan, nan, nan, nan, nan, nan, nan, nan, nan, nan, nan, nan, nan, nan, nan, nan, nan, nan, nan, nan, nan, nan, nan, nan], params=[1.0, 1.0, 0.97, 0.05], fit_error=[0.015, 0.019])",[-70.  70.],"[0.296, 0.25]","[0.3, 0.3, 0.3, 0.3, 0.3, 0.3, 0.3, 0.3, 0.3, 0.3, 0.3, 0.3, 0.3, 0.3, 0.3, 0.3, 0.3, 0.3, 0.3, 0.3, 0.3, 0.3, 0.3, 0.3, 0.3, 0.3, 0.3, 0.3, 0.3, 0.3, 0.3, 0.3, 0.3, 0.3, 0.3, 0.3, 0.3, 0.3, 0.3, 0.3, 0.3, 0.3, 0.3, 0.3, 0.3, 0.3, 0.3, 0.299, 0.298, 0.292, 0.279, 0.262, 0.254, 0.251, 0.25, 0.25, 0.25, 0.25, 0.25, 0.25, 0.25, 0.25, 0.25, 0.25, 0.25, 0.25, 0.25, 0.25, 0.25, 0.25, 0.25, 0.25, 0.25, 0.25, 0.25, 0.25, 0.25, 0.25, 0.25, 0.25, 0.25, 0.25, 0.25, 0.25, 0.25, 0.25, 0.25, 0.25, 0.25, 0.25, 0.25, 0.25, 0.25, 0.25, 0.25, 0.25, 0.25, 0.25, 0.25, 0.25]","[0.038, 0.034]","[1.0, 1.0, 0.97, 0.05]",1.0,1.0,0.97,0.05
