Dates,DoW,Subject,Board,Trials,TrialsLeft,TrialsRight,ChoseLeft,ChoseRight,Hits,HitsLeft,HitsRight,HitsRep,HitsAlt,Errors,ErrorsLeft,ErrorsRight,Performance,PerformanceLeft,PerformanceRight,Responses,ResponsesLeft,ResponsesRight,Repetitions,RepsLeft,RepsRight,RepRateLeft,RepRateRight,Alternations,AltsLeft,AltsRight,AltRateLeft,AltRateRight,Accuracy,AccuracyLeft,AccuracyRight,AccMaxEvi,LateralBias,AccuracyRep,AccuracyAlt,RepBias,CorrRepBias,CorrAltBias,Misses,MissesLeft,MissesRight,MissRate,MissRateLeft,MissRateRight,Rewards,RewardsLeft,RewardsRight,Water,WaterLeft,WaterRight,Stage,SoundsMismatch,NoSound,MessageCount,PCRight,xPCRight,yPCRight,FitPCRight,FitErrorPCRight,ParamsPCRight,SensitivityPCRight,BiasPCRight,LapseRight,LapseLeft,PCRep,xPCRep,yPCRep,FitPCRep,FitErrorPCRep,ParamsPCRep,SensitivityPCRep,BiasPCRep,LapseRep,LapseAlt,Drug
2022-01-17,0,333,['Bpod5'],580,274,306,221,250,233,153,80,101,89,238,70,168,0.4017241379310345,0.5583941605839416,0.261437908496732,471,223,248,188,86,102,0.3891402714932127,0.408,193,100,93,0.4524886877828054,0.372,0.494692144373673,0.6860986547085202,0.3225806451612903,0.494692144373673,-0.3635180095472298,0.5372340425531915,0.4611398963730569,0.0760941461801345,0.3985701357466063,0.4122443438914027,109,51,58,0.1879310344827586,0.1861313868613138,0.1895424836601307,435,204,231,1087.5,510.0,577.5,1,0,0,0,"psych_curve(xdata=array([-70.,  70.]), ydata=[0.085, 0.931], fit=[0.09, 0.09, 0.09, 0.09, 0.09, 0.09, 0.09, 0.09, 0.09, 0.09, 0.09, 0.09, 0.09, 0.09, 0.09, 0.09, 0.09, 0.09, 0.09, 0.09, 0.09, 0.09, 0.09, 0.09, 0.09, 0.09, 0.09, 0.09, 0.09, 0.09, 0.09, 0.09, 0.09, 0.09, 0.09, 0.09, 0.09, 0.09, 0.09, 0.09, 0.09, 0.09, 0.09, 0.09, 0.09, 0.091, 0.092, 0.099, 0.125, 0.219, 0.449, 0.724, 0.868, 0.914, 0.926, 0.929, 0.93, 0.93, 0.93, 0.93, 0.93, 0.93, 0.93, 0.93, 0.93, 0.93, 0.93, 0.93, 0.93, 0.93, 0.93, 0.93, 0.93, 0.93, 0.93, 0.93, 0.93, 0.93, 0.93, 0.93, 0.93, 0.93, 0.93, 0.93, 0.93, 0.93, 0.93, 0.93, 0.93, 0.93, 0.93, 0.93, 0.93, 0.93, 0.93, 0.93, 0.93, 0.93, 0.93, 0.93], params=[1.0, 1.0, 0.09, 0.07], fit_error=[0.019, 0.016])",[-70.  70.],"[0.085, 0.931]","[0.09, 0.09, 0.09, 0.09, 0.09, 0.09, 0.09, 0.09, 0.09, 0.09, 0.09, 0.09, 0.09, 0.09, 0.09, 0.09, 0.09, 0.09, 0.09, 0.09, 0.09, 0.09, 0.09, 0.09, 0.09, 0.09, 0.09, 0.09, 0.09, 0.09, 0.09, 0.09, 0.09, 0.09, 0.09, 0.09, 0.09, 0.09, 0.09, 0.09, 0.09, 0.09, 0.09, 0.09, 0.09, 0.091, 0.092, 0.099, 0.125, 0.219, 0.449, 0.724, 0.868, 0.914, 0.926, 0.929, 0.93, 0.93, 0.93, 0.93, 0.93, 0.93, 0.93, 0.93, 0.93, 0.93, 0.93, 0.93, 0.93, 0.93, 0.93, 0.93, 0.93, 0.93, 0.93, 0.93, 0.93, 0.93, 0.93, 0.93, 0.93, 0.93, 0.93, 0.93, 0.93, 0.93, 0.93, 0.93, 0.93, 0.93, 0.93, 0.93, 0.93, 0.93, 0.93, 0.93, 0.93, 0.93, 0.93, 0.93]","[0.019, 0.016]","[1.0, 1.0, 0.09, 0.07]",1.0,1.0,0.09,0.07,"psych_curve(xdata=[nan], ydata=[nan], fit=[nan, nan, nan, nan, nan, nan, nan, nan, nan, nan, nan, nan, nan, nan, nan, nan, nan, nan, nan, nan, nan, nan, nan, nan, nan, nan, nan, nan, nan, nan, nan, nan, nan, nan, nan, nan, nan, nan, nan, nan, nan, nan, nan, nan, nan, nan, nan, nan, nan, nan, nan, nan, nan, nan, nan, nan, nan, nan, nan, nan, nan, nan, nan, nan, nan, nan, nan, nan, nan, nan, nan, nan, nan, nan, nan, nan, nan, nan, nan, nan, nan, nan, nan, nan, nan, nan, nan, nan, nan, nan, nan, nan, nan, nan, nan, nan, nan, nan, nan, nan], params=[nan, nan, nan, nan], fit_error=[nan])",[-70.  70.],"[0.085, 0.931]","[0.09, 0.09, 0.09, 0.09, 0.09, 0.09, 0.09, 0.09, 0.09, 0.09, 0.09, 0.09, 0.09, 0.09, 0.09, 0.09, 0.09, 0.09, 0.09, 0.09, 0.09, 0.09, 0.09, 0.09, 0.09, 0.09, 0.09, 0.09, 0.09, 0.09, 0.09, 0.09, 0.09, 0.09, 0.09, 0.09, 0.09, 0.09, 0.09, 0.09, 0.09, 0.09, 0.09, 0.09, 0.09, 0.091, 0.092, 0.099, 0.125, 0.219, 0.449, 0.724, 0.868, 0.914, 0.926, 0.929, 0.93, 0.93, 0.93, 0.93, 0.93, 0.93, 0.93, 0.93, 0.93, 0.93, 0.93, 0.93, 0.93, 0.93, 0.93, 0.93, 0.93, 0.93, 0.93, 0.93, 0.93, 0.93, 0.93, 0.93, 0.93, 0.93, 0.93, 0.93, 0.93, 0.93, 0.93, 0.93, 0.93, 0.93, 0.93, 0.93, 0.93, 0.93, 0.93, 0.93, 0.93, 0.93, 0.93, 0.93]","[0.019, 0.016]","[nan, nan, nan, nan]",,,,,
2022-01-18,1,333,['Bpod5'],353,161,192,159,190,194,102,92,112,79,155,58,97,0.5495750708215298,0.6335403726708074,0.4791666666666667,349,160,189,178,74,104,0.4654088050314465,0.5473684210526316,167,83,84,0.5220125786163522,0.4421052631578947,0.5558739255014327,0.6375,0.4867724867724867,0.5558739255014327,-0.1507275132275132,0.6292134831460674,0.4730538922155688,0.1561595909304985,0.5063886130420391,0.4820589208871234,4,1,3,0.0113314447592068,0.0062111801242236,0.015625,334,152,182,835.0,380.0,455.0,1,0,0,0,"psych_curve(xdata=array([-70.,  70.]), ydata=[0.05, 0.963], fit=[0.05, 0.05, 0.05, 0.05, 0.05, 0.05, 0.05, 0.05, 0.05, 0.05, 0.05, 0.05, 0.05, 0.05, 0.05, 0.05, 0.05, 0.05, 0.05, 0.05, 0.05, 0.05, 0.05, 0.05, 0.05, 0.05, 0.05, 0.05, 0.05, 0.05, 0.05, 0.05, 0.05, 0.05, 0.05, 0.05, 0.05, 0.05, 0.05, 0.05, 0.05, 0.05, 0.05, 0.05, 0.05, 0.051, 0.052, 0.06, 0.088, 0.19, 0.439, 0.736, 0.893, 0.943, 0.956, 0.959, 0.96, 0.96, 0.96, 0.96, 0.96, 0.96, 0.96, 0.96, 0.96, 0.96, 0.96, 0.96, 0.96, 0.96, 0.96, 0.96, 0.96, 0.96, 0.96, 0.96, 0.96, 0.96, 0.96, 0.96, 0.96, 0.96, 0.96, 0.96, 0.96, 0.96, 0.96, 0.96, 0.96, 0.96, 0.96, 0.96, 0.96, 0.96, 0.96, 0.96, 0.96, 0.96, 0.96, 0.96], params=[1.0, 1.0, 0.05, 0.04], fit_error=[0.017, 0.014])",[-70.  70.],"[0.05, 0.963]","[0.05, 0.05, 0.05, 0.05, 0.05, 0.05, 0.05, 0.05, 0.05, 0.05, 0.05, 0.05, 0.05, 0.05, 0.05, 0.05, 0.05, 0.05, 0.05, 0.05, 0.05, 0.05, 0.05, 0.05, 0.05, 0.05, 0.05, 0.05, 0.05, 0.05, 0.05, 0.05, 0.05, 0.05, 0.05, 0.05, 0.05, 0.05, 0.05, 0.05, 0.05, 0.05, 0.05, 0.05, 0.05, 0.051, 0.052, 0.06, 0.088, 0.19, 0.439, 0.736, 0.893, 0.943, 0.956, 0.959, 0.96, 0.96, 0.96, 0.96, 0.96, 0.96, 0.96, 0.96, 0.96, 0.96, 0.96, 0.96, 0.96, 0.96, 0.96, 0.96, 0.96, 0.96, 0.96, 0.96, 0.96, 0.96, 0.96, 0.96, 0.96, 0.96, 0.96, 0.96, 0.96, 0.96, 0.96, 0.96, 0.96, 0.96, 0.96, 0.96, 0.96, 0.96, 0.96, 0.96, 0.96, 0.96, 0.96, 0.96]","[0.017, 0.014]","[1.0, 1.0, 0.05, 0.04]",1.0,1.0,0.05,0.04,"psych_curve(xdata=[nan], ydata=[nan], fit=[nan, nan, nan, nan, nan, nan, nan, nan, nan, nan, nan, nan, nan, nan, nan, nan, nan, nan, nan, nan, nan, nan, nan, nan, nan, nan, nan, nan, nan, nan, nan, nan, nan, nan, nan, nan, nan, nan, nan, nan, nan, nan, nan, nan, nan, nan, nan, nan, nan, nan, nan, nan, nan, nan, nan, nan, nan, nan, nan, nan, nan, nan, nan, nan, nan, nan, nan, nan, nan, nan, nan, nan, nan, nan, nan, nan, nan, nan, nan, nan, nan, nan, nan, nan, nan, nan, nan, nan, nan, nan, nan, nan, nan, nan, nan, nan, nan, nan, nan, nan], params=[nan, nan, nan, nan], fit_error=[nan])",[-70.  70.],"[0.05, 0.963]","[0.05, 0.05, 0.05, 0.05, 0.05, 0.05, 0.05, 0.05, 0.05, 0.05, 0.05, 0.05, 0.05, 0.05, 0.05, 0.05, 0.05, 0.05, 0.05, 0.05, 0.05, 0.05, 0.05, 0.05, 0.05, 0.05, 0.05, 0.05, 0.05, 0.05, 0.05, 0.05, 0.05, 0.05, 0.05, 0.05, 0.05, 0.05, 0.05, 0.05, 0.05, 0.05, 0.05, 0.05, 0.05, 0.051, 0.052, 0.06, 0.088, 0.19, 0.439, 0.736, 0.893, 0.943, 0.956, 0.959, 0.96, 0.96, 0.96, 0.96, 0.96, 0.96, 0.96, 0.96, 0.96, 0.96, 0.96, 0.96, 0.96, 0.96, 0.96, 0.96, 0.96, 0.96, 0.96, 0.96, 0.96, 0.96, 0.96, 0.96, 0.96, 0.96, 0.96, 0.96, 0.96, 0.96, 0.96, 0.96, 0.96, 0.96, 0.96, 0.96, 0.96, 0.96, 0.96, 0.96, 0.96, 0.96, 0.96, 0.96]","[0.017, 0.014]","[nan, nan, nan, nan]",,,,,
2022-01-20,3,333,['Bpod8'],293,137,156,129,152,169,72,97,93,73,112,59,53,0.5767918088737202,0.5255474452554745,0.6217948717948718,281,131,150,147,62,85,0.4806201550387597,0.5592105263157895,130,65,65,0.5038759689922481,0.4276315789473684,0.6014234875444839,0.549618320610687,0.6466666666666666,0.6014234875444839,0.0970483460559795,0.6326530612244898,0.5615384615384615,0.0711145996860282,0.5199153406772746,0.4657537739698082,12,6,6,0.0409556313993174,0.0437956204379562,0.0384615384615384,267,123,144,667.5,307.5,360.0,1,0,0,0,"psych_curve(xdata=array([-70.,  70.]), ydata=[0.061, 0.96], fit=[0.06, 0.06, 0.06, 0.06, 0.06, 0.06, 0.06, 0.06, 0.06, 0.06, 0.06, 0.06, 0.06, 0.06, 0.06, 0.06, 0.06, 0.06, 0.06, 0.06, 0.06, 0.06, 0.06, 0.06, 0.06, 0.06, 0.06, 0.06, 0.06, 0.06, 0.06, 0.06, 0.06, 0.06, 0.06, 0.06, 0.06, 0.06, 0.06, 0.06, 0.06, 0.06, 0.06, 0.06, 0.06, 0.061, 0.062, 0.07, 0.098, 0.198, 0.445, 0.739, 0.894, 0.943, 0.956, 0.959, 0.96, 0.96, 0.96, 0.96, 0.96, 0.96, 0.96, 0.96, 0.96, 0.96, 0.96, 0.96, 0.96, 0.96, 0.96, 0.96, 0.96, 0.96, 0.96, 0.96, 0.96, 0.96, 0.96, 0.96, 0.96, 0.96, 0.96, 0.96, 0.96, 0.96, 0.96, 0.96, 0.96, 0.96, 0.96, 0.96, 0.96, 0.96, 0.96, 0.96, 0.96, 0.96, 0.96, 0.96], params=[1.0, 1.0, 0.06, 0.04], fit_error=[0.021, 0.016])",[-70.  70.],"[0.061, 0.96]","[0.06, 0.06, 0.06, 0.06, 0.06, 0.06, 0.06, 0.06, 0.06, 0.06, 0.06, 0.06, 0.06, 0.06, 0.06, 0.06, 0.06, 0.06, 0.06, 0.06, 0.06, 0.06, 0.06, 0.06, 0.06, 0.06, 0.06, 0.06, 0.06, 0.06, 0.06, 0.06, 0.06, 0.06, 0.06, 0.06, 0.06, 0.06, 0.06, 0.06, 0.06, 0.06, 0.06, 0.06, 0.06, 0.061, 0.062, 0.07, 0.098, 0.198, 0.445, 0.739, 0.894, 0.943, 0.956, 0.959, 0.96, 0.96, 0.96, 0.96, 0.96, 0.96, 0.96, 0.96, 0.96, 0.96, 0.96, 0.96, 0.96, 0.96, 0.96, 0.96, 0.96, 0.96, 0.96, 0.96, 0.96, 0.96, 0.96, 0.96, 0.96, 0.96, 0.96, 0.96, 0.96, 0.96, 0.96, 0.96, 0.96, 0.96, 0.96, 0.96, 0.96, 0.96, 0.96, 0.96, 0.96, 0.96, 0.96, 0.96]","[0.021, 0.016]","[1.0, 1.0, 0.06, 0.04]",1.0,1.0,0.06,0.04,"psych_curve(xdata=[nan], ydata=[nan], fit=[nan, nan, nan, nan, nan, nan, nan, nan, nan, nan, nan, nan, nan, nan, nan, nan, nan, nan, nan, nan, nan, nan, nan, nan, nan, nan, nan, nan, nan, nan, nan, nan, nan, nan, nan, nan, nan, nan, nan, nan, nan, nan, nan, nan, nan, nan, nan, nan, nan, nan, nan, nan, nan, nan, nan, nan, nan, nan, nan, nan, nan, nan, nan, nan, nan, nan, nan, nan, nan, nan, nan, nan, nan, nan, nan, nan, nan, nan, nan, nan, nan, nan, nan, nan, nan, nan, nan, nan, nan, nan, nan, nan, nan, nan, nan, nan, nan, nan, nan, nan], params=[nan, nan, nan, nan], fit_error=[nan])",[-70.  70.],"[0.061, 0.96]","[0.06, 0.06, 0.06, 0.06, 0.06, 0.06, 0.06, 0.06, 0.06, 0.06, 0.06, 0.06, 0.06, 0.06, 0.06, 0.06, 0.06, 0.06, 0.06, 0.06, 0.06, 0.06, 0.06, 0.06, 0.06, 0.06, 0.06, 0.06, 0.06, 0.06, 0.06, 0.06, 0.06, 0.06, 0.06, 0.06, 0.06, 0.06, 0.06, 0.06, 0.06, 0.06, 0.06, 0.06, 0.06, 0.061, 0.062, 0.07, 0.098, 0.198, 0.445, 0.739, 0.894, 0.943, 0.956, 0.959, 0.96, 0.96, 0.96, 0.96, 0.96, 0.96, 0.96, 0.96, 0.96, 0.96, 0.96, 0.96, 0.96, 0.96, 0.96, 0.96, 0.96, 0.96, 0.96, 0.96, 0.96, 0.96, 0.96, 0.96, 0.96, 0.96, 0.96, 0.96, 0.96, 0.96, 0.96, 0.96, 0.96, 0.96, 0.96, 0.96, 0.96, 0.96, 0.96, 0.96, 0.96, 0.96, 0.96, 0.96]","[0.021, 0.016]","[nan, nan, nan, nan]",,,,,
2022-01-21,4,333,['Bpod5'],461,226,235,224,213,379,194,185,194,168,58,17,41,0.8221258134490239,0.8584070796460177,0.7872340425531915,437,211,226,220,114,106,0.5089285714285714,0.4976525821596244,198,99,99,0.4419642857142857,0.4647887323943662,0.8672768878718535,0.919431279620853,0.8185840707964602,0.8672768878718535,-0.1008472088243928,0.8818181818181818,0.8484848484848485,0.0333333333333333,0.5032905767940979,0.4533765090543259,24,15,9,0.0520607375271149,0.0663716814159292,0.0382978723404255,412,205,207,1030.0,512.5,517.5,1,0,0,0,"psych_curve(xdata=array([-70.,  70.]), ydata=[0.028, 0.916], fit=[0.03, 0.03, 0.03, 0.03, 0.03, 0.03, 0.03, 0.03, 0.03, 0.03, 0.03, 0.03, 0.03, 0.03, 0.03, 0.03, 0.03, 0.03, 0.03, 0.03, 0.03, 0.03, 0.03, 0.03, 0.03, 0.03, 0.03, 0.03, 0.03, 0.03, 0.03, 0.03, 0.03, 0.03, 0.03, 0.03, 0.03, 0.03, 0.03, 0.03, 0.03, 0.03, 0.03, 0.03, 0.03, 0.031, 0.032, 0.039, 0.068, 0.167, 0.41, 0.701, 0.855, 0.903, 0.916, 0.919, 0.92, 0.92, 0.92, 0.92, 0.92, 0.92, 0.92, 0.92, 0.92, 0.92, 0.92, 0.92, 0.92, 0.92, 0.92, 0.92, 0.92, 0.92, 0.92, 0.92, 0.92, 0.92, 0.92, 0.92, 0.92, 0.92, 0.92, 0.92, 0.92, 0.92, 0.92, 0.92, 0.92, 0.92, 0.92, 0.92, 0.92, 0.92, 0.92, 0.92, 0.92, 0.92, 0.92, 0.92], params=[1.0, 1.0, 0.03, 0.08], fit_error=[0.011, 0.018])",[-70.  70.],"[0.028, 0.916]","[0.03, 0.03, 0.03, 0.03, 0.03, 0.03, 0.03, 0.03, 0.03, 0.03, 0.03, 0.03, 0.03, 0.03, 0.03, 0.03, 0.03, 0.03, 0.03, 0.03, 0.03, 0.03, 0.03, 0.03, 0.03, 0.03, 0.03, 0.03, 0.03, 0.03, 0.03, 0.03, 0.03, 0.03, 0.03, 0.03, 0.03, 0.03, 0.03, 0.03, 0.03, 0.03, 0.03, 0.03, 0.03, 0.031, 0.032, 0.039, 0.068, 0.167, 0.41, 0.701, 0.855, 0.903, 0.916, 0.919, 0.92, 0.92, 0.92, 0.92, 0.92, 0.92, 0.92, 0.92, 0.92, 0.92, 0.92, 0.92, 0.92, 0.92, 0.92, 0.92, 0.92, 0.92, 0.92, 0.92, 0.92, 0.92, 0.92, 0.92, 0.92, 0.92, 0.92, 0.92, 0.92, 0.92, 0.92, 0.92, 0.92, 0.92, 0.92, 0.92, 0.92, 0.92, 0.92, 0.92, 0.92, 0.92, 0.92, 0.92]","[0.011, 0.018]","[1.0, 1.0, 0.03, 0.08]",1.0,1.0,0.03,0.08,"psych_curve(xdata=[nan], ydata=[nan], fit=[nan, nan, nan, nan, nan, nan, nan, nan, nan, nan, nan, nan, nan, nan, nan, nan, nan, nan, nan, nan, nan, nan, nan, nan, nan, nan, nan, nan, nan, nan, nan, nan, nan, nan, nan, nan, nan, nan, nan, nan, nan, nan, nan, nan, nan, nan, nan, nan, nan, nan, nan, nan, nan, nan, nan, nan, nan, nan, nan, nan, nan, nan, nan, nan, nan, nan, nan, nan, nan, nan, nan, nan, nan, nan, nan, nan, nan, nan, nan, nan, nan, nan, nan, nan, nan, nan, nan, nan, nan, nan, nan, nan, nan, nan, nan, nan, nan, nan, nan, nan], params=[nan, nan, nan, nan], fit_error=[nan])",[-70.  70.],"[0.028, 0.916]","[0.03, 0.03, 0.03, 0.03, 0.03, 0.03, 0.03, 0.03, 0.03, 0.03, 0.03, 0.03, 0.03, 0.03, 0.03, 0.03, 0.03, 0.03, 0.03, 0.03, 0.03, 0.03, 0.03, 0.03, 0.03, 0.03, 0.03, 0.03, 0.03, 0.03, 0.03, 0.03, 0.03, 0.03, 0.03, 0.03, 0.03, 0.03, 0.03, 0.03, 0.03, 0.03, 0.03, 0.03, 0.03, 0.031, 0.032, 0.039, 0.068, 0.167, 0.41, 0.701, 0.855, 0.903, 0.916, 0.919, 0.92, 0.92, 0.92, 0.92, 0.92, 0.92, 0.92, 0.92, 0.92, 0.92, 0.92, 0.92, 0.92, 0.92, 0.92, 0.92, 0.92, 0.92, 0.92, 0.92, 0.92, 0.92, 0.92, 0.92, 0.92, 0.92, 0.92, 0.92, 0.92, 0.92, 0.92, 0.92, 0.92, 0.92, 0.92, 0.92, 0.92, 0.92, 0.92, 0.92, 0.92, 0.92, 0.92, 0.92]","[0.011, 0.018]","[nan, nan, nan, nan]",,,,,
2022-01-24,0,333,['Bpod5'],639,328,311,363,264,563,309,254,309,247,64,9,55,0.8810641627543035,0.9420731707317072,0.8167202572347267,627,318,309,361,232,129,0.6391184573002755,0.4886363636363636,259,130,129,0.3581267217630854,0.4886363636363636,0.89792663476874,0.9716981132075472,0.8220064724919094,0.89792663476874,-0.1496916407156377,0.8559556786703602,0.9536679536679536,-0.0977122749975935,0.5638774104683195,0.4233815426997245,12,10,2,0.0187793427230046,0.0304878048780487,0.0064308681672025,564,309,255,1410.0,772.5,637.5,1,0,0,0,"psych_curve(xdata=array([-70.,  70.]), ydata=[0.028, 0.825], fit=[0.03, 0.03, 0.03, 0.03, 0.03, 0.03, 0.03, 0.03, 0.03, 0.03, 0.03, 0.03, 0.03, 0.03, 0.03, 0.03, 0.03, 0.03, 0.03, 0.03, 0.03, 0.03, 0.03, 0.03, 0.03, 0.03, 0.03, 0.03, 0.03, 0.03, 0.03, 0.03, 0.03, 0.03, 0.03, 0.03, 0.03, 0.03, 0.03, 0.03, 0.03, 0.03, 0.03, 0.03, 0.03, 0.031, 0.032, 0.038, 0.064, 0.153, 0.372, 0.633, 0.771, 0.815, 0.826, 0.829, 0.83, 0.83, 0.83, 0.83, 0.83, 0.83, 0.83, 0.83, 0.83, 0.83, 0.83, 0.83, 0.83, 0.83, 0.83, 0.83, 0.83, 0.83, 0.83, 0.83, 0.83, 0.83, 0.83, 0.83, 0.83, 0.83, 0.83, 0.83, 0.83, 0.83, 0.83, 0.83, 0.83, 0.83, 0.83, 0.83, 0.83, 0.83, 0.83, 0.83, 0.83, 0.83, 0.83, 0.83], params=[1.0, 1.0, 0.03, 0.17], fit_error=[0.009, 0.022])",[-70.  70.],"[0.028, 0.825]","[0.03, 0.03, 0.03, 0.03, 0.03, 0.03, 0.03, 0.03, 0.03, 0.03, 0.03, 0.03, 0.03, 0.03, 0.03, 0.03, 0.03, 0.03, 0.03, 0.03, 0.03, 0.03, 0.03, 0.03, 0.03, 0.03, 0.03, 0.03, 0.03, 0.03, 0.03, 0.03, 0.03, 0.03, 0.03, 0.03, 0.03, 0.03, 0.03, 0.03, 0.03, 0.03, 0.03, 0.03, 0.03, 0.031, 0.032, 0.038, 0.064, 0.153, 0.372, 0.633, 0.771, 0.815, 0.826, 0.829, 0.83, 0.83, 0.83, 0.83, 0.83, 0.83, 0.83, 0.83, 0.83, 0.83, 0.83, 0.83, 0.83, 0.83, 0.83, 0.83, 0.83, 0.83, 0.83, 0.83, 0.83, 0.83, 0.83, 0.83, 0.83, 0.83, 0.83, 0.83, 0.83, 0.83, 0.83, 0.83, 0.83, 0.83, 0.83, 0.83, 0.83, 0.83, 0.83, 0.83, 0.83, 0.83, 0.83, 0.83]","[0.009, 0.022]","[1.0, 1.0, 0.03, 0.17]",1.0,1.0,0.03,0.17,"psych_curve(xdata=[nan], ydata=[nan], fit=[nan, nan, nan, nan, nan, nan, nan, nan, nan, nan, nan, nan, nan, nan, nan, nan, nan, nan, nan, nan, nan, nan, nan, nan, nan, nan, nan, nan, nan, nan, nan, nan, nan, nan, nan, nan, nan, nan, nan, nan, nan, nan, nan, nan, nan, nan, nan, nan, nan, nan, nan, nan, nan, nan, nan, nan, nan, nan, nan, nan, nan, nan, nan, nan, nan, nan, nan, nan, nan, nan, nan, nan, nan, nan, nan, nan, nan, nan, nan, nan, nan, nan, nan, nan, nan, nan, nan, nan, nan, nan, nan, nan, nan, nan, nan, nan, nan, nan, nan, nan], params=[nan, nan, nan, nan], fit_error=[nan])",[-70.  70.],"[0.028, 0.825]","[0.03, 0.03, 0.03, 0.03, 0.03, 0.03, 0.03, 0.03, 0.03, 0.03, 0.03, 0.03, 0.03, 0.03, 0.03, 0.03, 0.03, 0.03, 0.03, 0.03, 0.03, 0.03, 0.03, 0.03, 0.03, 0.03, 0.03, 0.03, 0.03, 0.03, 0.03, 0.03, 0.03, 0.03, 0.03, 0.03, 0.03, 0.03, 0.03, 0.03, 0.03, 0.03, 0.03, 0.03, 0.03, 0.031, 0.032, 0.038, 0.064, 0.153, 0.372, 0.633, 0.771, 0.815, 0.826, 0.829, 0.83, 0.83, 0.83, 0.83, 0.83, 0.83, 0.83, 0.83, 0.83, 0.83, 0.83, 0.83, 0.83, 0.83, 0.83, 0.83, 0.83, 0.83, 0.83, 0.83, 0.83, 0.83, 0.83, 0.83, 0.83, 0.83, 0.83, 0.83, 0.83, 0.83, 0.83, 0.83, 0.83, 0.83, 0.83, 0.83, 0.83, 0.83, 0.83, 0.83, 0.83, 0.83, 0.83, 0.83]","[0.009, 0.022]","[nan, nan, nan, nan]",,,,,
2022-01-25,1,333,['Bpod5'],370,178,192,169,190,348,165,183,164,180,11,6,5,0.9405405405405406,0.9269662921348316,0.953125,359,171,188,171,74,97,0.4378698224852071,0.5105263157894737,184,93,91,0.5502958579881657,0.4789473684210526,0.9693593314763232,0.9649122807017544,0.973404255319149,0.9693593314763232,0.0084919746173945,0.95906432748538,0.9782608695652174,-0.0191965420798373,0.4741980691373404,0.5146216132046092,11,7,4,0.0297297297297297,0.0393258426966292,0.0208333333333333,349,165,184,872.5,412.5,460.0,1,0,0,0,"psych_curve(xdata=array([-70.,  70.]), ydata=[0.035, 0.979], fit=[0.03, 0.03, 0.03, 0.03, 0.03, 0.03, 0.03, 0.03, 0.03, 0.03, 0.03, 0.03, 0.03, 0.03, 0.03, 0.03, 0.03, 0.03, 0.03, 0.03, 0.03, 0.03, 0.03, 0.03, 0.03, 0.03, 0.03, 0.03, 0.03, 0.03, 0.03, 0.03, 0.03, 0.03, 0.03, 0.03, 0.03, 0.03, 0.03, 0.03, 0.03, 0.03, 0.03, 0.03, 0.03, 0.031, 0.032, 0.04, 0.07, 0.176, 0.436, 0.747, 0.91, 0.962, 0.976, 0.979, 0.98, 0.98, 0.98, 0.98, 0.98, 0.98, 0.98, 0.98, 0.98, 0.98, 0.98, 0.98, 0.98, 0.98, 0.98, 0.98, 0.98, 0.98, 0.98, 0.98, 0.98, 0.98, 0.98, 0.98, 0.98, 0.98, 0.98, 0.98, 0.98, 0.98, 0.98, 0.98, 0.98, 0.98, 0.98, 0.98, 0.98, 0.98, 0.98, 0.98, 0.98, 0.98, 0.98, 0.98], params=[1.0, 1.0, 0.03, 0.02], fit_error=[0.014, 0.011])",[-70.  70.],"[0.035, 0.979]","[0.03, 0.03, 0.03, 0.03, 0.03, 0.03, 0.03, 0.03, 0.03, 0.03, 0.03, 0.03, 0.03, 0.03, 0.03, 0.03, 0.03, 0.03, 0.03, 0.03, 0.03, 0.03, 0.03, 0.03, 0.03, 0.03, 0.03, 0.03, 0.03, 0.03, 0.03, 0.03, 0.03, 0.03, 0.03, 0.03, 0.03, 0.03, 0.03, 0.03, 0.03, 0.03, 0.03, 0.03, 0.03, 0.031, 0.032, 0.04, 0.07, 0.176, 0.436, 0.747, 0.91, 0.962, 0.976, 0.979, 0.98, 0.98, 0.98, 0.98, 0.98, 0.98, 0.98, 0.98, 0.98, 0.98, 0.98, 0.98, 0.98, 0.98, 0.98, 0.98, 0.98, 0.98, 0.98, 0.98, 0.98, 0.98, 0.98, 0.98, 0.98, 0.98, 0.98, 0.98, 0.98, 0.98, 0.98, 0.98, 0.98, 0.98, 0.98, 0.98, 0.98, 0.98, 0.98, 0.98, 0.98, 0.98, 0.98, 0.98]","[0.014, 0.011]","[1.0, 1.0, 0.03, 0.02]",1.0,1.0,0.03,0.02,"psych_curve(xdata=[nan], ydata=[nan], fit=[nan, nan, nan, nan, nan, nan, nan, nan, nan, nan, nan, nan, nan, nan, nan, nan, nan, nan, nan, nan, nan, nan, nan, nan, nan, nan, nan, nan, nan, nan, nan, nan, nan, nan, nan, nan, nan, nan, nan, nan, nan, nan, nan, nan, nan, nan, nan, nan, nan, nan, nan, nan, nan, nan, nan, nan, nan, nan, nan, nan, nan, nan, nan, nan, nan, nan, nan, nan, nan, nan, nan, nan, nan, nan, nan, nan, nan, nan, nan, nan, nan, nan, nan, nan, nan, nan, nan, nan, nan, nan, nan, nan, nan, nan, nan, nan, nan, nan, nan, nan], params=[nan, nan, nan, nan], fit_error=[nan])",[-70.  70.],"[0.035, 0.979]","[0.03, 0.03, 0.03, 0.03, 0.03, 0.03, 0.03, 0.03, 0.03, 0.03, 0.03, 0.03, 0.03, 0.03, 0.03, 0.03, 0.03, 0.03, 0.03, 0.03, 0.03, 0.03, 0.03, 0.03, 0.03, 0.03, 0.03, 0.03, 0.03, 0.03, 0.03, 0.03, 0.03, 0.03, 0.03, 0.03, 0.03, 0.03, 0.03, 0.03, 0.03, 0.03, 0.03, 0.03, 0.03, 0.031, 0.032, 0.04, 0.07, 0.176, 0.436, 0.747, 0.91, 0.962, 0.976, 0.979, 0.98, 0.98, 0.98, 0.98, 0.98, 0.98, 0.98, 0.98, 0.98, 0.98, 0.98, 0.98, 0.98, 0.98, 0.98, 0.98, 0.98, 0.98, 0.98, 0.98, 0.98, 0.98, 0.98, 0.98, 0.98, 0.98, 0.98, 0.98, 0.98, 0.98, 0.98, 0.98, 0.98, 0.98, 0.98, 0.98, 0.98, 0.98, 0.98, 0.98, 0.98, 0.98, 0.98, 0.98]","[0.014, 0.011]","[nan, nan, nan, nan]",,,,,
2022-01-26,2,333,['Bpod5'],383,189,194,185,189,370,183,187,168,200,4,2,2,0.9660574412532638,0.9682539682539684,0.963917525773196,374,185,189,170,83,87,0.4486486486486487,0.4603174603174603,202,101,101,0.5459459459459459,0.5343915343915344,0.9893048128342246,0.9891891891891892,0.9894179894179894,0.9893048128342246,0.0002288002288002,0.9882352941176472,0.99009900990099,-0.0018637157833429,0.4544830544830545,0.5401687401687402,9,4,5,0.0234986945169712,0.0211640211640211,0.0257731958762886,370,183,187,925.0,457.5,467.5,2,0,0,0,"psych_curve(xdata=array([-70.,  70.]), ydata=[0.011, 0.989], fit=[0.01, 0.01, 0.01, 0.01, 0.01, 0.01, 0.01, 0.01, 0.01, 0.01, 0.01, 0.01, 0.01, 0.01, 0.01, 0.01, 0.01, 0.01, 0.01, 0.01, 0.01, 0.01, 0.01, 0.01, 0.01, 0.01, 0.01, 0.01, 0.01, 0.01, 0.01, 0.01, 0.01, 0.01, 0.01, 0.01, 0.01, 0.01, 0.01, 0.01, 0.01, 0.01, 0.01, 0.01, 0.01, 0.011, 0.013, 0.02, 0.051, 0.16, 0.429, 0.749, 0.918, 0.971, 0.985, 0.989, 0.99, 0.99, 0.99, 0.99, 0.99, 0.99, 0.99, 0.99, 0.99, 0.99, 0.99, 0.99, 0.99, 0.99, 0.99, 0.99, 0.99, 0.99, 0.99, 0.99, 0.99, 0.99, 0.99, 0.99, 0.99, 0.99, 0.99, 0.99, 0.99, 0.99, 0.99, 0.99, 0.99, 0.99, 0.99, 0.99, 0.99, 0.99, 0.99, 0.99, 0.99, 0.99, 0.99, 0.99], params=[1.0, 1.0, 0.01, 0.01], fit_error=[0.008, 0.007])",[-70.  70.],"[0.011, 0.989]","[0.01, 0.01, 0.01, 0.01, 0.01, 0.01, 0.01, 0.01, 0.01, 0.01, 0.01, 0.01, 0.01, 0.01, 0.01, 0.01, 0.01, 0.01, 0.01, 0.01, 0.01, 0.01, 0.01, 0.01, 0.01, 0.01, 0.01, 0.01, 0.01, 0.01, 0.01, 0.01, 0.01, 0.01, 0.01, 0.01, 0.01, 0.01, 0.01, 0.01, 0.01, 0.01, 0.01, 0.01, 0.01, 0.011, 0.013, 0.02, 0.051, 0.16, 0.429, 0.749, 0.918, 0.971, 0.985, 0.989, 0.99, 0.99, 0.99, 0.99, 0.99, 0.99, 0.99, 0.99, 0.99, 0.99, 0.99, 0.99, 0.99, 0.99, 0.99, 0.99, 0.99, 0.99, 0.99, 0.99, 0.99, 0.99, 0.99, 0.99, 0.99, 0.99, 0.99, 0.99, 0.99, 0.99, 0.99, 0.99, 0.99, 0.99, 0.99, 0.99, 0.99, 0.99, 0.99, 0.99, 0.99, 0.99, 0.99, 0.99]","[0.008, 0.007]","[1.0, 1.0, 0.01, 0.01]",1.0,1.0,0.01,0.01,"psych_curve(xdata=[nan], ydata=[nan], fit=[nan, nan, nan, nan, nan, nan, nan, nan, nan, nan, nan, nan, nan, nan, nan, nan, nan, nan, nan, nan, nan, nan, nan, nan, nan, nan, nan, nan, nan, nan, nan, nan, nan, nan, nan, nan, nan, nan, nan, nan, nan, nan, nan, nan, nan, nan, nan, nan, nan, nan, nan, nan, nan, nan, nan, nan, nan, nan, nan, nan, nan, nan, nan, nan, nan, nan, nan, nan, nan, nan, nan, nan, nan, nan, nan, nan, nan, nan, nan, nan, nan, nan, nan, nan, nan, nan, nan, nan, nan, nan, nan, nan, nan, nan, nan, nan, nan, nan, nan, nan], params=[nan, nan, nan, nan], fit_error=[nan])",[-70.  70.],"[0.011, 0.989]","[0.01, 0.01, 0.01, 0.01, 0.01, 0.01, 0.01, 0.01, 0.01, 0.01, 0.01, 0.01, 0.01, 0.01, 0.01, 0.01, 0.01, 0.01, 0.01, 0.01, 0.01, 0.01, 0.01, 0.01, 0.01, 0.01, 0.01, 0.01, 0.01, 0.01, 0.01, 0.01, 0.01, 0.01, 0.01, 0.01, 0.01, 0.01, 0.01, 0.01, 0.01, 0.01, 0.01, 0.01, 0.01, 0.011, 0.013, 0.02, 0.051, 0.16, 0.429, 0.749, 0.918, 0.971, 0.985, 0.989, 0.99, 0.99, 0.99, 0.99, 0.99, 0.99, 0.99, 0.99, 0.99, 0.99, 0.99, 0.99, 0.99, 0.99, 0.99, 0.99, 0.99, 0.99, 0.99, 0.99, 0.99, 0.99, 0.99, 0.99, 0.99, 0.99, 0.99, 0.99, 0.99, 0.99, 0.99, 0.99, 0.99, 0.99, 0.99, 0.99, 0.99, 0.99, 0.99, 0.99, 0.99, 0.99, 0.99, 0.99]","[0.008, 0.007]","[nan, nan, nan, nan]",,,,,
2022-01-27,3,333,['Bpod5'],290,139,151,135,146,277,132,145,132,144,4,1,3,0.9551724137931036,0.9496402877697842,0.9602649006622516,281,133,148,134,61,73,0.4518518518518518,0.5,146,73,73,0.5407407407407407,0.5,0.9857651245551602,0.9924812030075189,0.9797297297297296,0.9857651245551602,-0.012751473277789,0.9850746268656716,0.9863013698630136,-0.001226742997342,0.4759259259259259,0.5203703703703704,9,6,3,0.0310344827586206,0.0431654676258992,0.0198675496688741,277,132,145,692.5,330.0,362.5,3,0,0,0,"psych_curve(xdata=array([-70.,  70.]), ydata=[0.008, 0.98], fit=[0.01, 0.01, 0.01, 0.01, 0.01, 0.01, 0.01, 0.01, 0.01, 0.01, 0.01, 0.01, 0.01, 0.01, 0.01, 0.01, 0.01, 0.01, 0.01, 0.01, 0.01, 0.01, 0.01, 0.01, 0.01, 0.01, 0.01, 0.01, 0.01, 0.01, 0.01, 0.01, 0.01, 0.01, 0.01, 0.01, 0.01, 0.01, 0.01, 0.01, 0.01, 0.01, 0.01, 0.01, 0.01, 0.011, 0.013, 0.02, 0.051, 0.159, 0.424, 0.742, 0.909, 0.962, 0.975, 0.979, 0.98, 0.98, 0.98, 0.98, 0.98, 0.98, 0.98, 0.98, 0.98, 0.98, 0.98, 0.98, 0.98, 0.98, 0.98, 0.98, 0.98, 0.98, 0.98, 0.98, 0.98, 0.98, 0.98, 0.98, 0.98, 0.98, 0.98, 0.98, 0.98, 0.98, 0.98, 0.98, 0.98, 0.98, 0.98, 0.98, 0.98, 0.98, 0.98, 0.98, 0.98, 0.98, 0.98, 0.98], params=[1.0, 1.0, 0.01, 0.02], fit_error=[0.008, 0.012])",[-70.  70.],"[0.008, 0.98]","[0.01, 0.01, 0.01, 0.01, 0.01, 0.01, 0.01, 0.01, 0.01, 0.01, 0.01, 0.01, 0.01, 0.01, 0.01, 0.01, 0.01, 0.01, 0.01, 0.01, 0.01, 0.01, 0.01, 0.01, 0.01, 0.01, 0.01, 0.01, 0.01, 0.01, 0.01, 0.01, 0.01, 0.01, 0.01, 0.01, 0.01, 0.01, 0.01, 0.01, 0.01, 0.01, 0.01, 0.01, 0.01, 0.011, 0.013, 0.02, 0.051, 0.159, 0.424, 0.742, 0.909, 0.962, 0.975, 0.979, 0.98, 0.98, 0.98, 0.98, 0.98, 0.98, 0.98, 0.98, 0.98, 0.98, 0.98, 0.98, 0.98, 0.98, 0.98, 0.98, 0.98, 0.98, 0.98, 0.98, 0.98, 0.98, 0.98, 0.98, 0.98, 0.98, 0.98, 0.98, 0.98, 0.98, 0.98, 0.98, 0.98, 0.98, 0.98, 0.98, 0.98, 0.98, 0.98, 0.98, 0.98, 0.98, 0.98, 0.98]","[0.008, 0.012]","[1.0, 1.0, 0.01, 0.02]",1.0,1.0,0.01,0.02,"psych_curve(xdata=[nan], ydata=[nan], fit=[nan, nan, nan, nan, nan, nan, nan, nan, nan, nan, nan, nan, nan, nan, nan, nan, nan, nan, nan, nan, nan, nan, nan, nan, nan, nan, nan, nan, nan, nan, nan, nan, nan, nan, nan, nan, nan, nan, nan, nan, nan, nan, nan, nan, nan, nan, nan, nan, nan, nan, nan, nan, nan, nan, nan, nan, nan, nan, nan, nan, nan, nan, nan, nan, nan, nan, nan, nan, nan, nan, nan, nan, nan, nan, nan, nan, nan, nan, nan, nan, nan, nan, nan, nan, nan, nan, nan, nan, nan, nan, nan, nan, nan, nan, nan, nan, nan, nan, nan, nan], params=[nan, nan, nan, nan], fit_error=[nan])",[-70.  70.],"[0.008, 0.98]","[0.01, 0.01, 0.01, 0.01, 0.01, 0.01, 0.01, 0.01, 0.01, 0.01, 0.01, 0.01, 0.01, 0.01, 0.01, 0.01, 0.01, 0.01, 0.01, 0.01, 0.01, 0.01, 0.01, 0.01, 0.01, 0.01, 0.01, 0.01, 0.01, 0.01, 0.01, 0.01, 0.01, 0.01, 0.01, 0.01, 0.01, 0.01, 0.01, 0.01, 0.01, 0.01, 0.01, 0.01, 0.01, 0.011, 0.013, 0.02, 0.051, 0.159, 0.424, 0.742, 0.909, 0.962, 0.975, 0.979, 0.98, 0.98, 0.98, 0.98, 0.98, 0.98, 0.98, 0.98, 0.98, 0.98, 0.98, 0.98, 0.98, 0.98, 0.98, 0.98, 0.98, 0.98, 0.98, 0.98, 0.98, 0.98, 0.98, 0.98, 0.98, 0.98, 0.98, 0.98, 0.98, 0.98, 0.98, 0.98, 0.98, 0.98, 0.98, 0.98, 0.98, 0.98, 0.98, 0.98, 0.98, 0.98, 0.98, 0.98]","[0.008, 0.012]","[nan, nan, nan, nan]",,,,,
2022-01-28,4,333,['Bpod5'],422,220,202,207,198,403,207,196,205,194,2,2,0,0.9549763033175356,0.9409090909090908,0.9702970297029704,405,209,196,206,107,99,0.5169082125603864,0.5,195,97,98,0.4685990338164251,0.494949494949495,0.9950617283950616,0.9904306220095692,1.0,0.9950617283950616,0.0095693779904306,0.9951456310679612,0.9948717948717948,0.0002738361961662,0.5084541062801933,0.48177426438296,17,11,6,0.0402843601895734,0.05,0.0297029702970297,403,207,196,1007.5,517.5,490.0,3,0,0,0,"psych_curve(xdata=array([-70.,  70.]), ydata=[0.01, 1.0], fit=[0.01, 0.01, 0.01, 0.01, 0.01, 0.01, 0.01, 0.01, 0.01, 0.01, 0.01, 0.01, 0.01, 0.01, 0.01, 0.01, 0.01, 0.01, 0.01, 0.01, 0.01, 0.01, 0.01, 0.01, 0.01, 0.01, 0.01, 0.01, 0.01, 0.01, 0.01, 0.01, 0.01, 0.01, 0.01, 0.01, 0.01, 0.01, 0.01, 0.01, 0.01, 0.01, 0.01, 0.01, 0.01, 0.011, 0.013, 0.021, 0.052, 0.162, 0.433, 0.757, 0.927, 0.981, 0.995, 0.999, 1.0, 1.0, 1.0, 1.0, 1.0, 1.0, 1.0, 1.0, 1.0, 1.0, 1.0, 1.0, 1.0, 1.0, 1.0, 1.0, 1.0, 1.0, 1.0, 1.0, 1.0, 1.0, 1.0, 1.0, 1.0, 1.0, 1.0, 1.0, 1.0, 1.0, 1.0, 1.0, 1.0, 1.0, 1.0, 1.0, 1.0, 1.0, 1.0, 1.0, 1.0, 1.0, 1.0, 1.0], params=[1.0, 1.0, 0.01, -0.0], fit_error=[0.007, 0.0])",[-70.  70.],"[0.01, 1.0]","[0.01, 0.01, 0.01, 0.01, 0.01, 0.01, 0.01, 0.01, 0.01, 0.01, 0.01, 0.01, 0.01, 0.01, 0.01, 0.01, 0.01, 0.01, 0.01, 0.01, 0.01, 0.01, 0.01, 0.01, 0.01, 0.01, 0.01, 0.01, 0.01, 0.01, 0.01, 0.01, 0.01, 0.01, 0.01, 0.01, 0.01, 0.01, 0.01, 0.01, 0.01, 0.01, 0.01, 0.01, 0.01, 0.011, 0.013, 0.021, 0.052, 0.162, 0.433, 0.757, 0.927, 0.981, 0.995, 0.999, 1.0, 1.0, 1.0, 1.0, 1.0, 1.0, 1.0, 1.0, 1.0, 1.0, 1.0, 1.0, 1.0, 1.0, 1.0, 1.0, 1.0, 1.0, 1.0, 1.0, 1.0, 1.0, 1.0, 1.0, 1.0, 1.0, 1.0, 1.0, 1.0, 1.0, 1.0, 1.0, 1.0, 1.0, 1.0, 1.0, 1.0, 1.0, 1.0, 1.0, 1.0, 1.0, 1.0, 1.0]","[0.007, 0.0]","[1.0, 1.0, 0.01, -0.0]",1.0,1.0,0.01,-0.0,"psych_curve(xdata=[nan], ydata=[nan], fit=[nan, nan, nan, nan, nan, nan, nan, nan, nan, nan, nan, nan, nan, nan, nan, nan, nan, nan, nan, nan, nan, nan, nan, nan, nan, nan, nan, nan, nan, nan, nan, nan, nan, nan, nan, nan, nan, nan, nan, nan, nan, nan, nan, nan, nan, nan, nan, nan, nan, nan, nan, nan, nan, nan, nan, nan, nan, nan, nan, nan, nan, nan, nan, nan, nan, nan, nan, nan, nan, nan, nan, nan, nan, nan, nan, nan, nan, nan, nan, nan, nan, nan, nan, nan, nan, nan, nan, nan, nan, nan, nan, nan, nan, nan, nan, nan, nan, nan, nan, nan], params=[nan, nan, nan, nan], fit_error=[nan])",[-70.  70.],"[0.01, 1.0]","[0.01, 0.01, 0.01, 0.01, 0.01, 0.01, 0.01, 0.01, 0.01, 0.01, 0.01, 0.01, 0.01, 0.01, 0.01, 0.01, 0.01, 0.01, 0.01, 0.01, 0.01, 0.01, 0.01, 0.01, 0.01, 0.01, 0.01, 0.01, 0.01, 0.01, 0.01, 0.01, 0.01, 0.01, 0.01, 0.01, 0.01, 0.01, 0.01, 0.01, 0.01, 0.01, 0.01, 0.01, 0.01, 0.011, 0.013, 0.021, 0.052, 0.162, 0.433, 0.757, 0.927, 0.981, 0.995, 0.999, 1.0, 1.0, 1.0, 1.0, 1.0, 1.0, 1.0, 1.0, 1.0, 1.0, 1.0, 1.0, 1.0, 1.0, 1.0, 1.0, 1.0, 1.0, 1.0, 1.0, 1.0, 1.0, 1.0, 1.0, 1.0, 1.0, 1.0, 1.0, 1.0, 1.0, 1.0, 1.0, 1.0, 1.0, 1.0, 1.0, 1.0, 1.0, 1.0, 1.0, 1.0, 1.0, 1.0, 1.0]","[0.007, 0.0]","[nan, nan, nan, nan]",,,,,
2022-01-31,0,333,['Bpod5'],373,198,175,185,157,312,168,144,164,135,30,13,17,0.8364611260053619,0.8484848484848485,0.8228571428571428,342,181,161,189,109,80,0.5891891891891892,0.5095541401273885,139,69,70,0.372972972972973,0.445859872611465,0.912280701754386,0.9281767955801103,0.8944099378881988,0.912280701754386,-0.0337668576919116,0.8677248677248677,0.9712230215827338,-0.1034981538578661,0.5493716646582889,0.409416422792219,31,17,14,0.0831099195710455,0.0858585858585858,0.08,312,168,144,780.0,420.0,360.0,3,38,2,24,"psych_curve(xdata=array([-70.,  70.]), ydata=[0.072, 0.894], fit=[0.07, 0.07, 0.07, 0.07, 0.07, 0.07, 0.07, 0.07, 0.07, 0.07, 0.07, 0.07, 0.07, 0.07, 0.07, 0.07, 0.07, 0.07, 0.07, 0.07, 0.07, 0.07, 0.07, 0.07, 0.07, 0.07, 0.07, 0.07, 0.07, 0.07, 0.07, 0.07, 0.07, 0.07, 0.07, 0.07, 0.07, 0.07, 0.07, 0.07, 0.07, 0.07, 0.07, 0.07, 0.07, 0.071, 0.072, 0.079, 0.105, 0.196, 0.42, 0.688, 0.83, 0.875, 0.886, 0.889, 0.89, 0.89, 0.89, 0.89, 0.89, 0.89, 0.89, 0.89, 0.89, 0.89, 0.89, 0.89, 0.89, 0.89, 0.89, 0.89, 0.89, 0.89, 0.89, 0.89, 0.89, 0.89, 0.89, 0.89, 0.89, 0.89, 0.89, 0.89, 0.89, 0.89, 0.89, 0.89, 0.89, 0.89, 0.89, 0.89, 0.89, 0.89, 0.89, 0.89, 0.89, 0.89, 0.89, 0.89], params=[1.0, 1.0, 0.07, 0.11], fit_error=[0.019, 0.024])",[-70.  70.],"[0.072, 0.894]","[0.07, 0.07, 0.07, 0.07, 0.07, 0.07, 0.07, 0.07, 0.07, 0.07, 0.07, 0.07, 0.07, 0.07, 0.07, 0.07, 0.07, 0.07, 0.07, 0.07, 0.07, 0.07, 0.07, 0.07, 0.07, 0.07, 0.07, 0.07, 0.07, 0.07, 0.07, 0.07, 0.07, 0.07, 0.07, 0.07, 0.07, 0.07, 0.07, 0.07, 0.07, 0.07, 0.07, 0.07, 0.07, 0.071, 0.072, 0.079, 0.105, 0.196, 0.42, 0.688, 0.83, 0.875, 0.886, 0.889, 0.89, 0.89, 0.89, 0.89, 0.89, 0.89, 0.89, 0.89, 0.89, 0.89, 0.89, 0.89, 0.89, 0.89, 0.89, 0.89, 0.89, 0.89, 0.89, 0.89, 0.89, 0.89, 0.89, 0.89, 0.89, 0.89, 0.89, 0.89, 0.89, 0.89, 0.89, 0.89, 0.89, 0.89, 0.89, 0.89, 0.89, 0.89, 0.89, 0.89, 0.89, 0.89, 0.89, 0.89]","[0.019, 0.024]","[1.0, 1.0, 0.07, 0.11]",1.0,1.0,0.07,0.11,"psych_curve(xdata=[nan], ydata=[nan], fit=[nan, nan, nan, nan, nan, nan, nan, nan, nan, nan, nan, nan, nan, nan, nan, nan, nan, nan, nan, nan, nan, nan, nan, nan, nan, nan, nan, nan, nan, nan, nan, nan, nan, nan, nan, nan, nan, nan, nan, nan, nan, nan, nan, nan, nan, nan, nan, nan, nan, nan, nan, nan, nan, nan, nan, nan, nan, nan, nan, nan, nan, nan, nan, nan, nan, nan, nan, nan, nan, nan, nan, nan, nan, nan, nan, nan, nan, nan, nan, nan, nan, nan, nan, nan, nan, nan, nan, nan, nan, nan, nan, nan, nan, nan, nan, nan, nan, nan, nan, nan], params=[nan, nan, nan, nan], fit_error=[nan])",[-70.  70.],"[0.072, 0.894]","[0.07, 0.07, 0.07, 0.07, 0.07, 0.07, 0.07, 0.07, 0.07, 0.07, 0.07, 0.07, 0.07, 0.07, 0.07, 0.07, 0.07, 0.07, 0.07, 0.07, 0.07, 0.07, 0.07, 0.07, 0.07, 0.07, 0.07, 0.07, 0.07, 0.07, 0.07, 0.07, 0.07, 0.07, 0.07, 0.07, 0.07, 0.07, 0.07, 0.07, 0.07, 0.07, 0.07, 0.07, 0.07, 0.071, 0.072, 0.079, 0.105, 0.196, 0.42, 0.688, 0.83, 0.875, 0.886, 0.889, 0.89, 0.89, 0.89, 0.89, 0.89, 0.89, 0.89, 0.89, 0.89, 0.89, 0.89, 0.89, 0.89, 0.89, 0.89, 0.89, 0.89, 0.89, 0.89, 0.89, 0.89, 0.89, 0.89, 0.89, 0.89, 0.89, 0.89, 0.89, 0.89, 0.89, 0.89, 0.89, 0.89, 0.89, 0.89, 0.89, 0.89, 0.89, 0.89, 0.89, 0.89, 0.89, 0.89, 0.89]","[0.019, 0.024]","[nan, nan, nan, nan]",,,,,
2022-02-01,1,333,['Bpod5'],303,153,150,123,170,247,112,135,140,105,46,35,11,0.8151815181518152,0.7320261437908496,0.9,293,147,146,180,67,113,0.5447154471544715,0.6647058823529411,111,55,56,0.4471544715447154,0.3294117647058823,0.8430034129692833,0.7619047619047619,0.9246575342465754,0.8430034129692833,0.1627527723418135,0.7777777777777778,0.945945945945946,-0.1681681681681681,0.6047106647537064,0.3882831181252989,10,6,4,0.033003300330033,0.0392156862745098,0.0266666666666666,247,112,135,617.5,280.0,337.5,3,0,0,0,"psych_curve(xdata=array([-70.,  70.]), ydata=[0.238, 0.925], fit=[0.24, 0.24, 0.24, 0.24, 0.24, 0.24, 0.24, 0.24, 0.24, 0.24, 0.24, 0.24, 0.24, 0.24, 0.24, 0.24, 0.24, 0.24, 0.24, 0.24, 0.24, 0.24, 0.24, 0.24, 0.24, 0.24, 0.24, 0.24, 0.24, 0.24, 0.24, 0.24, 0.24, 0.24, 0.24, 0.24, 0.24, 0.24, 0.24, 0.24, 0.24, 0.24, 0.24, 0.24, 0.24, 0.24, 0.242, 0.247, 0.269, 0.346, 0.535, 0.76, 0.879, 0.917, 0.927, 0.929, 0.93, 0.93, 0.93, 0.93, 0.93, 0.93, 0.93, 0.93, 0.93, 0.93, 0.93, 0.93, 0.93, 0.93, 0.93, 0.93, 0.93, 0.93, 0.93, 0.93, 0.93, 0.93, 0.93, 0.93, 0.93, 0.93, 0.93, 0.93, 0.93, 0.93, 0.93, 0.93, 0.93, 0.93, 0.93, 0.93, 0.93, 0.93, 0.93, 0.93, 0.93, 0.93, 0.93, 0.93], params=[1.0, 1.0, 0.24, 0.07], fit_error=[0.035, 0.022])",[-70.  70.],"[0.238, 0.925]","[0.24, 0.24, 0.24, 0.24, 0.24, 0.24, 0.24, 0.24, 0.24, 0.24, 0.24, 0.24, 0.24, 0.24, 0.24, 0.24, 0.24, 0.24, 0.24, 0.24, 0.24, 0.24, 0.24, 0.24, 0.24, 0.24, 0.24, 0.24, 0.24, 0.24, 0.24, 0.24, 0.24, 0.24, 0.24, 0.24, 0.24, 0.24, 0.24, 0.24, 0.24, 0.24, 0.24, 0.24, 0.24, 0.24, 0.242, 0.247, 0.269, 0.346, 0.535, 0.76, 0.879, 0.917, 0.927, 0.929, 0.93, 0.93, 0.93, 0.93, 0.93, 0.93, 0.93, 0.93, 0.93, 0.93, 0.93, 0.93, 0.93, 0.93, 0.93, 0.93, 0.93, 0.93, 0.93, 0.93, 0.93, 0.93, 0.93, 0.93, 0.93, 0.93, 0.93, 0.93, 0.93, 0.93, 0.93, 0.93, 0.93, 0.93, 0.93, 0.93, 0.93, 0.93, 0.93, 0.93, 0.93, 0.93, 0.93, 0.93]","[0.035, 0.022]","[1.0, 1.0, 0.24, 0.07]",1.0,1.0,0.24,0.07,"psych_curve(xdata=[nan], ydata=[nan], fit=[nan, nan, nan, nan, nan, nan, nan, nan, nan, nan, nan, nan, nan, nan, nan, nan, nan, nan, nan, nan, nan, nan, nan, nan, nan, nan, nan, nan, nan, nan, nan, nan, nan, nan, nan, nan, nan, nan, nan, nan, nan, nan, nan, nan, nan, nan, nan, nan, nan, nan, nan, nan, nan, nan, nan, nan, nan, nan, nan, nan, nan, nan, nan, nan, nan, nan, nan, nan, nan, nan, nan, nan, nan, nan, nan, nan, nan, nan, nan, nan, nan, nan, nan, nan, nan, nan, nan, nan, nan, nan, nan, nan, nan, nan, nan, nan, nan, nan, nan, nan], params=[nan, nan, nan, nan], fit_error=[nan])",[-70.  70.],"[0.238, 0.925]","[0.24, 0.24, 0.24, 0.24, 0.24, 0.24, 0.24, 0.24, 0.24, 0.24, 0.24, 0.24, 0.24, 0.24, 0.24, 0.24, 0.24, 0.24, 0.24, 0.24, 0.24, 0.24, 0.24, 0.24, 0.24, 0.24, 0.24, 0.24, 0.24, 0.24, 0.24, 0.24, 0.24, 0.24, 0.24, 0.24, 0.24, 0.24, 0.24, 0.24, 0.24, 0.24, 0.24, 0.24, 0.24, 0.24, 0.242, 0.247, 0.269, 0.346, 0.535, 0.76, 0.879, 0.917, 0.927, 0.929, 0.93, 0.93, 0.93, 0.93, 0.93, 0.93, 0.93, 0.93, 0.93, 0.93, 0.93, 0.93, 0.93, 0.93, 0.93, 0.93, 0.93, 0.93, 0.93, 0.93, 0.93, 0.93, 0.93, 0.93, 0.93, 0.93, 0.93, 0.93, 0.93, 0.93, 0.93, 0.93, 0.93, 0.93, 0.93, 0.93, 0.93, 0.93, 0.93, 0.93, 0.93, 0.93, 0.93, 0.93]","[0.035, 0.022]","[nan, nan, nan, nan]",,,,,
2022-02-02,2,333,['Bpod5'],586,330,256,358,211,441,277,164,267,160,128,47,81,0.7525597269624573,0.8393939393939394,0.640625,569,324,245,360,255,105,0.7122905027932961,0.4976303317535545,190,94,96,0.2625698324022346,0.4549763033175355,0.7750439367311072,0.8549382716049383,0.6693877551020408,0.7750439367311072,-0.1855505165028974,0.7416666666666667,0.8421052631578947,-0.100438596491228,0.6049604172734253,0.358773067859885,17,6,11,0.0290102389078498,0.0181818181818181,0.04296875,441,277,164,1102.5,692.5,410.0,3,0,0,0,"psych_curve(xdata=array([-70.,  70.]), ydata=[0.145, 0.669], fit=[0.14, 0.14, 0.14, 0.14, 0.14, 0.14, 0.14, 0.14, 0.14, 0.14, 0.14, 0.14, 0.14, 0.14, 0.14, 0.14, 0.14, 0.14, 0.14, 0.14, 0.14, 0.14, 0.14, 0.14, 0.14, 0.14, 0.14, 0.14, 0.14, 0.14, 0.14, 0.14, 0.14, 0.14, 0.14, 0.14, 0.14, 0.14, 0.14, 0.14, 0.14, 0.14, 0.14, 0.14, 0.14, 0.14, 0.141, 0.146, 0.162, 0.221, 0.366, 0.54, 0.631, 0.66, 0.668, 0.669, 0.67, 0.67, 0.67, 0.67, 0.67, 0.67, 0.67, 0.67, 0.67, 0.67, 0.67, 0.67, 0.67, 0.67, 0.67, 0.67, 0.67, 0.67, 0.67, 0.67, 0.67, 0.67, 0.67, 0.67, 0.67, 0.67, 0.67, 0.67, 0.67, 0.67, 0.67, 0.67, 0.67, 0.67, 0.67, 0.67, 0.67, 0.67, 0.67, 0.67, 0.67, 0.67, 0.67, 0.67], params=[1.0, 1.0, 0.14, 0.33], fit_error=[0.02, 0.03])",[-70.  70.],"[0.145, 0.669]","[0.14, 0.14, 0.14, 0.14, 0.14, 0.14, 0.14, 0.14, 0.14, 0.14, 0.14, 0.14, 0.14, 0.14, 0.14, 0.14, 0.14, 0.14, 0.14, 0.14, 0.14, 0.14, 0.14, 0.14, 0.14, 0.14, 0.14, 0.14, 0.14, 0.14, 0.14, 0.14, 0.14, 0.14, 0.14, 0.14, 0.14, 0.14, 0.14, 0.14, 0.14, 0.14, 0.14, 0.14, 0.14, 0.14, 0.141, 0.146, 0.162, 0.221, 0.366, 0.54, 0.631, 0.66, 0.668, 0.669, 0.67, 0.67, 0.67, 0.67, 0.67, 0.67, 0.67, 0.67, 0.67, 0.67, 0.67, 0.67, 0.67, 0.67, 0.67, 0.67, 0.67, 0.67, 0.67, 0.67, 0.67, 0.67, 0.67, 0.67, 0.67, 0.67, 0.67, 0.67, 0.67, 0.67, 0.67, 0.67, 0.67, 0.67, 0.67, 0.67, 0.67, 0.67, 0.67, 0.67, 0.67, 0.67, 0.67, 0.67]","[0.02, 0.03]","[1.0, 1.0, 0.14, 0.33]",1.0,1.0,0.14,0.33,"psych_curve(xdata=[nan], ydata=[nan], fit=[nan, nan, nan, nan, nan, nan, nan, nan, nan, nan, nan, nan, nan, nan, nan, nan, nan, nan, nan, nan, nan, nan, nan, nan, nan, nan, nan, nan, nan, nan, nan, nan, nan, nan, nan, nan, nan, nan, nan, nan, nan, nan, nan, nan, nan, nan, nan, nan, nan, nan, nan, nan, nan, nan, nan, nan, nan, nan, nan, nan, nan, nan, nan, nan, nan, nan, nan, nan, nan, nan, nan, nan, nan, nan, nan, nan, nan, nan, nan, nan, nan, nan, nan, nan, nan, nan, nan, nan, nan, nan, nan, nan, nan, nan, nan, nan, nan, nan, nan, nan], params=[nan, nan, nan, nan], fit_error=[nan])",[-70.  70.],"[0.145, 0.669]","[0.14, 0.14, 0.14, 0.14, 0.14, 0.14, 0.14, 0.14, 0.14, 0.14, 0.14, 0.14, 0.14, 0.14, 0.14, 0.14, 0.14, 0.14, 0.14, 0.14, 0.14, 0.14, 0.14, 0.14, 0.14, 0.14, 0.14, 0.14, 0.14, 0.14, 0.14, 0.14, 0.14, 0.14, 0.14, 0.14, 0.14, 0.14, 0.14, 0.14, 0.14, 0.14, 0.14, 0.14, 0.14, 0.14, 0.141, 0.146, 0.162, 0.221, 0.366, 0.54, 0.631, 0.66, 0.668, 0.669, 0.67, 0.67, 0.67, 0.67, 0.67, 0.67, 0.67, 0.67, 0.67, 0.67, 0.67, 0.67, 0.67, 0.67, 0.67, 0.67, 0.67, 0.67, 0.67, 0.67, 0.67, 0.67, 0.67, 0.67, 0.67, 0.67, 0.67, 0.67, 0.67, 0.67, 0.67, 0.67, 0.67, 0.67, 0.67, 0.67, 0.67, 0.67, 0.67, 0.67, 0.67, 0.67, 0.67, 0.67]","[0.02, 0.03]","[nan, nan, nan, nan]",,,,,
2022-02-03,3,333,['Bpod5'],724,355,369,371,344,653,330,323,357,296,62,21,41,0.9019337016574586,0.9295774647887324,0.8753387533875339,715,351,364,413,220,193,0.5929919137466307,0.561046511627907,300,150,150,0.4043126684636118,0.436046511627907,0.9132867132867132,0.9401709401709402,0.8873626373626373,0.9132867132867132,-0.0528083028083028,0.864406779661017,0.9866666666666668,-0.1222598870056497,0.5770192126872689,0.4201795900457594,9,4,5,0.0124309392265193,0.0112676056338028,0.013550135501355,653,330,323,1632.5,825.0,807.5,3,0,0,0,"psych_curve(xdata=array([-70.,  70.]), ydata=[0.06, 0.887], fit=[0.06, 0.06, 0.06, 0.06, 0.06, 0.06, 0.06, 0.06, 0.06, 0.06, 0.06, 0.06, 0.06, 0.06, 0.06, 0.06, 0.06, 0.06, 0.06, 0.06, 0.06, 0.06, 0.06, 0.06, 0.06, 0.06, 0.06, 0.06, 0.06, 0.06, 0.06, 0.06, 0.06, 0.06, 0.06, 0.06, 0.06, 0.06, 0.06, 0.06, 0.06, 0.06, 0.06, 0.06, 0.06, 0.061, 0.062, 0.069, 0.095, 0.187, 0.415, 0.686, 0.829, 0.874, 0.886, 0.889, 0.89, 0.89, 0.89, 0.89, 0.89, 0.89, 0.89, 0.89, 0.89, 0.89, 0.89, 0.89, 0.89, 0.89, 0.89, 0.89, 0.89, 0.89, 0.89, 0.89, 0.89, 0.89, 0.89, 0.89, 0.89, 0.89, 0.89, 0.89, 0.89, 0.89, 0.89, 0.89, 0.89, 0.89, 0.89, 0.89, 0.89, 0.89, 0.89, 0.89, 0.89, 0.89, 0.89, 0.89], params=[1.0, 1.0, 0.06, 0.11], fit_error=[0.013, 0.017])",[-70.  70.],"[0.06, 0.887]","[0.06, 0.06, 0.06, 0.06, 0.06, 0.06, 0.06, 0.06, 0.06, 0.06, 0.06, 0.06, 0.06, 0.06, 0.06, 0.06, 0.06, 0.06, 0.06, 0.06, 0.06, 0.06, 0.06, 0.06, 0.06, 0.06, 0.06, 0.06, 0.06, 0.06, 0.06, 0.06, 0.06, 0.06, 0.06, 0.06, 0.06, 0.06, 0.06, 0.06, 0.06, 0.06, 0.06, 0.06, 0.06, 0.061, 0.062, 0.069, 0.095, 0.187, 0.415, 0.686, 0.829, 0.874, 0.886, 0.889, 0.89, 0.89, 0.89, 0.89, 0.89, 0.89, 0.89, 0.89, 0.89, 0.89, 0.89, 0.89, 0.89, 0.89, 0.89, 0.89, 0.89, 0.89, 0.89, 0.89, 0.89, 0.89, 0.89, 0.89, 0.89, 0.89, 0.89, 0.89, 0.89, 0.89, 0.89, 0.89, 0.89, 0.89, 0.89, 0.89, 0.89, 0.89, 0.89, 0.89, 0.89, 0.89, 0.89, 0.89]","[0.013, 0.017]","[1.0, 1.0, 0.06, 0.11]",1.0,1.0,0.06,0.11,"psych_curve(xdata=[nan], ydata=[nan], fit=[nan, nan, nan, nan, nan, nan, nan, nan, nan, nan, nan, nan, nan, nan, nan, nan, nan, nan, nan, nan, nan, nan, nan, nan, nan, nan, nan, nan, nan, nan, nan, nan, nan, nan, nan, nan, nan, nan, nan, nan, nan, nan, nan, nan, nan, nan, nan, nan, nan, nan, nan, nan, nan, nan, nan, nan, nan, nan, nan, nan, nan, nan, nan, nan, nan, nan, nan, nan, nan, nan, nan, nan, nan, nan, nan, nan, nan, nan, nan, nan, nan, nan, nan, nan, nan, nan, nan, nan, nan, nan, nan, nan, nan, nan, nan, nan, nan, nan, nan, nan], params=[nan, nan, nan, nan], fit_error=[nan])",[-70.  70.],"[0.06, 0.887]","[0.06, 0.06, 0.06, 0.06, 0.06, 0.06, 0.06, 0.06, 0.06, 0.06, 0.06, 0.06, 0.06, 0.06, 0.06, 0.06, 0.06, 0.06, 0.06, 0.06, 0.06, 0.06, 0.06, 0.06, 0.06, 0.06, 0.06, 0.06, 0.06, 0.06, 0.06, 0.06, 0.06, 0.06, 0.06, 0.06, 0.06, 0.06, 0.06, 0.06, 0.06, 0.06, 0.06, 0.06, 0.06, 0.061, 0.062, 0.069, 0.095, 0.187, 0.415, 0.686, 0.829, 0.874, 0.886, 0.889, 0.89, 0.89, 0.89, 0.89, 0.89, 0.89, 0.89, 0.89, 0.89, 0.89, 0.89, 0.89, 0.89, 0.89, 0.89, 0.89, 0.89, 0.89, 0.89, 0.89, 0.89, 0.89, 0.89, 0.89, 0.89, 0.89, 0.89, 0.89, 0.89, 0.89, 0.89, 0.89, 0.89, 0.89, 0.89, 0.89, 0.89, 0.89, 0.89, 0.89, 0.89, 0.89, 0.89, 0.89]","[0.013, 0.017]","[nan, nan, nan, nan]",,,,,
2022-02-04,4,333,['Bpod5'],541,265,276,288,251,497,255,242,263,233,42,9,33,0.9186691312384472,0.9622641509433962,0.8768115942028986,539,264,275,301,168,133,0.5833333333333334,0.5298804780876494,236,118,118,0.4097222222222222,0.4701195219123506,0.922077922077922,0.9659090909090908,0.88,0.922077922077922,-0.0859090909090909,0.8737541528239202,0.9872881355932204,-0.1135339827693001,0.5566069057104914,0.4399208720672864,2,1,1,0.0036968576709796,0.0037735849056603,0.0036231884057971,497,255,242,1242.5,637.5,605.0,3,0,0,0,"psych_curve(xdata=array([-70.,  70.]), ydata=[0.034, 0.88], fit=[0.03, 0.03, 0.03, 0.03, 0.03, 0.03, 0.03, 0.03, 0.03, 0.03, 0.03, 0.03, 0.03, 0.03, 0.03, 0.03, 0.03, 0.03, 0.03, 0.03, 0.03, 0.03, 0.03, 0.03, 0.03, 0.03, 0.03, 0.03, 0.03, 0.03, 0.03, 0.03, 0.03, 0.03, 0.03, 0.03, 0.03, 0.03, 0.03, 0.03, 0.03, 0.03, 0.03, 0.03, 0.03, 0.031, 0.032, 0.039, 0.066, 0.161, 0.393, 0.671, 0.818, 0.864, 0.876, 0.879, 0.88, 0.88, 0.88, 0.88, 0.88, 0.88, 0.88, 0.88, 0.88, 0.88, 0.88, 0.88, 0.88, 0.88, 0.88, 0.88, 0.88, 0.88, 0.88, 0.88, 0.88, 0.88, 0.88, 0.88, 0.88, 0.88, 0.88, 0.88, 0.88, 0.88, 0.88, 0.88, 0.88, 0.88, 0.88, 0.88, 0.88, 0.88, 0.88, 0.88, 0.88, 0.88, 0.88, 0.88], params=[1.0, 1.0, 0.03, 0.12], fit_error=[0.011, 0.02])",[-70.  70.],"[0.034, 0.88]","[0.03, 0.03, 0.03, 0.03, 0.03, 0.03, 0.03, 0.03, 0.03, 0.03, 0.03, 0.03, 0.03, 0.03, 0.03, 0.03, 0.03, 0.03, 0.03, 0.03, 0.03, 0.03, 0.03, 0.03, 0.03, 0.03, 0.03, 0.03, 0.03, 0.03, 0.03, 0.03, 0.03, 0.03, 0.03, 0.03, 0.03, 0.03, 0.03, 0.03, 0.03, 0.03, 0.03, 0.03, 0.03, 0.031, 0.032, 0.039, 0.066, 0.161, 0.393, 0.671, 0.818, 0.864, 0.876, 0.879, 0.88, 0.88, 0.88, 0.88, 0.88, 0.88, 0.88, 0.88, 0.88, 0.88, 0.88, 0.88, 0.88, 0.88, 0.88, 0.88, 0.88, 0.88, 0.88, 0.88, 0.88, 0.88, 0.88, 0.88, 0.88, 0.88, 0.88, 0.88, 0.88, 0.88, 0.88, 0.88, 0.88, 0.88, 0.88, 0.88, 0.88, 0.88, 0.88, 0.88, 0.88, 0.88, 0.88, 0.88]","[0.011, 0.02]","[1.0, 1.0, 0.03, 0.12]",1.0,1.0,0.03,0.12,"psych_curve(xdata=[nan], ydata=[nan], fit=[nan, nan, nan, nan, nan, nan, nan, nan, nan, nan, nan, nan, nan, nan, nan, nan, nan, nan, nan, nan, nan, nan, nan, nan, nan, nan, nan, nan, nan, nan, nan, nan, nan, nan, nan, nan, nan, nan, nan, nan, nan, nan, nan, nan, nan, nan, nan, nan, nan, nan, nan, nan, nan, nan, nan, nan, nan, nan, nan, nan, nan, nan, nan, nan, nan, nan, nan, nan, nan, nan, nan, nan, nan, nan, nan, nan, nan, nan, nan, nan, nan, nan, nan, nan, nan, nan, nan, nan, nan, nan, nan, nan, nan, nan, nan, nan, nan, nan, nan, nan], params=[nan, nan, nan, nan], fit_error=[nan])",[-70.  70.],"[0.034, 0.88]","[0.03, 0.03, 0.03, 0.03, 0.03, 0.03, 0.03, 0.03, 0.03, 0.03, 0.03, 0.03, 0.03, 0.03, 0.03, 0.03, 0.03, 0.03, 0.03, 0.03, 0.03, 0.03, 0.03, 0.03, 0.03, 0.03, 0.03, 0.03, 0.03, 0.03, 0.03, 0.03, 0.03, 0.03, 0.03, 0.03, 0.03, 0.03, 0.03, 0.03, 0.03, 0.03, 0.03, 0.03, 0.03, 0.031, 0.032, 0.039, 0.066, 0.161, 0.393, 0.671, 0.818, 0.864, 0.876, 0.879, 0.88, 0.88, 0.88, 0.88, 0.88, 0.88, 0.88, 0.88, 0.88, 0.88, 0.88, 0.88, 0.88, 0.88, 0.88, 0.88, 0.88, 0.88, 0.88, 0.88, 0.88, 0.88, 0.88, 0.88, 0.88, 0.88, 0.88, 0.88, 0.88, 0.88, 0.88, 0.88, 0.88, 0.88, 0.88, 0.88, 0.88, 0.88, 0.88, 0.88, 0.88, 0.88, 0.88, 0.88]","[0.011, 0.02]","[nan, nan, nan, nan]",,,,,
2022-02-07,0,333,['Bpod5'],431,211,220,224,207,416,210,206,223,192,15,1,14,0.965197215777262,0.995260663507109,0.9363636363636364,431,211,220,238,128,110,0.5714285714285714,0.5314009661835749,192,96,96,0.4285714285714285,0.463768115942029,0.965197215777262,0.995260663507109,0.9363636363636364,0.965197215777262,-0.0588970271434725,0.9369747899159664,1.0,-0.0630252100840336,0.5514147688060731,0.4461697722567287,0,0,0,0.0,0.0,0.0,416,210,206,1040.0,525.0,515.0,3,0,0,0,"psych_curve(xdata=array([-70.,  70.]), ydata=[0.005, 0.936], fit=[0.0, 0.0, 0.0, 0.0, 0.0, 0.0, 0.0, 0.0, 0.0, 0.0, 0.0, 0.0, 0.0, 0.0, 0.0, 0.0, 0.0, 0.0, 0.0, 0.0, 0.0, 0.0, 0.0, 0.0, 0.0, 0.0, 0.0, 0.0, 0.0, 0.0, 0.0, 0.0, 0.0, 0.0, 0.0, 0.0, 0.0, 0.0, 0.0, 0.0, 0.0, 0.0, 0.0, 0.0, 0.0, 0.001, 0.002, 0.01, 0.04, 0.144, 0.402, 0.709, 0.871, 0.922, 0.936, 0.939, 0.94, 0.94, 0.94, 0.94, 0.94, 0.94, 0.94, 0.94, 0.94, 0.94, 0.94, 0.94, 0.94, 0.94, 0.94, 0.94, 0.94, 0.94, 0.94, 0.94, 0.94, 0.94, 0.94, 0.94, 0.94, 0.94, 0.94, 0.94, 0.94, 0.94, 0.94, 0.94, 0.94, 0.94, 0.94, 0.94, 0.94, 0.94, 0.94, 0.94, 0.94, 0.94, 0.94, 0.94], params=[1.0, 1.0, 0.0, 0.06], fit_error=[0.005, 0.016])",[-70.  70.],"[0.005, 0.936]","[0.0, 0.0, 0.0, 0.0, 0.0, 0.0, 0.0, 0.0, 0.0, 0.0, 0.0, 0.0, 0.0, 0.0, 0.0, 0.0, 0.0, 0.0, 0.0, 0.0, 0.0, 0.0, 0.0, 0.0, 0.0, 0.0, 0.0, 0.0, 0.0, 0.0, 0.0, 0.0, 0.0, 0.0, 0.0, 0.0, 0.0, 0.0, 0.0, 0.0, 0.0, 0.0, 0.0, 0.0, 0.0, 0.001, 0.002, 0.01, 0.04, 0.144, 0.402, 0.709, 0.871, 0.922, 0.936, 0.939, 0.94, 0.94, 0.94, 0.94, 0.94, 0.94, 0.94, 0.94, 0.94, 0.94, 0.94, 0.94, 0.94, 0.94, 0.94, 0.94, 0.94, 0.94, 0.94, 0.94, 0.94, 0.94, 0.94, 0.94, 0.94, 0.94, 0.94, 0.94, 0.94, 0.94, 0.94, 0.94, 0.94, 0.94, 0.94, 0.94, 0.94, 0.94, 0.94, 0.94, 0.94, 0.94, 0.94, 0.94]","[0.005, 0.016]","[1.0, 1.0, 0.0, 0.06]",1.0,1.0,0.0,0.06,"psych_curve(xdata=[nan], ydata=[nan], fit=[nan, nan, nan, nan, nan, nan, nan, nan, nan, nan, nan, nan, nan, nan, nan, nan, nan, nan, nan, nan, nan, nan, nan, nan, nan, nan, nan, nan, nan, nan, nan, nan, nan, nan, nan, nan, nan, nan, nan, nan, nan, nan, nan, nan, nan, nan, nan, nan, nan, nan, nan, nan, nan, nan, nan, nan, nan, nan, nan, nan, nan, nan, nan, nan, nan, nan, nan, nan, nan, nan, nan, nan, nan, nan, nan, nan, nan, nan, nan, nan, nan, nan, nan, nan, nan, nan, nan, nan, nan, nan, nan, nan, nan, nan, nan, nan, nan, nan, nan, nan], params=[nan, nan, nan, nan], fit_error=[nan])",[-70.  70.],"[0.005, 0.936]","[0.0, 0.0, 0.0, 0.0, 0.0, 0.0, 0.0, 0.0, 0.0, 0.0, 0.0, 0.0, 0.0, 0.0, 0.0, 0.0, 0.0, 0.0, 0.0, 0.0, 0.0, 0.0, 0.0, 0.0, 0.0, 0.0, 0.0, 0.0, 0.0, 0.0, 0.0, 0.0, 0.0, 0.0, 0.0, 0.0, 0.0, 0.0, 0.0, 0.0, 0.0, 0.0, 0.0, 0.0, 0.0, 0.001, 0.002, 0.01, 0.04, 0.144, 0.402, 0.709, 0.871, 0.922, 0.936, 0.939, 0.94, 0.94, 0.94, 0.94, 0.94, 0.94, 0.94, 0.94, 0.94, 0.94, 0.94, 0.94, 0.94, 0.94, 0.94, 0.94, 0.94, 0.94, 0.94, 0.94, 0.94, 0.94, 0.94, 0.94, 0.94, 0.94, 0.94, 0.94, 0.94, 0.94, 0.94, 0.94, 0.94, 0.94, 0.94, 0.94, 0.94, 0.94, 0.94, 0.94, 0.94, 0.94, 0.94, 0.94]","[0.005, 0.016]","[nan, nan, nan, nan]",,,,,
2022-02-09,2,333,['Bpod5'],496,234,262,259,236,464,231,233,247,215,31,3,28,0.935483870967742,0.9871794871794872,0.8893129770992366,495,234,261,272,147,125,0.5675675675675675,0.5296610169491526,221,111,110,0.4285714285714285,0.4661016949152542,0.9373737373737374,0.9871794871794872,0.89272030651341,0.9373737373737374,-0.0944591806660772,0.9080882352941176,0.9728506787330315,-0.064762443438914,0.5486142922583601,0.4473365617433413,1,0,1,0.002016129032258,0.0,0.0038167938931297,464,231,233,1160.0,577.5,582.5,3,0,0,0,"psych_curve(xdata=array([-70.,  70.]), ydata=[0.013, 0.893], fit=[0.01, 0.01, 0.01, 0.01, 0.01, 0.01, 0.01, 0.01, 0.01, 0.01, 0.01, 0.01, 0.01, 0.01, 0.01, 0.01, 0.01, 0.01, 0.01, 0.01, 0.01, 0.01, 0.01, 0.01, 0.01, 0.01, 0.01, 0.01, 0.01, 0.01, 0.01, 0.01, 0.01, 0.01, 0.01, 0.01, 0.01, 0.01, 0.01, 0.01, 0.01, 0.01, 0.01, 0.01, 0.01, 0.011, 0.012, 0.019, 0.047, 0.145, 0.386, 0.674, 0.825, 0.873, 0.886, 0.889, 0.89, 0.89, 0.89, 0.89, 0.89, 0.89, 0.89, 0.89, 0.89, 0.89, 0.89, 0.89, 0.89, 0.89, 0.89, 0.89, 0.89, 0.89, 0.89, 0.89, 0.89, 0.89, 0.89, 0.89, 0.89, 0.89, 0.89, 0.89, 0.89, 0.89, 0.89, 0.89, 0.89, 0.89, 0.89, 0.89, 0.89, 0.89, 0.89, 0.89, 0.89, 0.89, 0.89, 0.89], params=[1.0, 1.0, 0.01, 0.11], fit_error=[0.007, 0.019])",[-70.  70.],"[0.013, 0.893]","[0.01, 0.01, 0.01, 0.01, 0.01, 0.01, 0.01, 0.01, 0.01, 0.01, 0.01, 0.01, 0.01, 0.01, 0.01, 0.01, 0.01, 0.01, 0.01, 0.01, 0.01, 0.01, 0.01, 0.01, 0.01, 0.01, 0.01, 0.01, 0.01, 0.01, 0.01, 0.01, 0.01, 0.01, 0.01, 0.01, 0.01, 0.01, 0.01, 0.01, 0.01, 0.01, 0.01, 0.01, 0.01, 0.011, 0.012, 0.019, 0.047, 0.145, 0.386, 0.674, 0.825, 0.873, 0.886, 0.889, 0.89, 0.89, 0.89, 0.89, 0.89, 0.89, 0.89, 0.89, 0.89, 0.89, 0.89, 0.89, 0.89, 0.89, 0.89, 0.89, 0.89, 0.89, 0.89, 0.89, 0.89, 0.89, 0.89, 0.89, 0.89, 0.89, 0.89, 0.89, 0.89, 0.89, 0.89, 0.89, 0.89, 0.89, 0.89, 0.89, 0.89, 0.89, 0.89, 0.89, 0.89, 0.89, 0.89, 0.89]","[0.007, 0.019]","[1.0, 1.0, 0.01, 0.11]",1.0,1.0,0.01,0.11,"psych_curve(xdata=[nan], ydata=[nan], fit=[nan, nan, nan, nan, nan, nan, nan, nan, nan, nan, nan, nan, nan, nan, nan, nan, nan, nan, nan, nan, nan, nan, nan, nan, nan, nan, nan, nan, nan, nan, nan, nan, nan, nan, nan, nan, nan, nan, nan, nan, nan, nan, nan, nan, nan, nan, nan, nan, nan, nan, nan, nan, nan, nan, nan, nan, nan, nan, nan, nan, nan, nan, nan, nan, nan, nan, nan, nan, nan, nan, nan, nan, nan, nan, nan, nan, nan, nan, nan, nan, nan, nan, nan, nan, nan, nan, nan, nan, nan, nan, nan, nan, nan, nan, nan, nan, nan, nan, nan, nan], params=[nan, nan, nan, nan], fit_error=[nan])",[-70.  70.],"[0.013, 0.893]","[0.01, 0.01, 0.01, 0.01, 0.01, 0.01, 0.01, 0.01, 0.01, 0.01, 0.01, 0.01, 0.01, 0.01, 0.01, 0.01, 0.01, 0.01, 0.01, 0.01, 0.01, 0.01, 0.01, 0.01, 0.01, 0.01, 0.01, 0.01, 0.01, 0.01, 0.01, 0.01, 0.01, 0.01, 0.01, 0.01, 0.01, 0.01, 0.01, 0.01, 0.01, 0.01, 0.01, 0.01, 0.01, 0.011, 0.012, 0.019, 0.047, 0.145, 0.386, 0.674, 0.825, 0.873, 0.886, 0.889, 0.89, 0.89, 0.89, 0.89, 0.89, 0.89, 0.89, 0.89, 0.89, 0.89, 0.89, 0.89, 0.89, 0.89, 0.89, 0.89, 0.89, 0.89, 0.89, 0.89, 0.89, 0.89, 0.89, 0.89, 0.89, 0.89, 0.89, 0.89, 0.89, 0.89, 0.89, 0.89, 0.89, 0.89, 0.89, 0.89, 0.89, 0.89, 0.89, 0.89, 0.89, 0.89, 0.89, 0.89]","[0.007, 0.019]","[nan, nan, nan, nan]",,,,,
2022-02-10,3,333,['Bpod5'],481,248,233,257,222,447,236,211,235,209,32,11,21,0.9293139293139292,0.9516129032258064,0.9055793991416308,479,247,232,264,149,115,0.5797665369649806,0.5180180180180181,212,107,105,0.4163424124513619,0.4729729729729729,0.9331941544885176,0.9554655870445344,0.9094827586206896,0.9437229437229436,-0.0459828284238448,0.8901515151515151,0.9858490566037736,-0.0956975414522584,0.5488922774914993,0.4446576927121674,2,1,1,0.0041580041580041,0.0040322580645161,0.0042918454935622,447,236,211,1117.5,590.0,527.5,4,0,0,0,"psych_curve(xdata=array([-70.,  -8.,  -4.,   0.,   2.,   4.,   8.,  70.]), ydata=[0.03, 0.0, 0.333, 1.0, 1.0, 0.75, 0.0, 0.916], fit=[0.02, 0.02, 0.02, 0.02, 0.02, 0.02, 0.02, 0.02, 0.02, 0.02, 0.02, 0.02, 0.02, 0.02, 0.02, 0.02, 0.02, 0.02, 0.02, 0.02, 0.02, 0.02, 0.02, 0.02, 0.02, 0.02, 0.02, 0.02, 0.02, 0.02, 0.02, 0.02, 0.02, 0.02, 0.02, 0.02, 0.02, 0.02, 0.02, 0.02, 0.02, 0.02, 0.02, 0.02, 0.02, 0.02, 0.031, 0.616, 0.73, 0.73, 0.73, 0.73, 0.73, 0.73, 0.73, 0.73, 0.73, 0.73, 0.73, 0.73, 0.73, 0.73, 0.73, 0.73, 0.73, 0.73, 0.73, 0.73, 0.73, 0.73, 0.73, 0.73, 0.73, 0.73, 0.73, 0.73, 0.73, 0.73, 0.73, 0.73, 0.73, 0.73, 0.73, 0.73, 0.73, 0.73, 0.73, 0.73, 0.73, 0.73, 0.73, 0.73, 0.73, 0.73, 0.73, 0.73, 0.73, 0.73, 0.73, 0.73], params=[4.08, -3.94, 0.02, 0.27], fit_error=[0.011, 0.0, 0.333, 0.0, 0.0, 0.25, nan, 0.019])",[-70.  -8.  -4.   0.   2.   4.   8.  70.],"[0.03, 0.0, 0.333, 1.0, 1.0, 0.75, 0.0, 0.916]","[0.02, 0.02, 0.02, 0.02, 0.02, 0.02, 0.02, 0.02, 0.02, 0.02, 0.02, 0.02, 0.02, 0.02, 0.02, 0.02, 0.02, 0.02, 0.02, 0.02, 0.02, 0.02, 0.02, 0.02, 0.02, 0.02, 0.02, 0.02, 0.02, 0.02, 0.02, 0.02, 0.02, 0.02, 0.02, 0.02, 0.02, 0.02, 0.02, 0.02, 0.02, 0.02, 0.02, 0.02, 0.02, 0.02, 0.031, 0.616, 0.73, 0.73, 0.73, 0.73, 0.73, 0.73, 0.73, 0.73, 0.73, 0.73, 0.73, 0.73, 0.73, 0.73, 0.73, 0.73, 0.73, 0.73, 0.73, 0.73, 0.73, 0.73, 0.73, 0.73, 0.73, 0.73, 0.73, 0.73, 0.73, 0.73, 0.73, 0.73, 0.73, 0.73, 0.73, 0.73, 0.73, 0.73, 0.73, 0.73, 0.73, 0.73, 0.73, 0.73, 0.73, 0.73, 0.73, 0.73, 0.73, 0.73, 0.73, 0.73]","[0.011, 0.0, 0.333, 0.0, 0.0, 0.25, nan, 0.019]","[4.08, -3.94, 0.02, 0.27]",4.08,-3.94,0.02,0.27,"psych_curve(xdata=[nan], ydata=[nan], fit=[nan, nan, nan, nan, nan, nan, nan, nan, nan, nan, nan, nan, nan, nan, nan, nan, nan, nan, nan, nan, nan, nan, nan, nan, nan, nan, nan, nan, nan, nan, nan, nan, nan, nan, nan, nan, nan, nan, nan, nan, nan, nan, nan, nan, nan, nan, nan, nan, nan, nan, nan, nan, nan, nan, nan, nan, nan, nan, nan, nan, nan, nan, nan, nan, nan, nan, nan, nan, nan, nan, nan, nan, nan, nan, nan, nan, nan, nan, nan, nan, nan, nan, nan, nan, nan, nan, nan, nan, nan, nan, nan, nan, nan, nan, nan, nan, nan, nan, nan, nan], params=[nan, nan, nan, nan], fit_error=[nan])",[-70.  -8.  -4.   0.   2.   4.   8.  70.],"[0.03, 0.0, 0.333, 1.0, 1.0, 0.75, 0.0, 0.916]","[0.02, 0.02, 0.02, 0.02, 0.02, 0.02, 0.02, 0.02, 0.02, 0.02, 0.02, 0.02, 0.02, 0.02, 0.02, 0.02, 0.02, 0.02, 0.02, 0.02, 0.02, 0.02, 0.02, 0.02, 0.02, 0.02, 0.02, 0.02, 0.02, 0.02, 0.02, 0.02, 0.02, 0.02, 0.02, 0.02, 0.02, 0.02, 0.02, 0.02, 0.02, 0.02, 0.02, 0.02, 0.02, 0.02, 0.031, 0.616, 0.73, 0.73, 0.73, 0.73, 0.73, 0.73, 0.73, 0.73, 0.73, 0.73, 0.73, 0.73, 0.73, 0.73, 0.73, 0.73, 0.73, 0.73, 0.73, 0.73, 0.73, 0.73, 0.73, 0.73, 0.73, 0.73, 0.73, 0.73, 0.73, 0.73, 0.73, 0.73, 0.73, 0.73, 0.73, 0.73, 0.73, 0.73, 0.73, 0.73, 0.73, 0.73, 0.73, 0.73, 0.73, 0.73, 0.73, 0.73, 0.73, 0.73, 0.73, 0.73]","[0.011, 0.0, 0.333, 0.0, 0.0, 0.25, nan, 0.019]","[nan, nan, nan, nan]",,,,,
2022-02-11,4,333,['Bpod5'],475,224,251,220,255,451,210,241,217,233,24,14,10,0.9494736842105264,0.9375,0.9601593625498008,475,224,251,232,99,133,0.45,0.5215686274509804,242,121,121,0.55,0.4745098039215686,0.9494736842105264,0.9375,0.9601593625498008,0.9814814814814816,0.0226593625498008,0.9353448275862069,0.962809917355372,-0.027465089769165,0.4857843137254902,0.5122549019607843,0,0,0,0.0,0.0,0.0,451,210,241,1127.5,525.0,602.5,4,0,0,0,"psych_curve(xdata=array([-70.,  -8.,  -4.,  -2.,   0.,   2.,   4.,   8.,  70.]), ydata=[0.015, 0.0, 0.571, 0.571, 0.583, 0.5, 1.0, 1.0, 0.978], fit=[-0.03, -0.03, -0.03, -0.03, -0.03, -0.03, -0.03, -0.03, -0.03, -0.03, -0.03, -0.03, -0.03, -0.03, -0.03, -0.03, -0.03, -0.03, -0.03, -0.03, -0.03, -0.03, -0.03, -0.03, -0.03, -0.03, -0.03, -0.03, -0.029, -0.029, -0.029, -0.028, -0.027, -0.026, -0.024, -0.021, -0.017, -0.011, -0.003, 0.009, 0.025, 0.047, 0.078, 0.119, 0.173, 0.239, 0.319, 0.409, 0.503, 0.597, 0.685, 0.761, 0.824, 0.874, 0.912, 0.94, 0.96, 0.975, 0.986, 0.993, 0.998, 1.002, 1.004, 1.006, 1.007, 1.008, 1.009, 1.009, 1.009, 1.01, 1.01, 1.01, 1.01, 1.01, 1.01, 1.01, 1.01, 1.01, 1.01, 1.01, 1.01, 1.01, 1.01, 1.01, 1.01, 1.01, 1.01, 1.01, 1.01, 1.01, 1.01, 1.01, 1.01, 1.01, 1.01, 1.01, 1.01, 1.01, 1.01, 1.01], params=[0.26, -2.32, -0.03, -0.01], fit_error=[0.009, 0.0, 0.202, 0.202, 0.149, 0.289, 0.0, 0.0, 0.01])",[-70.  -8.  -4.  -2.   0.   2.   4.   8.  70.],"[0.015, 0.0, 0.571, 0.571, 0.583, 0.5, 1.0, 1.0, 0.978]","[-0.03, -0.03, -0.03, -0.03, -0.03, -0.03, -0.03, -0.03, -0.03, -0.03, -0.03, -0.03, -0.03, -0.03, -0.03, -0.03, -0.03, -0.03, -0.03, -0.03, -0.03, -0.03, -0.03, -0.03, -0.03, -0.03, -0.03, -0.03, -0.029, -0.029, -0.029, -0.028, -0.027, -0.026, -0.024, -0.021, -0.017, -0.011, -0.003, 0.009, 0.025, 0.047, 0.078, 0.119, 0.173, 0.239, 0.319, 0.409, 0.503, 0.597, 0.685, 0.761, 0.824, 0.874, 0.912, 0.94, 0.96, 0.975, 0.986, 0.993, 0.998, 1.002, 1.004, 1.006, 1.007, 1.008, 1.009, 1.009, 1.009, 1.01, 1.01, 1.01, 1.01, 1.01, 1.01, 1.01, 1.01, 1.01, 1.01, 1.01, 1.01, 1.01, 1.01, 1.01, 1.01, 1.01, 1.01, 1.01, 1.01, 1.01, 1.01, 1.01, 1.01, 1.01, 1.01, 1.01, 1.01, 1.01, 1.01, 1.01]","[0.009, 0.0, 0.202, 0.202, 0.149, 0.289, 0.0, 0.0, 0.01]","[0.26, -2.32, -0.03, -0.01]",0.26,-2.32,-0.03,-0.01,"psych_curve(xdata=array([-70.,  -8.,  -4.,  -2.,  -0.,   2.,   4.,   8.,  70.]), ydata=[0.026, 0.0, 0.6, 0.6, 0.667, 0.5, 0.8, 1.0, 0.99], fit=[nan, nan, nan, nan, nan, nan, nan, nan, nan, nan, nan, nan, nan, nan, nan, nan, nan, nan, nan, nan, nan, nan, nan, nan, nan, nan, nan, nan, nan, nan, nan, nan, nan, nan, nan, nan, nan, nan, nan, nan, nan, nan, nan, nan, nan, nan, nan, nan, nan, nan, nan, nan, nan, nan, nan, nan, nan, nan, nan, nan, nan, nan, nan, nan, nan, nan, nan, nan, nan, nan, nan, nan, nan, nan, nan, nan, nan, nan, nan, nan, nan, nan, nan, nan, nan, nan, nan, nan, nan, nan, nan, nan, nan, nan, nan, nan, nan, nan, nan, nan], params=[0.24, -2.7, -0.02, 0.01], fit_error=[0.011, 0.0, 0.245, 0.245, 0.142, 0.224, 0.2, 0.0, 0.007])",[-70.  -8.  -4.  -2.   0.   2.   4.   8.  70.],"[0.015, 0.0, 0.571, 0.571, 0.583, 0.5, 1.0, 1.0, 0.978]","[-0.03, -0.03, -0.03, -0.03, -0.03, -0.03, -0.03, -0.03, -0.03, -0.03, -0.03, -0.03, -0.03, -0.03, -0.03, -0.03, -0.03, -0.03, -0.03, -0.03, -0.03, -0.03, -0.03, -0.03, -0.03, -0.03, -0.03, -0.03, -0.029, -0.029, -0.029, -0.028, -0.027, -0.026, -0.024, -0.021, -0.017, -0.011, -0.003, 0.009, 0.025, 0.047, 0.078, 0.119, 0.173, 0.239, 0.319, 0.409, 0.503, 0.597, 0.685, 0.761, 0.824, 0.874, 0.912, 0.94, 0.96, 0.975, 0.986, 0.993, 0.998, 1.002, 1.004, 1.006, 1.007, 1.008, 1.009, 1.009, 1.009, 1.01, 1.01, 1.01, 1.01, 1.01, 1.01, 1.01, 1.01, 1.01, 1.01, 1.01, 1.01, 1.01, 1.01, 1.01, 1.01, 1.01, 1.01, 1.01, 1.01, 1.01, 1.01, 1.01, 1.01, 1.01, 1.01, 1.01, 1.01, 1.01, 1.01, 1.01]","[0.009, 0.0, 0.202, 0.202, 0.149, 0.289, 0.0, 0.0, 0.01]","[0.24, -2.7, -0.02, 0.01]",0.24,-2.7,-0.02,0.01,
2022-02-14,0,333,['Bpod5'],385,202,183,203,182,376,198,178,196,179,9,4,5,0.9766233766233766,0.9801980198019802,0.9726775956284152,385,202,183,204,112,92,0.5517241379310345,0.5054945054945055,180,90,90,0.4433497536945813,0.4945054945054945,0.9766233766233766,0.9801980198019802,0.9726775956284152,0.9941690962099126,-0.0075204241735649,0.9607843137254902,0.9944444444444444,-0.0336601307189542,0.52860932171277,0.4689276241000379,0,0,0,0.0,0.0,0.0,376,198,178,940.0,495.0,445.0,4,0,0,0,"psych_curve(xdata=array([-70.,  -8.,  -4.,  -2.,   0.,   2.,   4.,   8.,  70.]), ydata=[0.011, 0.0, 0.0, 0.25, 0.375, 0.667, 0.833, 1.0, 1.0], fit=[-0.01, -0.01, -0.01, -0.01, -0.01, -0.01, -0.01, -0.01, -0.01, -0.01, -0.01, -0.01, -0.01, -0.01, -0.01, -0.01, -0.01, -0.01, -0.01, -0.01, -0.01, -0.01, -0.01, -0.01, -0.01, -0.01, -0.01, -0.01, -0.01, -0.01, -0.01, -0.01, -0.01, -0.01, -0.01, -0.01, -0.01, -0.01, -0.01, -0.01, -0.009, -0.009, -0.007, -0.004, 0.002, 0.015, 0.04, 0.089, 0.177, 0.316, 0.494, 0.674, 0.816, 0.907, 0.958, 0.984, 0.998, 1.004, 1.007, 1.009, 1.009, 1.01, 1.01, 1.01, 1.01, 1.01, 1.01, 1.01, 1.01, 1.01, 1.01, 1.01, 1.01, 1.01, 1.01, 1.01, 1.01, 1.01, 1.01, 1.01, 1.01, 1.01, 1.01, 1.01, 1.01, 1.01, 1.01, 1.01, 1.01, 1.01, 1.01, 1.01, 1.01, 1.01, 1.01, 1.01, 1.01, 1.01, 1.01, 1.01], params=[0.52, 0.75, -0.01, -0.01], fit_error=[0.008, 0.0, 0.0, 0.25, 0.183, 0.211, 0.167, 0.0, 0.0])",[-70.  -8.  -4.  -2.   0.   2.   4.   8.  70.],"[0.011, 0.0, 0.0, 0.25, 0.375, 0.667, 0.833, 1.0, 1.0]","[-0.01, -0.01, -0.01, -0.01, -0.01, -0.01, -0.01, -0.01, -0.01, -0.01, -0.01, -0.01, -0.01, -0.01, -0.01, -0.01, -0.01, -0.01, -0.01, -0.01, -0.01, -0.01, -0.01, -0.01, -0.01, -0.01, -0.01, -0.01, -0.01, -0.01, -0.01, -0.01, -0.01, -0.01, -0.01, -0.01, -0.01, -0.01, -0.01, -0.01, -0.009, -0.009, -0.007, -0.004, 0.002, 0.015, 0.04, 0.089, 0.177, 0.316, 0.494, 0.674, 0.816, 0.907, 0.958, 0.984, 0.998, 1.004, 1.007, 1.009, 1.009, 1.01, 1.01, 1.01, 1.01, 1.01, 1.01, 1.01, 1.01, 1.01, 1.01, 1.01, 1.01, 1.01, 1.01, 1.01, 1.01, 1.01, 1.01, 1.01, 1.01, 1.01, 1.01, 1.01, 1.01, 1.01, 1.01, 1.01, 1.01, 1.01, 1.01, 1.01, 1.01, 1.01, 1.01, 1.01, 1.01, 1.01, 1.01, 1.01]","[0.008, 0.0, 0.0, 0.25, 0.183, 0.211, 0.167, 0.0, 0.0]","[0.52, 0.75, -0.01, -0.01]",0.52,0.75,-0.01,-0.01,"psych_curve(xdata=array([-70.,  -8.,  -4.,  -2.,   0.,   2.,   4.,   8.,  70.]), ydata=[0.012, 0.0, 0.2, 0.75, 0.5, 1.0, 1.0, 1.0, 1.0], fit=[nan, nan, nan, nan, nan, nan, nan, nan, nan, nan, nan, nan, nan, nan, nan, nan, nan, nan, nan, nan, nan, nan, nan, nan, nan, nan, nan, nan, nan, nan, nan, nan, nan, nan, nan, nan, nan, nan, nan, nan, nan, nan, nan, nan, nan, nan, nan, nan, nan, nan, nan, nan, nan, nan, nan, nan, nan, nan, nan, nan, nan, nan, nan, nan, nan, nan, nan, nan, nan, nan, nan, nan, nan, nan, nan, nan, nan, nan, nan, nan, nan, nan, nan, nan, nan, nan, nan, nan, nan, nan, nan, nan, nan, nan, nan, nan, nan, nan, nan, nan], params=[0.49, -2.24, -0.03, -0.02], fit_error=[0.009, 0.0, 0.2, 0.25, 0.189, 0.0, 0.0, 0.0, 0.0])",[-70.  -8.  -4.  -2.   0.   2.   4.   8.  70.],"[0.011, 0.0, 0.0, 0.25, 0.375, 0.667, 0.833, 1.0, 1.0]","[-0.01, -0.01, -0.01, -0.01, -0.01, -0.01, -0.01, -0.01, -0.01, -0.01, -0.01, -0.01, -0.01, -0.01, -0.01, -0.01, -0.01, -0.01, -0.01, -0.01, -0.01, -0.01, -0.01, -0.01, -0.01, -0.01, -0.01, -0.01, -0.01, -0.01, -0.01, -0.01, -0.01, -0.01, -0.01, -0.01, -0.01, -0.01, -0.01, -0.01, -0.009, -0.009, -0.007, -0.004, 0.002, 0.015, 0.04, 0.089, 0.177, 0.316, 0.494, 0.674, 0.816, 0.907, 0.958, 0.984, 0.998, 1.004, 1.007, 1.009, 1.009, 1.01, 1.01, 1.01, 1.01, 1.01, 1.01, 1.01, 1.01, 1.01, 1.01, 1.01, 1.01, 1.01, 1.01, 1.01, 1.01, 1.01, 1.01, 1.01, 1.01, 1.01, 1.01, 1.01, 1.01, 1.01, 1.01, 1.01, 1.01, 1.01, 1.01, 1.01, 1.01, 1.01, 1.01, 1.01, 1.01, 1.01, 1.01, 1.01]","[0.008, 0.0, 0.0, 0.25, 0.183, 0.211, 0.167, 0.0, 0.0]","[0.49, -2.24, -0.03, -0.02]",0.49,-2.24,-0.03,-0.02,
2022-02-15,1,333,['Bpod5'],447,210,237,215,232,422,200,222,232,189,25,10,15,0.9440715883668904,0.9523809523809524,0.9367088607594936,447,210,237,255,119,136,0.5534883720930233,0.5862068965517241,191,96,95,0.4465116279069767,0.4094827586206896,0.9440715883668904,0.9523809523809524,0.9367088607594936,0.9972375690607734,-0.0156720916214586,0.9098039215686274,0.9895287958115184,-0.0797248742428908,0.5698476343223737,0.4279971932638332,0,0,0,0.0,0.0,0.0,422,200,222,1055.0,500.0,555.0,4,0,0,0,"psych_curve(xdata=array([-70.,  -8.,  -4.,  -2.,   0.,   2.,   4.,   8.,  70.]), ydata=[0.0, 0.067, 0.059, 0.636, 0.167, 0.583, 0.667, 0.75, 0.995], fit=[-0.02, -0.02, -0.02, -0.02, -0.02, -0.02, -0.02, -0.02, -0.02, -0.02, -0.02, -0.02, -0.02, -0.02, -0.02, -0.02, -0.02, -0.02, -0.02, -0.02, -0.02, -0.02, -0.02, -0.02, -0.02, -0.02, -0.019, -0.019, -0.019, -0.019, -0.018, -0.018, -0.017, -0.016, -0.014, -0.012, -0.009, -0.005, 0.001, 0.008, 0.018, 0.031, 0.049, 0.071, 0.101, 0.138, 0.184, 0.239, 0.303, 0.374, 0.45, 0.528, 0.603, 0.673, 0.735, 0.788, 0.832, 0.867, 0.894, 0.916, 0.932, 0.945, 0.954, 0.961, 0.966, 0.97, 0.972, 0.974, 0.976, 0.977, 0.978, 0.978, 0.979, 0.979, 0.979, 0.98, 0.98, 0.98, 0.98, 0.98, 0.98, 0.98, 0.98, 0.98, 0.98, 0.98, 0.98, 0.98, 0.98, 0.98, 0.98, 0.98, 0.98, 0.98, 0.98, 0.98, 0.98, 0.98, 0.98, 0.98], params=[0.22, 1.25, -0.02, 0.02], fit_error=[0.0, 0.067, 0.059, 0.152, 0.167, 0.149, 0.142, 0.131, 0.005])",[-70.  -8.  -4.  -2.   0.   2.   4.   8.  70.],"[0.0, 0.067, 0.059, 0.636, 0.167, 0.583, 0.667, 0.75, 0.995]","[-0.02, -0.02, -0.02, -0.02, -0.02, -0.02, -0.02, -0.02, -0.02, -0.02, -0.02, -0.02, -0.02, -0.02, -0.02, -0.02, -0.02, -0.02, -0.02, -0.02, -0.02, -0.02, -0.02, -0.02, -0.02, -0.02, -0.019, -0.019, -0.019, -0.019, -0.018, -0.018, -0.017, -0.016, -0.014, -0.012, -0.009, -0.005, 0.001, 0.008, 0.018, 0.031, 0.049, 0.071, 0.101, 0.138, 0.184, 0.239, 0.303, 0.374, 0.45, 0.528, 0.603, 0.673, 0.735, 0.788, 0.832, 0.867, 0.894, 0.916, 0.932, 0.945, 0.954, 0.961, 0.966, 0.97, 0.972, 0.974, 0.976, 0.977, 0.978, 0.978, 0.979, 0.979, 0.979, 0.98, 0.98, 0.98, 0.98, 0.98, 0.98, 0.98, 0.98, 0.98, 0.98, 0.98, 0.98, 0.98, 0.98, 0.98, 0.98, 0.98, 0.98, 0.98, 0.98, 0.98, 0.98, 0.98, 0.98, 0.98]","[0.0, 0.067, 0.059, 0.152, 0.167, 0.149, 0.142, 0.131, 0.005]","[0.22, 1.25, -0.02, 0.02]",0.22,1.25,-0.02,0.02,"psych_curve(xdata=array([-70.,  -8.,  -4.,  -2.,   0.,   2.,   4.,   8.,  70.]), ydata=[0.006, 0.333, 0.278, 0.714, 0.833, 0.778, 1.0, 1.0, 1.0], fit=[nan, nan, nan, nan, nan, nan, nan, nan, nan, nan, nan, nan, nan, nan, nan, nan, nan, nan, nan, nan, nan, nan, nan, nan, nan, nan, nan, nan, nan, nan, nan, nan, nan, nan, nan, nan, nan, nan, nan, nan, nan, nan, nan, nan, nan, nan, nan, nan, nan, nan, nan, nan, nan, nan, nan, nan, nan, nan, nan, nan, nan, nan, nan, nan, nan, nan, nan, nan, nan, nan, nan, nan, nan, nan, nan, nan, nan, nan, nan, nan, nan, nan, nan, nan, nan, nan, nan, nan, nan, nan, nan, nan, nan, nan, nan, nan, nan, nan, nan, nan], params=[0.32, -3.1, 0.05, -0.03], fit_error=[0.006, 0.142, 0.109, 0.125, 0.167, 0.147, 0.0, 0.0, 0.0])",[-70.  -8.  -4.  -2.   0.   2.   4.   8.  70.],"[0.0, 0.067, 0.059, 0.636, 0.167, 0.583, 0.667, 0.75, 0.995]","[-0.02, -0.02, -0.02, -0.02, -0.02, -0.02, -0.02, -0.02, -0.02, -0.02, -0.02, -0.02, -0.02, -0.02, -0.02, -0.02, -0.02, -0.02, -0.02, -0.02, -0.02, -0.02, -0.02, -0.02, -0.02, -0.02, -0.019, -0.019, -0.019, -0.019, -0.018, -0.018, -0.017, -0.016, -0.014, -0.012, -0.009, -0.005, 0.001, 0.008, 0.018, 0.031, 0.049, 0.071, 0.101, 0.138, 0.184, 0.239, 0.303, 0.374, 0.45, 0.528, 0.603, 0.673, 0.735, 0.788, 0.832, 0.867, 0.894, 0.916, 0.932, 0.945, 0.954, 0.961, 0.966, 0.97, 0.972, 0.974, 0.976, 0.977, 0.978, 0.978, 0.979, 0.979, 0.979, 0.98, 0.98, 0.98, 0.98, 0.98, 0.98, 0.98, 0.98, 0.98, 0.98, 0.98, 0.98, 0.98, 0.98, 0.98, 0.98, 0.98, 0.98, 0.98, 0.98, 0.98, 0.98, 0.98, 0.98, 0.98]","[0.0, 0.067, 0.059, 0.152, 0.167, 0.149, 0.142, 0.131, 0.005]","[0.32, -3.1, 0.05, -0.03]",0.32,-3.1,0.05,-0.03,
2022-02-16,2,333,['Bpod5'],592,279,313,306,283,538,267,271,271,263,51,12,39,0.9087837837837838,0.956989247311828,0.865814696485623,589,279,310,317,169,148,0.5522875816993464,0.5229681978798587,268,135,133,0.4411764705882353,0.469964664310954,0.9134125636672326,0.956989247311828,0.8741935483870967,0.9612903225806452,-0.0827956989247312,0.8548895899053628,0.9813432835820896,-0.1264536936767267,0.5376278897896025,0.4555705674495947,3,0,3,0.0050675675675675,0.0,0.0095846645367412,538,267,271,1345.0,667.5,677.5,4,0,0,0,"psych_curve(xdata=array([-70.,  -8.,  -4.,  -2.,   0.,   2.,   4.,   8.,  70.]), ydata=[0.009, 0.125, 0.2, 0.118, 0.35, 0.533, 0.556, 0.913, 0.934], fit=[0.06, 0.06, 0.06, 0.06, 0.06, 0.06, 0.06, 0.06, 0.06, 0.06, 0.06, 0.06, 0.06, 0.06, 0.06, 0.06, 0.06, 0.06, 0.06, 0.06, 0.06, 0.06, 0.06, 0.06, 0.06, 0.06, 0.06, 0.06, 0.06, 0.06, 0.06, 0.06, 0.06, 0.06, 0.06, 0.06, 0.06, 0.061, 0.061, 0.062, 0.063, 0.065, 0.068, 0.074, 0.082, 0.097, 0.12, 0.155, 0.208, 0.282, 0.377, 0.487, 0.601, 0.703, 0.786, 0.847, 0.888, 0.915, 0.933, 0.943, 0.95, 0.954, 0.956, 0.958, 0.959, 0.959, 0.96, 0.96, 0.96, 0.96, 0.96, 0.96, 0.96, 0.96, 0.96, 0.96, 0.96, 0.96, 0.96, 0.96, 0.96, 0.96, 0.96, 0.96, 0.96, 0.96, 0.96, 0.96, 0.96, 0.96, 0.96, 0.96, 0.96, 0.96, 0.96, 0.96, 0.96, 0.96, 0.96, 0.96], params=[0.36, 2.4, 0.06, 0.04], fit_error=[0.006, 0.085, 0.107, 0.081, 0.109, 0.133, 0.121, 0.06, 0.016])",[-70.  -8.  -4.  -2.   0.   2.   4.   8.  70.],"[0.009, 0.125, 0.2, 0.118, 0.35, 0.533, 0.556, 0.913, 0.934]","[0.06, 0.06, 0.06, 0.06, 0.06, 0.06, 0.06, 0.06, 0.06, 0.06, 0.06, 0.06, 0.06, 0.06, 0.06, 0.06, 0.06, 0.06, 0.06, 0.06, 0.06, 0.06, 0.06, 0.06, 0.06, 0.06, 0.06, 0.06, 0.06, 0.06, 0.06, 0.06, 0.06, 0.06, 0.06, 0.06, 0.06, 0.061, 0.061, 0.062, 0.063, 0.065, 0.068, 0.074, 0.082, 0.097, 0.12, 0.155, 0.208, 0.282, 0.377, 0.487, 0.601, 0.703, 0.786, 0.847, 0.888, 0.915, 0.933, 0.943, 0.95, 0.954, 0.956, 0.958, 0.959, 0.959, 0.96, 0.96, 0.96, 0.96, 0.96, 0.96, 0.96, 0.96, 0.96, 0.96, 0.96, 0.96, 0.96, 0.96, 0.96, 0.96, 0.96, 0.96, 0.96, 0.96, 0.96, 0.96, 0.96, 0.96, 0.96, 0.96, 0.96, 0.96, 0.96, 0.96, 0.96, 0.96, 0.96, 0.96]","[0.006, 0.085, 0.107, 0.081, 0.109, 0.133, 0.121, 0.06, 0.016]","[0.36, 2.4, 0.06, 0.04]",0.36,2.4,0.06,0.04,"psych_curve(xdata=array([-70.,  -8.,  -4.,  -2.,   0.,   2.,   4.,   8.,  70.]), ydata=[0.07, 0.19, 0.625, 0.389, 0.8, 0.857, 0.941, 1.0, 0.995], fit=[nan, nan, nan, nan, nan, nan, nan, nan, nan, nan, nan, nan, nan, nan, nan, nan, nan, nan, nan, nan, nan, nan, nan, nan, nan, nan, nan, nan, nan, nan, nan, nan, nan, nan, nan, nan, nan, nan, nan, nan, nan, nan, nan, nan, nan, nan, nan, nan, nan, nan, nan, nan, nan, nan, nan, nan, nan, nan, nan, nan, nan, nan, nan, nan, nan, nan, nan, nan, nan, nan, nan, nan, nan, nan, nan, nan, nan, nan, nan, nan, nan, nan, nan, nan, nan, nan, nan, nan, nan, nan, nan, nan, nan, nan, nan, nan, nan, nan, nan, nan], params=[0.31, -2.79, 0.07, -0.02], fit_error=[0.016, 0.088, 0.125, 0.118, 0.092, 0.097, 0.059, 0.0, 0.005])",[-70.  -8.  -4.  -2.   0.   2.   4.   8.  70.],"[0.009, 0.125, 0.2, 0.118, 0.35, 0.533, 0.556, 0.913, 0.934]","[0.06, 0.06, 0.06, 0.06, 0.06, 0.06, 0.06, 0.06, 0.06, 0.06, 0.06, 0.06, 0.06, 0.06, 0.06, 0.06, 0.06, 0.06, 0.06, 0.06, 0.06, 0.06, 0.06, 0.06, 0.06, 0.06, 0.06, 0.06, 0.06, 0.06, 0.06, 0.06, 0.06, 0.06, 0.06, 0.06, 0.06, 0.061, 0.061, 0.062, 0.063, 0.065, 0.068, 0.074, 0.082, 0.097, 0.12, 0.155, 0.208, 0.282, 0.377, 0.487, 0.601, 0.703, 0.786, 0.847, 0.888, 0.915, 0.933, 0.943, 0.95, 0.954, 0.956, 0.958, 0.959, 0.959, 0.96, 0.96, 0.96, 0.96, 0.96, 0.96, 0.96, 0.96, 0.96, 0.96, 0.96, 0.96, 0.96, 0.96, 0.96, 0.96, 0.96, 0.96, 0.96, 0.96, 0.96, 0.96, 0.96, 0.96, 0.96, 0.96, 0.96, 0.96, 0.96, 0.96, 0.96, 0.96, 0.96, 0.96]","[0.006, 0.085, 0.107, 0.081, 0.109, 0.133, 0.121, 0.06, 0.016]","[0.31, -2.79, 0.07, -0.02]",0.31,-2.79,0.07,-0.02,
2022-02-21,0,333,['Bpod5'],465,241,224,273,191,430,240,190,229,200,34,1,33,0.9247311827956988,0.995850622406639,0.8482142857142857,464,241,223,256,168,88,0.6153846153846154,0.4607329842931937,206,103,103,0.3772893772893773,0.5392670157068062,0.9267241379310344,0.995850622406639,0.852017937219731,0.968503937007874,-0.143832685186908,0.89453125,0.970873786407767,-0.076342536407767,0.5380587998389046,0.4582781964980917,1,0,1,0.0021505376344086,0.0,0.0044642857142857,430,240,190,1075.0,600.0,475.0,4,0,0,0,"psych_curve(xdata=array([-70.,  -8.,  -4.,  -2.,   0.,   2.,   4.,   8.,  70.]), ydata=[0.0, 0.0, 0.0, 0.091, 0.0, 0.538, 0.438, 0.625, 0.934], fit=[-0.04, -0.04, -0.04, -0.04, -0.04, -0.04, -0.04, -0.04, -0.04, -0.04, -0.04, -0.04, -0.04, -0.04, -0.04, -0.04, -0.04, -0.04, -0.04, -0.04, -0.04, -0.04, -0.04, -0.04, -0.04, -0.04, -0.04, -0.04, -0.04, -0.04, -0.04, -0.04, -0.04, -0.04, -0.04, -0.039, -0.039, -0.039, -0.038, -0.037, -0.035, -0.033, -0.029, -0.023, -0.014, -0.0, 0.02, 0.05, 0.092, 0.151, 0.226, 0.317, 0.417, 0.519, 0.613, 0.692, 0.755, 0.801, 0.834, 0.856, 0.871, 0.881, 0.888, 0.892, 0.895, 0.897, 0.898, 0.899, 0.899, 0.899, 0.9, 0.9, 0.9, 0.9, 0.9, 0.9, 0.9, 0.9, 0.9, 0.9, 0.9, 0.9, 0.9, 0.9, 0.9, 0.9, 0.9, 0.9, 0.9, 0.9, 0.9, 0.9, 0.9, 0.9, 0.9, 0.9, 0.9, 0.9, 0.9, 0.9], params=[0.31, 3.71, -0.04, 0.1], fit_error=[0.0, 0.0, 0.0, 0.091, 0.0, 0.144, 0.128, 0.183, 0.018])",[-70.  -8.  -4.  -2.   0.   2.   4.   8.  70.],"[0.0, 0.0, 0.0, 0.091, 0.0, 0.538, 0.438, 0.625, 0.934]","[-0.04, -0.04, -0.04, -0.04, -0.04, -0.04, -0.04, -0.04, -0.04, -0.04, -0.04, -0.04, -0.04, -0.04, -0.04, -0.04, -0.04, -0.04, -0.04, -0.04, -0.04, -0.04, -0.04, -0.04, -0.04, -0.04, -0.04, -0.04, -0.04, -0.04, -0.04, -0.04, -0.04, -0.04, -0.04, -0.039, -0.039, -0.039, -0.038, -0.037, -0.035, -0.033, -0.029, -0.023, -0.014, -0.0, 0.02, 0.05, 0.092, 0.151, 0.226, 0.317, 0.417, 0.519, 0.613, 0.692, 0.755, 0.801, 0.834, 0.856, 0.871, 0.881, 0.888, 0.892, 0.895, 0.897, 0.898, 0.899, 0.899, 0.899, 0.9, 0.9, 0.9, 0.9, 0.9, 0.9, 0.9, 0.9, 0.9, 0.9, 0.9, 0.9, 0.9, 0.9, 0.9, 0.9, 0.9, 0.9, 0.9, 0.9, 0.9, 0.9, 0.9, 0.9, 0.9, 0.9, 0.9, 0.9, 0.9, 0.9]","[0.0, 0.0, 0.0, 0.091, 0.0, 0.144, 0.128, 0.183, 0.018]","[0.31, 3.71, -0.04, 0.1]",0.31,3.71,-0.04,0.1,"psych_curve(xdata=array([-70.,  -8.,  -4.,  -2.,   0.,   2.,   4.,   8.,  70.]), ydata=[0.054, 0.25, 0.438, 0.364, 0.875, 0.833, 0.857, 1.0, 0.99], fit=[nan, nan, nan, nan, nan, nan, nan, nan, nan, nan, nan, nan, nan, nan, nan, nan, nan, nan, nan, nan, nan, nan, nan, nan, nan, nan, nan, nan, nan, nan, nan, nan, nan, nan, nan, nan, nan, nan, nan, nan, nan, nan, nan, nan, nan, nan, nan, nan, nan, nan, nan, nan, nan, nan, nan, nan, nan, nan, nan, nan, nan, nan, nan, nan, nan, nan, nan, nan, nan, nan, nan, nan, nan, nan, nan, nan, nan, nan, nan, nan, nan, nan, nan, nan, nan, nan, nan, nan, nan, nan, nan, nan, nan, nan, nan, nan, nan, nan, nan, nan], params=[0.35, -2.1, 0.09, -0.0], fit_error=[0.017, 0.131, 0.128, 0.152, 0.125, 0.112, 0.097, 0.0, 0.007])",[-70.  -8.  -4.  -2.   0.   2.   4.   8.  70.],"[0.0, 0.0, 0.0, 0.091, 0.0, 0.538, 0.438, 0.625, 0.934]","[-0.04, -0.04, -0.04, -0.04, -0.04, -0.04, -0.04, -0.04, -0.04, -0.04, -0.04, -0.04, -0.04, -0.04, -0.04, -0.04, -0.04, -0.04, -0.04, -0.04, -0.04, -0.04, -0.04, -0.04, -0.04, -0.04, -0.04, -0.04, -0.04, -0.04, -0.04, -0.04, -0.04, -0.04, -0.04, -0.039, -0.039, -0.039, -0.038, -0.037, -0.035, -0.033, -0.029, -0.023, -0.014, -0.0, 0.02, 0.05, 0.092, 0.151, 0.226, 0.317, 0.417, 0.519, 0.613, 0.692, 0.755, 0.801, 0.834, 0.856, 0.871, 0.881, 0.888, 0.892, 0.895, 0.897, 0.898, 0.899, 0.899, 0.899, 0.9, 0.9, 0.9, 0.9, 0.9, 0.9, 0.9, 0.9, 0.9, 0.9, 0.9, 0.9, 0.9, 0.9, 0.9, 0.9, 0.9, 0.9, 0.9, 0.9, 0.9, 0.9, 0.9, 0.9, 0.9, 0.9, 0.9, 0.9, 0.9, 0.9]","[0.0, 0.0, 0.0, 0.091, 0.0, 0.144, 0.128, 0.183, 0.018]","[0.35, -2.1, 0.09, -0.0]",0.35,-2.1,0.09,-0.0,
2022-02-22,1,333,['Bpod5'],516,256,260,281,235,479,250,229,264,214,37,6,31,0.9282945736434108,0.9765625,0.8807692307692307,516,256,260,294,170,124,0.604982206405694,0.5276595744680851,221,111,110,0.395017793594306,0.4680851063829787,0.9282945736434108,0.9765625,0.8807692307692307,0.9775,-0.0957932692307692,0.8979591836734694,0.9683257918552036,-0.0703666081817342,0.5663208904368895,0.4315514499886423,0,0,0,0.0,0.0,0.0,479,250,229,1197.5,625.0,572.5,4,0,0,0,"psych_curve(xdata=array([-70.,  -8.,  -4.,  -2.,   0.,   2.,   4.,   8.,  70.]), ydata=[0.015, 0.0, 0.067, 0.111, 0.091, 0.55, 0.8, 0.812, 0.97], fit=[0.04, 0.04, 0.04, 0.04, 0.04, 0.04, 0.04, 0.04, 0.04, 0.04, 0.04, 0.04, 0.04, 0.04, 0.04, 0.04, 0.04, 0.04, 0.04, 0.04, 0.04, 0.04, 0.04, 0.04, 0.04, 0.04, 0.04, 0.04, 0.04, 0.04, 0.04, 0.04, 0.04, 0.04, 0.04, 0.04, 0.04, 0.04, 0.04, 0.04, 0.04, 0.04, 0.04, 0.04, 0.04, 0.04, 0.04, 0.041, 0.046, 0.076, 0.22, 0.566, 0.805, 0.867, 0.878, 0.88, 0.88, 0.88, 0.88, 0.88, 0.88, 0.88, 0.88, 0.88, 0.88, 0.88, 0.88, 0.88, 0.88, 0.88, 0.88, 0.88, 0.88, 0.88, 0.88, 0.88, 0.88, 0.88, 0.88, 0.88, 0.88, 0.88, 0.88, 0.88, 0.88, 0.88, 0.88, 0.88, 0.88, 0.88, 0.88, 0.88, 0.88, 0.88, 0.88, 0.88, 0.88, 0.88, 0.88, 0.88], params=[1.28, 1.72, 0.04, 0.12], fit_error=[0.009, 0.0, 0.067, 0.076, 0.063, 0.114, 0.133, 0.101, 0.012])",[-70.  -8.  -4.  -2.   0.   2.   4.   8.  70.],"[0.015, 0.0, 0.067, 0.111, 0.091, 0.55, 0.8, 0.812, 0.97]","[0.04, 0.04, 0.04, 0.04, 0.04, 0.04, 0.04, 0.04, 0.04, 0.04, 0.04, 0.04, 0.04, 0.04, 0.04, 0.04, 0.04, 0.04, 0.04, 0.04, 0.04, 0.04, 0.04, 0.04, 0.04, 0.04, 0.04, 0.04, 0.04, 0.04, 0.04, 0.04, 0.04, 0.04, 0.04, 0.04, 0.04, 0.04, 0.04, 0.04, 0.04, 0.04, 0.04, 0.04, 0.04, 0.04, 0.04, 0.041, 0.046, 0.076, 0.22, 0.566, 0.805, 0.867, 0.878, 0.88, 0.88, 0.88, 0.88, 0.88, 0.88, 0.88, 0.88, 0.88, 0.88, 0.88, 0.88, 0.88, 0.88, 0.88, 0.88, 0.88, 0.88, 0.88, 0.88, 0.88, 0.88, 0.88, 0.88, 0.88, 0.88, 0.88, 0.88, 0.88, 0.88, 0.88, 0.88, 0.88, 0.88, 0.88, 0.88, 0.88, 0.88, 0.88, 0.88, 0.88, 0.88, 0.88, 0.88, 0.88]","[0.009, 0.0, 0.067, 0.076, 0.063, 0.114, 0.133, 0.101, 0.012]","[1.28, 1.72, 0.04, 0.12]",1.28,1.72,0.04,0.12,"psych_curve(xdata=array([-70.,  -8.,  -4.,  -2.,   0.,   2.,   4.,   8.,  70.]), ydata=[0.042, 0.143, 0.182, 0.562, 0.727, 0.909, 0.929, 0.941, 0.995], fit=[nan, nan, nan, nan, nan, nan, nan, nan, nan, nan, nan, nan, nan, nan, nan, nan, nan, nan, nan, nan, nan, nan, nan, nan, nan, nan, nan, nan, nan, nan, nan, nan, nan, nan, nan, nan, nan, nan, nan, nan, nan, nan, nan, nan, nan, nan, nan, nan, nan, nan, nan, nan, nan, nan, nan, nan, nan, nan, nan, nan, nan, nan, nan, nan, nan, nan, nan, nan, nan, nan, nan, nan, nan, nan, nan, nan, nan, nan, nan, nan, nan, nan, nan, nan, nan, nan, nan, nan, nan, nan, nan, nan, nan, nan, nan, nan, nan, nan, nan, nan], params=[0.68, -1.9, 0.07, 0.04], fit_error=[0.015, 0.097, 0.122, 0.128, 0.097, 0.063, 0.071, 0.059, 0.005])",[-70.  -8.  -4.  -2.   0.   2.   4.   8.  70.],"[0.015, 0.0, 0.067, 0.111, 0.091, 0.55, 0.8, 0.812, 0.97]","[0.04, 0.04, 0.04, 0.04, 0.04, 0.04, 0.04, 0.04, 0.04, 0.04, 0.04, 0.04, 0.04, 0.04, 0.04, 0.04, 0.04, 0.04, 0.04, 0.04, 0.04, 0.04, 0.04, 0.04, 0.04, 0.04, 0.04, 0.04, 0.04, 0.04, 0.04, 0.04, 0.04, 0.04, 0.04, 0.04, 0.04, 0.04, 0.04, 0.04, 0.04, 0.04, 0.04, 0.04, 0.04, 0.04, 0.04, 0.041, 0.046, 0.076, 0.22, 0.566, 0.805, 0.867, 0.878, 0.88, 0.88, 0.88, 0.88, 0.88, 0.88, 0.88, 0.88, 0.88, 0.88, 0.88, 0.88, 0.88, 0.88, 0.88, 0.88, 0.88, 0.88, 0.88, 0.88, 0.88, 0.88, 0.88, 0.88, 0.88, 0.88, 0.88, 0.88, 0.88, 0.88, 0.88, 0.88, 0.88, 0.88, 0.88, 0.88, 0.88, 0.88, 0.88, 0.88, 0.88, 0.88, 0.88, 0.88, 0.88]","[0.009, 0.0, 0.067, 0.076, 0.063, 0.114, 0.133, 0.101, 0.012]","[0.68, -1.9, 0.07, 0.04]",0.68,-1.9,0.07,0.04,
2022-02-23,2,333,['Bpod5'],719,355,364,360,359,672,334,338,355,316,47,21,26,0.9346314325452016,0.9408450704225352,0.9285714285714286,719,355,364,392,197,195,0.5472222222222223,0.5431754874651811,326,163,163,0.4527777777777778,0.4540389972144846,0.9346314325452016,0.9408450704225352,0.9285714285714286,0.9796264855687606,-0.0122736418511065,0.9056122448979592,0.9693251533742332,-0.0637129084762738,0.5451988548437017,0.4534083874961312,0,0,0,0.0,0.0,0.0,672,334,338,1680.0,835.0,845.0,4,0,0,0,"psych_curve(xdata=array([-70.,  -8.,  -4.,  -2.,   0.,   2.,   4.,   8.,  70.]), ydata=[0.014, 0.125, 0.238, 0.286, 0.375, 0.684, 0.625, 0.923, 0.974], fit=[0.04, 0.04, 0.04, 0.04, 0.04, 0.04, 0.04, 0.04, 0.04, 0.04, 0.04, 0.04, 0.04, 0.04, 0.04, 0.04, 0.04, 0.04, 0.04, 0.04, 0.04, 0.04, 0.04, 0.04, 0.04, 0.04, 0.04, 0.04, 0.04, 0.04, 0.04, 0.04, 0.04, 0.041, 0.041, 0.041, 0.042, 0.043, 0.045, 0.048, 0.052, 0.058, 0.067, 0.081, 0.102, 0.131, 0.173, 0.229, 0.301, 0.389, 0.486, 0.587, 0.681, 0.762, 0.827, 0.877, 0.913, 0.938, 0.955, 0.967, 0.975, 0.98, 0.983, 0.986, 0.987, 0.988, 0.989, 0.989, 0.989, 0.99, 0.99, 0.99, 0.99, 0.99, 0.99, 0.99, 0.99, 0.99, 0.99, 0.99, 0.99, 0.99, 0.99, 0.99, 0.99, 0.99, 0.99, 0.99, 0.99, 0.99, 0.99, 0.99, 0.99, 0.99, 0.99, 0.99, 0.99, 0.99, 0.99, 0.99], params=[0.3, 1.11, 0.04, 0.01], fit_error=[0.007, 0.085, 0.095, 0.101, 0.101, 0.11, 0.125, 0.077, 0.009])",[-70.  -8.  -4.  -2.   0.   2.   4.   8.  70.],"[0.014, 0.125, 0.238, 0.286, 0.375, 0.684, 0.625, 0.923, 0.974]","[0.04, 0.04, 0.04, 0.04, 0.04, 0.04, 0.04, 0.04, 0.04, 0.04, 0.04, 0.04, 0.04, 0.04, 0.04, 0.04, 0.04, 0.04, 0.04, 0.04, 0.04, 0.04, 0.04, 0.04, 0.04, 0.04, 0.04, 0.04, 0.04, 0.04, 0.04, 0.04, 0.04, 0.041, 0.041, 0.041, 0.042, 0.043, 0.045, 0.048, 0.052, 0.058, 0.067, 0.081, 0.102, 0.131, 0.173, 0.229, 0.301, 0.389, 0.486, 0.587, 0.681, 0.762, 0.827, 0.877, 0.913, 0.938, 0.955, 0.967, 0.975, 0.98, 0.983, 0.986, 0.987, 0.988, 0.989, 0.989, 0.989, 0.99, 0.99, 0.99, 0.99, 0.99, 0.99, 0.99, 0.99, 0.99, 0.99, 0.99, 0.99, 0.99, 0.99, 0.99, 0.99, 0.99, 0.99, 0.99, 0.99, 0.99, 0.99, 0.99, 0.99, 0.99, 0.99, 0.99, 0.99, 0.99, 0.99, 0.99]","[0.007, 0.085, 0.095, 0.101, 0.101, 0.11, 0.125, 0.077, 0.009]","[0.3, 1.11, 0.04, 0.01]",0.3,1.11,0.04,0.01,"psych_curve(xdata=array([-70.,  -8.,  -4.,  -2.,   0.,   2.,   4.,   8.,  70.]), ydata=[0.036, 0.176, 0.364, 0.318, 0.75, 0.722, 0.8, 1.0, 0.994], fit=[nan, nan, nan, nan, nan, nan, nan, nan, nan, nan, nan, nan, nan, nan, nan, nan, nan, nan, nan, nan, nan, nan, nan, nan, nan, nan, nan, nan, nan, nan, nan, nan, nan, nan, nan, nan, nan, nan, nan, nan, nan, nan, nan, nan, nan, nan, nan, nan, nan, nan, nan, nan, nan, nan, nan, nan, nan, nan, nan, nan, nan, nan, nan, nan, nan, nan, nan, nan, nan, nan, nan, nan, nan, nan, nan, nan, nan, nan, nan, nan, nan, nan, nan, nan, nan, nan, nan, nan, nan, nan, nan, nan, nan, nan, nan, nan, nan, nan, nan, nan], params=[0.31, -1.06, 0.05, -0.01], fit_error=[0.011, 0.095, 0.105, 0.102, 0.09, 0.109, 0.107, 0.0, 0.005])",[-70.  -8.  -4.  -2.   0.   2.   4.   8.  70.],"[0.014, 0.125, 0.238, 0.286, 0.375, 0.684, 0.625, 0.923, 0.974]","[0.04, 0.04, 0.04, 0.04, 0.04, 0.04, 0.04, 0.04, 0.04, 0.04, 0.04, 0.04, 0.04, 0.04, 0.04, 0.04, 0.04, 0.04, 0.04, 0.04, 0.04, 0.04, 0.04, 0.04, 0.04, 0.04, 0.04, 0.04, 0.04, 0.04, 0.04, 0.04, 0.04, 0.041, 0.041, 0.041, 0.042, 0.043, 0.045, 0.048, 0.052, 0.058, 0.067, 0.081, 0.102, 0.131, 0.173, 0.229, 0.301, 0.389, 0.486, 0.587, 0.681, 0.762, 0.827, 0.877, 0.913, 0.938, 0.955, 0.967, 0.975, 0.98, 0.983, 0.986, 0.987, 0.988, 0.989, 0.989, 0.989, 0.99, 0.99, 0.99, 0.99, 0.99, 0.99, 0.99, 0.99, 0.99, 0.99, 0.99, 0.99, 0.99, 0.99, 0.99, 0.99, 0.99, 0.99, 0.99, 0.99, 0.99, 0.99, 0.99, 0.99, 0.99, 0.99, 0.99, 0.99, 0.99, 0.99, 0.99]","[0.007, 0.085, 0.095, 0.101, 0.101, 0.11, 0.125, 0.077, 0.009]","[0.31, -1.06, 0.05, -0.01]",0.31,-1.06,0.05,-0.01,
2022-02-24,3,333,['Bpod5'],554,253,301,272,273,504,239,265,263,239,41,8,33,0.9097472924187726,0.9446640316205532,0.8803986710963455,545,247,298,292,146,146,0.5367647058823529,0.5347985347985348,251,125,126,0.4595588235294117,0.4615384615384615,0.9247706422018348,0.9676113360323888,0.889261744966443,0.983644859813084,-0.0783495910659457,0.9006849315068494,0.952191235059761,-0.0515063035529116,0.5357816203404439,0.4605486425339367,9,6,3,0.0162454873646209,0.0237154150197628,0.0099667774086378,504,239,265,1260.0,597.5,662.5,4,0,0,0,"psych_curve(xdata=array([-70.,  -8.,  -4.,  -2.,   0.,   2.,   4.,   8.,  70.]), ydata=[0.005, 0.045, 0.105, 0.071, 0.429, 0.533, 0.529, 0.688, 0.975], fit=[-0.03, -0.03, -0.03, -0.03, -0.03, -0.03, -0.03, -0.03, -0.03, -0.03, -0.03, -0.03, -0.03, -0.03, -0.03, -0.03, -0.03, -0.03, -0.03, -0.03, -0.03, -0.03, -0.03, -0.03, -0.03, -0.03, -0.03, -0.03, -0.03, -0.03, -0.029, -0.029, -0.029, -0.028, -0.028, -0.027, -0.025, -0.024, -0.021, -0.017, -0.012, -0.004, 0.007, 0.021, 0.042, 0.069, 0.105, 0.152, 0.209, 0.279, 0.357, 0.442, 0.527, 0.608, 0.68, 0.742, 0.792, 0.831, 0.861, 0.883, 0.899, 0.911, 0.919, 0.925, 0.93, 0.933, 0.935, 0.936, 0.937, 0.938, 0.939, 0.939, 0.939, 0.94, 0.94, 0.94, 0.94, 0.94, 0.94, 0.94, 0.94, 0.94, 0.94, 0.94, 0.94, 0.94, 0.94, 0.94, 0.94, 0.94, 0.94, 0.94, 0.94, 0.94, 0.94, 0.94, 0.94, 0.94, 0.94, 0.94], params=[0.25, 2.34, -0.03, 0.06], fit_error=[0.005, 0.045, 0.072, 0.071, 0.137, 0.133, 0.125, 0.12, 0.01])",[-70.  -8.  -4.  -2.   0.   2.   4.   8.  70.],"[0.005, 0.045, 0.105, 0.071, 0.429, 0.533, 0.529, 0.688, 0.975]","[-0.03, -0.03, -0.03, -0.03, -0.03, -0.03, -0.03, -0.03, -0.03, -0.03, -0.03, -0.03, -0.03, -0.03, -0.03, -0.03, -0.03, -0.03, -0.03, -0.03, -0.03, -0.03, -0.03, -0.03, -0.03, -0.03, -0.03, -0.03, -0.03, -0.03, -0.029, -0.029, -0.029, -0.028, -0.028, -0.027, -0.025, -0.024, -0.021, -0.017, -0.012, -0.004, 0.007, 0.021, 0.042, 0.069, 0.105, 0.152, 0.209, 0.279, 0.357, 0.442, 0.527, 0.608, 0.68, 0.742, 0.792, 0.831, 0.861, 0.883, 0.899, 0.911, 0.919, 0.925, 0.93, 0.933, 0.935, 0.936, 0.937, 0.938, 0.939, 0.939, 0.939, 0.94, 0.94, 0.94, 0.94, 0.94, 0.94, 0.94, 0.94, 0.94, 0.94, 0.94, 0.94, 0.94, 0.94, 0.94, 0.94, 0.94, 0.94, 0.94, 0.94, 0.94, 0.94, 0.94, 0.94, 0.94, 0.94, 0.94]","[0.005, 0.045, 0.072, 0.071, 0.137, 0.133, 0.125, 0.12, 0.01]","[0.25, 2.34, -0.03, 0.06]",0.25,2.34,-0.03,0.06,"psych_curve(xdata=array([-70.,  -8.,  -4.,  -2.,  -0.,   2.,   4.,   8.,  70.]), ydata=[0.028, 0.158, 0.412, 0.5, 0.786, 0.842, 0.842, 0.842, 0.995], fit=[nan, nan, nan, nan, nan, nan, nan, nan, nan, nan, nan, nan, nan, nan, nan, nan, nan, nan, nan, nan, nan, nan, nan, nan, nan, nan, nan, nan, nan, nan, nan, nan, nan, nan, nan, nan, nan, nan, nan, nan, nan, nan, nan, nan, nan, nan, nan, nan, nan, nan, nan, nan, nan, nan, nan, nan, nan, nan, nan, nan, nan, nan, nan, nan, nan, nan, nan, nan, nan, nan, nan, nan, nan, nan, nan, nan, nan, nan, nan, nan, nan, nan, nan, nan, nan, nan, nan, nan, nan, nan, nan, nan, nan, nan, nan, nan, nan, nan, nan, nan], params=[0.39, -3.02, 0.03, 0.07], fit_error=[0.011, 0.086, 0.123, 0.167, 0.114, 0.086, 0.086, 0.086, 0.005])",[-70.  -8.  -4.  -2.   0.   2.   4.   8.  70.],"[0.005, 0.045, 0.105, 0.071, 0.429, 0.533, 0.529, 0.688, 0.975]","[-0.03, -0.03, -0.03, -0.03, -0.03, -0.03, -0.03, -0.03, -0.03, -0.03, -0.03, -0.03, -0.03, -0.03, -0.03, -0.03, -0.03, -0.03, -0.03, -0.03, -0.03, -0.03, -0.03, -0.03, -0.03, -0.03, -0.03, -0.03, -0.03, -0.03, -0.029, -0.029, -0.029, -0.028, -0.028, -0.027, -0.025, -0.024, -0.021, -0.017, -0.012, -0.004, 0.007, 0.021, 0.042, 0.069, 0.105, 0.152, 0.209, 0.279, 0.357, 0.442, 0.527, 0.608, 0.68, 0.742, 0.792, 0.831, 0.861, 0.883, 0.899, 0.911, 0.919, 0.925, 0.93, 0.933, 0.935, 0.936, 0.937, 0.938, 0.939, 0.939, 0.939, 0.94, 0.94, 0.94, 0.94, 0.94, 0.94, 0.94, 0.94, 0.94, 0.94, 0.94, 0.94, 0.94, 0.94, 0.94, 0.94, 0.94, 0.94, 0.94, 0.94, 0.94, 0.94, 0.94, 0.94, 0.94, 0.94, 0.94]","[0.005, 0.045, 0.072, 0.071, 0.137, 0.133, 0.125, 0.12, 0.01]","[0.39, -3.02, 0.03, 0.07]",0.39,-3.02,0.03,0.07,
2022-02-25,4,333,['Bpod5'],351,184,167,196,155,329,179,150,177,151,22,5,17,0.9373219373219374,0.9728260869565216,0.8982035928143712,351,184,167,194,117,77,0.5969387755102041,0.4967741935483871,156,78,78,0.3979591836734694,0.5032258064516129,0.9373219373219374,0.9728260869565216,0.8982035928143712,0.992156862745098,-0.0746224941421505,0.9123711340206184,0.967948717948718,-0.0555775839280994,0.5468564845292956,0.4505924950625411,0,0,0,0.0,0.0,0.0,329,179,150,822.5,447.5,375.0,4,0,0,0,"psych_curve(xdata=array([-70.,  -8.,  -4.,  -2.,   0.,   2.,   4.,   8.,  70.]), ydata=[0.008, 0.0, 0.071, 0.077, 0.2, 0.583, 0.8, 0.923, 0.992], fit=[0.02, 0.02, 0.02, 0.02, 0.02, 0.02, 0.02, 0.02, 0.02, 0.02, 0.02, 0.02, 0.02, 0.02, 0.02, 0.02, 0.02, 0.02, 0.02, 0.02, 0.02, 0.02, 0.02, 0.02, 0.02, 0.02, 0.02, 0.02, 0.02, 0.02, 0.02, 0.02, 0.02, 0.02, 0.02, 0.02, 0.02, 0.02, 0.02, 0.02, 0.02, 0.02, 0.02, 0.02, 0.021, 0.022, 0.027, 0.039, 0.073, 0.159, 0.334, 0.576, 0.778, 0.888, 0.934, 0.951, 0.957, 0.959, 0.96, 0.96, 0.96, 0.96, 0.96, 0.96, 0.96, 0.96, 0.96, 0.96, 0.96, 0.96, 0.96, 0.96, 0.96, 0.96, 0.96, 0.96, 0.96, 0.96, 0.96, 0.96, 0.96, 0.96, 0.96, 0.96, 0.96, 0.96, 0.96, 0.96, 0.96, 0.96, 0.96, 0.96, 0.96, 0.96, 0.96, 0.96, 0.96, 0.96, 0.96, 0.96], params=[0.75, 1.63, 0.02, 0.04], fit_error=[0.008, 0.0, 0.071, 0.077, 0.107, 0.149, 0.133, 0.077, 0.008])",[-70.  -8.  -4.  -2.   0.   2.   4.   8.  70.],"[0.008, 0.0, 0.071, 0.077, 0.2, 0.583, 0.8, 0.923, 0.992]","[0.02, 0.02, 0.02, 0.02, 0.02, 0.02, 0.02, 0.02, 0.02, 0.02, 0.02, 0.02, 0.02, 0.02, 0.02, 0.02, 0.02, 0.02, 0.02, 0.02, 0.02, 0.02, 0.02, 0.02, 0.02, 0.02, 0.02, 0.02, 0.02, 0.02, 0.02, 0.02, 0.02, 0.02, 0.02, 0.02, 0.02, 0.02, 0.02, 0.02, 0.02, 0.02, 0.02, 0.02, 0.021, 0.022, 0.027, 0.039, 0.073, 0.159, 0.334, 0.576, 0.778, 0.888, 0.934, 0.951, 0.957, 0.959, 0.96, 0.96, 0.96, 0.96, 0.96, 0.96, 0.96, 0.96, 0.96, 0.96, 0.96, 0.96, 0.96, 0.96, 0.96, 0.96, 0.96, 0.96, 0.96, 0.96, 0.96, 0.96, 0.96, 0.96, 0.96, 0.96, 0.96, 0.96, 0.96, 0.96, 0.96, 0.96, 0.96, 0.96, 0.96, 0.96, 0.96, 0.96, 0.96, 0.96, 0.96, 0.96]","[0.008, 0.0, 0.071, 0.077, 0.107, 0.149, 0.133, 0.077, 0.008]","[0.75, 1.63, 0.02, 0.04]",0.75,1.63,0.02,0.04,"psych_curve(xdata=array([-70.,  -8.,  -4.,  -2.,   0.,   2.,   4.,   8.,  70.]), ydata=[0.016, 0.077, 0.273, 0.364, 0.733, 0.857, 1.0, 1.0, 1.0], fit=[nan, nan, nan, nan, nan, nan, nan, nan, nan, nan, nan, nan, nan, nan, nan, nan, nan, nan, nan, nan, nan, nan, nan, nan, nan, nan, nan, nan, nan, nan, nan, nan, nan, nan, nan, nan, nan, nan, nan, nan, nan, nan, nan, nan, nan, nan, nan, nan, nan, nan, nan, nan, nan, nan, nan, nan, nan, nan, nan, nan, nan, nan, nan, nan, nan, nan, nan, nan, nan, nan, nan, nan, nan, nan, nan, nan, nan, nan, nan, nan, nan, nan, nan, nan, nan, nan, nan, nan, nan, nan, nan, nan, nan, nan, nan, nan, nan, nan, nan, nan], params=[0.55, -1.27, 0.04, -0.02], fit_error=[0.011, 0.077, 0.141, 0.152, 0.118, 0.097, 0.0, 0.0, 0.0])",[-70.  -8.  -4.  -2.   0.   2.   4.   8.  70.],"[0.008, 0.0, 0.071, 0.077, 0.2, 0.583, 0.8, 0.923, 0.992]","[0.02, 0.02, 0.02, 0.02, 0.02, 0.02, 0.02, 0.02, 0.02, 0.02, 0.02, 0.02, 0.02, 0.02, 0.02, 0.02, 0.02, 0.02, 0.02, 0.02, 0.02, 0.02, 0.02, 0.02, 0.02, 0.02, 0.02, 0.02, 0.02, 0.02, 0.02, 0.02, 0.02, 0.02, 0.02, 0.02, 0.02, 0.02, 0.02, 0.02, 0.02, 0.02, 0.02, 0.02, 0.021, 0.022, 0.027, 0.039, 0.073, 0.159, 0.334, 0.576, 0.778, 0.888, 0.934, 0.951, 0.957, 0.959, 0.96, 0.96, 0.96, 0.96, 0.96, 0.96, 0.96, 0.96, 0.96, 0.96, 0.96, 0.96, 0.96, 0.96, 0.96, 0.96, 0.96, 0.96, 0.96, 0.96, 0.96, 0.96, 0.96, 0.96, 0.96, 0.96, 0.96, 0.96, 0.96, 0.96, 0.96, 0.96, 0.96, 0.96, 0.96, 0.96, 0.96, 0.96, 0.96, 0.96, 0.96, 0.96]","[0.008, 0.0, 0.071, 0.077, 0.107, 0.149, 0.133, 0.077, 0.008]","[0.55, -1.27, 0.04, -0.02]",0.55,-1.27,0.04,-0.02,
2022-02-28,0,333,['Bpod5'],693,362,331,397,295,634,350,284,328,304,58,11,47,0.9148629148629148,0.9668508287292816,0.8580060422960725,692,361,331,378,239,139,0.6020151133501259,0.4711864406779661,312,156,156,0.3929471032745592,0.5288135593220339,0.916184971098266,0.969529085872576,0.8580060422960725,0.9744525547445256,-0.1115230435765036,0.8677248677248677,0.9743589743589745,-0.1066341066341066,0.536600777014046,0.4608803312982965,1,1,0,0.0014430014430014,0.0027624309392265,0.0,634,350,284,1585.0,875.0,710.0,4,0,0,0,"psych_curve(xdata=array([-70.,  -8.,  -4.,  -2.,   0.,   2.,   4.,   8.,  70.]), ydata=[0.011, 0.071, 0.0, 0.2, 0.333, 0.286, 0.55, 0.625, 0.958], fit=[-0.01, -0.01, -0.01, -0.01, -0.01, -0.01, -0.01, -0.01, -0.01, -0.01, -0.01, -0.01, -0.01, -0.01, -0.01, -0.01, -0.01, -0.01, -0.01, -0.01, -0.01, -0.01, -0.01, -0.01, -0.01, -0.01, -0.01, -0.01, -0.01, -0.01, -0.009, -0.009, -0.009, -0.008, -0.008, -0.007, -0.005, -0.003, -0.001, 0.002, 0.007, 0.013, 0.022, 0.034, 0.05, 0.071, 0.098, 0.134, 0.178, 0.232, 0.296, 0.367, 0.444, 0.522, 0.597, 0.666, 0.726, 0.777, 0.819, 0.851, 0.877, 0.896, 0.91, 0.921, 0.929, 0.935, 0.939, 0.942, 0.944, 0.946, 0.947, 0.948, 0.948, 0.949, 0.949, 0.949, 0.95, 0.95, 0.95, 0.95, 0.95, 0.95, 0.95, 0.95, 0.95, 0.95, 0.95, 0.95, 0.95, 0.95, 0.95, 0.95, 0.95, 0.95, 0.95, 0.95, 0.95, 0.95, 0.95, 0.95], params=[0.23, 4.01, -0.01, 0.05], fit_error=[0.006, 0.071, 0.0, 0.074, 0.114, 0.101, 0.114, 0.125, 0.012])",[-70.  -8.  -4.  -2.   0.   2.   4.   8.  70.],"[0.011, 0.071, 0.0, 0.2, 0.333, 0.286, 0.55, 0.625, 0.958]","[-0.01, -0.01, -0.01, -0.01, -0.01, -0.01, -0.01, -0.01, -0.01, -0.01, -0.01, -0.01, -0.01, -0.01, -0.01, -0.01, -0.01, -0.01, -0.01, -0.01, -0.01, -0.01, -0.01, -0.01, -0.01, -0.01, -0.01, -0.01, -0.01, -0.01, -0.009, -0.009, -0.009, -0.008, -0.008, -0.007, -0.005, -0.003, -0.001, 0.002, 0.007, 0.013, 0.022, 0.034, 0.05, 0.071, 0.098, 0.134, 0.178, 0.232, 0.296, 0.367, 0.444, 0.522, 0.597, 0.666, 0.726, 0.777, 0.819, 0.851, 0.877, 0.896, 0.91, 0.921, 0.929, 0.935, 0.939, 0.942, 0.944, 0.946, 0.947, 0.948, 0.948, 0.949, 0.949, 0.949, 0.95, 0.95, 0.95, 0.95, 0.95, 0.95, 0.95, 0.95, 0.95, 0.95, 0.95, 0.95, 0.95, 0.95, 0.95, 0.95, 0.95, 0.95, 0.95, 0.95, 0.95, 0.95, 0.95, 0.95]","[0.006, 0.071, 0.0, 0.074, 0.114, 0.101, 0.114, 0.125, 0.012]","[0.23, 4.01, -0.01, 0.05]",0.23,4.01,-0.01,0.05,"psych_curve(xdata=array([-70.,  -8.,  -4.,  -2.,  -0.,   2.,   4.,   8.,  70.]), ydata=[0.047, 0.438, 0.296, 0.63, 0.722, 0.833, 0.944, 1.0, 0.996], fit=[nan, nan, nan, nan, nan, nan, nan, nan, nan, nan, nan, nan, nan, nan, nan, nan, nan, nan, nan, nan, nan, nan, nan, nan, nan, nan, nan, nan, nan, nan, nan, nan, nan, nan, nan, nan, nan, nan, nan, nan, nan, nan, nan, nan, nan, nan, nan, nan, nan, nan, nan, nan, nan, nan, nan, nan, nan, nan, nan, nan, nan, nan, nan, nan, nan, nan, nan, nan, nan, nan, nan, nan, nan, nan, nan, nan, nan, nan, nan, nan, nan, nan, nan, nan, nan, nan, nan, nan, nan, nan, nan, nan, nan, nan, nan, nan, nan, nan, nan, nan], params=[0.26, -2.5, 0.1, -0.04], fit_error=[0.013, 0.128, 0.09, 0.095, 0.109, 0.078, 0.056, 0.0, 0.004])",[-70.  -8.  -4.  -2.   0.   2.   4.   8.  70.],"[0.011, 0.071, 0.0, 0.2, 0.333, 0.286, 0.55, 0.625, 0.958]","[-0.01, -0.01, -0.01, -0.01, -0.01, -0.01, -0.01, -0.01, -0.01, -0.01, -0.01, -0.01, -0.01, -0.01, -0.01, -0.01, -0.01, -0.01, -0.01, -0.01, -0.01, -0.01, -0.01, -0.01, -0.01, -0.01, -0.01, -0.01, -0.01, -0.01, -0.009, -0.009, -0.009, -0.008, -0.008, -0.007, -0.005, -0.003, -0.001, 0.002, 0.007, 0.013, 0.022, 0.034, 0.05, 0.071, 0.098, 0.134, 0.178, 0.232, 0.296, 0.367, 0.444, 0.522, 0.597, 0.666, 0.726, 0.777, 0.819, 0.851, 0.877, 0.896, 0.91, 0.921, 0.929, 0.935, 0.939, 0.942, 0.944, 0.946, 0.947, 0.948, 0.948, 0.949, 0.949, 0.949, 0.95, 0.95, 0.95, 0.95, 0.95, 0.95, 0.95, 0.95, 0.95, 0.95, 0.95, 0.95, 0.95, 0.95, 0.95, 0.95, 0.95, 0.95, 0.95, 0.95, 0.95, 0.95, 0.95, 0.95]","[0.006, 0.071, 0.0, 0.074, 0.114, 0.101, 0.114, 0.125, 0.012]","[0.26, -2.5, 0.1, -0.04]",0.26,-2.5,0.1,-0.04,
2022-03-01,1,333,['Bpod5'],664,347,317,339,315,578,302,276,332,242,76,39,37,0.8704819277108434,0.8703170028818443,0.8706624605678234,654,341,313,397,208,189,0.6135693215339233,0.6,252,126,126,0.3716814159292035,0.4,0.8837920489296636,0.8856304985337243,0.8817891373801917,0.9580838323353292,-0.0038413611535326,0.836272040302267,0.9603174603174603,-0.1240454200151933,0.6067846607669616,0.3858407079646018,10,6,4,0.0150602409638554,0.0172910662824207,0.0126182965299684,578,302,276,1445.0,755.0,690.0,4,0,0,0,"psych_curve(xdata=array([-70.,  -8.,  -4.,  -2.,   0.,   2.,   4.,   8.,  70.]), ydata=[0.023, 0.222, 0.538, 0.476, 0.48, 0.619, 0.762, 0.762, 0.937], fit=[0.02, 0.02, 0.02, 0.02, 0.02, 0.02, 0.02, 0.02, 0.02, 0.02, 0.02, 0.02, 0.02, 0.02, 0.02, 0.021, 0.021, 0.021, 0.021, 0.021, 0.022, 0.022, 0.023, 0.023, 0.024, 0.025, 0.027, 0.028, 0.03, 0.033, 0.036, 0.04, 0.045, 0.051, 0.059, 0.068, 0.079, 0.093, 0.11, 0.13, 0.154, 0.182, 0.214, 0.251, 0.292, 0.337, 0.385, 0.436, 0.487, 0.538, 0.588, 0.634, 0.678, 0.717, 0.751, 0.782, 0.808, 0.83, 0.848, 0.864, 0.876, 0.887, 0.895, 0.902, 0.907, 0.912, 0.916, 0.918, 0.921, 0.923, 0.924, 0.925, 0.926, 0.927, 0.928, 0.928, 0.928, 0.929, 0.929, 0.929, 0.929, 0.93, 0.93, 0.93, 0.93, 0.93, 0.93, 0.93, 0.93, 0.93, 0.93, 0.93, 0.93, 0.93, 0.93, 0.93, 0.93, 0.93, 0.93, 0.93], params=[0.16, -2.45, 0.02, 0.07], fit_error=[0.009, 0.101, 0.1, 0.112, 0.102, 0.109, 0.095, 0.095, 0.016])",[-70.  -8.  -4.  -2.   0.   2.   4.   8.  70.],"[0.023, 0.222, 0.538, 0.476, 0.48, 0.619, 0.762, 0.762, 0.937]","[0.02, 0.02, 0.02, 0.02, 0.02, 0.02, 0.02, 0.02, 0.02, 0.02, 0.02, 0.02, 0.02, 0.02, 0.02, 0.021, 0.021, 0.021, 0.021, 0.021, 0.022, 0.022, 0.023, 0.023, 0.024, 0.025, 0.027, 0.028, 0.03, 0.033, 0.036, 0.04, 0.045, 0.051, 0.059, 0.068, 0.079, 0.093, 0.11, 0.13, 0.154, 0.182, 0.214, 0.251, 0.292, 0.337, 0.385, 0.436, 0.487, 0.538, 0.588, 0.634, 0.678, 0.717, 0.751, 0.782, 0.808, 0.83, 0.848, 0.864, 0.876, 0.887, 0.895, 0.902, 0.907, 0.912, 0.916, 0.918, 0.921, 0.923, 0.924, 0.925, 0.926, 0.927, 0.928, 0.928, 0.928, 0.929, 0.929, 0.929, 0.929, 0.93, 0.93, 0.93, 0.93, 0.93, 0.93, 0.93, 0.93, 0.93, 0.93, 0.93, 0.93, 0.93, 0.93, 0.93, 0.93, 0.93, 0.93, 0.93]","[0.009, 0.101, 0.1, 0.112, 0.102, 0.109, 0.095, 0.095, 0.016]","[0.16, -2.45, 0.02, 0.07]",0.16,-2.45,0.02,0.07,"psych_curve(xdata=array([-70.,  -8.,  -4.,  -2.,   0.,   2.,   4.,   8.,  70.]), ydata=[0.081, 0.533, 0.615, 0.739, 0.68, 0.947, 0.857, 0.958, 0.996], fit=[nan, nan, nan, nan, nan, nan, nan, nan, nan, nan, nan, nan, nan, nan, nan, nan, nan, nan, nan, nan, nan, nan, nan, nan, nan, nan, nan, nan, nan, nan, nan, nan, nan, nan, nan, nan, nan, nan, nan, nan, nan, nan, nan, nan, nan, nan, nan, nan, nan, nan, nan, nan, nan, nan, nan, nan, nan, nan, nan, nan, nan, nan, nan, nan, nan, nan, nan, nan, nan, nan, nan, nan, nan, nan, nan, nan, nan, nan, nan, nan, nan, nan, nan, nan, nan, nan, nan, nan, nan, nan, nan, nan, nan, nan, nan, nan, nan, nan, nan, nan], params=[0.16, -6.74, 0.08, -0.01], fit_error=[0.018, 0.133, 0.097, 0.094, 0.095, 0.053, 0.078, 0.042, 0.004])",[-70.  -8.  -4.  -2.   0.   2.   4.   8.  70.],"[0.023, 0.222, 0.538, 0.476, 0.48, 0.619, 0.762, 0.762, 0.937]","[0.02, 0.02, 0.02, 0.02, 0.02, 0.02, 0.02, 0.02, 0.02, 0.02, 0.02, 0.02, 0.02, 0.02, 0.02, 0.021, 0.021, 0.021, 0.021, 0.021, 0.022, 0.022, 0.023, 0.023, 0.024, 0.025, 0.027, 0.028, 0.03, 0.033, 0.036, 0.04, 0.045, 0.051, 0.059, 0.068, 0.079, 0.093, 0.11, 0.13, 0.154, 0.182, 0.214, 0.251, 0.292, 0.337, 0.385, 0.436, 0.487, 0.538, 0.588, 0.634, 0.678, 0.717, 0.751, 0.782, 0.808, 0.83, 0.848, 0.864, 0.876, 0.887, 0.895, 0.902, 0.907, 0.912, 0.916, 0.918, 0.921, 0.923, 0.924, 0.925, 0.926, 0.927, 0.928, 0.928, 0.928, 0.929, 0.929, 0.929, 0.929, 0.93, 0.93, 0.93, 0.93, 0.93, 0.93, 0.93, 0.93, 0.93, 0.93, 0.93, 0.93, 0.93, 0.93, 0.93, 0.93, 0.93, 0.93, 0.93]","[0.009, 0.101, 0.1, 0.112, 0.102, 0.109, 0.095, 0.095, 0.016]","[0.16, -6.74, 0.08, -0.01]",0.16,-6.74,0.08,-0.01,
2022-03-02,2,333,['Bpod5'],538,286,252,276,253,470,249,221,255,213,59,32,27,0.8736059479553904,0.8706293706293706,0.876984126984127,529,281,248,303,163,140,0.5905797101449275,0.5533596837944664,224,112,112,0.4057971014492754,0.4426877470355731,0.888468809073724,0.8861209964412812,0.8911290322580645,0.9753694581280788,0.0050080358167833,0.8415841584158416,0.9508928571428572,-0.1093086987270155,0.571969696969697,0.4242424242424242,9,5,4,0.0167286245353159,0.0174825174825174,0.0158730158730158,470,249,221,1175.0,622.5,552.5,4,0,0,0,"psych_curve(xdata=array([-70.,  -8.,  -4.,  -2.,   0.,   2.,   4.,   8.,  70.]), ydata=[0.032, 0.312, 0.25, 0.438, 0.524, 0.417, 0.684, 0.783, 0.984], fit=[0.05, 0.05, 0.05, 0.05, 0.05, 0.05, 0.05, 0.05, 0.05, 0.05, 0.05, 0.05, 0.05, 0.05, 0.05, 0.05, 0.05, 0.05, 0.051, 0.051, 0.051, 0.051, 0.052, 0.052, 0.052, 0.053, 0.054, 0.055, 0.056, 0.057, 0.059, 0.062, 0.064, 0.068, 0.073, 0.078, 0.085, 0.093, 0.104, 0.117, 0.132, 0.151, 0.173, 0.199, 0.23, 0.265, 0.305, 0.349, 0.397, 0.447, 0.5, 0.553, 0.605, 0.656, 0.703, 0.746, 0.784, 0.818, 0.848, 0.873, 0.894, 0.912, 0.927, 0.939, 0.949, 0.957, 0.963, 0.969, 0.973, 0.976, 0.979, 0.981, 0.983, 0.984, 0.986, 0.986, 0.987, 0.988, 0.988, 0.989, 0.989, 0.989, 0.989, 0.989, 0.99, 0.99, 0.99, 0.99, 0.99, 0.99, 0.99, 0.99, 0.99, 0.99, 0.99, 0.99, 0.99, 0.99, 0.99, 0.99], params=[0.16, 1.24, 0.05, 0.01], fit_error=[0.012, 0.12, 0.112, 0.128, 0.112, 0.149, 0.11, 0.088, 0.009])",[-70.  -8.  -4.  -2.   0.   2.   4.   8.  70.],"[0.032, 0.312, 0.25, 0.438, 0.524, 0.417, 0.684, 0.783, 0.984]","[0.05, 0.05, 0.05, 0.05, 0.05, 0.05, 0.05, 0.05, 0.05, 0.05, 0.05, 0.05, 0.05, 0.05, 0.05, 0.05, 0.05, 0.05, 0.051, 0.051, 0.051, 0.051, 0.052, 0.052, 0.052, 0.053, 0.054, 0.055, 0.056, 0.057, 0.059, 0.062, 0.064, 0.068, 0.073, 0.078, 0.085, 0.093, 0.104, 0.117, 0.132, 0.151, 0.173, 0.199, 0.23, 0.265, 0.305, 0.349, 0.397, 0.447, 0.5, 0.553, 0.605, 0.656, 0.703, 0.746, 0.784, 0.818, 0.848, 0.873, 0.894, 0.912, 0.927, 0.939, 0.949, 0.957, 0.963, 0.969, 0.973, 0.976, 0.979, 0.981, 0.983, 0.984, 0.986, 0.986, 0.987, 0.988, 0.988, 0.989, 0.989, 0.989, 0.989, 0.989, 0.99, 0.99, 0.99, 0.99, 0.99, 0.99, 0.99, 0.99, 0.99, 0.99, 0.99, 0.99, 0.99, 0.99, 0.99, 0.99]","[0.012, 0.12, 0.112, 0.128, 0.112, 0.149, 0.11, 0.088, 0.009]","[0.16, 1.24, 0.05, 0.01]",0.16,1.24,0.05,0.01,"psych_curve(xdata=array([-70.,  -8.,  -4.,  -2.,   0.,   2.,   4.,   8.,  70.]), ydata=[0.052, 0.4, 0.429, 0.643, 0.762, 0.643, 0.929, 1.0, 1.0], fit=[nan, nan, nan, nan, nan, nan, nan, nan, nan, nan, nan, nan, nan, nan, nan, nan, nan, nan, nan, nan, nan, nan, nan, nan, nan, nan, nan, nan, nan, nan, nan, nan, nan, nan, nan, nan, nan, nan, nan, nan, nan, nan, nan, nan, nan, nan, nan, nan, nan, nan, nan, nan, nan, nan, nan, nan, nan, nan, nan, nan, nan, nan, nan, nan, nan, nan, nan, nan, nan, nan, nan, nan, nan, nan, nan, nan, nan, nan, nan, nan, nan, nan, nan, nan, nan, nan, nan, nan, nan, nan, nan, nan, nan, nan, nan, nan, nan, nan, nan, nan], params=[0.2, -3.28, 0.07, -0.04], fit_error=[0.016, 0.1, 0.111, 0.133, 0.095, 0.133, 0.071, 0.0, 0.0])",[-70.  -8.  -4.  -2.   0.   2.   4.   8.  70.],"[0.032, 0.312, 0.25, 0.438, 0.524, 0.417, 0.684, 0.783, 0.984]","[0.05, 0.05, 0.05, 0.05, 0.05, 0.05, 0.05, 0.05, 0.05, 0.05, 0.05, 0.05, 0.05, 0.05, 0.05, 0.05, 0.05, 0.05, 0.051, 0.051, 0.051, 0.051, 0.052, 0.052, 0.052, 0.053, 0.054, 0.055, 0.056, 0.057, 0.059, 0.062, 0.064, 0.068, 0.073, 0.078, 0.085, 0.093, 0.104, 0.117, 0.132, 0.151, 0.173, 0.199, 0.23, 0.265, 0.305, 0.349, 0.397, 0.447, 0.5, 0.553, 0.605, 0.656, 0.703, 0.746, 0.784, 0.818, 0.848, 0.873, 0.894, 0.912, 0.927, 0.939, 0.949, 0.957, 0.963, 0.969, 0.973, 0.976, 0.979, 0.981, 0.983, 0.984, 0.986, 0.986, 0.987, 0.988, 0.988, 0.989, 0.989, 0.989, 0.989, 0.989, 0.99, 0.99, 0.99, 0.99, 0.99, 0.99, 0.99, 0.99, 0.99, 0.99, 0.99, 0.99, 0.99, 0.99, 0.99, 0.99]","[0.012, 0.12, 0.112, 0.128, 0.112, 0.149, 0.11, 0.088, 0.009]","[0.2, -3.28, 0.07, -0.04]",0.2,-3.28,0.07,-0.04,
2022-03-03,3,333,['Bpod5'],398,192,206,204,191,340,170,170,176,163,55,21,34,0.8542713567839196,0.8854166666666666,0.8252427184466019,395,191,204,219,116,103,0.5686274509803921,0.5392670157068062,174,87,87,0.4264705882352941,0.4554973821989528,0.8607594936708861,0.8900523560209425,0.8333333333333334,0.9642857142857144,-0.056719022687609,0.8036529680365296,0.9367816091954024,-0.1331286411588726,0.5539472333435992,0.4409839852171234,3,1,2,0.007537688442211,0.0052083333333333,0.0097087378640776,340,170,170,850.0,425.0,425.0,4,0,0,0,"psych_curve(xdata=array([-70.,  -8.,  -4.,  -2.,   0.,   2.,   4.,   8.,  70.]), ydata=[0.007, 0.062, 0.467, 0.571, 0.35, 0.6, 0.462, 0.824, 0.938], fit=[-0.01, -0.01, -0.01, -0.01, -0.01, -0.01, -0.01, -0.01, -0.01, -0.01, -0.01, -0.01, -0.01, -0.01, -0.01, -0.01, -0.009, -0.009, -0.009, -0.009, -0.009, -0.008, -0.008, -0.007, -0.007, -0.006, -0.005, -0.004, -0.002, -0.0, 0.002, 0.005, 0.009, 0.014, 0.02, 0.027, 0.036, 0.047, 0.061, 0.077, 0.096, 0.12, 0.147, 0.179, 0.216, 0.257, 0.302, 0.352, 0.403, 0.457, 0.51, 0.563, 0.613, 0.66, 0.702, 0.74, 0.774, 0.802, 0.827, 0.848, 0.865, 0.879, 0.891, 0.9, 0.908, 0.914, 0.919, 0.924, 0.927, 0.929, 0.932, 0.933, 0.935, 0.936, 0.937, 0.937, 0.938, 0.938, 0.939, 0.939, 0.939, 0.939, 0.939, 0.94, 0.94, 0.94, 0.94, 0.94, 0.94, 0.94, 0.94, 0.94, 0.94, 0.94, 0.94, 0.94, 0.94, 0.94, 0.94, 0.94], params=[0.16, -0.49, -0.01, 0.06], fit_error=[0.007, 0.062, 0.133, 0.137, 0.109, 0.112, 0.144, 0.095, 0.02])",[-70.  -8.  -4.  -2.   0.   2.   4.   8.  70.],"[0.007, 0.062, 0.467, 0.571, 0.35, 0.6, 0.462, 0.824, 0.938]","[-0.01, -0.01, -0.01, -0.01, -0.01, -0.01, -0.01, -0.01, -0.01, -0.01, -0.01, -0.01, -0.01, -0.01, -0.01, -0.01, -0.009, -0.009, -0.009, -0.009, -0.009, -0.008, -0.008, -0.007, -0.007, -0.006, -0.005, -0.004, -0.002, -0.0, 0.002, 0.005, 0.009, 0.014, 0.02, 0.027, 0.036, 0.047, 0.061, 0.077, 0.096, 0.12, 0.147, 0.179, 0.216, 0.257, 0.302, 0.352, 0.403, 0.457, 0.51, 0.563, 0.613, 0.66, 0.702, 0.74, 0.774, 0.802, 0.827, 0.848, 0.865, 0.879, 0.891, 0.9, 0.908, 0.914, 0.919, 0.924, 0.927, 0.929, 0.932, 0.933, 0.935, 0.936, 0.937, 0.937, 0.938, 0.938, 0.939, 0.939, 0.939, 0.939, 0.939, 0.94, 0.94, 0.94, 0.94, 0.94, 0.94, 0.94, 0.94, 0.94, 0.94, 0.94, 0.94, 0.94, 0.94, 0.94, 0.94, 0.94]","[0.007, 0.062, 0.133, 0.137, 0.109, 0.112, 0.144, 0.095, 0.02]","[0.16, -0.49, -0.01, 0.06]",0.16,-0.49,-0.01,0.06,"psych_curve(xdata=array([-70.,  -8.,  -4.,  -2.,   0.,   2.,   4.,   8.,  70.]), ydata=[0.054, 0.143, 0.643, 0.762, 0.75, 1.0, 0.643, 0.895, 0.992], fit=[nan, nan, nan, nan, nan, nan, nan, nan, nan, nan, nan, nan, nan, nan, nan, nan, nan, nan, nan, nan, nan, nan, nan, nan, nan, nan, nan, nan, nan, nan, nan, nan, nan, nan, nan, nan, nan, nan, nan, nan, nan, nan, nan, nan, nan, nan, nan, nan, nan, nan, nan, nan, nan, nan, nan, nan, nan, nan, nan, nan, nan, nan, nan, nan, nan, nan, nan, nan, nan, nan, nan, nan, nan, nan, nan, nan, nan, nan, nan, nan, nan, nan, nan, nan, nan, nan, nan, nan, nan, nan, nan, nan, nan, nan, nan, nan, nan, nan, nan, nan], params=[0.65, -5.29, 0.04, 0.14], fit_error=[0.019, 0.097, 0.133, 0.095, 0.099, 0.0, 0.133, 0.072, 0.008])",[-70.  -8.  -4.  -2.   0.   2.   4.   8.  70.],"[0.007, 0.062, 0.467, 0.571, 0.35, 0.6, 0.462, 0.824, 0.938]","[-0.01, -0.01, -0.01, -0.01, -0.01, -0.01, -0.01, -0.01, -0.01, -0.01, -0.01, -0.01, -0.01, -0.01, -0.01, -0.01, -0.009, -0.009, -0.009, -0.009, -0.009, -0.008, -0.008, -0.007, -0.007, -0.006, -0.005, -0.004, -0.002, -0.0, 0.002, 0.005, 0.009, 0.014, 0.02, 0.027, 0.036, 0.047, 0.061, 0.077, 0.096, 0.12, 0.147, 0.179, 0.216, 0.257, 0.302, 0.352, 0.403, 0.457, 0.51, 0.563, 0.613, 0.66, 0.702, 0.74, 0.774, 0.802, 0.827, 0.848, 0.865, 0.879, 0.891, 0.9, 0.908, 0.914, 0.919, 0.924, 0.927, 0.929, 0.932, 0.933, 0.935, 0.936, 0.937, 0.937, 0.938, 0.938, 0.939, 0.939, 0.939, 0.939, 0.939, 0.94, 0.94, 0.94, 0.94, 0.94, 0.94, 0.94, 0.94, 0.94, 0.94, 0.94, 0.94, 0.94, 0.94, 0.94, 0.94, 0.94]","[0.007, 0.062, 0.133, 0.137, 0.109, 0.112, 0.144, 0.095, 0.02]","[0.65, -5.29, 0.04, 0.14]",0.65,-5.29,0.04,0.14,
2022-03-04,4,333,['Bpod5'],461,214,247,206,240,414,191,223,222,188,32,17,15,0.8980477223427332,0.8925233644859814,0.902834008097166,446,208,238,246,105,141,0.5097087378640777,0.5875,196,97,99,0.470873786407767,0.4125,0.9282511210762332,0.9182692307692308,0.9369747899159664,0.9968553459119496,0.0187055591467356,0.902439024390244,0.9591836734693876,-0.0567446490791437,0.5486043689320388,0.4416868932038835,15,6,9,0.0325379609544468,0.02803738317757,0.0364372469635627,414,191,223,1035.0,477.5,557.5,4,0,0,0,"psych_curve(xdata=array([-70.,  -8.,  -4.,  -2.,   0.,   2.,   4.,   8.,  70.]), ydata=[0.007, 0.056, 0.333, 0.333, 0.5, 0.8, 0.708, 1.0, 1.0], fit=[0.0, 0.0, 0.0, 0.0, 0.0, 0.0, 0.0, 0.0, 0.0, 0.0, 0.0, 0.0, 0.0, 0.0, 0.0, 0.0, 0.0, 0.0, 0.0, 0.0, 0.0, 0.0, 0.0, 0.0, 0.0, 0.0, 0.0, 0.0, 0.0, 0.0, 0.0, 0.0, 0.001, 0.001, 0.001, 0.002, 0.003, 0.005, 0.007, 0.011, 0.018, 0.027, 0.041, 0.063, 0.094, 0.139, 0.201, 0.281, 0.378, 0.487, 0.597, 0.7, 0.788, 0.857, 0.909, 0.945, 0.971, 0.988, 0.999, 1.006, 1.011, 1.014, 1.016, 1.018, 1.018, 1.019, 1.019, 1.02, 1.02, 1.02, 1.02, 1.02, 1.02, 1.02, 1.02, 1.02, 1.02, 1.02, 1.02, 1.02, 1.02, 1.02, 1.02, 1.02, 1.02, 1.02, 1.02, 1.02, 1.02, 1.02, 1.02, 1.02, 1.02, 1.02, 1.02, 1.02, 1.02, 1.02, 1.02, 1.02], params=[0.31, -0.41, -0.0, -0.02], fit_error=[0.007, 0.056, 0.114, 0.105, 0.129, 0.107, 0.095, 0.0, 0.0])",[-70.  -8.  -4.  -2.   0.   2.   4.   8.  70.],"[0.007, 0.056, 0.333, 0.333, 0.5, 0.8, 0.708, 1.0, 1.0]","[0.0, 0.0, 0.0, 0.0, 0.0, 0.0, 0.0, 0.0, 0.0, 0.0, 0.0, 0.0, 0.0, 0.0, 0.0, 0.0, 0.0, 0.0, 0.0, 0.0, 0.0, 0.0, 0.0, 0.0, 0.0, 0.0, 0.0, 0.0, 0.0, 0.0, 0.0, 0.0, 0.001, 0.001, 0.001, 0.002, 0.003, 0.005, 0.007, 0.011, 0.018, 0.027, 0.041, 0.063, 0.094, 0.139, 0.201, 0.281, 0.378, 0.487, 0.597, 0.7, 0.788, 0.857, 0.909, 0.945, 0.971, 0.988, 0.999, 1.006, 1.011, 1.014, 1.016, 1.018, 1.018, 1.019, 1.019, 1.02, 1.02, 1.02, 1.02, 1.02, 1.02, 1.02, 1.02, 1.02, 1.02, 1.02, 1.02, 1.02, 1.02, 1.02, 1.02, 1.02, 1.02, 1.02, 1.02, 1.02, 1.02, 1.02, 1.02, 1.02, 1.02, 1.02, 1.02, 1.02, 1.02, 1.02, 1.02, 1.02]","[0.007, 0.056, 0.114, 0.105, 0.129, 0.107, 0.095, 0.0, 0.0]","[0.31, -0.41, -0.0, -0.02]",0.31,-0.41,-0.0,-0.02,"psych_curve(xdata=array([-70.,  -8.,  -4.,  -2.,   0.,   2.,   4.,   8.,  70.]), ydata=[0.006, 0.059, 0.429, 0.667, 0.688, 0.917, 0.81, 1.0, 1.0], fit=[nan, nan, nan, nan, nan, nan, nan, nan, nan, nan, nan, nan, nan, nan, nan, nan, nan, nan, nan, nan, nan, nan, nan, nan, nan, nan, nan, nan, nan, nan, nan, nan, nan, nan, nan, nan, nan, nan, nan, nan, nan, nan, nan, nan, nan, nan, nan, nan, nan, nan, nan, nan, nan, nan, nan, nan, nan, nan, nan, nan, nan, nan, nan, nan, nan, nan, nan, nan, nan, nan, nan, nan, nan, nan, nan, nan, nan, nan, nan, nan, nan, nan, nan, nan, nan, nan, nan, nan, nan, nan, nan, nan, nan, nan, nan, nan, nan, nan, nan, nan], params=[0.4, -3.39, -0.02, 0.03], fit_error=[0.006, 0.059, 0.111, 0.142, 0.12, 0.058, 0.088, 0.0, 0.0])",[-70.  -8.  -4.  -2.   0.   2.   4.   8.  70.],"[0.007, 0.056, 0.333, 0.333, 0.5, 0.8, 0.708, 1.0, 1.0]","[0.0, 0.0, 0.0, 0.0, 0.0, 0.0, 0.0, 0.0, 0.0, 0.0, 0.0, 0.0, 0.0, 0.0, 0.0, 0.0, 0.0, 0.0, 0.0, 0.0, 0.0, 0.0, 0.0, 0.0, 0.0, 0.0, 0.0, 0.0, 0.0, 0.0, 0.0, 0.0, 0.001, 0.001, 0.001, 0.002, 0.003, 0.005, 0.007, 0.011, 0.018, 0.027, 0.041, 0.063, 0.094, 0.139, 0.201, 0.281, 0.378, 0.487, 0.597, 0.7, 0.788, 0.857, 0.909, 0.945, 0.971, 0.988, 0.999, 1.006, 1.011, 1.014, 1.016, 1.018, 1.018, 1.019, 1.019, 1.02, 1.02, 1.02, 1.02, 1.02, 1.02, 1.02, 1.02, 1.02, 1.02, 1.02, 1.02, 1.02, 1.02, 1.02, 1.02, 1.02, 1.02, 1.02, 1.02, 1.02, 1.02, 1.02, 1.02, 1.02, 1.02, 1.02, 1.02, 1.02, 1.02, 1.02, 1.02, 1.02]","[0.007, 0.056, 0.114, 0.105, 0.129, 0.107, 0.095, 0.0, 0.0]","[0.4, -3.39, -0.02, 0.03]",0.4,-3.39,-0.02,0.03,
2022-03-07,0,333,['Bpod5'],569,292,277,303,257,507,269,238,268,238,53,19,34,0.8910369068541301,0.9212328767123288,0.8592057761732852,560,288,272,308,178,130,0.5874587458745875,0.5058365758754864,250,125,125,0.4125412541254125,0.4863813229571984,0.9053571428571427,0.9340277777777778,0.875,0.98,-0.0590277777777777,0.8701298701298701,0.952,-0.0818701298701298,0.5466476608750369,0.4494612885413055,9,4,5,0.015817223198594,0.0136986301369863,0.0180505415162454,507,269,238,1267.5,672.5,595.0,4,0,0,0,"psych_curve(xdata=array([-70.,  -8.,  -4.,  -2.,   0.,   2.,   4.,   8.,  70.]), ydata=[0.015, 0.037, 0.1, 0.333, 0.25, 0.462, 0.647, 0.812, 0.976], fit=[0.01, 0.01, 0.01, 0.01, 0.01, 0.01, 0.01, 0.01, 0.01, 0.01, 0.01, 0.01, 0.01, 0.01, 0.01, 0.01, 0.01, 0.01, 0.01, 0.01, 0.01, 0.01, 0.01, 0.01, 0.01, 0.01, 0.01, 0.01, 0.01, 0.01, 0.01, 0.01, 0.01, 0.01, 0.011, 0.011, 0.012, 0.012, 0.014, 0.016, 0.019, 0.023, 0.03, 0.04, 0.055, 0.077, 0.108, 0.153, 0.212, 0.288, 0.379, 0.479, 0.579, 0.673, 0.752, 0.815, 0.863, 0.897, 0.921, 0.937, 0.948, 0.956, 0.961, 0.964, 0.966, 0.967, 0.968, 0.969, 0.969, 0.97, 0.97, 0.97, 0.97, 0.97, 0.97, 0.97, 0.97, 0.97, 0.97, 0.97, 0.97, 0.97, 0.97, 0.97, 0.97, 0.97, 0.97, 0.97, 0.97, 0.97, 0.97, 0.97, 0.97, 0.97, 0.97, 0.97, 0.97, 0.97, 0.97, 0.97], params=[0.3, 2.28, 0.01, 0.03], fit_error=[0.009, 0.037, 0.056, 0.098, 0.099, 0.1, 0.119, 0.101, 0.011])",[-70.  -8.  -4.  -2.   0.   2.   4.   8.  70.],"[0.015, 0.037, 0.1, 0.333, 0.25, 0.462, 0.647, 0.812, 0.976]","[0.01, 0.01, 0.01, 0.01, 0.01, 0.01, 0.01, 0.01, 0.01, 0.01, 0.01, 0.01, 0.01, 0.01, 0.01, 0.01, 0.01, 0.01, 0.01, 0.01, 0.01, 0.01, 0.01, 0.01, 0.01, 0.01, 0.01, 0.01, 0.01, 0.01, 0.01, 0.01, 0.01, 0.01, 0.011, 0.011, 0.012, 0.012, 0.014, 0.016, 0.019, 0.023, 0.03, 0.04, 0.055, 0.077, 0.108, 0.153, 0.212, 0.288, 0.379, 0.479, 0.579, 0.673, 0.752, 0.815, 0.863, 0.897, 0.921, 0.937, 0.948, 0.956, 0.961, 0.964, 0.966, 0.967, 0.968, 0.969, 0.969, 0.97, 0.97, 0.97, 0.97, 0.97, 0.97, 0.97, 0.97, 0.97, 0.97, 0.97, 0.97, 0.97, 0.97, 0.97, 0.97, 0.97, 0.97, 0.97, 0.97, 0.97, 0.97, 0.97, 0.97, 0.97, 0.97, 0.97, 0.97, 0.97, 0.97, 0.97]","[0.009, 0.037, 0.056, 0.098, 0.099, 0.1, 0.119, 0.101, 0.011]","[0.3, 2.28, 0.01, 0.03]",0.3,2.28,0.01,0.03,"psych_curve(xdata=array([-70.,  -8.,  -4.,  -2.,  -0.,   2.,   4.,   8.,  70.]), ydata=[0.03, 0.095, 0.375, 0.7, 0.8, 0.733, 1.0, 0.909, 0.995], fit=[nan, nan, nan, nan, nan, nan, nan, nan, nan, nan, nan, nan, nan, nan, nan, nan, nan, nan, nan, nan, nan, nan, nan, nan, nan, nan, nan, nan, nan, nan, nan, nan, nan, nan, nan, nan, nan, nan, nan, nan, nan, nan, nan, nan, nan, nan, nan, nan, nan, nan, nan, nan, nan, nan, nan, nan, nan, nan, nan, nan, nan, nan, nan, nan, nan, nan, nan, nan, nan, nan, nan, nan, nan, nan, nan, nan, nan, nan, nan, nan, nan, nan, nan, nan, nan, nan, nan, nan, nan, nan, nan, nan, nan, nan, nan, nan, nan, nan, nan, nan], params=[0.48, -3.37, 0.02, 0.06], fit_error=[0.012, 0.066, 0.101, 0.105, 0.092, 0.082, 0.0, 0.063, 0.005])",[-70.  -8.  -4.  -2.   0.   2.   4.   8.  70.],"[0.015, 0.037, 0.1, 0.333, 0.25, 0.462, 0.647, 0.812, 0.976]","[0.01, 0.01, 0.01, 0.01, 0.01, 0.01, 0.01, 0.01, 0.01, 0.01, 0.01, 0.01, 0.01, 0.01, 0.01, 0.01, 0.01, 0.01, 0.01, 0.01, 0.01, 0.01, 0.01, 0.01, 0.01, 0.01, 0.01, 0.01, 0.01, 0.01, 0.01, 0.01, 0.01, 0.01, 0.011, 0.011, 0.012, 0.012, 0.014, 0.016, 0.019, 0.023, 0.03, 0.04, 0.055, 0.077, 0.108, 0.153, 0.212, 0.288, 0.379, 0.479, 0.579, 0.673, 0.752, 0.815, 0.863, 0.897, 0.921, 0.937, 0.948, 0.956, 0.961, 0.964, 0.966, 0.967, 0.968, 0.969, 0.969, 0.97, 0.97, 0.97, 0.97, 0.97, 0.97, 0.97, 0.97, 0.97, 0.97, 0.97, 0.97, 0.97, 0.97, 0.97, 0.97, 0.97, 0.97, 0.97, 0.97, 0.97, 0.97, 0.97, 0.97, 0.97, 0.97, 0.97, 0.97, 0.97, 0.97, 0.97]","[0.009, 0.037, 0.056, 0.098, 0.099, 0.1, 0.119, 0.101, 0.011]","[0.48, -3.37, 0.02, 0.06]",0.48,-3.37,0.02,0.06,
2022-03-08,1,333,['Bpod5'],749,375,374,362,376,687,341,346,344,337,51,30,21,0.917222963951936,0.9093333333333332,0.9251336898395722,738,371,367,374,179,195,0.494475138121547,0.5186170212765957,357,179,178,0.494475138121547,0.4734042553191489,0.9308943089430894,0.9191374663072776,0.9427792915531336,0.98348623853211,0.0236418252458558,0.9197860962566844,0.9439775910364144,-0.02419149477973,0.5065460796990713,0.483939696720348,11,4,7,0.0146862483311081,0.0106666666666666,0.0187165775401069,687,341,346,1717.5,852.5,865.0,4,0,0,0,"psych_curve(xdata=array([-70.,  -8.,  -4.,  -2.,   0.,   2.,   4.,   8.,  70.]), ydata=[0.014, 0.125, 0.276, 0.241, 0.68, 0.833, 0.806, 0.92, 0.981], fit=[0.08, 0.08, 0.08, 0.08, 0.08, 0.08, 0.08, 0.08, 0.08, 0.08, 0.08, 0.08, 0.08, 0.08, 0.08, 0.08, 0.08, 0.08, 0.08, 0.08, 0.08, 0.08, 0.08, 0.08, 0.08, 0.08, 0.08, 0.08, 0.08, 0.08, 0.08, 0.08, 0.08, 0.08, 0.08, 0.08, 0.08, 0.08, 0.08, 0.08, 0.08, 0.081, 0.082, 0.086, 0.093, 0.11, 0.147, 0.221, 0.349, 0.522, 0.689, 0.807, 0.873, 0.904, 0.919, 0.925, 0.928, 0.929, 0.93, 0.93, 0.93, 0.93, 0.93, 0.93, 0.93, 0.93, 0.93, 0.93, 0.93, 0.93, 0.93, 0.93, 0.93, 0.93, 0.93, 0.93, 0.93, 0.93, 0.93, 0.93, 0.93, 0.93, 0.93, 0.93, 0.93, 0.93, 0.93, 0.93, 0.93, 0.93, 0.93, 0.93, 0.93, 0.93, 0.93, 0.93, 0.93, 0.93, 0.93, 0.93], params=[0.6, -0.84, 0.08, 0.07], fit_error=[0.007, 0.069, 0.084, 0.081, 0.095, 0.069, 0.072, 0.055, 0.008])",[-70.  -8.  -4.  -2.   0.   2.   4.   8.  70.],"[0.014, 0.125, 0.276, 0.241, 0.68, 0.833, 0.806, 0.92, 0.981]","[0.08, 0.08, 0.08, 0.08, 0.08, 0.08, 0.08, 0.08, 0.08, 0.08, 0.08, 0.08, 0.08, 0.08, 0.08, 0.08, 0.08, 0.08, 0.08, 0.08, 0.08, 0.08, 0.08, 0.08, 0.08, 0.08, 0.08, 0.08, 0.08, 0.08, 0.08, 0.08, 0.08, 0.08, 0.08, 0.08, 0.08, 0.08, 0.08, 0.08, 0.08, 0.081, 0.082, 0.086, 0.093, 0.11, 0.147, 0.221, 0.349, 0.522, 0.689, 0.807, 0.873, 0.904, 0.919, 0.925, 0.928, 0.929, 0.93, 0.93, 0.93, 0.93, 0.93, 0.93, 0.93, 0.93, 0.93, 0.93, 0.93, 0.93, 0.93, 0.93, 0.93, 0.93, 0.93, 0.93, 0.93, 0.93, 0.93, 0.93, 0.93, 0.93, 0.93, 0.93, 0.93, 0.93, 0.93, 0.93, 0.93, 0.93, 0.93, 0.93, 0.93, 0.93, 0.93, 0.93, 0.93, 0.93, 0.93, 0.93]","[0.007, 0.069, 0.084, 0.081, 0.095, 0.069, 0.072, 0.055, 0.008]","[0.6, -0.84, 0.08, 0.07]",0.6,-0.84,0.08,0.07,"psych_curve(xdata=array([-70.,  -8.,  -4.,  -2.,  -0.,   2.,   4.,   8.,  70.]), ydata=[0.022, 0.091, 0.278, 0.208, 0.56, 0.794, 0.826, 0.889, 0.993], fit=[nan, nan, nan, nan, nan, nan, nan, nan, nan, nan, nan, nan, nan, nan, nan, nan, nan, nan, nan, nan, nan, nan, nan, nan, nan, nan, nan, nan, nan, nan, nan, nan, nan, nan, nan, nan, nan, nan, nan, nan, nan, nan, nan, nan, nan, nan, nan, nan, nan, nan, nan, nan, nan, nan, nan, nan, nan, nan, nan, nan, nan, nan, nan, nan, nan, nan, nan, nan, nan, nan, nan, nan, nan, nan, nan, nan, nan, nan, nan, nan, nan, nan, nan, nan, nan, nan, nan, nan, nan, nan, nan, nan, nan, nan, nan, nan, nan, nan, nan, nan], params=[0.52, -0.27, 0.06, 0.05], fit_error=[0.009, 0.063, 0.076, 0.085, 0.101, 0.07, 0.081, 0.062, 0.005])",[-70.  -8.  -4.  -2.   0.   2.   4.   8.  70.],"[0.014, 0.125, 0.276, 0.241, 0.68, 0.833, 0.806, 0.92, 0.981]","[0.08, 0.08, 0.08, 0.08, 0.08, 0.08, 0.08, 0.08, 0.08, 0.08, 0.08, 0.08, 0.08, 0.08, 0.08, 0.08, 0.08, 0.08, 0.08, 0.08, 0.08, 0.08, 0.08, 0.08, 0.08, 0.08, 0.08, 0.08, 0.08, 0.08, 0.08, 0.08, 0.08, 0.08, 0.08, 0.08, 0.08, 0.08, 0.08, 0.08, 0.08, 0.081, 0.082, 0.086, 0.093, 0.11, 0.147, 0.221, 0.349, 0.522, 0.689, 0.807, 0.873, 0.904, 0.919, 0.925, 0.928, 0.929, 0.93, 0.93, 0.93, 0.93, 0.93, 0.93, 0.93, 0.93, 0.93, 0.93, 0.93, 0.93, 0.93, 0.93, 0.93, 0.93, 0.93, 0.93, 0.93, 0.93, 0.93, 0.93, 0.93, 0.93, 0.93, 0.93, 0.93, 0.93, 0.93, 0.93, 0.93, 0.93, 0.93, 0.93, 0.93, 0.93, 0.93, 0.93, 0.93, 0.93, 0.93, 0.93]","[0.007, 0.069, 0.084, 0.081, 0.095, 0.069, 0.072, 0.055, 0.008]","[0.52, -0.27, 0.06, 0.05]",0.52,-0.27,0.06,0.05,
2022-03-09,2,333,['Bpod5'],465,248,217,261,204,420,232,188,246,173,45,16,29,0.9032258064516128,0.935483870967742,0.8663594470046083,465,248,217,284,170,114,0.6513409961685823,0.5588235294117647,180,90,90,0.3448275862068966,0.4411764705882353,0.9032258064516128,0.935483870967742,0.8663594470046083,0.9694189602446484,-0.0691244239631335,0.8661971830985915,0.9611111111111112,-0.0949139280125196,0.6050822627901735,0.3930020283975659,0,0,0,0.0,0.0,0.0,420,232,188,1050.0,580.0,470.0,4,0,0,0,"psych_curve(xdata=array([-70.,  -8.,  -4.,  -2.,   0.,   2.,   4.,   8.,  70.]), ydata=[0.0, 0.143, 0.258, 0.048, 0.4, 0.692, 0.571, 0.889, 0.938], fit=[0.05, 0.05, 0.05, 0.05, 0.05, 0.05, 0.05, 0.05, 0.05, 0.05, 0.05, 0.05, 0.05, 0.05, 0.05, 0.05, 0.05, 0.05, 0.05, 0.05, 0.05, 0.05, 0.05, 0.05, 0.05, 0.05, 0.05, 0.05, 0.05, 0.05, 0.05, 0.05, 0.05, 0.05, 0.05, 0.05, 0.05, 0.051, 0.051, 0.052, 0.053, 0.055, 0.059, 0.065, 0.076, 0.093, 0.121, 0.165, 0.23, 0.319, 0.428, 0.546, 0.656, 0.746, 0.812, 0.857, 0.886, 0.904, 0.914, 0.921, 0.925, 0.927, 0.928, 0.929, 0.929, 0.93, 0.93, 0.93, 0.93, 0.93, 0.93, 0.93, 0.93, 0.93, 0.93, 0.93, 0.93, 0.93, 0.93, 0.93, 0.93, 0.93, 0.93, 0.93, 0.93, 0.93, 0.93, 0.93, 0.93, 0.93, 0.93, 0.93, 0.93, 0.93, 0.93, 0.93, 0.93, 0.93, 0.93, 0.93], params=[0.38, 1.45, 0.05, 0.07], fit_error=[0.0, 0.078, 0.08, 0.048, 0.112, 0.133, 0.137, 0.076, 0.019])",[-70.  -8.  -4.  -2.   0.   2.   4.   8.  70.],"[0.0, 0.143, 0.258, 0.048, 0.4, 0.692, 0.571, 0.889, 0.938]","[0.05, 0.05, 0.05, 0.05, 0.05, 0.05, 0.05, 0.05, 0.05, 0.05, 0.05, 0.05, 0.05, 0.05, 0.05, 0.05, 0.05, 0.05, 0.05, 0.05, 0.05, 0.05, 0.05, 0.05, 0.05, 0.05, 0.05, 0.05, 0.05, 0.05, 0.05, 0.05, 0.05, 0.05, 0.05, 0.05, 0.05, 0.051, 0.051, 0.052, 0.053, 0.055, 0.059, 0.065, 0.076, 0.093, 0.121, 0.165, 0.23, 0.319, 0.428, 0.546, 0.656, 0.746, 0.812, 0.857, 0.886, 0.904, 0.914, 0.921, 0.925, 0.927, 0.928, 0.929, 0.929, 0.93, 0.93, 0.93, 0.93, 0.93, 0.93, 0.93, 0.93, 0.93, 0.93, 0.93, 0.93, 0.93, 0.93, 0.93, 0.93, 0.93, 0.93, 0.93, 0.93, 0.93, 0.93, 0.93, 0.93, 0.93, 0.93, 0.93, 0.93, 0.93, 0.93, 0.93, 0.93, 0.93, 0.93, 0.93]","[0.0, 0.078, 0.08, 0.048, 0.112, 0.133, 0.137, 0.076, 0.019]","[0.38, 1.45, 0.05, 0.07]",0.38,1.45,0.05,0.07,"psych_curve(xdata=array([-70.,  -8.,  -4.,  -2.,  -0.,   2.,   4.,   8.,  70.]), ydata=[0.067, 0.25, 0.625, 0.263, 0.8, 1.0, 0.862, 0.955, 1.0], fit=[nan, nan, nan, nan, nan, nan, nan, nan, nan, nan, nan, nan, nan, nan, nan, nan, nan, nan, nan, nan, nan, nan, nan, nan, nan, nan, nan, nan, nan, nan, nan, nan, nan, nan, nan, nan, nan, nan, nan, nan, nan, nan, nan, nan, nan, nan, nan, nan, nan, nan, nan, nan, nan, nan, nan, nan, nan, nan, nan, nan, nan, nan, nan, nan, nan, nan, nan, nan, nan, nan, nan, nan, nan, nan, nan, nan, nan, nan, nan, nan, nan, nan, nan, nan, nan, nan, nan, nan, nan, nan, nan, nan, nan, nan, nan, nan, nan, nan, nan, nan], params=[0.31, -2.51, 0.09, -0.01], fit_error=[0.021, 0.112, 0.125, 0.104, 0.092, 0.0, 0.065, 0.045, 0.0])",[-70.  -8.  -4.  -2.   0.   2.   4.   8.  70.],"[0.0, 0.143, 0.258, 0.048, 0.4, 0.692, 0.571, 0.889, 0.938]","[0.05, 0.05, 0.05, 0.05, 0.05, 0.05, 0.05, 0.05, 0.05, 0.05, 0.05, 0.05, 0.05, 0.05, 0.05, 0.05, 0.05, 0.05, 0.05, 0.05, 0.05, 0.05, 0.05, 0.05, 0.05, 0.05, 0.05, 0.05, 0.05, 0.05, 0.05, 0.05, 0.05, 0.05, 0.05, 0.05, 0.05, 0.051, 0.051, 0.052, 0.053, 0.055, 0.059, 0.065, 0.076, 0.093, 0.121, 0.165, 0.23, 0.319, 0.428, 0.546, 0.656, 0.746, 0.812, 0.857, 0.886, 0.904, 0.914, 0.921, 0.925, 0.927, 0.928, 0.929, 0.929, 0.93, 0.93, 0.93, 0.93, 0.93, 0.93, 0.93, 0.93, 0.93, 0.93, 0.93, 0.93, 0.93, 0.93, 0.93, 0.93, 0.93, 0.93, 0.93, 0.93, 0.93, 0.93, 0.93, 0.93, 0.93, 0.93, 0.93, 0.93, 0.93, 0.93, 0.93, 0.93, 0.93, 0.93, 0.93]","[0.0, 0.078, 0.08, 0.048, 0.112, 0.133, 0.137, 0.076, 0.019]","[0.31, -2.51, 0.09, -0.01]",0.31,-2.51,0.09,-0.01,
2022-03-10,3,333,['Bpod5'],551,261,290,243,299,472,215,257,241,229,70,42,28,0.8566243194192378,0.8237547892720306,0.8862068965517241,542,257,285,286,115,171,0.4732510288065844,0.5719063545150501,254,127,127,0.522633744855967,0.4247491638795986,0.8708487084870848,0.8365758754863813,0.9017543859649124,0.9333333333333332,0.0651785104785309,0.8426573426573427,0.9015748031496064,-0.0589174604922635,0.5225786916608173,0.4736914543677828,9,4,5,0.0163339382940108,0.0153256704980842,0.0172413793103448,472,215,257,1180.0,537.5,642.5,4,0,0,0,"psych_curve(xdata=array([-70.,  -8.,  -4.,  -2.,   0.,   2.,   4.,   8.,  70.]), ydata=[0.06, 0.35, 0.235, 0.407, 0.667, 0.906, 0.833, 0.909, 0.927], fit=[0.2, 0.2, 0.2, 0.2, 0.2, 0.2, 0.2, 0.2, 0.2, 0.2, 0.2, 0.2, 0.2, 0.2, 0.2, 0.2, 0.2, 0.2, 0.2, 0.2, 0.2, 0.2, 0.2, 0.2, 0.2, 0.2, 0.2, 0.2, 0.2, 0.2, 0.2, 0.2, 0.2, 0.2, 0.2, 0.2, 0.2, 0.2, 0.2, 0.2, 0.2, 0.2, 0.2, 0.201, 0.202, 0.206, 0.221, 0.266, 0.384, 0.586, 0.77, 0.863, 0.895, 0.906, 0.909, 0.91, 0.91, 0.91, 0.91, 0.91, 0.91, 0.91, 0.91, 0.91, 0.91, 0.91, 0.91, 0.91, 0.91, 0.91, 0.91, 0.91, 0.91, 0.91, 0.91, 0.91, 0.91, 0.91, 0.91, 0.91, 0.91, 0.91, 0.91, 0.91, 0.91, 0.91, 0.91, 0.91, 0.91, 0.91, 0.91, 0.91, 0.91, 0.91, 0.91, 0.91, 0.91, 0.91, 0.91, 0.91], params=[0.87, -0.91, 0.2, 0.09], fit_error=[0.018, 0.109, 0.074, 0.096, 0.105, 0.052, 0.069, 0.051, 0.02])",[-70.  -8.  -4.  -2.   0.   2.   4.   8.  70.],"[0.06, 0.35, 0.235, 0.407, 0.667, 0.906, 0.833, 0.909, 0.927]","[0.2, 0.2, 0.2, 0.2, 0.2, 0.2, 0.2, 0.2, 0.2, 0.2, 0.2, 0.2, 0.2, 0.2, 0.2, 0.2, 0.2, 0.2, 0.2, 0.2, 0.2, 0.2, 0.2, 0.2, 0.2, 0.2, 0.2, 0.2, 0.2, 0.2, 0.2, 0.2, 0.2, 0.2, 0.2, 0.2, 0.2, 0.2, 0.2, 0.2, 0.2, 0.2, 0.2, 0.201, 0.202, 0.206, 0.221, 0.266, 0.384, 0.586, 0.77, 0.863, 0.895, 0.906, 0.909, 0.91, 0.91, 0.91, 0.91, 0.91, 0.91, 0.91, 0.91, 0.91, 0.91, 0.91, 0.91, 0.91, 0.91, 0.91, 0.91, 0.91, 0.91, 0.91, 0.91, 0.91, 0.91, 0.91, 0.91, 0.91, 0.91, 0.91, 0.91, 0.91, 0.91, 0.91, 0.91, 0.91, 0.91, 0.91, 0.91, 0.91, 0.91, 0.91, 0.91, 0.91, 0.91, 0.91, 0.91, 0.91]","[0.018, 0.109, 0.074, 0.096, 0.105, 0.052, 0.069, 0.051, 0.02]","[0.87, -0.91, 0.2, 0.09]",0.87,-0.91,0.2,0.09,"psych_curve(xdata=array([-70.,  -8.,  -4.,  -2.,  -0.,   2.,   4.,   8.,  70.]), ydata=[0.078, 0.296, 0.29, 0.259, 0.762, 0.781, 0.879, 0.923, 0.945], fit=[nan, nan, nan, nan, nan, nan, nan, nan, nan, nan, nan, nan, nan, nan, nan, nan, nan, nan, nan, nan, nan, nan, nan, nan, nan, nan, nan, nan, nan, nan, nan, nan, nan, nan, nan, nan, nan, nan, nan, nan, nan, nan, nan, nan, nan, nan, nan, nan, nan, nan, nan, nan, nan, nan, nan, nan, nan, nan, nan, nan, nan, nan, nan, nan, nan, nan, nan, nan, nan, nan, nan, nan, nan, nan, nan, nan, nan, nan, nan, nan, nan, nan, nan, nan, nan, nan, nan, nan, nan, nan, nan, nan, nan, nan, nan, nan, nan, nan, nan, nan], params=[1.96, -0.73, 0.22, 0.12], fit_error=[0.02, 0.09, 0.083, 0.086, 0.095, 0.074, 0.058, 0.053, 0.018])",[-70.  -8.  -4.  -2.   0.   2.   4.   8.  70.],"[0.06, 0.35, 0.235, 0.407, 0.667, 0.906, 0.833, 0.909, 0.927]","[0.2, 0.2, 0.2, 0.2, 0.2, 0.2, 0.2, 0.2, 0.2, 0.2, 0.2, 0.2, 0.2, 0.2, 0.2, 0.2, 0.2, 0.2, 0.2, 0.2, 0.2, 0.2, 0.2, 0.2, 0.2, 0.2, 0.2, 0.2, 0.2, 0.2, 0.2, 0.2, 0.2, 0.2, 0.2, 0.2, 0.2, 0.2, 0.2, 0.2, 0.2, 0.2, 0.2, 0.201, 0.202, 0.206, 0.221, 0.266, 0.384, 0.586, 0.77, 0.863, 0.895, 0.906, 0.909, 0.91, 0.91, 0.91, 0.91, 0.91, 0.91, 0.91, 0.91, 0.91, 0.91, 0.91, 0.91, 0.91, 0.91, 0.91, 0.91, 0.91, 0.91, 0.91, 0.91, 0.91, 0.91, 0.91, 0.91, 0.91, 0.91, 0.91, 0.91, 0.91, 0.91, 0.91, 0.91, 0.91, 0.91, 0.91, 0.91, 0.91, 0.91, 0.91, 0.91, 0.91, 0.91, 0.91, 0.91, 0.91]","[0.018, 0.109, 0.074, 0.096, 0.105, 0.052, 0.069, 0.051, 0.02]","[1.96, -0.73, 0.22, 0.12]",1.96,-0.73,0.22,0.12,
2022-03-11,4,333,['Bpod5'],448,220,228,236,179,330,175,155,188,134,85,24,61,0.7366071428571429,0.7954545454545454,0.6798245614035088,415,199,216,250,153,97,0.6483050847457628,0.5418994413407822,157,78,79,0.3305084745762712,0.441340782122905,0.7951807228915663,0.8793969849246231,0.7175925925925926,0.8694158075601375,-0.1618043923320306,0.752,0.8535031847133758,-0.1015031847133758,0.5951022630432725,0.3859246283495881,33,21,12,0.0736607142857142,0.0954545454545454,0.0526315789473684,330,175,155,825.0,437.5,387.5,4,0,0,0,"psych_curve(xdata=array([-70.,  -8.,  -4.,  -2.,   0.,   2.,   4.,   8.,  70.]), ydata=[0.008, 0.167, 0.353, 0.438, 0.478, 0.5, 0.56, 0.778, 0.767], fit=[0.01, 0.01, 0.01, 0.01, 0.01, 0.01, 0.01, 0.01, 0.01, 0.01, 0.01, 0.01, 0.01, 0.01, 0.01, 0.01, 0.01, 0.01, 0.01, 0.01, 0.01, 0.01, 0.011, 0.011, 0.011, 0.011, 0.012, 0.012, 0.013, 0.014, 0.015, 0.016, 0.018, 0.021, 0.025, 0.029, 0.035, 0.043, 0.054, 0.067, 0.084, 0.105, 0.131, 0.163, 0.201, 0.244, 0.293, 0.346, 0.4, 0.455, 0.508, 0.556, 0.6, 0.638, 0.669, 0.696, 0.717, 0.733, 0.747, 0.757, 0.765, 0.771, 0.775, 0.779, 0.782, 0.784, 0.785, 0.786, 0.787, 0.788, 0.788, 0.789, 0.789, 0.789, 0.79, 0.79, 0.79, 0.79, 0.79, 0.79, 0.79, 0.79, 0.79, 0.79, 0.79, 0.79, 0.79, 0.79, 0.79, 0.79, 0.79, 0.79, 0.79, 0.79, 0.79, 0.79, 0.79, 0.79, 0.79, 0.79], params=[0.2, -2.13, 0.01, 0.21], fit_error=[0.008, 0.09, 0.119, 0.128, 0.106, 0.129, 0.101, 0.147, 0.034])",[-70.  -8.  -4.  -2.   0.   2.   4.   8.  70.],"[0.008, 0.167, 0.353, 0.438, 0.478, 0.5, 0.56, 0.778, 0.767]","[0.01, 0.01, 0.01, 0.01, 0.01, 0.01, 0.01, 0.01, 0.01, 0.01, 0.01, 0.01, 0.01, 0.01, 0.01, 0.01, 0.01, 0.01, 0.01, 0.01, 0.01, 0.01, 0.011, 0.011, 0.011, 0.011, 0.012, 0.012, 0.013, 0.014, 0.015, 0.016, 0.018, 0.021, 0.025, 0.029, 0.035, 0.043, 0.054, 0.067, 0.084, 0.105, 0.131, 0.163, 0.201, 0.244, 0.293, 0.346, 0.4, 0.455, 0.508, 0.556, 0.6, 0.638, 0.669, 0.696, 0.717, 0.733, 0.747, 0.757, 0.765, 0.771, 0.775, 0.779, 0.782, 0.784, 0.785, 0.786, 0.787, 0.788, 0.788, 0.789, 0.789, 0.789, 0.79, 0.79, 0.79, 0.79, 0.79, 0.79, 0.79, 0.79, 0.79, 0.79, 0.79, 0.79, 0.79, 0.79, 0.79, 0.79, 0.79, 0.79, 0.79, 0.79, 0.79, 0.79, 0.79, 0.79, 0.79, 0.79]","[0.008, 0.09, 0.119, 0.128, 0.106, 0.129, 0.101, 0.147, 0.034]","[0.2, -2.13, 0.01, 0.21]",0.2,-2.13,0.01,0.21,"psych_curve(xdata=array([-70.,  -8.,  -4.,  -2.,  -0.,   2.,   4.,   8.,  70.]), ydata=[0.193, 0.364, 0.737, 0.667, 0.696, 0.688, 0.87, 0.933, 0.924], fit=[nan, nan, nan, nan, nan, nan, nan, nan, nan, nan, nan, nan, nan, nan, nan, nan, nan, nan, nan, nan, nan, nan, nan, nan, nan, nan, nan, nan, nan, nan, nan, nan, nan, nan, nan, nan, nan, nan, nan, nan, nan, nan, nan, nan, nan, nan, nan, nan, nan, nan, nan, nan, nan, nan, nan, nan, nan, nan, nan, nan, nan, nan, nan, nan, nan, nan, nan, nan, nan, nan, nan, nan, nan, nan, nan, nan, nan, nan, nan, nan, nan, nan, nan, nan, nan, nan, nan, nan, nan, nan, nan, nan, nan, nan, nan, nan, nan, nan, nan, nan], params=[0.21, -4.95, 0.18, 0.07], fit_error=[0.033, 0.152, 0.104, 0.126, 0.098, 0.12, 0.072, 0.067, 0.022])",[-70.  -8.  -4.  -2.   0.   2.   4.   8.  70.],"[0.008, 0.167, 0.353, 0.438, 0.478, 0.5, 0.56, 0.778, 0.767]","[0.01, 0.01, 0.01, 0.01, 0.01, 0.01, 0.01, 0.01, 0.01, 0.01, 0.01, 0.01, 0.01, 0.01, 0.01, 0.01, 0.01, 0.01, 0.01, 0.01, 0.01, 0.01, 0.011, 0.011, 0.011, 0.011, 0.012, 0.012, 0.013, 0.014, 0.015, 0.016, 0.018, 0.021, 0.025, 0.029, 0.035, 0.043, 0.054, 0.067, 0.084, 0.105, 0.131, 0.163, 0.201, 0.244, 0.293, 0.346, 0.4, 0.455, 0.508, 0.556, 0.6, 0.638, 0.669, 0.696, 0.717, 0.733, 0.747, 0.757, 0.765, 0.771, 0.775, 0.779, 0.782, 0.784, 0.785, 0.786, 0.787, 0.788, 0.788, 0.789, 0.789, 0.789, 0.79, 0.79, 0.79, 0.79, 0.79, 0.79, 0.79, 0.79, 0.79, 0.79, 0.79, 0.79, 0.79, 0.79, 0.79, 0.79, 0.79, 0.79, 0.79, 0.79, 0.79, 0.79, 0.79, 0.79, 0.79, 0.79]","[0.008, 0.09, 0.119, 0.128, 0.106, 0.129, 0.101, 0.147, 0.034]","[0.21, -4.95, 0.18, 0.07]",0.21,-4.95,0.18,0.07,
2022-03-29,1,333,['Bpod5'],208,100,108,93,72,144,76,68,70,64,21,4,17,0.6923076923076923,0.76,0.6296296296296297,165,80,85,89,52,37,0.5591397849462365,0.5138888888888888,64,31,33,0.3333333333333333,0.4583333333333333,0.8727272727272727,0.95,0.8,0.8954248366013072,-0.1499999999999999,0.7865168539325843,1.0,-0.2134831460674157,0.5365143369175627,0.3958333333333333,43,20,23,0.2067307692307692,0.2,0.2129629629629629,144,76,68,360.0,190.0,170.0,4,0,0,0,"psych_curve(xdata=array([-70.,  -8.,  -4.,  -2.,   0.,   2.,   4.,   8.,  70.]), ydata=[0.027, 0.0, 0.0, 0.333, 0.5, 1.0, 0.333, nan, 0.823], fit=[0.0, 0.0, 0.0, 0.0, 0.0, 0.0, 0.0, 0.0, 0.0, 0.0, 0.0, 0.0, 0.0, 0.0, 0.0, 0.0, 0.0, 0.0, 0.0, 0.0, 0.0, 0.0, 0.0, 0.0, 0.0, 0.0, 0.0, 0.0, 0.0, 0.0, 0.0, 0.0, 0.0, 0.0, 0.0, 0.0, 0.0, 0.0, 0.0, 0.0, 0.0, 0.0, 0.0, 0.0, 0.0, 0.001, 0.003, 0.011, 0.042, 0.154, 0.427, 0.754, 0.927, 0.981, 0.995, 0.999, 1.0, 1.0, 1.0, 1.0, 1.0, 1.0, 1.0, 1.0, 1.0, 1.0, 1.0, 1.0, 1.0, 1.0, 1.0, 1.0, 1.0, 1.0, 1.0, 1.0, 1.0, 1.0, 1.0, 1.0, 1.0, 1.0, 1.0, 1.0, 1.0, 1.0, 1.0, 1.0, 1.0, 1.0, 1.0, 1.0, 1.0, 1.0, 1.0, 1.0, 1.0, 1.0, 1.0, 1.0], params=[1.0, 1.0, 0.0, 0.0], fit_error=[0.019, nan, nan, 0.333, 0.5, 0.0, 0.333, nan, 0.043])",[-70.  -8.  -4.  -2.   0.   2.   4.   8.  70.],"[0.027, 0.0, 0.0, 0.333, 0.5, 1.0, 0.333, nan, 0.823]","[0.0, 0.0, 0.0, 0.0, 0.0, 0.0, 0.0, 0.0, 0.0, 0.0, 0.0, 0.0, 0.0, 0.0, 0.0, 0.0, 0.0, 0.0, 0.0, 0.0, 0.0, 0.0, 0.0, 0.0, 0.0, 0.0, 0.0, 0.0, 0.0, 0.0, 0.0, 0.0, 0.0, 0.0, 0.0, 0.0, 0.0, 0.0, 0.0, 0.0, 0.0, 0.0, 0.0, 0.0, 0.0, 0.001, 0.003, 0.011, 0.042, 0.154, 0.427, 0.754, 0.927, 0.981, 0.995, 0.999, 1.0, 1.0, 1.0, 1.0, 1.0, 1.0, 1.0, 1.0, 1.0, 1.0, 1.0, 1.0, 1.0, 1.0, 1.0, 1.0, 1.0, 1.0, 1.0, 1.0, 1.0, 1.0, 1.0, 1.0, 1.0, 1.0, 1.0, 1.0, 1.0, 1.0, 1.0, 1.0, 1.0, 1.0, 1.0, 1.0, 1.0, 1.0, 1.0, 1.0, 1.0, 1.0, 1.0, 1.0]","[0.019, nan, nan, 0.333, 0.5, 0.0, 0.333, nan, 0.043]","[1.0, 1.0, 0.0, 0.0]",1.0,1.0,0.0,0.0,"psych_curve(xdata=array([-70.,  -4.,  -2.,  -0.,   2.,   4.,   8.,  70.]), ydata=[0.182, 0.667, 1.0, 1.0, 1.0, 1.0, 1.0, 1.0], fit=[nan, nan, nan, nan, nan, nan, nan, nan, nan, nan, nan, nan, nan, nan, nan, nan, nan, nan, nan, nan, nan, nan, nan, nan, nan, nan, nan, nan, nan, nan, nan, nan, nan, nan, nan, nan, nan, nan, nan, nan, nan, nan, nan, nan, nan, nan, nan, nan, nan, nan, nan, nan, nan, nan, nan, nan, nan, nan, nan, nan, nan, nan, nan, nan, nan, nan, nan, nan, nan, nan, nan, nan, nan, nan, nan, nan, nan, nan, nan, nan, nan, nan, nan, nan, nan, nan, nan, nan, nan, nan, nan, nan, nan, nan, nan, nan, nan, nan, nan, nan], params=[3.89, -4.1, 0.18, -0.0], fit_error=[0.044, 0.333, nan, 0.0, 0.0, nan, nan, 0.0])",[-70.  -8.  -4.  -2.   0.   2.   4.   8.  70.],"[0.027, 0.0, 0.0, 0.333, 0.5, 1.0, 0.333, nan, 0.823]","[0.0, 0.0, 0.0, 0.0, 0.0, 0.0, 0.0, 0.0, 0.0, 0.0, 0.0, 0.0, 0.0, 0.0, 0.0, 0.0, 0.0, 0.0, 0.0, 0.0, 0.0, 0.0, 0.0, 0.0, 0.0, 0.0, 0.0, 0.0, 0.0, 0.0, 0.0, 0.0, 0.0, 0.0, 0.0, 0.0, 0.0, 0.0, 0.0, 0.0, 0.0, 0.0, 0.0, 0.0, 0.0, 0.001, 0.003, 0.011, 0.042, 0.154, 0.427, 0.754, 0.927, 0.981, 0.995, 0.999, 1.0, 1.0, 1.0, 1.0, 1.0, 1.0, 1.0, 1.0, 1.0, 1.0, 1.0, 1.0, 1.0, 1.0, 1.0, 1.0, 1.0, 1.0, 1.0, 1.0, 1.0, 1.0, 1.0, 1.0, 1.0, 1.0, 1.0, 1.0, 1.0, 1.0, 1.0, 1.0, 1.0, 1.0, 1.0, 1.0, 1.0, 1.0, 1.0, 1.0, 1.0, 1.0, 1.0, 1.0]","[0.019, nan, nan, 0.333, 0.5, 0.0, 0.333, nan, 0.043]","[3.89, -4.1, 0.18, -0.0]",3.89,-4.1,0.18,-0.0,
2022-03-30,2,333,['Bpod5'],278,145,133,134,135,245,126,119,127,117,24,16,8,0.8812949640287769,0.8689655172413793,0.8947368421052632,269,142,127,146,73,73,0.5447761194029851,0.5407407407407407,121,60,61,0.4477611940298507,0.4518518518518518,0.9107806691449816,0.8873239436619719,0.937007874015748,0.9497716894977168,0.0496839303537761,0.8698630136986302,0.9669421487603306,-0.0970791350617004,0.5427584300718629,0.4498065229408513,9,3,6,0.0323741007194244,0.0206896551724137,0.0451127819548872,245,126,119,612.5,315.0,297.5,4,0,0,0,"psych_curve(xdata=array([-70.,  -8.,  -4.,  -2.,   0.,   2.,   4.,   8.,  70.]), ydata=[0.054, 0.222, 0.143, 0.444, 0.667, 0.8, 0.778, 1.0, 0.953], fit=[0.1, 0.1, 0.1, 0.1, 0.1, 0.1, 0.1, 0.1, 0.1, 0.1, 0.1, 0.1, 0.1, 0.1, 0.1, 0.1, 0.1, 0.1, 0.1, 0.1, 0.1, 0.1, 0.1, 0.1, 0.1, 0.1, 0.1, 0.1, 0.1, 0.1, 0.1, 0.1, 0.1, 0.1, 0.1, 0.1, 0.1, 0.1, 0.1, 0.101, 0.101, 0.103, 0.106, 0.111, 0.124, 0.148, 0.194, 0.274, 0.397, 0.548, 0.691, 0.799, 0.866, 0.903, 0.922, 0.931, 0.936, 0.938, 0.939, 0.94, 0.94, 0.94, 0.94, 0.94, 0.94, 0.94, 0.94, 0.94, 0.94, 0.94, 0.94, 0.94, 0.94, 0.94, 0.94, 0.94, 0.94, 0.94, 0.94, 0.94, 0.94, 0.94, 0.94, 0.94, 0.94, 0.94, 0.94, 0.94, 0.94, 0.94, 0.94, 0.94, 0.94, 0.94, 0.94, 0.94, 0.94, 0.94, 0.94, 0.94], params=[0.52, -0.96, 0.1, 0.06], fit_error=[0.021, 0.147, 0.143, 0.176, 0.211, 0.2, 0.147, 0.0, 0.02])",[-70.  -8.  -4.  -2.   0.   2.   4.   8.  70.],"[0.054, 0.222, 0.143, 0.444, 0.667, 0.8, 0.778, 1.0, 0.953]","[0.1, 0.1, 0.1, 0.1, 0.1, 0.1, 0.1, 0.1, 0.1, 0.1, 0.1, 0.1, 0.1, 0.1, 0.1, 0.1, 0.1, 0.1, 0.1, 0.1, 0.1, 0.1, 0.1, 0.1, 0.1, 0.1, 0.1, 0.1, 0.1, 0.1, 0.1, 0.1, 0.1, 0.1, 0.1, 0.1, 0.1, 0.1, 0.1, 0.101, 0.101, 0.103, 0.106, 0.111, 0.124, 0.148, 0.194, 0.274, 0.397, 0.548, 0.691, 0.799, 0.866, 0.903, 0.922, 0.931, 0.936, 0.938, 0.939, 0.94, 0.94, 0.94, 0.94, 0.94, 0.94, 0.94, 0.94, 0.94, 0.94, 0.94, 0.94, 0.94, 0.94, 0.94, 0.94, 0.94, 0.94, 0.94, 0.94, 0.94, 0.94, 0.94, 0.94, 0.94, 0.94, 0.94, 0.94, 0.94, 0.94, 0.94, 0.94, 0.94, 0.94, 0.94, 0.94, 0.94, 0.94, 0.94, 0.94, 0.94]","[0.021, 0.147, 0.143, 0.176, 0.211, 0.2, 0.147, 0.0, 0.02]","[0.52, -0.96, 0.1, 0.06]",0.52,-0.96,0.1,0.06,"psych_curve(xdata=array([-70.,  -8.,  -4.,  -2.,   0.,   2.,   4.,   8.,  70.]), ydata=[0.062, 0.286, 0.429, 0.667, 1.0, 0.875, 1.0, 1.0, 0.971], fit=[nan, nan, nan, nan, nan, nan, nan, nan, nan, nan, nan, nan, nan, nan, nan, nan, nan, nan, nan, nan, nan, nan, nan, nan, nan, nan, nan, nan, nan, nan, nan, nan, nan, nan, nan, nan, nan, nan, nan, nan, nan, nan, nan, nan, nan, nan, nan, nan, nan, nan, nan, nan, nan, nan, nan, nan, nan, nan, nan, nan, nan, nan, nan, nan, nan, nan, nan, nan, nan, nan, nan, nan, nan, nan, nan, nan, nan, nan, nan, nan, nan, nan, nan, nan, nan, nan, nan, nan, nan, nan, nan, nan, nan, nan, nan, nan, nan, nan, nan, nan], params=[0.59, -3.15, 0.14, 0.01], fit_error=[0.023, 0.184, 0.202, 0.211, 0.0, 0.125, 0.0, 0.0, 0.016])",[-70.  -8.  -4.  -2.   0.   2.   4.   8.  70.],"[0.054, 0.222, 0.143, 0.444, 0.667, 0.8, 0.778, 1.0, 0.953]","[0.1, 0.1, 0.1, 0.1, 0.1, 0.1, 0.1, 0.1, 0.1, 0.1, 0.1, 0.1, 0.1, 0.1, 0.1, 0.1, 0.1, 0.1, 0.1, 0.1, 0.1, 0.1, 0.1, 0.1, 0.1, 0.1, 0.1, 0.1, 0.1, 0.1, 0.1, 0.1, 0.1, 0.1, 0.1, 0.1, 0.1, 0.1, 0.1, 0.101, 0.101, 0.103, 0.106, 0.111, 0.124, 0.148, 0.194, 0.274, 0.397, 0.548, 0.691, 0.799, 0.866, 0.903, 0.922, 0.931, 0.936, 0.938, 0.939, 0.94, 0.94, 0.94, 0.94, 0.94, 0.94, 0.94, 0.94, 0.94, 0.94, 0.94, 0.94, 0.94, 0.94, 0.94, 0.94, 0.94, 0.94, 0.94, 0.94, 0.94, 0.94, 0.94, 0.94, 0.94, 0.94, 0.94, 0.94, 0.94, 0.94, 0.94, 0.94, 0.94, 0.94, 0.94, 0.94, 0.94, 0.94, 0.94, 0.94, 0.94]","[0.021, 0.147, 0.143, 0.176, 0.211, 0.2, 0.147, 0.0, 0.02]","[0.59, -3.15, 0.14, 0.01]",0.59,-3.15,0.14,0.01,
2022-03-31,3,333,['Bpod5'],400,206,194,212,178,335,181,154,181,150,55,24,31,0.8375,0.8786407766990292,0.7938144329896907,390,205,185,225,127,98,0.5990566037735849,0.550561797752809,160,80,80,0.3773584905660377,0.449438202247191,0.8589743589743589,0.8829268292682927,0.8324324324324325,0.96,-0.0504943968358602,0.8044444444444444,0.9375,-0.1330555555555556,0.574809200763197,0.4133983464066144,10,1,9,0.025,0.0048543689320388,0.0463917525773195,335,181,154,837.5,452.5,385.0,4,0,0,0,"psych_curve(xdata=array([-70.,  -8.,  -4.,  -2.,   0.,   2.,   4.,   8.,  70.]), ydata=[0.009, 0.115, 0.176, 0.233, 0.485, 0.583, 0.682, 0.895, 0.924], fit=[0.03, 0.03, 0.03, 0.03, 0.03, 0.03, 0.03, 0.03, 0.03, 0.03, 0.03, 0.03, 0.03, 0.03, 0.03, 0.03, 0.03, 0.03, 0.03, 0.03, 0.03, 0.03, 0.03, 0.03, 0.03, 0.03, 0.03, 0.03, 0.03, 0.03, 0.03, 0.03, 0.03, 0.03, 0.03, 0.031, 0.031, 0.032, 0.033, 0.035, 0.037, 0.042, 0.049, 0.06, 0.078, 0.105, 0.145, 0.202, 0.279, 0.374, 0.481, 0.587, 0.682, 0.758, 0.815, 0.856, 0.882, 0.9, 0.911, 0.918, 0.923, 0.925, 0.927, 0.928, 0.929, 0.929, 0.93, 0.93, 0.93, 0.93, 0.93, 0.93, 0.93, 0.93, 0.93, 0.93, 0.93, 0.93, 0.93, 0.93, 0.93, 0.93, 0.93, 0.93, 0.93, 0.93, 0.93, 0.93, 0.93, 0.93, 0.93, 0.93, 0.93, 0.93, 0.93, 0.93, 0.93, 0.93, 0.93, 0.93], params=[0.34, 0.7, 0.03, 0.07], fit_error=[0.009, 0.064, 0.095, 0.079, 0.088, 0.103, 0.102, 0.05, 0.028])",[-70.  -8.  -4.  -2.   0.   2.   4.   8.  70.],"[0.009, 0.115, 0.176, 0.233, 0.485, 0.583, 0.682, 0.895, 0.924]","[0.03, 0.03, 0.03, 0.03, 0.03, 0.03, 0.03, 0.03, 0.03, 0.03, 0.03, 0.03, 0.03, 0.03, 0.03, 0.03, 0.03, 0.03, 0.03, 0.03, 0.03, 0.03, 0.03, 0.03, 0.03, 0.03, 0.03, 0.03, 0.03, 0.03, 0.03, 0.03, 0.03, 0.03, 0.03, 0.031, 0.031, 0.032, 0.033, 0.035, 0.037, 0.042, 0.049, 0.06, 0.078, 0.105, 0.145, 0.202, 0.279, 0.374, 0.481, 0.587, 0.682, 0.758, 0.815, 0.856, 0.882, 0.9, 0.911, 0.918, 0.923, 0.925, 0.927, 0.928, 0.929, 0.929, 0.93, 0.93, 0.93, 0.93, 0.93, 0.93, 0.93, 0.93, 0.93, 0.93, 0.93, 0.93, 0.93, 0.93, 0.93, 0.93, 0.93, 0.93, 0.93, 0.93, 0.93, 0.93, 0.93, 0.93, 0.93, 0.93, 0.93, 0.93, 0.93, 0.93, 0.93, 0.93, 0.93, 0.93]","[0.009, 0.064, 0.095, 0.079, 0.088, 0.103, 0.102, 0.05, 0.028]","[0.34, 0.7, 0.03, 0.07]",0.34,0.7,0.03,0.07,"psych_curve(xdata=array([-70.,  -8.,  -4.,  -2.,   0.,   2.,   4.,   8.,  70.]), ydata=[0.055, 0.185, 0.476, 0.545, 0.818, 0.867, 1.0, 0.944, 0.978], fit=[nan, nan, nan, nan, nan, nan, nan, nan, nan, nan, nan, nan, nan, nan, nan, nan, nan, nan, nan, nan, nan, nan, nan, nan, nan, nan, nan, nan, nan, nan, nan, nan, nan, nan, nan, nan, nan, nan, nan, nan, nan, nan, nan, nan, nan, nan, nan, nan, nan, nan, nan, nan, nan, nan, nan, nan, nan, nan, nan, nan, nan, nan, nan, nan, nan, nan, nan, nan, nan, nan, nan, nan, nan, nan, nan, nan, nan, nan, nan, nan, nan, nan, nan, nan, nan, nan, nan, nan, nan, nan, nan, nan, nan, nan, nan, nan, nan, nan, nan, nan], params=[0.4, -3.03, 0.07, 0.01], fit_error=[0.022, 0.076, 0.112, 0.109, 0.068, 0.063, 0.0, 0.039, 0.016])",[-70.  -8.  -4.  -2.   0.   2.   4.   8.  70.],"[0.009, 0.115, 0.176, 0.233, 0.485, 0.583, 0.682, 0.895, 0.924]","[0.03, 0.03, 0.03, 0.03, 0.03, 0.03, 0.03, 0.03, 0.03, 0.03, 0.03, 0.03, 0.03, 0.03, 0.03, 0.03, 0.03, 0.03, 0.03, 0.03, 0.03, 0.03, 0.03, 0.03, 0.03, 0.03, 0.03, 0.03, 0.03, 0.03, 0.03, 0.03, 0.03, 0.03, 0.03, 0.031, 0.031, 0.032, 0.033, 0.035, 0.037, 0.042, 0.049, 0.06, 0.078, 0.105, 0.145, 0.202, 0.279, 0.374, 0.481, 0.587, 0.682, 0.758, 0.815, 0.856, 0.882, 0.9, 0.911, 0.918, 0.923, 0.925, 0.927, 0.928, 0.929, 0.929, 0.93, 0.93, 0.93, 0.93, 0.93, 0.93, 0.93, 0.93, 0.93, 0.93, 0.93, 0.93, 0.93, 0.93, 0.93, 0.93, 0.93, 0.93, 0.93, 0.93, 0.93, 0.93, 0.93, 0.93, 0.93, 0.93, 0.93, 0.93, 0.93, 0.93, 0.93, 0.93, 0.93, 0.93]","[0.009, 0.064, 0.095, 0.079, 0.088, 0.103, 0.102, 0.05, 0.028]","[0.4, -3.03, 0.07, 0.01]",0.4,-3.03,0.07,0.01,
2022-04-01,4,333,['Bpod5'],517,254,263,211,297,439,196,243,226,211,69,54,15,0.8491295938104448,0.7716535433070866,0.9239543726235742,508,250,258,269,91,178,0.4312796208530806,0.5993265993265994,237,118,119,0.5592417061611374,0.4006734006734007,0.8641732283464567,0.784,0.9418604651162792,1.0,0.157860465116279,0.8401486988847584,0.890295358649789,-0.0501466597650306,0.51530311008984,0.4799575534172691,9,4,5,0.0174081237911025,0.0157480314960629,0.0190114068441064,439,196,243,1097.5,490.0,607.5,4,0,0,0,"psych_curve(xdata=array([-70.,  -8.,  -4.,  -2.,   0.,   2.,   4.,   8.,  70.]), ydata=[0.0, 0.342, 0.457, 0.485, 0.741, 0.795, 0.905, 0.97, 1.0], fit=[0.02, 0.02, 0.02, 0.02, 0.02, 0.02, 0.02, 0.02, 0.02, 0.02, 0.02, 0.02, 0.02, 0.02, 0.02, 0.02, 0.02, 0.02, 0.02, 0.02, 0.02, 0.02, 0.02, 0.02, 0.021, 0.021, 0.021, 0.021, 0.022, 0.023, 0.024, 0.025, 0.027, 0.03, 0.033, 0.038, 0.045, 0.054, 0.067, 0.084, 0.106, 0.136, 0.173, 0.221, 0.278, 0.345, 0.421, 0.501, 0.583, 0.662, 0.734, 0.798, 0.851, 0.894, 0.928, 0.954, 0.974, 0.989, 1.0, 1.008, 1.014, 1.018, 1.022, 1.024, 1.026, 1.027, 1.028, 1.028, 1.029, 1.029, 1.029, 1.03, 1.03, 1.03, 1.03, 1.03, 1.03, 1.03, 1.03, 1.03, 1.03, 1.03, 1.03, 1.03, 1.03, 1.03, 1.03, 1.03, 1.03, 1.03, 1.03, 1.03, 1.03, 1.03, 1.03, 1.03, 1.03, 1.03, 1.03, 1.03], params=[0.23, -3.13, 0.02, -0.03], fit_error=[0.0, 0.078, 0.085, 0.088, 0.086, 0.066, 0.046, 0.03, 0.0])",[-70.  -8.  -4.  -2.   0.   2.   4.   8.  70.],"[0.0, 0.342, 0.457, 0.485, 0.741, 0.795, 0.905, 0.97, 1.0]","[0.02, 0.02, 0.02, 0.02, 0.02, 0.02, 0.02, 0.02, 0.02, 0.02, 0.02, 0.02, 0.02, 0.02, 0.02, 0.02, 0.02, 0.02, 0.02, 0.02, 0.02, 0.02, 0.02, 0.02, 0.021, 0.021, 0.021, 0.021, 0.022, 0.023, 0.024, 0.025, 0.027, 0.03, 0.033, 0.038, 0.045, 0.054, 0.067, 0.084, 0.106, 0.136, 0.173, 0.221, 0.278, 0.345, 0.421, 0.501, 0.583, 0.662, 0.734, 0.798, 0.851, 0.894, 0.928, 0.954, 0.974, 0.989, 1.0, 1.008, 1.014, 1.018, 1.022, 1.024, 1.026, 1.027, 1.028, 1.028, 1.029, 1.029, 1.029, 1.03, 1.03, 1.03, 1.03, 1.03, 1.03, 1.03, 1.03, 1.03, 1.03, 1.03, 1.03, 1.03, 1.03, 1.03, 1.03, 1.03, 1.03, 1.03, 1.03, 1.03, 1.03, 1.03, 1.03, 1.03, 1.03, 1.03, 1.03, 1.03]","[0.0, 0.078, 0.085, 0.088, 0.086, 0.066, 0.046, 0.03, 0.0]","[0.23, -3.13, 0.02, -0.03]",0.23,-3.13,0.02,-0.03,"psych_curve(xdata=array([-70.,  -8.,  -4.,  -2.,   0.,   2.,   4.,   8.,  70.]), ydata=[0.0, 0.237, 0.359, 0.457, 0.444, 0.784, 0.838, 0.848, 1.0], fit=[nan, nan, nan, nan, nan, nan, nan, nan, nan, nan, nan, nan, nan, nan, nan, nan, nan, nan, nan, nan, nan, nan, nan, nan, nan, nan, nan, nan, nan, nan, nan, nan, nan, nan, nan, nan, nan, nan, nan, nan, nan, nan, nan, nan, nan, nan, nan, nan, nan, nan, nan, nan, nan, nan, nan, nan, nan, nan, nan, nan, nan, nan, nan, nan, nan, nan, nan, nan, nan, nan, nan, nan, nan, nan, nan, nan, nan, nan, nan, nan, nan, nan, nan, nan, nan, nan, nan, nan, nan, nan, nan, nan, nan, nan, nan, nan, nan, nan, nan, nan], params=[0.23, -1.24, 0.02, -0.0], fit_error=[0.0, 0.07, 0.078, 0.085, 0.097, 0.069, 0.061, 0.063, 0.0])",[-70.  -8.  -4.  -2.   0.   2.   4.   8.  70.],"[0.0, 0.342, 0.457, 0.485, 0.741, 0.795, 0.905, 0.97, 1.0]","[0.02, 0.02, 0.02, 0.02, 0.02, 0.02, 0.02, 0.02, 0.02, 0.02, 0.02, 0.02, 0.02, 0.02, 0.02, 0.02, 0.02, 0.02, 0.02, 0.02, 0.02, 0.02, 0.02, 0.02, 0.021, 0.021, 0.021, 0.021, 0.022, 0.023, 0.024, 0.025, 0.027, 0.03, 0.033, 0.038, 0.045, 0.054, 0.067, 0.084, 0.106, 0.136, 0.173, 0.221, 0.278, 0.345, 0.421, 0.501, 0.583, 0.662, 0.734, 0.798, 0.851, 0.894, 0.928, 0.954, 0.974, 0.989, 1.0, 1.008, 1.014, 1.018, 1.022, 1.024, 1.026, 1.027, 1.028, 1.028, 1.029, 1.029, 1.029, 1.03, 1.03, 1.03, 1.03, 1.03, 1.03, 1.03, 1.03, 1.03, 1.03, 1.03, 1.03, 1.03, 1.03, 1.03, 1.03, 1.03, 1.03, 1.03, 1.03, 1.03, 1.03, 1.03, 1.03, 1.03, 1.03, 1.03, 1.03, 1.03]","[0.0, 0.078, 0.085, 0.088, 0.086, 0.066, 0.046, 0.03, 0.0]","[0.23, -1.24, 0.02, -0.0]",0.23,-1.24,0.02,-0.0,
2022-04-04,0,333,['Bpod5'],497,245,252,242,246,403,199,204,212,187,85,42,43,0.8108651911468813,0.8122448979591836,0.8095238095238095,488,241,247,274,134,140,0.5537190082644629,0.5691056910569106,210,105,105,0.4338842975206611,0.4268292682926829,0.8258196721311475,0.8257261410788381,0.8259109311740891,0.9722222222222222,0.0001847900952509,0.7737226277372263,0.8904761904761904,-0.116753562738964,0.5614123496606866,0.430356782906672,9,4,5,0.0181086519114688,0.0163265306122449,0.0198412698412698,403,199,204,1007.5,497.5,510.0,4,0,0,0,"psych_curve(xdata=array([-70.,  -8.,  -4.,  -2.,   0.,   2.,   4.,   8.,  70.]), ydata=[0.01, 0.103, 0.286, 0.4, 0.455, 0.514, 0.83, 0.944, 0.955], fit=[0.03, 0.03, 0.03, 0.03, 0.03, 0.03, 0.03, 0.03, 0.03, 0.03, 0.03, 0.03, 0.03, 0.03, 0.03, 0.03, 0.03, 0.03, 0.03, 0.03, 0.03, 0.03, 0.03, 0.03, 0.03, 0.03, 0.03, 0.03, 0.03, 0.03, 0.03, 0.03, 0.031, 0.031, 0.032, 0.032, 0.033, 0.035, 0.038, 0.042, 0.048, 0.057, 0.069, 0.088, 0.115, 0.153, 0.204, 0.27, 0.351, 0.443, 0.541, 0.636, 0.722, 0.794, 0.85, 0.893, 0.923, 0.944, 0.959, 0.969, 0.976, 0.981, 0.984, 0.986, 0.987, 0.988, 0.989, 0.989, 0.989, 0.99, 0.99, 0.99, 0.99, 0.99, 0.99, 0.99, 0.99, 0.99, 0.99, 0.99, 0.99, 0.99, 0.99, 0.99, 0.99, 0.99, 0.99, 0.99, 0.99, 0.99, 0.99, 0.99, 0.99, 0.99, 0.99, 0.99, 0.99, 0.99, 0.99, 0.99], params=[0.29, 0.26, 0.03, 0.01], fit_error=[0.01, 0.049, 0.071, 0.078, 0.088, 0.086, 0.055, 0.039, 0.02])",[-70.  -8.  -4.  -2.   0.   2.   4.   8.  70.],"[0.01, 0.103, 0.286, 0.4, 0.455, 0.514, 0.83, 0.944, 0.955]","[0.03, 0.03, 0.03, 0.03, 0.03, 0.03, 0.03, 0.03, 0.03, 0.03, 0.03, 0.03, 0.03, 0.03, 0.03, 0.03, 0.03, 0.03, 0.03, 0.03, 0.03, 0.03, 0.03, 0.03, 0.03, 0.03, 0.03, 0.03, 0.03, 0.03, 0.03, 0.03, 0.031, 0.031, 0.032, 0.032, 0.033, 0.035, 0.038, 0.042, 0.048, 0.057, 0.069, 0.088, 0.115, 0.153, 0.204, 0.27, 0.351, 0.443, 0.541, 0.636, 0.722, 0.794, 0.85, 0.893, 0.923, 0.944, 0.959, 0.969, 0.976, 0.981, 0.984, 0.986, 0.987, 0.988, 0.989, 0.989, 0.989, 0.99, 0.99, 0.99, 0.99, 0.99, 0.99, 0.99, 0.99, 0.99, 0.99, 0.99, 0.99, 0.99, 0.99, 0.99, 0.99, 0.99, 0.99, 0.99, 0.99, 0.99, 0.99, 0.99, 0.99, 0.99, 0.99, 0.99, 0.99, 0.99, 0.99, 0.99]","[0.01, 0.049, 0.071, 0.078, 0.088, 0.086, 0.055, 0.039, 0.02]","[0.29, 0.26, 0.03, 0.01]",0.29,0.26,0.03,0.01,"psych_curve(xdata=array([-70.,  -8.,  -4.,  -2.,   0.,   2.,   4.,   8.,  70.]), ydata=[0.054, 0.051, 0.357, 0.639, 0.727, 0.737, 0.894, 0.889, 1.0], fit=[nan, nan, nan, nan, nan, nan, nan, nan, nan, nan, nan, nan, nan, nan, nan, nan, nan, nan, nan, nan, nan, nan, nan, nan, nan, nan, nan, nan, nan, nan, nan, nan, nan, nan, nan, nan, nan, nan, nan, nan, nan, nan, nan, nan, nan, nan, nan, nan, nan, nan, nan, nan, nan, nan, nan, nan, nan, nan, nan, nan, nan, nan, nan, nan, nan, nan, nan, nan, nan, nan, nan, nan, nan, nan, nan, nan, nan, nan, nan, nan, nan, nan, nan, nan, nan, nan, nan, nan, nan, nan, nan, nan, nan, nan, nan, nan, nan, nan, nan, nan], params=[0.44, -2.98, 0.01, 0.07], fit_error=[0.022, 0.036, 0.075, 0.081, 0.079, 0.072, 0.045, 0.053, 0.0])",[-70.  -8.  -4.  -2.   0.   2.   4.   8.  70.],"[0.01, 0.103, 0.286, 0.4, 0.455, 0.514, 0.83, 0.944, 0.955]","[0.03, 0.03, 0.03, 0.03, 0.03, 0.03, 0.03, 0.03, 0.03, 0.03, 0.03, 0.03, 0.03, 0.03, 0.03, 0.03, 0.03, 0.03, 0.03, 0.03, 0.03, 0.03, 0.03, 0.03, 0.03, 0.03, 0.03, 0.03, 0.03, 0.03, 0.03, 0.03, 0.031, 0.031, 0.032, 0.032, 0.033, 0.035, 0.038, 0.042, 0.048, 0.057, 0.069, 0.088, 0.115, 0.153, 0.204, 0.27, 0.351, 0.443, 0.541, 0.636, 0.722, 0.794, 0.85, 0.893, 0.923, 0.944, 0.959, 0.969, 0.976, 0.981, 0.984, 0.986, 0.987, 0.988, 0.989, 0.989, 0.989, 0.99, 0.99, 0.99, 0.99, 0.99, 0.99, 0.99, 0.99, 0.99, 0.99, 0.99, 0.99, 0.99, 0.99, 0.99, 0.99, 0.99, 0.99, 0.99, 0.99, 0.99, 0.99, 0.99, 0.99, 0.99, 0.99, 0.99, 0.99, 0.99, 0.99, 0.99]","[0.01, 0.049, 0.071, 0.078, 0.088, 0.086, 0.055, 0.039, 0.02]","[0.44, -2.98, 0.01, 0.07]",0.44,-2.98,0.01,0.07,
2022-04-05,1,333,['Bpod5'],570,300,270,343,214,444,262,182,237,201,113,32,81,0.7789473684210526,0.8733333333333333,0.674074074074074,557,294,263,312,215,97,0.6268221574344023,0.4532710280373832,234,117,117,0.3411078717201166,0.5467289719626168,0.7971274685816876,0.891156462585034,0.6920152091254753,0.9395348837209302,-0.1991412534595587,0.7596153846153846,0.8589743589743589,-0.0993589743589743,0.5400465927358927,0.4439184218413667,13,6,7,0.0228070175438596,0.02,0.0259259259259259,444,262,182,1110.0,655.0,455.0,4,0,0,0,"psych_curve(xdata=array([-70.,  -8.,  -4.,  -2.,   0.,   2.,   4.,   8.,  70.]), ydata=[0.0, 0.0, 0.217, 0.258, 0.222, 0.46, 0.694, 0.827, 0.867], fit=[0.02, 0.02, 0.02, 0.02, 0.02, 0.02, 0.02, 0.02, 0.02, 0.02, 0.02, 0.02, 0.02, 0.02, 0.02, 0.02, 0.02, 0.02, 0.02, 0.02, 0.02, 0.02, 0.02, 0.02, 0.02, 0.02, 0.02, 0.02, 0.02, 0.02, 0.02, 0.02, 0.02, 0.02, 0.02, 0.02, 0.02, 0.021, 0.021, 0.022, 0.023, 0.026, 0.029, 0.036, 0.046, 0.063, 0.09, 0.132, 0.194, 0.278, 0.381, 0.494, 0.602, 0.693, 0.761, 0.809, 0.84, 0.86, 0.872, 0.879, 0.884, 0.886, 0.888, 0.889, 0.889, 0.89, 0.89, 0.89, 0.89, 0.89, 0.89, 0.89, 0.89, 0.89, 0.89, 0.89, 0.89, 0.89, 0.89, 0.89, 0.89, 0.89, 0.89, 0.89, 0.89, 0.89, 0.89, 0.89, 0.89, 0.89, 0.89, 0.89, 0.89, 0.89, 0.89, 0.89, 0.89, 0.89, 0.89, 0.89], params=[0.37, 1.63, 0.02, 0.11], fit_error=[0.0, 0.0, 0.061, 0.056, 0.057, 0.071, 0.078, 0.053, 0.034])",[-70.  -8.  -4.  -2.   0.   2.   4.   8.  70.],"[0.0, 0.0, 0.217, 0.258, 0.222, 0.46, 0.694, 0.827, 0.867]","[0.02, 0.02, 0.02, 0.02, 0.02, 0.02, 0.02, 0.02, 0.02, 0.02, 0.02, 0.02, 0.02, 0.02, 0.02, 0.02, 0.02, 0.02, 0.02, 0.02, 0.02, 0.02, 0.02, 0.02, 0.02, 0.02, 0.02, 0.02, 0.02, 0.02, 0.02, 0.02, 0.02, 0.02, 0.02, 0.02, 0.02, 0.021, 0.021, 0.022, 0.023, 0.026, 0.029, 0.036, 0.046, 0.063, 0.09, 0.132, 0.194, 0.278, 0.381, 0.494, 0.602, 0.693, 0.761, 0.809, 0.84, 0.86, 0.872, 0.879, 0.884, 0.886, 0.888, 0.889, 0.889, 0.89, 0.89, 0.89, 0.89, 0.89, 0.89, 0.89, 0.89, 0.89, 0.89, 0.89, 0.89, 0.89, 0.89, 0.89, 0.89, 0.89, 0.89, 0.89, 0.89, 0.89, 0.89, 0.89, 0.89, 0.89, 0.89, 0.89, 0.89, 0.89, 0.89, 0.89, 0.89, 0.89, 0.89, 0.89]","[0.0, 0.0, 0.061, 0.056, 0.057, 0.071, 0.078, 0.053, 0.034]","[0.37, 1.63, 0.02, 0.11]",0.37,1.63,0.02,0.11,"psych_curve(xdata=array([-70.,  -8.,  -4.,  -2.,   0.,   2.,   4.,   8.,  70.]), ydata=[0.105, 0.1, 0.295, 0.574, 0.615, 0.857, 0.784, 0.952, 0.991], fit=[nan, nan, nan, nan, nan, nan, nan, nan, nan, nan, nan, nan, nan, nan, nan, nan, nan, nan, nan, nan, nan, nan, nan, nan, nan, nan, nan, nan, nan, nan, nan, nan, nan, nan, nan, nan, nan, nan, nan, nan, nan, nan, nan, nan, nan, nan, nan, nan, nan, nan, nan, nan, nan, nan, nan, nan, nan, nan, nan, nan, nan, nan, nan, nan, nan, nan, nan, nan, nan, nan, nan, nan, nan, nan, nan, nan, nan, nan, nan, nan, nan, nan, nan, nan, nan, nan, nan, nan, nan, nan, nan, nan, nan, nan, nan, nan, nan, nan, nan, nan], params=[0.4, -1.78, 0.07, 0.04], fit_error=[0.03, 0.043, 0.07, 0.064, 0.068, 0.051, 0.069, 0.033, 0.009])",[-70.  -8.  -4.  -2.   0.   2.   4.   8.  70.],"[0.0, 0.0, 0.217, 0.258, 0.222, 0.46, 0.694, 0.827, 0.867]","[0.02, 0.02, 0.02, 0.02, 0.02, 0.02, 0.02, 0.02, 0.02, 0.02, 0.02, 0.02, 0.02, 0.02, 0.02, 0.02, 0.02, 0.02, 0.02, 0.02, 0.02, 0.02, 0.02, 0.02, 0.02, 0.02, 0.02, 0.02, 0.02, 0.02, 0.02, 0.02, 0.02, 0.02, 0.02, 0.02, 0.02, 0.021, 0.021, 0.022, 0.023, 0.026, 0.029, 0.036, 0.046, 0.063, 0.09, 0.132, 0.194, 0.278, 0.381, 0.494, 0.602, 0.693, 0.761, 0.809, 0.84, 0.86, 0.872, 0.879, 0.884, 0.886, 0.888, 0.889, 0.889, 0.89, 0.89, 0.89, 0.89, 0.89, 0.89, 0.89, 0.89, 0.89, 0.89, 0.89, 0.89, 0.89, 0.89, 0.89, 0.89, 0.89, 0.89, 0.89, 0.89, 0.89, 0.89, 0.89, 0.89, 0.89, 0.89, 0.89, 0.89, 0.89, 0.89, 0.89, 0.89, 0.89, 0.89, 0.89]","[0.0, 0.0, 0.061, 0.056, 0.057, 0.071, 0.078, 0.053, 0.034]","[0.4, -1.78, 0.07, 0.04]",0.4,-1.78,0.07,0.04,
2022-04-06,2,333,['Bpod5'],318,150,168,156,152,258,127,131,154,101,50,21,29,0.8113207547169812,0.8466666666666667,0.7797619047619048,308,148,160,191,94,97,0.6025641025641025,0.6381578947368421,110,55,55,0.3525641025641026,0.3618421052631579,0.8376623376623377,0.8581081081081081,0.81875,0.9714285714285714,-0.0393581081081081,0.806282722513089,0.9181818181818182,-0.1118990956687292,0.6203609986504723,0.3572031039136302,10,2,8,0.0314465408805031,0.0133333333333333,0.0476190476190476,258,127,131,645.0,317.5,327.5,4,0,0,0,"psych_curve(xdata=array([-70.,  -8.,  -4.,  -2.,   0.,   2.,   4.,   8.,  70.]), ydata=[0.0, 0.083, 0.273, 0.389, 0.682, 0.808, 0.704, 0.759, 0.938], fit=[0.02, 0.02, 0.02, 0.02, 0.02, 0.02, 0.02, 0.02, 0.02, 0.02, 0.02, 0.02, 0.02, 0.02, 0.02, 0.02, 0.02, 0.02, 0.02, 0.02, 0.02, 0.02, 0.02, 0.02, 0.02, 0.02, 0.02, 0.02, 0.02, 0.02, 0.02, 0.02, 0.02, 0.02, 0.02, 0.02, 0.02, 0.02, 0.021, 0.021, 0.023, 0.026, 0.032, 0.044, 0.068, 0.112, 0.187, 0.3, 0.44, 0.578, 0.686, 0.756, 0.796, 0.818, 0.829, 0.835, 0.837, 0.839, 0.839, 0.84, 0.84, 0.84, 0.84, 0.84, 0.84, 0.84, 0.84, 0.84, 0.84, 0.84, 0.84, 0.84, 0.84, 0.84, 0.84, 0.84, 0.84, 0.84, 0.84, 0.84, 0.84, 0.84, 0.84, 0.84, 0.84, 0.84, 0.84, 0.84, 0.84, 0.84, 0.84, 0.84, 0.84, 0.84, 0.84, 0.84, 0.84, 0.84, 0.84, 0.84], params=[0.5, -2.22, 0.02, 0.16], fit_error=[0.0, 0.058, 0.097, 0.118, 0.102, 0.079, 0.09, 0.081, 0.03])",[-70.  -8.  -4.  -2.   0.   2.   4.   8.  70.],"[0.0, 0.083, 0.273, 0.389, 0.682, 0.808, 0.704, 0.759, 0.938]","[0.02, 0.02, 0.02, 0.02, 0.02, 0.02, 0.02, 0.02, 0.02, 0.02, 0.02, 0.02, 0.02, 0.02, 0.02, 0.02, 0.02, 0.02, 0.02, 0.02, 0.02, 0.02, 0.02, 0.02, 0.02, 0.02, 0.02, 0.02, 0.02, 0.02, 0.02, 0.02, 0.02, 0.02, 0.02, 0.02, 0.02, 0.02, 0.021, 0.021, 0.023, 0.026, 0.032, 0.044, 0.068, 0.112, 0.187, 0.3, 0.44, 0.578, 0.686, 0.756, 0.796, 0.818, 0.829, 0.835, 0.837, 0.839, 0.839, 0.84, 0.84, 0.84, 0.84, 0.84, 0.84, 0.84, 0.84, 0.84, 0.84, 0.84, 0.84, 0.84, 0.84, 0.84, 0.84, 0.84, 0.84, 0.84, 0.84, 0.84, 0.84, 0.84, 0.84, 0.84, 0.84, 0.84, 0.84, 0.84, 0.84, 0.84, 0.84, 0.84, 0.84, 0.84, 0.84, 0.84, 0.84, 0.84, 0.84, 0.84]","[0.0, 0.058, 0.097, 0.118, 0.102, 0.079, 0.09, 0.081, 0.03]","[0.5, -2.22, 0.02, 0.16]",0.5,-2.22,0.02,0.16,"psych_curve(xdata=array([-70.,  -8.,  -4.,  -2.,  -0.,   2.,   4.,   8.,  70.]), ydata=[0.034, 0.308, 0.409, 0.55, 0.7, 0.958, 0.815, 0.962, 1.0], fit=[nan, nan, nan, nan, nan, nan, nan, nan, nan, nan, nan, nan, nan, nan, nan, nan, nan, nan, nan, nan, nan, nan, nan, nan, nan, nan, nan, nan, nan, nan, nan, nan, nan, nan, nan, nan, nan, nan, nan, nan, nan, nan, nan, nan, nan, nan, nan, nan, nan, nan, nan, nan, nan, nan, nan, nan, nan, nan, nan, nan, nan, nan, nan, nan, nan, nan, nan, nan, nan, nan, nan, nan, nan, nan, nan, nan, nan, nan, nan, nan, nan, nan, nan, nan, nan, nan, nan, nan, nan, nan, nan, nan, nan, nan, nan, nan, nan, nan, nan, nan], params=[0.28, -2.9, 0.06, -0.01], fit_error=[0.024, 0.092, 0.107, 0.114, 0.105, 0.042, 0.076, 0.038, 0.0])",[-70.  -8.  -4.  -2.   0.   2.   4.   8.  70.],"[0.0, 0.083, 0.273, 0.389, 0.682, 0.808, 0.704, 0.759, 0.938]","[0.02, 0.02, 0.02, 0.02, 0.02, 0.02, 0.02, 0.02, 0.02, 0.02, 0.02, 0.02, 0.02, 0.02, 0.02, 0.02, 0.02, 0.02, 0.02, 0.02, 0.02, 0.02, 0.02, 0.02, 0.02, 0.02, 0.02, 0.02, 0.02, 0.02, 0.02, 0.02, 0.02, 0.02, 0.02, 0.02, 0.02, 0.02, 0.021, 0.021, 0.023, 0.026, 0.032, 0.044, 0.068, 0.112, 0.187, 0.3, 0.44, 0.578, 0.686, 0.756, 0.796, 0.818, 0.829, 0.835, 0.837, 0.839, 0.839, 0.84, 0.84, 0.84, 0.84, 0.84, 0.84, 0.84, 0.84, 0.84, 0.84, 0.84, 0.84, 0.84, 0.84, 0.84, 0.84, 0.84, 0.84, 0.84, 0.84, 0.84, 0.84, 0.84, 0.84, 0.84, 0.84, 0.84, 0.84, 0.84, 0.84, 0.84, 0.84, 0.84, 0.84, 0.84, 0.84, 0.84, 0.84, 0.84, 0.84, 0.84]","[0.0, 0.058, 0.097, 0.118, 0.102, 0.079, 0.09, 0.081, 0.03]","[0.28, -2.9, 0.06, -0.01]",0.28,-2.9,0.06,-0.01,
2022-04-07,3,333,['Bpod5'],345,186,159,207,112,256,159,97,151,94,63,15,48,0.7420289855072464,0.8548387096774194,0.610062893081761,319,174,145,204,143,61,0.6908212560386473,0.5446428571428571,102,51,51,0.2463768115942029,0.4553571428571428,0.8025078369905956,0.913793103448276,0.6689655172413793,0.951048951048951,-0.2448275862068966,0.7401960784313726,0.9215686274509804,-0.1813725490196077,0.6177320565907523,0.3508669772256729,26,12,14,0.0753623188405797,0.064516129032258,0.0880503144654088,256,159,97,640.0,397.5,242.5,4,0,0,0,"psych_curve(xdata=array([-70.,  -8.,  -4.,  -2.,   0.,   2.,   4.,   8.,  70.]), ydata=[0.0, 0.08, 0.12, 0.231, 0.214, 0.556, 0.583, 0.524, 0.887], fit=[-0.02, -0.02, -0.02, -0.02, -0.02, -0.02, -0.02, -0.02, -0.02, -0.02, -0.02, -0.02, -0.02, -0.02, -0.02, -0.02, -0.02, -0.02, -0.02, -0.02, -0.02, -0.02, -0.02, -0.02, -0.02, -0.02, -0.019, -0.019, -0.019, -0.019, -0.018, -0.018, -0.017, -0.016, -0.014, -0.013, -0.01, -0.007, -0.002, 0.004, 0.012, 0.022, 0.036, 0.054, 0.077, 0.105, 0.141, 0.184, 0.234, 0.291, 0.352, 0.417, 0.482, 0.544, 0.602, 0.652, 0.696, 0.732, 0.761, 0.784, 0.802, 0.817, 0.827, 0.835, 0.842, 0.846, 0.85, 0.852, 0.854, 0.856, 0.857, 0.858, 0.858, 0.859, 0.859, 0.859, 0.859, 0.86, 0.86, 0.86, 0.86, 0.86, 0.86, 0.86, 0.86, 0.86, 0.86, 0.86, 0.86, 0.86, 0.86, 0.86, 0.86, 0.86, 0.86, 0.86, 0.86, 0.86, 0.86, 0.86], params=[0.21, 2.18, -0.02, 0.14], fit_error=[0.0, 0.055, 0.066, 0.084, 0.079, 0.097, 0.103, 0.112, 0.041])",[-70.  -8.  -4.  -2.   0.   2.   4.   8.  70.],"[0.0, 0.08, 0.12, 0.231, 0.214, 0.556, 0.583, 0.524, 0.887]","[-0.02, -0.02, -0.02, -0.02, -0.02, -0.02, -0.02, -0.02, -0.02, -0.02, -0.02, -0.02, -0.02, -0.02, -0.02, -0.02, -0.02, -0.02, -0.02, -0.02, -0.02, -0.02, -0.02, -0.02, -0.02, -0.02, -0.019, -0.019, -0.019, -0.019, -0.018, -0.018, -0.017, -0.016, -0.014, -0.013, -0.01, -0.007, -0.002, 0.004, 0.012, 0.022, 0.036, 0.054, 0.077, 0.105, 0.141, 0.184, 0.234, 0.291, 0.352, 0.417, 0.482, 0.544, 0.602, 0.652, 0.696, 0.732, 0.761, 0.784, 0.802, 0.817, 0.827, 0.835, 0.842, 0.846, 0.85, 0.852, 0.854, 0.856, 0.857, 0.858, 0.858, 0.859, 0.859, 0.859, 0.859, 0.86, 0.86, 0.86, 0.86, 0.86, 0.86, 0.86, 0.86, 0.86, 0.86, 0.86, 0.86, 0.86, 0.86, 0.86, 0.86, 0.86, 0.86, 0.86, 0.86, 0.86, 0.86, 0.86]","[0.0, 0.055, 0.066, 0.084, 0.079, 0.097, 0.103, 0.112, 0.041]","[0.21, 2.18, -0.02, 0.14]",0.21,2.18,-0.02,0.14,"psych_curve(xdata=array([-70.,  -8.,  -4.,  -2.,   0.,   2.,   4.,   8.,  70.]), ydata=[0.104, 0.45, 0.423, 0.727, 0.808, 0.964, 0.913, 0.917, 1.0], fit=[nan, nan, nan, nan, nan, nan, nan, nan, nan, nan, nan, nan, nan, nan, nan, nan, nan, nan, nan, nan, nan, nan, nan, nan, nan, nan, nan, nan, nan, nan, nan, nan, nan, nan, nan, nan, nan, nan, nan, nan, nan, nan, nan, nan, nan, nan, nan, nan, nan, nan, nan, nan, nan, nan, nan, nan, nan, nan, nan, nan, nan, nan, nan, nan, nan, nan, nan, nan, nan, nan, nan, nan, nan, nan, nan, nan, nan, nan, nan, nan, nan, nan, nan, nan, nan, nan, nan, nan, nan, nan, nan, nan, nan, nan, nan, nan, nan, nan, nan, nan], params=[0.28, -4.22, 0.13, -0.0], fit_error=[0.038, 0.114, 0.099, 0.097, 0.079, 0.036, 0.06, 0.058, 0.0])",[-70.  -8.  -4.  -2.   0.   2.   4.   8.  70.],"[0.0, 0.08, 0.12, 0.231, 0.214, 0.556, 0.583, 0.524, 0.887]","[-0.02, -0.02, -0.02, -0.02, -0.02, -0.02, -0.02, -0.02, -0.02, -0.02, -0.02, -0.02, -0.02, -0.02, -0.02, -0.02, -0.02, -0.02, -0.02, -0.02, -0.02, -0.02, -0.02, -0.02, -0.02, -0.02, -0.019, -0.019, -0.019, -0.019, -0.018, -0.018, -0.017, -0.016, -0.014, -0.013, -0.01, -0.007, -0.002, 0.004, 0.012, 0.022, 0.036, 0.054, 0.077, 0.105, 0.141, 0.184, 0.234, 0.291, 0.352, 0.417, 0.482, 0.544, 0.602, 0.652, 0.696, 0.732, 0.761, 0.784, 0.802, 0.817, 0.827, 0.835, 0.842, 0.846, 0.85, 0.852, 0.854, 0.856, 0.857, 0.858, 0.858, 0.859, 0.859, 0.859, 0.859, 0.86, 0.86, 0.86, 0.86, 0.86, 0.86, 0.86, 0.86, 0.86, 0.86, 0.86, 0.86, 0.86, 0.86, 0.86, 0.86, 0.86, 0.86, 0.86, 0.86, 0.86, 0.86, 0.86]","[0.0, 0.055, 0.066, 0.084, 0.079, 0.097, 0.103, 0.112, 0.041]","[0.28, -4.22, 0.13, -0.0]",0.28,-4.22,0.13,-0.0,
2022-04-08,4,333,['Bpod5'],570,282,288,266,289,458,223,235,220,231,97,54,43,0.8035087719298246,0.7907801418439716,0.8159722222222222,555,277,278,286,129,157,0.4849624060150376,0.5432525951557093,259,129,130,0.4849624060150376,0.4498269896193771,0.8252252252252252,0.8050541516245487,0.8453237410071942,0.9948979591836736,0.0402695893826454,0.7692307692307693,0.8918918918918919,-0.1226611226611226,0.5141075005853735,0.4673946978172074,15,5,10,0.0263157894736842,0.0177304964539007,0.0347222222222222,458,223,235,1145.0,557.5,587.5,4,0,0,0,"psych_curve(xdata=array([-70.,  -8.,  -4.,  -2.,   0.,   2.,   4.,   8.,  70.]), ydata=[0.0, 0.118, 0.159, 0.5, 0.444, 0.75, 0.721, 0.98, 0.99], fit=[0.01, 0.01, 0.01, 0.01, 0.01, 0.01, 0.01, 0.01, 0.01, 0.01, 0.01, 0.01, 0.01, 0.01, 0.01, 0.01, 0.01, 0.01, 0.01, 0.01, 0.01, 0.01, 0.01, 0.01, 0.01, 0.01, 0.01, 0.01, 0.01, 0.01, 0.01, 0.01, 0.011, 0.011, 0.011, 0.012, 0.013, 0.015, 0.017, 0.021, 0.027, 0.036, 0.049, 0.07, 0.1, 0.143, 0.202, 0.279, 0.373, 0.479, 0.588, 0.69, 0.777, 0.846, 0.898, 0.935, 0.96, 0.977, 0.989, 0.996, 1.001, 1.004, 1.006, 1.008, 1.008, 1.009, 1.009, 1.01, 1.01, 1.01, 1.01, 1.01, 1.01, 1.01, 1.01, 1.01, 1.01, 1.01, 1.01, 1.01, 1.01, 1.01, 1.01, 1.01, 1.01, 1.01, 1.01, 1.01, 1.01, 1.01, 1.01, 1.01, 1.01, 1.01, 1.01, 1.01, 1.01, 1.01, 1.01, 1.01], params=[0.31, -0.31, 0.01, -0.01], fit_error=[0.0, 0.046, 0.056, 0.067, 0.075, 0.066, 0.055, 0.02, 0.01])",[-70.  -8.  -4.  -2.   0.   2.   4.   8.  70.],"[0.0, 0.118, 0.159, 0.5, 0.444, 0.75, 0.721, 0.98, 0.99]","[0.01, 0.01, 0.01, 0.01, 0.01, 0.01, 0.01, 0.01, 0.01, 0.01, 0.01, 0.01, 0.01, 0.01, 0.01, 0.01, 0.01, 0.01, 0.01, 0.01, 0.01, 0.01, 0.01, 0.01, 0.01, 0.01, 0.01, 0.01, 0.01, 0.01, 0.01, 0.01, 0.011, 0.011, 0.011, 0.012, 0.013, 0.015, 0.017, 0.021, 0.027, 0.036, 0.049, 0.07, 0.1, 0.143, 0.202, 0.279, 0.373, 0.479, 0.588, 0.69, 0.777, 0.846, 0.898, 0.935, 0.96, 0.977, 0.989, 0.996, 1.001, 1.004, 1.006, 1.008, 1.008, 1.009, 1.009, 1.01, 1.01, 1.01, 1.01, 1.01, 1.01, 1.01, 1.01, 1.01, 1.01, 1.01, 1.01, 1.01, 1.01, 1.01, 1.01, 1.01, 1.01, 1.01, 1.01, 1.01, 1.01, 1.01, 1.01, 1.01, 1.01, 1.01, 1.01, 1.01, 1.01, 1.01, 1.01, 1.01]","[0.0, 0.046, 0.056, 0.067, 0.075, 0.066, 0.055, 0.02, 0.01]","[0.31, -0.31, 0.01, -0.01]",0.31,-0.31,0.01,-0.01,"psych_curve(xdata=array([-70.,  -8.,  -4.,  -2.,   0.,   2.,   4.,   8.,  70.]), ydata=[0.0, 0.088, 0.306, 0.453, 0.682, 0.681, 0.875, 0.977, 1.0], fit=[nan, nan, nan, nan, nan, nan, nan, nan, nan, nan, nan, nan, nan, nan, nan, nan, nan, nan, nan, nan, nan, nan, nan, nan, nan, nan, nan, nan, nan, nan, nan, nan, nan, nan, nan, nan, nan, nan, nan, nan, nan, nan, nan, nan, nan, nan, nan, nan, nan, nan, nan, nan, nan, nan, nan, nan, nan, nan, nan, nan, nan, nan, nan, nan, nan, nan, nan, nan, nan, nan, nan, nan, nan, nan, nan, nan, nan, nan, nan, nan, nan, nan, nan, nan, nan, nan, nan, nan, nan, nan, nan, nan, nan, nan, nan, nan, nan, nan, nan, nan], params=[0.32, -1.52, -0.01, -0.01], fit_error=[0.0, 0.038, 0.059, 0.069, 0.071, 0.069, 0.048, 0.023, 0.0])",[-70.  -8.  -4.  -2.   0.   2.   4.   8.  70.],"[0.0, 0.118, 0.159, 0.5, 0.444, 0.75, 0.721, 0.98, 0.99]","[0.01, 0.01, 0.01, 0.01, 0.01, 0.01, 0.01, 0.01, 0.01, 0.01, 0.01, 0.01, 0.01, 0.01, 0.01, 0.01, 0.01, 0.01, 0.01, 0.01, 0.01, 0.01, 0.01, 0.01, 0.01, 0.01, 0.01, 0.01, 0.01, 0.01, 0.01, 0.01, 0.011, 0.011, 0.011, 0.012, 0.013, 0.015, 0.017, 0.021, 0.027, 0.036, 0.049, 0.07, 0.1, 0.143, 0.202, 0.279, 0.373, 0.479, 0.588, 0.69, 0.777, 0.846, 0.898, 0.935, 0.96, 0.977, 0.989, 0.996, 1.001, 1.004, 1.006, 1.008, 1.008, 1.009, 1.009, 1.01, 1.01, 1.01, 1.01, 1.01, 1.01, 1.01, 1.01, 1.01, 1.01, 1.01, 1.01, 1.01, 1.01, 1.01, 1.01, 1.01, 1.01, 1.01, 1.01, 1.01, 1.01, 1.01, 1.01, 1.01, 1.01, 1.01, 1.01, 1.01, 1.01, 1.01, 1.01, 1.01]","[0.0, 0.046, 0.056, 0.067, 0.075, 0.066, 0.055, 0.02, 0.01]","[0.32, -1.52, -0.01, -0.01]",0.32,-1.52,-0.01,-0.01,
2022-04-26,1,333,['Bpod5'],126,62,64,63,21,61,45,16,36,13,23,5,18,0.4841269841269841,0.7258064516129032,0.25,84,50,34,51,40,11,0.6349206349206349,0.5238095238095238,19,9,10,0.1428571428571428,0.4761904761904761,0.7261904761904762,0.9,0.4705882352941176,0.7261904761904762,-0.4294117647058824,0.7058823529411765,0.6842105263157895,0.021671826625387,0.5793650793650793,0.3095238095238095,42,12,30,0.3333333333333333,0.1935483870967742,0.46875,61,45,16,152.5,112.5,40.0,4,0,0,0,"psych_curve(xdata=array([-70.,  70.]), ydata=[0.1, 0.471], fit=[0.1, 0.1, 0.1, 0.1, 0.1, 0.1, 0.1, 0.1, 0.1, 0.1, 0.1, 0.1, 0.1, 0.1, 0.1, 0.1, 0.1, 0.1, 0.1, 0.1, 0.1, 0.1, 0.1, 0.1, 0.1, 0.1, 0.1, 0.1, 0.1, 0.1, 0.1, 0.1, 0.1, 0.1, 0.1, 0.1, 0.1, 0.1, 0.1, 0.1, 0.1, 0.1, 0.1, 0.1, 0.1, 0.1, 0.101, 0.104, 0.116, 0.157, 0.258, 0.379, 0.443, 0.463, 0.468, 0.47, 0.47, 0.47, 0.47, 0.47, 0.47, 0.47, 0.47, 0.47, 0.47, 0.47, 0.47, 0.47, 0.47, 0.47, 0.47, 0.47, 0.47, 0.47, 0.47, 0.47, 0.47, 0.47, 0.47, 0.47, 0.47, 0.47, 0.47, 0.47, 0.47, 0.47, 0.47, 0.47, 0.47, 0.47, 0.47, 0.47, 0.47, 0.47, 0.47, 0.47, 0.47, 0.47, 0.47, 0.47], params=[1.0, 1.0, 0.1, 0.53], fit_error=[0.043, 0.087])",[-70.  70.],"[0.1, 0.471]","[0.1, 0.1, 0.1, 0.1, 0.1, 0.1, 0.1, 0.1, 0.1, 0.1, 0.1, 0.1, 0.1, 0.1, 0.1, 0.1, 0.1, 0.1, 0.1, 0.1, 0.1, 0.1, 0.1, 0.1, 0.1, 0.1, 0.1, 0.1, 0.1, 0.1, 0.1, 0.1, 0.1, 0.1, 0.1, 0.1, 0.1, 0.1, 0.1, 0.1, 0.1, 0.1, 0.1, 0.1, 0.1, 0.1, 0.101, 0.104, 0.116, 0.157, 0.258, 0.379, 0.443, 0.463, 0.468, 0.47, 0.47, 0.47, 0.47, 0.47, 0.47, 0.47, 0.47, 0.47, 0.47, 0.47, 0.47, 0.47, 0.47, 0.47, 0.47, 0.47, 0.47, 0.47, 0.47, 0.47, 0.47, 0.47, 0.47, 0.47, 0.47, 0.47, 0.47, 0.47, 0.47, 0.47, 0.47, 0.47, 0.47, 0.47, 0.47, 0.47, 0.47, 0.47, 0.47, 0.47, 0.47, 0.47, 0.47, 0.47]","[0.043, 0.087]","[1.0, 1.0, 0.1, 0.53]",1.0,1.0,0.1,0.53,"psych_curve(xdata=array([-70.,  70.]), ydata=[0.536, 0.857], fit=[nan, nan, nan, nan, nan, nan, nan, nan, nan, nan, nan, nan, nan, nan, nan, nan, nan, nan, nan, nan, nan, nan, nan, nan, nan, nan, nan, nan, nan, nan, nan, nan, nan, nan, nan, nan, nan, nan, nan, nan, nan, nan, nan, nan, nan, nan, nan, nan, nan, nan, nan, nan, nan, nan, nan, nan, nan, nan, nan, nan, nan, nan, nan, nan, nan, nan, nan, nan, nan, nan, nan, nan, nan, nan, nan, nan, nan, nan, nan, nan, nan, nan, nan, nan, nan, nan, nan, nan, nan, nan, nan, nan, nan, nan, nan, nan, nan, nan, nan, nan], params=[1.0, 1.0, 0.54, 0.14], fit_error=[0.096, 0.055])",[-70.  70.],"[0.1, 0.471]","[0.1, 0.1, 0.1, 0.1, 0.1, 0.1, 0.1, 0.1, 0.1, 0.1, 0.1, 0.1, 0.1, 0.1, 0.1, 0.1, 0.1, 0.1, 0.1, 0.1, 0.1, 0.1, 0.1, 0.1, 0.1, 0.1, 0.1, 0.1, 0.1, 0.1, 0.1, 0.1, 0.1, 0.1, 0.1, 0.1, 0.1, 0.1, 0.1, 0.1, 0.1, 0.1, 0.1, 0.1, 0.1, 0.1, 0.101, 0.104, 0.116, 0.157, 0.258, 0.379, 0.443, 0.463, 0.468, 0.47, 0.47, 0.47, 0.47, 0.47, 0.47, 0.47, 0.47, 0.47, 0.47, 0.47, 0.47, 0.47, 0.47, 0.47, 0.47, 0.47, 0.47, 0.47, 0.47, 0.47, 0.47, 0.47, 0.47, 0.47, 0.47, 0.47, 0.47, 0.47, 0.47, 0.47, 0.47, 0.47, 0.47, 0.47, 0.47, 0.47, 0.47, 0.47, 0.47, 0.47, 0.47, 0.47, 0.47, 0.47]","[0.043, 0.087]","[1.0, 1.0, 0.54, 0.14]",1.0,1.0,0.54,0.14,
2022-04-27,2,333,['Bpod5'],97,47,50,42,29,54,30,24,20,31,17,5,12,0.5567010309278351,0.6382978723404256,0.48,71,35,36,33,22,11,0.5238095238095238,0.3793103448275862,35,18,17,0.4285714285714285,0.5862068965517241,0.7605633802816901,0.8571428571428571,0.6666666666666666,0.7605633802816901,-0.1904761904761904,0.6060606060606061,0.8857142857142857,-0.2796536796536796,0.451559934318555,0.5073891625615763,26,12,14,0.268041237113402,0.2553191489361702,0.28,54,30,24,135.0,75.0,60.0,4,0,0,0,"psych_curve(xdata=array([-70.,  70.]), ydata=[0.143, 0.667], fit=[0.14, 0.14, 0.14, 0.14, 0.14, 0.14, 0.14, 0.14, 0.14, 0.14, 0.14, 0.14, 0.14, 0.14, 0.14, 0.14, 0.14, 0.14, 0.14, 0.14, 0.14, 0.14, 0.14, 0.14, 0.14, 0.14, 0.14, 0.14, 0.14, 0.14, 0.14, 0.14, 0.14, 0.14, 0.14, 0.14, 0.14, 0.14, 0.14, 0.14, 0.14, 0.14, 0.14, 0.14, 0.14, 0.14, 0.141, 0.146, 0.162, 0.221, 0.366, 0.54, 0.631, 0.66, 0.668, 0.669, 0.67, 0.67, 0.67, 0.67, 0.67, 0.67, 0.67, 0.67, 0.67, 0.67, 0.67, 0.67, 0.67, 0.67, 0.67, 0.67, 0.67, 0.67, 0.67, 0.67, 0.67, 0.67, 0.67, 0.67, 0.67, 0.67, 0.67, 0.67, 0.67, 0.67, 0.67, 0.67, 0.67, 0.67, 0.67, 0.67, 0.67, 0.67, 0.67, 0.67, 0.67, 0.67, 0.67, 0.67], params=[1.0, 1.0, 0.14, 0.33], fit_error=[0.06, 0.08])",[-70.  70.],"[0.143, 0.667]","[0.14, 0.14, 0.14, 0.14, 0.14, 0.14, 0.14, 0.14, 0.14, 0.14, 0.14, 0.14, 0.14, 0.14, 0.14, 0.14, 0.14, 0.14, 0.14, 0.14, 0.14, 0.14, 0.14, 0.14, 0.14, 0.14, 0.14, 0.14, 0.14, 0.14, 0.14, 0.14, 0.14, 0.14, 0.14, 0.14, 0.14, 0.14, 0.14, 0.14, 0.14, 0.14, 0.14, 0.14, 0.14, 0.14, 0.141, 0.146, 0.162, 0.221, 0.366, 0.54, 0.631, 0.66, 0.668, 0.669, 0.67, 0.67, 0.67, 0.67, 0.67, 0.67, 0.67, 0.67, 0.67, 0.67, 0.67, 0.67, 0.67, 0.67, 0.67, 0.67, 0.67, 0.67, 0.67, 0.67, 0.67, 0.67, 0.67, 0.67, 0.67, 0.67, 0.67, 0.67, 0.67, 0.67, 0.67, 0.67, 0.67, 0.67, 0.67, 0.67, 0.67, 0.67, 0.67, 0.67, 0.67, 0.67, 0.67, 0.67]","[0.06, 0.08]","[1.0, 1.0, 0.14, 0.33]",1.0,1.0,0.14,0.33,"psych_curve(xdata=array([-70.,  70.]), ydata=[0.295, 0.833], fit=[nan, nan, nan, nan, nan, nan, nan, nan, nan, nan, nan, nan, nan, nan, nan, nan, nan, nan, nan, nan, nan, nan, nan, nan, nan, nan, nan, nan, nan, nan, nan, nan, nan, nan, nan, nan, nan, nan, nan, nan, nan, nan, nan, nan, nan, nan, nan, nan, nan, nan, nan, nan, nan, nan, nan, nan, nan, nan, nan, nan, nan, nan, nan, nan, nan, nan, nan, nan, nan, nan, nan, nan, nan, nan, nan, nan, nan, nan, nan, nan, nan, nan, nan, nan, nan, nan, nan, nan, nan, nan, nan, nan, nan, nan, nan, nan, nan, nan, nan, nan], params=[1.0, 1.0, 0.29, 0.17], fit_error=[0.07, 0.078])",[-70.  70.],"[0.143, 0.667]","[0.14, 0.14, 0.14, 0.14, 0.14, 0.14, 0.14, 0.14, 0.14, 0.14, 0.14, 0.14, 0.14, 0.14, 0.14, 0.14, 0.14, 0.14, 0.14, 0.14, 0.14, 0.14, 0.14, 0.14, 0.14, 0.14, 0.14, 0.14, 0.14, 0.14, 0.14, 0.14, 0.14, 0.14, 0.14, 0.14, 0.14, 0.14, 0.14, 0.14, 0.14, 0.14, 0.14, 0.14, 0.14, 0.14, 0.141, 0.146, 0.162, 0.221, 0.366, 0.54, 0.631, 0.66, 0.668, 0.669, 0.67, 0.67, 0.67, 0.67, 0.67, 0.67, 0.67, 0.67, 0.67, 0.67, 0.67, 0.67, 0.67, 0.67, 0.67, 0.67, 0.67, 0.67, 0.67, 0.67, 0.67, 0.67, 0.67, 0.67, 0.67, 0.67, 0.67, 0.67, 0.67, 0.67, 0.67, 0.67, 0.67, 0.67, 0.67, 0.67, 0.67, 0.67, 0.67, 0.67, 0.67, 0.67, 0.67, 0.67]","[0.06, 0.08]","[1.0, 1.0, 0.29, 0.17]",1.0,1.0,0.29,0.17,
2022-04-28,3,333,['Bpod5'],209,116,93,101,96,165,90,75,93,67,32,21,11,0.7894736842105263,0.7758620689655172,0.8064516129032258,197,111,86,120,62,58,0.6138613861386139,0.6041666666666666,72,36,36,0.3564356435643564,0.375,0.8375634517766497,0.8108108108108109,0.872093023255814,0.8579234972677595,0.061282212445003,0.775,0.9305555555555556,-0.1555555555555555,0.6090140264026402,0.3657178217821782,12,5,7,0.0574162679425837,0.043103448275862,0.075268817204301,165,90,75,412.5,225.0,187.5,4,0,0,0,"psych_curve(xdata=array([-70.,  -8.,  -4.,  -2.,   0.,   2.,   4.,   8.,  70.]), ydata=[0.163, 0.0, 1.0, 0.0, 1.0, 0.5, 1.0, 0.667, 0.886], fit=[0.08, 0.08, 0.08, 0.08, 0.08, 0.08, 0.08, 0.08, 0.08, 0.08, 0.08, 0.08, 0.08, 0.08, 0.08, 0.08, 0.08, 0.08, 0.08, 0.08, 0.08, 0.08, 0.08, 0.08, 0.08, 0.08, 0.08, 0.08, 0.08, 0.08, 0.08, 0.08, 0.08, 0.08, 0.081, 0.081, 0.082, 0.083, 0.086, 0.091, 0.099, 0.113, 0.136, 0.174, 0.233, 0.314, 0.413, 0.516, 0.608, 0.678, 0.726, 0.757, 0.775, 0.786, 0.792, 0.795, 0.797, 0.799, 0.799, 0.8, 0.8, 0.8, 0.8, 0.8, 0.8, 0.8, 0.8, 0.8, 0.8, 0.8, 0.8, 0.8, 0.8, 0.8, 0.8, 0.8, 0.8, 0.8, 0.8, 0.8, 0.8, 0.8, 0.8, 0.8, 0.8, 0.8, 0.8, 0.8, 0.8, 0.8, 0.8, 0.8, 0.8, 0.8, 0.8, 0.8, 0.8, 0.8, 0.8, 0.8], params=[0.41, -4.58, 0.08, 0.2], fit_error=[0.036, 0.0, nan, nan, 0.0, 0.5, 0.0, 0.333, 0.036])",[-70.  -8.  -4.  -2.   0.   2.   4.   8.  70.],"[0.163, 0.0, 1.0, 0.0, 1.0, 0.5, 1.0, 0.667, 0.886]","[0.08, 0.08, 0.08, 0.08, 0.08, 0.08, 0.08, 0.08, 0.08, 0.08, 0.08, 0.08, 0.08, 0.08, 0.08, 0.08, 0.08, 0.08, 0.08, 0.08, 0.08, 0.08, 0.08, 0.08, 0.08, 0.08, 0.08, 0.08, 0.08, 0.08, 0.08, 0.08, 0.08, 0.08, 0.081, 0.081, 0.082, 0.083, 0.086, 0.091, 0.099, 0.113, 0.136, 0.174, 0.233, 0.314, 0.413, 0.516, 0.608, 0.678, 0.726, 0.757, 0.775, 0.786, 0.792, 0.795, 0.797, 0.799, 0.799, 0.8, 0.8, 0.8, 0.8, 0.8, 0.8, 0.8, 0.8, 0.8, 0.8, 0.8, 0.8, 0.8, 0.8, 0.8, 0.8, 0.8, 0.8, 0.8, 0.8, 0.8, 0.8, 0.8, 0.8, 0.8, 0.8, 0.8, 0.8, 0.8, 0.8, 0.8, 0.8, 0.8, 0.8, 0.8, 0.8, 0.8, 0.8, 0.8, 0.8, 0.8]","[0.036, 0.0, nan, nan, 0.0, 0.5, 0.0, 0.333, 0.036]","[0.41, -4.58, 0.08, 0.2]",0.41,-4.58,0.08,0.2,"psych_curve(xdata=array([-70.,  -8.,  -4.,  -2.,  -0.,   2.,   4.,   8.,  70.]), ydata=[0.253, 0.0, 1.0, 0.5, 1.0, 1.0, 1.0, 0.75, 0.956], fit=[nan, nan, nan, nan, nan, nan, nan, nan, nan, nan, nan, nan, nan, nan, nan, nan, nan, nan, nan, nan, nan, nan, nan, nan, nan, nan, nan, nan, nan, nan, nan, nan, nan, nan, nan, nan, nan, nan, nan, nan, nan, nan, nan, nan, nan, nan, nan, nan, nan, nan, nan, nan, nan, nan, nan, nan, nan, nan, nan, nan, nan, nan, nan, nan, nan, nan, nan, nan, nan, nan, nan, nan, nan, nan, nan, nan, nan, nan, nan, nan, nan, nan, nan, nan, nan, nan, nan, nan, nan, nan, nan, nan, nan, nan, nan, nan, nan, nan, nan, nan], params=[5.61, -6.01, 0.13, 0.11], fit_error=[0.047, nan, nan, 0.5, 0.0, nan, 0.0, 0.25, 0.022])",[-70.  -8.  -4.  -2.   0.   2.   4.   8.  70.],"[0.163, 0.0, 1.0, 0.0, 1.0, 0.5, 1.0, 0.667, 0.886]","[0.08, 0.08, 0.08, 0.08, 0.08, 0.08, 0.08, 0.08, 0.08, 0.08, 0.08, 0.08, 0.08, 0.08, 0.08, 0.08, 0.08, 0.08, 0.08, 0.08, 0.08, 0.08, 0.08, 0.08, 0.08, 0.08, 0.08, 0.08, 0.08, 0.08, 0.08, 0.08, 0.08, 0.08, 0.081, 0.081, 0.082, 0.083, 0.086, 0.091, 0.099, 0.113, 0.136, 0.174, 0.233, 0.314, 0.413, 0.516, 0.608, 0.678, 0.726, 0.757, 0.775, 0.786, 0.792, 0.795, 0.797, 0.799, 0.799, 0.8, 0.8, 0.8, 0.8, 0.8, 0.8, 0.8, 0.8, 0.8, 0.8, 0.8, 0.8, 0.8, 0.8, 0.8, 0.8, 0.8, 0.8, 0.8, 0.8, 0.8, 0.8, 0.8, 0.8, 0.8, 0.8, 0.8, 0.8, 0.8, 0.8, 0.8, 0.8, 0.8, 0.8, 0.8, 0.8, 0.8, 0.8, 0.8, 0.8, 0.8]","[0.036, 0.0, nan, nan, 0.0, 0.5, 0.0, 0.333, 0.036]","[5.61, -6.01, 0.13, 0.11]",5.61,-6.01,0.13,0.11,
2022-04-29,4,333,['Bpod5'],443,210,233,249,156,288,163,125,165,113,117,31,86,0.6501128668171557,0.7761904761904762,0.5364806866952789,405,194,211,260,171,89,0.6867469879518072,0.5705128205128205,129,63,66,0.253012048192771,0.4230769230769231,0.7111111111111111,0.8402061855670103,0.5924170616113744,0.739010989010989,-0.2477891239556359,0.6346153846153846,0.875968992248062,-0.2413536076326774,0.6286299042323138,0.338044485634847,38,16,22,0.0857787810383747,0.0761904761904762,0.0944206008583691,288,163,125,720.0,407.5,312.5,4,0,0,0,"psych_curve(xdata=array([-70.,  -8.,  -4.,  -2.,   0.,   2.,   4.,   8.,  70.]), ydata=[0.116, 0.5, 0.333, 0.625, 0.4, 0.333, 0.667, 0.5, 0.609], fit=[0.23, 0.23, 0.23, 0.23, 0.23, 0.23, 0.23, 0.23, 0.23, 0.23, 0.23, 0.23, 0.23, 0.23, 0.23, 0.23, 0.23, 0.23, 0.23, 0.23, 0.23, 0.23, 0.23, 0.23, 0.23, 0.23, 0.23, 0.23, 0.23, 0.23, 0.23, 0.23, 0.23, 0.23, 0.23, 0.23, 0.23, 0.23, 0.23, 0.23, 0.23, 0.23, 0.23, 0.23, 0.23, 0.23, 0.23, 0.23, 0.23, 0.23, 0.23, 0.23, 0.23, 0.23, 0.23, 0.23, 0.23, 0.23, 0.23, 0.23, 0.23, 0.23, 0.23, 0.23, 0.23, 0.23, 0.23, 0.23, 0.23, 0.23, 0.23, 0.23, 0.23, 0.23, 0.23, 0.23, 0.23, 0.23, 0.23, 0.23, 0.23, 0.23, 0.23, 0.23, 0.23, 0.23, 0.23, 0.23, 0.23, 0.23, 0.23, 0.23, 0.23, 0.23, 0.23, 0.23, 0.23, 0.23, 0.23, 0.23], params=[0.0, -63.55, -12.86, -12.32], fit_error=[0.025, 0.224, 0.211, 0.183, 0.245, 0.167, 0.333, 0.289, 0.035])",[-70.  -8.  -4.  -2.   0.   2.   4.   8.  70.],"[0.116, 0.5, 0.333, 0.625, 0.4, 0.333, 0.667, 0.5, 0.609]","[0.23, 0.23, 0.23, 0.23, 0.23, 0.23, 0.23, 0.23, 0.23, 0.23, 0.23, 0.23, 0.23, 0.23, 0.23, 0.23, 0.23, 0.23, 0.23, 0.23, 0.23, 0.23, 0.23, 0.23, 0.23, 0.23, 0.23, 0.23, 0.23, 0.23, 0.23, 0.23, 0.23, 0.23, 0.23, 0.23, 0.23, 0.23, 0.23, 0.23, 0.23, 0.23, 0.23, 0.23, 0.23, 0.23, 0.23, 0.23, 0.23, 0.23, 0.23, 0.23, 0.23, 0.23, 0.23, 0.23, 0.23, 0.23, 0.23, 0.23, 0.23, 0.23, 0.23, 0.23, 0.23, 0.23, 0.23, 0.23, 0.23, 0.23, 0.23, 0.23, 0.23, 0.23, 0.23, 0.23, 0.23, 0.23, 0.23, 0.23, 0.23, 0.23, 0.23, 0.23, 0.23, 0.23, 0.23, 0.23, 0.23, 0.23, 0.23, 0.23, 0.23, 0.23, 0.23, 0.23, 0.23, 0.23, 0.23, 0.23]","[0.025, 0.224, 0.211, 0.183, 0.245, 0.167, 0.333, 0.289, 0.035]","[0.0, -63.55, -12.86, -12.32]",0.0,-63.55,-12.86,-12.32,"psych_curve(xdata=array([-70.,  -8.,  -4.,  -2.,   0.,   2.,   4.,   8.,  70.]), ydata=[0.422, 0.75, 0.75, 0.8, 0.6, 0.571, 1.0, 0.8, 0.932], fit=[nan, nan, nan, nan, nan, nan, nan, nan, nan, nan, nan, nan, nan, nan, nan, nan, nan, nan, nan, nan, nan, nan, nan, nan, nan, nan, nan, nan, nan, nan, nan, nan, nan, nan, nan, nan, nan, nan, nan, nan, nan, nan, nan, nan, nan, nan, nan, nan, nan, nan, nan, nan, nan, nan, nan, nan, nan, nan, nan, nan, nan, nan, nan, nan, nan, nan, nan, nan, nan, nan, nan, nan, nan, nan, nan, nan, nan, nan, nan, nan, nan, nan, nan, nan, nan, nan, nan, nan, nan, nan, nan, nan, nan, nan, nan, nan, nan, nan, nan, nan], params=[0.0, -4.59, -5.48, -5.92], fit_error=[0.036, 0.25, 0.25, 0.133, 0.245, 0.202, 0.0, 0.2, 0.02])",[-70.  -8.  -4.  -2.   0.   2.   4.   8.  70.],"[0.116, 0.5, 0.333, 0.625, 0.4, 0.333, 0.667, 0.5, 0.609]","[0.23, 0.23, 0.23, 0.23, 0.23, 0.23, 0.23, 0.23, 0.23, 0.23, 0.23, 0.23, 0.23, 0.23, 0.23, 0.23, 0.23, 0.23, 0.23, 0.23, 0.23, 0.23, 0.23, 0.23, 0.23, 0.23, 0.23, 0.23, 0.23, 0.23, 0.23, 0.23, 0.23, 0.23, 0.23, 0.23, 0.23, 0.23, 0.23, 0.23, 0.23, 0.23, 0.23, 0.23, 0.23, 0.23, 0.23, 0.23, 0.23, 0.23, 0.23, 0.23, 0.23, 0.23, 0.23, 0.23, 0.23, 0.23, 0.23, 0.23, 0.23, 0.23, 0.23, 0.23, 0.23, 0.23, 0.23, 0.23, 0.23, 0.23, 0.23, 0.23, 0.23, 0.23, 0.23, 0.23, 0.23, 0.23, 0.23, 0.23, 0.23, 0.23, 0.23, 0.23, 0.23, 0.23, 0.23, 0.23, 0.23, 0.23, 0.23, 0.23, 0.23, 0.23, 0.23, 0.23, 0.23, 0.23, 0.23, 0.23]","[0.025, 0.224, 0.211, 0.183, 0.245, 0.167, 0.333, 0.289, 0.035]","[0.0, -4.59, -5.48, -5.92]",0.0,-4.59,-5.48,-5.92,
2022-05-02,0,333,['Bpod5'],558,311,247,321,230,447,263,184,259,184,104,46,58,0.8010752688172043,0.8456591639871383,0.7449392712550608,551,309,242,343,215,128,0.6697819314641744,0.5565217391304348,203,101,102,0.3146417445482866,0.4434782608695652,0.8112522686025408,0.8511326860841424,0.7603305785123967,0.925531914893617,-0.0908021075717456,0.7551020408163265,0.9064039408866996,-0.151301900070373,0.6131518352973047,0.3790600027089259,7,2,5,0.0125448028673835,0.0064308681672025,0.020242914979757,447,263,184,1117.5,657.5,460.0,4,0,0,0,"psych_curve(xdata=array([-70.,  -8.,  -4.,  -2.,   0.,   2.,   4.,   8.,  70.]), ydata=[0.013, 0.154, 0.34, 0.297, 0.553, 0.346, 0.727, 0.8, 0.854], fit=[0.03, 0.03, 0.03, 0.03, 0.03, 0.03, 0.03, 0.03, 0.03, 0.03, 0.03, 0.03, 0.03, 0.03, 0.03, 0.03, 0.03, 0.03, 0.03, 0.03, 0.03, 0.03, 0.03, 0.03, 0.03, 0.03, 0.031, 0.031, 0.031, 0.031, 0.032, 0.033, 0.034, 0.035, 0.037, 0.039, 0.043, 0.047, 0.053, 0.061, 0.072, 0.087, 0.106, 0.13, 0.161, 0.199, 0.245, 0.299, 0.359, 0.423, 0.489, 0.554, 0.614, 0.667, 0.713, 0.751, 0.781, 0.805, 0.824, 0.838, 0.849, 0.857, 0.863, 0.868, 0.871, 0.873, 0.875, 0.876, 0.877, 0.878, 0.879, 0.879, 0.879, 0.879, 0.88, 0.88, 0.88, 0.88, 0.88, 0.88, 0.88, 0.88, 0.88, 0.88, 0.88, 0.88, 0.88, 0.88, 0.88, 0.88, 0.88, 0.88, 0.88, 0.88, 0.88, 0.88, 0.88, 0.88, 0.88, 0.88], params=[0.22, -0.03, 0.03, 0.12], fit_error=[0.009, 0.051, 0.07, 0.076, 0.082, 0.095, 0.068, 0.082, 0.031])",[-70.  -8.  -4.  -2.   0.   2.   4.   8.  70.],"[0.013, 0.154, 0.34, 0.297, 0.553, 0.346, 0.727, 0.8, 0.854]","[0.03, 0.03, 0.03, 0.03, 0.03, 0.03, 0.03, 0.03, 0.03, 0.03, 0.03, 0.03, 0.03, 0.03, 0.03, 0.03, 0.03, 0.03, 0.03, 0.03, 0.03, 0.03, 0.03, 0.03, 0.03, 0.03, 0.031, 0.031, 0.031, 0.031, 0.032, 0.033, 0.034, 0.035, 0.037, 0.039, 0.043, 0.047, 0.053, 0.061, 0.072, 0.087, 0.106, 0.13, 0.161, 0.199, 0.245, 0.299, 0.359, 0.423, 0.489, 0.554, 0.614, 0.667, 0.713, 0.751, 0.781, 0.805, 0.824, 0.838, 0.849, 0.857, 0.863, 0.868, 0.871, 0.873, 0.875, 0.876, 0.877, 0.878, 0.879, 0.879, 0.879, 0.879, 0.88, 0.88, 0.88, 0.88, 0.88, 0.88, 0.88, 0.88, 0.88, 0.88, 0.88, 0.88, 0.88, 0.88, 0.88, 0.88, 0.88, 0.88, 0.88, 0.88, 0.88, 0.88, 0.88, 0.88, 0.88, 0.88]","[0.009, 0.051, 0.07, 0.076, 0.082, 0.095, 0.068, 0.082, 0.031]","[0.22, -0.03, 0.03, 0.12]",0.22,-0.03,0.03,0.12,"psych_curve(xdata=array([-70.,  -8.,  -4.,  -2.,  -0.,   2.,   4.,   8.,  70.]), ydata=[0.129, 0.333, 0.476, 0.719, 0.711, 0.867, 0.833, 0.953, 0.979], fit=[nan, nan, nan, nan, nan, nan, nan, nan, nan, nan, nan, nan, nan, nan, nan, nan, nan, nan, nan, nan, nan, nan, nan, nan, nan, nan, nan, nan, nan, nan, nan, nan, nan, nan, nan, nan, nan, nan, nan, nan, nan, nan, nan, nan, nan, nan, nan, nan, nan, nan, nan, nan, nan, nan, nan, nan, nan, nan, nan, nan, nan, nan, nan, nan, nan, nan, nan, nan, nan, nan, nan, nan, nan, nan, nan, nan, nan, nan, nan, nan, nan, nan, nan, nan, nan, nan, nan, nan, nan, nan, nan, nan, nan, nan, nan, nan, nan, nan, nan, nan], params=[0.28, -3.63, 0.13, 0.03], fit_error=[0.028, 0.083, 0.078, 0.081, 0.075, 0.063, 0.054, 0.032, 0.012])",[-70.  -8.  -4.  -2.   0.   2.   4.   8.  70.],"[0.013, 0.154, 0.34, 0.297, 0.553, 0.346, 0.727, 0.8, 0.854]","[0.03, 0.03, 0.03, 0.03, 0.03, 0.03, 0.03, 0.03, 0.03, 0.03, 0.03, 0.03, 0.03, 0.03, 0.03, 0.03, 0.03, 0.03, 0.03, 0.03, 0.03, 0.03, 0.03, 0.03, 0.03, 0.03, 0.031, 0.031, 0.031, 0.031, 0.032, 0.033, 0.034, 0.035, 0.037, 0.039, 0.043, 0.047, 0.053, 0.061, 0.072, 0.087, 0.106, 0.13, 0.161, 0.199, 0.245, 0.299, 0.359, 0.423, 0.489, 0.554, 0.614, 0.667, 0.713, 0.751, 0.781, 0.805, 0.824, 0.838, 0.849, 0.857, 0.863, 0.868, 0.871, 0.873, 0.875, 0.876, 0.877, 0.878, 0.879, 0.879, 0.879, 0.879, 0.88, 0.88, 0.88, 0.88, 0.88, 0.88, 0.88, 0.88, 0.88, 0.88, 0.88, 0.88, 0.88, 0.88, 0.88, 0.88, 0.88, 0.88, 0.88, 0.88, 0.88, 0.88, 0.88, 0.88, 0.88, 0.88]","[0.009, 0.051, 0.07, 0.076, 0.082, 0.095, 0.068, 0.082, 0.031]","[0.28, -3.63, 0.13, 0.03]",0.28,-3.63,0.13,0.03,
2022-05-03,1,333,['Bpod5'],464,225,239,243,209,341,176,165,210,128,111,44,67,0.7349137931034483,0.7822222222222223,0.6903765690376569,452,220,232,293,160,133,0.6584362139917695,0.6363636363636364,151,75,76,0.3086419753086419,0.3636363636363636,0.754424778761062,0.8,0.7112068965517241,0.8469387755102041,-0.0887931034482759,0.7167235494880546,0.847682119205298,-0.1309585697172434,0.647399925177703,0.3361391694725028,12,5,7,0.0258620689655172,0.0222222222222222,0.0292887029288702,341,176,165,852.5,440.0,412.5,4,0,0,0,"psych_curve(xdata=array([-70.,  -8.,  -4.,  -2.,   0.,   2.,   4.,   8.,  70.]), ydata=[0.021, 0.098, 0.389, 0.414, 0.711, 0.657, 0.65, 0.811, 0.717], fit=[0.02, 0.02, 0.02, 0.02, 0.02, 0.02, 0.02, 0.02, 0.02, 0.02, 0.02, 0.02, 0.02, 0.02, 0.02, 0.02, 0.02, 0.02, 0.02, 0.02, 0.02, 0.02, 0.02, 0.02, 0.02, 0.02, 0.02, 0.02, 0.02, 0.02, 0.02, 0.02, 0.02, 0.02, 0.02, 0.02, 0.021, 0.022, 0.023, 0.026, 0.03, 0.039, 0.054, 0.079, 0.122, 0.188, 0.278, 0.384, 0.49, 0.578, 0.642, 0.683, 0.708, 0.722, 0.73, 0.735, 0.737, 0.738, 0.739, 0.74, 0.74, 0.74, 0.74, 0.74, 0.74, 0.74, 0.74, 0.74, 0.74, 0.74, 0.74, 0.74, 0.74, 0.74, 0.74, 0.74, 0.74, 0.74, 0.74, 0.74, 0.74, 0.74, 0.74, 0.74, 0.74, 0.74, 0.74, 0.74, 0.74, 0.74, 0.74, 0.74, 0.74, 0.74, 0.74, 0.74, 0.74, 0.74, 0.74, 0.74], params=[0.43, -3.59, 0.02, 0.26], fit_error=[0.015, 0.047, 0.082, 0.093, 0.075, 0.081, 0.076, 0.065, 0.045])",[-70.  -8.  -4.  -2.   0.   2.   4.   8.  70.],"[0.021, 0.098, 0.389, 0.414, 0.711, 0.657, 0.65, 0.811, 0.717]","[0.02, 0.02, 0.02, 0.02, 0.02, 0.02, 0.02, 0.02, 0.02, 0.02, 0.02, 0.02, 0.02, 0.02, 0.02, 0.02, 0.02, 0.02, 0.02, 0.02, 0.02, 0.02, 0.02, 0.02, 0.02, 0.02, 0.02, 0.02, 0.02, 0.02, 0.02, 0.02, 0.02, 0.02, 0.02, 0.02, 0.021, 0.022, 0.023, 0.026, 0.03, 0.039, 0.054, 0.079, 0.122, 0.188, 0.278, 0.384, 0.49, 0.578, 0.642, 0.683, 0.708, 0.722, 0.73, 0.735, 0.737, 0.738, 0.739, 0.74, 0.74, 0.74, 0.74, 0.74, 0.74, 0.74, 0.74, 0.74, 0.74, 0.74, 0.74, 0.74, 0.74, 0.74, 0.74, 0.74, 0.74, 0.74, 0.74, 0.74, 0.74, 0.74, 0.74, 0.74, 0.74, 0.74, 0.74, 0.74, 0.74, 0.74, 0.74, 0.74, 0.74, 0.74, 0.74, 0.74, 0.74, 0.74, 0.74, 0.74]","[0.015, 0.047, 0.082, 0.093, 0.075, 0.081, 0.076, 0.065, 0.045]","[0.43, -3.59, 0.02, 0.26]",0.43,-3.59,0.02,0.26,"psych_curve(xdata=array([-70.,  -8.,  -4.,  -2.,  -0.,   2.,   4.,   8.,  70.]), ydata=[0.26, 0.321, 0.588, 0.517, 0.737, 0.812, 0.829, 0.96, 0.977], fit=[nan, nan, nan, nan, nan, nan, nan, nan, nan, nan, nan, nan, nan, nan, nan, nan, nan, nan, nan, nan, nan, nan, nan, nan, nan, nan, nan, nan, nan, nan, nan, nan, nan, nan, nan, nan, nan, nan, nan, nan, nan, nan, nan, nan, nan, nan, nan, nan, nan, nan, nan, nan, nan, nan, nan, nan, nan, nan, nan, nan, nan, nan, nan, nan, nan, nan, nan, nan, nan, nan, nan, nan, nan, nan, nan, nan, nan, nan, nan, nan, nan, nan, nan, nan, nan, nan, nan, nan, nan, nan, nan, nan, nan, nan, nan, nan, nan, nan, nan, nan], params=[0.28, -1.75, 0.25, 0.02], fit_error=[0.043, 0.09, 0.086, 0.094, 0.072, 0.07, 0.059, 0.028, 0.016])",[-70.  -8.  -4.  -2.   0.   2.   4.   8.  70.],"[0.021, 0.098, 0.389, 0.414, 0.711, 0.657, 0.65, 0.811, 0.717]","[0.02, 0.02, 0.02, 0.02, 0.02, 0.02, 0.02, 0.02, 0.02, 0.02, 0.02, 0.02, 0.02, 0.02, 0.02, 0.02, 0.02, 0.02, 0.02, 0.02, 0.02, 0.02, 0.02, 0.02, 0.02, 0.02, 0.02, 0.02, 0.02, 0.02, 0.02, 0.02, 0.02, 0.02, 0.02, 0.02, 0.021, 0.022, 0.023, 0.026, 0.03, 0.039, 0.054, 0.079, 0.122, 0.188, 0.278, 0.384, 0.49, 0.578, 0.642, 0.683, 0.708, 0.722, 0.73, 0.735, 0.737, 0.738, 0.739, 0.74, 0.74, 0.74, 0.74, 0.74, 0.74, 0.74, 0.74, 0.74, 0.74, 0.74, 0.74, 0.74, 0.74, 0.74, 0.74, 0.74, 0.74, 0.74, 0.74, 0.74, 0.74, 0.74, 0.74, 0.74, 0.74, 0.74, 0.74, 0.74, 0.74, 0.74, 0.74, 0.74, 0.74, 0.74, 0.74, 0.74, 0.74, 0.74, 0.74, 0.74]","[0.015, 0.047, 0.082, 0.093, 0.075, 0.081, 0.076, 0.065, 0.045]","[0.28, -1.75, 0.25, 0.02]",0.28,-1.75,0.25,0.02,
2022-05-04,2,333,['Bpod5'],610,297,313,333,274,479,251,228,220,256,128,46,82,0.7852459016393443,0.8451178451178452,0.7284345047923323,607,297,310,305,181,124,0.5435435435435435,0.4525547445255474,298,148,150,0.4444444444444444,0.5474452554744526,0.7891268533772653,0.8451178451178452,0.7354838709677419,0.8863049095607235,-0.1096339741501032,0.7213114754098361,0.8590604026845637,-0.1377489272747276,0.4980491440345455,0.4959448499594485,3,0,3,0.0049180327868852,0.0,0.0095846645367412,479,251,228,1197.5,627.5,570.0,4,0,0,0,"psych_curve(xdata=array([-70.,  -8.,  -4.,  -2.,   0.,   2.,   4.,   8.,  70.]), ydata=[0.052, 0.176, 0.409, 0.393, 0.526, 0.409, 0.452, 0.912, 0.824], fit=[0.06, 0.06, 0.06, 0.06, 0.06, 0.06, 0.06, 0.06, 0.06, 0.06, 0.06, 0.06, 0.06, 0.06, 0.06, 0.06, 0.06, 0.06, 0.06, 0.06, 0.06, 0.06, 0.06, 0.061, 0.061, 0.061, 0.061, 0.062, 0.062, 0.063, 0.064, 0.065, 0.067, 0.069, 0.072, 0.076, 0.08, 0.086, 0.094, 0.104, 0.117, 0.133, 0.153, 0.177, 0.207, 0.242, 0.283, 0.328, 0.379, 0.432, 0.486, 0.54, 0.591, 0.638, 0.679, 0.716, 0.747, 0.772, 0.793, 0.81, 0.823, 0.834, 0.842, 0.848, 0.853, 0.857, 0.86, 0.862, 0.864, 0.866, 0.867, 0.867, 0.868, 0.868, 0.869, 0.869, 0.869, 0.869, 0.87, 0.87, 0.87, 0.87, 0.87, 0.87, 0.87, 0.87, 0.87, 0.87, 0.87, 0.87, 0.87, 0.87, 0.87, 0.87, 0.87, 0.87, 0.87, 0.87, 0.87, 0.87], params=[0.19, 0.16, 0.06, 0.13], fit_error=[0.016, 0.066, 0.107, 0.094, 0.082, 0.107, 0.078, 0.049, 0.027])",[-70.  -8.  -4.  -2.   0.   2.   4.   8.  70.],"[0.052, 0.176, 0.409, 0.393, 0.526, 0.409, 0.452, 0.912, 0.824]","[0.06, 0.06, 0.06, 0.06, 0.06, 0.06, 0.06, 0.06, 0.06, 0.06, 0.06, 0.06, 0.06, 0.06, 0.06, 0.06, 0.06, 0.06, 0.06, 0.06, 0.06, 0.06, 0.06, 0.061, 0.061, 0.061, 0.061, 0.062, 0.062, 0.063, 0.064, 0.065, 0.067, 0.069, 0.072, 0.076, 0.08, 0.086, 0.094, 0.104, 0.117, 0.133, 0.153, 0.177, 0.207, 0.242, 0.283, 0.328, 0.379, 0.432, 0.486, 0.54, 0.591, 0.638, 0.679, 0.716, 0.747, 0.772, 0.793, 0.81, 0.823, 0.834, 0.842, 0.848, 0.853, 0.857, 0.86, 0.862, 0.864, 0.866, 0.867, 0.867, 0.868, 0.868, 0.869, 0.869, 0.869, 0.869, 0.87, 0.87, 0.87, 0.87, 0.87, 0.87, 0.87, 0.87, 0.87, 0.87, 0.87, 0.87, 0.87, 0.87, 0.87, 0.87, 0.87, 0.87, 0.87, 0.87, 0.87, 0.87]","[0.016, 0.066, 0.107, 0.094, 0.082, 0.107, 0.078, 0.049, 0.027]","[0.19, 0.16, 0.06, 0.13]",0.19,0.16,0.06,0.13,"psych_curve(xdata=array([-70.,  -8.,  -4.,  -2.,   0.,   2.,   4.,   8.,  70.]), ydata=[0.128, 0.175, 0.615, 0.607, 0.541, 0.682, 0.708, 0.929, 0.904], fit=[nan, nan, nan, nan, nan, nan, nan, nan, nan, nan, nan, nan, nan, nan, nan, nan, nan, nan, nan, nan, nan, nan, nan, nan, nan, nan, nan, nan, nan, nan, nan, nan, nan, nan, nan, nan, nan, nan, nan, nan, nan, nan, nan, nan, nan, nan, nan, nan, nan, nan, nan, nan, nan, nan, nan, nan, nan, nan, nan, nan, nan, nan, nan, nan, nan, nan, nan, nan, nan, nan, nan, nan, nan, nan, nan, nan, nan, nan, nan, nan, nan, nan, nan, nan, nan, nan, nan, nan, nan, nan, nan, nan, nan, nan, nan, nan, nan, nan, nan, nan], params=[0.22, -2.92, 0.1, 0.09], fit_error=[0.023, 0.061, 0.079, 0.094, 0.083, 0.102, 0.095, 0.05, 0.023])",[-70.  -8.  -4.  -2.   0.   2.   4.   8.  70.],"[0.052, 0.176, 0.409, 0.393, 0.526, 0.409, 0.452, 0.912, 0.824]","[0.06, 0.06, 0.06, 0.06, 0.06, 0.06, 0.06, 0.06, 0.06, 0.06, 0.06, 0.06, 0.06, 0.06, 0.06, 0.06, 0.06, 0.06, 0.06, 0.06, 0.06, 0.06, 0.06, 0.061, 0.061, 0.061, 0.061, 0.062, 0.062, 0.063, 0.064, 0.065, 0.067, 0.069, 0.072, 0.076, 0.08, 0.086, 0.094, 0.104, 0.117, 0.133, 0.153, 0.177, 0.207, 0.242, 0.283, 0.328, 0.379, 0.432, 0.486, 0.54, 0.591, 0.638, 0.679, 0.716, 0.747, 0.772, 0.793, 0.81, 0.823, 0.834, 0.842, 0.848, 0.853, 0.857, 0.86, 0.862, 0.864, 0.866, 0.867, 0.867, 0.868, 0.868, 0.869, 0.869, 0.869, 0.869, 0.87, 0.87, 0.87, 0.87, 0.87, 0.87, 0.87, 0.87, 0.87, 0.87, 0.87, 0.87, 0.87, 0.87, 0.87, 0.87, 0.87, 0.87, 0.87, 0.87, 0.87, 0.87]","[0.016, 0.066, 0.107, 0.094, 0.082, 0.107, 0.078, 0.049, 0.027]","[0.22, -2.92, 0.1, 0.09]",0.22,-2.92,0.1,0.09,
2022-05-05,3,333,['Bpod5'],348,172,176,205,141,280,155,125,148,129,66,16,50,0.8045977011494253,0.9011627906976744,0.7102272727272727,346,171,175,195,128,67,0.624390243902439,0.475177304964539,148,74,74,0.3609756097560975,0.524822695035461,0.8092485549132948,0.9064327485380116,0.7142857142857143,0.8977777777777778,-0.1921470342522974,0.7589743589743589,0.8716216216216216,-0.1126472626472626,0.549783774433489,0.4428991523957792,2,1,1,0.0057471264367816,0.005813953488372,0.0056818181818181,280,155,125,700.0,387.5,312.5,4,0,0,0,"psych_curve(xdata=array([-70.,  -8.,  -4.,  -2.,   0.,   2.,   4.,   8.,  70.]), ydata=[0.009, 0.071, 0.158, 0.429, 0.435, 0.389, 0.538, 0.692, 0.81], fit=[-0.01, -0.01, -0.01, -0.01, -0.01, -0.01, -0.01, -0.01, -0.01, -0.01, -0.01, -0.01, -0.01, -0.01, -0.01, -0.01, -0.01, -0.01, -0.01, -0.01, -0.01, -0.01, -0.01, -0.01, -0.01, -0.009, -0.009, -0.009, -0.009, -0.008, -0.008, -0.007, -0.006, -0.004, -0.002, 0.0, 0.004, 0.009, 0.015, 0.023, 0.034, 0.048, 0.067, 0.09, 0.119, 0.155, 0.197, 0.247, 0.302, 0.361, 0.421, 0.481, 0.538, 0.589, 0.633, 0.671, 0.702, 0.727, 0.747, 0.762, 0.774, 0.783, 0.79, 0.795, 0.799, 0.802, 0.804, 0.805, 0.806, 0.807, 0.808, 0.809, 0.809, 0.809, 0.809, 0.81, 0.81, 0.81, 0.81, 0.81, 0.81, 0.81, 0.81, 0.81, 0.81, 0.81, 0.81, 0.81, 0.81, 0.81, 0.81, 0.81, 0.81, 0.81, 0.81, 0.81, 0.81, 0.81, 0.81, 0.81], params=[0.21, 0.21, -0.01, 0.19], fit_error=[0.009, 0.071, 0.086, 0.111, 0.106, 0.118, 0.144, 0.133, 0.037])",[-70.  -8.  -4.  -2.   0.   2.   4.   8.  70.],"[0.009, 0.071, 0.158, 0.429, 0.435, 0.389, 0.538, 0.692, 0.81]","[-0.01, -0.01, -0.01, -0.01, -0.01, -0.01, -0.01, -0.01, -0.01, -0.01, -0.01, -0.01, -0.01, -0.01, -0.01, -0.01, -0.01, -0.01, -0.01, -0.01, -0.01, -0.01, -0.01, -0.01, -0.01, -0.009, -0.009, -0.009, -0.009, -0.008, -0.008, -0.007, -0.006, -0.004, -0.002, 0.0, 0.004, 0.009, 0.015, 0.023, 0.034, 0.048, 0.067, 0.09, 0.119, 0.155, 0.197, 0.247, 0.302, 0.361, 0.421, 0.481, 0.538, 0.589, 0.633, 0.671, 0.702, 0.727, 0.747, 0.762, 0.774, 0.783, 0.79, 0.795, 0.799, 0.802, 0.804, 0.805, 0.806, 0.807, 0.808, 0.809, 0.809, 0.809, 0.809, 0.81, 0.81, 0.81, 0.81, 0.81, 0.81, 0.81, 0.81, 0.81, 0.81, 0.81, 0.81, 0.81, 0.81, 0.81, 0.81, 0.81, 0.81, 0.81, 0.81, 0.81, 0.81, 0.81, 0.81, 0.81]","[0.009, 0.071, 0.086, 0.111, 0.106, 0.118, 0.144, 0.133, 0.037]","[0.21, 0.21, -0.01, 0.19]",0.21,0.21,-0.01,0.19,"psych_curve(xdata=array([-70.,  -8.,  -4.,  -2.,  -0.,   2.,   4.,   8.,  70.]), ydata=[0.161, 0.312, 0.35, 0.733, 0.545, 0.609, 0.833, 1.0, 0.955], fit=[nan, nan, nan, nan, nan, nan, nan, nan, nan, nan, nan, nan, nan, nan, nan, nan, nan, nan, nan, nan, nan, nan, nan, nan, nan, nan, nan, nan, nan, nan, nan, nan, nan, nan, nan, nan, nan, nan, nan, nan, nan, nan, nan, nan, nan, nan, nan, nan, nan, nan, nan, nan, nan, nan, nan, nan, nan, nan, nan, nan, nan, nan, nan, nan, nan, nan, nan, nan, nan, nan, nan, nan, nan, nan, nan, nan, nan, nan, nan, nan, nan, nan, nan, nan, nan, nan, nan, nan, nan, nan, nan, nan, nan, nan, nan, nan, nan, nan, nan, nan], params=[0.24, -0.95, 0.17, 0.0], fit_error=[0.035, 0.12, 0.109, 0.118, 0.109, 0.104, 0.112, 0.0, 0.02])",[-70.  -8.  -4.  -2.   0.   2.   4.   8.  70.],"[0.009, 0.071, 0.158, 0.429, 0.435, 0.389, 0.538, 0.692, 0.81]","[-0.01, -0.01, -0.01, -0.01, -0.01, -0.01, -0.01, -0.01, -0.01, -0.01, -0.01, -0.01, -0.01, -0.01, -0.01, -0.01, -0.01, -0.01, -0.01, -0.01, -0.01, -0.01, -0.01, -0.01, -0.01, -0.009, -0.009, -0.009, -0.009, -0.008, -0.008, -0.007, -0.006, -0.004, -0.002, 0.0, 0.004, 0.009, 0.015, 0.023, 0.034, 0.048, 0.067, 0.09, 0.119, 0.155, 0.197, 0.247, 0.302, 0.361, 0.421, 0.481, 0.538, 0.589, 0.633, 0.671, 0.702, 0.727, 0.747, 0.762, 0.774, 0.783, 0.79, 0.795, 0.799, 0.802, 0.804, 0.805, 0.806, 0.807, 0.808, 0.809, 0.809, 0.809, 0.809, 0.81, 0.81, 0.81, 0.81, 0.81, 0.81, 0.81, 0.81, 0.81, 0.81, 0.81, 0.81, 0.81, 0.81, 0.81, 0.81, 0.81, 0.81, 0.81, 0.81, 0.81, 0.81, 0.81, 0.81, 0.81]","[0.009, 0.071, 0.086, 0.111, 0.106, 0.118, 0.144, 0.133, 0.037]","[0.24, -0.95, 0.17, 0.0]",0.24,-0.95,0.17,0.0,
2022-05-06,4,333,['Bpod5'],279,144,135,168,99,219,130,89,116,97,48,10,38,0.7849462365591398,0.9027777777777778,0.6592592592592592,267,140,127,151,106,45,0.6309523809523809,0.4545454545454545,108,54,54,0.3214285714285714,0.5454545454545454,0.8202247191011236,0.9285714285714286,0.7007874015748031,0.9090909090909092,-0.2277840269966254,0.7682119205298014,0.8981481481481481,-0.1299362276183467,0.5427489177489178,0.4334415584415584,12,4,8,0.043010752688172,0.0277777777777777,0.0592592592592592,219,130,89,547.5,325.0,222.5,4,0,0,0,"psych_curve(xdata=array([-70.,  -8.,  -4.,  -2.,   0.,   2.,   4.,   8.,  70.]), ydata=[0.032, 0.105, 0.2, 0.167, 0.182, 0.4, 0.3, 0.667, 0.841], fit=[0.08, 0.08, 0.08, 0.08, 0.08, 0.08, 0.08, 0.08, 0.08, 0.08, 0.08, 0.08, 0.08, 0.08, 0.08, 0.08, 0.08, 0.08, 0.08, 0.08, 0.08, 0.08, 0.08, 0.08, 0.08, 0.08, 0.08, 0.08, 0.08, 0.08, 0.08, 0.08, 0.08, 0.08, 0.08, 0.081, 0.081, 0.081, 0.082, 0.083, 0.084, 0.086, 0.09, 0.094, 0.101, 0.11, 0.124, 0.144, 0.172, 0.209, 0.257, 0.316, 0.386, 0.461, 0.536, 0.606, 0.667, 0.716, 0.755, 0.783, 0.804, 0.818, 0.828, 0.835, 0.84, 0.843, 0.845, 0.847, 0.848, 0.849, 0.849, 0.849, 0.85, 0.85, 0.85, 0.85, 0.85, 0.85, 0.85, 0.85, 0.85, 0.85, 0.85, 0.85, 0.85, 0.85, 0.85, 0.85, 0.85, 0.85, 0.85, 0.85, 0.85, 0.85, 0.85, 0.85, 0.85, 0.85, 0.85, 0.85], params=[0.28, 5.03, 0.08, 0.15], fit_error=[0.018, 0.072, 0.107, 0.167, 0.122, 0.131, 0.153, 0.126, 0.041])",[-70.  -8.  -4.  -2.   0.   2.   4.   8.  70.],"[0.032, 0.105, 0.2, 0.167, 0.182, 0.4, 0.3, 0.667, 0.841]","[0.08, 0.08, 0.08, 0.08, 0.08, 0.08, 0.08, 0.08, 0.08, 0.08, 0.08, 0.08, 0.08, 0.08, 0.08, 0.08, 0.08, 0.08, 0.08, 0.08, 0.08, 0.08, 0.08, 0.08, 0.08, 0.08, 0.08, 0.08, 0.08, 0.08, 0.08, 0.08, 0.08, 0.08, 0.08, 0.081, 0.081, 0.081, 0.082, 0.083, 0.084, 0.086, 0.09, 0.094, 0.101, 0.11, 0.124, 0.144, 0.172, 0.209, 0.257, 0.316, 0.386, 0.461, 0.536, 0.606, 0.667, 0.716, 0.755, 0.783, 0.804, 0.818, 0.828, 0.835, 0.84, 0.843, 0.845, 0.847, 0.848, 0.849, 0.849, 0.849, 0.85, 0.85, 0.85, 0.85, 0.85, 0.85, 0.85, 0.85, 0.85, 0.85, 0.85, 0.85, 0.85, 0.85, 0.85, 0.85, 0.85, 0.85, 0.85, 0.85, 0.85, 0.85, 0.85, 0.85, 0.85, 0.85, 0.85, 0.85]","[0.018, 0.072, 0.107, 0.167, 0.122, 0.131, 0.153, 0.126, 0.041]","[0.28, 5.03, 0.08, 0.15]",0.28,5.03,0.08,0.15,"psych_curve(xdata=array([-70.,  -8.,  -4.,  -2.,   0.,   2.,   4.,   8.,  70.]), ydata=[0.161, 0.294, 0.5, 0.545, 0.818, 0.6, 0.727, 0.938, 0.976], fit=[nan, nan, nan, nan, nan, nan, nan, nan, nan, nan, nan, nan, nan, nan, nan, nan, nan, nan, nan, nan, nan, nan, nan, nan, nan, nan, nan, nan, nan, nan, nan, nan, nan, nan, nan, nan, nan, nan, nan, nan, nan, nan, nan, nan, nan, nan, nan, nan, nan, nan, nan, nan, nan, nan, nan, nan, nan, nan, nan, nan, nan, nan, nan, nan, nan, nan, nan, nan, nan, nan, nan, nan, nan, nan, nan, nan, nan, nan, nan, nan, nan, nan, nan, nan, nan, nan, nan, nan, nan, nan, nan, nan, nan, nan, nan, nan, nan, nan, nan, nan], params=[0.21, -2.05, 0.15, 0.02], fit_error=[0.04, 0.114, 0.151, 0.157, 0.122, 0.163, 0.141, 0.062, 0.017])",[-70.  -8.  -4.  -2.   0.   2.   4.   8.  70.],"[0.032, 0.105, 0.2, 0.167, 0.182, 0.4, 0.3, 0.667, 0.841]","[0.08, 0.08, 0.08, 0.08, 0.08, 0.08, 0.08, 0.08, 0.08, 0.08, 0.08, 0.08, 0.08, 0.08, 0.08, 0.08, 0.08, 0.08, 0.08, 0.08, 0.08, 0.08, 0.08, 0.08, 0.08, 0.08, 0.08, 0.08, 0.08, 0.08, 0.08, 0.08, 0.08, 0.08, 0.08, 0.081, 0.081, 0.081, 0.082, 0.083, 0.084, 0.086, 0.09, 0.094, 0.101, 0.11, 0.124, 0.144, 0.172, 0.209, 0.257, 0.316, 0.386, 0.461, 0.536, 0.606, 0.667, 0.716, 0.755, 0.783, 0.804, 0.818, 0.828, 0.835, 0.84, 0.843, 0.845, 0.847, 0.848, 0.849, 0.849, 0.849, 0.85, 0.85, 0.85, 0.85, 0.85, 0.85, 0.85, 0.85, 0.85, 0.85, 0.85, 0.85, 0.85, 0.85, 0.85, 0.85, 0.85, 0.85, 0.85, 0.85, 0.85, 0.85, 0.85, 0.85, 0.85, 0.85, 0.85, 0.85]","[0.018, 0.072, 0.107, 0.167, 0.122, 0.131, 0.153, 0.126, 0.041]","[0.21, -2.05, 0.15, 0.02]",0.21,-2.05,0.15,0.02,
2022-05-07,5,333,['Bpod5'],246,118,128,129,108,198,102,96,98,96,39,12,27,0.8048780487804879,0.864406779661017,0.75,237,114,123,128,72,56,0.5581395348837209,0.5185185185185185,104,52,52,0.4031007751937984,0.4814814814814814,0.8354430379746836,0.8947368421052632,0.7804878048780488,0.9393939393939394,-0.1142490372272143,0.765625,0.9230769230769232,-0.1574519230769231,0.5383290267011197,0.4422911283376399,9,4,5,0.0365853658536585,0.0338983050847457,0.0390625,198,102,96,495.0,255.0,240.0,4,0,0,0,"psych_curve(xdata=array([-70.,  -8.,  -4.,  -2.,   0.,   2.,   4.,   8.,  70.]), ydata=[0.025, 0.3, 0.111, 0.375, 0.143, 0.571, 0.385, 0.8, 0.907], fit=[0.13, 0.13, 0.13, 0.13, 0.13, 0.13, 0.13, 0.13, 0.13, 0.13, 0.13, 0.13, 0.13, 0.13, 0.13, 0.13, 0.13, 0.13, 0.13, 0.13, 0.13, 0.13, 0.13, 0.13, 0.13, 0.13, 0.13, 0.13, 0.13, 0.13, 0.13, 0.13, 0.13, 0.13, 0.13, 0.13, 0.131, 0.131, 0.132, 0.133, 0.134, 0.136, 0.139, 0.144, 0.152, 0.163, 0.179, 0.202, 0.236, 0.281, 0.34, 0.411, 0.493, 0.577, 0.658, 0.728, 0.785, 0.829, 0.861, 0.883, 0.899, 0.909, 0.916, 0.921, 0.924, 0.926, 0.927, 0.928, 0.929, 0.929, 0.93, 0.93, 0.93, 0.93, 0.93, 0.93, 0.93, 0.93, 0.93, 0.93, 0.93, 0.93, 0.93, 0.93, 0.93, 0.93, 0.93, 0.93, 0.93, 0.93, 0.93, 0.93, 0.93, 0.93, 0.93, 0.93, 0.93, 0.93, 0.93, 0.93], params=[0.3, 4.16, 0.13, 0.07], fit_error=[0.018, 0.153, 0.111, 0.125, 0.143, 0.202, 0.14, 0.133, 0.032])",[-70.  -8.  -4.  -2.   0.   2.   4.   8.  70.],"[0.025, 0.3, 0.111, 0.375, 0.143, 0.571, 0.385, 0.8, 0.907]","[0.13, 0.13, 0.13, 0.13, 0.13, 0.13, 0.13, 0.13, 0.13, 0.13, 0.13, 0.13, 0.13, 0.13, 0.13, 0.13, 0.13, 0.13, 0.13, 0.13, 0.13, 0.13, 0.13, 0.13, 0.13, 0.13, 0.13, 0.13, 0.13, 0.13, 0.13, 0.13, 0.13, 0.13, 0.13, 0.13, 0.131, 0.131, 0.132, 0.133, 0.134, 0.136, 0.139, 0.144, 0.152, 0.163, 0.179, 0.202, 0.236, 0.281, 0.34, 0.411, 0.493, 0.577, 0.658, 0.728, 0.785, 0.829, 0.861, 0.883, 0.899, 0.909, 0.916, 0.921, 0.924, 0.926, 0.927, 0.928, 0.929, 0.929, 0.93, 0.93, 0.93, 0.93, 0.93, 0.93, 0.93, 0.93, 0.93, 0.93, 0.93, 0.93, 0.93, 0.93, 0.93, 0.93, 0.93, 0.93, 0.93, 0.93, 0.93, 0.93, 0.93, 0.93, 0.93, 0.93, 0.93, 0.93, 0.93, 0.93]","[0.018, 0.153, 0.111, 0.125, 0.143, 0.202, 0.14, 0.133, 0.032]","[0.3, 4.16, 0.13, 0.07]",0.3,4.16,0.13,0.07,"psych_curve(xdata=array([-70.,  -8.,  -4.,  -2.,   0.,   2.,   4.,   8.,  70.]), ydata=[0.114, 0.444, 0.5, 0.5, 0.571, 0.727, 0.778, 0.909, 1.0], fit=[nan, nan, nan, nan, nan, nan, nan, nan, nan, nan, nan, nan, nan, nan, nan, nan, nan, nan, nan, nan, nan, nan, nan, nan, nan, nan, nan, nan, nan, nan, nan, nan, nan, nan, nan, nan, nan, nan, nan, nan, nan, nan, nan, nan, nan, nan, nan, nan, nan, nan, nan, nan, nan, nan, nan, nan, nan, nan, nan, nan, nan, nan, nan, nan, nan, nan, nan, nan, nan, nan, nan, nan, nan, nan, nan, nan, nan, nan, nan, nan, nan, nan, nan, nan, nan, nan, nan, nan, nan, nan, nan, nan, nan, nan, nan, nan, nan, nan, nan, nan], params=[0.16, -1.67, 0.13, -0.02], fit_error=[0.034, 0.176, 0.151, 0.151, 0.202, 0.141, 0.147, 0.091, 0.0])",[-70.  -8.  -4.  -2.   0.   2.   4.   8.  70.],"[0.025, 0.3, 0.111, 0.375, 0.143, 0.571, 0.385, 0.8, 0.907]","[0.13, 0.13, 0.13, 0.13, 0.13, 0.13, 0.13, 0.13, 0.13, 0.13, 0.13, 0.13, 0.13, 0.13, 0.13, 0.13, 0.13, 0.13, 0.13, 0.13, 0.13, 0.13, 0.13, 0.13, 0.13, 0.13, 0.13, 0.13, 0.13, 0.13, 0.13, 0.13, 0.13, 0.13, 0.13, 0.13, 0.131, 0.131, 0.132, 0.133, 0.134, 0.136, 0.139, 0.144, 0.152, 0.163, 0.179, 0.202, 0.236, 0.281, 0.34, 0.411, 0.493, 0.577, 0.658, 0.728, 0.785, 0.829, 0.861, 0.883, 0.899, 0.909, 0.916, 0.921, 0.924, 0.926, 0.927, 0.928, 0.929, 0.929, 0.93, 0.93, 0.93, 0.93, 0.93, 0.93, 0.93, 0.93, 0.93, 0.93, 0.93, 0.93, 0.93, 0.93, 0.93, 0.93, 0.93, 0.93, 0.93, 0.93, 0.93, 0.93, 0.93, 0.93, 0.93, 0.93, 0.93, 0.93, 0.93, 0.93]","[0.018, 0.153, 0.111, 0.125, 0.143, 0.202, 0.14, 0.133, 0.032]","[0.16, -1.67, 0.13, -0.02]",0.16,-1.67,0.13,-0.02,
2022-05-08,6,333,['Bpod5'],415,190,225,185,221,370,168,202,190,178,36,19,17,0.891566265060241,0.8842105263157894,0.8977777777777778,406,187,219,214,89,125,0.4810810810810811,0.5656108597285068,190,95,95,0.5135135135135135,0.4298642533936652,0.9113300492610836,0.8983957219251337,0.9223744292237442,0.9772727272727272,0.0239787072986105,0.8878504672897196,0.936842105263158,-0.0489916379734383,0.5233459704047939,0.4716888834535893,9,3,6,0.0216867469879518,0.0157894736842105,0.0266666666666666,370,168,202,925.0,420.0,505.0,4,0,0,0,"psych_curve(xdata=array([-70.,  -8.,  -4.,  -2.,   0.,   2.,   4.,   8.,  70.]), ydata=[0.025, 0.0, 0.25, 0.333, 0.5, 0.786, 0.789, 0.966, 0.979], fit=[0.0, 0.0, 0.0, 0.0, 0.0, 0.0, 0.0, 0.0, 0.0, 0.0, 0.0, 0.0, 0.0, 0.0, 0.0, 0.0, 0.0, 0.0, 0.0, 0.0, 0.0, 0.0, 0.0, 0.0, 0.0, 0.0, 0.0, 0.0, 0.0, 0.0, 0.0, 0.0, 0.0, 0.0, 0.0, 0.0, 0.001, 0.001, 0.002, 0.003, 0.006, 0.01, 0.017, 0.029, 0.051, 0.086, 0.141, 0.224, 0.336, 0.47, 0.606, 0.726, 0.817, 0.88, 0.921, 0.946, 0.96, 0.969, 0.973, 0.976, 0.978, 0.979, 0.979, 0.98, 0.98, 0.98, 0.98, 0.98, 0.98, 0.98, 0.98, 0.98, 0.98, 0.98, 0.98, 0.98, 0.98, 0.98, 0.98, 0.98, 0.98, 0.98, 0.98, 0.98, 0.98, 0.98, 0.98, 0.98, 0.98, 0.98, 0.98, 0.98, 0.98, 0.98, 0.98, 0.98, 0.98, 0.98, 0.98, 0.98], params=[0.4, -0.5, 0.0, 0.02], fit_error=[0.014, 0.0, 0.112, 0.092, 0.121, 0.114, 0.096, 0.034, 0.012])",[-70.  -8.  -4.  -2.   0.   2.   4.   8.  70.],"[0.025, 0.0, 0.25, 0.333, 0.5, 0.786, 0.789, 0.966, 0.979]","[0.0, 0.0, 0.0, 0.0, 0.0, 0.0, 0.0, 0.0, 0.0, 0.0, 0.0, 0.0, 0.0, 0.0, 0.0, 0.0, 0.0, 0.0, 0.0, 0.0, 0.0, 0.0, 0.0, 0.0, 0.0, 0.0, 0.0, 0.0, 0.0, 0.0, 0.0, 0.0, 0.0, 0.0, 0.0, 0.0, 0.001, 0.001, 0.002, 0.003, 0.006, 0.01, 0.017, 0.029, 0.051, 0.086, 0.141, 0.224, 0.336, 0.47, 0.606, 0.726, 0.817, 0.88, 0.921, 0.946, 0.96, 0.969, 0.973, 0.976, 0.978, 0.979, 0.979, 0.98, 0.98, 0.98, 0.98, 0.98, 0.98, 0.98, 0.98, 0.98, 0.98, 0.98, 0.98, 0.98, 0.98, 0.98, 0.98, 0.98, 0.98, 0.98, 0.98, 0.98, 0.98, 0.98, 0.98, 0.98, 0.98, 0.98, 0.98, 0.98, 0.98, 0.98, 0.98, 0.98, 0.98, 0.98, 0.98, 0.98]","[0.014, 0.0, 0.112, 0.092, 0.121, 0.114, 0.096, 0.034, 0.012]","[0.4, -0.5, 0.0, 0.02]",0.4,-0.5,0.0,0.02,"psych_curve(xdata=array([-70.,  -8.,  -4.,  -2.,  -0.,   2.,   4.,   8.,  70.]), ydata=[0.033, 0.037, 0.278, 0.385, 0.5, 0.867, 0.824, 1.0, 0.986], fit=[nan, nan, nan, nan, nan, nan, nan, nan, nan, nan, nan, nan, nan, nan, nan, nan, nan, nan, nan, nan, nan, nan, nan, nan, nan, nan, nan, nan, nan, nan, nan, nan, nan, nan, nan, nan, nan, nan, nan, nan, nan, nan, nan, nan, nan, nan, nan, nan, nan, nan, nan, nan, nan, nan, nan, nan, nan, nan, nan, nan, nan, nan, nan, nan, nan, nan, nan, nan, nan, nan, nan, nan, nan, nan, nan, nan, nan, nan, nan, nan, nan, nan, nan, nan, nan, nan, nan, nan, nan, nan, nan, nan, nan, nan, nan, nan, nan, nan, nan, nan], params=[0.41, -0.72, 0.02, -0.0], fit_error=[0.016, 0.037, 0.109, 0.097, 0.121, 0.091, 0.095, 0.0, 0.01])",[-70.  -8.  -4.  -2.   0.   2.   4.   8.  70.],"[0.025, 0.0, 0.25, 0.333, 0.5, 0.786, 0.789, 0.966, 0.979]","[0.0, 0.0, 0.0, 0.0, 0.0, 0.0, 0.0, 0.0, 0.0, 0.0, 0.0, 0.0, 0.0, 0.0, 0.0, 0.0, 0.0, 0.0, 0.0, 0.0, 0.0, 0.0, 0.0, 0.0, 0.0, 0.0, 0.0, 0.0, 0.0, 0.0, 0.0, 0.0, 0.0, 0.0, 0.0, 0.0, 0.001, 0.001, 0.002, 0.003, 0.006, 0.01, 0.017, 0.029, 0.051, 0.086, 0.141, 0.224, 0.336, 0.47, 0.606, 0.726, 0.817, 0.88, 0.921, 0.946, 0.96, 0.969, 0.973, 0.976, 0.978, 0.979, 0.979, 0.98, 0.98, 0.98, 0.98, 0.98, 0.98, 0.98, 0.98, 0.98, 0.98, 0.98, 0.98, 0.98, 0.98, 0.98, 0.98, 0.98, 0.98, 0.98, 0.98, 0.98, 0.98, 0.98, 0.98, 0.98, 0.98, 0.98, 0.98, 0.98, 0.98, 0.98, 0.98, 0.98, 0.98, 0.98, 0.98, 0.98]","[0.014, 0.0, 0.112, 0.092, 0.121, 0.114, 0.096, 0.034, 0.012]","[0.41, -0.72, 0.02, -0.0]",0.41,-0.72,0.02,-0.0,
2022-05-09,0,333,['Bpod5'],289,134,155,130,149,242,110,132,114,124,37,17,20,0.8373702422145328,0.8208955223880597,0.8516129032258064,279,127,152,140,59,81,0.4538461538461538,0.5436241610738255,135,67,68,0.5153846153846153,0.4563758389261745,0.8673835125448028,0.8661417322834646,0.868421052631579,0.9629629629629628,0.0022793203481143,0.8142857142857143,0.9185185185185184,-0.1042328042328042,0.4987351574599896,0.4858802271553949,10,7,3,0.0346020761245674,0.0522388059701492,0.0193548387096774,242,110,132,605.0,275.0,330.0,4,0,0,0,"psych_curve(xdata=array([-70.,  -8.,  -4.,  -2.,   0.,   2.,   4.,   8.,  70.]), ydata=[0.034, 0.182, 0.385, 0.333, 0.688, 0.5, 0.714, 1.0, 0.96], fit=[0.05, 0.05, 0.05, 0.05, 0.05, 0.05, 0.05, 0.05, 0.05, 0.05, 0.05, 0.05, 0.05, 0.05, 0.05, 0.05, 0.05, 0.05, 0.05, 0.05, 0.05, 0.05, 0.05, 0.05, 0.05, 0.05, 0.05, 0.05, 0.051, 0.051, 0.051, 0.052, 0.053, 0.054, 0.055, 0.057, 0.06, 0.064, 0.07, 0.077, 0.088, 0.103, 0.122, 0.149, 0.183, 0.227, 0.281, 0.345, 0.418, 0.497, 0.577, 0.655, 0.725, 0.787, 0.837, 0.878, 0.91, 0.934, 0.952, 0.965, 0.975, 0.982, 0.987, 0.991, 0.993, 0.995, 0.997, 0.998, 0.998, 0.999, 0.999, 0.999, 1.0, 1.0, 1.0, 1.0, 1.0, 1.0, 1.0, 1.0, 1.0, 1.0, 1.0, 1.0, 1.0, 1.0, 1.0, 1.0, 1.0, 1.0, 1.0, 1.0, 1.0, 1.0, 1.0, 1.0, 1.0, 1.0, 1.0, 1.0], params=[0.24, -0.21, 0.05, -0.0], fit_error=[0.019, 0.122, 0.14, 0.167, 0.12, 0.129, 0.125, 0.0, 0.02])",[-70.  -8.  -4.  -2.   0.   2.   4.   8.  70.],"[0.034, 0.182, 0.385, 0.333, 0.688, 0.5, 0.714, 1.0, 0.96]","[0.05, 0.05, 0.05, 0.05, 0.05, 0.05, 0.05, 0.05, 0.05, 0.05, 0.05, 0.05, 0.05, 0.05, 0.05, 0.05, 0.05, 0.05, 0.05, 0.05, 0.05, 0.05, 0.05, 0.05, 0.05, 0.05, 0.05, 0.05, 0.051, 0.051, 0.051, 0.052, 0.053, 0.054, 0.055, 0.057, 0.06, 0.064, 0.07, 0.077, 0.088, 0.103, 0.122, 0.149, 0.183, 0.227, 0.281, 0.345, 0.418, 0.497, 0.577, 0.655, 0.725, 0.787, 0.837, 0.878, 0.91, 0.934, 0.952, 0.965, 0.975, 0.982, 0.987, 0.991, 0.993, 0.995, 0.997, 0.998, 0.998, 0.999, 0.999, 0.999, 1.0, 1.0, 1.0, 1.0, 1.0, 1.0, 1.0, 1.0, 1.0, 1.0, 1.0, 1.0, 1.0, 1.0, 1.0, 1.0, 1.0, 1.0, 1.0, 1.0, 1.0, 1.0, 1.0, 1.0, 1.0, 1.0, 1.0, 1.0]","[0.019, 0.122, 0.14, 0.167, 0.12, 0.129, 0.125, 0.0, 0.02]","[0.24, -0.21, 0.05, -0.0]",0.24,-0.21,0.05,-0.0,"psych_curve(xdata=array([-70.,  -8.,  -4.,  -2.,  -0.,   2.,   4.,   8.,  70.]), ydata=[0.038, 0.2, 0.5, 0.636, 0.688, 0.714, 0.833, 1.0, 0.962], fit=[nan, nan, nan, nan, nan, nan, nan, nan, nan, nan, nan, nan, nan, nan, nan, nan, nan, nan, nan, nan, nan, nan, nan, nan, nan, nan, nan, nan, nan, nan, nan, nan, nan, nan, nan, nan, nan, nan, nan, nan, nan, nan, nan, nan, nan, nan, nan, nan, nan, nan, nan, nan, nan, nan, nan, nan, nan, nan, nan, nan, nan, nan, nan, nan, nan, nan, nan, nan, nan, nan, nan, nan, nan, nan, nan, nan, nan, nan, nan, nan, nan, nan, nan, nan, nan, nan, nan, nan, nan, nan, nan, nan, nan, nan, nan, nan, nan, nan, nan, nan], params=[0.26, -3.37, 0.03, 0.02], fit_error=[0.019, 0.133, 0.139, 0.152, 0.12, 0.125, 0.112, 0.0, 0.021])",[-70.  -8.  -4.  -2.   0.   2.   4.   8.  70.],"[0.034, 0.182, 0.385, 0.333, 0.688, 0.5, 0.714, 1.0, 0.96]","[0.05, 0.05, 0.05, 0.05, 0.05, 0.05, 0.05, 0.05, 0.05, 0.05, 0.05, 0.05, 0.05, 0.05, 0.05, 0.05, 0.05, 0.05, 0.05, 0.05, 0.05, 0.05, 0.05, 0.05, 0.05, 0.05, 0.05, 0.05, 0.051, 0.051, 0.051, 0.052, 0.053, 0.054, 0.055, 0.057, 0.06, 0.064, 0.07, 0.077, 0.088, 0.103, 0.122, 0.149, 0.183, 0.227, 0.281, 0.345, 0.418, 0.497, 0.577, 0.655, 0.725, 0.787, 0.837, 0.878, 0.91, 0.934, 0.952, 0.965, 0.975, 0.982, 0.987, 0.991, 0.993, 0.995, 0.997, 0.998, 0.998, 0.999, 0.999, 0.999, 1.0, 1.0, 1.0, 1.0, 1.0, 1.0, 1.0, 1.0, 1.0, 1.0, 1.0, 1.0, 1.0, 1.0, 1.0, 1.0, 1.0, 1.0, 1.0, 1.0, 1.0, 1.0, 1.0, 1.0, 1.0, 1.0, 1.0, 1.0]","[0.019, 0.122, 0.14, 0.167, 0.12, 0.129, 0.125, 0.0, 0.02]","[0.26, -3.37, 0.03, 0.02]",0.26,-3.37,0.03,0.02,
2022-05-10,1,333,['Bpod5'],346,171,175,169,167,276,137,139,147,124,60,28,32,0.7976878612716763,0.8011695906432749,0.7942857142857143,336,165,171,192,96,96,0.5680473372781065,0.5748502994011976,138,68,70,0.4023668639053254,0.4191616766467065,0.8214285714285714,0.8303030303030303,0.8128654970760234,0.9523809523809524,-0.0174375332270069,0.765625,0.8985507246376812,-0.1329257246376811,0.571448818339652,0.410764270276016,10,6,4,0.0289017341040462,0.0350877192982456,0.0228571428571428,276,137,139,690.0,342.5,347.5,4,0,0,0,"psych_curve(xdata=array([-70.,  -8.,  -4.,  -2.,   0.,   2.,   4.,   8.,  70.]), ydata=[0.055, 0.077, 0.476, 0.5, 0.471, 0.5, 0.6, 0.8, 0.96], fit=[0.03, 0.03, 0.03, 0.03, 0.03, 0.03, 0.03, 0.03, 0.03, 0.03, 0.03, 0.03, 0.03, 0.03, 0.03, 0.03, 0.03, 0.03, 0.03, 0.031, 0.031, 0.031, 0.031, 0.032, 0.032, 0.033, 0.033, 0.034, 0.035, 0.037, 0.038, 0.041, 0.044, 0.047, 0.052, 0.058, 0.065, 0.074, 0.085, 0.099, 0.116, 0.137, 0.161, 0.191, 0.225, 0.265, 0.31, 0.359, 0.412, 0.467, 0.523, 0.578, 0.63, 0.68, 0.724, 0.764, 0.799, 0.828, 0.853, 0.874, 0.891, 0.905, 0.916, 0.925, 0.932, 0.938, 0.943, 0.946, 0.949, 0.952, 0.953, 0.955, 0.956, 0.957, 0.957, 0.958, 0.958, 0.959, 0.959, 0.959, 0.959, 0.96, 0.96, 0.96, 0.96, 0.96, 0.96, 0.96, 0.96, 0.96, 0.96, 0.96, 0.96, 0.96, 0.96, 0.96, 0.96, 0.96, 0.96, 0.96], params=[0.17, 0.01, 0.03, 0.04], fit_error=[0.022, 0.077, 0.112, 0.129, 0.125, 0.104, 0.131, 0.092, 0.02])",[-70.  -8.  -4.  -2.   0.   2.   4.   8.  70.],"[0.055, 0.077, 0.476, 0.5, 0.471, 0.5, 0.6, 0.8, 0.96]","[0.03, 0.03, 0.03, 0.03, 0.03, 0.03, 0.03, 0.03, 0.03, 0.03, 0.03, 0.03, 0.03, 0.03, 0.03, 0.03, 0.03, 0.03, 0.03, 0.031, 0.031, 0.031, 0.031, 0.032, 0.032, 0.033, 0.033, 0.034, 0.035, 0.037, 0.038, 0.041, 0.044, 0.047, 0.052, 0.058, 0.065, 0.074, 0.085, 0.099, 0.116, 0.137, 0.161, 0.191, 0.225, 0.265, 0.31, 0.359, 0.412, 0.467, 0.523, 0.578, 0.63, 0.68, 0.724, 0.764, 0.799, 0.828, 0.853, 0.874, 0.891, 0.905, 0.916, 0.925, 0.932, 0.938, 0.943, 0.946, 0.949, 0.952, 0.953, 0.955, 0.956, 0.957, 0.957, 0.958, 0.958, 0.959, 0.959, 0.959, 0.959, 0.96, 0.96, 0.96, 0.96, 0.96, 0.96, 0.96, 0.96, 0.96, 0.96, 0.96, 0.96, 0.96, 0.96, 0.96, 0.96, 0.96, 0.96, 0.96]","[0.022, 0.077, 0.112, 0.129, 0.125, 0.104, 0.131, 0.092, 0.02]","[0.17, 0.01, 0.03, 0.04]",0.17,0.01,0.03,0.04,"psych_curve(xdata=array([-70.,  -8.,  -4.,  -2.,  -0.,   2.,   4.,   8.,  70.]), ydata=[0.083, 0.294, 0.706, 0.684, 0.688, 0.7, 0.789, 1.0, 0.99], fit=[nan, nan, nan, nan, nan, nan, nan, nan, nan, nan, nan, nan, nan, nan, nan, nan, nan, nan, nan, nan, nan, nan, nan, nan, nan, nan, nan, nan, nan, nan, nan, nan, nan, nan, nan, nan, nan, nan, nan, nan, nan, nan, nan, nan, nan, nan, nan, nan, nan, nan, nan, nan, nan, nan, nan, nan, nan, nan, nan, nan, nan, nan, nan, nan, nan, nan, nan, nan, nan, nan, nan, nan, nan, nan, nan, nan, nan, nan, nan, nan, nan, nan, nan, nan, nan, nan, nan, nan, nan, nan, nan, nan, nan, nan, nan, nan, nan, nan, nan, nan], params=[0.19, -4.62, 0.07, 0.01], fit_error=[0.027, 0.114, 0.114, 0.11, 0.12, 0.105, 0.096, 0.0, 0.01])",[-70.  -8.  -4.  -2.   0.   2.   4.   8.  70.],"[0.055, 0.077, 0.476, 0.5, 0.471, 0.5, 0.6, 0.8, 0.96]","[0.03, 0.03, 0.03, 0.03, 0.03, 0.03, 0.03, 0.03, 0.03, 0.03, 0.03, 0.03, 0.03, 0.03, 0.03, 0.03, 0.03, 0.03, 0.03, 0.031, 0.031, 0.031, 0.031, 0.032, 0.032, 0.033, 0.033, 0.034, 0.035, 0.037, 0.038, 0.041, 0.044, 0.047, 0.052, 0.058, 0.065, 0.074, 0.085, 0.099, 0.116, 0.137, 0.161, 0.191, 0.225, 0.265, 0.31, 0.359, 0.412, 0.467, 0.523, 0.578, 0.63, 0.68, 0.724, 0.764, 0.799, 0.828, 0.853, 0.874, 0.891, 0.905, 0.916, 0.925, 0.932, 0.938, 0.943, 0.946, 0.949, 0.952, 0.953, 0.955, 0.956, 0.957, 0.957, 0.958, 0.958, 0.959, 0.959, 0.959, 0.959, 0.96, 0.96, 0.96, 0.96, 0.96, 0.96, 0.96, 0.96, 0.96, 0.96, 0.96, 0.96, 0.96, 0.96, 0.96, 0.96, 0.96, 0.96, 0.96]","[0.022, 0.077, 0.112, 0.129, 0.125, 0.104, 0.131, 0.092, 0.02]","[0.19, -4.62, 0.07, 0.01]",0.19,-4.62,0.07,0.01,
2022-05-11,2,333,['Bpod5'],454,219,235,192,234,371,169,202,173,185,55,32,23,0.8171806167400881,0.771689497716895,0.8595744680851064,426,201,225,209,86,123,0.4479166666666667,0.5256410256410257,201,100,101,0.5208333333333334,0.4316239316239316,0.8708920187793427,0.8407960199004975,0.8977777777777778,0.9525547445255474,0.0569817578772803,0.8277511961722488,0.9203980099502488,-0.0926468137779999,0.4867788461538461,0.4762286324786325,28,18,10,0.0616740088105726,0.0821917808219178,0.0425531914893617,371,169,202,927.5,422.5,505.0,4,0,0,0,"psych_curve(xdata=array([-70.,  -8.,  -4.,  -2.,   0.,   2.,   4.,   8.,  70.]), ydata=[0.079, 0.227, 0.267, 0.346, 0.409, 0.714, 0.696, 0.913, 0.98], fit=[0.12, 0.12, 0.12, 0.12, 0.12, 0.12, 0.12, 0.12, 0.12, 0.12, 0.12, 0.12, 0.12, 0.12, 0.12, 0.12, 0.12, 0.12, 0.12, 0.12, 0.12, 0.12, 0.12, 0.12, 0.12, 0.12, 0.12, 0.12, 0.12, 0.12, 0.12, 0.12, 0.12, 0.12, 0.121, 0.121, 0.121, 0.122, 0.123, 0.125, 0.128, 0.133, 0.14, 0.151, 0.168, 0.194, 0.23, 0.282, 0.35, 0.434, 0.529, 0.627, 0.718, 0.794, 0.855, 0.899, 0.93, 0.951, 0.965, 0.974, 0.98, 0.983, 0.986, 0.987, 0.988, 0.989, 0.989, 0.99, 0.99, 0.99, 0.99, 0.99, 0.99, 0.99, 0.99, 0.99, 0.99, 0.99, 0.99, 0.99, 0.99, 0.99, 0.99, 0.99, 0.99, 0.99, 0.99, 0.99, 0.99, 0.99, 0.99, 0.99, 0.99, 0.99, 0.99, 0.99, 0.99, 0.99, 0.99, 0.99], params=[0.32, 1.08, 0.12, 0.01], fit_error=[0.024, 0.091, 0.118, 0.095, 0.107, 0.101, 0.098, 0.06, 0.012])",[-70.  -8.  -4.  -2.   0.   2.   4.   8.  70.],"[0.079, 0.227, 0.267, 0.346, 0.409, 0.714, 0.696, 0.913, 0.98]","[0.12, 0.12, 0.12, 0.12, 0.12, 0.12, 0.12, 0.12, 0.12, 0.12, 0.12, 0.12, 0.12, 0.12, 0.12, 0.12, 0.12, 0.12, 0.12, 0.12, 0.12, 0.12, 0.12, 0.12, 0.12, 0.12, 0.12, 0.12, 0.12, 0.12, 0.12, 0.12, 0.12, 0.12, 0.121, 0.121, 0.121, 0.122, 0.123, 0.125, 0.128, 0.133, 0.14, 0.151, 0.168, 0.194, 0.23, 0.282, 0.35, 0.434, 0.529, 0.627, 0.718, 0.794, 0.855, 0.899, 0.93, 0.951, 0.965, 0.974, 0.98, 0.983, 0.986, 0.987, 0.988, 0.989, 0.989, 0.99, 0.99, 0.99, 0.99, 0.99, 0.99, 0.99, 0.99, 0.99, 0.99, 0.99, 0.99, 0.99, 0.99, 0.99, 0.99, 0.99, 0.99, 0.99, 0.99, 0.99, 0.99, 0.99, 0.99, 0.99, 0.99, 0.99, 0.99, 0.99, 0.99, 0.99, 0.99, 0.99]","[0.024, 0.091, 0.118, 0.095, 0.107, 0.101, 0.098, 0.06, 0.012]","[0.32, 1.08, 0.12, 0.01]",0.32,1.08,0.12,0.01,"psych_curve(xdata=array([-70.,  -8.,  -4.,  -2.,   0.,   2.,   4.,   8.,  70.]), ydata=[0.057, 0.25, 0.421, 0.391, 0.4, 0.739, 0.842, 0.952, 0.975], fit=[nan, nan, nan, nan, nan, nan, nan, nan, nan, nan, nan, nan, nan, nan, nan, nan, nan, nan, nan, nan, nan, nan, nan, nan, nan, nan, nan, nan, nan, nan, nan, nan, nan, nan, nan, nan, nan, nan, nan, nan, nan, nan, nan, nan, nan, nan, nan, nan, nan, nan, nan, nan, nan, nan, nan, nan, nan, nan, nan, nan, nan, nan, nan, nan, nan, nan, nan, nan, nan, nan, nan, nan, nan, nan, nan, nan, nan, nan, nan, nan, nan, nan, nan, nan, nan, nan, nan, nan, nan, nan, nan, nan, nan, nan, nan, nan, nan, nan, nan, nan], params=[0.28, 0.13, 0.11, -0.01], fit_error=[0.02, 0.09, 0.116, 0.104, 0.112, 0.094, 0.086, 0.048, 0.014])",[-70.  -8.  -4.  -2.   0.   2.   4.   8.  70.],"[0.079, 0.227, 0.267, 0.346, 0.409, 0.714, 0.696, 0.913, 0.98]","[0.12, 0.12, 0.12, 0.12, 0.12, 0.12, 0.12, 0.12, 0.12, 0.12, 0.12, 0.12, 0.12, 0.12, 0.12, 0.12, 0.12, 0.12, 0.12, 0.12, 0.12, 0.12, 0.12, 0.12, 0.12, 0.12, 0.12, 0.12, 0.12, 0.12, 0.12, 0.12, 0.12, 0.12, 0.121, 0.121, 0.121, 0.122, 0.123, 0.125, 0.128, 0.133, 0.14, 0.151, 0.168, 0.194, 0.23, 0.282, 0.35, 0.434, 0.529, 0.627, 0.718, 0.794, 0.855, 0.899, 0.93, 0.951, 0.965, 0.974, 0.98, 0.983, 0.986, 0.987, 0.988, 0.989, 0.989, 0.99, 0.99, 0.99, 0.99, 0.99, 0.99, 0.99, 0.99, 0.99, 0.99, 0.99, 0.99, 0.99, 0.99, 0.99, 0.99, 0.99, 0.99, 0.99, 0.99, 0.99, 0.99, 0.99, 0.99, 0.99, 0.99, 0.99, 0.99, 0.99, 0.99, 0.99, 0.99, 0.99]","[0.024, 0.091, 0.118, 0.095, 0.107, 0.101, 0.098, 0.06, 0.012]","[0.28, 0.13, 0.11, -0.01]",0.28,0.13,0.11,-0.01,
2022-05-12,3,333,['Bpod5'],408,216,192,228,169,321,180,141,171,146,76,28,48,0.7867647058823529,0.8333333333333334,0.734375,397,208,189,210,136,74,0.5964912280701754,0.4378698224852071,181,90,91,0.3947368421052631,0.5384615384615384,0.8085642317380353,0.8653846153846154,0.746031746031746,0.869198312236287,-0.1193528693528693,0.8142857142857143,0.8066298342541437,0.0076558800315705,0.5171805252776913,0.4665991902834008,11,8,3,0.0269607843137254,0.037037037037037,0.015625,321,180,141,802.5,450.0,352.5,4,0,0,0,"psych_curve(xdata=array([-70.,  -8.,  -4.,  -2.,   0.,   2.,   4.,   8.,  70.]), ydata=[0.094, 0.042, 0.296, 0.286, 0.346, 0.63, 0.667, 0.667, 0.826], fit=[0.07, 0.07, 0.07, 0.07, 0.07, 0.07, 0.07, 0.07, 0.07, 0.07, 0.07, 0.07, 0.07, 0.07, 0.07, 0.07, 0.07, 0.07, 0.07, 0.07, 0.07, 0.07, 0.07, 0.07, 0.07, 0.07, 0.07, 0.07, 0.07, 0.07, 0.07, 0.07, 0.07, 0.07, 0.07, 0.071, 0.071, 0.071, 0.072, 0.074, 0.077, 0.081, 0.087, 0.098, 0.115, 0.141, 0.179, 0.233, 0.303, 0.386, 0.474, 0.555, 0.624, 0.676, 0.713, 0.737, 0.753, 0.764, 0.77, 0.774, 0.776, 0.778, 0.779, 0.779, 0.779, 0.78, 0.78, 0.78, 0.78, 0.78, 0.78, 0.78, 0.78, 0.78, 0.78, 0.78, 0.78, 0.78, 0.78, 0.78, 0.78, 0.78, 0.78, 0.78, 0.78, 0.78, 0.78, 0.78, 0.78, 0.78, 0.78, 0.78, 0.78, 0.78, 0.78, 0.78, 0.78, 0.78, 0.78, 0.78], params=[0.35, -0.08, 0.07, 0.22], fit_error=[0.026, 0.042, 0.09, 0.125, 0.095, 0.095, 0.098, 0.114, 0.037])",[-70.  -8.  -4.  -2.   0.   2.   4.   8.  70.],"[0.094, 0.042, 0.296, 0.286, 0.346, 0.63, 0.667, 0.667, 0.826]","[0.07, 0.07, 0.07, 0.07, 0.07, 0.07, 0.07, 0.07, 0.07, 0.07, 0.07, 0.07, 0.07, 0.07, 0.07, 0.07, 0.07, 0.07, 0.07, 0.07, 0.07, 0.07, 0.07, 0.07, 0.07, 0.07, 0.07, 0.07, 0.07, 0.07, 0.07, 0.07, 0.07, 0.07, 0.07, 0.071, 0.071, 0.071, 0.072, 0.074, 0.077, 0.081, 0.087, 0.098, 0.115, 0.141, 0.179, 0.233, 0.303, 0.386, 0.474, 0.555, 0.624, 0.676, 0.713, 0.737, 0.753, 0.764, 0.77, 0.774, 0.776, 0.778, 0.779, 0.779, 0.779, 0.78, 0.78, 0.78, 0.78, 0.78, 0.78, 0.78, 0.78, 0.78, 0.78, 0.78, 0.78, 0.78, 0.78, 0.78, 0.78, 0.78, 0.78, 0.78, 0.78, 0.78, 0.78, 0.78, 0.78, 0.78, 0.78, 0.78, 0.78, 0.78, 0.78, 0.78, 0.78, 0.78, 0.78, 0.78]","[0.026, 0.042, 0.09, 0.125, 0.095, 0.095, 0.098, 0.114, 0.037]","[0.35, -0.08, 0.07, 0.22]",0.35,-0.08,0.07,0.22,"psych_curve(xdata=array([-70.,  -8.,  -4.,  -2.,   0.,   2.,   4.,   8.,  70.]), ydata=[0.133, 0.19, 0.36, 0.667, 0.385, 0.786, 0.72, 0.857, 0.883], fit=[nan, nan, nan, nan, nan, nan, nan, nan, nan, nan, nan, nan, nan, nan, nan, nan, nan, nan, nan, nan, nan, nan, nan, nan, nan, nan, nan, nan, nan, nan, nan, nan, nan, nan, nan, nan, nan, nan, nan, nan, nan, nan, nan, nan, nan, nan, nan, nan, nan, nan, nan, nan, nan, nan, nan, nan, nan, nan, nan, nan, nan, nan, nan, nan, nan, nan, nan, nan, nan, nan, nan, nan, nan, nan, nan, nan, nan, nan, nan, nan, nan, nan, nan, nan, nan, nan, nan, nan, nan, nan, nan, nan, nan, nan, nan, nan, nan, nan, nan, nan], params=[0.28, -1.75, 0.12, 0.11], fit_error=[0.032, 0.088, 0.098, 0.142, 0.097, 0.079, 0.092, 0.078, 0.029])",[-70.  -8.  -4.  -2.   0.   2.   4.   8.  70.],"[0.094, 0.042, 0.296, 0.286, 0.346, 0.63, 0.667, 0.667, 0.826]","[0.07, 0.07, 0.07, 0.07, 0.07, 0.07, 0.07, 0.07, 0.07, 0.07, 0.07, 0.07, 0.07, 0.07, 0.07, 0.07, 0.07, 0.07, 0.07, 0.07, 0.07, 0.07, 0.07, 0.07, 0.07, 0.07, 0.07, 0.07, 0.07, 0.07, 0.07, 0.07, 0.07, 0.07, 0.07, 0.071, 0.071, 0.071, 0.072, 0.074, 0.077, 0.081, 0.087, 0.098, 0.115, 0.141, 0.179, 0.233, 0.303, 0.386, 0.474, 0.555, 0.624, 0.676, 0.713, 0.737, 0.753, 0.764, 0.77, 0.774, 0.776, 0.778, 0.779, 0.779, 0.779, 0.78, 0.78, 0.78, 0.78, 0.78, 0.78, 0.78, 0.78, 0.78, 0.78, 0.78, 0.78, 0.78, 0.78, 0.78, 0.78, 0.78, 0.78, 0.78, 0.78, 0.78, 0.78, 0.78, 0.78, 0.78, 0.78, 0.78, 0.78, 0.78, 0.78, 0.78, 0.78, 0.78, 0.78, 0.78]","[0.026, 0.042, 0.09, 0.125, 0.095, 0.095, 0.098, 0.114, 0.037]","[0.28, -1.75, 0.12, 0.11]",0.28,-1.75,0.12,0.11,
2022-05-13,4,333,['Bpod5'],351,177,174,208,125,278,161,117,152,120,55,8,47,0.792022792022792,0.9096045197740112,0.6724137931034483,333,169,164,195,136,59,0.6538461538461539,0.472,131,66,65,0.3173076923076923,0.52,0.8348348348348348,0.9526627218934912,0.7134146341463414,0.9041095890410958,-0.2392480877471496,0.7794871794871795,0.916030534351145,-0.1365433548639655,0.5629230769230769,0.4186538461538461,18,8,10,0.0512820512820512,0.0451977401129943,0.057471264367816,278,161,117,695.0,402.5,292.5,4,0,0,0,"psych_curve(xdata=array([-70.,  -8.,  -4.,  -2.,   0.,   2.,   4.,   8.,  70.]), ydata=[0.019, 0.056, 0.111, 0.136, 0.083, 0.25, 0.706, 0.533, 0.83], fit=[0.08, 0.08, 0.08, 0.08, 0.08, 0.08, 0.08, 0.08, 0.08, 0.08, 0.08, 0.08, 0.08, 0.08, 0.08, 0.08, 0.08, 0.08, 0.08, 0.08, 0.08, 0.08, 0.08, 0.08, 0.08, 0.08, 0.08, 0.08, 0.08, 0.08, 0.08, 0.08, 0.08, 0.08, 0.08, 0.08, 0.08, 0.08, 0.08, 0.08, 0.08, 0.08, 0.08, 0.08, 0.08, 0.08, 0.08, 0.08, 0.08, 0.08, 0.08, 0.366, 0.69, 0.69, 0.69, 0.69, 0.69, 0.69, 0.69, 0.69, 0.69, 0.69, 0.69, 0.69, 0.69, 0.69, 0.69, 0.69, 0.69, 0.69, 0.69, 0.69, 0.69, 0.69, 0.69, 0.69, 0.69, 0.69, 0.69, 0.69, 0.69, 0.69, 0.69, 0.69, 0.69, 0.69, 0.69, 0.69, 0.69, 0.69, 0.69, 0.69, 0.69, 0.69, 0.69, 0.69, 0.69, 0.69, 0.69, 0.69], params=[6.61, 2.14, 0.08, 0.31], fit_error=[0.013, 0.056, 0.076, 0.075, 0.083, 0.131, 0.114, 0.133, 0.036])",[-70.  -8.  -4.  -2.   0.   2.   4.   8.  70.],"[0.019, 0.056, 0.111, 0.136, 0.083, 0.25, 0.706, 0.533, 0.83]","[0.08, 0.08, 0.08, 0.08, 0.08, 0.08, 0.08, 0.08, 0.08, 0.08, 0.08, 0.08, 0.08, 0.08, 0.08, 0.08, 0.08, 0.08, 0.08, 0.08, 0.08, 0.08, 0.08, 0.08, 0.08, 0.08, 0.08, 0.08, 0.08, 0.08, 0.08, 0.08, 0.08, 0.08, 0.08, 0.08, 0.08, 0.08, 0.08, 0.08, 0.08, 0.08, 0.08, 0.08, 0.08, 0.08, 0.08, 0.08, 0.08, 0.08, 0.08, 0.366, 0.69, 0.69, 0.69, 0.69, 0.69, 0.69, 0.69, 0.69, 0.69, 0.69, 0.69, 0.69, 0.69, 0.69, 0.69, 0.69, 0.69, 0.69, 0.69, 0.69, 0.69, 0.69, 0.69, 0.69, 0.69, 0.69, 0.69, 0.69, 0.69, 0.69, 0.69, 0.69, 0.69, 0.69, 0.69, 0.69, 0.69, 0.69, 0.69, 0.69, 0.69, 0.69, 0.69, 0.69, 0.69, 0.69, 0.69, 0.69]","[0.013, 0.056, 0.076, 0.075, 0.083, 0.131, 0.114, 0.133, 0.036]","[6.61, 2.14, 0.08, 0.31]",6.61,2.14,0.08,0.31,"psych_curve(xdata=array([-70.,  -8.,  -4.,  -2.,   0.,   2.,   4.,   8.,  70.]), ydata=[0.167, 0.353, 0.412, 0.529, 0.583, 0.824, 1.0, 0.867, 0.981], fit=[nan, nan, nan, nan, nan, nan, nan, nan, nan, nan, nan, nan, nan, nan, nan, nan, nan, nan, nan, nan, nan, nan, nan, nan, nan, nan, nan, nan, nan, nan, nan, nan, nan, nan, nan, nan, nan, nan, nan, nan, nan, nan, nan, nan, nan, nan, nan, nan, nan, nan, nan, nan, nan, nan, nan, nan, nan, nan, nan, nan, nan, nan, nan, nan, nan, nan, nan, nan, nan, nan, nan, nan, nan, nan, nan, nan, nan, nan, nan, nan, nan, nan, nan, nan, nan, nan, nan, nan, nan, nan, nan, nan, nan, nan, nan, nan, nan, nan, nan, nan], params=[0.39, -0.96, 0.23, 0.03], fit_error=[0.036, 0.119, 0.123, 0.125, 0.149, 0.095, 0.0, 0.091, 0.013])",[-70.  -8.  -4.  -2.   0.   2.   4.   8.  70.],"[0.019, 0.056, 0.111, 0.136, 0.083, 0.25, 0.706, 0.533, 0.83]","[0.08, 0.08, 0.08, 0.08, 0.08, 0.08, 0.08, 0.08, 0.08, 0.08, 0.08, 0.08, 0.08, 0.08, 0.08, 0.08, 0.08, 0.08, 0.08, 0.08, 0.08, 0.08, 0.08, 0.08, 0.08, 0.08, 0.08, 0.08, 0.08, 0.08, 0.08, 0.08, 0.08, 0.08, 0.08, 0.08, 0.08, 0.08, 0.08, 0.08, 0.08, 0.08, 0.08, 0.08, 0.08, 0.08, 0.08, 0.08, 0.08, 0.08, 0.08, 0.366, 0.69, 0.69, 0.69, 0.69, 0.69, 0.69, 0.69, 0.69, 0.69, 0.69, 0.69, 0.69, 0.69, 0.69, 0.69, 0.69, 0.69, 0.69, 0.69, 0.69, 0.69, 0.69, 0.69, 0.69, 0.69, 0.69, 0.69, 0.69, 0.69, 0.69, 0.69, 0.69, 0.69, 0.69, 0.69, 0.69, 0.69, 0.69, 0.69, 0.69, 0.69, 0.69, 0.69, 0.69, 0.69, 0.69, 0.69, 0.69]","[0.013, 0.056, 0.076, 0.075, 0.083, 0.131, 0.114, 0.133, 0.036]","[0.39, -0.96, 0.23, 0.03]",0.39,-0.96,0.23,0.03,
2022-05-14,5,333,['Bpod5'],266,132,134,136,120,221,114,107,118,99,35,13,22,0.8308270676691729,0.8636363636363636,0.7985074626865671,256,127,129,145,80,65,0.5882352941176471,0.5416666666666666,106,53,53,0.3897058823529412,0.4416666666666666,0.86328125,0.8976377952755905,0.8294573643410853,0.9440993788819876,-0.0681804309345052,0.8137931034482758,0.9339622641509434,-0.1201691607026675,0.5649509803921569,0.4156862745098039,10,5,5,0.037593984962406,0.0378787878787878,0.0373134328358208,221,114,107,552.5,285.0,267.5,4,0,0,0,"psych_curve(xdata=array([-70.,  -8.,  -4.,  -2.,   0.,   2.,   4.,   8.,  70.]), ydata=[0.027, 0.357, 0.167, 0.125, 0.4, 0.417, 0.643, 0.818, 0.92], fit=[0.16, 0.16, 0.16, 0.16, 0.16, 0.16, 0.16, 0.16, 0.16, 0.16, 0.16, 0.16, 0.16, 0.16, 0.16, 0.16, 0.16, 0.16, 0.16, 0.16, 0.16, 0.16, 0.16, 0.16, 0.16, 0.16, 0.16, 0.16, 0.16, 0.16, 0.16, 0.16, 0.16, 0.16, 0.16, 0.16, 0.16, 0.16, 0.16, 0.16, 0.16, 0.161, 0.162, 0.163, 0.166, 0.171, 0.181, 0.199, 0.23, 0.282, 0.361, 0.467, 0.585, 0.694, 0.778, 0.834, 0.868, 0.887, 0.898, 0.903, 0.906, 0.908, 0.909, 0.909, 0.91, 0.91, 0.91, 0.91, 0.91, 0.91, 0.91, 0.91, 0.91, 0.91, 0.91, 0.91, 0.91, 0.91, 0.91, 0.91, 0.91, 0.91, 0.91, 0.91, 0.91, 0.91, 0.91, 0.91, 0.91, 0.91, 0.91, 0.91, 0.91, 0.91, 0.91, 0.91, 0.91, 0.91, 0.91, 0.91], params=[0.45, 2.94, 0.16, 0.09], fit_error=[0.019, 0.133, 0.09, 0.085, 0.163, 0.149, 0.133, 0.122, 0.029])",[-70.  -8.  -4.  -2.   0.   2.   4.   8.  70.],"[0.027, 0.357, 0.167, 0.125, 0.4, 0.417, 0.643, 0.818, 0.92]","[0.16, 0.16, 0.16, 0.16, 0.16, 0.16, 0.16, 0.16, 0.16, 0.16, 0.16, 0.16, 0.16, 0.16, 0.16, 0.16, 0.16, 0.16, 0.16, 0.16, 0.16, 0.16, 0.16, 0.16, 0.16, 0.16, 0.16, 0.16, 0.16, 0.16, 0.16, 0.16, 0.16, 0.16, 0.16, 0.16, 0.16, 0.16, 0.16, 0.16, 0.16, 0.161, 0.162, 0.163, 0.166, 0.171, 0.181, 0.199, 0.23, 0.282, 0.361, 0.467, 0.585, 0.694, 0.778, 0.834, 0.868, 0.887, 0.898, 0.903, 0.906, 0.908, 0.909, 0.909, 0.91, 0.91, 0.91, 0.91, 0.91, 0.91, 0.91, 0.91, 0.91, 0.91, 0.91, 0.91, 0.91, 0.91, 0.91, 0.91, 0.91, 0.91, 0.91, 0.91, 0.91, 0.91, 0.91, 0.91, 0.91, 0.91, 0.91, 0.91, 0.91, 0.91, 0.91, 0.91, 0.91, 0.91, 0.91, 0.91]","[0.019, 0.133, 0.09, 0.085, 0.163, 0.149, 0.133, 0.122, 0.029]","[0.45, 2.94, 0.16, 0.09]",0.45,2.94,0.16,0.09,"psych_curve(xdata=array([-70.,  -8.,  -4.,  -2.,   0.,   2.,   4.,   8.,  70.]), ydata=[0.086, 0.385, 0.417, 0.533, 0.7, 0.917, 0.895, 0.833, 0.974], fit=[nan, nan, nan, nan, nan, nan, nan, nan, nan, nan, nan, nan, nan, nan, nan, nan, nan, nan, nan, nan, nan, nan, nan, nan, nan, nan, nan, nan, nan, nan, nan, nan, nan, nan, nan, nan, nan, nan, nan, nan, nan, nan, nan, nan, nan, nan, nan, nan, nan, nan, nan, nan, nan, nan, nan, nan, nan, nan, nan, nan, nan, nan, nan, nan, nan, nan, nan, nan, nan, nan, nan, nan, nan, nan, nan, nan, nan, nan, nan, nan, nan, nan, nan, nan, nan, nan, nan, nan, nan, nan, nan, nan, nan, nan, nan, nan, nan, nan, nan, nan], params=[0.28, -3.06, 0.12, 0.04], fit_error=[0.031, 0.14, 0.149, 0.133, 0.153, 0.083, 0.072, 0.112, 0.018])",[-70.  -8.  -4.  -2.   0.   2.   4.   8.  70.],"[0.027, 0.357, 0.167, 0.125, 0.4, 0.417, 0.643, 0.818, 0.92]","[0.16, 0.16, 0.16, 0.16, 0.16, 0.16, 0.16, 0.16, 0.16, 0.16, 0.16, 0.16, 0.16, 0.16, 0.16, 0.16, 0.16, 0.16, 0.16, 0.16, 0.16, 0.16, 0.16, 0.16, 0.16, 0.16, 0.16, 0.16, 0.16, 0.16, 0.16, 0.16, 0.16, 0.16, 0.16, 0.16, 0.16, 0.16, 0.16, 0.16, 0.16, 0.161, 0.162, 0.163, 0.166, 0.171, 0.181, 0.199, 0.23, 0.282, 0.361, 0.467, 0.585, 0.694, 0.778, 0.834, 0.868, 0.887, 0.898, 0.903, 0.906, 0.908, 0.909, 0.909, 0.91, 0.91, 0.91, 0.91, 0.91, 0.91, 0.91, 0.91, 0.91, 0.91, 0.91, 0.91, 0.91, 0.91, 0.91, 0.91, 0.91, 0.91, 0.91, 0.91, 0.91, 0.91, 0.91, 0.91, 0.91, 0.91, 0.91, 0.91, 0.91, 0.91, 0.91, 0.91, 0.91, 0.91, 0.91, 0.91]","[0.019, 0.133, 0.09, 0.085, 0.163, 0.149, 0.133, 0.122, 0.029]","[0.28, -3.06, 0.12, 0.04]",0.28,-3.06,0.12,0.04,
2022-05-15,6,333,['Bpod5'],435,209,226,228,198,383,196,187,197,183,43,11,32,0.8804597701149425,0.937799043062201,0.827433628318584,426,207,219,217,122,95,0.5350877192982456,0.4797979797979798,205,102,103,0.4473684210526316,0.5202020202020202,0.8990610328638498,0.9468599033816424,0.8538812785388128,0.9775280898876404,-0.0929786248428297,0.9078341013824884,0.8926829268292683,0.0151511745532201,0.5074428495481127,0.4837852206273259,9,2,7,0.0206896551724137,0.0095693779904306,0.0309734513274336,383,196,187,957.5,490.0,467.5,4,0,0,0,"psych_curve(xdata=array([-70.,  -8.,  -4.,  -2.,   0.,   2.,   4.,   8.,  70.]), ydata=[0.008, 0.059, 0.0, 0.188, 0.318, 0.571, 0.6, 0.923, 0.964], fit=[0.0, 0.0, 0.0, 0.0, 0.0, 0.0, 0.0, 0.0, 0.0, 0.0, 0.0, 0.0, 0.0, 0.0, 0.0, 0.0, 0.0, 0.0, 0.0, 0.0, 0.0, 0.0, 0.0, 0.0, 0.0, 0.0, 0.0, 0.0, 0.0, 0.0, 0.0, 0.0, 0.0, 0.0, 0.0, 0.0, 0.0, 0.0, 0.001, 0.001, 0.002, 0.004, 0.007, 0.012, 0.02, 0.035, 0.06, 0.102, 0.166, 0.258, 0.378, 0.513, 0.644, 0.754, 0.834, 0.888, 0.922, 0.942, 0.954, 0.961, 0.965, 0.967, 0.968, 0.969, 0.969, 0.97, 0.97, 0.97, 0.97, 0.97, 0.97, 0.97, 0.97, 0.97, 0.97, 0.97, 0.97, 0.97, 0.97, 0.97, 0.97, 0.97, 0.97, 0.97, 0.97, 0.97, 0.97, 0.97, 0.97, 0.97, 0.97, 0.97, 0.97, 0.97, 0.97, 0.97, 0.97, 0.97, 0.97, 0.97], params=[0.4, 1.83, -0.0, 0.03], fit_error=[0.008, 0.059, 0.0, 0.07, 0.102, 0.111, 0.1, 0.053, 0.016])",[-70.  -8.  -4.  -2.   0.   2.   4.   8.  70.],"[0.008, 0.059, 0.0, 0.188, 0.318, 0.571, 0.6, 0.923, 0.964]","[0.0, 0.0, 0.0, 0.0, 0.0, 0.0, 0.0, 0.0, 0.0, 0.0, 0.0, 0.0, 0.0, 0.0, 0.0, 0.0, 0.0, 0.0, 0.0, 0.0, 0.0, 0.0, 0.0, 0.0, 0.0, 0.0, 0.0, 0.0, 0.0, 0.0, 0.0, 0.0, 0.0, 0.0, 0.0, 0.0, 0.0, 0.0, 0.001, 0.001, 0.002, 0.004, 0.007, 0.012, 0.02, 0.035, 0.06, 0.102, 0.166, 0.258, 0.378, 0.513, 0.644, 0.754, 0.834, 0.888, 0.922, 0.942, 0.954, 0.961, 0.965, 0.967, 0.968, 0.969, 0.969, 0.97, 0.97, 0.97, 0.97, 0.97, 0.97, 0.97, 0.97, 0.97, 0.97, 0.97, 0.97, 0.97, 0.97, 0.97, 0.97, 0.97, 0.97, 0.97, 0.97, 0.97, 0.97, 0.97, 0.97, 0.97, 0.97, 0.97, 0.97, 0.97, 0.97, 0.97, 0.97, 0.97, 0.97, 0.97]","[0.008, 0.059, 0.0, 0.07, 0.102, 0.111, 0.1, 0.053, 0.016]","[0.4, 1.83, -0.0, 0.03]",0.4,1.83,-0.0,0.03,"psych_curve(xdata=array([-70.,  -8.,  -4.,  -2.,  -0.,   2.,   4.,   8.,  70.]), ydata=[0.032, 0.091, 0.25, 0.24, 0.429, 0.679, 0.762, 0.952, 0.986], fit=[nan, nan, nan, nan, nan, nan, nan, nan, nan, nan, nan, nan, nan, nan, nan, nan, nan, nan, nan, nan, nan, nan, nan, nan, nan, nan, nan, nan, nan, nan, nan, nan, nan, nan, nan, nan, nan, nan, nan, nan, nan, nan, nan, nan, nan, nan, nan, nan, nan, nan, nan, nan, nan, nan, nan, nan, nan, nan, nan, nan, nan, nan, nan, nan, nan, nan, nan, nan, nan, nan, nan, nan, nan, nan, nan, nan, nan, nan, nan, nan, nan, nan, nan, nan, nan, nan, nan, nan, nan, nan, nan, nan, nan, nan, nan, nan, nan, nan, nan, nan], params=[0.39, 0.8, 0.06, 0.01], fit_error=[0.016, 0.063, 0.099, 0.087, 0.111, 0.09, 0.095, 0.048, 0.01])",[-70.  -8.  -4.  -2.   0.   2.   4.   8.  70.],"[0.008, 0.059, 0.0, 0.188, 0.318, 0.571, 0.6, 0.923, 0.964]","[0.0, 0.0, 0.0, 0.0, 0.0, 0.0, 0.0, 0.0, 0.0, 0.0, 0.0, 0.0, 0.0, 0.0, 0.0, 0.0, 0.0, 0.0, 0.0, 0.0, 0.0, 0.0, 0.0, 0.0, 0.0, 0.0, 0.0, 0.0, 0.0, 0.0, 0.0, 0.0, 0.0, 0.0, 0.0, 0.0, 0.0, 0.0, 0.001, 0.001, 0.002, 0.004, 0.007, 0.012, 0.02, 0.035, 0.06, 0.102, 0.166, 0.258, 0.378, 0.513, 0.644, 0.754, 0.834, 0.888, 0.922, 0.942, 0.954, 0.961, 0.965, 0.967, 0.968, 0.969, 0.969, 0.97, 0.97, 0.97, 0.97, 0.97, 0.97, 0.97, 0.97, 0.97, 0.97, 0.97, 0.97, 0.97, 0.97, 0.97, 0.97, 0.97, 0.97, 0.97, 0.97, 0.97, 0.97, 0.97, 0.97, 0.97, 0.97, 0.97, 0.97, 0.97, 0.97, 0.97, 0.97, 0.97, 0.97, 0.97]","[0.008, 0.059, 0.0, 0.07, 0.102, 0.111, 0.1, 0.053, 0.016]","[0.39, 0.8, 0.06, 0.01]",0.39,0.8,0.06,0.01,saline
2022-05-16,0,333,['Bpod5'],358,164,194,189,158,291,147,144,171,116,56,14,42,0.8128491620111732,0.8963414634146342,0.7422680412371134,347,161,186,218,123,95,0.6507936507936508,0.6012658227848101,124,62,62,0.328042328042328,0.3924050632911392,0.8386167146974063,0.9130434782608696,0.7741935483870968,0.9298245614035088,-0.1388499298737727,0.7844036697247706,0.935483870967742,-0.1510802012429712,0.6260297367892305,0.3602236956667336,11,3,8,0.0307262569832402,0.0182926829268292,0.0412371134020618,291,147,144,727.5,367.5,360.0,4,0,0,0,"psych_curve(xdata=array([-70.,  -8.,  -4.,  -2.,   0.,   2.,   4.,   8.,  70.]), ydata=[0.009, 0.1, 0.188, 0.3, 0.353, 0.526, 0.6, 0.727, 0.876], fit=[0.01, 0.01, 0.01, 0.01, 0.01, 0.01, 0.01, 0.01, 0.01, 0.01, 0.01, 0.01, 0.01, 0.01, 0.01, 0.01, 0.01, 0.01, 0.01, 0.01, 0.01, 0.01, 0.01, 0.01, 0.01, 0.01, 0.01, 0.01, 0.01, 0.01, 0.011, 0.011, 0.011, 0.012, 0.013, 0.014, 0.016, 0.018, 0.021, 0.026, 0.033, 0.042, 0.055, 0.072, 0.096, 0.128, 0.169, 0.219, 0.28, 0.35, 0.424, 0.5, 0.572, 0.637, 0.692, 0.737, 0.772, 0.799, 0.819, 0.833, 0.844, 0.851, 0.857, 0.861, 0.863, 0.865, 0.867, 0.868, 0.868, 0.869, 0.869, 0.869, 0.87, 0.87, 0.87, 0.87, 0.87, 0.87, 0.87, 0.87, 0.87, 0.87, 0.87, 0.87, 0.87, 0.87, 0.87, 0.87, 0.87, 0.87, 0.87, 0.87, 0.87, 0.87, 0.87, 0.87, 0.87, 0.87, 0.87, 0.87], params=[0.25, 1.0, 0.01, 0.13], fit_error=[0.009, 0.1, 0.101, 0.105, 0.119, 0.118, 0.131, 0.097, 0.03])",[-70.  -8.  -4.  -2.   0.   2.   4.   8.  70.],"[0.009, 0.1, 0.188, 0.3, 0.353, 0.526, 0.6, 0.727, 0.876]","[0.01, 0.01, 0.01, 0.01, 0.01, 0.01, 0.01, 0.01, 0.01, 0.01, 0.01, 0.01, 0.01, 0.01, 0.01, 0.01, 0.01, 0.01, 0.01, 0.01, 0.01, 0.01, 0.01, 0.01, 0.01, 0.01, 0.01, 0.01, 0.01, 0.01, 0.011, 0.011, 0.011, 0.012, 0.013, 0.014, 0.016, 0.018, 0.021, 0.026, 0.033, 0.042, 0.055, 0.072, 0.096, 0.128, 0.169, 0.219, 0.28, 0.35, 0.424, 0.5, 0.572, 0.637, 0.692, 0.737, 0.772, 0.799, 0.819, 0.833, 0.844, 0.851, 0.857, 0.861, 0.863, 0.865, 0.867, 0.868, 0.868, 0.869, 0.869, 0.869, 0.87, 0.87, 0.87, 0.87, 0.87, 0.87, 0.87, 0.87, 0.87, 0.87, 0.87, 0.87, 0.87, 0.87, 0.87, 0.87, 0.87, 0.87, 0.87, 0.87, 0.87, 0.87, 0.87, 0.87, 0.87, 0.87, 0.87, 0.87]","[0.009, 0.1, 0.101, 0.105, 0.119, 0.118, 0.131, 0.097, 0.03]","[0.25, 1.0, 0.01, 0.13]",0.25,1.0,0.01,0.13,"psych_curve(xdata=array([-70.,  -8.,  -4.,  -2.,  -0.,   2.,   4.,   8.,  70.]), ydata=[0.136, 0.312, 0.636, 0.75, 0.824, 0.87, 0.895, 0.875, 1.0], fit=[nan, nan, nan, nan, nan, nan, nan, nan, nan, nan, nan, nan, nan, nan, nan, nan, nan, nan, nan, nan, nan, nan, nan, nan, nan, nan, nan, nan, nan, nan, nan, nan, nan, nan, nan, nan, nan, nan, nan, nan, nan, nan, nan, nan, nan, nan, nan, nan, nan, nan, nan, nan, nan, nan, nan, nan, nan, nan, nan, nan, nan, nan, nan, nan, nan, nan, nan, nan, nan, nan, nan, nan, nan, nan, nan, nan, nan, nan, nan, nan, nan, nan, nan, nan, nan, nan, nan, nan, nan, nan, nan, nan, nan, nan, nan, nan, nan, nan, nan, nan], params=[0.38, -5.14, 0.13, 0.07], fit_error=[0.033, 0.12, 0.152, 0.112, 0.095, 0.072, 0.072, 0.085, 0.0])",[-70.  -8.  -4.  -2.   0.   2.   4.   8.  70.],"[0.009, 0.1, 0.188, 0.3, 0.353, 0.526, 0.6, 0.727, 0.876]","[0.01, 0.01, 0.01, 0.01, 0.01, 0.01, 0.01, 0.01, 0.01, 0.01, 0.01, 0.01, 0.01, 0.01, 0.01, 0.01, 0.01, 0.01, 0.01, 0.01, 0.01, 0.01, 0.01, 0.01, 0.01, 0.01, 0.01, 0.01, 0.01, 0.01, 0.011, 0.011, 0.011, 0.012, 0.013, 0.014, 0.016, 0.018, 0.021, 0.026, 0.033, 0.042, 0.055, 0.072, 0.096, 0.128, 0.169, 0.219, 0.28, 0.35, 0.424, 0.5, 0.572, 0.637, 0.692, 0.737, 0.772, 0.799, 0.819, 0.833, 0.844, 0.851, 0.857, 0.861, 0.863, 0.865, 0.867, 0.868, 0.868, 0.869, 0.869, 0.869, 0.87, 0.87, 0.87, 0.87, 0.87, 0.87, 0.87, 0.87, 0.87, 0.87, 0.87, 0.87, 0.87, 0.87, 0.87, 0.87, 0.87, 0.87, 0.87, 0.87, 0.87, 0.87, 0.87, 0.87, 0.87, 0.87, 0.87, 0.87]","[0.009, 0.1, 0.101, 0.105, 0.119, 0.118, 0.131, 0.097, 0.03]","[0.38, -5.14, 0.13, 0.07]",0.38,-5.14,0.13,0.07,MK801
2022-05-17,1,333,['Bpod5'],213,104,109,120,84,175,97,78,105,66,29,6,23,0.8215962441314554,0.9326923076923076,0.7155963302752294,204,103,101,128,80,48,0.6666666666666666,0.5714285714285714,72,36,36,0.3,0.4285714285714285,0.8578431372549019,0.941747572815534,0.7722772277227723,0.9492753623188406,-0.1694703450927617,0.8203125,0.9166666666666666,-0.0963541666666666,0.6190476190476191,0.3642857142857142,9,1,8,0.0422535211267605,0.0096153846153846,0.073394495412844,175,97,78,437.5,242.5,195.0,4,0,0,0,"psych_curve(xdata=array([-70.,  -8.,  -4.,  -2.,   0.,   2.,   4.,   8.,  70.]), ydata=[0.013, 0.091, 0.143, 0.375, 0.5, 0.308, 0.8, 0.545, 0.905], fit=[-0.01, -0.01, -0.01, -0.01, -0.01, -0.01, -0.01, -0.01, -0.01, -0.01, -0.01, -0.01, -0.01, -0.01, -0.01, -0.01, -0.01, -0.01, -0.01, -0.01, -0.01, -0.01, -0.01, -0.01, -0.009, -0.009, -0.009, -0.009, -0.008, -0.008, -0.007, -0.006, -0.005, -0.003, -0.0, 0.003, 0.007, 0.012, 0.019, 0.028, 0.04, 0.055, 0.074, 0.098, 0.128, 0.164, 0.207, 0.256, 0.311, 0.37, 0.431, 0.492, 0.551, 0.605, 0.652, 0.694, 0.729, 0.757, 0.78, 0.798, 0.813, 0.824, 0.833, 0.839, 0.844, 0.848, 0.851, 0.853, 0.855, 0.856, 0.857, 0.858, 0.858, 0.859, 0.859, 0.859, 0.859, 0.86, 0.86, 0.86, 0.86, 0.86, 0.86, 0.86, 0.86, 0.86, 0.86, 0.86, 0.86, 0.86, 0.86, 0.86, 0.86, 0.86, 0.86, 0.86, 0.86, 0.86, 0.86, 0.86], params=[0.2, 0.56, -0.01, 0.14], fit_error=[0.013, 0.091, 0.143, 0.183, 0.224, 0.133, 0.133, 0.157, 0.037])",[-70.  -8.  -4.  -2.   0.   2.   4.   8.  70.],"[0.013, 0.091, 0.143, 0.375, 0.5, 0.308, 0.8, 0.545, 0.905]","[-0.01, -0.01, -0.01, -0.01, -0.01, -0.01, -0.01, -0.01, -0.01, -0.01, -0.01, -0.01, -0.01, -0.01, -0.01, -0.01, -0.01, -0.01, -0.01, -0.01, -0.01, -0.01, -0.01, -0.01, -0.009, -0.009, -0.009, -0.009, -0.008, -0.008, -0.007, -0.006, -0.005, -0.003, -0.0, 0.003, 0.007, 0.012, 0.019, 0.028, 0.04, 0.055, 0.074, 0.098, 0.128, 0.164, 0.207, 0.256, 0.311, 0.37, 0.431, 0.492, 0.551, 0.605, 0.652, 0.694, 0.729, 0.757, 0.78, 0.798, 0.813, 0.824, 0.833, 0.839, 0.844, 0.848, 0.851, 0.853, 0.855, 0.856, 0.857, 0.858, 0.858, 0.859, 0.859, 0.859, 0.859, 0.86, 0.86, 0.86, 0.86, 0.86, 0.86, 0.86, 0.86, 0.86, 0.86, 0.86, 0.86, 0.86, 0.86, 0.86, 0.86, 0.86, 0.86, 0.86, 0.86, 0.86, 0.86, 0.86]","[0.013, 0.091, 0.143, 0.183, 0.224, 0.133, 0.133, 0.157, 0.037]","[0.2, 0.56, -0.01, 0.14]",0.2,0.56,-0.01,0.14,"psych_curve(xdata=array([-70.,  -8.,  -4.,  -2.,   0.,   2.,   4.,   8.,  70.]), ydata=[0.103, 0.455, 0.333, 0.75, 0.833, 0.667, 0.9, 0.909, 0.987], fit=[nan, nan, nan, nan, nan, nan, nan, nan, nan, nan, nan, nan, nan, nan, nan, nan, nan, nan, nan, nan, nan, nan, nan, nan, nan, nan, nan, nan, nan, nan, nan, nan, nan, nan, nan, nan, nan, nan, nan, nan, nan, nan, nan, nan, nan, nan, nan, nan, nan, nan, nan, nan, nan, nan, nan, nan, nan, nan, nan, nan, nan, nan, nan, nan, nan, nan, nan, nan, nan, nan, nan, nan, nan, nan, nan, nan, nan, nan, nan, nan, nan, nan, nan, nan, nan, nan, nan, nan, nan, nan, nan, nan, nan, nan, nan, nan, nan, nan, nan, nan], params=[0.21, -3.88, 0.11, 0.01], fit_error=[0.04, 0.157, 0.211, 0.131, 0.167, 0.167, 0.1, 0.091, 0.013])",[-70.  -8.  -4.  -2.   0.   2.   4.   8.  70.],"[0.013, 0.091, 0.143, 0.375, 0.5, 0.308, 0.8, 0.545, 0.905]","[-0.01, -0.01, -0.01, -0.01, -0.01, -0.01, -0.01, -0.01, -0.01, -0.01, -0.01, -0.01, -0.01, -0.01, -0.01, -0.01, -0.01, -0.01, -0.01, -0.01, -0.01, -0.01, -0.01, -0.01, -0.009, -0.009, -0.009, -0.009, -0.008, -0.008, -0.007, -0.006, -0.005, -0.003, -0.0, 0.003, 0.007, 0.012, 0.019, 0.028, 0.04, 0.055, 0.074, 0.098, 0.128, 0.164, 0.207, 0.256, 0.311, 0.37, 0.431, 0.492, 0.551, 0.605, 0.652, 0.694, 0.729, 0.757, 0.78, 0.798, 0.813, 0.824, 0.833, 0.839, 0.844, 0.848, 0.851, 0.853, 0.855, 0.856, 0.857, 0.858, 0.858, 0.859, 0.859, 0.859, 0.859, 0.86, 0.86, 0.86, 0.86, 0.86, 0.86, 0.86, 0.86, 0.86, 0.86, 0.86, 0.86, 0.86, 0.86, 0.86, 0.86, 0.86, 0.86, 0.86, 0.86, 0.86, 0.86, 0.86]","[0.013, 0.091, 0.143, 0.183, 0.224, 0.133, 0.133, 0.157, 0.037]","[0.21, -3.88, 0.11, 0.01]",0.21,-3.88,0.11,0.01,rest
2022-05-18,2,333,['Bpod5'],333,154,179,148,175,288,132,156,146,137,35,19,16,0.8648648648648649,0.8571428571428571,0.8715083798882681,323,151,172,164,68,96,0.4594594594594595,0.5485714285714286,154,77,77,0.5202702702702703,0.44,0.891640866873065,0.8741721854304636,0.9069767441860463,0.9626168224299064,0.0328045587555828,0.8902439024390244,0.8896103896103896,0.0006335128286347,0.5040154440154441,0.4801351351351351,10,3,7,0.03003003003003,0.0194805194805194,0.0391061452513966,288,132,156,720.0,330.0,390.0,4,0,0,0,"psych_curve(xdata=array([-70.,  -8.,  -4.,  -2.,   0.,   2.,   4.,   8.,  70.]), ydata=[0.05, 0.143, 0.417, 0.188, 0.467, 0.615, 0.842, 0.95, 0.973], fit=[0.11, 0.11, 0.11, 0.11, 0.11, 0.11, 0.11, 0.11, 0.11, 0.11, 0.11, 0.11, 0.11, 0.11, 0.11, 0.11, 0.11, 0.11, 0.11, 0.11, 0.11, 0.11, 0.11, 0.11, 0.11, 0.11, 0.11, 0.11, 0.11, 0.11, 0.11, 0.11, 0.11, 0.11, 0.11, 0.11, 0.11, 0.111, 0.111, 0.112, 0.114, 0.116, 0.121, 0.128, 0.14, 0.161, 0.194, 0.244, 0.318, 0.415, 0.529, 0.648, 0.754, 0.837, 0.897, 0.937, 0.962, 0.977, 0.987, 0.992, 0.995, 0.997, 0.998, 0.999, 0.999, 1.0, 1.0, 1.0, 1.0, 1.0, 1.0, 1.0, 1.0, 1.0, 1.0, 1.0, 1.0, 1.0, 1.0, 1.0, 1.0, 1.0, 1.0, 1.0, 1.0, 1.0, 1.0, 1.0, 1.0, 1.0, 1.0, 1.0, 1.0, 1.0, 1.0, 1.0, 1.0, 1.0, 1.0, 1.0], params=[0.38, 1.01, 0.11, 0.0], fit_error=[0.022, 0.097, 0.149, 0.101, 0.133, 0.14, 0.086, 0.05, 0.015])",[-70.  -8.  -4.  -2.   0.   2.   4.   8.  70.],"[0.05, 0.143, 0.417, 0.188, 0.467, 0.615, 0.842, 0.95, 0.973]","[0.11, 0.11, 0.11, 0.11, 0.11, 0.11, 0.11, 0.11, 0.11, 0.11, 0.11, 0.11, 0.11, 0.11, 0.11, 0.11, 0.11, 0.11, 0.11, 0.11, 0.11, 0.11, 0.11, 0.11, 0.11, 0.11, 0.11, 0.11, 0.11, 0.11, 0.11, 0.11, 0.11, 0.11, 0.11, 0.11, 0.11, 0.111, 0.111, 0.112, 0.114, 0.116, 0.121, 0.128, 0.14, 0.161, 0.194, 0.244, 0.318, 0.415, 0.529, 0.648, 0.754, 0.837, 0.897, 0.937, 0.962, 0.977, 0.987, 0.992, 0.995, 0.997, 0.998, 0.999, 0.999, 1.0, 1.0, 1.0, 1.0, 1.0, 1.0, 1.0, 1.0, 1.0, 1.0, 1.0, 1.0, 1.0, 1.0, 1.0, 1.0, 1.0, 1.0, 1.0, 1.0, 1.0, 1.0, 1.0, 1.0, 1.0, 1.0, 1.0, 1.0, 1.0, 1.0, 1.0, 1.0, 1.0, 1.0, 1.0]","[0.022, 0.097, 0.149, 0.101, 0.133, 0.14, 0.086, 0.05, 0.015]","[0.38, 1.01, 0.11, 0.0]",0.38,1.01,0.11,0.0,"psych_curve(xdata=array([-70.,  -8.,  -4.,  -2.,   0.,   2.,   4.,   8.,  70.]), ydata=[0.039, 0.15, 0.308, 0.357, 0.4, 0.8, 0.778, 1.0, 0.962], fit=[nan, nan, nan, nan, nan, nan, nan, nan, nan, nan, nan, nan, nan, nan, nan, nan, nan, nan, nan, nan, nan, nan, nan, nan, nan, nan, nan, nan, nan, nan, nan, nan, nan, nan, nan, nan, nan, nan, nan, nan, nan, nan, nan, nan, nan, nan, nan, nan, nan, nan, nan, nan, nan, nan, nan, nan, nan, nan, nan, nan, nan, nan, nan, nan, nan, nan, nan, nan, nan, nan, nan, nan, nan, nan, nan, nan, nan, nan, nan, nan, nan, nan, nan, nan, nan, nan, nan, nan, nan, nan, nan, nan, nan, nan, nan, nan, nan, nan, nan, nan], params=[0.37, 0.23, 0.08, -0.0], fit_error=[0.019, 0.082, 0.133, 0.133, 0.131, 0.107, 0.101, 0.0, 0.019])",[-70.  -8.  -4.  -2.   0.   2.   4.   8.  70.],"[0.05, 0.143, 0.417, 0.188, 0.467, 0.615, 0.842, 0.95, 0.973]","[0.11, 0.11, 0.11, 0.11, 0.11, 0.11, 0.11, 0.11, 0.11, 0.11, 0.11, 0.11, 0.11, 0.11, 0.11, 0.11, 0.11, 0.11, 0.11, 0.11, 0.11, 0.11, 0.11, 0.11, 0.11, 0.11, 0.11, 0.11, 0.11, 0.11, 0.11, 0.11, 0.11, 0.11, 0.11, 0.11, 0.11, 0.111, 0.111, 0.112, 0.114, 0.116, 0.121, 0.128, 0.14, 0.161, 0.194, 0.244, 0.318, 0.415, 0.529, 0.648, 0.754, 0.837, 0.897, 0.937, 0.962, 0.977, 0.987, 0.992, 0.995, 0.997, 0.998, 0.999, 0.999, 1.0, 1.0, 1.0, 1.0, 1.0, 1.0, 1.0, 1.0, 1.0, 1.0, 1.0, 1.0, 1.0, 1.0, 1.0, 1.0, 1.0, 1.0, 1.0, 1.0, 1.0, 1.0, 1.0, 1.0, 1.0, 1.0, 1.0, 1.0, 1.0, 1.0, 1.0, 1.0, 1.0, 1.0, 1.0]","[0.022, 0.097, 0.149, 0.101, 0.133, 0.14, 0.086, 0.05, 0.015]","[0.37, 0.23, 0.08, -0.0]",0.37,0.23,0.08,-0.0,saline
2022-05-19,3,333,['Bpod5'],346,167,179,204,136,281,156,125,148,128,59,11,48,0.8121387283236994,0.934131736526946,0.6983240223463687,340,167,173,187,125,62,0.6127450980392157,0.4558823529411764,147,73,74,0.3578431372549019,0.5441176470588235,0.8264705882352941,0.934131736526946,0.7225433526011561,0.9292035398230089,-0.21158838392579,0.7914438502673797,0.8707482993197279,-0.0793044490523481,0.5343137254901961,0.4509803921568627,6,0,6,0.0173410404624277,0.0,0.0335195530726257,281,156,125,702.5,390.0,312.5,4,0,0,0,"psych_curve(xdata=array([-70.,  -8.,  -4.,  -2.,   0.,   2.,   4.,   8.,  70.]), ydata=[0.0, 0.133, 0.158, 0.125, 0.294, 0.25, 0.5, 0.733, 0.863], fit=[0.07, 0.07, 0.07, 0.07, 0.07, 0.07, 0.07, 0.07, 0.07, 0.07, 0.07, 0.07, 0.07, 0.07, 0.07, 0.07, 0.07, 0.07, 0.07, 0.07, 0.07, 0.07, 0.07, 0.07, 0.07, 0.07, 0.07, 0.07, 0.07, 0.07, 0.07, 0.07, 0.07, 0.07, 0.07, 0.07, 0.07, 0.07, 0.071, 0.071, 0.072, 0.073, 0.075, 0.078, 0.083, 0.091, 0.104, 0.124, 0.155, 0.2, 0.263, 0.344, 0.439, 0.537, 0.628, 0.703, 0.759, 0.798, 0.825, 0.842, 0.853, 0.859, 0.863, 0.866, 0.868, 0.869, 0.869, 0.869, 0.87, 0.87, 0.87, 0.87, 0.87, 0.87, 0.87, 0.87, 0.87, 0.87, 0.87, 0.87, 0.87, 0.87, 0.87, 0.87, 0.87, 0.87, 0.87, 0.87, 0.87, 0.87, 0.87, 0.87, 0.87, 0.87, 0.87, 0.87, 0.87, 0.87, 0.87, 0.87], params=[0.35, 3.98, 0.07, 0.13], fit_error=[0.0, 0.091, 0.086, 0.085, 0.114, 0.112, 0.129, 0.118, 0.032])",[-70.  -8.  -4.  -2.   0.   2.   4.   8.  70.],"[0.0, 0.133, 0.158, 0.125, 0.294, 0.25, 0.5, 0.733, 0.863]","[0.07, 0.07, 0.07, 0.07, 0.07, 0.07, 0.07, 0.07, 0.07, 0.07, 0.07, 0.07, 0.07, 0.07, 0.07, 0.07, 0.07, 0.07, 0.07, 0.07, 0.07, 0.07, 0.07, 0.07, 0.07, 0.07, 0.07, 0.07, 0.07, 0.07, 0.07, 0.07, 0.07, 0.07, 0.07, 0.07, 0.07, 0.07, 0.071, 0.071, 0.072, 0.073, 0.075, 0.078, 0.083, 0.091, 0.104, 0.124, 0.155, 0.2, 0.263, 0.344, 0.439, 0.537, 0.628, 0.703, 0.759, 0.798, 0.825, 0.842, 0.853, 0.859, 0.863, 0.866, 0.868, 0.869, 0.869, 0.869, 0.87, 0.87, 0.87, 0.87, 0.87, 0.87, 0.87, 0.87, 0.87, 0.87, 0.87, 0.87, 0.87, 0.87, 0.87, 0.87, 0.87, 0.87, 0.87, 0.87, 0.87, 0.87, 0.87, 0.87, 0.87, 0.87, 0.87, 0.87, 0.87, 0.87, 0.87, 0.87]","[0.0, 0.091, 0.086, 0.085, 0.114, 0.112, 0.129, 0.118, 0.032]","[0.35, 3.98, 0.07, 0.13]",0.35,3.98,0.07,0.13,"psych_curve(xdata=array([-70.,  -8.,  -4.,  -2.,  -0.,   2.,   4.,   8.,  70.]), ydata=[0.128, 0.263, 0.4, 0.583, 0.412, 0.65, 0.75, 0.909, 0.991], fit=[nan, nan, nan, nan, nan, nan, nan, nan, nan, nan, nan, nan, nan, nan, nan, nan, nan, nan, nan, nan, nan, nan, nan, nan, nan, nan, nan, nan, nan, nan, nan, nan, nan, nan, nan, nan, nan, nan, nan, nan, nan, nan, nan, nan, nan, nan, nan, nan, nan, nan, nan, nan, nan, nan, nan, nan, nan, nan, nan, nan, nan, nan, nan, nan, nan, nan, nan, nan, nan, nan, nan, nan, nan, nan, nan, nan, nan, nan, nan, nan, nan, nan, nan, nan, nan, nan, nan, nan, nan, nan, nan, nan, nan, nan, nan, nan, nan, nan, nan, nan], params=[0.21, 0.28, 0.14, -0.01], fit_error=[0.032, 0.104, 0.131, 0.149, 0.123, 0.109, 0.099, 0.091, 0.009])",[-70.  -8.  -4.  -2.   0.   2.   4.   8.  70.],"[0.0, 0.133, 0.158, 0.125, 0.294, 0.25, 0.5, 0.733, 0.863]","[0.07, 0.07, 0.07, 0.07, 0.07, 0.07, 0.07, 0.07, 0.07, 0.07, 0.07, 0.07, 0.07, 0.07, 0.07, 0.07, 0.07, 0.07, 0.07, 0.07, 0.07, 0.07, 0.07, 0.07, 0.07, 0.07, 0.07, 0.07, 0.07, 0.07, 0.07, 0.07, 0.07, 0.07, 0.07, 0.07, 0.07, 0.07, 0.071, 0.071, 0.072, 0.073, 0.075, 0.078, 0.083, 0.091, 0.104, 0.124, 0.155, 0.2, 0.263, 0.344, 0.439, 0.537, 0.628, 0.703, 0.759, 0.798, 0.825, 0.842, 0.853, 0.859, 0.863, 0.866, 0.868, 0.869, 0.869, 0.869, 0.87, 0.87, 0.87, 0.87, 0.87, 0.87, 0.87, 0.87, 0.87, 0.87, 0.87, 0.87, 0.87, 0.87, 0.87, 0.87, 0.87, 0.87, 0.87, 0.87, 0.87, 0.87, 0.87, 0.87, 0.87, 0.87, 0.87, 0.87, 0.87, 0.87, 0.87, 0.87]","[0.0, 0.091, 0.086, 0.085, 0.114, 0.112, 0.129, 0.118, 0.032]","[0.21, 0.28, 0.14, -0.01]",0.21,0.28,0.14,-0.01,rest
2022-05-20,4,333,['Bpod5'],388,191,197,146,227,261,111,150,157,94,112,77,35,0.6726804123711341,0.581151832460733,0.7614213197969543,373,188,185,252,84,168,0.5753424657534246,0.7400881057268722,111,55,56,0.3767123287671233,0.2466960352422907,0.6997319034852547,0.5904255319148937,0.8108108108108109,0.7941176470588235,0.2203852788959172,0.623015873015873,0.8468468468468469,-0.2238309738309738,0.6577152857401485,0.311704182004707,15,3,12,0.0386597938144329,0.0157068062827225,0.0609137055837563,261,111,150,652.5,277.5,375.0,4,0,0,0,"psych_curve(xdata=array([-70.,  -8.,  -4.,  -2.,   0.,   2.,   4.,   8.,  70.]), ydata=[0.303, 0.647, 0.381, 0.714, 0.68, 0.556, 0.8, 0.818, 0.897], fit=[0.31, 0.31, 0.31, 0.31, 0.31, 0.31, 0.311, 0.311, 0.311, 0.311, 0.311, 0.311, 0.311, 0.312, 0.312, 0.312, 0.313, 0.313, 0.314, 0.315, 0.315, 0.316, 0.318, 0.319, 0.321, 0.322, 0.325, 0.327, 0.33, 0.334, 0.338, 0.343, 0.349, 0.356, 0.363, 0.372, 0.382, 0.394, 0.407, 0.422, 0.438, 0.456, 0.475, 0.496, 0.519, 0.542, 0.567, 0.592, 0.618, 0.643, 0.668, 0.692, 0.715, 0.736, 0.757, 0.775, 0.792, 0.807, 0.821, 0.833, 0.844, 0.853, 0.861, 0.868, 0.874, 0.88, 0.884, 0.888, 0.891, 0.894, 0.897, 0.899, 0.9, 0.902, 0.903, 0.904, 0.905, 0.906, 0.907, 0.907, 0.908, 0.908, 0.908, 0.909, 0.909, 0.909, 0.909, 0.909, 0.909, 0.909, 0.91, 0.91, 0.91, 0.91, 0.91, 0.91, 0.91, 0.91, 0.91, 0.91], params=[0.12, -2.54, 0.31, 0.09], fit_error=[0.042, 0.119, 0.109, 0.125, 0.095, 0.097, 0.092, 0.122, 0.028])",[-70.  -8.  -4.  -2.   0.   2.   4.   8.  70.],"[0.303, 0.647, 0.381, 0.714, 0.68, 0.556, 0.8, 0.818, 0.897]","[0.31, 0.31, 0.31, 0.31, 0.31, 0.31, 0.311, 0.311, 0.311, 0.311, 0.311, 0.311, 0.311, 0.312, 0.312, 0.312, 0.313, 0.313, 0.314, 0.315, 0.315, 0.316, 0.318, 0.319, 0.321, 0.322, 0.325, 0.327, 0.33, 0.334, 0.338, 0.343, 0.349, 0.356, 0.363, 0.372, 0.382, 0.394, 0.407, 0.422, 0.438, 0.456, 0.475, 0.496, 0.519, 0.542, 0.567, 0.592, 0.618, 0.643, 0.668, 0.692, 0.715, 0.736, 0.757, 0.775, 0.792, 0.807, 0.821, 0.833, 0.844, 0.853, 0.861, 0.868, 0.874, 0.88, 0.884, 0.888, 0.891, 0.894, 0.897, 0.899, 0.9, 0.902, 0.903, 0.904, 0.905, 0.906, 0.907, 0.907, 0.908, 0.908, 0.908, 0.909, 0.909, 0.909, 0.909, 0.909, 0.909, 0.909, 0.91, 0.91, 0.91, 0.91, 0.91, 0.91, 0.91, 0.91, 0.91, 0.91]","[0.042, 0.119, 0.109, 0.125, 0.095, 0.097, 0.092, 0.122, 0.028]","[0.12, -2.54, 0.31, 0.09]",0.12,-2.54,0.31,0.09,"psych_curve(xdata=array([-70.,  -8.,  -4.,  -2.,  -0.,   2.,   4.,   8.,  70.]), ydata=[0.381, 0.688, 0.611, 0.783, 0.583, 0.765, 0.955, 0.833, 0.965], fit=[nan, nan, nan, nan, nan, nan, nan, nan, nan, nan, nan, nan, nan, nan, nan, nan, nan, nan, nan, nan, nan, nan, nan, nan, nan, nan, nan, nan, nan, nan, nan, nan, nan, nan, nan, nan, nan, nan, nan, nan, nan, nan, nan, nan, nan, nan, nan, nan, nan, nan, nan, nan, nan, nan, nan, nan, nan, nan, nan, nan, nan, nan, nan, nan, nan, nan, nan, nan, nan, nan, nan, nan, nan, nan, nan, nan, nan, nan, nan, nan, nan, nan, nan, nan, nan, nan, nan, nan, nan, nan, nan, nan, nan, nan, nan, nan, nan, nan, nan, nan], params=[0.11, -4.25, 0.39, 0.03], fit_error=[0.045, 0.12, 0.118, 0.088, 0.103, 0.106, 0.045, 0.112, 0.017])",[-70.  -8.  -4.  -2.   0.   2.   4.   8.  70.],"[0.303, 0.647, 0.381, 0.714, 0.68, 0.556, 0.8, 0.818, 0.897]","[0.31, 0.31, 0.31, 0.31, 0.31, 0.31, 0.311, 0.311, 0.311, 0.311, 0.311, 0.311, 0.311, 0.312, 0.312, 0.312, 0.313, 0.313, 0.314, 0.315, 0.315, 0.316, 0.318, 0.319, 0.321, 0.322, 0.325, 0.327, 0.33, 0.334, 0.338, 0.343, 0.349, 0.356, 0.363, 0.372, 0.382, 0.394, 0.407, 0.422, 0.438, 0.456, 0.475, 0.496, 0.519, 0.542, 0.567, 0.592, 0.618, 0.643, 0.668, 0.692, 0.715, 0.736, 0.757, 0.775, 0.792, 0.807, 0.821, 0.833, 0.844, 0.853, 0.861, 0.868, 0.874, 0.88, 0.884, 0.888, 0.891, 0.894, 0.897, 0.899, 0.9, 0.902, 0.903, 0.904, 0.905, 0.906, 0.907, 0.907, 0.908, 0.908, 0.908, 0.909, 0.909, 0.909, 0.909, 0.909, 0.909, 0.909, 0.91, 0.91, 0.91, 0.91, 0.91, 0.91, 0.91, 0.91, 0.91, 0.91]","[0.042, 0.119, 0.109, 0.125, 0.095, 0.097, 0.092, 0.122, 0.028]","[0.11, -4.25, 0.39, 0.03]",0.11,-4.25,0.39,0.03,MK801
2022-05-21,5,333,['Bpod5'],330,164,166,166,150,268,138,130,136,126,48,20,28,0.8121212121212121,0.8414634146341463,0.7831325301204819,316,158,158,172,91,81,0.5481927710843374,0.54,137,68,69,0.4096385542168674,0.46,0.8481012658227848,0.8734177215189873,0.8227848101265823,0.9456521739130436,-0.050632911392405,0.7906976744186046,0.9197080291970804,-0.1290103547784756,0.5440963855421688,0.4348192771084337,14,6,8,0.0424242424242424,0.0365853658536585,0.0481927710843373,268,138,130,670.0,345.0,325.0,4,0,0,0,"psych_curve(xdata=array([-70.,  -8.,  -4.,  -2.,   0.,   2.,   4.,   8.,  70.]), ydata=[0.011, 0.056, 0.312, 0.333, 0.435, 0.615, 0.824, 0.778, 0.903], fit=[0.01, 0.01, 0.01, 0.01, 0.01, 0.01, 0.01, 0.01, 0.01, 0.01, 0.01, 0.01, 0.01, 0.01, 0.01, 0.01, 0.01, 0.01, 0.01, 0.01, 0.01, 0.01, 0.01, 0.01, 0.01, 0.01, 0.01, 0.01, 0.01, 0.01, 0.01, 0.01, 0.01, 0.011, 0.011, 0.012, 0.012, 0.014, 0.016, 0.019, 0.025, 0.033, 0.045, 0.064, 0.092, 0.132, 0.188, 0.261, 0.349, 0.447, 0.545, 0.634, 0.708, 0.765, 0.806, 0.835, 0.854, 0.867, 0.875, 0.88, 0.884, 0.886, 0.888, 0.888, 0.889, 0.889, 0.89, 0.89, 0.89, 0.89, 0.89, 0.89, 0.89, 0.89, 0.89, 0.89, 0.89, 0.89, 0.89, 0.89, 0.89, 0.89, 0.89, 0.89, 0.89, 0.89, 0.89, 0.89, 0.89, 0.89, 0.89, 0.89, 0.89, 0.89, 0.89, 0.89, 0.89, 0.89, 0.89, 0.89], params=[0.32, -0.66, 0.01, 0.11], fit_error=[0.011, 0.056, 0.12, 0.114, 0.106, 0.14, 0.095, 0.082, 0.031])",[-70.  -8.  -4.  -2.   0.   2.   4.   8.  70.],"[0.011, 0.056, 0.312, 0.333, 0.435, 0.615, 0.824, 0.778, 0.903]","[0.01, 0.01, 0.01, 0.01, 0.01, 0.01, 0.01, 0.01, 0.01, 0.01, 0.01, 0.01, 0.01, 0.01, 0.01, 0.01, 0.01, 0.01, 0.01, 0.01, 0.01, 0.01, 0.01, 0.01, 0.01, 0.01, 0.01, 0.01, 0.01, 0.01, 0.01, 0.01, 0.01, 0.011, 0.011, 0.012, 0.012, 0.014, 0.016, 0.019, 0.025, 0.033, 0.045, 0.064, 0.092, 0.132, 0.188, 0.261, 0.349, 0.447, 0.545, 0.634, 0.708, 0.765, 0.806, 0.835, 0.854, 0.867, 0.875, 0.88, 0.884, 0.886, 0.888, 0.888, 0.889, 0.889, 0.89, 0.89, 0.89, 0.89, 0.89, 0.89, 0.89, 0.89, 0.89, 0.89, 0.89, 0.89, 0.89, 0.89, 0.89, 0.89, 0.89, 0.89, 0.89, 0.89, 0.89, 0.89, 0.89, 0.89, 0.89, 0.89, 0.89, 0.89, 0.89, 0.89, 0.89, 0.89, 0.89, 0.89]","[0.011, 0.056, 0.12, 0.114, 0.106, 0.14, 0.095, 0.082, 0.031]","[0.32, -0.66, 0.01, 0.11]",0.32,-0.66,0.01,0.11,"psych_curve(xdata=array([-70.,  -8.,  -4.,  -2.,  -0.,   2.,   4.,   8.,  70.]), ydata=[0.094, 0.273, 0.188, 0.562, 0.739, 0.867, 0.688, 0.957, 1.0], fit=[nan, nan, nan, nan, nan, nan, nan, nan, nan, nan, nan, nan, nan, nan, nan, nan, nan, nan, nan, nan, nan, nan, nan, nan, nan, nan, nan, nan, nan, nan, nan, nan, nan, nan, nan, nan, nan, nan, nan, nan, nan, nan, nan, nan, nan, nan, nan, nan, nan, nan, nan, nan, nan, nan, nan, nan, nan, nan, nan, nan, nan, nan, nan, nan, nan, nan, nan, nan, nan, nan, nan, nan, nan, nan, nan, nan, nan, nan, nan, nan, nan, nan, nan, nan, nan, nan, nan, nan, nan, nan, nan, nan, nan, nan, nan, nan, nan, nan, nan, nan], params=[0.91, -1.94, 0.16, 0.12], fit_error=[0.03, 0.097, 0.101, 0.128, 0.094, 0.091, 0.12, 0.043, 0.0])",[-70.  -8.  -4.  -2.   0.   2.   4.   8.  70.],"[0.011, 0.056, 0.312, 0.333, 0.435, 0.615, 0.824, 0.778, 0.903]","[0.01, 0.01, 0.01, 0.01, 0.01, 0.01, 0.01, 0.01, 0.01, 0.01, 0.01, 0.01, 0.01, 0.01, 0.01, 0.01, 0.01, 0.01, 0.01, 0.01, 0.01, 0.01, 0.01, 0.01, 0.01, 0.01, 0.01, 0.01, 0.01, 0.01, 0.01, 0.01, 0.01, 0.011, 0.011, 0.012, 0.012, 0.014, 0.016, 0.019, 0.025, 0.033, 0.045, 0.064, 0.092, 0.132, 0.188, 0.261, 0.349, 0.447, 0.545, 0.634, 0.708, 0.765, 0.806, 0.835, 0.854, 0.867, 0.875, 0.88, 0.884, 0.886, 0.888, 0.888, 0.889, 0.889, 0.89, 0.89, 0.89, 0.89, 0.89, 0.89, 0.89, 0.89, 0.89, 0.89, 0.89, 0.89, 0.89, 0.89, 0.89, 0.89, 0.89, 0.89, 0.89, 0.89, 0.89, 0.89, 0.89, 0.89, 0.89, 0.89, 0.89, 0.89, 0.89, 0.89, 0.89, 0.89, 0.89, 0.89]","[0.011, 0.056, 0.12, 0.114, 0.106, 0.14, 0.095, 0.082, 0.031]","[0.91, -1.94, 0.16, 0.12]",0.91,-1.94,0.16,0.12,saline
2022-05-22,6,333,['Bpod5'],384,188,196,189,185,327,163,164,184,140,47,21,26,0.8515625,0.8670212765957447,0.8367346938775511,374,184,190,215,108,107,0.5714285714285714,0.5783783783783784,153,76,77,0.4021164021164021,0.4162162162162162,0.8743315508021391,0.8858695652173914,0.8631578947368421,0.96218487394958,-0.0227116704805492,0.8558139534883721,0.915032679738562,-0.0592187262501899,0.5749034749034749,0.4091663091663091,10,4,6,0.0260416666666666,0.0212765957446808,0.0306122448979591,327,163,164,817.5,407.5,410.0,4,0,0,0,"psych_curve(xdata=array([-70.,  -8.,  -4.,  -2.,   0.,   2.,   4.,   8.,  70.]), ydata=[0.008, 0.222, 0.278, 0.4, 0.5, 0.667, 0.75, 0.857, 0.933], fit=[0.03, 0.03, 0.03, 0.03, 0.03, 0.03, 0.03, 0.03, 0.03, 0.03, 0.03, 0.03, 0.03, 0.03, 0.03, 0.03, 0.03, 0.03, 0.03, 0.03, 0.03, 0.03, 0.03, 0.03, 0.03, 0.03, 0.03, 0.03, 0.031, 0.031, 0.031, 0.032, 0.032, 0.033, 0.035, 0.036, 0.039, 0.043, 0.048, 0.056, 0.066, 0.081, 0.101, 0.128, 0.163, 0.209, 0.265, 0.332, 0.408, 0.488, 0.569, 0.645, 0.712, 0.769, 0.815, 0.851, 0.878, 0.898, 0.913, 0.924, 0.931, 0.937, 0.941, 0.943, 0.945, 0.947, 0.948, 0.948, 0.949, 0.949, 0.949, 0.95, 0.95, 0.95, 0.95, 0.95, 0.95, 0.95, 0.95, 0.95, 0.95, 0.95, 0.95, 0.95, 0.95, 0.95, 0.95, 0.95, 0.95, 0.95, 0.95, 0.95, 0.95, 0.95, 0.95, 0.95, 0.95, 0.95, 0.95, 0.95], params=[0.25, -0.68, 0.03, 0.05], fit_error=[0.008, 0.101, 0.109, 0.112, 0.121, 0.105, 0.099, 0.078, 0.023])",[-70.  -8.  -4.  -2.   0.   2.   4.   8.  70.],"[0.008, 0.222, 0.278, 0.4, 0.5, 0.667, 0.75, 0.857, 0.933]","[0.03, 0.03, 0.03, 0.03, 0.03, 0.03, 0.03, 0.03, 0.03, 0.03, 0.03, 0.03, 0.03, 0.03, 0.03, 0.03, 0.03, 0.03, 0.03, 0.03, 0.03, 0.03, 0.03, 0.03, 0.03, 0.03, 0.03, 0.03, 0.031, 0.031, 0.031, 0.032, 0.032, 0.033, 0.035, 0.036, 0.039, 0.043, 0.048, 0.056, 0.066, 0.081, 0.101, 0.128, 0.163, 0.209, 0.265, 0.332, 0.408, 0.488, 0.569, 0.645, 0.712, 0.769, 0.815, 0.851, 0.878, 0.898, 0.913, 0.924, 0.931, 0.937, 0.941, 0.943, 0.945, 0.947, 0.948, 0.948, 0.949, 0.949, 0.949, 0.95, 0.95, 0.95, 0.95, 0.95, 0.95, 0.95, 0.95, 0.95, 0.95, 0.95, 0.95, 0.95, 0.95, 0.95, 0.95, 0.95, 0.95, 0.95, 0.95, 0.95, 0.95, 0.95, 0.95, 0.95, 0.95, 0.95, 0.95, 0.95]","[0.008, 0.101, 0.109, 0.112, 0.121, 0.105, 0.099, 0.078, 0.023]","[0.25, -0.68, 0.03, 0.05]",0.25,-0.68,0.03,0.05,"psych_curve(xdata=array([-70.,  -8.,  -4.,  -2.,  -0.,   2.,   4.,   8.,  70.]), ydata=[0.064, 0.294, 0.353, 0.429, 0.722, 0.7, 0.81, 0.952, 1.0], fit=[nan, nan, nan, nan, nan, nan, nan, nan, nan, nan, nan, nan, nan, nan, nan, nan, nan, nan, nan, nan, nan, nan, nan, nan, nan, nan, nan, nan, nan, nan, nan, nan, nan, nan, nan, nan, nan, nan, nan, nan, nan, nan, nan, nan, nan, nan, nan, nan, nan, nan, nan, nan, nan, nan, nan, nan, nan, nan, nan, nan, nan, nan, nan, nan, nan, nan, nan, nan, nan, nan, nan, nan, nan, nan, nan, nan, nan, nan, nan, nan, nan, nan, nan, nan, nan, nan, nan, nan, nan, nan, nan, nan, nan, nan, nan, nan, nan, nan, nan, nan], params=[0.25, -1.22, 0.09, -0.01], fit_error=[0.024, 0.114, 0.119, 0.111, 0.109, 0.105, 0.088, 0.048, 0.0])",[-70.  -8.  -4.  -2.   0.   2.   4.   8.  70.],"[0.008, 0.222, 0.278, 0.4, 0.5, 0.667, 0.75, 0.857, 0.933]","[0.03, 0.03, 0.03, 0.03, 0.03, 0.03, 0.03, 0.03, 0.03, 0.03, 0.03, 0.03, 0.03, 0.03, 0.03, 0.03, 0.03, 0.03, 0.03, 0.03, 0.03, 0.03, 0.03, 0.03, 0.03, 0.03, 0.03, 0.03, 0.031, 0.031, 0.031, 0.032, 0.032, 0.033, 0.035, 0.036, 0.039, 0.043, 0.048, 0.056, 0.066, 0.081, 0.101, 0.128, 0.163, 0.209, 0.265, 0.332, 0.408, 0.488, 0.569, 0.645, 0.712, 0.769, 0.815, 0.851, 0.878, 0.898, 0.913, 0.924, 0.931, 0.937, 0.941, 0.943, 0.945, 0.947, 0.948, 0.948, 0.949, 0.949, 0.949, 0.95, 0.95, 0.95, 0.95, 0.95, 0.95, 0.95, 0.95, 0.95, 0.95, 0.95, 0.95, 0.95, 0.95, 0.95, 0.95, 0.95, 0.95, 0.95, 0.95, 0.95, 0.95, 0.95, 0.95, 0.95, 0.95, 0.95, 0.95, 0.95]","[0.008, 0.101, 0.109, 0.112, 0.121, 0.105, 0.099, 0.078, 0.023]","[0.25, -1.22, 0.09, -0.01]",0.25,-1.22,0.09,-0.01,rest
2022-05-23,0,333,['Bpod5'],317,157,160,165,139,262,137,125,143,113,42,14,28,0.8264984227129337,0.8726114649681529,0.78125,304,151,153,171,96,75,0.5818181818181818,0.539568345323741,125,63,62,0.3818181818181818,0.4460431654676259,0.8618421052631579,0.9072847682119204,0.8169934640522876,0.9458128078817734,-0.0902913041596329,0.8362573099415205,0.904,-0.0677426900584795,0.5606932635709614,0.4139306736429038,13,6,7,0.0410094637223974,0.0382165605095541,0.04375,262,137,125,655.0,342.5,312.5,4,0,0,0,"psych_curve(xdata=array([-70.,  -8.,  -4.,  -2.,   0.,   2.,   4.,   8.,  70.]), ydata=[0.02, 0.0, 0.071, 0.412, 0.267, 0.562, 0.75, 0.778, 0.913], fit=[-0.01, -0.01, -0.01, -0.01, -0.01, -0.01, -0.01, -0.01, -0.01, -0.01, -0.01, -0.01, -0.01, -0.01, -0.01, -0.01, -0.01, -0.01, -0.01, -0.01, -0.01, -0.01, -0.01, -0.01, -0.01, -0.01, -0.01, -0.01, -0.01, -0.01, -0.01, -0.01, -0.01, -0.01, -0.01, -0.01, -0.009, -0.009, -0.008, -0.007, -0.004, -0.0, 0.006, 0.016, 0.033, 0.059, 0.099, 0.158, 0.238, 0.339, 0.452, 0.563, 0.66, 0.736, 0.791, 0.828, 0.851, 0.866, 0.876, 0.881, 0.885, 0.887, 0.888, 0.889, 0.889, 0.89, 0.89, 0.89, 0.89, 0.89, 0.89, 0.89, 0.89, 0.89, 0.89, 0.89, 0.89, 0.89, 0.89, 0.89, 0.89, 0.89, 0.89, 0.89, 0.89, 0.89, 0.89, 0.89, 0.89, 0.89, 0.89, 0.89, 0.89, 0.89, 0.89, 0.89, 0.89, 0.89, 0.89, 0.89], params=[0.36, 0.56, -0.01, 0.11], fit_error=[0.014, 0.0, 0.071, 0.123, 0.118, 0.128, 0.099, 0.147, 0.028])",[-70.  -8.  -4.  -2.   0.   2.   4.   8.  70.],"[0.02, 0.0, 0.071, 0.412, 0.267, 0.562, 0.75, 0.778, 0.913]","[-0.01, -0.01, -0.01, -0.01, -0.01, -0.01, -0.01, -0.01, -0.01, -0.01, -0.01, -0.01, -0.01, -0.01, -0.01, -0.01, -0.01, -0.01, -0.01, -0.01, -0.01, -0.01, -0.01, -0.01, -0.01, -0.01, -0.01, -0.01, -0.01, -0.01, -0.01, -0.01, -0.01, -0.01, -0.01, -0.01, -0.009, -0.009, -0.008, -0.007, -0.004, -0.0, 0.006, 0.016, 0.033, 0.059, 0.099, 0.158, 0.238, 0.339, 0.452, 0.563, 0.66, 0.736, 0.791, 0.828, 0.851, 0.866, 0.876, 0.881, 0.885, 0.887, 0.888, 0.889, 0.889, 0.89, 0.89, 0.89, 0.89, 0.89, 0.89, 0.89, 0.89, 0.89, 0.89, 0.89, 0.89, 0.89, 0.89, 0.89, 0.89, 0.89, 0.89, 0.89, 0.89, 0.89, 0.89, 0.89, 0.89, 0.89, 0.89, 0.89, 0.89, 0.89, 0.89, 0.89, 0.89, 0.89, 0.89, 0.89]","[0.014, 0.0, 0.071, 0.123, 0.118, 0.128, 0.099, 0.147, 0.028]","[0.36, 0.56, -0.01, 0.11]",0.36,0.56,-0.01,0.11,"psych_curve(xdata=array([-70.,  -8.,  -4.,  -2.,  -0.,   2.,   4.,   8.,  70.]), ydata=[0.092, 0.222, 0.263, 0.471, 0.467, 0.625, 0.933, 1.0, 0.991], fit=[nan, nan, nan, nan, nan, nan, nan, nan, nan, nan, nan, nan, nan, nan, nan, nan, nan, nan, nan, nan, nan, nan, nan, nan, nan, nan, nan, nan, nan, nan, nan, nan, nan, nan, nan, nan, nan, nan, nan, nan, nan, nan, nan, nan, nan, nan, nan, nan, nan, nan, nan, nan, nan, nan, nan, nan, nan, nan, nan, nan, nan, nan, nan, nan, nan, nan, nan, nan, nan, nan, nan, nan, nan, nan, nan, nan, nan, nan, nan, nan, nan, nan, nan, nan, nan, nan, nan, nan, nan, nan, nan, nan, nan, nan, nan, nan, nan, nan, nan, nan], params=[0.37, 0.61, 0.14, -0.03], fit_error=[0.031, 0.147, 0.104, 0.125, 0.133, 0.125, 0.067, 0.0, 0.009])",[-70.  -8.  -4.  -2.   0.   2.   4.   8.  70.],"[0.02, 0.0, 0.071, 0.412, 0.267, 0.562, 0.75, 0.778, 0.913]","[-0.01, -0.01, -0.01, -0.01, -0.01, -0.01, -0.01, -0.01, -0.01, -0.01, -0.01, -0.01, -0.01, -0.01, -0.01, -0.01, -0.01, -0.01, -0.01, -0.01, -0.01, -0.01, -0.01, -0.01, -0.01, -0.01, -0.01, -0.01, -0.01, -0.01, -0.01, -0.01, -0.01, -0.01, -0.01, -0.01, -0.009, -0.009, -0.008, -0.007, -0.004, -0.0, 0.006, 0.016, 0.033, 0.059, 0.099, 0.158, 0.238, 0.339, 0.452, 0.563, 0.66, 0.736, 0.791, 0.828, 0.851, 0.866, 0.876, 0.881, 0.885, 0.887, 0.888, 0.889, 0.889, 0.89, 0.89, 0.89, 0.89, 0.89, 0.89, 0.89, 0.89, 0.89, 0.89, 0.89, 0.89, 0.89, 0.89, 0.89, 0.89, 0.89, 0.89, 0.89, 0.89, 0.89, 0.89, 0.89, 0.89, 0.89, 0.89, 0.89, 0.89, 0.89, 0.89, 0.89, 0.89, 0.89, 0.89, 0.89]","[0.014, 0.0, 0.071, 0.123, 0.118, 0.128, 0.099, 0.147, 0.028]","[0.37, 0.61, 0.14, -0.03]",0.37,0.61,0.14,-0.03,saline
2022-05-24,1,333,['Bpod5'],329,158,171,105,203,217,83,134,160,48,91,69,22,0.6595744680851063,0.5253164556962026,0.783625730994152,308,152,156,237,68,169,0.6476190476190476,0.8325123152709359,57,28,29,0.2666666666666666,0.1428571428571428,0.7045454545454546,0.5460526315789473,0.8589743589743589,0.7602040816326531,0.3129217273954116,0.6751054852320675,0.8421052631578947,-0.1669997779258272,0.7400656814449917,0.2047619047619047,21,6,15,0.0638297872340425,0.0379746835443038,0.087719298245614,217,83,134,542.5,207.5,335.0,4,0,0,0,"psych_curve(xdata=array([-70.,  -8.,  -4.,  -2.,   0.,   2.,   4.,   8.,  70.]), ydata=[0.402, 0.529, 0.533, 0.438, 0.625, 0.692, 0.812, 0.895, 0.919], fit=[0.47, 0.47, 0.47, 0.47, 0.47, 0.47, 0.47, 0.47, 0.47, 0.47, 0.47, 0.47, 0.47, 0.47, 0.47, 0.47, 0.47, 0.47, 0.47, 0.47, 0.47, 0.47, 0.47, 0.47, 0.47, 0.47, 0.47, 0.47, 0.47, 0.47, 0.47, 0.47, 0.47, 0.47, 0.47, 0.47, 0.47, 0.47, 0.47, 0.47, 0.47, 0.47, 0.47, 0.471, 0.472, 0.475, 0.48, 0.492, 0.515, 0.558, 0.625, 0.708, 0.787, 0.843, 0.877, 0.894, 0.902, 0.907, 0.908, 0.909, 0.91, 0.91, 0.91, 0.91, 0.91, 0.91, 0.91, 0.91, 0.91, 0.91, 0.91, 0.91, 0.91, 0.91, 0.91, 0.91, 0.91, 0.91, 0.91, 0.91, 0.91, 0.91, 0.91, 0.91, 0.91, 0.91, 0.91, 0.91, 0.91, 0.91, 0.91, 0.91, 0.91, 0.91, 0.91, 0.91, 0.91, 0.91, 0.91, 0.91], params=[0.55, 1.82, 0.47, 0.09], fit_error=[0.05, 0.125, 0.133, 0.128, 0.125, 0.133, 0.101, 0.072, 0.028])",[-70.  -8.  -4.  -2.   0.   2.   4.   8.  70.],"[0.402, 0.529, 0.533, 0.438, 0.625, 0.692, 0.812, 0.895, 0.919]","[0.47, 0.47, 0.47, 0.47, 0.47, 0.47, 0.47, 0.47, 0.47, 0.47, 0.47, 0.47, 0.47, 0.47, 0.47, 0.47, 0.47, 0.47, 0.47, 0.47, 0.47, 0.47, 0.47, 0.47, 0.47, 0.47, 0.47, 0.47, 0.47, 0.47, 0.47, 0.47, 0.47, 0.47, 0.47, 0.47, 0.47, 0.47, 0.47, 0.47, 0.47, 0.47, 0.47, 0.471, 0.472, 0.475, 0.48, 0.492, 0.515, 0.558, 0.625, 0.708, 0.787, 0.843, 0.877, 0.894, 0.902, 0.907, 0.908, 0.909, 0.91, 0.91, 0.91, 0.91, 0.91, 0.91, 0.91, 0.91, 0.91, 0.91, 0.91, 0.91, 0.91, 0.91, 0.91, 0.91, 0.91, 0.91, 0.91, 0.91, 0.91, 0.91, 0.91, 0.91, 0.91, 0.91, 0.91, 0.91, 0.91, 0.91, 0.91, 0.91, 0.91, 0.91, 0.91, 0.91, 0.91, 0.91, 0.91, 0.91]","[0.05, 0.125, 0.133, 0.128, 0.125, 0.133, 0.101, 0.072, 0.028]","[0.55, 1.82, 0.47, 0.09]",0.55,1.82,0.47,0.09,"psych_curve(xdata=array([-70.,  -8.,  -4.,  -2.,  -0.,   2.,   4.,   8.,  70.]), ydata=[0.531, 0.6, 0.889, 0.8, 0.929, 0.824, 0.857, 0.947, 0.981], fit=[nan, nan, nan, nan, nan, nan, nan, nan, nan, nan, nan, nan, nan, nan, nan, nan, nan, nan, nan, nan, nan, nan, nan, nan, nan, nan, nan, nan, nan, nan, nan, nan, nan, nan, nan, nan, nan, nan, nan, nan, nan, nan, nan, nan, nan, nan, nan, nan, nan, nan, nan, nan, nan, nan, nan, nan, nan, nan, nan, nan, nan, nan, nan, nan, nan, nan, nan, nan, nan, nan, nan, nan, nan, nan, nan, nan, nan, nan, nan, nan, nan, nan, nan, nan, nan, nan, nan, nan, nan, nan, nan, nan, nan, nan, nan, nan, nan, nan, nan, nan], params=[1.02, -6.64, 0.53, 0.11], fit_error=[0.056, 0.131, 0.111, 0.133, 0.071, 0.095, 0.078, 0.053, 0.013])",[-70.  -8.  -4.  -2.   0.   2.   4.   8.  70.],"[0.402, 0.529, 0.533, 0.438, 0.625, 0.692, 0.812, 0.895, 0.919]","[0.47, 0.47, 0.47, 0.47, 0.47, 0.47, 0.47, 0.47, 0.47, 0.47, 0.47, 0.47, 0.47, 0.47, 0.47, 0.47, 0.47, 0.47, 0.47, 0.47, 0.47, 0.47, 0.47, 0.47, 0.47, 0.47, 0.47, 0.47, 0.47, 0.47, 0.47, 0.47, 0.47, 0.47, 0.47, 0.47, 0.47, 0.47, 0.47, 0.47, 0.47, 0.47, 0.47, 0.471, 0.472, 0.475, 0.48, 0.492, 0.515, 0.558, 0.625, 0.708, 0.787, 0.843, 0.877, 0.894, 0.902, 0.907, 0.908, 0.909, 0.91, 0.91, 0.91, 0.91, 0.91, 0.91, 0.91, 0.91, 0.91, 0.91, 0.91, 0.91, 0.91, 0.91, 0.91, 0.91, 0.91, 0.91, 0.91, 0.91, 0.91, 0.91, 0.91, 0.91, 0.91, 0.91, 0.91, 0.91, 0.91, 0.91, 0.91, 0.91, 0.91, 0.91, 0.91, 0.91, 0.91, 0.91, 0.91, 0.91]","[0.05, 0.125, 0.133, 0.128, 0.125, 0.133, 0.101, 0.072, 0.028]","[1.02, -6.64, 0.53, 0.11]",1.02,-6.64,0.53,0.11,MK801
2022-05-25,2,333,['Bpod5'],209,107,102,96,102,170,85,85,100,68,28,17,11,0.8133971291866029,0.794392523364486,0.8333333333333334,198,102,96,118,55,63,0.5729166666666666,0.6176470588235294,76,37,39,0.3854166666666667,0.3823529411764705,0.8585858585858586,0.8333333333333334,0.8854166666666666,0.9844961240310076,0.0520833333333332,0.847457627118644,0.8947368421052632,-0.0472792149866191,0.595281862745098,0.3838848039215686,11,5,6,0.0526315789473684,0.0467289719626168,0.0588235294117647,170,85,85,425.0,212.5,212.5,4,0,0,0,"psych_curve(xdata=array([-70.,  -8.,  -4.,  -2.,   0.,   2.,   4.,   8.,  70.]), ydata=[0.03, 0.133, 0.667, 0.6, 0.4, 0.636, 0.667, 0.9, 1.0], fit=[0.01, 0.01, 0.01, 0.01, 0.01, 0.01, 0.01, 0.01, 0.01, 0.01, 0.01, 0.01, 0.01, 0.01, 0.01, 0.011, 0.011, 0.011, 0.011, 0.011, 0.012, 0.012, 0.013, 0.013, 0.014, 0.015, 0.017, 0.018, 0.02, 0.023, 0.026, 0.03, 0.035, 0.041, 0.049, 0.058, 0.069, 0.083, 0.1, 0.121, 0.145, 0.173, 0.207, 0.245, 0.288, 0.335, 0.386, 0.44, 0.496, 0.552, 0.606, 0.659, 0.707, 0.752, 0.791, 0.826, 0.856, 0.882, 0.904, 0.921, 0.936, 0.949, 0.959, 0.967, 0.973, 0.979, 0.983, 0.986, 0.989, 0.991, 0.993, 0.994, 0.996, 0.996, 0.997, 0.998, 0.998, 0.999, 0.999, 0.999, 0.999, 0.999, 1.0, 1.0, 1.0, 1.0, 1.0, 1.0, 1.0, 1.0, 1.0, 1.0, 1.0, 1.0, 1.0, 1.0, 1.0, 1.0, 1.0, 1.0], params=[0.16, -1.89, 0.01, -0.0], fit_error=[0.021, 0.091, 0.167, 0.245, 0.163, 0.152, 0.167, 0.1, 0.0])",[-70.  -8.  -4.  -2.   0.   2.   4.   8.  70.],"[0.03, 0.133, 0.667, 0.6, 0.4, 0.636, 0.667, 0.9, 1.0]","[0.01, 0.01, 0.01, 0.01, 0.01, 0.01, 0.01, 0.01, 0.01, 0.01, 0.01, 0.01, 0.01, 0.01, 0.01, 0.011, 0.011, 0.011, 0.011, 0.011, 0.012, 0.012, 0.013, 0.013, 0.014, 0.015, 0.017, 0.018, 0.02, 0.023, 0.026, 0.03, 0.035, 0.041, 0.049, 0.058, 0.069, 0.083, 0.1, 0.121, 0.145, 0.173, 0.207, 0.245, 0.288, 0.335, 0.386, 0.44, 0.496, 0.552, 0.606, 0.659, 0.707, 0.752, 0.791, 0.826, 0.856, 0.882, 0.904, 0.921, 0.936, 0.949, 0.959, 0.967, 0.973, 0.979, 0.983, 0.986, 0.989, 0.991, 0.993, 0.994, 0.996, 0.996, 0.997, 0.998, 0.998, 0.999, 0.999, 0.999, 0.999, 0.999, 1.0, 1.0, 1.0, 1.0, 1.0, 1.0, 1.0, 1.0, 1.0, 1.0, 1.0, 1.0, 1.0, 1.0, 1.0, 1.0, 1.0, 1.0]","[0.021, 0.091, 0.167, 0.245, 0.163, 0.152, 0.167, 0.1, 0.0]","[0.16, -1.89, 0.01, -0.0]",0.16,-1.89,0.01,-0.0,"psych_curve(xdata=array([-70.,  -8.,  -4.,  -2.,  -0.,   2.,   4.,   8.,  70.]), ydata=[0.036, 0.222, 0.5, 0.714, 0.7, 0.778, 0.667, 0.938, 1.0], fit=[nan, nan, nan, nan, nan, nan, nan, nan, nan, nan, nan, nan, nan, nan, nan, nan, nan, nan, nan, nan, nan, nan, nan, nan, nan, nan, nan, nan, nan, nan, nan, nan, nan, nan, nan, nan, nan, nan, nan, nan, nan, nan, nan, nan, nan, nan, nan, nan, nan, nan, nan, nan, nan, nan, nan, nan, nan, nan, nan, nan, nan, nan, nan, nan, nan, nan, nan, nan, nan, nan, nan, nan, nan, nan, nan, nan, nan, nan, nan, nan, nan, nan, nan, nan, nan, nan, nan, nan, nan, nan, nan, nan, nan, nan, nan, nan, nan, nan, nan, nan], params=[0.22, -4.08, 0.02, 0.04], fit_error=[0.025, 0.147, 0.167, 0.184, 0.153, 0.147, 0.211, 0.062, 0.0])",[-70.  -8.  -4.  -2.   0.   2.   4.   8.  70.],"[0.03, 0.133, 0.667, 0.6, 0.4, 0.636, 0.667, 0.9, 1.0]","[0.01, 0.01, 0.01, 0.01, 0.01, 0.01, 0.01, 0.01, 0.01, 0.01, 0.01, 0.01, 0.01, 0.01, 0.01, 0.011, 0.011, 0.011, 0.011, 0.011, 0.012, 0.012, 0.013, 0.013, 0.014, 0.015, 0.017, 0.018, 0.02, 0.023, 0.026, 0.03, 0.035, 0.041, 0.049, 0.058, 0.069, 0.083, 0.1, 0.121, 0.145, 0.173, 0.207, 0.245, 0.288, 0.335, 0.386, 0.44, 0.496, 0.552, 0.606, 0.659, 0.707, 0.752, 0.791, 0.826, 0.856, 0.882, 0.904, 0.921, 0.936, 0.949, 0.959, 0.967, 0.973, 0.979, 0.983, 0.986, 0.989, 0.991, 0.993, 0.994, 0.996, 0.996, 0.997, 0.998, 0.998, 0.999, 0.999, 0.999, 0.999, 0.999, 1.0, 1.0, 1.0, 1.0, 1.0, 1.0, 1.0, 1.0, 1.0, 1.0, 1.0, 1.0, 1.0, 1.0, 1.0, 1.0, 1.0, 1.0]","[0.021, 0.091, 0.167, 0.245, 0.163, 0.152, 0.167, 0.1, 0.0]","[0.22, -4.08, 0.02, 0.04]",0.22,-4.08,0.02,0.04,saline
2022-05-26,3,333,['Bpod5'],221,92,129,100,112,180,79,101,89,87,32,11,21,0.8144796380090498,0.8586956521739131,0.7829457364341085,212,90,122,112,48,64,0.48,0.5714285714285714,96,48,48,0.48,0.4285714285714285,0.8490566037735849,0.8777777777777778,0.8278688524590164,0.95,-0.0499089253187613,0.7946428571428571,0.90625,-0.1116071428571429,0.5257142857142857,0.4542857142857143,9,2,7,0.0407239819004524,0.0217391304347826,0.0542635658914728,180,79,101,450.0,197.5,252.5,4,0,0,0,"psych_curve(xdata=array([-70.,  -8.,  -4.,  -2.,   0.,   2.,   4.,   8.,  70.]), ydata=[0.031, 0.2, 0.5, 0.273, 0.5, 0.692, 0.467, 0.857, 0.934], fit=[0.04, 0.04, 0.04, 0.04, 0.04, 0.04, 0.04, 0.04, 0.04, 0.04, 0.04, 0.04, 0.04, 0.04, 0.04, 0.04, 0.04, 0.04, 0.04, 0.041, 0.041, 0.041, 0.041, 0.042, 0.042, 0.043, 0.043, 0.044, 0.045, 0.047, 0.048, 0.051, 0.054, 0.057, 0.062, 0.067, 0.075, 0.084, 0.095, 0.109, 0.125, 0.146, 0.171, 0.2, 0.234, 0.273, 0.317, 0.366, 0.418, 0.472, 0.526, 0.58, 0.631, 0.679, 0.723, 0.761, 0.795, 0.823, 0.847, 0.867, 0.884, 0.897, 0.908, 0.916, 0.923, 0.929, 0.933, 0.937, 0.94, 0.942, 0.944, 0.945, 0.946, 0.947, 0.948, 0.948, 0.948, 0.949, 0.949, 0.949, 0.949, 0.95, 0.95, 0.95, 0.95, 0.95, 0.95, 0.95, 0.95, 0.95, 0.95, 0.95, 0.95, 0.95, 0.95, 0.95, 0.95, 0.95, 0.95, 0.95], params=[0.17, -0.1, 0.04, 0.05], fit_error=[0.022, 0.2, 0.224, 0.141, 0.189, 0.133, 0.133, 0.097, 0.029])",[-70.  -8.  -4.  -2.   0.   2.   4.   8.  70.],"[0.031, 0.2, 0.5, 0.273, 0.5, 0.692, 0.467, 0.857, 0.934]","[0.04, 0.04, 0.04, 0.04, 0.04, 0.04, 0.04, 0.04, 0.04, 0.04, 0.04, 0.04, 0.04, 0.04, 0.04, 0.04, 0.04, 0.04, 0.04, 0.041, 0.041, 0.041, 0.041, 0.042, 0.042, 0.043, 0.043, 0.044, 0.045, 0.047, 0.048, 0.051, 0.054, 0.057, 0.062, 0.067, 0.075, 0.084, 0.095, 0.109, 0.125, 0.146, 0.171, 0.2, 0.234, 0.273, 0.317, 0.366, 0.418, 0.472, 0.526, 0.58, 0.631, 0.679, 0.723, 0.761, 0.795, 0.823, 0.847, 0.867, 0.884, 0.897, 0.908, 0.916, 0.923, 0.929, 0.933, 0.937, 0.94, 0.942, 0.944, 0.945, 0.946, 0.947, 0.948, 0.948, 0.948, 0.949, 0.949, 0.949, 0.949, 0.95, 0.95, 0.95, 0.95, 0.95, 0.95, 0.95, 0.95, 0.95, 0.95, 0.95, 0.95, 0.95, 0.95, 0.95, 0.95, 0.95, 0.95, 0.95]","[0.022, 0.2, 0.224, 0.141, 0.189, 0.133, 0.133, 0.097, 0.029]","[0.17, -0.1, 0.04, 0.05]",0.17,-0.1,0.04,0.05,"psych_curve(xdata=array([-70.,  -8.,  -4.,  -2.,  -0.,   2.,   4.,   8.,  70.]), ydata=[0.091, 0.25, 0.545, 0.5, 0.75, 0.812, 0.5, 0.909, 1.0], fit=[nan, nan, nan, nan, nan, nan, nan, nan, nan, nan, nan, nan, nan, nan, nan, nan, nan, nan, nan, nan, nan, nan, nan, nan, nan, nan, nan, nan, nan, nan, nan, nan, nan, nan, nan, nan, nan, nan, nan, nan, nan, nan, nan, nan, nan, nan, nan, nan, nan, nan, nan, nan, nan, nan, nan, nan, nan, nan, nan, nan, nan, nan, nan, nan, nan, nan, nan, nan, nan, nan, nan, nan, nan, nan, nan, nan, nan, nan, nan, nan, nan, nan, nan, nan, nan, nan, nan, nan, nan, nan, nan, nan, nan, nan, nan, nan, nan, nan, nan, nan], params=[0.17, -2.57, 0.07, 0.02], fit_error=[0.033, 0.164, 0.157, 0.189, 0.164, 0.101, 0.167, 0.091, 0.0])",[-70.  -8.  -4.  -2.   0.   2.   4.   8.  70.],"[0.031, 0.2, 0.5, 0.273, 0.5, 0.692, 0.467, 0.857, 0.934]","[0.04, 0.04, 0.04, 0.04, 0.04, 0.04, 0.04, 0.04, 0.04, 0.04, 0.04, 0.04, 0.04, 0.04, 0.04, 0.04, 0.04, 0.04, 0.04, 0.041, 0.041, 0.041, 0.041, 0.042, 0.042, 0.043, 0.043, 0.044, 0.045, 0.047, 0.048, 0.051, 0.054, 0.057, 0.062, 0.067, 0.075, 0.084, 0.095, 0.109, 0.125, 0.146, 0.171, 0.2, 0.234, 0.273, 0.317, 0.366, 0.418, 0.472, 0.526, 0.58, 0.631, 0.679, 0.723, 0.761, 0.795, 0.823, 0.847, 0.867, 0.884, 0.897, 0.908, 0.916, 0.923, 0.929, 0.933, 0.937, 0.94, 0.942, 0.944, 0.945, 0.946, 0.947, 0.948, 0.948, 0.948, 0.949, 0.949, 0.949, 0.949, 0.95, 0.95, 0.95, 0.95, 0.95, 0.95, 0.95, 0.95, 0.95, 0.95, 0.95, 0.95, 0.95, 0.95, 0.95, 0.95, 0.95, 0.95, 0.95]","[0.022, 0.2, 0.224, 0.141, 0.189, 0.133, 0.133, 0.097, 0.029]","[0.17, -2.57, 0.07, 0.02]",0.17,-2.57,0.07,0.02,rest
2022-05-27,4,333,['Bpod5'],200,98,102,41,4,32,28,4,18,5,13,0,13,0.16,0.2857142857142857,0.0392156862745098,45,28,17,27,26,1,0.6341463414634146,0.25,5,2,3,0.048780487804878,0.75,0.7111111111111111,1.0,0.2352941176470588,0.7027027027027027,-0.7647058823529411,0.6666666666666666,1.0,-0.3333333333333333,0.4420731707317073,0.399390243902439,155,70,85,0.775,0.7142857142857143,0.8333333333333334,32,28,4,80.0,70.0,10.0,4,0,0,0,"psych_curve(xdata=array([-70.,  -8.,  -4.,  -2.,   0.,   2.,   4.,   8.,  70.]), ydata=[0.0, 0.0, nan, 0.0, 0.0, nan, 0.0, nan, 0.267], fit=[0.0, 0.0, 0.0, 0.0, 0.0, 0.0, 0.0, 0.0, 0.0, 0.0, 0.0, 0.0, 0.0, 0.0, 0.0, 0.0, 0.0, 0.0, 0.0, 0.0, 0.0, 0.0, 0.0, 0.0, 0.0, 0.0, 0.0, 0.0, 0.0, 0.0, 0.0, 0.0, 0.0, 0.0, 0.0, 0.0, 0.0, 0.0, 0.0, 0.0, 0.0, 0.0, 0.0, 0.0, 0.0, 0.001, 0.003, 0.011, 0.042, 0.154, 0.427, 0.754, 0.927, 0.981, 0.995, 0.999, 1.0, 1.0, 1.0, 1.0, 1.0, 1.0, 1.0, 1.0, 1.0, 1.0, 1.0, 1.0, 1.0, 1.0, 1.0, 1.0, 1.0, 1.0, 1.0, 1.0, 1.0, 1.0, 1.0, 1.0, 1.0, 1.0, 1.0, 1.0, 1.0, 1.0, 1.0, 1.0, 1.0, 1.0, 1.0, 1.0, 1.0, 1.0, 1.0, 1.0, 1.0, 1.0, 1.0, 1.0], params=[1.0, 1.0, 0.0, 0.0], fit_error=[0.0, nan, nan, 0.0, 0.0, nan, 0.0, nan, 0.118])",[-70.  -8.  -4.  -2.   0.   2.   4.   8.  70.],"[0.0, 0.0, nan, 0.0, 0.0, nan, 0.0, nan, 0.267]","[0.0, 0.0, 0.0, 0.0, 0.0, 0.0, 0.0, 0.0, 0.0, 0.0, 0.0, 0.0, 0.0, 0.0, 0.0, 0.0, 0.0, 0.0, 0.0, 0.0, 0.0, 0.0, 0.0, 0.0, 0.0, 0.0, 0.0, 0.0, 0.0, 0.0, 0.0, 0.0, 0.0, 0.0, 0.0, 0.0, 0.0, 0.0, 0.0, 0.0, 0.0, 0.0, 0.0, 0.0, 0.0, 0.001, 0.003, 0.011, 0.042, 0.154, 0.427, 0.754, 0.927, 0.981, 0.995, 0.999, 1.0, 1.0, 1.0, 1.0, 1.0, 1.0, 1.0, 1.0, 1.0, 1.0, 1.0, 1.0, 1.0, 1.0, 1.0, 1.0, 1.0, 1.0, 1.0, 1.0, 1.0, 1.0, 1.0, 1.0, 1.0, 1.0, 1.0, 1.0, 1.0, 1.0, 1.0, 1.0, 1.0, 1.0, 1.0, 1.0, 1.0, 1.0, 1.0, 1.0, 1.0, 1.0, 1.0, 1.0]","[0.0, nan, nan, 0.0, 0.0, nan, 0.0, nan, 0.118]","[1.0, 1.0, 0.0, 0.0]",1.0,1.0,0.0,0.0,"psych_curve(xdata=array([-70.,  -8.,  -2.,   0.,   2.,  70.]), ydata=[0.643, nan, nan, 1.0, 1.0, 1.0], fit=[nan, nan, nan, nan, nan, nan, nan, nan, nan, nan, nan, nan, nan, nan, nan, nan, nan, nan, nan, nan, nan, nan, nan, nan, nan, nan, nan, nan, nan, nan, nan, nan, nan, nan, nan, nan, nan, nan, nan, nan, nan, nan, nan, nan, nan, nan, nan, nan, nan, nan, nan, nan, nan, nan, nan, nan, nan, nan, nan, nan, nan, nan, nan, nan, nan, nan, nan, nan, nan, nan, nan, nan, nan, nan, nan, nan, nan, nan, nan, nan, nan, nan, nan, nan, nan, nan, nan, nan, nan, nan, nan, nan, nan, nan, nan, nan, nan, nan, nan, nan], params=[1.0, 1.0, 0.0, 0.0], fit_error=[0.133, nan, nan, nan, 0.0, 0.0])",[-70.  -8.  -4.  -2.   0.   2.   4.   8.  70.],"[0.0, 0.0, nan, 0.0, 0.0, nan, 0.0, nan, 0.267]","[0.0, 0.0, 0.0, 0.0, 0.0, 0.0, 0.0, 0.0, 0.0, 0.0, 0.0, 0.0, 0.0, 0.0, 0.0, 0.0, 0.0, 0.0, 0.0, 0.0, 0.0, 0.0, 0.0, 0.0, 0.0, 0.0, 0.0, 0.0, 0.0, 0.0, 0.0, 0.0, 0.0, 0.0, 0.0, 0.0, 0.0, 0.0, 0.0, 0.0, 0.0, 0.0, 0.0, 0.0, 0.0, 0.001, 0.003, 0.011, 0.042, 0.154, 0.427, 0.754, 0.927, 0.981, 0.995, 0.999, 1.0, 1.0, 1.0, 1.0, 1.0, 1.0, 1.0, 1.0, 1.0, 1.0, 1.0, 1.0, 1.0, 1.0, 1.0, 1.0, 1.0, 1.0, 1.0, 1.0, 1.0, 1.0, 1.0, 1.0, 1.0, 1.0, 1.0, 1.0, 1.0, 1.0, 1.0, 1.0, 1.0, 1.0, 1.0, 1.0, 1.0, 1.0, 1.0, 1.0, 1.0, 1.0, 1.0, 1.0]","[0.0, nan, nan, 0.0, 0.0, nan, 0.0, nan, 0.118]","[1.0, 1.0, 0.0, 0.0]",1.0,1.0,0.0,0.0,rest
2022-05-30,0,333,['Bpod5'],267,133,134,127,131,230,114,116,117,108,28,15,13,0.8614232209737828,0.8571428571428571,0.8656716417910447,258,129,129,138,66,72,0.5196850393700787,0.549618320610687,115,56,59,0.4409448818897638,0.4503816793893129,0.8914728682170543,0.8837209302325582,0.8992248062015504,0.9595375722543352,0.0155038759689922,0.8478260869565217,0.9391304347826088,-0.0913043478260869,0.5346516799903829,0.4456632806395383,9,4,5,0.0337078651685393,0.0300751879699248,0.0373134328358208,230,114,116,575.0,285.0,290.0,4,0,0,0,"psych_curve(xdata=array([-70.,  -8.,  -4.,  -2.,   0.,   2.,   4.,   8.,  70.]), ydata=[0.044, 0.111, 0.364, 0.333, 0.471, 0.75, 0.7, 1.0, 0.964], fit=[0.05, 0.05, 0.05, 0.05, 0.05, 0.05, 0.05, 0.05, 0.05, 0.05, 0.05, 0.05, 0.05, 0.05, 0.05, 0.05, 0.05, 0.05, 0.05, 0.05, 0.05, 0.05, 0.05, 0.05, 0.05, 0.05, 0.05, 0.05, 0.05, 0.05, 0.05, 0.05, 0.051, 0.051, 0.051, 0.052, 0.053, 0.055, 0.057, 0.061, 0.066, 0.075, 0.088, 0.106, 0.134, 0.172, 0.225, 0.293, 0.377, 0.473, 0.574, 0.67, 0.755, 0.824, 0.877, 0.916, 0.943, 0.962, 0.975, 0.983, 0.989, 0.993, 0.995, 0.997, 0.998, 0.999, 0.999, 0.999, 1.0, 1.0, 1.0, 1.0, 1.0, 1.0, 1.0, 1.0, 1.0, 1.0, 1.0, 1.0, 1.0, 1.0, 1.0, 1.0, 1.0, 1.0, 1.0, 1.0, 1.0, 1.0, 1.0, 1.0, 1.0, 1.0, 1.0, 1.0, 1.0, 1.0, 1.0, 1.0], params=[0.3, 0.02, 0.05, -0.0], fit_error=[0.022, 0.111, 0.152, 0.142, 0.125, 0.131, 0.153, 0.0, 0.021])",[-70.  -8.  -4.  -2.   0.   2.   4.   8.  70.],"[0.044, 0.111, 0.364, 0.333, 0.471, 0.75, 0.7, 1.0, 0.964]","[0.05, 0.05, 0.05, 0.05, 0.05, 0.05, 0.05, 0.05, 0.05, 0.05, 0.05, 0.05, 0.05, 0.05, 0.05, 0.05, 0.05, 0.05, 0.05, 0.05, 0.05, 0.05, 0.05, 0.05, 0.05, 0.05, 0.05, 0.05, 0.05, 0.05, 0.05, 0.05, 0.051, 0.051, 0.051, 0.052, 0.053, 0.055, 0.057, 0.061, 0.066, 0.075, 0.088, 0.106, 0.134, 0.172, 0.225, 0.293, 0.377, 0.473, 0.574, 0.67, 0.755, 0.824, 0.877, 0.916, 0.943, 0.962, 0.975, 0.983, 0.989, 0.993, 0.995, 0.997, 0.998, 0.999, 0.999, 0.999, 1.0, 1.0, 1.0, 1.0, 1.0, 1.0, 1.0, 1.0, 1.0, 1.0, 1.0, 1.0, 1.0, 1.0, 1.0, 1.0, 1.0, 1.0, 1.0, 1.0, 1.0, 1.0, 1.0, 1.0, 1.0, 1.0, 1.0, 1.0, 1.0, 1.0, 1.0, 1.0]","[0.022, 0.111, 0.152, 0.142, 0.125, 0.131, 0.153, 0.0, 0.021]","[0.3, 0.02, 0.05, -0.0]",0.3,0.02,0.05,-0.0,"psych_curve(xdata=array([-70.,  -8.,  -4.,  -2.,   0.,   2.,   4.,   8.,  70.]), ydata=[0.061, 0.091, 0.455, 0.462, 0.412, 0.9, 0.8, 1.0, 0.977], fit=[nan, nan, nan, nan, nan, nan, nan, nan, nan, nan, nan, nan, nan, nan, nan, nan, nan, nan, nan, nan, nan, nan, nan, nan, nan, nan, nan, nan, nan, nan, nan, nan, nan, nan, nan, nan, nan, nan, nan, nan, nan, nan, nan, nan, nan, nan, nan, nan, nan, nan, nan, nan, nan, nan, nan, nan, nan, nan, nan, nan, nan, nan, nan, nan, nan, nan, nan, nan, nan, nan, nan, nan, nan, nan, nan, nan, nan, nan, nan, nan, nan, nan, nan, nan, nan, nan, nan, nan, nan, nan, nan, nan, nan, nan, nan, nan, nan, nan, nan, nan], params=[0.31, -1.06, 0.05, -0.01], fit_error=[0.027, 0.091, 0.157, 0.144, 0.123, 0.1, 0.133, 0.0, 0.016])",[-70.  -8.  -4.  -2.   0.   2.   4.   8.  70.],"[0.044, 0.111, 0.364, 0.333, 0.471, 0.75, 0.7, 1.0, 0.964]","[0.05, 0.05, 0.05, 0.05, 0.05, 0.05, 0.05, 0.05, 0.05, 0.05, 0.05, 0.05, 0.05, 0.05, 0.05, 0.05, 0.05, 0.05, 0.05, 0.05, 0.05, 0.05, 0.05, 0.05, 0.05, 0.05, 0.05, 0.05, 0.05, 0.05, 0.05, 0.05, 0.051, 0.051, 0.051, 0.052, 0.053, 0.055, 0.057, 0.061, 0.066, 0.075, 0.088, 0.106, 0.134, 0.172, 0.225, 0.293, 0.377, 0.473, 0.574, 0.67, 0.755, 0.824, 0.877, 0.916, 0.943, 0.962, 0.975, 0.983, 0.989, 0.993, 0.995, 0.997, 0.998, 0.999, 0.999, 0.999, 1.0, 1.0, 1.0, 1.0, 1.0, 1.0, 1.0, 1.0, 1.0, 1.0, 1.0, 1.0, 1.0, 1.0, 1.0, 1.0, 1.0, 1.0, 1.0, 1.0, 1.0, 1.0, 1.0, 1.0, 1.0, 1.0, 1.0, 1.0, 1.0, 1.0, 1.0, 1.0]","[0.022, 0.111, 0.152, 0.142, 0.125, 0.131, 0.153, 0.0, 0.021]","[0.31, -1.06, 0.05, -0.01]",0.31,-1.06,0.05,-0.01,rest
2022-05-31,1,333,['Bpod5'],255,121,134,68,152,185,63,122,91,70,35,30,5,0.7254901960784313,0.5206611570247934,0.9104477611940298,220,93,127,117,25,92,0.3676470588235294,0.6052631578947368,76,36,40,0.5294117647058824,0.2631578947368421,0.8409090909090909,0.6774193548387096,0.9606299212598424,0.9640287769784172,0.2832105664211328,0.7777777777777778,0.9210526315789472,-0.1432748538011695,0.4864551083591331,0.3962848297213622,35,28,7,0.1372549019607843,0.2314049586776859,0.0522388059701492,185,63,122,462.5,157.5,305.0,4,0,0,0,"psych_curve(xdata=array([-70.,  -8.,  -4.,  -2.,   0.,   2.,   4.,   8.,  70.]), ydata=[0.082, 0.833, 0.6, 0.75, 1.0, 0.722, 1.0, 1.0, 1.0], fit=[0.084, 0.085, 0.085, 0.086, 0.087, 0.088, 0.089, 0.09, 0.092, 0.094, 0.096, 0.098, 0.101, 0.104, 0.108, 0.112, 0.116, 0.122, 0.128, 0.135, 0.142, 0.151, 0.161, 0.172, 0.185, 0.198, 0.214, 0.231, 0.25, 0.271, 0.293, 0.317, 0.343, 0.371, 0.4, 0.431, 0.463, 0.496, 0.529, 0.562, 0.596, 0.629, 0.661, 0.693, 0.723, 0.751, 0.778, 0.804, 0.827, 0.849, 0.869, 0.887, 0.903, 0.918, 0.931, 0.943, 0.953, 0.963, 0.971, 0.979, 0.985, 0.991, 0.996, 1.0, 1.004, 1.007, 1.01, 1.013, 1.015, 1.017, 1.019, 1.02, 1.021, 1.023, 1.024, 1.024, 1.025, 1.026, 1.026, 1.027, 1.027, 1.028, 1.028, 1.028, 1.028, 1.029, 1.029, 1.029, 1.029, 1.029, 1.029, 1.029, 1.029, 1.03, 1.03, 1.03, 1.03, 1.03, 1.03, 1.03], params=[0.1, -15.16, 0.08, -0.03], fit_error=[0.035, 0.112, 0.245, 0.131, 0.0, 0.109, 0.0, 0.0, 0.0])",[-70.  -8.  -4.  -2.   0.   2.   4.   8.  70.],"[0.082, 0.833, 0.6, 0.75, 1.0, 0.722, 1.0, 1.0, 1.0]","[0.084, 0.085, 0.085, 0.086, 0.087, 0.088, 0.089, 0.09, 0.092, 0.094, 0.096, 0.098, 0.101, 0.104, 0.108, 0.112, 0.116, 0.122, 0.128, 0.135, 0.142, 0.151, 0.161, 0.172, 0.185, 0.198, 0.214, 0.231, 0.25, 0.271, 0.293, 0.317, 0.343, 0.371, 0.4, 0.431, 0.463, 0.496, 0.529, 0.562, 0.596, 0.629, 0.661, 0.693, 0.723, 0.751, 0.778, 0.804, 0.827, 0.849, 0.869, 0.887, 0.903, 0.918, 0.931, 0.943, 0.953, 0.963, 0.971, 0.979, 0.985, 0.991, 0.996, 1.0, 1.004, 1.007, 1.01, 1.013, 1.015, 1.017, 1.019, 1.02, 1.021, 1.023, 1.024, 1.024, 1.025, 1.026, 1.026, 1.027, 1.027, 1.028, 1.028, 1.028, 1.028, 1.029, 1.029, 1.029, 1.029, 1.029, 1.029, 1.029, 1.029, 1.03, 1.03, 1.03, 1.03, 1.03, 1.03, 1.03]","[0.035, 0.112, 0.245, 0.131, 0.0, 0.109, 0.0, 0.0, 0.0]","[0.1, -15.16, 0.08, -0.03]",0.1,-15.16,0.08,-0.03,"psych_curve(xdata=array([-70.,  -8.,  -4.,  -2.,  -0.,   2.,   4.,   8.,  70.]), ydata=[0.067, 0.562, 0.5, 0.727, 0.714, 0.733, 1.0, 0.75, 0.984], fit=[nan, nan, nan, nan, nan, nan, nan, nan, nan, nan, nan, nan, nan, nan, nan, nan, nan, nan, nan, nan, nan, nan, nan, nan, nan, nan, nan, nan, nan, nan, nan, nan, nan, nan, nan, nan, nan, nan, nan, nan, nan, nan, nan, nan, nan, nan, nan, nan, nan, nan, nan, nan, nan, nan, nan, nan, nan, nan, nan, nan, nan, nan, nan, nan, nan, nan, nan, nan, nan, nan, nan, nan, nan, nan, nan, nan, nan, nan, nan, nan, nan, nan, nan, nan, nan, nan, nan, nan, nan, nan, nan, nan, nan, nan, nan, nan, nan, nan, nan, nan], params=[0.13, -7.65, 0.07, 0.02], fit_error=[0.032, 0.128, 0.289, 0.141, 0.184, 0.118, 0.0, 0.25, 0.016])",[-70.  -8.  -4.  -2.   0.   2.   4.   8.  70.],"[0.082, 0.833, 0.6, 0.75, 1.0, 0.722, 1.0, 1.0, 1.0]","[0.084, 0.085, 0.085, 0.086, 0.087, 0.088, 0.089, 0.09, 0.092, 0.094, 0.096, 0.098, 0.101, 0.104, 0.108, 0.112, 0.116, 0.122, 0.128, 0.135, 0.142, 0.151, 0.161, 0.172, 0.185, 0.198, 0.214, 0.231, 0.25, 0.271, 0.293, 0.317, 0.343, 0.371, 0.4, 0.431, 0.463, 0.496, 0.529, 0.562, 0.596, 0.629, 0.661, 0.693, 0.723, 0.751, 0.778, 0.804, 0.827, 0.849, 0.869, 0.887, 0.903, 0.918, 0.931, 0.943, 0.953, 0.963, 0.971, 0.979, 0.985, 0.991, 0.996, 1.0, 1.004, 1.007, 1.01, 1.013, 1.015, 1.017, 1.019, 1.02, 1.021, 1.023, 1.024, 1.024, 1.025, 1.026, 1.026, 1.027, 1.027, 1.028, 1.028, 1.028, 1.028, 1.029, 1.029, 1.029, 1.029, 1.029, 1.029, 1.029, 1.029, 1.03, 1.03, 1.03, 1.03, 1.03, 1.03, 1.03]","[0.035, 0.112, 0.245, 0.131, 0.0, 0.109, 0.0, 0.0, 0.0]","[0.13, -7.65, 0.07, 0.02]",0.13,-7.65,0.07,0.02,saline
2022-06-01,2,333,['Bpod5'],440,226,214,209,221,382,190,192,206,174,48,29,19,0.8681818181818182,0.8407079646017699,0.897196261682243,430,219,211,234,112,122,0.5358851674641149,0.5520361990950227,192,96,96,0.4593301435406698,0.4343891402714932,0.8883720930232558,0.867579908675799,0.909952606635071,0.988929889298893,0.042372697959272,0.8803418803418803,0.90625,-0.0259081196581196,0.5439606832795687,0.4468596419060815,10,7,3,0.0227272727272727,0.0309734513274336,0.014018691588785,382,190,192,955.0,475.0,480.0,4,0,0,0,"psych_curve(xdata=array([-70.,  -8.,  -4.,  -2.,   0.,   2.,   4.,   8.,  70.]), ydata=[0.021, 0.154, 0.364, 0.524, 0.5, 0.737, 0.714, 0.917, 1.0], fit=[0.01, 0.01, 0.01, 0.01, 0.01, 0.01, 0.01, 0.01, 0.01, 0.01, 0.01, 0.01, 0.01, 0.01, 0.01, 0.01, 0.01, 0.01, 0.01, 0.01, 0.01, 0.01, 0.01, 0.01, 0.01, 0.01, 0.011, 0.011, 0.011, 0.012, 0.012, 0.013, 0.014, 0.016, 0.018, 0.022, 0.026, 0.032, 0.04, 0.051, 0.066, 0.086, 0.112, 0.146, 0.189, 0.241, 0.304, 0.375, 0.453, 0.533, 0.612, 0.685, 0.751, 0.806, 0.852, 0.889, 0.917, 0.939, 0.955, 0.967, 0.976, 0.982, 0.987, 0.991, 0.993, 0.995, 0.997, 0.997, 0.998, 0.999, 0.999, 0.999, 1.0, 1.0, 1.0, 1.0, 1.0, 1.0, 1.0, 1.0, 1.0, 1.0, 1.0, 1.0, 1.0, 1.0, 1.0, 1.0, 1.0, 1.0, 1.0, 1.0, 1.0, 1.0, 1.0, 1.0, 1.0, 1.0, 1.0, 1.0], params=[0.23, -1.2, 0.01, -0.0], fit_error=[0.012, 0.072, 0.105, 0.112, 0.1, 0.104, 0.101, 0.058, 0.0])",[-70.  -8.  -4.  -2.   0.   2.   4.   8.  70.],"[0.021, 0.154, 0.364, 0.524, 0.5, 0.737, 0.714, 0.917, 1.0]","[0.01, 0.01, 0.01, 0.01, 0.01, 0.01, 0.01, 0.01, 0.01, 0.01, 0.01, 0.01, 0.01, 0.01, 0.01, 0.01, 0.01, 0.01, 0.01, 0.01, 0.01, 0.01, 0.01, 0.01, 0.01, 0.01, 0.011, 0.011, 0.011, 0.012, 0.012, 0.013, 0.014, 0.016, 0.018, 0.022, 0.026, 0.032, 0.04, 0.051, 0.066, 0.086, 0.112, 0.146, 0.189, 0.241, 0.304, 0.375, 0.453, 0.533, 0.612, 0.685, 0.751, 0.806, 0.852, 0.889, 0.917, 0.939, 0.955, 0.967, 0.976, 0.982, 0.987, 0.991, 0.993, 0.995, 0.997, 0.997, 0.998, 0.999, 0.999, 0.999, 1.0, 1.0, 1.0, 1.0, 1.0, 1.0, 1.0, 1.0, 1.0, 1.0, 1.0, 1.0, 1.0, 1.0, 1.0, 1.0, 1.0, 1.0, 1.0, 1.0, 1.0, 1.0, 1.0, 1.0, 1.0, 1.0, 1.0, 1.0]","[0.012, 0.072, 0.105, 0.112, 0.1, 0.104, 0.101, 0.058, 0.0]","[0.23, -1.2, 0.01, -0.0]",0.23,-1.2,0.01,-0.0,"psych_curve(xdata=array([-70.,  -8.,  -4.,  -2.,   0.,   2.,   4.,   8.,  70.]), ydata=[0.016, 0.208, 0.375, 0.5, 0.577, 0.667, 0.778, 0.962, 1.0], fit=[nan, nan, nan, nan, nan, nan, nan, nan, nan, nan, nan, nan, nan, nan, nan, nan, nan, nan, nan, nan, nan, nan, nan, nan, nan, nan, nan, nan, nan, nan, nan, nan, nan, nan, nan, nan, nan, nan, nan, nan, nan, nan, nan, nan, nan, nan, nan, nan, nan, nan, nan, nan, nan, nan, nan, nan, nan, nan, nan, nan, nan, nan, nan, nan, nan, nan, nan, nan, nan, nan, nan, nan, nan, nan, nan, nan, nan, nan, nan, nan, nan, nan, nan, nan, nan, nan, nan, nan, nan, nan, nan, nan, nan, nan, nan, nan, nan, nan, nan, nan], params=[0.23, -1.25, 0.02, -0.02], fit_error=[0.011, 0.085, 0.101, 0.129, 0.099, 0.098, 0.101, 0.038, 0.0])",[-70.  -8.  -4.  -2.   0.   2.   4.   8.  70.],"[0.021, 0.154, 0.364, 0.524, 0.5, 0.737, 0.714, 0.917, 1.0]","[0.01, 0.01, 0.01, 0.01, 0.01, 0.01, 0.01, 0.01, 0.01, 0.01, 0.01, 0.01, 0.01, 0.01, 0.01, 0.01, 0.01, 0.01, 0.01, 0.01, 0.01, 0.01, 0.01, 0.01, 0.01, 0.01, 0.011, 0.011, 0.011, 0.012, 0.012, 0.013, 0.014, 0.016, 0.018, 0.022, 0.026, 0.032, 0.04, 0.051, 0.066, 0.086, 0.112, 0.146, 0.189, 0.241, 0.304, 0.375, 0.453, 0.533, 0.612, 0.685, 0.751, 0.806, 0.852, 0.889, 0.917, 0.939, 0.955, 0.967, 0.976, 0.982, 0.987, 0.991, 0.993, 0.995, 0.997, 0.997, 0.998, 0.999, 0.999, 0.999, 1.0, 1.0, 1.0, 1.0, 1.0, 1.0, 1.0, 1.0, 1.0, 1.0, 1.0, 1.0, 1.0, 1.0, 1.0, 1.0, 1.0, 1.0, 1.0, 1.0, 1.0, 1.0, 1.0, 1.0, 1.0, 1.0, 1.0, 1.0]","[0.012, 0.072, 0.105, 0.112, 0.1, 0.104, 0.101, 0.058, 0.0]","[0.23, -1.25, 0.02, -0.02]",0.23,-1.25,0.02,-0.02,saline
2022-06-02,3,333,['Bpod5'],300,149,151,86,189,222,81,141,131,75,53,48,5,0.74,0.5436241610738255,0.933774834437086,275,129,146,177,43,134,0.5,0.708994708994709,80,40,40,0.4651162790697674,0.2116402116402116,0.8072727272727273,0.627906976744186,0.9657534246575342,0.8901098901098901,0.3378464479133481,0.7401129943502824,0.9375,-0.1973870056497175,0.6044973544973544,0.3383782453549895,25,20,5,0.0833333333333333,0.1342281879194631,0.0331125827814569,222,81,141,555.0,202.5,352.5,4,0,0,0,"psych_curve(xdata=array([-70.,  -8.,  -4.,  -2.,   0.,   2.,   4.,   8.,  70.]), ydata=[0.224, 0.636, 0.625, 0.625, 0.733, 1.0, 0.857, 1.0, 0.99], fit=[0.24, 0.24, 0.24, 0.24, 0.24, 0.24, 0.24, 0.24, 0.24, 0.24, 0.24, 0.24, 0.24, 0.24, 0.241, 0.241, 0.241, 0.241, 0.241, 0.242, 0.242, 0.243, 0.244, 0.245, 0.246, 0.247, 0.249, 0.251, 0.254, 0.257, 0.261, 0.267, 0.273, 0.281, 0.291, 0.303, 0.317, 0.335, 0.355, 0.379, 0.407, 0.439, 0.475, 0.514, 0.555, 0.599, 0.644, 0.688, 0.731, 0.772, 0.809, 0.844, 0.874, 0.9, 0.923, 0.942, 0.958, 0.972, 0.983, 0.992, 0.999, 1.005, 1.01, 1.014, 1.017, 1.02, 1.022, 1.024, 1.025, 1.026, 1.027, 1.027, 1.028, 1.028, 1.029, 1.029, 1.029, 1.029, 1.029, 1.03, 1.03, 1.03, 1.03, 1.03, 1.03, 1.03, 1.03, 1.03, 1.03, 1.03, 1.03, 1.03, 1.03, 1.03, 1.03, 1.03, 1.03, 1.03, 1.03, 1.03], params=[0.16, -5.22, 0.24, -0.03], fit_error=[0.045, 0.152, 0.183, 0.125, 0.118, 0.0, 0.097, 0.0, 0.01])",[-70.  -8.  -4.  -2.   0.   2.   4.   8.  70.],"[0.224, 0.636, 0.625, 0.625, 0.733, 1.0, 0.857, 1.0, 0.99]","[0.24, 0.24, 0.24, 0.24, 0.24, 0.24, 0.24, 0.24, 0.24, 0.24, 0.24, 0.24, 0.24, 0.24, 0.241, 0.241, 0.241, 0.241, 0.241, 0.242, 0.242, 0.243, 0.244, 0.245, 0.246, 0.247, 0.249, 0.251, 0.254, 0.257, 0.261, 0.267, 0.273, 0.281, 0.291, 0.303, 0.317, 0.335, 0.355, 0.379, 0.407, 0.439, 0.475, 0.514, 0.555, 0.599, 0.644, 0.688, 0.731, 0.772, 0.809, 0.844, 0.874, 0.9, 0.923, 0.942, 0.958, 0.972, 0.983, 0.992, 0.999, 1.005, 1.01, 1.014, 1.017, 1.02, 1.022, 1.024, 1.025, 1.026, 1.027, 1.027, 1.028, 1.028, 1.029, 1.029, 1.029, 1.029, 1.029, 1.03, 1.03, 1.03, 1.03, 1.03, 1.03, 1.03, 1.03, 1.03, 1.03, 1.03, 1.03, 1.03, 1.03, 1.03, 1.03, 1.03, 1.03, 1.03, 1.03, 1.03]","[0.045, 0.152, 0.183, 0.125, 0.118, 0.0, 0.097, 0.0, 0.01]","[0.16, -5.22, 0.24, -0.03]",0.16,-5.22,0.24,-0.03,"psych_curve(xdata=array([-70.,  -8.,  -4.,  -2.,  -0.,   2.,   4.,   8.,  70.]), ydata=[0.238, 0.545, 0.667, 0.667, 0.933, 0.929, 0.867, 0.941, 1.0], fit=[nan, nan, nan, nan, nan, nan, nan, nan, nan, nan, nan, nan, nan, nan, nan, nan, nan, nan, nan, nan, nan, nan, nan, nan, nan, nan, nan, nan, nan, nan, nan, nan, nan, nan, nan, nan, nan, nan, nan, nan, nan, nan, nan, nan, nan, nan, nan, nan, nan, nan, nan, nan, nan, nan, nan, nan, nan, nan, nan, nan, nan, nan, nan, nan, nan, nan, nan, nan, nan, nan, nan, nan, nan, nan, nan, nan, nan, nan, nan, nan, nan, nan, nan, nan, nan, nan, nan, nan, nan, nan, nan, nan, nan, nan, nan, nan, nan, nan, nan, nan], params=[0.23, -5.63, 0.24, 0.01], fit_error=[0.047, 0.157, 0.211, 0.142, 0.067, 0.071, 0.091, 0.059, 0.0])",[-70.  -8.  -4.  -2.   0.   2.   4.   8.  70.],"[0.224, 0.636, 0.625, 0.625, 0.733, 1.0, 0.857, 1.0, 0.99]","[0.24, 0.24, 0.24, 0.24, 0.24, 0.24, 0.24, 0.24, 0.24, 0.24, 0.24, 0.24, 0.24, 0.24, 0.241, 0.241, 0.241, 0.241, 0.241, 0.242, 0.242, 0.243, 0.244, 0.245, 0.246, 0.247, 0.249, 0.251, 0.254, 0.257, 0.261, 0.267, 0.273, 0.281, 0.291, 0.303, 0.317, 0.335, 0.355, 0.379, 0.407, 0.439, 0.475, 0.514, 0.555, 0.599, 0.644, 0.688, 0.731, 0.772, 0.809, 0.844, 0.874, 0.9, 0.923, 0.942, 0.958, 0.972, 0.983, 0.992, 0.999, 1.005, 1.01, 1.014, 1.017, 1.02, 1.022, 1.024, 1.025, 1.026, 1.027, 1.027, 1.028, 1.028, 1.029, 1.029, 1.029, 1.029, 1.029, 1.03, 1.03, 1.03, 1.03, 1.03, 1.03, 1.03, 1.03, 1.03, 1.03, 1.03, 1.03, 1.03, 1.03, 1.03, 1.03, 1.03, 1.03, 1.03, 1.03, 1.03]","[0.045, 0.152, 0.183, 0.125, 0.118, 0.0, 0.097, 0.0, 0.01]","[0.23, -5.63, 0.24, 0.01]",0.23,-5.63,0.24,0.01,MK801
2022-06-03,4,333,['Bpod5'],266,151,115,137,119,198,112,86,100,95,58,33,25,0.7443609022556391,0.7417218543046358,0.7478260869565218,256,145,111,138,79,59,0.5766423357664233,0.4957983193277311,113,56,57,0.4087591240875912,0.4789915966386555,0.7734375,0.7724137931034483,0.7747747747747747,0.8795180722891566,0.0023609816713264,0.7246376811594203,0.8407079646017699,-0.1160702834423496,0.5362203275470772,0.4438753603631233,10,6,4,0.037593984962406,0.0397350993377483,0.0347826086956521,198,112,86,495.0,280.0,215.0,4,0,0,0,"psych_curve(xdata=array([-70.,  -8.,  -4.,  -2.,   0.,   2.,   4.,   8.,  70.]), ydata=[0.121, 0.417, 0.4, 0.353, 0.533, 0.3, 0.5, 0.706, 0.88], fit=[0.131, 0.131, 0.131, 0.131, 0.132, 0.132, 0.132, 0.132, 0.133, 0.133, 0.134, 0.134, 0.135, 0.135, 0.136, 0.137, 0.138, 0.139, 0.14, 0.141, 0.143, 0.144, 0.146, 0.149, 0.151, 0.154, 0.157, 0.16, 0.164, 0.169, 0.174, 0.179, 0.185, 0.192, 0.2, 0.208, 0.218, 0.228, 0.24, 0.252, 0.266, 0.28, 0.296, 0.313, 0.332, 0.351, 0.372, 0.393, 0.415, 0.438, 0.462, 0.486, 0.51, 0.534, 0.558, 0.582, 0.605, 0.627, 0.649, 0.669, 0.688, 0.707, 0.724, 0.74, 0.754, 0.768, 0.781, 0.792, 0.802, 0.812, 0.82, 0.828, 0.835, 0.841, 0.846, 0.851, 0.856, 0.86, 0.863, 0.866, 0.869, 0.872, 0.874, 0.876, 0.877, 0.879, 0.88, 0.881, 0.882, 0.883, 0.884, 0.885, 0.885, 0.886, 0.886, 0.887, 0.887, 0.888, 0.888, 0.888], params=[0.09, 3.53, 0.13, 0.11], fit_error=[0.034, 0.149, 0.131, 0.119, 0.133, 0.153, 0.289, 0.114, 0.038])",[-70.  -8.  -4.  -2.   0.   2.   4.   8.  70.],"[0.121, 0.417, 0.4, 0.353, 0.533, 0.3, 0.5, 0.706, 0.88]","[0.131, 0.131, 0.131, 0.131, 0.132, 0.132, 0.132, 0.132, 0.133, 0.133, 0.134, 0.134, 0.135, 0.135, 0.136, 0.137, 0.138, 0.139, 0.14, 0.141, 0.143, 0.144, 0.146, 0.149, 0.151, 0.154, 0.157, 0.16, 0.164, 0.169, 0.174, 0.179, 0.185, 0.192, 0.2, 0.208, 0.218, 0.228, 0.24, 0.252, 0.266, 0.28, 0.296, 0.313, 0.332, 0.351, 0.372, 0.393, 0.415, 0.438, 0.462, 0.486, 0.51, 0.534, 0.558, 0.582, 0.605, 0.627, 0.649, 0.669, 0.688, 0.707, 0.724, 0.74, 0.754, 0.768, 0.781, 0.792, 0.802, 0.812, 0.82, 0.828, 0.835, 0.841, 0.846, 0.851, 0.856, 0.86, 0.863, 0.866, 0.869, 0.872, 0.874, 0.876, 0.877, 0.879, 0.88, 0.881, 0.882, 0.883, 0.884, 0.885, 0.885, 0.886, 0.886, 0.887, 0.887, 0.888, 0.888, 0.888]","[0.034, 0.149, 0.131, 0.119, 0.133, 0.153, 0.289, 0.114, 0.038]","[0.09, 3.53, 0.13, 0.11]",0.09,3.53,0.13,0.11,"psych_curve(xdata=array([-70.,  -8.,  -4.,  -2.,   0.,   2.,   4.,   8.,  70.]), ydata=[0.185, 0.316, 0.462, 0.5, 0.667, 0.583, 0.667, 0.667, 0.939], fit=[nan, nan, nan, nan, nan, nan, nan, nan, nan, nan, nan, nan, nan, nan, nan, nan, nan, nan, nan, nan, nan, nan, nan, nan, nan, nan, nan, nan, nan, nan, nan, nan, nan, nan, nan, nan, nan, nan, nan, nan, nan, nan, nan, nan, nan, nan, nan, nan, nan, nan, nan, nan, nan, nan, nan, nan, nan, nan, nan, nan, nan, nan, nan, nan, nan, nan, nan, nan, nan, nan, nan, nan, nan, nan, nan, nan, nan, nan, nan, nan, nan, nan, nan, nan, nan, nan, nan, nan, nan, nan, nan, nan, nan, nan, nan, nan, nan, nan, nan, nan], params=[0.13, -0.35, 0.17, 0.08], fit_error=[0.043, 0.11, 0.144, 0.139, 0.126, 0.149, 0.211, 0.167, 0.027])",[-70.  -8.  -4.  -2.   0.   2.   4.   8.  70.],"[0.121, 0.417, 0.4, 0.353, 0.533, 0.3, 0.5, 0.706, 0.88]","[0.131, 0.131, 0.131, 0.131, 0.132, 0.132, 0.132, 0.132, 0.133, 0.133, 0.134, 0.134, 0.135, 0.135, 0.136, 0.137, 0.138, 0.139, 0.14, 0.141, 0.143, 0.144, 0.146, 0.149, 0.151, 0.154, 0.157, 0.16, 0.164, 0.169, 0.174, 0.179, 0.185, 0.192, 0.2, 0.208, 0.218, 0.228, 0.24, 0.252, 0.266, 0.28, 0.296, 0.313, 0.332, 0.351, 0.372, 0.393, 0.415, 0.438, 0.462, 0.486, 0.51, 0.534, 0.558, 0.582, 0.605, 0.627, 0.649, 0.669, 0.688, 0.707, 0.724, 0.74, 0.754, 0.768, 0.781, 0.792, 0.802, 0.812, 0.82, 0.828, 0.835, 0.841, 0.846, 0.851, 0.856, 0.86, 0.863, 0.866, 0.869, 0.872, 0.874, 0.876, 0.877, 0.879, 0.88, 0.881, 0.882, 0.883, 0.884, 0.885, 0.885, 0.886, 0.886, 0.887, 0.887, 0.888, 0.888, 0.888]","[0.034, 0.149, 0.131, 0.119, 0.133, 0.153, 0.289, 0.114, 0.038]","[0.13, -0.35, 0.17, 0.08]",0.13,-0.35,0.17,0.08,saline
2022-06-27,0,333,['Bpod5'],84,43,41,6,25,15,3,12,7,4,16,13,3,0.1785714285714285,0.0697674418604651,0.2926829268292683,31,16,15,13,0,13,0.0,0.52,5,2,3,0.3333333333333333,0.12,0.4838709677419355,0.1875,0.8,0.4583333333333333,0.6125,0.5384615384615384,0.8,-0.2615384615384616,0.26,0.2266666666666666,53,27,26,0.6309523809523809,0.627906976744186,0.6341463414634146,15,3,12,37.5,7.5,30.0,4,0,0,0,"psych_curve(xdata=array([-70.,  -4.,  -2.,   0.,   2.,   4.,   8.,  70.]), ydata=[0.833, 0.5, 1.0, 1.0, 1.0, nan, 1.0, 0.75], fit=[0.0, 0.0, 0.0, 0.0, 0.0, 0.0, 0.0, 0.0, 0.0, 0.0, 0.0, 0.0, 0.0, 0.0, 0.0, 0.0, 0.0, 0.0, 0.0, 0.0, 0.0, 0.0, 0.0, 0.0, 0.0, 0.0, 0.0, 0.0, 0.0, 0.0, 0.0, 0.0, 0.0, 0.0, 0.0, 0.0, 0.0, 0.0, 0.0, 0.0, 0.0, 0.0, 0.0, 0.0, 0.0, 0.001, 0.003, 0.011, 0.042, 0.154, 0.427, 0.754, 0.927, 0.981, 0.995, 0.999, 1.0, 1.0, 1.0, 1.0, 1.0, 1.0, 1.0, 1.0, 1.0, 1.0, 1.0, 1.0, 1.0, 1.0, 1.0, 1.0, 1.0, 1.0, 1.0, 1.0, 1.0, 1.0, 1.0, 1.0, 1.0, 1.0, 1.0, 1.0, 1.0, 1.0, 1.0, 1.0, 1.0, 1.0, 1.0, 1.0, 1.0, 1.0, 1.0, 1.0, 1.0, 1.0, 1.0, 1.0], params=[1.0, 1.0, 0.0, 0.0], fit_error=[0.112, 0.5, nan, 0.0, nan, nan, nan, 0.131])",[-70.  -4.  -2.   0.   2.   4.   8.  70.],"[0.833, 0.5, 1.0, 1.0, 1.0, nan, 1.0, 0.75]","[0.0, 0.0, 0.0, 0.0, 0.0, 0.0, 0.0, 0.0, 0.0, 0.0, 0.0, 0.0, 0.0, 0.0, 0.0, 0.0, 0.0, 0.0, 0.0, 0.0, 0.0, 0.0, 0.0, 0.0, 0.0, 0.0, 0.0, 0.0, 0.0, 0.0, 0.0, 0.0, 0.0, 0.0, 0.0, 0.0, 0.0, 0.0, 0.0, 0.0, 0.0, 0.0, 0.0, 0.0, 0.0, 0.001, 0.003, 0.011, 0.042, 0.154, 0.427, 0.754, 0.927, 0.981, 0.995, 0.999, 1.0, 1.0, 1.0, 1.0, 1.0, 1.0, 1.0, 1.0, 1.0, 1.0, 1.0, 1.0, 1.0, 1.0, 1.0, 1.0, 1.0, 1.0, 1.0, 1.0, 1.0, 1.0, 1.0, 1.0, 1.0, 1.0, 1.0, 1.0, 1.0, 1.0, 1.0, 1.0, 1.0, 1.0, 1.0, 1.0, 1.0, 1.0, 1.0, 1.0, 1.0, 1.0, 1.0, 1.0]","[0.112, 0.5, nan, 0.0, nan, nan, nan, 0.131]","[1.0, 1.0, 0.0, 0.0]",1.0,1.0,0.0,0.0,"psych_curve(xdata=array([-70.,  -4.,  -0.,   2.,   4.,   8.,  70.]), ydata=[0.625, 0.0, 1.0, nan, nan, 1.0, 0.833], fit=[nan, nan, nan, nan, nan, nan, nan, nan, nan, nan, nan, nan, nan, nan, nan, nan, nan, nan, nan, nan, nan, nan, nan, nan, nan, nan, nan, nan, nan, nan, nan, nan, nan, nan, nan, nan, nan, nan, nan, nan, nan, nan, nan, nan, nan, nan, nan, nan, nan, nan, nan, nan, nan, nan, nan, nan, nan, nan, nan, nan, nan, nan, nan, nan, nan, nan, nan, nan, nan, nan, nan, nan, nan, nan, nan, nan, nan, nan, nan, nan, nan, nan, nan, nan, nan, nan, nan, nan, nan, nan, nan, nan, nan, nan, nan, nan, nan, nan, nan, nan], params=[1.0, 1.0, 0.0, 0.0], fit_error=[0.183, nan, 0.0, nan, nan, nan, 0.167])",[-70.  -4.  -2.   0.   2.   4.   8.  70.],"[0.833, 0.5, 1.0, 1.0, 1.0, nan, 1.0, 0.75]","[0.0, 0.0, 0.0, 0.0, 0.0, 0.0, 0.0, 0.0, 0.0, 0.0, 0.0, 0.0, 0.0, 0.0, 0.0, 0.0, 0.0, 0.0, 0.0, 0.0, 0.0, 0.0, 0.0, 0.0, 0.0, 0.0, 0.0, 0.0, 0.0, 0.0, 0.0, 0.0, 0.0, 0.0, 0.0, 0.0, 0.0, 0.0, 0.0, 0.0, 0.0, 0.0, 0.0, 0.0, 0.0, 0.001, 0.003, 0.011, 0.042, 0.154, 0.427, 0.754, 0.927, 0.981, 0.995, 0.999, 1.0, 1.0, 1.0, 1.0, 1.0, 1.0, 1.0, 1.0, 1.0, 1.0, 1.0, 1.0, 1.0, 1.0, 1.0, 1.0, 1.0, 1.0, 1.0, 1.0, 1.0, 1.0, 1.0, 1.0, 1.0, 1.0, 1.0, 1.0, 1.0, 1.0, 1.0, 1.0, 1.0, 1.0, 1.0, 1.0, 1.0, 1.0, 1.0, 1.0, 1.0, 1.0, 1.0, 1.0]","[0.112, 0.5, nan, 0.0, nan, nan, nan, 0.131]","[1.0, 1.0, 0.0, 0.0]",1.0,1.0,0.0,0.0,
2022-06-28,1,333,['Bpod5'],94,46,48,28,10,25,17,8,13,3,13,2,11,0.2659574468085106,0.3695652173913043,0.1666666666666666,38,19,19,21,18,3,0.6428571428571429,0.3,7,4,3,0.1428571428571428,0.3,0.6578947368421053,0.8947368421052632,0.4210526315789473,0.7142857142857143,-0.4736842105263158,0.6190476190476191,0.4285714285714285,0.1904761904761905,0.4714285714285714,0.2214285714285714,56,27,29,0.5957446808510638,0.5869565217391305,0.6041666666666666,25,17,8,62.5,42.5,20.0,4,94,18,77,"psych_curve(xdata=array([-70.,  -8.,  -4.,  -2.,   0.,   2.,   4.,   8.,  70.]), ydata=[0.143, 0.0, nan, 0.0, 0.0, 0.0, 0.0, 0.0, 0.571], fit=[0.0, 0.0, 0.0, 0.0, 0.0, 0.0, 0.0, 0.0, 0.0, 0.0, 0.0, 0.0, 0.0, 0.0, 0.0, 0.0, 0.0, 0.0, 0.0, 0.0, 0.0, 0.0, 0.0, 0.0, 0.0, 0.0, 0.0, 0.0, 0.0, 0.0, 0.0, 0.0, 0.0, 0.0, 0.0, 0.0, 0.0, 0.0, 0.0, 0.0, 0.0, 0.0, 0.0, 0.0, 0.0, 0.001, 0.003, 0.011, 0.042, 0.154, 0.427, 0.754, 0.927, 0.981, 0.995, 0.999, 1.0, 1.0, 1.0, 1.0, 1.0, 1.0, 1.0, 1.0, 1.0, 1.0, 1.0, 1.0, 1.0, 1.0, 1.0, 1.0, 1.0, 1.0, 1.0, 1.0, 1.0, 1.0, 1.0, 1.0, 1.0, 1.0, 1.0, 1.0, 1.0, 1.0, 1.0, 1.0, 1.0, 1.0, 1.0, 1.0, 1.0, 1.0, 1.0, 1.0, 1.0, 1.0, 1.0, 1.0], params=[1.0, 1.0, 0.0, 0.0], fit_error=[0.097, nan, nan, 0.0, 0.0, nan, 0.0, nan, 0.137])",[-70.  -8.  -4.  -2.   0.   2.   4.   8.  70.],"[0.143, 0.0, nan, 0.0, 0.0, 0.0, 0.0, 0.0, 0.571]","[0.0, 0.0, 0.0, 0.0, 0.0, 0.0, 0.0, 0.0, 0.0, 0.0, 0.0, 0.0, 0.0, 0.0, 0.0, 0.0, 0.0, 0.0, 0.0, 0.0, 0.0, 0.0, 0.0, 0.0, 0.0, 0.0, 0.0, 0.0, 0.0, 0.0, 0.0, 0.0, 0.0, 0.0, 0.0, 0.0, 0.0, 0.0, 0.0, 0.0, 0.0, 0.0, 0.0, 0.0, 0.0, 0.001, 0.003, 0.011, 0.042, 0.154, 0.427, 0.754, 0.927, 0.981, 0.995, 0.999, 1.0, 1.0, 1.0, 1.0, 1.0, 1.0, 1.0, 1.0, 1.0, 1.0, 1.0, 1.0, 1.0, 1.0, 1.0, 1.0, 1.0, 1.0, 1.0, 1.0, 1.0, 1.0, 1.0, 1.0, 1.0, 1.0, 1.0, 1.0, 1.0, 1.0, 1.0, 1.0, 1.0, 1.0, 1.0, 1.0, 1.0, 1.0, 1.0, 1.0, 1.0, 1.0, 1.0, 1.0]","[0.097, nan, nan, 0.0, 0.0, nan, 0.0, nan, 0.137]","[1.0, 1.0, 0.0, 0.0]",1.0,1.0,0.0,0.0,"psych_curve(xdata=array([-70.,  -8.,  -4.,  -2.,   0.,   2.,   8.,  70.]), ydata=[0.571, nan, 1.0, 1.0, 1.0, 1.0, 0.0, 0.786], fit=[nan, nan, nan, nan, nan, nan, nan, nan, nan, nan, nan, nan, nan, nan, nan, nan, nan, nan, nan, nan, nan, nan, nan, nan, nan, nan, nan, nan, nan, nan, nan, nan, nan, nan, nan, nan, nan, nan, nan, nan, nan, nan, nan, nan, nan, nan, nan, nan, nan, nan, nan, nan, nan, nan, nan, nan, nan, nan, nan, nan, nan, nan, nan, nan, nan, nan, nan, nan, nan, nan, nan, nan, nan, nan, nan, nan, nan, nan, nan, nan, nan, nan, nan, nan, nan, nan, nan, nan, nan, nan, nan, nan, nan, nan, nan, nan, nan, nan, nan, nan], params=[1.0, 1.0, 0.0, 0.0], fit_error=[0.202, nan, 0.0, nan, 0.0, nan, nan, 0.114])",[-70.  -8.  -4.  -2.   0.   2.   4.   8.  70.],"[0.143, 0.0, nan, 0.0, 0.0, 0.0, 0.0, 0.0, 0.571]","[0.0, 0.0, 0.0, 0.0, 0.0, 0.0, 0.0, 0.0, 0.0, 0.0, 0.0, 0.0, 0.0, 0.0, 0.0, 0.0, 0.0, 0.0, 0.0, 0.0, 0.0, 0.0, 0.0, 0.0, 0.0, 0.0, 0.0, 0.0, 0.0, 0.0, 0.0, 0.0, 0.0, 0.0, 0.0, 0.0, 0.0, 0.0, 0.0, 0.0, 0.0, 0.0, 0.0, 0.0, 0.0, 0.001, 0.003, 0.011, 0.042, 0.154, 0.427, 0.754, 0.927, 0.981, 0.995, 0.999, 1.0, 1.0, 1.0, 1.0, 1.0, 1.0, 1.0, 1.0, 1.0, 1.0, 1.0, 1.0, 1.0, 1.0, 1.0, 1.0, 1.0, 1.0, 1.0, 1.0, 1.0, 1.0, 1.0, 1.0, 1.0, 1.0, 1.0, 1.0, 1.0, 1.0, 1.0, 1.0, 1.0, 1.0, 1.0, 1.0, 1.0, 1.0, 1.0, 1.0, 1.0, 1.0, 1.0, 1.0]","[0.097, nan, nan, 0.0, 0.0, nan, 0.0, nan, 0.137]","[1.0, 1.0, 0.0, 0.0]",1.0,1.0,0.0,0.0,
2022-06-29,2,333,['Bpod5'],268,134,134,153,97,138,83,55,100,33,112,42,70,0.5149253731343284,0.6194029850746269,0.4104477611940298,250,125,125,193,122,71,0.7973856209150327,0.7319587628865979,50,25,25,0.1633986928104575,0.2577319587628865,0.552,0.664,0.44,0.5512820512820513,-0.224,0.5181347150259067,0.66,-0.1418652849740933,0.7646721919008153,0.210565325786672,18,9,9,0.0671641791044776,0.0671641791044776,0.0671641791044776,138,83,55,345.0,207.5,137.5,4,0,0,0,"psych_curve(xdata=array([-70.,  -8.,  -4.,  -2.,   0.,   2.,   4.,   8.,  70.]), ydata=[0.395, 0.333, 0.2, 0.0, 0.267, 0.412, 0.267, 0.389, 0.486], fit=[0.24, 0.24, 0.24, 0.24, 0.24, 0.24, 0.24, 0.24, 0.24, 0.24, 0.24, 0.24, 0.24, 0.24, 0.24, 0.24, 0.24, 0.24, 0.24, 0.24, 0.24, 0.24, 0.24, 0.24, 0.24, 0.24, 0.24, 0.24, 0.24, 0.24, 0.24, 0.24, 0.24, 0.24, 0.24, 0.24, 0.24, 0.24, 0.24, 0.24, 0.24, 0.24, 0.24, 0.24, 0.24, 0.24, 0.24, 0.24, 0.24, 0.24, 0.24, 0.39, 0.39, 0.39, 0.39, 0.39, 0.39, 0.39, 0.39, 0.39, 0.39, 0.39, 0.39, 0.39, 0.39, 0.39, 0.39, 0.39, 0.39, 0.39, 0.39, 0.39, 0.39, 0.39, 0.39, 0.39, 0.39, 0.39, 0.39, 0.39, 0.39, 0.39, 0.39, 0.39, 0.39, 0.39, 0.39, 0.39, 0.39, 0.39, 0.39, 0.39, 0.39, 0.39, 0.39, 0.39, 0.39, 0.39, 0.39, 0.39], params=[13.62, 1.25, 0.24, 0.61], fit_error=[0.053, 0.126, 0.133, 0.0, 0.118, 0.123, 0.118, 0.118, 0.06])",[-70.  -8.  -4.  -2.   0.   2.   4.   8.  70.],"[0.395, 0.333, 0.2, 0.0, 0.267, 0.412, 0.267, 0.389, 0.486]","[0.24, 0.24, 0.24, 0.24, 0.24, 0.24, 0.24, 0.24, 0.24, 0.24, 0.24, 0.24, 0.24, 0.24, 0.24, 0.24, 0.24, 0.24, 0.24, 0.24, 0.24, 0.24, 0.24, 0.24, 0.24, 0.24, 0.24, 0.24, 0.24, 0.24, 0.24, 0.24, 0.24, 0.24, 0.24, 0.24, 0.24, 0.24, 0.24, 0.24, 0.24, 0.24, 0.24, 0.24, 0.24, 0.24, 0.24, 0.24, 0.24, 0.24, 0.24, 0.39, 0.39, 0.39, 0.39, 0.39, 0.39, 0.39, 0.39, 0.39, 0.39, 0.39, 0.39, 0.39, 0.39, 0.39, 0.39, 0.39, 0.39, 0.39, 0.39, 0.39, 0.39, 0.39, 0.39, 0.39, 0.39, 0.39, 0.39, 0.39, 0.39, 0.39, 0.39, 0.39, 0.39, 0.39, 0.39, 0.39, 0.39, 0.39, 0.39, 0.39, 0.39, 0.39, 0.39, 0.39, 0.39, 0.39, 0.39, 0.39]","[0.053, 0.126, 0.133, 0.0, 0.118, 0.123, 0.118, 0.118, 0.06]","[13.62, 1.25, 0.24, 0.61]",13.62,1.25,0.24,0.61,"psych_curve(xdata=array([-70.,  -8.,  -4.,  -2.,   0.,   2.,   4.,   8.,  70.]), ydata=[0.714, 0.867, 0.917, 0.6, 0.867, 0.6, 0.833, 0.875, 0.87], fit=[nan, nan, nan, nan, nan, nan, nan, nan, nan, nan, nan, nan, nan, nan, nan, nan, nan, nan, nan, nan, nan, nan, nan, nan, nan, nan, nan, nan, nan, nan, nan, nan, nan, nan, nan, nan, nan, nan, nan, nan, nan, nan, nan, nan, nan, nan, nan, nan, nan, nan, nan, nan, nan, nan, nan, nan, nan, nan, nan, nan, nan, nan, nan, nan, nan, nan, nan, nan, nan, nan, nan, nan, nan, nan, nan, nan, nan, nan, nan, nan, nan, nan, nan, nan, nan, nan, nan, nan, nan, nan, nan, nan, nan, nan, nan, nan, nan, nan, nan, nan], params=[0.0, 1.83, -1.67, -2.26], fit_error=[0.05, 0.091, 0.083, 0.163, 0.091, 0.163, 0.112, 0.085, 0.041])",[-70.  -8.  -4.  -2.   0.   2.   4.   8.  70.],"[0.395, 0.333, 0.2, 0.0, 0.267, 0.412, 0.267, 0.389, 0.486]","[0.24, 0.24, 0.24, 0.24, 0.24, 0.24, 0.24, 0.24, 0.24, 0.24, 0.24, 0.24, 0.24, 0.24, 0.24, 0.24, 0.24, 0.24, 0.24, 0.24, 0.24, 0.24, 0.24, 0.24, 0.24, 0.24, 0.24, 0.24, 0.24, 0.24, 0.24, 0.24, 0.24, 0.24, 0.24, 0.24, 0.24, 0.24, 0.24, 0.24, 0.24, 0.24, 0.24, 0.24, 0.24, 0.24, 0.24, 0.24, 0.24, 0.24, 0.24, 0.39, 0.39, 0.39, 0.39, 0.39, 0.39, 0.39, 0.39, 0.39, 0.39, 0.39, 0.39, 0.39, 0.39, 0.39, 0.39, 0.39, 0.39, 0.39, 0.39, 0.39, 0.39, 0.39, 0.39, 0.39, 0.39, 0.39, 0.39, 0.39, 0.39, 0.39, 0.39, 0.39, 0.39, 0.39, 0.39, 0.39, 0.39, 0.39, 0.39, 0.39, 0.39, 0.39, 0.39, 0.39, 0.39, 0.39, 0.39, 0.39]","[0.053, 0.126, 0.133, 0.0, 0.118, 0.123, 0.118, 0.118, 0.06]","[0.0, 1.83, -1.67, -2.26]",0.0,1.83,-1.67,-2.26,
2022-06-30,3,333,['Bpod5'],323,172,151,224,85,159,118,41,123,30,150,44,106,0.4922600619195046,0.686046511627907,0.271523178807947,309,162,147,242,188,54,0.8392857142857143,0.6352941176470588,60,30,30,0.1339285714285714,0.3529411764705882,0.5145631067961165,0.7283950617283951,0.2789115646258503,0.5483870967741935,-0.4494834971025447,0.5082644628099173,0.5,0.0082644628099173,0.7372899159663866,0.2434348739495798,14,10,4,0.0433436532507739,0.0581395348837209,0.0264900662251655,159,118,41,397.5,295.0,102.5,4,0,0,0,"psych_curve(xdata=array([-70.,  -8.,  -4.,  -2.,   0.,   2.,   4.,   8.,  70.]), ydata=[0.265, 0.4, 0.25, 0.25, 0.2, 0.077, 0.294, 0.185, 0.341], fit=[0.33, 0.33, 0.33, 0.33, 0.33, 0.33, 0.33, 0.33, 0.33, 0.33, 0.33, 0.33, 0.33, 0.33, 0.33, 0.33, 0.33, 0.33, 0.33, 0.33, 0.33, 0.33, 0.33, 0.33, 0.33, 0.33, 0.33, 0.33, 0.33, 0.33, 0.33, 0.33, 0.33, 0.33, 0.33, 0.33, 0.33, 0.33, 0.33, 0.33, 0.33, 0.33, 0.33, 0.33, 0.33, 0.327, 0.295, 0.233, 0.221, 0.22, 0.22, 0.22, 0.22, 0.22, 0.22, 0.22, 0.22, 0.22, 0.22, 0.22, 0.22, 0.22, 0.22, 0.22, 0.22, 0.22, 0.22, 0.22, 0.22, 0.22, 0.22, 0.22, 0.22, 0.22, 0.22, 0.22, 0.22, 0.22, 0.22, 0.22, 0.22, 0.22, 0.22, 0.22, 0.22, 0.22, 0.22, 0.22, 0.22, 0.22, 0.22, 0.22, 0.22, 0.22, 0.22, 0.22, 0.22, 0.22, 0.22, 0.22], params=[1.97, -4.56, 0.33, 0.78], fit_error=[0.045, 0.131, 0.112, 0.099, 0.107, 0.077, 0.114, 0.076, 0.051])",[-70.  -8.  -4.  -2.   0.   2.   4.   8.  70.],"[0.265, 0.4, 0.25, 0.25, 0.2, 0.077, 0.294, 0.185, 0.341]","[0.33, 0.33, 0.33, 0.33, 0.33, 0.33, 0.33, 0.33, 0.33, 0.33, 0.33, 0.33, 0.33, 0.33, 0.33, 0.33, 0.33, 0.33, 0.33, 0.33, 0.33, 0.33, 0.33, 0.33, 0.33, 0.33, 0.33, 0.33, 0.33, 0.33, 0.33, 0.33, 0.33, 0.33, 0.33, 0.33, 0.33, 0.33, 0.33, 0.33, 0.33, 0.33, 0.33, 0.33, 0.33, 0.327, 0.295, 0.233, 0.221, 0.22, 0.22, 0.22, 0.22, 0.22, 0.22, 0.22, 0.22, 0.22, 0.22, 0.22, 0.22, 0.22, 0.22, 0.22, 0.22, 0.22, 0.22, 0.22, 0.22, 0.22, 0.22, 0.22, 0.22, 0.22, 0.22, 0.22, 0.22, 0.22, 0.22, 0.22, 0.22, 0.22, 0.22, 0.22, 0.22, 0.22, 0.22, 0.22, 0.22, 0.22, 0.22, 0.22, 0.22, 0.22, 0.22, 0.22, 0.22, 0.22, 0.22, 0.22]","[0.045, 0.131, 0.112, 0.099, 0.107, 0.077, 0.114, 0.076, 0.051]","[1.97, -4.56, 0.33, 0.78]",1.97,-4.56,0.33,0.78,"psych_curve(xdata=array([-70.,  -8.,  -4.,  -2.,   0.,   2.,   4.,   8.,  70.]), ydata=[0.729, 0.889, 0.857, 0.889, 1.0, 0.929, 0.833, 0.733, 0.771], fit=[nan, nan, nan, nan, nan, nan, nan, nan, nan, nan, nan, nan, nan, nan, nan, nan, nan, nan, nan, nan, nan, nan, nan, nan, nan, nan, nan, nan, nan, nan, nan, nan, nan, nan, nan, nan, nan, nan, nan, nan, nan, nan, nan, nan, nan, nan, nan, nan, nan, nan, nan, nan, nan, nan, nan, nan, nan, nan, nan, nan, nan, nan, nan, nan, nan, nan, nan, nan, nan, nan, nan, nan, nan, nan, nan, nan, nan, nan, nan, nan, nan, nan, nan, nan, nan, nan, nan, nan, nan, nan, nan, nan, nan, nan, nan, nan, nan, nan, nan, nan], params=[5.75, 4.09, 0.88, 0.25], fit_error=[0.048, 0.062, 0.097, 0.076, 0.0, 0.071, 0.09, 0.118, 0.043])",[-70.  -8.  -4.  -2.   0.   2.   4.   8.  70.],"[0.265, 0.4, 0.25, 0.25, 0.2, 0.077, 0.294, 0.185, 0.341]","[0.33, 0.33, 0.33, 0.33, 0.33, 0.33, 0.33, 0.33, 0.33, 0.33, 0.33, 0.33, 0.33, 0.33, 0.33, 0.33, 0.33, 0.33, 0.33, 0.33, 0.33, 0.33, 0.33, 0.33, 0.33, 0.33, 0.33, 0.33, 0.33, 0.33, 0.33, 0.33, 0.33, 0.33, 0.33, 0.33, 0.33, 0.33, 0.33, 0.33, 0.33, 0.33, 0.33, 0.33, 0.33, 0.327, 0.295, 0.233, 0.221, 0.22, 0.22, 0.22, 0.22, 0.22, 0.22, 0.22, 0.22, 0.22, 0.22, 0.22, 0.22, 0.22, 0.22, 0.22, 0.22, 0.22, 0.22, 0.22, 0.22, 0.22, 0.22, 0.22, 0.22, 0.22, 0.22, 0.22, 0.22, 0.22, 0.22, 0.22, 0.22, 0.22, 0.22, 0.22, 0.22, 0.22, 0.22, 0.22, 0.22, 0.22, 0.22, 0.22, 0.22, 0.22, 0.22, 0.22, 0.22, 0.22, 0.22, 0.22]","[0.045, 0.131, 0.112, 0.099, 0.107, 0.077, 0.114, 0.076, 0.051]","[5.75, 4.09, 0.88, 0.25]",5.75,4.09,0.88,0.25,
2022-07-01,4,333,['Bpod5'],304,157,147,139,155,158,77,81,118,37,136,74,62,0.5197368421052632,0.4904458598726114,0.5510204081632653,294,151,143,231,106,125,0.762589928057554,0.8064516129032258,59,29,30,0.2086330935251798,0.1935483870967742,0.5374149659863946,0.5099337748344371,0.5664335664335665,0.5374149659863946,0.0564997915991293,0.5108225108225108,0.6271186440677966,-0.1162961332452857,0.7845207704803898,0.201090740310977,10,6,4,0.0328947368421052,0.0382165605095541,0.0272108843537414,158,77,81,395.0,192.5,202.5,4,0,0,0,"psych_curve(xdata=array([-70.,  70.]), ydata=[0.49, 0.566], fit=[0.49, 0.49, 0.49, 0.49, 0.49, 0.49, 0.49, 0.49, 0.49, 0.49, 0.49, 0.49, 0.49, 0.49, 0.49, 0.49, 0.49, 0.49, 0.49, 0.49, 0.49, 0.49, 0.49, 0.49, 0.49, 0.49, 0.49, 0.49, 0.49, 0.49, 0.49, 0.49, 0.49, 0.49, 0.49, 0.49, 0.49, 0.49, 0.49, 0.49, 0.49, 0.49, 0.49, 0.49, 0.49, 0.49, 0.49, 0.491, 0.493, 0.502, 0.524, 0.55, 0.564, 0.568, 0.57, 0.57, 0.57, 0.57, 0.57, 0.57, 0.57, 0.57, 0.57, 0.57, 0.57, 0.57, 0.57, 0.57, 0.57, 0.57, 0.57, 0.57, 0.57, 0.57, 0.57, 0.57, 0.57, 0.57, 0.57, 0.57, 0.57, 0.57, 0.57, 0.57, 0.57, 0.57, 0.57, 0.57, 0.57, 0.57, 0.57, 0.57, 0.57, 0.57, 0.57, 0.57, 0.57, 0.57, 0.57, 0.57], params=[1.0, 1.0, 0.49, 0.43], fit_error=[0.041, 0.042])",[-70.  70.],"[0.49, 0.566]","[0.49, 0.49, 0.49, 0.49, 0.49, 0.49, 0.49, 0.49, 0.49, 0.49, 0.49, 0.49, 0.49, 0.49, 0.49, 0.49, 0.49, 0.49, 0.49, 0.49, 0.49, 0.49, 0.49, 0.49, 0.49, 0.49, 0.49, 0.49, 0.49, 0.49, 0.49, 0.49, 0.49, 0.49, 0.49, 0.49, 0.49, 0.49, 0.49, 0.49, 0.49, 0.49, 0.49, 0.49, 0.49, 0.49, 0.49, 0.491, 0.493, 0.502, 0.524, 0.55, 0.564, 0.568, 0.57, 0.57, 0.57, 0.57, 0.57, 0.57, 0.57, 0.57, 0.57, 0.57, 0.57, 0.57, 0.57, 0.57, 0.57, 0.57, 0.57, 0.57, 0.57, 0.57, 0.57, 0.57, 0.57, 0.57, 0.57, 0.57, 0.57, 0.57, 0.57, 0.57, 0.57, 0.57, 0.57, 0.57, 0.57, 0.57, 0.57, 0.57, 0.57, 0.57, 0.57, 0.57, 0.57, 0.57, 0.57, 0.57]","[0.041, 0.042]","[1.0, 1.0, 0.49, 0.43]",1.0,1.0,0.49,0.43,"psych_curve(xdata=array([-70.,  70.]), ydata=[0.753, 0.843], fit=[nan, nan, nan, nan, nan, nan, nan, nan, nan, nan, nan, nan, nan, nan, nan, nan, nan, nan, nan, nan, nan, nan, nan, nan, nan, nan, nan, nan, nan, nan, nan, nan, nan, nan, nan, nan, nan, nan, nan, nan, nan, nan, nan, nan, nan, nan, nan, nan, nan, nan, nan, nan, nan, nan, nan, nan, nan, nan, nan, nan, nan, nan, nan, nan, nan, nan, nan, nan, nan, nan, nan, nan, nan, nan, nan, nan, nan, nan, nan, nan, nan, nan, nan, nan, nan, nan, nan, nan, nan, nan, nan, nan, nan, nan, nan, nan, nan, nan, nan, nan], params=[1.0, 1.0, 0.75, 0.16], fit_error=[0.035, 0.031])",[-70.  70.],"[0.49, 0.566]","[0.49, 0.49, 0.49, 0.49, 0.49, 0.49, 0.49, 0.49, 0.49, 0.49, 0.49, 0.49, 0.49, 0.49, 0.49, 0.49, 0.49, 0.49, 0.49, 0.49, 0.49, 0.49, 0.49, 0.49, 0.49, 0.49, 0.49, 0.49, 0.49, 0.49, 0.49, 0.49, 0.49, 0.49, 0.49, 0.49, 0.49, 0.49, 0.49, 0.49, 0.49, 0.49, 0.49, 0.49, 0.49, 0.49, 0.49, 0.491, 0.493, 0.502, 0.524, 0.55, 0.564, 0.568, 0.57, 0.57, 0.57, 0.57, 0.57, 0.57, 0.57, 0.57, 0.57, 0.57, 0.57, 0.57, 0.57, 0.57, 0.57, 0.57, 0.57, 0.57, 0.57, 0.57, 0.57, 0.57, 0.57, 0.57, 0.57, 0.57, 0.57, 0.57, 0.57, 0.57, 0.57, 0.57, 0.57, 0.57, 0.57, 0.57, 0.57, 0.57, 0.57, 0.57, 0.57, 0.57, 0.57, 0.57, 0.57, 0.57]","[0.041, 0.042]","[1.0, 1.0, 0.75, 0.16]",1.0,1.0,0.75,0.16,
2022-07-02,5,333,['Bpod5'],446,224,222,297,134,255,170,85,177,72,176,49,127,0.5717488789237668,0.7589285714285714,0.3828828828828828,431,219,212,331,241,90,0.8114478114478114,0.6716417910447762,88,44,44,0.1481481481481481,0.3283582089552239,0.5916473317865429,0.776255707762557,0.4009433962264151,0.5916473317865429,-0.3753123115361419,0.5347432024169184,0.8181818181818182,-0.2834386157648998,0.7415448012462937,0.238253178551686,15,5,10,0.0336322869955156,0.0223214285714285,0.045045045045045,255,170,85,637.5,425.0,212.5,4,0,0,0,"psych_curve(xdata=array([-70.,  70.]), ydata=[0.224, 0.401], fit=[0.22, 0.22, 0.22, 0.22, 0.22, 0.22, 0.22, 0.22, 0.22, 0.22, 0.22, 0.22, 0.22, 0.22, 0.22, 0.22, 0.22, 0.22, 0.22, 0.22, 0.22, 0.22, 0.22, 0.22, 0.22, 0.22, 0.22, 0.22, 0.22, 0.22, 0.22, 0.22, 0.22, 0.22, 0.22, 0.22, 0.22, 0.22, 0.22, 0.22, 0.22, 0.22, 0.22, 0.22, 0.22, 0.22, 0.22, 0.222, 0.228, 0.248, 0.297, 0.356, 0.387, 0.397, 0.399, 0.4, 0.4, 0.4, 0.4, 0.4, 0.4, 0.4, 0.4, 0.4, 0.4, 0.4, 0.4, 0.4, 0.4, 0.4, 0.4, 0.4, 0.4, 0.4, 0.4, 0.4, 0.4, 0.4, 0.4, 0.4, 0.4, 0.4, 0.4, 0.4, 0.4, 0.4, 0.4, 0.4, 0.4, 0.4, 0.4, 0.4, 0.4, 0.4, 0.4, 0.4, 0.4, 0.4, 0.4, 0.4], params=[1.0, 1.0, 0.22, 0.6], fit_error=[0.028, 0.034])",[-70.  70.],"[0.224, 0.401]","[0.22, 0.22, 0.22, 0.22, 0.22, 0.22, 0.22, 0.22, 0.22, 0.22, 0.22, 0.22, 0.22, 0.22, 0.22, 0.22, 0.22, 0.22, 0.22, 0.22, 0.22, 0.22, 0.22, 0.22, 0.22, 0.22, 0.22, 0.22, 0.22, 0.22, 0.22, 0.22, 0.22, 0.22, 0.22, 0.22, 0.22, 0.22, 0.22, 0.22, 0.22, 0.22, 0.22, 0.22, 0.22, 0.22, 0.22, 0.222, 0.228, 0.248, 0.297, 0.356, 0.387, 0.397, 0.399, 0.4, 0.4, 0.4, 0.4, 0.4, 0.4, 0.4, 0.4, 0.4, 0.4, 0.4, 0.4, 0.4, 0.4, 0.4, 0.4, 0.4, 0.4, 0.4, 0.4, 0.4, 0.4, 0.4, 0.4, 0.4, 0.4, 0.4, 0.4, 0.4, 0.4, 0.4, 0.4, 0.4, 0.4, 0.4, 0.4, 0.4, 0.4, 0.4, 0.4, 0.4, 0.4, 0.4, 0.4, 0.4]","[0.028, 0.034]","[1.0, 1.0, 0.22, 0.6]",1.0,1.0,0.22,0.6,"psych_curve(xdata=array([-70.,  70.]), ydata=[0.681, 0.917], fit=[nan, nan, nan, nan, nan, nan, nan, nan, nan, nan, nan, nan, nan, nan, nan, nan, nan, nan, nan, nan, nan, nan, nan, nan, nan, nan, nan, nan, nan, nan, nan, nan, nan, nan, nan, nan, nan, nan, nan, nan, nan, nan, nan, nan, nan, nan, nan, nan, nan, nan, nan, nan, nan, nan, nan, nan, nan, nan, nan, nan, nan, nan, nan, nan, nan, nan, nan, nan, nan, nan, nan, nan, nan, nan, nan, nan, nan, nan, nan, nan, nan, nan, nan, nan, nan, nan, nan, nan, nan, nan, nan, nan, nan, nan, nan, nan, nan, nan, nan, nan], params=[1.0, 1.0, 0.68, 0.08], fit_error=[0.031, 0.02])",[-70.  70.],"[0.224, 0.401]","[0.22, 0.22, 0.22, 0.22, 0.22, 0.22, 0.22, 0.22, 0.22, 0.22, 0.22, 0.22, 0.22, 0.22, 0.22, 0.22, 0.22, 0.22, 0.22, 0.22, 0.22, 0.22, 0.22, 0.22, 0.22, 0.22, 0.22, 0.22, 0.22, 0.22, 0.22, 0.22, 0.22, 0.22, 0.22, 0.22, 0.22, 0.22, 0.22, 0.22, 0.22, 0.22, 0.22, 0.22, 0.22, 0.22, 0.22, 0.222, 0.228, 0.248, 0.297, 0.356, 0.387, 0.397, 0.399, 0.4, 0.4, 0.4, 0.4, 0.4, 0.4, 0.4, 0.4, 0.4, 0.4, 0.4, 0.4, 0.4, 0.4, 0.4, 0.4, 0.4, 0.4, 0.4, 0.4, 0.4, 0.4, 0.4, 0.4, 0.4, 0.4, 0.4, 0.4, 0.4, 0.4, 0.4, 0.4, 0.4, 0.4, 0.4, 0.4, 0.4, 0.4, 0.4, 0.4, 0.4, 0.4, 0.4, 0.4, 0.4]","[0.028, 0.034]","[1.0, 1.0, 0.68, 0.08]",1.0,1.0,0.68,0.08,
2022-07-03,6,333,['Bpod5'],265,137,128,184,64,141,103,38,98,36,107,26,81,0.5320754716981132,0.7518248175182481,0.296875,248,129,119,191,151,40,0.8206521739130435,0.625,48,24,24,0.1304347826086956,0.375,0.5685483870967742,0.7984496124031008,0.3193277310924369,0.5685483870967742,-0.4791218813106638,0.5130890052356021,0.75,-0.2369109947643979,0.7228260869565217,0.2527173913043478,17,8,9,0.0641509433962264,0.0583941605839416,0.0703125,141,103,38,352.5,257.5,95.0,4,0,0,0,"psych_curve(xdata=array([-70.,  70.]), ydata=[0.202, 0.319], fit=[0.2, 0.2, 0.2, 0.2, 0.2, 0.2, 0.2, 0.2, 0.2, 0.2, 0.2, 0.2, 0.2, 0.2, 0.2, 0.2, 0.2, 0.2, 0.2, 0.2, 0.2, 0.2, 0.2, 0.2, 0.2, 0.2, 0.2, 0.2, 0.2, 0.2, 0.2, 0.2, 0.2, 0.2, 0.2, 0.2, 0.2, 0.2, 0.2, 0.2, 0.2, 0.2, 0.2, 0.2, 0.2, 0.2, 0.2, 0.201, 0.205, 0.218, 0.251, 0.291, 0.311, 0.318, 0.319, 0.32, 0.32, 0.32, 0.32, 0.32, 0.32, 0.32, 0.32, 0.32, 0.32, 0.32, 0.32, 0.32, 0.32, 0.32, 0.32, 0.32, 0.32, 0.32, 0.32, 0.32, 0.32, 0.32, 0.32, 0.32, 0.32, 0.32, 0.32, 0.32, 0.32, 0.32, 0.32, 0.32, 0.32, 0.32, 0.32, 0.32, 0.32, 0.32, 0.32, 0.32, 0.32, 0.32, 0.32, 0.32], params=[1.0, 1.0, 0.2, 0.68], fit_error=[0.035, 0.043])",[-70.  70.],"[0.202, 0.319]","[0.2, 0.2, 0.2, 0.2, 0.2, 0.2, 0.2, 0.2, 0.2, 0.2, 0.2, 0.2, 0.2, 0.2, 0.2, 0.2, 0.2, 0.2, 0.2, 0.2, 0.2, 0.2, 0.2, 0.2, 0.2, 0.2, 0.2, 0.2, 0.2, 0.2, 0.2, 0.2, 0.2, 0.2, 0.2, 0.2, 0.2, 0.2, 0.2, 0.2, 0.2, 0.2, 0.2, 0.2, 0.2, 0.2, 0.2, 0.201, 0.205, 0.218, 0.251, 0.291, 0.311, 0.318, 0.319, 0.32, 0.32, 0.32, 0.32, 0.32, 0.32, 0.32, 0.32, 0.32, 0.32, 0.32, 0.32, 0.32, 0.32, 0.32, 0.32, 0.32, 0.32, 0.32, 0.32, 0.32, 0.32, 0.32, 0.32, 0.32, 0.32, 0.32, 0.32, 0.32, 0.32, 0.32, 0.32, 0.32, 0.32, 0.32, 0.32, 0.32, 0.32, 0.32, 0.32, 0.32, 0.32, 0.32, 0.32, 0.32]","[0.035, 0.043]","[1.0, 1.0, 0.2, 0.68]",1.0,1.0,0.2,0.68,"psych_curve(xdata=array([-70.,  70.]), ydata=[0.721, 0.891], fit=[nan, nan, nan, nan, nan, nan, nan, nan, nan, nan, nan, nan, nan, nan, nan, nan, nan, nan, nan, nan, nan, nan, nan, nan, nan, nan, nan, nan, nan, nan, nan, nan, nan, nan, nan, nan, nan, nan, nan, nan, nan, nan, nan, nan, nan, nan, nan, nan, nan, nan, nan, nan, nan, nan, nan, nan, nan, nan, nan, nan, nan, nan, nan, nan, nan, nan, nan, nan, nan, nan, nan, nan, nan, nan, nan, nan, nan, nan, nan, nan, nan, nan, nan, nan, nan, nan, nan, nan, nan, nan, nan, nan, nan, nan, nan, nan, nan, nan, nan, nan], params=[1.0, 1.0, 0.72, 0.11], fit_error=[0.04, 0.03])",[-70.  70.],"[0.202, 0.319]","[0.2, 0.2, 0.2, 0.2, 0.2, 0.2, 0.2, 0.2, 0.2, 0.2, 0.2, 0.2, 0.2, 0.2, 0.2, 0.2, 0.2, 0.2, 0.2, 0.2, 0.2, 0.2, 0.2, 0.2, 0.2, 0.2, 0.2, 0.2, 0.2, 0.2, 0.2, 0.2, 0.2, 0.2, 0.2, 0.2, 0.2, 0.2, 0.2, 0.2, 0.2, 0.2, 0.2, 0.2, 0.2, 0.2, 0.2, 0.201, 0.205, 0.218, 0.251, 0.291, 0.311, 0.318, 0.319, 0.32, 0.32, 0.32, 0.32, 0.32, 0.32, 0.32, 0.32, 0.32, 0.32, 0.32, 0.32, 0.32, 0.32, 0.32, 0.32, 0.32, 0.32, 0.32, 0.32, 0.32, 0.32, 0.32, 0.32, 0.32, 0.32, 0.32, 0.32, 0.32, 0.32, 0.32, 0.32, 0.32, 0.32, 0.32, 0.32, 0.32, 0.32, 0.32, 0.32, 0.32, 0.32, 0.32, 0.32, 0.32]","[0.035, 0.043]","[1.0, 1.0, 0.72, 0.11]",1.0,1.0,0.72,0.11,
2022-07-04,0,333,['Bpod5'],293,153,140,169,113,200,117,83,139,56,82,30,52,0.6825938566552902,0.7647058823529411,0.5928571428571429,282,147,135,208,129,79,0.7633136094674556,0.6991150442477876,68,34,34,0.2011834319526627,0.3008849557522124,0.7092198581560284,0.7959183673469388,0.6148148148148148,0.7111913357400722,-0.1811035525321239,0.6682692307692307,0.8235294117647058,-0.1552601809954751,0.7312143268576217,0.2510341938524376,11,6,5,0.0375426621160409,0.0392156862745098,0.0357142857142857,200,117,83,500.0,292.5,207.5,4,0,0,0,"psych_curve(xdata=array([-70.,  -2.,   0.,   2.,   8.,  70.]), ydata=[0.2, 1.0, 0.0, 0.5, 1.0, 0.614], fit=[0.4, 0.4, 0.4, 0.4, 0.4, 0.4, 0.4, 0.4, 0.4, 0.4, 0.4, 0.4, 0.4, 0.4, 0.4, 0.4, 0.4, 0.4, 0.4, 0.4, 0.4, 0.4, 0.4, 0.4, 0.4, 0.4, 0.4, 0.4, 0.4, 0.4, 0.4, 0.4, 0.4, 0.4, 0.4, 0.4, 0.4, 0.4, 0.4, 0.4, 0.4, 0.4, 0.4, 0.4, 0.4, 0.4, 0.4, 0.4, 0.4, 0.4, 0.4, 0.583, 0.81, 0.81, 0.81, 0.81, 0.81, 0.81, 0.81, 0.81, 0.81, 0.81, 0.81, 0.81, 0.81, 0.81, 0.81, 0.81, 0.81, 0.81, 0.81, 0.81, 0.81, 0.81, 0.81, 0.81, 0.81, 0.81, 0.81, 0.81, 0.81, 0.81, 0.81, 0.81, 0.81, 0.81, 0.81, 0.81, 0.81, 0.81, 0.81, 0.81, 0.81, 0.81, 0.81, 0.81, 0.81, 0.81, 0.81, 0.81], params=[7.44, 2.15, 0.4, 0.19], fit_error=[0.033, nan, nan, 0.5, nan, 0.043])",[-70.  -2.   0.   2.   8.  70.],"[0.2, 1.0, 0.0, 0.5, 1.0, 0.614]","[0.4, 0.4, 0.4, 0.4, 0.4, 0.4, 0.4, 0.4, 0.4, 0.4, 0.4, 0.4, 0.4, 0.4, 0.4, 0.4, 0.4, 0.4, 0.4, 0.4, 0.4, 0.4, 0.4, 0.4, 0.4, 0.4, 0.4, 0.4, 0.4, 0.4, 0.4, 0.4, 0.4, 0.4, 0.4, 0.4, 0.4, 0.4, 0.4, 0.4, 0.4, 0.4, 0.4, 0.4, 0.4, 0.4, 0.4, 0.4, 0.4, 0.4, 0.4, 0.583, 0.81, 0.81, 0.81, 0.81, 0.81, 0.81, 0.81, 0.81, 0.81, 0.81, 0.81, 0.81, 0.81, 0.81, 0.81, 0.81, 0.81, 0.81, 0.81, 0.81, 0.81, 0.81, 0.81, 0.81, 0.81, 0.81, 0.81, 0.81, 0.81, 0.81, 0.81, 0.81, 0.81, 0.81, 0.81, 0.81, 0.81, 0.81, 0.81, 0.81, 0.81, 0.81, 0.81, 0.81, 0.81, 0.81, 0.81, 0.81]","[0.033, nan, nan, 0.5, nan, 0.043]","[7.44, 2.15, 0.4, 0.19]",7.44,2.15,0.4,0.19,"psych_curve(xdata=array([-70.,  -8.,  -2.,   0.,   2.,  70.]), ydata=[0.553, 0.0, 1.0, 1.0, 0.5, 0.926], fit=[nan, nan, nan, nan, nan, nan, nan, nan, nan, nan, nan, nan, nan, nan, nan, nan, nan, nan, nan, nan, nan, nan, nan, nan, nan, nan, nan, nan, nan, nan, nan, nan, nan, nan, nan, nan, nan, nan, nan, nan, nan, nan, nan, nan, nan, nan, nan, nan, nan, nan, nan, nan, nan, nan, nan, nan, nan, nan, nan, nan, nan, nan, nan, nan, nan, nan, nan, nan, nan, nan, nan, nan, nan, nan, nan, nan, nan, nan, nan, nan, nan, nan, nan, nan, nan, nan, nan, nan, nan, nan, nan, nan, nan, nan, nan, nan, nan, nan, nan, nan], params=[4.57, -4.74, 0.28, 0.14], fit_error=[0.045, nan, nan, nan, 0.5, 0.022])",[-70.  -2.   0.   2.   8.  70.],"[0.2, 1.0, 0.0, 0.5, 1.0, 0.614]","[0.4, 0.4, 0.4, 0.4, 0.4, 0.4, 0.4, 0.4, 0.4, 0.4, 0.4, 0.4, 0.4, 0.4, 0.4, 0.4, 0.4, 0.4, 0.4, 0.4, 0.4, 0.4, 0.4, 0.4, 0.4, 0.4, 0.4, 0.4, 0.4, 0.4, 0.4, 0.4, 0.4, 0.4, 0.4, 0.4, 0.4, 0.4, 0.4, 0.4, 0.4, 0.4, 0.4, 0.4, 0.4, 0.4, 0.4, 0.4, 0.4, 0.4, 0.4, 0.583, 0.81, 0.81, 0.81, 0.81, 0.81, 0.81, 0.81, 0.81, 0.81, 0.81, 0.81, 0.81, 0.81, 0.81, 0.81, 0.81, 0.81, 0.81, 0.81, 0.81, 0.81, 0.81, 0.81, 0.81, 0.81, 0.81, 0.81, 0.81, 0.81, 0.81, 0.81, 0.81, 0.81, 0.81, 0.81, 0.81, 0.81, 0.81, 0.81, 0.81, 0.81, 0.81, 0.81, 0.81, 0.81, 0.81, 0.81, 0.81]","[0.033, nan, nan, 0.5, nan, 0.043]","[4.57, -4.74, 0.28, 0.14]",4.57,-4.74,0.28,0.14,
2022-07-05,1,333,['Bpod5'],363,177,186,193,160,242,127,115,142,96,111,45,66,0.6666666666666666,0.7175141242937854,0.6182795698924731,353,172,181,222,125,97,0.6476683937823834,0.60625,126,63,63,0.3264248704663212,0.39375,0.6855524079320113,0.7383720930232558,0.6353591160220995,0.6846590909090909,-0.1030129770011563,0.6396396396396397,0.7619047619047619,-0.1222651222651222,0.6269591968911916,0.3600874352331606,10,5,5,0.0275482093663911,0.0282485875706214,0.0268817204301075,242,127,115,605.0,317.5,287.5,4,0,0,0,"psych_curve(xdata=array([-70.,   8.,  70.]), ydata=[0.262, 1.0, 0.633], fit=[0.26, 0.26, 0.26, 0.26, 0.26, 0.26, 0.26, 0.26, 0.26, 0.26, 0.26, 0.26, 0.26, 0.26, 0.26, 0.26, 0.26, 0.26, 0.26, 0.26, 0.26, 0.26, 0.26, 0.26, 0.26, 0.26, 0.26, 0.26, 0.26, 0.26, 0.26, 0.26, 0.26, 0.26, 0.26, 0.26, 0.26, 0.26, 0.26, 0.26, 0.26, 0.26, 0.26, 0.26, 0.26, 0.26, 0.26, 0.26, 0.261, 0.278, 0.502, 0.789, 0.819, 0.82, 0.82, 0.82, 0.82, 0.82, 0.82, 0.82, 0.82, 0.82, 0.82, 0.82, 0.82, 0.82, 0.82, 0.82, 0.82, 0.82, 0.82, 0.82, 0.82, 0.82, 0.82, 0.82, 0.82, 0.82, 0.82, 0.82, 0.82, 0.82, 0.82, 0.82, 0.82, 0.82, 0.82, 0.82, 0.82, 0.82, 0.82, 0.82, 0.82, 0.82, 0.82, 0.82, 0.82, 0.82, 0.82, 0.82], params=[2.21, 0.83, 0.26, 0.18], fit_error=[0.034, nan, 0.036])",[-70.   8.  70.],"[0.262, 1.0, 0.633]","[0.26, 0.26, 0.26, 0.26, 0.26, 0.26, 0.26, 0.26, 0.26, 0.26, 0.26, 0.26, 0.26, 0.26, 0.26, 0.26, 0.26, 0.26, 0.26, 0.26, 0.26, 0.26, 0.26, 0.26, 0.26, 0.26, 0.26, 0.26, 0.26, 0.26, 0.26, 0.26, 0.26, 0.26, 0.26, 0.26, 0.26, 0.26, 0.26, 0.26, 0.26, 0.26, 0.26, 0.26, 0.26, 0.26, 0.26, 0.26, 0.261, 0.278, 0.502, 0.789, 0.819, 0.82, 0.82, 0.82, 0.82, 0.82, 0.82, 0.82, 0.82, 0.82, 0.82, 0.82, 0.82, 0.82, 0.82, 0.82, 0.82, 0.82, 0.82, 0.82, 0.82, 0.82, 0.82, 0.82, 0.82, 0.82, 0.82, 0.82, 0.82, 0.82, 0.82, 0.82, 0.82, 0.82, 0.82, 0.82, 0.82, 0.82, 0.82, 0.82, 0.82, 0.82, 0.82, 0.82, 0.82, 0.82, 0.82, 0.82]","[0.034, nan, 0.036]","[2.21, 0.83, 0.26, 0.18]",2.21,0.83,0.26,0.18,"psych_curve(xdata=array([-70.,   8.,  70.]), ydata=[0.455, 1.0, 0.825], fit=[nan, nan, nan, nan, nan, nan, nan, nan, nan, nan, nan, nan, nan, nan, nan, nan, nan, nan, nan, nan, nan, nan, nan, nan, nan, nan, nan, nan, nan, nan, nan, nan, nan, nan, nan, nan, nan, nan, nan, nan, nan, nan, nan, nan, nan, nan, nan, nan, nan, nan, nan, nan, nan, nan, nan, nan, nan, nan, nan, nan, nan, nan, nan, nan, nan, nan, nan, nan, nan, nan, nan, nan, nan, nan, nan, nan, nan, nan, nan, nan, nan, nan, nan, nan, nan, nan, nan, nan, nan, nan, nan, nan, nan, nan, nan, nan, nan, nan, nan, nan], params=[2.1, 0.84, 0.45, 0.09], fit_error=[0.038, nan, 0.029])",[-70.   8.  70.],"[0.262, 1.0, 0.633]","[0.26, 0.26, 0.26, 0.26, 0.26, 0.26, 0.26, 0.26, 0.26, 0.26, 0.26, 0.26, 0.26, 0.26, 0.26, 0.26, 0.26, 0.26, 0.26, 0.26, 0.26, 0.26, 0.26, 0.26, 0.26, 0.26, 0.26, 0.26, 0.26, 0.26, 0.26, 0.26, 0.26, 0.26, 0.26, 0.26, 0.26, 0.26, 0.26, 0.26, 0.26, 0.26, 0.26, 0.26, 0.26, 0.26, 0.26, 0.26, 0.261, 0.278, 0.502, 0.789, 0.819, 0.82, 0.82, 0.82, 0.82, 0.82, 0.82, 0.82, 0.82, 0.82, 0.82, 0.82, 0.82, 0.82, 0.82, 0.82, 0.82, 0.82, 0.82, 0.82, 0.82, 0.82, 0.82, 0.82, 0.82, 0.82, 0.82, 0.82, 0.82, 0.82, 0.82, 0.82, 0.82, 0.82, 0.82, 0.82, 0.82, 0.82, 0.82, 0.82, 0.82, 0.82, 0.82, 0.82, 0.82, 0.82, 0.82, 0.82]","[0.034, nan, 0.036]","[2.1, 0.84, 0.45, 0.09]",2.1,0.84,0.45,0.09,
2022-07-06,2,333,['Bpod5'],412,210,202,210,191,255,135,120,164,89,146,71,75,0.6189320388349514,0.6428571428571429,0.594059405940594,401,206,195,272,143,129,0.680952380952381,0.675392670157068,124,62,62,0.2952380952380952,0.3246073298429319,0.6359102244389028,0.6553398058252428,0.6153846153846154,0.6692307692307692,-0.0399551904406273,0.6029411764705882,0.717741935483871,-0.1148007590132828,0.6781725255547245,0.3099227125405136,11,4,7,0.0266990291262135,0.019047619047619,0.0346534653465346,255,135,120,637.5,337.5,300.0,4,0,0,0,"psych_curve(xdata=array([-70.,  -8.,  -4.,  -2.,   0.,   2.,   4.,   8.,  70.]), ydata=[0.271, 0.5, 0.357, 0.6, 0.714, 0.474, 0.65, 0.688, 0.606], fit=[0.28, 0.28, 0.28, 0.28, 0.28, 0.28, 0.28, 0.28, 0.28, 0.28, 0.28, 0.28, 0.28, 0.28, 0.28, 0.28, 0.28, 0.28, 0.28, 0.28, 0.28, 0.28, 0.28, 0.28, 0.281, 0.281, 0.281, 0.281, 0.282, 0.283, 0.284, 0.285, 0.287, 0.289, 0.292, 0.297, 0.302, 0.31, 0.32, 0.332, 0.347, 0.366, 0.389, 0.414, 0.441, 0.47, 0.498, 0.525, 0.55, 0.571, 0.588, 0.603, 0.614, 0.623, 0.63, 0.635, 0.639, 0.642, 0.644, 0.646, 0.647, 0.648, 0.648, 0.649, 0.649, 0.649, 0.649, 0.65, 0.65, 0.65, 0.65, 0.65, 0.65, 0.65, 0.65, 0.65, 0.65, 0.65, 0.65, 0.65, 0.65, 0.65, 0.65, 0.65, 0.65, 0.65, 0.65, 0.65, 0.65, 0.65, 0.65, 0.65, 0.65, 0.65, 0.65, 0.65, 0.65, 0.65, 0.65, 0.65], params=[0.22, -6.61, 0.28, 0.35], fit_error=[0.039, 0.109, 0.092, 0.131, 0.101, 0.118, 0.109, 0.12, 0.044])",[-70.  -8.  -4.  -2.   0.   2.   4.   8.  70.],"[0.271, 0.5, 0.357, 0.6, 0.714, 0.474, 0.65, 0.688, 0.606]","[0.28, 0.28, 0.28, 0.28, 0.28, 0.28, 0.28, 0.28, 0.28, 0.28, 0.28, 0.28, 0.28, 0.28, 0.28, 0.28, 0.28, 0.28, 0.28, 0.28, 0.28, 0.28, 0.28, 0.28, 0.281, 0.281, 0.281, 0.281, 0.282, 0.283, 0.284, 0.285, 0.287, 0.289, 0.292, 0.297, 0.302, 0.31, 0.32, 0.332, 0.347, 0.366, 0.389, 0.414, 0.441, 0.47, 0.498, 0.525, 0.55, 0.571, 0.588, 0.603, 0.614, 0.623, 0.63, 0.635, 0.639, 0.642, 0.644, 0.646, 0.647, 0.648, 0.648, 0.649, 0.649, 0.649, 0.649, 0.65, 0.65, 0.65, 0.65, 0.65, 0.65, 0.65, 0.65, 0.65, 0.65, 0.65, 0.65, 0.65, 0.65, 0.65, 0.65, 0.65, 0.65, 0.65, 0.65, 0.65, 0.65, 0.65, 0.65, 0.65, 0.65, 0.65, 0.65, 0.65, 0.65, 0.65, 0.65, 0.65]","[0.039, 0.109, 0.092, 0.131, 0.101, 0.118, 0.109, 0.12, 0.044]","[0.22, -6.61, 0.28, 0.35]",0.22,-6.61,0.28,0.35,"psych_curve(xdata=array([-70.,  -8.,  -4.,  -2.,  -0.,   2.,   4.,   8.,  70.]), ydata=[0.566, 0.471, 0.5, 0.7, 0.429, 0.692, 0.769, 0.65, 0.881], fit=[nan, nan, nan, nan, nan, nan, nan, nan, nan, nan, nan, nan, nan, nan, nan, nan, nan, nan, nan, nan, nan, nan, nan, nan, nan, nan, nan, nan, nan, nan, nan, nan, nan, nan, nan, nan, nan, nan, nan, nan, nan, nan, nan, nan, nan, nan, nan, nan, nan, nan, nan, nan, nan, nan, nan, nan, nan, nan, nan, nan, nan, nan, nan, nan, nan, nan, nan, nan, nan, nan, nan, nan, nan, nan, nan, nan, nan, nan, nan, nan, nan, nan, nan, nan, nan, nan, nan, nan, nan, nan, nan, nan, nan, nan, nan, nan, nan, nan, nan, nan], params=[7.56, 1.9, 0.53, 0.23], fit_error=[0.045, 0.125, 0.109, 0.105, 0.111, 0.133, 0.084, 0.109, 0.028])",[-70.  -8.  -4.  -2.   0.   2.   4.   8.  70.],"[0.271, 0.5, 0.357, 0.6, 0.714, 0.474, 0.65, 0.688, 0.606]","[0.28, 0.28, 0.28, 0.28, 0.28, 0.28, 0.28, 0.28, 0.28, 0.28, 0.28, 0.28, 0.28, 0.28, 0.28, 0.28, 0.28, 0.28, 0.28, 0.28, 0.28, 0.28, 0.28, 0.28, 0.281, 0.281, 0.281, 0.281, 0.282, 0.283, 0.284, 0.285, 0.287, 0.289, 0.292, 0.297, 0.302, 0.31, 0.32, 0.332, 0.347, 0.366, 0.389, 0.414, 0.441, 0.47, 0.498, 0.525, 0.55, 0.571, 0.588, 0.603, 0.614, 0.623, 0.63, 0.635, 0.639, 0.642, 0.644, 0.646, 0.647, 0.648, 0.648, 0.649, 0.649, 0.649, 0.649, 0.65, 0.65, 0.65, 0.65, 0.65, 0.65, 0.65, 0.65, 0.65, 0.65, 0.65, 0.65, 0.65, 0.65, 0.65, 0.65, 0.65, 0.65, 0.65, 0.65, 0.65, 0.65, 0.65, 0.65, 0.65, 0.65, 0.65, 0.65, 0.65, 0.65, 0.65, 0.65, 0.65]","[0.039, 0.109, 0.092, 0.131, 0.101, 0.118, 0.109, 0.12, 0.044]","[7.56, 1.9, 0.53, 0.23]",7.56,1.9,0.53,0.23,
