Dates,DoW,Age,Subject,Board,Trials,TrialsLeft,TrialsRight,ChoseLeft,ChoseRight,Hits,HitsLeft,HitsRight,HitsRep,HitsAlt,Errors,ErrorsLeft,ErrorsRight,Performance,PerformanceLeft,PerformanceRight,Responses,ResponsesLeft,ResponsesRight,Repetitions,RepsLeft,RepsRight,RepRateLeft,RepRateRight,Alternations,AltsLeft,AltsRight,AltRateLeft,AltRateRight,Accuracy,AccuracyLeft,AccuracyRight,AccMaxEvi,LateralBias,AccuracyRep,AccuracyAlt,RepBias,CorrRepBias,CorrAltBias,Misses,MissesLeft,MissesRight,MissRate,MissRateLeft,MissRateRight,Rewards,RewardsLeft,RewardsRight,Water,WaterLeft,WaterRight,Stage,SoundsMismatch,NoSound,MessageCount,VarDelay,PCRight,xPCRight,yPCRight,FitPCRight,FitErrorPCRight,ParamsPCRight,SensitivityPCRight,BiasPCRight,LapseRight,LapseLeft,PCRep,xPCRep,yPCRep,FitPCRep,FitErrorPCRep,ParamsPCRep,SensitivityPCRep,BiasPCRep,LapseRep,LapseAlt
2023-03-06,0,102,807,['Bpod4'],661,311,350,361,286,308,196,112,170,135,339,110,229,0.4659606656580938,0.6302250803858521,0.32,647,306,341,335,204,131,0.5650969529085873,0.458041958041958,302,151,151,0.4182825484764543,0.527972027972028,0.4760432766615147,0.6405228758169934,0.3284457478005865,0.4760432766615147,-0.3120771280164069,0.5074626865671642,0.4470198675496689,0.06044281901749532,0.5115694554752727,0.47312728822424116,14,5,9,0.02118003025718608,0.01607717041800643,0.025714285714285714,474,247,227,1185.0,617.5,567.5,0,0,0,1,0.5,"psych_curve(xdata=array([-70.,  70.]), ydata=[0.193, 0.666], fit=[0.19, 0.19, 0.19, 0.19, 0.19, 0.19, 0.19, 0.19, 0.19, 0.19, 0.19, 0.19, 0.19, 0.19, 0.19, 0.19, 0.19, 0.19, 0.19, 0.19, 0.19, 0.19, 0.19, 0.19, 0.19, 0.19, 0.19, 0.19, 0.19, 0.19, 0.19, 0.19, 0.19, 0.19, 0.19, 0.19, 0.19, 0.19, 0.19, 0.19, 0.19, 0.19, 0.19, 0.19, 0.19, 0.19, 0.191, 0.195, 0.21, 0.264, 0.395, 0.552, 0.635, 0.661, 0.668, 0.669, 0.67, 0.67, 0.67, 0.67, 0.67, 0.67, 0.67, 0.67, 0.67, 0.67, 0.67, 0.67, 0.67, 0.67, 0.67, 0.67, 0.67, 0.67, 0.67, 0.67, 0.67, 0.67, 0.67, 0.67, 0.67, 0.67, 0.67, 0.67, 0.67, 0.67, 0.67, 0.67, 0.67, 0.67, 0.67, 0.67, 0.67, 0.67, 0.67, 0.67, 0.67, 0.67, 0.67, 0.67], params=[1.0, 1.0, 0.19, 0.33], fit_error=[0.023, 0.026])",[-70.  70.],"[0.193, 0.666]","[0.19, 0.19, 0.19, 0.19, 0.19, 0.19, 0.19, 0.19, 0.19, 0.19, 0.19, 0.19, 0.19, 0.19, 0.19, 0.19, 0.19, 0.19, 0.19, 0.19, 0.19, 0.19, 0.19, 0.19, 0.19, 0.19, 0.19, 0.19, 0.19, 0.19, 0.19, 0.19, 0.19, 0.19, 0.19, 0.19, 0.19, 0.19, 0.19, 0.19, 0.19, 0.19, 0.19, 0.19, 0.19, 0.19, 0.191, 0.195, 0.21, 0.264, 0.395, 0.552, 0.635, 0.661, 0.668, 0.669, 0.67, 0.67, 0.67, 0.67, 0.67, 0.67, 0.67, 0.67, 0.67, 0.67, 0.67, 0.67, 0.67, 0.67, 0.67, 0.67, 0.67, 0.67, 0.67, 0.67, 0.67, 0.67, 0.67, 0.67, 0.67, 0.67, 0.67, 0.67, 0.67, 0.67, 0.67, 0.67, 0.67, 0.67, 0.67, 0.67, 0.67, 0.67, 0.67, 0.67, 0.67, 0.67, 0.67, 0.67]","[0.023, 0.026]","[1.0, 1.0, 0.19, 0.33]",1.0,1.0,0.19,0.33,"psych_curve(xdata=array([-70.,  70.]), ydata=[0.308, 0.782], fit=[nan, nan, nan, nan, nan, nan, nan, nan, nan, nan, nan, nan, nan, nan, nan, nan, nan, nan, nan, nan, nan, nan, nan, nan, nan, nan, nan, nan, nan, nan, nan, nan, nan, nan, nan, nan, nan, nan, nan, nan, nan, nan, nan, nan, nan, nan, nan, nan, nan, nan, nan, nan, nan, nan, nan, nan, nan, nan, nan, nan, nan, nan, nan, nan, nan, nan, nan, nan, nan, nan, nan, nan, nan, nan, nan, nan, nan, nan, nan, nan, nan, nan, nan, nan, nan, nan, nan, nan, nan, nan, nan, nan, nan, nan, nan, nan, nan, nan, nan, nan], params=[1.0, 1.0, 0.31, 0.22], fit_error=[0.025, 0.024])",[-70.  70.],"[0.193, 0.666]","[0.19, 0.19, 0.19, 0.19, 0.19, 0.19, 0.19, 0.19, 0.19, 0.19, 0.19, 0.19, 0.19, 0.19, 0.19, 0.19, 0.19, 0.19, 0.19, 0.19, 0.19, 0.19, 0.19, 0.19, 0.19, 0.19, 0.19, 0.19, 0.19, 0.19, 0.19, 0.19, 0.19, 0.19, 0.19, 0.19, 0.19, 0.19, 0.19, 0.19, 0.19, 0.19, 0.19, 0.19, 0.19, 0.19, 0.191, 0.195, 0.21, 0.264, 0.395, 0.552, 0.635, 0.661, 0.668, 0.669, 0.67, 0.67, 0.67, 0.67, 0.67, 0.67, 0.67, 0.67, 0.67, 0.67, 0.67, 0.67, 0.67, 0.67, 0.67, 0.67, 0.67, 0.67, 0.67, 0.67, 0.67, 0.67, 0.67, 0.67, 0.67, 0.67, 0.67, 0.67, 0.67, 0.67, 0.67, 0.67, 0.67, 0.67, 0.67, 0.67, 0.67, 0.67, 0.67, 0.67, 0.67, 0.67, 0.67, 0.67]","[0.023, 0.026]","[1.0, 1.0, 0.31, 0.22]",1.0,1.0,0.31,0.22
2023-03-07,1,103,807,['Bpod4'],695,349,346,367,298,333,218,115,176,146,332,119,213,0.479136690647482,0.6246418338108882,0.33236994219653176,665,337,328,320,193,127,0.5258855585831063,0.4261744966442953,325,161,164,0.43869209809264303,0.5503355704697986,0.5007518796992482,0.6468842729970327,0.35060975609756095,0.5007518796992482,-0.2962745168994717,0.55,0.4492307692307692,0.10076923076923083,0.4760300276137008,0.49451383428122087,30,12,18,0.04316546762589928,0.034383954154727794,0.05202312138728324,533,286,247,1332.5,715.0,617.5,0,0,0,1,0.5,"psych_curve(xdata=array([-70.,  70.]), ydata=[0.151, 0.753], fit=[0.15, 0.15, 0.15, 0.15, 0.15, 0.15, 0.15, 0.15, 0.15, 0.15, 0.15, 0.15, 0.15, 0.15, 0.15, 0.15, 0.15, 0.15, 0.15, 0.15, 0.15, 0.15, 0.15, 0.15, 0.15, 0.15, 0.15, 0.15, 0.15, 0.15, 0.15, 0.15, 0.15, 0.15, 0.15, 0.15, 0.15, 0.15, 0.15, 0.15, 0.15, 0.15, 0.15, 0.15, 0.15, 0.15, 0.152, 0.156, 0.175, 0.242, 0.406, 0.603, 0.706, 0.739, 0.747, 0.749, 0.75, 0.75, 0.75, 0.75, 0.75, 0.75, 0.75, 0.75, 0.75, 0.75, 0.75, 0.75, 0.75, 0.75, 0.75, 0.75, 0.75, 0.75, 0.75, 0.75, 0.75, 0.75, 0.75, 0.75, 0.75, 0.75, 0.75, 0.75, 0.75, 0.75, 0.75, 0.75, 0.75, 0.75, 0.75, 0.75, 0.75, 0.75, 0.75, 0.75, 0.75, 0.75, 0.75, 0.75], params=[1.0, 1.0, 0.15, 0.25], fit_error=[0.02, 0.024])",[-70.  70.],"[0.151, 0.753]","[0.15, 0.15, 0.15, 0.15, 0.15, 0.15, 0.15, 0.15, 0.15, 0.15, 0.15, 0.15, 0.15, 0.15, 0.15, 0.15, 0.15, 0.15, 0.15, 0.15, 0.15, 0.15, 0.15, 0.15, 0.15, 0.15, 0.15, 0.15, 0.15, 0.15, 0.15, 0.15, 0.15, 0.15, 0.15, 0.15, 0.15, 0.15, 0.15, 0.15, 0.15, 0.15, 0.15, 0.15, 0.15, 0.15, 0.152, 0.156, 0.175, 0.242, 0.406, 0.603, 0.706, 0.739, 0.747, 0.749, 0.75, 0.75, 0.75, 0.75, 0.75, 0.75, 0.75, 0.75, 0.75, 0.75, 0.75, 0.75, 0.75, 0.75, 0.75, 0.75, 0.75, 0.75, 0.75, 0.75, 0.75, 0.75, 0.75, 0.75, 0.75, 0.75, 0.75, 0.75, 0.75, 0.75, 0.75, 0.75, 0.75, 0.75, 0.75, 0.75, 0.75, 0.75, 0.75, 0.75, 0.75, 0.75, 0.75, 0.75]","[0.02, 0.024]","[1.0, 1.0, 0.15, 0.25]",1.0,1.0,0.15,0.25,"psych_curve(xdata=array([-70.,  70.]), ydata=[0.201, 0.804], fit=[nan, nan, nan, nan, nan, nan, nan, nan, nan, nan, nan, nan, nan, nan, nan, nan, nan, nan, nan, nan, nan, nan, nan, nan, nan, nan, nan, nan, nan, nan, nan, nan, nan, nan, nan, nan, nan, nan, nan, nan, nan, nan, nan, nan, nan, nan, nan, nan, nan, nan, nan, nan, nan, nan, nan, nan, nan, nan, nan, nan, nan, nan, nan, nan, nan, nan, nan, nan, nan, nan, nan, nan, nan, nan, nan, nan, nan, nan, nan, nan, nan, nan, nan, nan, nan, nan, nan, nan, nan, nan, nan, nan, nan, nan, nan, nan, nan, nan, nan, nan], params=[1.0, 1.0, 0.2, 0.2], fit_error=[0.022, 0.022])",[-70.  70.],"[0.151, 0.753]","[0.15, 0.15, 0.15, 0.15, 0.15, 0.15, 0.15, 0.15, 0.15, 0.15, 0.15, 0.15, 0.15, 0.15, 0.15, 0.15, 0.15, 0.15, 0.15, 0.15, 0.15, 0.15, 0.15, 0.15, 0.15, 0.15, 0.15, 0.15, 0.15, 0.15, 0.15, 0.15, 0.15, 0.15, 0.15, 0.15, 0.15, 0.15, 0.15, 0.15, 0.15, 0.15, 0.15, 0.15, 0.15, 0.15, 0.152, 0.156, 0.175, 0.242, 0.406, 0.603, 0.706, 0.739, 0.747, 0.749, 0.75, 0.75, 0.75, 0.75, 0.75, 0.75, 0.75, 0.75, 0.75, 0.75, 0.75, 0.75, 0.75, 0.75, 0.75, 0.75, 0.75, 0.75, 0.75, 0.75, 0.75, 0.75, 0.75, 0.75, 0.75, 0.75, 0.75, 0.75, 0.75, 0.75, 0.75, 0.75, 0.75, 0.75, 0.75, 0.75, 0.75, 0.75, 0.75, 0.75, 0.75, 0.75, 0.75, 0.75]","[0.02, 0.024]","[1.0, 1.0, 0.2, 0.2]",1.0,1.0,0.2,0.2
2023-03-08,2,104,807,['Bpod4'],819,399,420,306,242,373,211,162,241,77,175,75,100,0.4554334554334554,0.5288220551378446,0.38571428571428573,548,286,262,333,203,130,0.6633986928104575,0.5371900826446281,129,66,63,0.21568627450980393,0.2603305785123967,0.6806569343065694,0.7377622377622378,0.6183206106870229,0.6806569343065694,-0.11944162707521488,0.7237237237237237,0.5968992248062015,0.12682449891752223,0.6002943877275428,0.23800842651110032,271,113,158,0.3308913308913309,0.2832080200501253,0.3761904761904762,402,223,179,1005.0,557.5,447.5,0,0,0,2,0.5,"psych_curve(xdata=array([-70.,  70.]), ydata=[0.22, 0.683], fit=[0.22, 0.22, 0.22, 0.22, 0.22, 0.22, 0.22, 0.22, 0.22, 0.22, 0.22, 0.22, 0.22, 0.22, 0.22, 0.22, 0.22, 0.22, 0.22, 0.22, 0.22, 0.22, 0.22, 0.22, 0.22, 0.22, 0.22, 0.22, 0.22, 0.22, 0.22, 0.22, 0.22, 0.22, 0.22, 0.22, 0.22, 0.22, 0.22, 0.22, 0.22, 0.22, 0.22, 0.22, 0.22, 0.22, 0.221, 0.225, 0.239, 0.291, 0.417, 0.567, 0.646, 0.671, 0.678, 0.679, 0.68, 0.68, 0.68, 0.68, 0.68, 0.68, 0.68, 0.68, 0.68, 0.68, 0.68, 0.68, 0.68, 0.68, 0.68, 0.68, 0.68, 0.68, 0.68, 0.68, 0.68, 0.68, 0.68, 0.68, 0.68, 0.68, 0.68, 0.68, 0.68, 0.68, 0.68, 0.68, 0.68, 0.68, 0.68, 0.68, 0.68, 0.68, 0.68, 0.68, 0.68, 0.68, 0.68, 0.68], params=[1.0, 1.0, 0.22, 0.32], fit_error=[0.025, 0.029])",[-70.  70.],"[0.22, 0.683]","[0.22, 0.22, 0.22, 0.22, 0.22, 0.22, 0.22, 0.22, 0.22, 0.22, 0.22, 0.22, 0.22, 0.22, 0.22, 0.22, 0.22, 0.22, 0.22, 0.22, 0.22, 0.22, 0.22, 0.22, 0.22, 0.22, 0.22, 0.22, 0.22, 0.22, 0.22, 0.22, 0.22, 0.22, 0.22, 0.22, 0.22, 0.22, 0.22, 0.22, 0.22, 0.22, 0.22, 0.22, 0.22, 0.22, 0.221, 0.225, 0.239, 0.291, 0.417, 0.567, 0.646, 0.671, 0.678, 0.679, 0.68, 0.68, 0.68, 0.68, 0.68, 0.68, 0.68, 0.68, 0.68, 0.68, 0.68, 0.68, 0.68, 0.68, 0.68, 0.68, 0.68, 0.68, 0.68, 0.68, 0.68, 0.68, 0.68, 0.68, 0.68, 0.68, 0.68, 0.68, 0.68, 0.68, 0.68, 0.68, 0.68, 0.68, 0.68, 0.68, 0.68, 0.68, 0.68, 0.68, 0.68, 0.68, 0.68, 0.68]","[0.025, 0.029]","[1.0, 1.0, 0.22, 0.32]",1.0,1.0,0.22,0.32,"psych_curve(xdata=array([-70.,  70.]), ydata=[0.476, 0.861], fit=[nan, nan, nan, nan, nan, nan, nan, nan, nan, nan, nan, nan, nan, nan, nan, nan, nan, nan, nan, nan, nan, nan, nan, nan, nan, nan, nan, nan, nan, nan, nan, nan, nan, nan, nan, nan, nan, nan, nan, nan, nan, nan, nan, nan, nan, nan, nan, nan, nan, nan, nan, nan, nan, nan, nan, nan, nan, nan, nan, nan, nan, nan, nan, nan, nan, nan, nan, nan, nan, nan, nan, nan, nan, nan, nan, nan, nan, nan, nan, nan, nan, nan, nan, nan, nan, nan, nan, nan, nan, nan, nan, nan, nan, nan, nan, nan, nan, nan, nan, nan], params=[1.0, 1.0, 0.48, 0.14], fit_error=[0.039, 0.02])",[-70.  70.],"[0.22, 0.683]","[0.22, 0.22, 0.22, 0.22, 0.22, 0.22, 0.22, 0.22, 0.22, 0.22, 0.22, 0.22, 0.22, 0.22, 0.22, 0.22, 0.22, 0.22, 0.22, 0.22, 0.22, 0.22, 0.22, 0.22, 0.22, 0.22, 0.22, 0.22, 0.22, 0.22, 0.22, 0.22, 0.22, 0.22, 0.22, 0.22, 0.22, 0.22, 0.22, 0.22, 0.22, 0.22, 0.22, 0.22, 0.22, 0.22, 0.221, 0.225, 0.239, 0.291, 0.417, 0.567, 0.646, 0.671, 0.678, 0.679, 0.68, 0.68, 0.68, 0.68, 0.68, 0.68, 0.68, 0.68, 0.68, 0.68, 0.68, 0.68, 0.68, 0.68, 0.68, 0.68, 0.68, 0.68, 0.68, 0.68, 0.68, 0.68, 0.68, 0.68, 0.68, 0.68, 0.68, 0.68, 0.68, 0.68, 0.68, 0.68, 0.68, 0.68, 0.68, 0.68, 0.68, 0.68, 0.68, 0.68, 0.68, 0.68, 0.68, 0.68]","[0.025, 0.029]","[1.0, 1.0, 0.48, 0.14]",1.0,1.0,0.48,0.14
2023-03-09,3,105,807,['Bpod4'],485,240,245,240,237,268,166,102,197,67,209,70,139,0.5525773195876289,0.6916666666666667,0.4163265306122449,477,236,241,312,157,155,0.6541666666666667,0.6540084388185654,157,79,78,0.32916666666666666,0.3291139240506329,0.5618448637316562,0.7033898305084746,0.42323651452282157,0.5618448637316562,-0.280153315985653,0.6314102564102564,0.4267515923566879,0.20465866405356847,0.654087552742616,0.32914029535864975,8,4,4,0.016494845360824743,0.016666666666666666,0.0163265306122449,445,222,223,1112.5,555.0,557.5,0,0,0,2,0.5,"psych_curve(xdata=array([-70.,  70.]), ydata=[0.059, 0.925], fit=[0.06, 0.06, 0.06, 0.06, 0.06, 0.06, 0.06, 0.06, 0.06, 0.06, 0.06, 0.06, 0.06, 0.06, 0.06, 0.06, 0.06, 0.06, 0.06, 0.06, 0.06, 0.06, 0.06, 0.06, 0.06, 0.06, 0.06, 0.06, 0.06, 0.06, 0.06, 0.06, 0.06, 0.06, 0.06, 0.06, 0.06, 0.06, 0.06, 0.06, 0.06, 0.06, 0.06, 0.06, 0.06, 0.061, 0.062, 0.069, 0.097, 0.194, 0.432, 0.716, 0.866, 0.914, 0.926, 0.929, 0.93, 0.93, 0.93, 0.93, 0.93, 0.93, 0.93, 0.93, 0.93, 0.93, 0.93, 0.93, 0.93, 0.93, 0.93, 0.93, 0.93, 0.93, 0.93, 0.93, 0.93, 0.93, 0.93, 0.93, 0.93, 0.93, 0.93, 0.93, 0.93, 0.93, 0.93, 0.93, 0.93, 0.93, 0.93, 0.93, 0.93, 0.93, 0.93, 0.93, 0.93, 0.93, 0.93, 0.93], params=[1.0, 1.0, 0.06, 0.07], fit_error=[0.015, 0.017])",[-70.  70.],"[0.059, 0.925]","[0.06, 0.06, 0.06, 0.06, 0.06, 0.06, 0.06, 0.06, 0.06, 0.06, 0.06, 0.06, 0.06, 0.06, 0.06, 0.06, 0.06, 0.06, 0.06, 0.06, 0.06, 0.06, 0.06, 0.06, 0.06, 0.06, 0.06, 0.06, 0.06, 0.06, 0.06, 0.06, 0.06, 0.06, 0.06, 0.06, 0.06, 0.06, 0.06, 0.06, 0.06, 0.06, 0.06, 0.06, 0.06, 0.061, 0.062, 0.069, 0.097, 0.194, 0.432, 0.716, 0.866, 0.914, 0.926, 0.929, 0.93, 0.93, 0.93, 0.93, 0.93, 0.93, 0.93, 0.93, 0.93, 0.93, 0.93, 0.93, 0.93, 0.93, 0.93, 0.93, 0.93, 0.93, 0.93, 0.93, 0.93, 0.93, 0.93, 0.93, 0.93, 0.93, 0.93, 0.93, 0.93, 0.93, 0.93, 0.93, 0.93, 0.93, 0.93, 0.93, 0.93, 0.93, 0.93, 0.93, 0.93, 0.93, 0.93, 0.93]","[0.015, 0.017]","[1.0, 1.0, 0.06, 0.07]",1.0,1.0,0.06,0.07,"psych_curve(xdata=array([-70.,  70.]), ydata=[0.092, 0.943], fit=[nan, nan, nan, nan, nan, nan, nan, nan, nan, nan, nan, nan, nan, nan, nan, nan, nan, nan, nan, nan, nan, nan, nan, nan, nan, nan, nan, nan, nan, nan, nan, nan, nan, nan, nan, nan, nan, nan, nan, nan, nan, nan, nan, nan, nan, nan, nan, nan, nan, nan, nan, nan, nan, nan, nan, nan, nan, nan, nan, nan, nan, nan, nan, nan, nan, nan, nan, nan, nan, nan, nan, nan, nan, nan, nan, nan, nan, nan, nan, nan, nan, nan, nan, nan, nan, nan, nan, nan, nan, nan, nan, nan, nan, nan, nan, nan, nan, nan, nan, nan], params=[1.0, 1.0, 0.09, 0.06], fit_error=[0.023, 0.013])",[-70.  70.],"[0.059, 0.925]","[0.06, 0.06, 0.06, 0.06, 0.06, 0.06, 0.06, 0.06, 0.06, 0.06, 0.06, 0.06, 0.06, 0.06, 0.06, 0.06, 0.06, 0.06, 0.06, 0.06, 0.06, 0.06, 0.06, 0.06, 0.06, 0.06, 0.06, 0.06, 0.06, 0.06, 0.06, 0.06, 0.06, 0.06, 0.06, 0.06, 0.06, 0.06, 0.06, 0.06, 0.06, 0.06, 0.06, 0.06, 0.06, 0.061, 0.062, 0.069, 0.097, 0.194, 0.432, 0.716, 0.866, 0.914, 0.926, 0.929, 0.93, 0.93, 0.93, 0.93, 0.93, 0.93, 0.93, 0.93, 0.93, 0.93, 0.93, 0.93, 0.93, 0.93, 0.93, 0.93, 0.93, 0.93, 0.93, 0.93, 0.93, 0.93, 0.93, 0.93, 0.93, 0.93, 0.93, 0.93, 0.93, 0.93, 0.93, 0.93, 0.93, 0.93, 0.93, 0.93, 0.93, 0.93, 0.93, 0.93, 0.93, 0.93, 0.93, 0.93]","[0.015, 0.017]","[1.0, 1.0, 0.09, 0.06]",1.0,1.0,0.09,0.06
2023-03-10,4,106,807,['Bpod4'],510,250,260,251,229,343,207,136,302,31,137,32,105,0.6725490196078432,0.828,0.5230769230769231,480,239,241,408,212,196,0.8446215139442231,0.8558951965065502,55,27,28,0.10756972111553785,0.1222707423580786,0.7145833333333333,0.8661087866108786,0.5643153526970954,0.7145833333333333,-0.3017934339137832,0.7401960784313726,0.5636363636363636,0.17655971479500898,0.8502583552253866,0.11492023173680822,30,11,19,0.058823529411764705,0.044,0.07307692307692308,458,234,224,1145.0,585.0,560.0,0,0,0,1,0.5,"psych_curve(xdata=array([-70.,  70.]), ydata=[0.021, 0.929], fit=[0.02, 0.02, 0.02, 0.02, 0.02, 0.02, 0.02, 0.02, 0.02, 0.02, 0.02, 0.02, 0.02, 0.02, 0.02, 0.02, 0.02, 0.02, 0.02, 0.02, 0.02, 0.02, 0.02, 0.02, 0.02, 0.02, 0.02, 0.02, 0.02, 0.02, 0.02, 0.02, 0.02, 0.02, 0.02, 0.02, 0.02, 0.02, 0.02, 0.02, 0.02, 0.02, 0.02, 0.02, 0.02, 0.021, 0.022, 0.03, 0.058, 0.16, 0.409, 0.706, 0.863, 0.913, 0.926, 0.929, 0.93, 0.93, 0.93, 0.93, 0.93, 0.93, 0.93, 0.93, 0.93, 0.93, 0.93, 0.93, 0.93, 0.93, 0.93, 0.93, 0.93, 0.93, 0.93, 0.93, 0.93, 0.93, 0.93, 0.93, 0.93, 0.93, 0.93, 0.93, 0.93, 0.93, 0.93, 0.93, 0.93, 0.93, 0.93, 0.93, 0.93, 0.93, 0.93, 0.93, 0.93, 0.93, 0.93, 0.93], params=[1.0, 1.0, 0.02, 0.07], fit_error=[0.009, 0.017])",[-70.  70.],"[0.021, 0.929]","[0.02, 0.02, 0.02, 0.02, 0.02, 0.02, 0.02, 0.02, 0.02, 0.02, 0.02, 0.02, 0.02, 0.02, 0.02, 0.02, 0.02, 0.02, 0.02, 0.02, 0.02, 0.02, 0.02, 0.02, 0.02, 0.02, 0.02, 0.02, 0.02, 0.02, 0.02, 0.02, 0.02, 0.02, 0.02, 0.02, 0.02, 0.02, 0.02, 0.02, 0.02, 0.02, 0.02, 0.02, 0.02, 0.021, 0.022, 0.03, 0.058, 0.16, 0.409, 0.706, 0.863, 0.913, 0.926, 0.929, 0.93, 0.93, 0.93, 0.93, 0.93, 0.93, 0.93, 0.93, 0.93, 0.93, 0.93, 0.93, 0.93, 0.93, 0.93, 0.93, 0.93, 0.93, 0.93, 0.93, 0.93, 0.93, 0.93, 0.93, 0.93, 0.93, 0.93, 0.93, 0.93, 0.93, 0.93, 0.93, 0.93, 0.93, 0.93, 0.93, 0.93, 0.93, 0.93, 0.93, 0.93, 0.93, 0.93, 0.93]","[0.009, 0.017]","[1.0, 1.0, 0.02, 0.07]",1.0,1.0,0.02,0.07,"psych_curve(xdata=array([-70.,  70.]), ydata=[0.2, 0.983], fit=[nan, nan, nan, nan, nan, nan, nan, nan, nan, nan, nan, nan, nan, nan, nan, nan, nan, nan, nan, nan, nan, nan, nan, nan, nan, nan, nan, nan, nan, nan, nan, nan, nan, nan, nan, nan, nan, nan, nan, nan, nan, nan, nan, nan, nan, nan, nan, nan, nan, nan, nan, nan, nan, nan, nan, nan, nan, nan, nan, nan, nan, nan, nan, nan, nan, nan, nan, nan, nan, nan, nan, nan, nan, nan, nan, nan, nan, nan, nan, nan, nan, nan, nan, nan, nan, nan, nan, nan, nan, nan, nan, nan, nan, nan, nan, nan, nan, nan, nan, nan], params=[1.0, 1.0, 0.2, 0.02], fit_error=[0.052, 0.007])",[-70.  70.],"[0.021, 0.929]","[0.02, 0.02, 0.02, 0.02, 0.02, 0.02, 0.02, 0.02, 0.02, 0.02, 0.02, 0.02, 0.02, 0.02, 0.02, 0.02, 0.02, 0.02, 0.02, 0.02, 0.02, 0.02, 0.02, 0.02, 0.02, 0.02, 0.02, 0.02, 0.02, 0.02, 0.02, 0.02, 0.02, 0.02, 0.02, 0.02, 0.02, 0.02, 0.02, 0.02, 0.02, 0.02, 0.02, 0.02, 0.02, 0.021, 0.022, 0.03, 0.058, 0.16, 0.409, 0.706, 0.863, 0.913, 0.926, 0.929, 0.93, 0.93, 0.93, 0.93, 0.93, 0.93, 0.93, 0.93, 0.93, 0.93, 0.93, 0.93, 0.93, 0.93, 0.93, 0.93, 0.93, 0.93, 0.93, 0.93, 0.93, 0.93, 0.93, 0.93, 0.93, 0.93, 0.93, 0.93, 0.93, 0.93, 0.93, 0.93, 0.93, 0.93, 0.93, 0.93, 0.93, 0.93, 0.93, 0.93, 0.93, 0.93, 0.93, 0.93]","[0.009, 0.017]","[1.0, 1.0, 0.2, 0.02]",1.0,1.0,0.2,0.02
2023-03-13,0,109,807,['Bpod4'],521,260,261,247,251,266,186,80,144,115,232,61,171,0.510556621880998,0.7153846153846154,0.3065134099616858,498,247,251,239,116,123,0.46963562753036436,0.4900398406374502,242,121,121,0.4898785425101215,0.4820717131474104,0.5341365461847389,0.7530364372469636,0.3187250996015936,0.5341365461847389,-0.43431133764536994,0.602510460251046,0.47520661157024796,0.12730384868079808,0.4798377340839073,0.48597512782876595,23,13,10,0.044145873320537425,0.05,0.038314176245210725,486,241,245,1215.0,602.5,612.5,0,0,0,1,0.5,"psych_curve(xdata=array([-70.,  70.]), ydata=[0.024, 0.976], fit=[0.02, 0.02, 0.02, 0.02, 0.02, 0.02, 0.02, 0.02, 0.02, 0.02, 0.02, 0.02, 0.02, 0.02, 0.02, 0.02, 0.02, 0.02, 0.02, 0.02, 0.02, 0.02, 0.02, 0.02, 0.02, 0.02, 0.02, 0.02, 0.02, 0.02, 0.02, 0.02, 0.02, 0.02, 0.02, 0.02, 0.02, 0.02, 0.02, 0.02, 0.02, 0.02, 0.02, 0.02, 0.02, 0.021, 0.022, 0.03, 0.061, 0.167, 0.43, 0.744, 0.91, 0.962, 0.976, 0.979, 0.98, 0.98, 0.98, 0.98, 0.98, 0.98, 0.98, 0.98, 0.98, 0.98, 0.98, 0.98, 0.98, 0.98, 0.98, 0.98, 0.98, 0.98, 0.98, 0.98, 0.98, 0.98, 0.98, 0.98, 0.98, 0.98, 0.98, 0.98, 0.98, 0.98, 0.98, 0.98, 0.98, 0.98, 0.98, 0.98, 0.98, 0.98, 0.98, 0.98, 0.98, 0.98, 0.98, 0.98], params=[1.0, 1.0, 0.02, 0.02], fit_error=[0.01, 0.01])",[-70.  70.],"[0.024, 0.976]","[0.02, 0.02, 0.02, 0.02, 0.02, 0.02, 0.02, 0.02, 0.02, 0.02, 0.02, 0.02, 0.02, 0.02, 0.02, 0.02, 0.02, 0.02, 0.02, 0.02, 0.02, 0.02, 0.02, 0.02, 0.02, 0.02, 0.02, 0.02, 0.02, 0.02, 0.02, 0.02, 0.02, 0.02, 0.02, 0.02, 0.02, 0.02, 0.02, 0.02, 0.02, 0.02, 0.02, 0.02, 0.02, 0.021, 0.022, 0.03, 0.061, 0.167, 0.43, 0.744, 0.91, 0.962, 0.976, 0.979, 0.98, 0.98, 0.98, 0.98, 0.98, 0.98, 0.98, 0.98, 0.98, 0.98, 0.98, 0.98, 0.98, 0.98, 0.98, 0.98, 0.98, 0.98, 0.98, 0.98, 0.98, 0.98, 0.98, 0.98, 0.98, 0.98, 0.98, 0.98, 0.98, 0.98, 0.98, 0.98, 0.98, 0.98, 0.98, 0.98, 0.98, 0.98, 0.98, 0.98, 0.98, 0.98, 0.98, 0.98]","[0.01, 0.01]","[1.0, 1.0, 0.02, 0.02]",1.0,1.0,0.02,0.02,"psych_curve(xdata=array([-70.,  70.]), ydata=[0.032, 0.991], fit=[nan, nan, nan, nan, nan, nan, nan, nan, nan, nan, nan, nan, nan, nan, nan, nan, nan, nan, nan, nan, nan, nan, nan, nan, nan, nan, nan, nan, nan, nan, nan, nan, nan, nan, nan, nan, nan, nan, nan, nan, nan, nan, nan, nan, nan, nan, nan, nan, nan, nan, nan, nan, nan, nan, nan, nan, nan, nan, nan, nan, nan, nan, nan, nan, nan, nan, nan, nan, nan, nan, nan, nan, nan, nan, nan, nan, nan, nan, nan, nan, nan, nan, nan, nan, nan, nan, nan, nan, nan, nan, nan, nan, nan, nan, nan, nan, nan, nan, nan, nan], params=[1.0, 1.0, 0.03, 0.01], fit_error=[0.011, 0.006])",[-70.  70.],"[0.024, 0.976]","[0.02, 0.02, 0.02, 0.02, 0.02, 0.02, 0.02, 0.02, 0.02, 0.02, 0.02, 0.02, 0.02, 0.02, 0.02, 0.02, 0.02, 0.02, 0.02, 0.02, 0.02, 0.02, 0.02, 0.02, 0.02, 0.02, 0.02, 0.02, 0.02, 0.02, 0.02, 0.02, 0.02, 0.02, 0.02, 0.02, 0.02, 0.02, 0.02, 0.02, 0.02, 0.02, 0.02, 0.02, 0.02, 0.021, 0.022, 0.03, 0.061, 0.167, 0.43, 0.744, 0.91, 0.962, 0.976, 0.979, 0.98, 0.98, 0.98, 0.98, 0.98, 0.98, 0.98, 0.98, 0.98, 0.98, 0.98, 0.98, 0.98, 0.98, 0.98, 0.98, 0.98, 0.98, 0.98, 0.98, 0.98, 0.98, 0.98, 0.98, 0.98, 0.98, 0.98, 0.98, 0.98, 0.98, 0.98, 0.98, 0.98, 0.98, 0.98, 0.98, 0.98, 0.98, 0.98, 0.98, 0.98, 0.98, 0.98, 0.98]","[0.01, 0.01]","[1.0, 1.0, 0.03, 0.01]",1.0,1.0,0.03,0.01
2023-03-14,1,110,807,['Bpod4'],498,231,267,214,254,277,144,133,145,120,191,67,124,0.5562248995983936,0.6233766233766234,0.49812734082397003,468,211,257,226,92,134,0.42990654205607476,0.5275590551181102,224,114,110,0.5327102803738317,0.4330708661417323,0.5918803418803419,0.6824644549763034,0.5175097276264592,0.5918803418803419,-0.16495472734984418,0.6415929203539823,0.5357142857142857,0.1058786346396966,0.4787327985870925,0.482890573257782,30,20,10,0.060240963855421686,0.08658008658008658,0.03745318352059925,461,209,252,1152.5,522.5,630.0,0,0,0,0,0.5,"psych_curve(xdata=array([-70.,  70.]), ydata=[0.009, 0.981], fit=[0.01, 0.01, 0.01, 0.01, 0.01, 0.01, 0.01, 0.01, 0.01, 0.01, 0.01, 0.01, 0.01, 0.01, 0.01, 0.01, 0.01, 0.01, 0.01, 0.01, 0.01, 0.01, 0.01, 0.01, 0.01, 0.01, 0.01, 0.01, 0.01, 0.01, 0.01, 0.01, 0.01, 0.01, 0.01, 0.01, 0.01, 0.01, 0.01, 0.01, 0.01, 0.01, 0.01, 0.01, 0.01, 0.011, 0.013, 0.02, 0.051, 0.159, 0.424, 0.742, 0.909, 0.962, 0.975, 0.979, 0.98, 0.98, 0.98, 0.98, 0.98, 0.98, 0.98, 0.98, 0.98, 0.98, 0.98, 0.98, 0.98, 0.98, 0.98, 0.98, 0.98, 0.98, 0.98, 0.98, 0.98, 0.98, 0.98, 0.98, 0.98, 0.98, 0.98, 0.98, 0.98, 0.98, 0.98, 0.98, 0.98, 0.98, 0.98, 0.98, 0.98, 0.98, 0.98, 0.98, 0.98, 0.98, 0.98, 0.98], params=[1.0, 1.0, 0.01, 0.02], fit_error=[0.007, 0.009])",[-70.  70.],"[0.009, 0.981]","[0.01, 0.01, 0.01, 0.01, 0.01, 0.01, 0.01, 0.01, 0.01, 0.01, 0.01, 0.01, 0.01, 0.01, 0.01, 0.01, 0.01, 0.01, 0.01, 0.01, 0.01, 0.01, 0.01, 0.01, 0.01, 0.01, 0.01, 0.01, 0.01, 0.01, 0.01, 0.01, 0.01, 0.01, 0.01, 0.01, 0.01, 0.01, 0.01, 0.01, 0.01, 0.01, 0.01, 0.01, 0.01, 0.011, 0.013, 0.02, 0.051, 0.159, 0.424, 0.742, 0.909, 0.962, 0.975, 0.979, 0.98, 0.98, 0.98, 0.98, 0.98, 0.98, 0.98, 0.98, 0.98, 0.98, 0.98, 0.98, 0.98, 0.98, 0.98, 0.98, 0.98, 0.98, 0.98, 0.98, 0.98, 0.98, 0.98, 0.98, 0.98, 0.98, 0.98, 0.98, 0.98, 0.98, 0.98, 0.98, 0.98, 0.98, 0.98, 0.98, 0.98, 0.98, 0.98, 0.98, 0.98, 0.98, 0.98, 0.98]","[0.007, 0.009]","[1.0, 1.0, 0.01, 0.02]",1.0,1.0,0.01,0.02,"psych_curve(xdata=array([-70.,  70.]), ydata=[0.013, 0.991], fit=[nan, nan, nan, nan, nan, nan, nan, nan, nan, nan, nan, nan, nan, nan, nan, nan, nan, nan, nan, nan, nan, nan, nan, nan, nan, nan, nan, nan, nan, nan, nan, nan, nan, nan, nan, nan, nan, nan, nan, nan, nan, nan, nan, nan, nan, nan, nan, nan, nan, nan, nan, nan, nan, nan, nan, nan, nan, nan, nan, nan, nan, nan, nan, nan, nan, nan, nan, nan, nan, nan, nan, nan, nan, nan, nan, nan, nan, nan, nan, nan, nan, nan, nan, nan, nan, nan, nan, nan, nan, nan, nan, nan, nan, nan, nan, nan, nan, nan, nan, nan], params=[1.0, 1.0, 0.01, 0.01], fit_error=[0.008, 0.006])",[-70.  70.],"[0.009, 0.981]","[0.01, 0.01, 0.01, 0.01, 0.01, 0.01, 0.01, 0.01, 0.01, 0.01, 0.01, 0.01, 0.01, 0.01, 0.01, 0.01, 0.01, 0.01, 0.01, 0.01, 0.01, 0.01, 0.01, 0.01, 0.01, 0.01, 0.01, 0.01, 0.01, 0.01, 0.01, 0.01, 0.01, 0.01, 0.01, 0.01, 0.01, 0.01, 0.01, 0.01, 0.01, 0.01, 0.01, 0.01, 0.01, 0.011, 0.013, 0.02, 0.051, 0.159, 0.424, 0.742, 0.909, 0.962, 0.975, 0.979, 0.98, 0.98, 0.98, 0.98, 0.98, 0.98, 0.98, 0.98, 0.98, 0.98, 0.98, 0.98, 0.98, 0.98, 0.98, 0.98, 0.98, 0.98, 0.98, 0.98, 0.98, 0.98, 0.98, 0.98, 0.98, 0.98, 0.98, 0.98, 0.98, 0.98, 0.98, 0.98, 0.98, 0.98, 0.98, 0.98, 0.98, 0.98, 0.98, 0.98, 0.98, 0.98, 0.98, 0.98]","[0.007, 0.009]","[1.0, 1.0, 0.01, 0.01]",1.0,1.0,0.01,0.01
2023-03-15,2,111,807,['Bpod4'],552,264,288,272,233,264,143,121,138,112,241,93,148,0.4782608695652174,0.5416666666666666,0.4201388888888889,505,236,269,268,148,120,0.5441176470588235,0.5150214592274678,213,107,106,0.39338235294117646,0.45493562231759654,0.5227722772277228,0.6059322033898306,0.44981412639405205,0.5227722772277228,-0.1561180769957785,0.5149253731343284,0.5258215962441315,-0.010896223109803094,0.5295695531431457,0.42415898762938653,47,28,19,0.08514492753623189,0.10606060606060606,0.06597222222222222,299,151,148,747.5,377.5,370.0,0,0,0,0,0.5,"psych_curve(xdata=array([-70.,  70.]), ydata=[0.36, 0.55], fit=[0.36, 0.36, 0.36, 0.36, 0.36, 0.36, 0.36, 0.36, 0.36, 0.36, 0.36, 0.36, 0.36, 0.36, 0.36, 0.36, 0.36, 0.36, 0.36, 0.36, 0.36, 0.36, 0.36, 0.36, 0.36, 0.36, 0.36, 0.36, 0.36, 0.36, 0.36, 0.36, 0.36, 0.36, 0.36, 0.36, 0.36, 0.36, 0.36, 0.36, 0.36, 0.36, 0.36, 0.36, 0.36, 0.36, 0.36, 0.362, 0.368, 0.389, 0.441, 0.503, 0.536, 0.546, 0.549, 0.55, 0.55, 0.55, 0.55, 0.55, 0.55, 0.55, 0.55, 0.55, 0.55, 0.55, 0.55, 0.55, 0.55, 0.55, 0.55, 0.55, 0.55, 0.55, 0.55, 0.55, 0.55, 0.55, 0.55, 0.55, 0.55, 0.55, 0.55, 0.55, 0.55, 0.55, 0.55, 0.55, 0.55, 0.55, 0.55, 0.55, 0.55, 0.55, 0.55, 0.55, 0.55, 0.55, 0.55, 0.55], params=[1.0, 1.0, 0.36, 0.45], fit_error=[0.031, 0.03])",[-70.  70.],"[0.36, 0.55]","[0.36, 0.36, 0.36, 0.36, 0.36, 0.36, 0.36, 0.36, 0.36, 0.36, 0.36, 0.36, 0.36, 0.36, 0.36, 0.36, 0.36, 0.36, 0.36, 0.36, 0.36, 0.36, 0.36, 0.36, 0.36, 0.36, 0.36, 0.36, 0.36, 0.36, 0.36, 0.36, 0.36, 0.36, 0.36, 0.36, 0.36, 0.36, 0.36, 0.36, 0.36, 0.36, 0.36, 0.36, 0.36, 0.36, 0.36, 0.362, 0.368, 0.389, 0.441, 0.503, 0.536, 0.546, 0.549, 0.55, 0.55, 0.55, 0.55, 0.55, 0.55, 0.55, 0.55, 0.55, 0.55, 0.55, 0.55, 0.55, 0.55, 0.55, 0.55, 0.55, 0.55, 0.55, 0.55, 0.55, 0.55, 0.55, 0.55, 0.55, 0.55, 0.55, 0.55, 0.55, 0.55, 0.55, 0.55, 0.55, 0.55, 0.55, 0.55, 0.55, 0.55, 0.55, 0.55, 0.55, 0.55, 0.55, 0.55, 0.55]","[0.031, 0.03]","[1.0, 1.0, 0.36, 0.45]",1.0,1.0,0.36,0.45,"psych_curve(xdata=array([-70.,  70.]), ydata=[0.473, 0.658], fit=[nan, nan, nan, nan, nan, nan, nan, nan, nan, nan, nan, nan, nan, nan, nan, nan, nan, nan, nan, nan, nan, nan, nan, nan, nan, nan, nan, nan, nan, nan, nan, nan, nan, nan, nan, nan, nan, nan, nan, nan, nan, nan, nan, nan, nan, nan, nan, nan, nan, nan, nan, nan, nan, nan, nan, nan, nan, nan, nan, nan, nan, nan, nan, nan, nan, nan, nan, nan, nan, nan, nan, nan, nan, nan, nan, nan, nan, nan, nan, nan, nan, nan, nan, nan, nan, nan, nan, nan, nan, nan, nan, nan, nan, nan, nan, nan, nan, nan, nan, nan], params=[1.0, 1.0, 0.47, 0.34], fit_error=[0.031, 0.032])",[-70.  70.],"[0.36, 0.55]","[0.36, 0.36, 0.36, 0.36, 0.36, 0.36, 0.36, 0.36, 0.36, 0.36, 0.36, 0.36, 0.36, 0.36, 0.36, 0.36, 0.36, 0.36, 0.36, 0.36, 0.36, 0.36, 0.36, 0.36, 0.36, 0.36, 0.36, 0.36, 0.36, 0.36, 0.36, 0.36, 0.36, 0.36, 0.36, 0.36, 0.36, 0.36, 0.36, 0.36, 0.36, 0.36, 0.36, 0.36, 0.36, 0.36, 0.36, 0.362, 0.368, 0.389, 0.441, 0.503, 0.536, 0.546, 0.549, 0.55, 0.55, 0.55, 0.55, 0.55, 0.55, 0.55, 0.55, 0.55, 0.55, 0.55, 0.55, 0.55, 0.55, 0.55, 0.55, 0.55, 0.55, 0.55, 0.55, 0.55, 0.55, 0.55, 0.55, 0.55, 0.55, 0.55, 0.55, 0.55, 0.55, 0.55, 0.55, 0.55, 0.55, 0.55, 0.55, 0.55, 0.55, 0.55, 0.55, 0.55, 0.55, 0.55, 0.55, 0.55]","[0.031, 0.03]","[1.0, 1.0, 0.47, 0.34]",1.0,1.0,0.47,0.34
2023-03-16,3,112,807,['Bpod4'],339,161,178,125,199,177,68,109,129,41,147,86,61,0.5221238938053098,0.422360248447205,0.6123595505617978,324,154,170,246,83,163,0.664,0.8190954773869347,67,33,34,0.264,0.1708542713567839,0.5462962962962963,0.44155844155844154,0.6411764705882353,0.5462962962962963,0.1996180290297938,0.524390243902439,0.6119402985074627,-0.08755005460502363,0.7415477386934674,0.21742713567839195,15,7,8,0.04424778761061947,0.043478260869565216,0.0449438202247191,185,70,115,462.5,175.0,287.5,0,0,0,0,0.5,"psych_curve(xdata=array([-70.,  70.]), ydata=[0.545, 0.676], fit=[0.55, 0.55, 0.55, 0.55, 0.55, 0.55, 0.55, 0.55, 0.55, 0.55, 0.55, 0.55, 0.55, 0.55, 0.55, 0.55, 0.55, 0.55, 0.55, 0.55, 0.55, 0.55, 0.55, 0.55, 0.55, 0.55, 0.55, 0.55, 0.55, 0.55, 0.55, 0.55, 0.55, 0.55, 0.55, 0.55, 0.55, 0.55, 0.55, 0.55, 0.55, 0.55, 0.55, 0.55, 0.55, 0.55, 0.55, 0.551, 0.555, 0.57, 0.606, 0.648, 0.67, 0.678, 0.679, 0.68, 0.68, 0.68, 0.68, 0.68, 0.68, 0.68, 0.68, 0.68, 0.68, 0.68, 0.68, 0.68, 0.68, 0.68, 0.68, 0.68, 0.68, 0.68, 0.68, 0.68, 0.68, 0.68, 0.68, 0.68, 0.68, 0.68, 0.68, 0.68, 0.68, 0.68, 0.68, 0.68, 0.68, 0.68, 0.68, 0.68, 0.68, 0.68, 0.68, 0.68, 0.68, 0.68, 0.68, 0.68], params=[1.0, 1.0, 0.55, 0.32], fit_error=[0.04, 0.036])",[-70.  70.],"[0.545, 0.676]","[0.55, 0.55, 0.55, 0.55, 0.55, 0.55, 0.55, 0.55, 0.55, 0.55, 0.55, 0.55, 0.55, 0.55, 0.55, 0.55, 0.55, 0.55, 0.55, 0.55, 0.55, 0.55, 0.55, 0.55, 0.55, 0.55, 0.55, 0.55, 0.55, 0.55, 0.55, 0.55, 0.55, 0.55, 0.55, 0.55, 0.55, 0.55, 0.55, 0.55, 0.55, 0.55, 0.55, 0.55, 0.55, 0.55, 0.55, 0.551, 0.555, 0.57, 0.606, 0.648, 0.67, 0.678, 0.679, 0.68, 0.68, 0.68, 0.68, 0.68, 0.68, 0.68, 0.68, 0.68, 0.68, 0.68, 0.68, 0.68, 0.68, 0.68, 0.68, 0.68, 0.68, 0.68, 0.68, 0.68, 0.68, 0.68, 0.68, 0.68, 0.68, 0.68, 0.68, 0.68, 0.68, 0.68, 0.68, 0.68, 0.68, 0.68, 0.68, 0.68, 0.68, 0.68, 0.68, 0.68, 0.68, 0.68, 0.68, 0.68]","[0.04, 0.036]","[1.0, 1.0, 0.55, 0.32]",1.0,1.0,0.55,0.32,"psych_curve(xdata=array([-70.,  70.]), ydata=[0.705, 0.878], fit=[nan, nan, nan, nan, nan, nan, nan, nan, nan, nan, nan, nan, nan, nan, nan, nan, nan, nan, nan, nan, nan, nan, nan, nan, nan, nan, nan, nan, nan, nan, nan, nan, nan, nan, nan, nan, nan, nan, nan, nan, nan, nan, nan, nan, nan, nan, nan, nan, nan, nan, nan, nan, nan, nan, nan, nan, nan, nan, nan, nan, nan, nan, nan, nan, nan, nan, nan, nan, nan, nan, nan, nan, nan, nan, nan, nan, nan, nan, nan, nan, nan, nan, nan, nan, nan, nan, nan, nan, nan, nan, nan, nan, nan, nan, nan, nan, nan, nan, nan, nan], params=[1.0, 1.0, 0.7, 0.12], fit_error=[0.036, 0.027])",[-70.  70.],"[0.545, 0.676]","[0.55, 0.55, 0.55, 0.55, 0.55, 0.55, 0.55, 0.55, 0.55, 0.55, 0.55, 0.55, 0.55, 0.55, 0.55, 0.55, 0.55, 0.55, 0.55, 0.55, 0.55, 0.55, 0.55, 0.55, 0.55, 0.55, 0.55, 0.55, 0.55, 0.55, 0.55, 0.55, 0.55, 0.55, 0.55, 0.55, 0.55, 0.55, 0.55, 0.55, 0.55, 0.55, 0.55, 0.55, 0.55, 0.55, 0.55, 0.551, 0.555, 0.57, 0.606, 0.648, 0.67, 0.678, 0.679, 0.68, 0.68, 0.68, 0.68, 0.68, 0.68, 0.68, 0.68, 0.68, 0.68, 0.68, 0.68, 0.68, 0.68, 0.68, 0.68, 0.68, 0.68, 0.68, 0.68, 0.68, 0.68, 0.68, 0.68, 0.68, 0.68, 0.68, 0.68, 0.68, 0.68, 0.68, 0.68, 0.68, 0.68, 0.68, 0.68, 0.68, 0.68, 0.68, 0.68, 0.68, 0.68, 0.68, 0.68, 0.68]","[0.04, 0.036]","[1.0, 1.0, 0.7, 0.12]",1.0,1.0,0.7,0.12
2023-03-17,4,113,807,['Bpod4'],596,304,292,250,329,322,146,176,206,106,257,148,109,0.540268456375839,0.48026315789473684,0.6027397260273972,579,294,285,391,156,235,0.624,0.7142857142857143,171,85,86,0.34,0.2613981762917933,0.5561312607944733,0.4965986394557823,0.6175438596491228,0.5561312607944733,0.12094522019334053,0.5268542199488491,0.6198830409356725,-0.09302882098682341,0.6691428571428572,0.30069908814589663,17,10,7,0.028523489932885907,0.03289473684210526,0.023972602739726026,333,149,184,832.5,372.5,460.0,0,0,0,0,0.5,"psych_curve(xdata=array([-70.,  70.]), ydata=[0.493, 0.646], fit=[0.49, 0.49, 0.49, 0.49, 0.49, 0.49, 0.49, 0.49, 0.49, 0.49, 0.49, 0.49, 0.49, 0.49, 0.49, 0.49, 0.49, 0.49, 0.49, 0.49, 0.49, 0.49, 0.49, 0.49, 0.49, 0.49, 0.49, 0.49, 0.49, 0.49, 0.49, 0.49, 0.49, 0.49, 0.49, 0.49, 0.49, 0.49, 0.49, 0.49, 0.49, 0.49, 0.49, 0.49, 0.49, 0.49, 0.49, 0.492, 0.497, 0.515, 0.558, 0.611, 0.638, 0.647, 0.649, 0.65, 0.65, 0.65, 0.65, 0.65, 0.65, 0.65, 0.65, 0.65, 0.65, 0.65, 0.65, 0.65, 0.65, 0.65, 0.65, 0.65, 0.65, 0.65, 0.65, 0.65, 0.65, 0.65, 0.65, 0.65, 0.65, 0.65, 0.65, 0.65, 0.65, 0.65, 0.65, 0.65, 0.65, 0.65, 0.65, 0.65, 0.65, 0.65, 0.65, 0.65, 0.65, 0.65, 0.65, 0.65], params=[1.0, 1.0, 0.49, 0.35], fit_error=[0.029, 0.028])",[-70.  70.],"[0.493, 0.646]","[0.49, 0.49, 0.49, 0.49, 0.49, 0.49, 0.49, 0.49, 0.49, 0.49, 0.49, 0.49, 0.49, 0.49, 0.49, 0.49, 0.49, 0.49, 0.49, 0.49, 0.49, 0.49, 0.49, 0.49, 0.49, 0.49, 0.49, 0.49, 0.49, 0.49, 0.49, 0.49, 0.49, 0.49, 0.49, 0.49, 0.49, 0.49, 0.49, 0.49, 0.49, 0.49, 0.49, 0.49, 0.49, 0.49, 0.49, 0.492, 0.497, 0.515, 0.558, 0.611, 0.638, 0.647, 0.649, 0.65, 0.65, 0.65, 0.65, 0.65, 0.65, 0.65, 0.65, 0.65, 0.65, 0.65, 0.65, 0.65, 0.65, 0.65, 0.65, 0.65, 0.65, 0.65, 0.65, 0.65, 0.65, 0.65, 0.65, 0.65, 0.65, 0.65, 0.65, 0.65, 0.65, 0.65, 0.65, 0.65, 0.65, 0.65, 0.65, 0.65, 0.65, 0.65, 0.65, 0.65, 0.65, 0.65, 0.65, 0.65]","[0.029, 0.028]","[1.0, 1.0, 0.49, 0.35]",1.0,1.0,0.49,0.35,"psych_curve(xdata=array([-70.,  70.]), ydata=[0.613, 0.792], fit=[nan, nan, nan, nan, nan, nan, nan, nan, nan, nan, nan, nan, nan, nan, nan, nan, nan, nan, nan, nan, nan, nan, nan, nan, nan, nan, nan, nan, nan, nan, nan, nan, nan, nan, nan, nan, nan, nan, nan, nan, nan, nan, nan, nan, nan, nan, nan, nan, nan, nan, nan, nan, nan, nan, nan, nan, nan, nan, nan, nan, nan, nan, nan, nan, nan, nan, nan, nan, nan, nan, nan, nan, nan, nan, nan, nan, nan, nan, nan, nan, nan, nan, nan, nan, nan, nan, nan, nan, nan, nan, nan, nan, nan, nan, nan, nan, nan, nan, nan, nan], params=[1.0, 1.0, 0.61, 0.21], fit_error=[0.028, 0.025])",[-70.  70.],"[0.493, 0.646]","[0.49, 0.49, 0.49, 0.49, 0.49, 0.49, 0.49, 0.49, 0.49, 0.49, 0.49, 0.49, 0.49, 0.49, 0.49, 0.49, 0.49, 0.49, 0.49, 0.49, 0.49, 0.49, 0.49, 0.49, 0.49, 0.49, 0.49, 0.49, 0.49, 0.49, 0.49, 0.49, 0.49, 0.49, 0.49, 0.49, 0.49, 0.49, 0.49, 0.49, 0.49, 0.49, 0.49, 0.49, 0.49, 0.49, 0.49, 0.492, 0.497, 0.515, 0.558, 0.611, 0.638, 0.647, 0.649, 0.65, 0.65, 0.65, 0.65, 0.65, 0.65, 0.65, 0.65, 0.65, 0.65, 0.65, 0.65, 0.65, 0.65, 0.65, 0.65, 0.65, 0.65, 0.65, 0.65, 0.65, 0.65, 0.65, 0.65, 0.65, 0.65, 0.65, 0.65, 0.65, 0.65, 0.65, 0.65, 0.65, 0.65, 0.65, 0.65, 0.65, 0.65, 0.65, 0.65, 0.65, 0.65, 0.65, 0.65, 0.65]","[0.029, 0.028]","[1.0, 1.0, 0.61, 0.21]",1.0,1.0,0.61,0.21
2023-03-20,0,116,807,['Bpod4'],615,289,326,382,226,323,196,127,195,125,285,93,192,0.5252032520325203,0.6782006920415224,0.3895705521472393,608,289,319,398,274,124,0.7172774869109948,0.5486725663716814,203,102,101,0.2670157068062827,0.4469026548672566,0.53125,0.6782006920415224,0.3981191222570533,0.53125,-0.28008156978446913,0.4899497487437186,0.6157635467980296,-0.12581379805431098,0.6329750266413381,0.3569591808367697,7,0,7,0.011382113821138212,0.0,0.02147239263803681,329,196,133,822.5,490.0,332.5,0,0,0,0,0.5,"psych_curve(xdata=array([-70.,  70.]), ydata=[0.322, 0.417], fit=[0.32, 0.32, 0.32, 0.32, 0.32, 0.32, 0.32, 0.32, 0.32, 0.32, 0.32, 0.32, 0.32, 0.32, 0.32, 0.32, 0.32, 0.32, 0.32, 0.32, 0.32, 0.32, 0.32, 0.32, 0.32, 0.32, 0.32, 0.32, 0.32, 0.32, 0.32, 0.32, 0.32, 0.32, 0.32, 0.32, 0.32, 0.32, 0.32, 0.32, 0.32, 0.32, 0.32, 0.32, 0.32, 0.32, 0.32, 0.321, 0.324, 0.335, 0.363, 0.395, 0.413, 0.418, 0.42, 0.42, 0.42, 0.42, 0.42, 0.42, 0.42, 0.42, 0.42, 0.42, 0.42, 0.42, 0.42, 0.42, 0.42, 0.42, 0.42, 0.42, 0.42, 0.42, 0.42, 0.42, 0.42, 0.42, 0.42, 0.42, 0.42, 0.42, 0.42, 0.42, 0.42, 0.42, 0.42, 0.42, 0.42, 0.42, 0.42, 0.42, 0.42, 0.42, 0.42, 0.42, 0.42, 0.42, 0.42, 0.42], params=[1.0, 1.0, 0.32, 0.58], fit_error=[0.028, 0.028])",[-70.  70.],"[0.322, 0.417]","[0.32, 0.32, 0.32, 0.32, 0.32, 0.32, 0.32, 0.32, 0.32, 0.32, 0.32, 0.32, 0.32, 0.32, 0.32, 0.32, 0.32, 0.32, 0.32, 0.32, 0.32, 0.32, 0.32, 0.32, 0.32, 0.32, 0.32, 0.32, 0.32, 0.32, 0.32, 0.32, 0.32, 0.32, 0.32, 0.32, 0.32, 0.32, 0.32, 0.32, 0.32, 0.32, 0.32, 0.32, 0.32, 0.32, 0.32, 0.321, 0.324, 0.335, 0.363, 0.395, 0.413, 0.418, 0.42, 0.42, 0.42, 0.42, 0.42, 0.42, 0.42, 0.42, 0.42, 0.42, 0.42, 0.42, 0.42, 0.42, 0.42, 0.42, 0.42, 0.42, 0.42, 0.42, 0.42, 0.42, 0.42, 0.42, 0.42, 0.42, 0.42, 0.42, 0.42, 0.42, 0.42, 0.42, 0.42, 0.42, 0.42, 0.42, 0.42, 0.42, 0.42, 0.42, 0.42, 0.42, 0.42, 0.42, 0.42, 0.42]","[0.028, 0.028]","[1.0, 1.0, 0.32, 0.58]",1.0,1.0,0.32,0.58,"psych_curve(xdata=array([-70.,  70.]), ydata=[0.608, 0.729], fit=[nan, nan, nan, nan, nan, nan, nan, nan, nan, nan, nan, nan, nan, nan, nan, nan, nan, nan, nan, nan, nan, nan, nan, nan, nan, nan, nan, nan, nan, nan, nan, nan, nan, nan, nan, nan, nan, nan, nan, nan, nan, nan, nan, nan, nan, nan, nan, nan, nan, nan, nan, nan, nan, nan, nan, nan, nan, nan, nan, nan, nan, nan, nan, nan, nan, nan, nan, nan, nan, nan, nan, nan, nan, nan, nan, nan, nan, nan, nan, nan, nan, nan, nan, nan, nan, nan, nan, nan, nan, nan, nan, nan, nan, nan, nan, nan, nan, nan, nan, nan], params=[1.0, 1.0, 0.61, 0.27], fit_error=[0.027, 0.027])",[-70.  70.],"[0.322, 0.417]","[0.32, 0.32, 0.32, 0.32, 0.32, 0.32, 0.32, 0.32, 0.32, 0.32, 0.32, 0.32, 0.32, 0.32, 0.32, 0.32, 0.32, 0.32, 0.32, 0.32, 0.32, 0.32, 0.32, 0.32, 0.32, 0.32, 0.32, 0.32, 0.32, 0.32, 0.32, 0.32, 0.32, 0.32, 0.32, 0.32, 0.32, 0.32, 0.32, 0.32, 0.32, 0.32, 0.32, 0.32, 0.32, 0.32, 0.32, 0.321, 0.324, 0.335, 0.363, 0.395, 0.413, 0.418, 0.42, 0.42, 0.42, 0.42, 0.42, 0.42, 0.42, 0.42, 0.42, 0.42, 0.42, 0.42, 0.42, 0.42, 0.42, 0.42, 0.42, 0.42, 0.42, 0.42, 0.42, 0.42, 0.42, 0.42, 0.42, 0.42, 0.42, 0.42, 0.42, 0.42, 0.42, 0.42, 0.42, 0.42, 0.42, 0.42, 0.42, 0.42, 0.42, 0.42, 0.42, 0.42, 0.42, 0.42, 0.42, 0.42]","[0.028, 0.028]","[1.0, 1.0, 0.61, 0.27]",1.0,1.0,0.61,0.27
2023-03-21,1,117,807,['Bpod4'],471,234,237,218,242,255,125,130,152,95,205,104,101,0.5414012738853503,0.5341880341880342,0.5485232067510548,460,229,231,326,148,178,0.6788990825688074,0.7355371900826446,122,60,62,0.27522935779816515,0.256198347107438,0.5543478260869565,0.5458515283842795,0.5627705627705628,0.5543478260869565,0.016919034386283283,0.4662576687116564,0.7786885245901639,-0.3124308558785075,0.7072181363257259,0.26571385245280155,11,5,6,0.02335456475583864,0.021367521367521368,0.02531645569620253,263,125,138,657.5,312.5,345.0,0,0,0,0,0.5,"psych_curve(xdata=array([-70.,  70.]), ydata=[0.454, 0.597], fit=[0.45, 0.45, 0.45, 0.45, 0.45, 0.45, 0.45, 0.45, 0.45, 0.45, 0.45, 0.45, 0.45, 0.45, 0.45, 0.45, 0.45, 0.45, 0.45, 0.45, 0.45, 0.45, 0.45, 0.45, 0.45, 0.45, 0.45, 0.45, 0.45, 0.45, 0.45, 0.45, 0.45, 0.45, 0.45, 0.45, 0.45, 0.45, 0.45, 0.45, 0.45, 0.45, 0.45, 0.45, 0.45, 0.45, 0.45, 0.452, 0.456, 0.473, 0.514, 0.563, 0.589, 0.597, 0.599, 0.6, 0.6, 0.6, 0.6, 0.6, 0.6, 0.6, 0.6, 0.6, 0.6, 0.6, 0.6, 0.6, 0.6, 0.6, 0.6, 0.6, 0.6, 0.6, 0.6, 0.6, 0.6, 0.6, 0.6, 0.6, 0.6, 0.6, 0.6, 0.6, 0.6, 0.6, 0.6, 0.6, 0.6, 0.6, 0.6, 0.6, 0.6, 0.6, 0.6, 0.6, 0.6, 0.6, 0.6, 0.6], params=[1.0, 1.0, 0.45, 0.4], fit_error=[0.033, 0.032])",[-70.  70.],"[0.454, 0.597]","[0.45, 0.45, 0.45, 0.45, 0.45, 0.45, 0.45, 0.45, 0.45, 0.45, 0.45, 0.45, 0.45, 0.45, 0.45, 0.45, 0.45, 0.45, 0.45, 0.45, 0.45, 0.45, 0.45, 0.45, 0.45, 0.45, 0.45, 0.45, 0.45, 0.45, 0.45, 0.45, 0.45, 0.45, 0.45, 0.45, 0.45, 0.45, 0.45, 0.45, 0.45, 0.45, 0.45, 0.45, 0.45, 0.45, 0.45, 0.452, 0.456, 0.473, 0.514, 0.563, 0.589, 0.597, 0.599, 0.6, 0.6, 0.6, 0.6, 0.6, 0.6, 0.6, 0.6, 0.6, 0.6, 0.6, 0.6, 0.6, 0.6, 0.6, 0.6, 0.6, 0.6, 0.6, 0.6, 0.6, 0.6, 0.6, 0.6, 0.6, 0.6, 0.6, 0.6, 0.6, 0.6, 0.6, 0.6, 0.6, 0.6, 0.6, 0.6, 0.6, 0.6, 0.6, 0.6, 0.6, 0.6, 0.6, 0.6, 0.6]","[0.033, 0.032]","[1.0, 1.0, 0.45, 0.4]",1.0,1.0,0.45,0.4,"psych_curve(xdata=array([-70.,  70.]), ydata=[0.628, 0.889], fit=[nan, nan, nan, nan, nan, nan, nan, nan, nan, nan, nan, nan, nan, nan, nan, nan, nan, nan, nan, nan, nan, nan, nan, nan, nan, nan, nan, nan, nan, nan, nan, nan, nan, nan, nan, nan, nan, nan, nan, nan, nan, nan, nan, nan, nan, nan, nan, nan, nan, nan, nan, nan, nan, nan, nan, nan, nan, nan, nan, nan, nan, nan, nan, nan, nan, nan, nan, nan, nan, nan, nan, nan, nan, nan, nan, nan, nan, nan, nan, nan, nan, nan, nan, nan, nan, nan, nan, nan, nan, nan, nan, nan, nan, nan, nan, nan, nan, nan, nan, nan], params=[1.0, 1.0, 0.63, 0.11], fit_error=[0.029, 0.024])",[-70.  70.],"[0.454, 0.597]","[0.45, 0.45, 0.45, 0.45, 0.45, 0.45, 0.45, 0.45, 0.45, 0.45, 0.45, 0.45, 0.45, 0.45, 0.45, 0.45, 0.45, 0.45, 0.45, 0.45, 0.45, 0.45, 0.45, 0.45, 0.45, 0.45, 0.45, 0.45, 0.45, 0.45, 0.45, 0.45, 0.45, 0.45, 0.45, 0.45, 0.45, 0.45, 0.45, 0.45, 0.45, 0.45, 0.45, 0.45, 0.45, 0.45, 0.45, 0.452, 0.456, 0.473, 0.514, 0.563, 0.589, 0.597, 0.599, 0.6, 0.6, 0.6, 0.6, 0.6, 0.6, 0.6, 0.6, 0.6, 0.6, 0.6, 0.6, 0.6, 0.6, 0.6, 0.6, 0.6, 0.6, 0.6, 0.6, 0.6, 0.6, 0.6, 0.6, 0.6, 0.6, 0.6, 0.6, 0.6, 0.6, 0.6, 0.6, 0.6, 0.6, 0.6, 0.6, 0.6, 0.6, 0.6, 0.6, 0.6, 0.6, 0.6, 0.6, 0.6]","[0.033, 0.032]","[1.0, 1.0, 0.63, 0.11]",1.0,1.0,0.63,0.11
2023-03-22,2,118,807,['Bpod4'],440,237,203,388,47,263,226,37,198,62,172,8,164,0.5977272727272728,0.9535864978902954,0.18226600985221675,435,234,201,357,346,11,0.8917525773195877,0.23404255319148937,72,36,36,0.09278350515463918,0.7659574468085106,0.6045977011494252,0.9658119658119658,0.18407960199004975,0.6045977011494252,-0.781732363821916,0.5546218487394958,0.8611111111111112,-0.30648926237161533,0.5628975652555386,0.4293704759815749,5,3,2,0.011363636363636364,0.012658227848101266,0.009852216748768473,269,228,41,672.5,570.0,102.5,0,0,0,0,0.5,"psych_curve(xdata=array([-70.,  70.]), ydata=[0.026, 0.204], fit=[0.03, 0.03, 0.03, 0.03, 0.03, 0.03, 0.03, 0.03, 0.03, 0.03, 0.03, 0.03, 0.03, 0.03, 0.03, 0.03, 0.03, 0.03, 0.03, 0.03, 0.03, 0.03, 0.03, 0.03, 0.03, 0.03, 0.03, 0.03, 0.03, 0.03, 0.03, 0.03, 0.03, 0.03, 0.03, 0.03, 0.03, 0.03, 0.03, 0.03, 0.03, 0.03, 0.03, 0.03, 0.03, 0.03, 0.03, 0.032, 0.037, 0.056, 0.103, 0.158, 0.188, 0.197, 0.199, 0.2, 0.2, 0.2, 0.2, 0.2, 0.2, 0.2, 0.2, 0.2, 0.2, 0.2, 0.2, 0.2, 0.2, 0.2, 0.2, 0.2, 0.2, 0.2, 0.2, 0.2, 0.2, 0.2, 0.2, 0.2, 0.2, 0.2, 0.2, 0.2, 0.2, 0.2, 0.2, 0.2, 0.2, 0.2, 0.2, 0.2, 0.2, 0.2, 0.2, 0.2, 0.2, 0.2, 0.2, 0.2], params=[1.0, 1.0, 0.03, 0.8], fit_error=[0.01, 0.028])",[-70.  70.],"[0.026, 0.204]","[0.03, 0.03, 0.03, 0.03, 0.03, 0.03, 0.03, 0.03, 0.03, 0.03, 0.03, 0.03, 0.03, 0.03, 0.03, 0.03, 0.03, 0.03, 0.03, 0.03, 0.03, 0.03, 0.03, 0.03, 0.03, 0.03, 0.03, 0.03, 0.03, 0.03, 0.03, 0.03, 0.03, 0.03, 0.03, 0.03, 0.03, 0.03, 0.03, 0.03, 0.03, 0.03, 0.03, 0.03, 0.03, 0.03, 0.03, 0.032, 0.037, 0.056, 0.103, 0.158, 0.188, 0.197, 0.199, 0.2, 0.2, 0.2, 0.2, 0.2, 0.2, 0.2, 0.2, 0.2, 0.2, 0.2, 0.2, 0.2, 0.2, 0.2, 0.2, 0.2, 0.2, 0.2, 0.2, 0.2, 0.2, 0.2, 0.2, 0.2, 0.2, 0.2, 0.2, 0.2, 0.2, 0.2, 0.2, 0.2, 0.2, 0.2, 0.2, 0.2, 0.2, 0.2, 0.2, 0.2, 0.2, 0.2, 0.2, 0.2]","[0.01, 0.028]","[1.0, 1.0, 0.03, 0.8]",1.0,1.0,0.03,0.8,"psych_curve(xdata=array([-70.,  70.]), ydata=[0.704, 0.975], fit=[nan, nan, nan, nan, nan, nan, nan, nan, nan, nan, nan, nan, nan, nan, nan, nan, nan, nan, nan, nan, nan, nan, nan, nan, nan, nan, nan, nan, nan, nan, nan, nan, nan, nan, nan, nan, nan, nan, nan, nan, nan, nan, nan, nan, nan, nan, nan, nan, nan, nan, nan, nan, nan, nan, nan, nan, nan, nan, nan, nan, nan, nan, nan, nan, nan, nan, nan, nan, nan, nan, nan, nan, nan, nan, nan, nan, nan, nan, nan, nan, nan, nan, nan, nan, nan, nan, nan, nan, nan, nan, nan, nan, nan, nan, nan, nan, nan, nan, nan, nan], params=[1.0, 1.0, 0.7, 0.03], fit_error=[0.03, 0.011])",[-70.  70.],"[0.026, 0.204]","[0.03, 0.03, 0.03, 0.03, 0.03, 0.03, 0.03, 0.03, 0.03, 0.03, 0.03, 0.03, 0.03, 0.03, 0.03, 0.03, 0.03, 0.03, 0.03, 0.03, 0.03, 0.03, 0.03, 0.03, 0.03, 0.03, 0.03, 0.03, 0.03, 0.03, 0.03, 0.03, 0.03, 0.03, 0.03, 0.03, 0.03, 0.03, 0.03, 0.03, 0.03, 0.03, 0.03, 0.03, 0.03, 0.03, 0.03, 0.032, 0.037, 0.056, 0.103, 0.158, 0.188, 0.197, 0.199, 0.2, 0.2, 0.2, 0.2, 0.2, 0.2, 0.2, 0.2, 0.2, 0.2, 0.2, 0.2, 0.2, 0.2, 0.2, 0.2, 0.2, 0.2, 0.2, 0.2, 0.2, 0.2, 0.2, 0.2, 0.2, 0.2, 0.2, 0.2, 0.2, 0.2, 0.2, 0.2, 0.2, 0.2, 0.2, 0.2, 0.2, 0.2, 0.2, 0.2, 0.2, 0.2, 0.2, 0.2, 0.2]","[0.01, 0.028]","[1.0, 1.0, 0.7, 0.03]",1.0,1.0,0.7,0.03
2023-03-23,3,119,807,['Bpod4'],606,303,303,494,96,369,288,81,284,76,221,15,206,0.6089108910891089,0.9504950495049505,0.26732673267326734,590,303,287,489,435,54,0.8805668016194332,0.5625,84,42,42,0.08502024291497975,0.4375,0.6254237288135593,0.9504950495049505,0.28222996515679444,0.6254237288135593,-0.668265084348156,0.5807770961145194,0.9047619047619048,-0.3239848086473853,0.7215334008097166,0.2612601214574899,16,0,16,0.026402640264026403,0.0,0.052805280528052806,369,288,81,922.5,720.0,202.5,0,0,0,0,0.5,"psych_curve(xdata=array([-70.,  70.]), ydata=[0.05, 0.282], fit=[0.05, 0.05, 0.05, 0.05, 0.05, 0.05, 0.05, 0.05, 0.05, 0.05, 0.05, 0.05, 0.05, 0.05, 0.05, 0.05, 0.05, 0.05, 0.05, 0.05, 0.05, 0.05, 0.05, 0.05, 0.05, 0.05, 0.05, 0.05, 0.05, 0.05, 0.05, 0.05, 0.05, 0.05, 0.05, 0.05, 0.05, 0.05, 0.05, 0.05, 0.05, 0.05, 0.05, 0.05, 0.05, 0.05, 0.051, 0.052, 0.06, 0.085, 0.148, 0.223, 0.263, 0.276, 0.279, 0.28, 0.28, 0.28, 0.28, 0.28, 0.28, 0.28, 0.28, 0.28, 0.28, 0.28, 0.28, 0.28, 0.28, 0.28, 0.28, 0.28, 0.28, 0.28, 0.28, 0.28, 0.28, 0.28, 0.28, 0.28, 0.28, 0.28, 0.28, 0.28, 0.28, 0.28, 0.28, 0.28, 0.28, 0.28, 0.28, 0.28, 0.28, 0.28, 0.28, 0.28, 0.28, 0.28, 0.28, 0.28], params=[1.0, 1.0, 0.05, 0.72], fit_error=[0.012, 0.027])",[-70.  70.],"[0.05, 0.282]","[0.05, 0.05, 0.05, 0.05, 0.05, 0.05, 0.05, 0.05, 0.05, 0.05, 0.05, 0.05, 0.05, 0.05, 0.05, 0.05, 0.05, 0.05, 0.05, 0.05, 0.05, 0.05, 0.05, 0.05, 0.05, 0.05, 0.05, 0.05, 0.05, 0.05, 0.05, 0.05, 0.05, 0.05, 0.05, 0.05, 0.05, 0.05, 0.05, 0.05, 0.05, 0.05, 0.05, 0.05, 0.05, 0.05, 0.051, 0.052, 0.06, 0.085, 0.148, 0.223, 0.263, 0.276, 0.279, 0.28, 0.28, 0.28, 0.28, 0.28, 0.28, 0.28, 0.28, 0.28, 0.28, 0.28, 0.28, 0.28, 0.28, 0.28, 0.28, 0.28, 0.28, 0.28, 0.28, 0.28, 0.28, 0.28, 0.28, 0.28, 0.28, 0.28, 0.28, 0.28, 0.28, 0.28, 0.28, 0.28, 0.28, 0.28, 0.28, 0.28, 0.28, 0.28, 0.28, 0.28, 0.28, 0.28, 0.28, 0.28]","[0.012, 0.027]","[1.0, 1.0, 0.05, 0.72]",1.0,1.0,0.05,0.72,"psych_curve(xdata=array([-70.,  70.]), ydata=[0.73, 0.973], fit=[nan, nan, nan, nan, nan, nan, nan, nan, nan, nan, nan, nan, nan, nan, nan, nan, nan, nan, nan, nan, nan, nan, nan, nan, nan, nan, nan, nan, nan, nan, nan, nan, nan, nan, nan, nan, nan, nan, nan, nan, nan, nan, nan, nan, nan, nan, nan, nan, nan, nan, nan, nan, nan, nan, nan, nan, nan, nan, nan, nan, nan, nan, nan, nan, nan, nan, nan, nan, nan, nan, nan, nan, nan, nan, nan, nan, nan, nan, nan, nan, nan, nan, nan, nan, nan, nan, nan, nan, nan, nan, nan, nan, nan, nan, nan, nan, nan, nan, nan, nan], params=[1.0, 1.0, 0.73, 0.03], fit_error=[0.027, 0.01])",[-70.  70.],"[0.05, 0.282]","[0.05, 0.05, 0.05, 0.05, 0.05, 0.05, 0.05, 0.05, 0.05, 0.05, 0.05, 0.05, 0.05, 0.05, 0.05, 0.05, 0.05, 0.05, 0.05, 0.05, 0.05, 0.05, 0.05, 0.05, 0.05, 0.05, 0.05, 0.05, 0.05, 0.05, 0.05, 0.05, 0.05, 0.05, 0.05, 0.05, 0.05, 0.05, 0.05, 0.05, 0.05, 0.05, 0.05, 0.05, 0.05, 0.05, 0.051, 0.052, 0.06, 0.085, 0.148, 0.223, 0.263, 0.276, 0.279, 0.28, 0.28, 0.28, 0.28, 0.28, 0.28, 0.28, 0.28, 0.28, 0.28, 0.28, 0.28, 0.28, 0.28, 0.28, 0.28, 0.28, 0.28, 0.28, 0.28, 0.28, 0.28, 0.28, 0.28, 0.28, 0.28, 0.28, 0.28, 0.28, 0.28, 0.28, 0.28, 0.28, 0.28, 0.28, 0.28, 0.28, 0.28, 0.28, 0.28, 0.28, 0.28, 0.28, 0.28, 0.28]","[0.012, 0.027]","[1.0, 1.0, 0.73, 0.03]",1.0,1.0,0.73,0.03
2023-03-24,4,120,807,['Bpod4'],377,192,185,150,199,257,121,136,154,92,92,63,29,0.6816976127320955,0.6302083333333334,0.7351351351351352,349,184,165,238,90,148,0.6,0.7437185929648241,97,49,48,0.32666666666666666,0.24120603015075376,0.7363896848137536,0.657608695652174,0.8242424242424242,0.7363896848137536,0.16663372859025027,0.6470588235294118,0.9484536082474226,-0.30139478471801084,0.671859296482412,0.2839363484087102,28,8,20,0.07427055702917772,0.041666666666666664,0.10810810810810811,257,121,136,642.5,302.5,340.0,0,0,0,0,0.5,"psych_curve(xdata=array([-70.,  70.]), ydata=[0.342, 0.824], fit=[0.34, 0.34, 0.34, 0.34, 0.34, 0.34, 0.34, 0.34, 0.34, 0.34, 0.34, 0.34, 0.34, 0.34, 0.34, 0.34, 0.34, 0.34, 0.34, 0.34, 0.34, 0.34, 0.34, 0.34, 0.34, 0.34, 0.34, 0.34, 0.34, 0.34, 0.34, 0.34, 0.34, 0.34, 0.34, 0.34, 0.34, 0.34, 0.34, 0.34, 0.34, 0.34, 0.34, 0.34, 0.34, 0.34, 0.341, 0.345, 0.36, 0.414, 0.545, 0.702, 0.785, 0.811, 0.818, 0.819, 0.82, 0.82, 0.82, 0.82, 0.82, 0.82, 0.82, 0.82, 0.82, 0.82, 0.82, 0.82, 0.82, 0.82, 0.82, 0.82, 0.82, 0.82, 0.82, 0.82, 0.82, 0.82, 0.82, 0.82, 0.82, 0.82, 0.82, 0.82, 0.82, 0.82, 0.82, 0.82, 0.82, 0.82, 0.82, 0.82, 0.82, 0.82, 0.82, 0.82, 0.82, 0.82, 0.82, 0.82], params=[1.0, 1.0, 0.34, 0.18], fit_error=[0.035, 0.03])",[-70.  70.],"[0.342, 0.824]","[0.34, 0.34, 0.34, 0.34, 0.34, 0.34, 0.34, 0.34, 0.34, 0.34, 0.34, 0.34, 0.34, 0.34, 0.34, 0.34, 0.34, 0.34, 0.34, 0.34, 0.34, 0.34, 0.34, 0.34, 0.34, 0.34, 0.34, 0.34, 0.34, 0.34, 0.34, 0.34, 0.34, 0.34, 0.34, 0.34, 0.34, 0.34, 0.34, 0.34, 0.34, 0.34, 0.34, 0.34, 0.34, 0.34, 0.341, 0.345, 0.36, 0.414, 0.545, 0.702, 0.785, 0.811, 0.818, 0.819, 0.82, 0.82, 0.82, 0.82, 0.82, 0.82, 0.82, 0.82, 0.82, 0.82, 0.82, 0.82, 0.82, 0.82, 0.82, 0.82, 0.82, 0.82, 0.82, 0.82, 0.82, 0.82, 0.82, 0.82, 0.82, 0.82, 0.82, 0.82, 0.82, 0.82, 0.82, 0.82, 0.82, 0.82, 0.82, 0.82, 0.82, 0.82, 0.82, 0.82, 0.82, 0.82, 0.82, 0.82]","[0.035, 0.03]","[1.0, 1.0, 0.34, 0.18]",1.0,1.0,0.34,0.18,"psych_curve(xdata=array([-70.,  70.]), ydata=[0.477, 0.969], fit=[nan, nan, nan, nan, nan, nan, nan, nan, nan, nan, nan, nan, nan, nan, nan, nan, nan, nan, nan, nan, nan, nan, nan, nan, nan, nan, nan, nan, nan, nan, nan, nan, nan, nan, nan, nan, nan, nan, nan, nan, nan, nan, nan, nan, nan, nan, nan, nan, nan, nan, nan, nan, nan, nan, nan, nan, nan, nan, nan, nan, nan, nan, nan, nan, nan, nan, nan, nan, nan, nan, nan, nan, nan, nan, nan, nan, nan, nan, nan, nan, nan, nan, nan, nan, nan, nan, nan, nan, nan, nan, nan, nan, nan, nan, nan, nan, nan, nan, nan, nan], params=[1.0, 1.0, 0.48, 0.03], fit_error=[0.038, 0.014])",[-70.  70.],"[0.342, 0.824]","[0.34, 0.34, 0.34, 0.34, 0.34, 0.34, 0.34, 0.34, 0.34, 0.34, 0.34, 0.34, 0.34, 0.34, 0.34, 0.34, 0.34, 0.34, 0.34, 0.34, 0.34, 0.34, 0.34, 0.34, 0.34, 0.34, 0.34, 0.34, 0.34, 0.34, 0.34, 0.34, 0.34, 0.34, 0.34, 0.34, 0.34, 0.34, 0.34, 0.34, 0.34, 0.34, 0.34, 0.34, 0.34, 0.34, 0.341, 0.345, 0.36, 0.414, 0.545, 0.702, 0.785, 0.811, 0.818, 0.819, 0.82, 0.82, 0.82, 0.82, 0.82, 0.82, 0.82, 0.82, 0.82, 0.82, 0.82, 0.82, 0.82, 0.82, 0.82, 0.82, 0.82, 0.82, 0.82, 0.82, 0.82, 0.82, 0.82, 0.82, 0.82, 0.82, 0.82, 0.82, 0.82, 0.82, 0.82, 0.82, 0.82, 0.82, 0.82, 0.82, 0.82, 0.82, 0.82, 0.82, 0.82, 0.82, 0.82, 0.82]","[0.035, 0.03]","[1.0, 1.0, 0.48, 0.03]",1.0,1.0,0.48,0.03
2023-03-27,0,123,807,['Bpod4'],644,328,316,456,138,373,266,107,243,111,221,31,190,0.5791925465838509,0.8109756097560976,0.33860759493670883,594,297,297,430,362,68,0.793859649122807,0.4927536231884058,138,68,70,0.14912280701754385,0.5072463768115942,0.6279461279461279,0.8956228956228957,0.3602693602693603,0.6279461279461279,-0.5353535353535354,0.5651162790697675,0.8043478260869565,-0.23923154701718907,0.6433066361556065,0.32818459191456906,50,31,19,0.07763975155279502,0.09451219512195122,0.060126582278481014,373,266,107,932.5,665.0,267.5,0,0,0,0,0.5,"psych_curve(xdata=array([-70.,  70.]), ydata=[0.104, 0.36], fit=[0.1, 0.1, 0.1, 0.1, 0.1, 0.1, 0.1, 0.1, 0.1, 0.1, 0.1, 0.1, 0.1, 0.1, 0.1, 0.1, 0.1, 0.1, 0.1, 0.1, 0.1, 0.1, 0.1, 0.1, 0.1, 0.1, 0.1, 0.1, 0.1, 0.1, 0.1, 0.1, 0.1, 0.1, 0.1, 0.1, 0.1, 0.1, 0.1, 0.1, 0.1, 0.1, 0.1, 0.1, 0.1, 0.1, 0.101, 0.103, 0.111, 0.14, 0.211, 0.296, 0.341, 0.355, 0.359, 0.36, 0.36, 0.36, 0.36, 0.36, 0.36, 0.36, 0.36, 0.36, 0.36, 0.36, 0.36, 0.36, 0.36, 0.36, 0.36, 0.36, 0.36, 0.36, 0.36, 0.36, 0.36, 0.36, 0.36, 0.36, 0.36, 0.36, 0.36, 0.36, 0.36, 0.36, 0.36, 0.36, 0.36, 0.36, 0.36, 0.36, 0.36, 0.36, 0.36, 0.36, 0.36, 0.36, 0.36, 0.36], params=[1.0, 1.0, 0.1, 0.64], fit_error=[0.018, 0.028])",[-70.  70.],"[0.104, 0.36]","[0.1, 0.1, 0.1, 0.1, 0.1, 0.1, 0.1, 0.1, 0.1, 0.1, 0.1, 0.1, 0.1, 0.1, 0.1, 0.1, 0.1, 0.1, 0.1, 0.1, 0.1, 0.1, 0.1, 0.1, 0.1, 0.1, 0.1, 0.1, 0.1, 0.1, 0.1, 0.1, 0.1, 0.1, 0.1, 0.1, 0.1, 0.1, 0.1, 0.1, 0.1, 0.1, 0.1, 0.1, 0.1, 0.1, 0.101, 0.103, 0.111, 0.14, 0.211, 0.296, 0.341, 0.355, 0.359, 0.36, 0.36, 0.36, 0.36, 0.36, 0.36, 0.36, 0.36, 0.36, 0.36, 0.36, 0.36, 0.36, 0.36, 0.36, 0.36, 0.36, 0.36, 0.36, 0.36, 0.36, 0.36, 0.36, 0.36, 0.36, 0.36, 0.36, 0.36, 0.36, 0.36, 0.36, 0.36, 0.36, 0.36, 0.36, 0.36, 0.36, 0.36, 0.36, 0.36, 0.36, 0.36, 0.36, 0.36, 0.36]","[0.018, 0.028]","[1.0, 1.0, 0.1, 0.64]",1.0,1.0,0.1,0.64,"psych_curve(xdata=array([-70.,  70.]), ydata=[0.628, 0.9], fit=[nan, nan, nan, nan, nan, nan, nan, nan, nan, nan, nan, nan, nan, nan, nan, nan, nan, nan, nan, nan, nan, nan, nan, nan, nan, nan, nan, nan, nan, nan, nan, nan, nan, nan, nan, nan, nan, nan, nan, nan, nan, nan, nan, nan, nan, nan, nan, nan, nan, nan, nan, nan, nan, nan, nan, nan, nan, nan, nan, nan, nan, nan, nan, nan, nan, nan, nan, nan, nan, nan, nan, nan, nan, nan, nan, nan, nan, nan, nan, nan, nan, nan, nan, nan, nan, nan, nan, nan, nan, nan, nan, nan, nan, nan, nan, nan, nan, nan, nan, nan], params=[1.0, 1.0, 0.63, 0.1], fit_error=[0.028, 0.018])",[-70.  70.],"[0.104, 0.36]","[0.1, 0.1, 0.1, 0.1, 0.1, 0.1, 0.1, 0.1, 0.1, 0.1, 0.1, 0.1, 0.1, 0.1, 0.1, 0.1, 0.1, 0.1, 0.1, 0.1, 0.1, 0.1, 0.1, 0.1, 0.1, 0.1, 0.1, 0.1, 0.1, 0.1, 0.1, 0.1, 0.1, 0.1, 0.1, 0.1, 0.1, 0.1, 0.1, 0.1, 0.1, 0.1, 0.1, 0.1, 0.1, 0.1, 0.101, 0.103, 0.111, 0.14, 0.211, 0.296, 0.341, 0.355, 0.359, 0.36, 0.36, 0.36, 0.36, 0.36, 0.36, 0.36, 0.36, 0.36, 0.36, 0.36, 0.36, 0.36, 0.36, 0.36, 0.36, 0.36, 0.36, 0.36, 0.36, 0.36, 0.36, 0.36, 0.36, 0.36, 0.36, 0.36, 0.36, 0.36, 0.36, 0.36, 0.36, 0.36, 0.36, 0.36, 0.36, 0.36, 0.36, 0.36, 0.36, 0.36, 0.36, 0.36, 0.36, 0.36]","[0.018, 0.028]","[1.0, 1.0, 0.63, 0.1]",1.0,1.0,0.63,0.1
2023-03-28,1,124,807,['Bpod4'],528,256,272,411,103,343,243,100,216,119,169,2,167,0.6496212121212122,0.94921875,0.36764705882352944,514,246,268,365,332,33,0.8077858880778589,0.32038834951456313,137,68,69,0.1654501216545012,0.6699029126213593,0.6673151750972762,0.9878048780487805,0.373134328358209,0.6673151750972762,-0.6146705496905716,0.5917808219178082,0.8686131386861314,-0.2768323167683232,0.564087118796211,0.41767651713793025,14,10,4,0.026515151515151516,0.0390625,0.014705882352941176,343,243,100,857.5,607.5,250.0,0,2,1,0,0.5,"psych_curve(xdata=array([-70.,  70.]), ydata=[0.012, 0.373], fit=[0.01, 0.01, 0.01, 0.01, 0.01, 0.01, 0.01, 0.01, 0.01, 0.01, 0.01, 0.01, 0.01, 0.01, 0.01, 0.01, 0.01, 0.01, 0.01, 0.01, 0.01, 0.01, 0.01, 0.01, 0.01, 0.01, 0.01, 0.01, 0.01, 0.01, 0.01, 0.01, 0.01, 0.01, 0.01, 0.01, 0.01, 0.01, 0.01, 0.01, 0.01, 0.01, 0.01, 0.01, 0.01, 0.01, 0.011, 0.014, 0.025, 0.065, 0.164, 0.282, 0.344, 0.363, 0.368, 0.37, 0.37, 0.37, 0.37, 0.37, 0.37, 0.37, 0.37, 0.37, 0.37, 0.37, 0.37, 0.37, 0.37, 0.37, 0.37, 0.37, 0.37, 0.37, 0.37, 0.37, 0.37, 0.37, 0.37, 0.37, 0.37, 0.37, 0.37, 0.37, 0.37, 0.37, 0.37, 0.37, 0.37, 0.37, 0.37, 0.37, 0.37, 0.37, 0.37, 0.37, 0.37, 0.37, 0.37, 0.37], params=[1.0, 1.0, 0.01, 0.63], fit_error=[0.007, 0.03])",[-70.  70.],"[0.012, 0.373]","[0.01, 0.01, 0.01, 0.01, 0.01, 0.01, 0.01, 0.01, 0.01, 0.01, 0.01, 0.01, 0.01, 0.01, 0.01, 0.01, 0.01, 0.01, 0.01, 0.01, 0.01, 0.01, 0.01, 0.01, 0.01, 0.01, 0.01, 0.01, 0.01, 0.01, 0.01, 0.01, 0.01, 0.01, 0.01, 0.01, 0.01, 0.01, 0.01, 0.01, 0.01, 0.01, 0.01, 0.01, 0.01, 0.01, 0.011, 0.014, 0.025, 0.065, 0.164, 0.282, 0.344, 0.363, 0.368, 0.37, 0.37, 0.37, 0.37, 0.37, 0.37, 0.37, 0.37, 0.37, 0.37, 0.37, 0.37, 0.37, 0.37, 0.37, 0.37, 0.37, 0.37, 0.37, 0.37, 0.37, 0.37, 0.37, 0.37, 0.37, 0.37, 0.37, 0.37, 0.37, 0.37, 0.37, 0.37, 0.37, 0.37, 0.37, 0.37, 0.37, 0.37, 0.37, 0.37, 0.37, 0.37, 0.37, 0.37, 0.37]","[0.007, 0.03]","[1.0, 1.0, 0.01, 0.63]",1.0,1.0,0.01,0.63,"psych_curve(xdata=array([-70.,  70.]), ydata=[0.556, 0.923], fit=[nan, nan, nan, nan, nan, nan, nan, nan, nan, nan, nan, nan, nan, nan, nan, nan, nan, nan, nan, nan, nan, nan, nan, nan, nan, nan, nan, nan, nan, nan, nan, nan, nan, nan, nan, nan, nan, nan, nan, nan, nan, nan, nan, nan, nan, nan, nan, nan, nan, nan, nan, nan, nan, nan, nan, nan, nan, nan, nan, nan, nan, nan, nan, nan, nan, nan, nan, nan, nan, nan, nan, nan, nan, nan, nan, nan, nan, nan, nan, nan, nan, nan, nan, nan, nan, nan, nan, nan, nan, nan, nan, nan, nan, nan, nan, nan, nan, nan, nan, nan], params=[1.0, 1.0, 0.56, 0.08], fit_error=[0.03, 0.017])",[-70.  70.],"[0.012, 0.373]","[0.01, 0.01, 0.01, 0.01, 0.01, 0.01, 0.01, 0.01, 0.01, 0.01, 0.01, 0.01, 0.01, 0.01, 0.01, 0.01, 0.01, 0.01, 0.01, 0.01, 0.01, 0.01, 0.01, 0.01, 0.01, 0.01, 0.01, 0.01, 0.01, 0.01, 0.01, 0.01, 0.01, 0.01, 0.01, 0.01, 0.01, 0.01, 0.01, 0.01, 0.01, 0.01, 0.01, 0.01, 0.01, 0.01, 0.011, 0.014, 0.025, 0.065, 0.164, 0.282, 0.344, 0.363, 0.368, 0.37, 0.37, 0.37, 0.37, 0.37, 0.37, 0.37, 0.37, 0.37, 0.37, 0.37, 0.37, 0.37, 0.37, 0.37, 0.37, 0.37, 0.37, 0.37, 0.37, 0.37, 0.37, 0.37, 0.37, 0.37, 0.37, 0.37, 0.37, 0.37, 0.37, 0.37, 0.37, 0.37, 0.37, 0.37, 0.37, 0.37, 0.37, 0.37, 0.37, 0.37, 0.37, 0.37, 0.37, 0.37]","[0.007, 0.03]","[1.0, 1.0, 0.56, 0.08]",1.0,1.0,0.56,0.08
2023-03-29,2,125,807,['Bpod5'],400,190,210,251,134,301,176,125,178,118,84,9,75,0.7525,0.9263157894736842,0.5952380952380952,385,185,200,249,181,68,0.7211155378486056,0.5074626865671642,130,66,64,0.26294820717131473,0.47761194029850745,0.7818181818181819,0.9513513513513514,0.625,0.7818181818181819,-0.3263513513513514,0.714859437751004,0.9076923076923077,-0.19283286994130366,0.6142891122078848,0.3702800737349111,15,5,10,0.0375,0.02631578947368421,0.047619047619047616,301,176,125,752.5,440.0,312.5,0,0,0,0,0.125,"psych_curve(xdata=array([-70.,  70.]), ydata=[0.049, 0.625], fit=[0.05, 0.05, 0.05, 0.05, 0.05, 0.05, 0.05, 0.05, 0.05, 0.05, 0.05, 0.05, 0.05, 0.05, 0.05, 0.05, 0.05, 0.05, 0.05, 0.05, 0.05, 0.05, 0.05, 0.05, 0.05, 0.05, 0.05, 0.05, 0.05, 0.05, 0.05, 0.05, 0.05, 0.05, 0.05, 0.05, 0.05, 0.05, 0.05, 0.05, 0.05, 0.05, 0.05, 0.05, 0.05, 0.05, 0.052, 0.056, 0.074, 0.139, 0.298, 0.487, 0.587, 0.619, 0.627, 0.629, 0.63, 0.63, 0.63, 0.63, 0.63, 0.63, 0.63, 0.63, 0.63, 0.63, 0.63, 0.63, 0.63, 0.63, 0.63, 0.63, 0.63, 0.63, 0.63, 0.63, 0.63, 0.63, 0.63, 0.63, 0.63, 0.63, 0.63, 0.63, 0.63, 0.63, 0.63, 0.63, 0.63, 0.63, 0.63, 0.63, 0.63, 0.63, 0.63, 0.63, 0.63, 0.63, 0.63, 0.63], params=[1.0, 1.0, 0.05, 0.37], fit_error=[0.016, 0.034])",[-70.  70.],"[0.049, 0.625]","[0.05, 0.05, 0.05, 0.05, 0.05, 0.05, 0.05, 0.05, 0.05, 0.05, 0.05, 0.05, 0.05, 0.05, 0.05, 0.05, 0.05, 0.05, 0.05, 0.05, 0.05, 0.05, 0.05, 0.05, 0.05, 0.05, 0.05, 0.05, 0.05, 0.05, 0.05, 0.05, 0.05, 0.05, 0.05, 0.05, 0.05, 0.05, 0.05, 0.05, 0.05, 0.05, 0.05, 0.05, 0.05, 0.05, 0.052, 0.056, 0.074, 0.139, 0.298, 0.487, 0.587, 0.619, 0.627, 0.629, 0.63, 0.63, 0.63, 0.63, 0.63, 0.63, 0.63, 0.63, 0.63, 0.63, 0.63, 0.63, 0.63, 0.63, 0.63, 0.63, 0.63, 0.63, 0.63, 0.63, 0.63, 0.63, 0.63, 0.63, 0.63, 0.63, 0.63, 0.63, 0.63, 0.63, 0.63, 0.63, 0.63, 0.63, 0.63, 0.63, 0.63, 0.63, 0.63, 0.63, 0.63, 0.63, 0.63, 0.63]","[0.016, 0.034]","[1.0, 1.0, 0.05, 0.37]",1.0,1.0,0.05,0.37,"psych_curve(xdata=array([-70.,  70.]), ydata=[0.376, 0.937], fit=[nan, nan, nan, nan, nan, nan, nan, nan, nan, nan, nan, nan, nan, nan, nan, nan, nan, nan, nan, nan, nan, nan, nan, nan, nan, nan, nan, nan, nan, nan, nan, nan, nan, nan, nan, nan, nan, nan, nan, nan, nan, nan, nan, nan, nan, nan, nan, nan, nan, nan, nan, nan, nan, nan, nan, nan, nan, nan, nan, nan, nan, nan, nan, nan, nan, nan, nan, nan, nan, nan, nan, nan, nan, nan, nan, nan, nan, nan, nan, nan, nan, nan, nan, nan, nan, nan, nan, nan, nan, nan, nan, nan, nan, nan, nan, nan, nan, nan, nan, nan], params=[1.0, 1.0, 0.38, 0.06], fit_error=[0.035, 0.018])",[-70.  70.],"[0.049, 0.625]","[0.05, 0.05, 0.05, 0.05, 0.05, 0.05, 0.05, 0.05, 0.05, 0.05, 0.05, 0.05, 0.05, 0.05, 0.05, 0.05, 0.05, 0.05, 0.05, 0.05, 0.05, 0.05, 0.05, 0.05, 0.05, 0.05, 0.05, 0.05, 0.05, 0.05, 0.05, 0.05, 0.05, 0.05, 0.05, 0.05, 0.05, 0.05, 0.05, 0.05, 0.05, 0.05, 0.05, 0.05, 0.05, 0.05, 0.052, 0.056, 0.074, 0.139, 0.298, 0.487, 0.587, 0.619, 0.627, 0.629, 0.63, 0.63, 0.63, 0.63, 0.63, 0.63, 0.63, 0.63, 0.63, 0.63, 0.63, 0.63, 0.63, 0.63, 0.63, 0.63, 0.63, 0.63, 0.63, 0.63, 0.63, 0.63, 0.63, 0.63, 0.63, 0.63, 0.63, 0.63, 0.63, 0.63, 0.63, 0.63, 0.63, 0.63, 0.63, 0.63, 0.63, 0.63, 0.63, 0.63, 0.63, 0.63, 0.63, 0.63]","[0.016, 0.034]","[1.0, 1.0, 0.38, 0.06]",1.0,1.0,0.38,0.06
2023-03-30,3,126,807,['Bpod5'],474,240,234,252,181,396,220,176,356,25,37,5,32,0.8354430379746836,0.9166666666666666,0.7521367521367521,433,225,208,374,220,154,0.873015873015873,0.850828729281768,35,16,19,0.06349206349206349,0.10497237569060773,0.9145496535796767,0.9777777777777777,0.8461538461538461,0.9145496535796767,-0.1316239316239316,0.9518716577540107,0.7142857142857143,0.23758594346829642,0.8619223011488205,0.08423221959133562,41,15,26,0.08649789029535865,0.0625,0.1111111111111111,396,220,176,990.0,550.0,440.0,0,0,0,0,0.125,"psych_curve(xdata=array([-70.,  70.]), ydata=[0.022, 0.846], fit=[0.02, 0.02, 0.02, 0.02, 0.02, 0.02, 0.02, 0.02, 0.02, 0.02, 0.02, 0.02, 0.02, 0.02, 0.02, 0.02, 0.02, 0.02, 0.02, 0.02, 0.02, 0.02, 0.02, 0.02, 0.02, 0.02, 0.02, 0.02, 0.02, 0.02, 0.02, 0.02, 0.02, 0.02, 0.02, 0.02, 0.02, 0.02, 0.02, 0.02, 0.02, 0.02, 0.02, 0.02, 0.02, 0.021, 0.022, 0.029, 0.055, 0.147, 0.375, 0.646, 0.789, 0.834, 0.846, 0.849, 0.85, 0.85, 0.85, 0.85, 0.85, 0.85, 0.85, 0.85, 0.85, 0.85, 0.85, 0.85, 0.85, 0.85, 0.85, 0.85, 0.85, 0.85, 0.85, 0.85, 0.85, 0.85, 0.85, 0.85, 0.85, 0.85, 0.85, 0.85, 0.85, 0.85, 0.85, 0.85, 0.85, 0.85, 0.85, 0.85, 0.85, 0.85, 0.85, 0.85, 0.85, 0.85, 0.85, 0.85], params=[1.0, 1.0, 0.02, 0.15], fit_error=[0.01, 0.025])",[-70.  70.],"[0.022, 0.846]","[0.02, 0.02, 0.02, 0.02, 0.02, 0.02, 0.02, 0.02, 0.02, 0.02, 0.02, 0.02, 0.02, 0.02, 0.02, 0.02, 0.02, 0.02, 0.02, 0.02, 0.02, 0.02, 0.02, 0.02, 0.02, 0.02, 0.02, 0.02, 0.02, 0.02, 0.02, 0.02, 0.02, 0.02, 0.02, 0.02, 0.02, 0.02, 0.02, 0.02, 0.02, 0.02, 0.02, 0.02, 0.02, 0.021, 0.022, 0.029, 0.055, 0.147, 0.375, 0.646, 0.789, 0.834, 0.846, 0.849, 0.85, 0.85, 0.85, 0.85, 0.85, 0.85, 0.85, 0.85, 0.85, 0.85, 0.85, 0.85, 0.85, 0.85, 0.85, 0.85, 0.85, 0.85, 0.85, 0.85, 0.85, 0.85, 0.85, 0.85, 0.85, 0.85, 0.85, 0.85, 0.85, 0.85, 0.85, 0.85, 0.85, 0.85, 0.85, 0.85, 0.85, 0.85, 0.85, 0.85, 0.85, 0.85, 0.85, 0.85]","[0.01, 0.025]","[1.0, 1.0, 0.02, 0.15]",1.0,1.0,0.02,0.15,"psych_curve(xdata=array([-70.,  70.]), ydata=[0.419, 0.973], fit=[nan, nan, nan, nan, nan, nan, nan, nan, nan, nan, nan, nan, nan, nan, nan, nan, nan, nan, nan, nan, nan, nan, nan, nan, nan, nan, nan, nan, nan, nan, nan, nan, nan, nan, nan, nan, nan, nan, nan, nan, nan, nan, nan, nan, nan, nan, nan, nan, nan, nan, nan, nan, nan, nan, nan, nan, nan, nan, nan, nan, nan, nan, nan, nan, nan, nan, nan, nan, nan, nan, nan, nan, nan, nan, nan, nan, nan, nan, nan, nan, nan, nan, nan, nan, nan, nan, nan, nan, nan, nan, nan, nan, nan, nan, nan, nan, nan, nan, nan, nan], params=[1.0, 1.0, 0.42, 0.03], fit_error=[0.076, 0.009])",[-70.  70.],"[0.022, 0.846]","[0.02, 0.02, 0.02, 0.02, 0.02, 0.02, 0.02, 0.02, 0.02, 0.02, 0.02, 0.02, 0.02, 0.02, 0.02, 0.02, 0.02, 0.02, 0.02, 0.02, 0.02, 0.02, 0.02, 0.02, 0.02, 0.02, 0.02, 0.02, 0.02, 0.02, 0.02, 0.02, 0.02, 0.02, 0.02, 0.02, 0.02, 0.02, 0.02, 0.02, 0.02, 0.02, 0.02, 0.02, 0.02, 0.021, 0.022, 0.029, 0.055, 0.147, 0.375, 0.646, 0.789, 0.834, 0.846, 0.849, 0.85, 0.85, 0.85, 0.85, 0.85, 0.85, 0.85, 0.85, 0.85, 0.85, 0.85, 0.85, 0.85, 0.85, 0.85, 0.85, 0.85, 0.85, 0.85, 0.85, 0.85, 0.85, 0.85, 0.85, 0.85, 0.85, 0.85, 0.85, 0.85, 0.85, 0.85, 0.85, 0.85, 0.85, 0.85, 0.85, 0.85, 0.85, 0.85, 0.85, 0.85, 0.85, 0.85, 0.85]","[0.01, 0.025]","[1.0, 1.0, 0.42, 0.03]",1.0,1.0,0.42,0.03
2023-03-31,4,127,807,['Bpod5'],421,211,210,230,180,388,209,179,344,39,22,1,21,0.9216152019002375,0.990521327014218,0.8523809523809524,410,210,200,357,202,155,0.8782608695652174,0.8611111111111112,46,23,23,0.1,0.12777777777777777,0.9463414634146341,0.9952380952380953,0.895,0.9463414634146341,-0.10023809523809524,0.9635854341736695,0.8478260869565217,0.11575934721714776,0.8696859903381643,0.11388888888888889,11,1,10,0.026128266033254157,0.004739336492890996,0.047619047619047616,388,209,179,970.0,522.5,447.5,0,0,0,0,0.125,"psych_curve(xdata=array([-70.,  70.]), ydata=[0.005, 0.895], fit=[0.0, 0.0, 0.0, 0.0, 0.0, 0.0, 0.0, 0.0, 0.0, 0.0, 0.0, 0.0, 0.0, 0.0, 0.0, 0.0, 0.0, 0.0, 0.0, 0.0, 0.0, 0.0, 0.0, 0.0, 0.0, 0.0, 0.0, 0.0, 0.0, 0.0, 0.0, 0.0, 0.0, 0.0, 0.0, 0.0, 0.0, 0.0, 0.0, 0.0, 0.0, 0.0, 0.0, 0.0, 0.0, 0.001, 0.002, 0.01, 0.038, 0.138, 0.385, 0.679, 0.834, 0.883, 0.896, 0.899, 0.9, 0.9, 0.9, 0.9, 0.9, 0.9, 0.9, 0.9, 0.9, 0.9, 0.9, 0.9, 0.9, 0.9, 0.9, 0.9, 0.9, 0.9, 0.9, 0.9, 0.9, 0.9, 0.9, 0.9, 0.9, 0.9, 0.9, 0.9, 0.9, 0.9, 0.9, 0.9, 0.9, 0.9, 0.9, 0.9, 0.9, 0.9, 0.9, 0.9, 0.9, 0.9, 0.9, 0.9], params=[1.0, 1.0, 0.0, 0.1], fit_error=[0.005, 0.022])",[-70.  70.],"[0.005, 0.895]","[0.0, 0.0, 0.0, 0.0, 0.0, 0.0, 0.0, 0.0, 0.0, 0.0, 0.0, 0.0, 0.0, 0.0, 0.0, 0.0, 0.0, 0.0, 0.0, 0.0, 0.0, 0.0, 0.0, 0.0, 0.0, 0.0, 0.0, 0.0, 0.0, 0.0, 0.0, 0.0, 0.0, 0.0, 0.0, 0.0, 0.0, 0.0, 0.0, 0.0, 0.0, 0.0, 0.0, 0.0, 0.0, 0.001, 0.002, 0.01, 0.038, 0.138, 0.385, 0.679, 0.834, 0.883, 0.896, 0.899, 0.9, 0.9, 0.9, 0.9, 0.9, 0.9, 0.9, 0.9, 0.9, 0.9, 0.9, 0.9, 0.9, 0.9, 0.9, 0.9, 0.9, 0.9, 0.9, 0.9, 0.9, 0.9, 0.9, 0.9, 0.9, 0.9, 0.9, 0.9, 0.9, 0.9, 0.9, 0.9, 0.9, 0.9, 0.9, 0.9, 0.9, 0.9, 0.9, 0.9, 0.9, 0.9, 0.9, 0.9]","[0.005, 0.022]","[1.0, 1.0, 0.0, 0.1]",1.0,1.0,0.0,0.1,"psych_curve(xdata=array([-70.,  70.]), ydata=[0.25, 0.98], fit=[nan, nan, nan, nan, nan, nan, nan, nan, nan, nan, nan, nan, nan, nan, nan, nan, nan, nan, nan, nan, nan, nan, nan, nan, nan, nan, nan, nan, nan, nan, nan, nan, nan, nan, nan, nan, nan, nan, nan, nan, nan, nan, nan, nan, nan, nan, nan, nan, nan, nan, nan, nan, nan, nan, nan, nan, nan, nan, nan, nan, nan, nan, nan, nan, nan, nan, nan, nan, nan, nan, nan, nan, nan, nan, nan, nan, nan, nan, nan, nan, nan, nan, nan, nan, nan, nan, nan, nan, nan, nan, nan, nan, nan, nan, nan, nan, nan, nan, nan, nan], params=[1.0, 1.0, 0.25, 0.02], fit_error=[0.061, 0.007])",[-70.  70.],"[0.005, 0.895]","[0.0, 0.0, 0.0, 0.0, 0.0, 0.0, 0.0, 0.0, 0.0, 0.0, 0.0, 0.0, 0.0, 0.0, 0.0, 0.0, 0.0, 0.0, 0.0, 0.0, 0.0, 0.0, 0.0, 0.0, 0.0, 0.0, 0.0, 0.0, 0.0, 0.0, 0.0, 0.0, 0.0, 0.0, 0.0, 0.0, 0.0, 0.0, 0.0, 0.0, 0.0, 0.0, 0.0, 0.0, 0.0, 0.001, 0.002, 0.01, 0.038, 0.138, 0.385, 0.679, 0.834, 0.883, 0.896, 0.899, 0.9, 0.9, 0.9, 0.9, 0.9, 0.9, 0.9, 0.9, 0.9, 0.9, 0.9, 0.9, 0.9, 0.9, 0.9, 0.9, 0.9, 0.9, 0.9, 0.9, 0.9, 0.9, 0.9, 0.9, 0.9, 0.9, 0.9, 0.9, 0.9, 0.9, 0.9, 0.9, 0.9, 0.9, 0.9, 0.9, 0.9, 0.9, 0.9, 0.9, 0.9, 0.9, 0.9, 0.9]","[0.005, 0.022]","[1.0, 1.0, 0.25, 0.02]",1.0,1.0,0.25,0.02
2023-04-03,0,130,807,['Bpod5'],436,220,216,233,181,371,203,168,287,76,43,13,30,0.8509174311926605,0.9227272727272727,0.7777777777777778,414,216,198,321,182,139,0.7811158798283262,0.7679558011049724,82,41,41,0.1759656652360515,0.2265193370165746,0.8961352657004831,0.9398148148148148,0.8484848484848485,0.8961352657004831,-0.09132996632996626,0.8940809968847352,0.926829268292683,-0.03274827140794778,0.7745358404666494,0.20124250112631303,22,4,18,0.05045871559633028,0.01818181818181818,0.08333333333333333,371,203,168,927.5,507.5,420.0,0,0,0,0,0.125,"psych_curve(xdata=array([-70.,  70.]), ydata=[0.06, 0.848], fit=[0.06, 0.06, 0.06, 0.06, 0.06, 0.06, 0.06, 0.06, 0.06, 0.06, 0.06, 0.06, 0.06, 0.06, 0.06, 0.06, 0.06, 0.06, 0.06, 0.06, 0.06, 0.06, 0.06, 0.06, 0.06, 0.06, 0.06, 0.06, 0.06, 0.06, 0.06, 0.06, 0.06, 0.06, 0.06, 0.06, 0.06, 0.06, 0.06, 0.06, 0.06, 0.06, 0.06, 0.06, 0.06, 0.061, 0.062, 0.068, 0.093, 0.181, 0.398, 0.656, 0.792, 0.835, 0.846, 0.849, 0.85, 0.85, 0.85, 0.85, 0.85, 0.85, 0.85, 0.85, 0.85, 0.85, 0.85, 0.85, 0.85, 0.85, 0.85, 0.85, 0.85, 0.85, 0.85, 0.85, 0.85, 0.85, 0.85, 0.85, 0.85, 0.85, 0.85, 0.85, 0.85, 0.85, 0.85, 0.85, 0.85, 0.85, 0.85, 0.85, 0.85, 0.85, 0.85, 0.85, 0.85, 0.85, 0.85, 0.85], params=[1.0, 1.0, 0.06, 0.15], fit_error=[0.016, 0.026])",[-70.  70.],"[0.06, 0.848]","[0.06, 0.06, 0.06, 0.06, 0.06, 0.06, 0.06, 0.06, 0.06, 0.06, 0.06, 0.06, 0.06, 0.06, 0.06, 0.06, 0.06, 0.06, 0.06, 0.06, 0.06, 0.06, 0.06, 0.06, 0.06, 0.06, 0.06, 0.06, 0.06, 0.06, 0.06, 0.06, 0.06, 0.06, 0.06, 0.06, 0.06, 0.06, 0.06, 0.06, 0.06, 0.06, 0.06, 0.06, 0.06, 0.061, 0.062, 0.068, 0.093, 0.181, 0.398, 0.656, 0.792, 0.835, 0.846, 0.849, 0.85, 0.85, 0.85, 0.85, 0.85, 0.85, 0.85, 0.85, 0.85, 0.85, 0.85, 0.85, 0.85, 0.85, 0.85, 0.85, 0.85, 0.85, 0.85, 0.85, 0.85, 0.85, 0.85, 0.85, 0.85, 0.85, 0.85, 0.85, 0.85, 0.85, 0.85, 0.85, 0.85, 0.85, 0.85, 0.85, 0.85, 0.85, 0.85, 0.85, 0.85, 0.85, 0.85, 0.85]","[0.016, 0.026]","[1.0, 1.0, 0.06, 0.15]",1.0,1.0,0.06,0.15,"psych_curve(xdata=array([-70.,  70.]), ydata=[0.309, 0.98], fit=[nan, nan, nan, nan, nan, nan, nan, nan, nan, nan, nan, nan, nan, nan, nan, nan, nan, nan, nan, nan, nan, nan, nan, nan, nan, nan, nan, nan, nan, nan, nan, nan, nan, nan, nan, nan, nan, nan, nan, nan, nan, nan, nan, nan, nan, nan, nan, nan, nan, nan, nan, nan, nan, nan, nan, nan, nan, nan, nan, nan, nan, nan, nan, nan, nan, nan, nan, nan, nan, nan, nan, nan, nan, nan, nan, nan, nan, nan, nan, nan, nan, nan, nan, nan, nan, nan, nan, nan, nan, nan, nan, nan, nan, nan, nan, nan, nan, nan, nan, nan], params=[1.0, 1.0, 0.31, 0.02], fit_error=[0.044, 0.008])",[-70.  70.],"[0.06, 0.848]","[0.06, 0.06, 0.06, 0.06, 0.06, 0.06, 0.06, 0.06, 0.06, 0.06, 0.06, 0.06, 0.06, 0.06, 0.06, 0.06, 0.06, 0.06, 0.06, 0.06, 0.06, 0.06, 0.06, 0.06, 0.06, 0.06, 0.06, 0.06, 0.06, 0.06, 0.06, 0.06, 0.06, 0.06, 0.06, 0.06, 0.06, 0.06, 0.06, 0.06, 0.06, 0.06, 0.06, 0.06, 0.06, 0.061, 0.062, 0.068, 0.093, 0.181, 0.398, 0.656, 0.792, 0.835, 0.846, 0.849, 0.85, 0.85, 0.85, 0.85, 0.85, 0.85, 0.85, 0.85, 0.85, 0.85, 0.85, 0.85, 0.85, 0.85, 0.85, 0.85, 0.85, 0.85, 0.85, 0.85, 0.85, 0.85, 0.85, 0.85, 0.85, 0.85, 0.85, 0.85, 0.85, 0.85, 0.85, 0.85, 0.85, 0.85, 0.85, 0.85, 0.85, 0.85, 0.85, 0.85, 0.85, 0.85, 0.85, 0.85]","[0.016, 0.026]","[1.0, 1.0, 0.31, 0.02]",1.0,1.0,0.31,0.02
2023-04-04,1,131,807,['Bpod5'],417,210,207,229,175,374,203,171,326,46,30,4,26,0.8968824940047961,0.9666666666666667,0.8260869565217391,404,207,197,346,198,148,0.8646288209606987,0.8457142857142858,54,27,27,0.11790393013100436,0.15428571428571428,0.9257425742574258,0.9806763285024155,0.868020304568528,0.9257425742574258,-0.11265602393388752,0.9421965317919075,0.8518518518518519,0.09034467994005568,0.8551715533374922,0.13609482220835933,13,3,10,0.03117505995203837,0.014285714285714285,0.04830917874396135,374,203,171,935.0,507.5,427.5,0,0,0,0,0.125,"psych_curve(xdata=array([-70.,  70.]), ydata=[0.019, 0.868], fit=[0.02, 0.02, 0.02, 0.02, 0.02, 0.02, 0.02, 0.02, 0.02, 0.02, 0.02, 0.02, 0.02, 0.02, 0.02, 0.02, 0.02, 0.02, 0.02, 0.02, 0.02, 0.02, 0.02, 0.02, 0.02, 0.02, 0.02, 0.02, 0.02, 0.02, 0.02, 0.02, 0.02, 0.02, 0.02, 0.02, 0.02, 0.02, 0.02, 0.02, 0.02, 0.02, 0.02, 0.02, 0.02, 0.021, 0.022, 0.029, 0.056, 0.151, 0.383, 0.661, 0.808, 0.854, 0.866, 0.869, 0.87, 0.87, 0.87, 0.87, 0.87, 0.87, 0.87, 0.87, 0.87, 0.87, 0.87, 0.87, 0.87, 0.87, 0.87, 0.87, 0.87, 0.87, 0.87, 0.87, 0.87, 0.87, 0.87, 0.87, 0.87, 0.87, 0.87, 0.87, 0.87, 0.87, 0.87, 0.87, 0.87, 0.87, 0.87, 0.87, 0.87, 0.87, 0.87, 0.87, 0.87, 0.87, 0.87, 0.87], params=[1.0, 1.0, 0.02, 0.13], fit_error=[0.01, 0.024])",[-70.  70.],"[0.019, 0.868]","[0.02, 0.02, 0.02, 0.02, 0.02, 0.02, 0.02, 0.02, 0.02, 0.02, 0.02, 0.02, 0.02, 0.02, 0.02, 0.02, 0.02, 0.02, 0.02, 0.02, 0.02, 0.02, 0.02, 0.02, 0.02, 0.02, 0.02, 0.02, 0.02, 0.02, 0.02, 0.02, 0.02, 0.02, 0.02, 0.02, 0.02, 0.02, 0.02, 0.02, 0.02, 0.02, 0.02, 0.02, 0.02, 0.021, 0.022, 0.029, 0.056, 0.151, 0.383, 0.661, 0.808, 0.854, 0.866, 0.869, 0.87, 0.87, 0.87, 0.87, 0.87, 0.87, 0.87, 0.87, 0.87, 0.87, 0.87, 0.87, 0.87, 0.87, 0.87, 0.87, 0.87, 0.87, 0.87, 0.87, 0.87, 0.87, 0.87, 0.87, 0.87, 0.87, 0.87, 0.87, 0.87, 0.87, 0.87, 0.87, 0.87, 0.87, 0.87, 0.87, 0.87, 0.87, 0.87, 0.87, 0.87, 0.87, 0.87, 0.87]","[0.01, 0.024]","[1.0, 1.0, 0.02, 0.13]",1.0,1.0,0.02,0.13,"psych_curve(xdata=array([-70.,  70.]), ydata=[0.303, 0.976], fit=[nan, nan, nan, nan, nan, nan, nan, nan, nan, nan, nan, nan, nan, nan, nan, nan, nan, nan, nan, nan, nan, nan, nan, nan, nan, nan, nan, nan, nan, nan, nan, nan, nan, nan, nan, nan, nan, nan, nan, nan, nan, nan, nan, nan, nan, nan, nan, nan, nan, nan, nan, nan, nan, nan, nan, nan, nan, nan, nan, nan, nan, nan, nan, nan, nan, nan, nan, nan, nan, nan, nan, nan, nan, nan, nan, nan, nan, nan, nan, nan, nan, nan, nan, nan, nan, nan, nan, nan, nan, nan, nan, nan, nan, nan, nan, nan, nan, nan, nan, nan], params=[1.0, 1.0, 0.3, 0.02], fit_error=[0.057, 0.008])",[-70.  70.],"[0.019, 0.868]","[0.02, 0.02, 0.02, 0.02, 0.02, 0.02, 0.02, 0.02, 0.02, 0.02, 0.02, 0.02, 0.02, 0.02, 0.02, 0.02, 0.02, 0.02, 0.02, 0.02, 0.02, 0.02, 0.02, 0.02, 0.02, 0.02, 0.02, 0.02, 0.02, 0.02, 0.02, 0.02, 0.02, 0.02, 0.02, 0.02, 0.02, 0.02, 0.02, 0.02, 0.02, 0.02, 0.02, 0.02, 0.02, 0.021, 0.022, 0.029, 0.056, 0.151, 0.383, 0.661, 0.808, 0.854, 0.866, 0.869, 0.87, 0.87, 0.87, 0.87, 0.87, 0.87, 0.87, 0.87, 0.87, 0.87, 0.87, 0.87, 0.87, 0.87, 0.87, 0.87, 0.87, 0.87, 0.87, 0.87, 0.87, 0.87, 0.87, 0.87, 0.87, 0.87, 0.87, 0.87, 0.87, 0.87, 0.87, 0.87, 0.87, 0.87, 0.87, 0.87, 0.87, 0.87, 0.87, 0.87, 0.87, 0.87, 0.87, 0.87]","[0.01, 0.024]","[1.0, 1.0, 0.3, 0.02]",1.0,1.0,0.3,0.02
2023-04-05,2,132,807,['Bpod5'],636,318,318,353,266,561,302,259,271,280,58,7,51,0.8820754716981132,0.949685534591195,0.8144654088050315,619,309,310,319,202,117,0.5722379603399433,0.4398496240601504,286,142,144,0.40226628895184136,0.5413533834586466,0.9063004846526656,0.9773462783171522,0.8354838709677419,0.9063004846526656,-0.14186240734941025,0.8495297805642633,0.9790209790209791,-0.12949119845671575,0.5060437922000469,0.47180983620524397,17,9,8,0.026729559748427674,0.02830188679245283,0.025157232704402517,561,302,259,1402.5,755.0,647.5,0,0,0,0,0.125,"psych_curve(xdata=array([-70.,  70.]), ydata=[0.023, 0.835], fit=[0.02, 0.02, 0.02, 0.02, 0.02, 0.02, 0.02, 0.02, 0.02, 0.02, 0.02, 0.02, 0.02, 0.02, 0.02, 0.02, 0.02, 0.02, 0.02, 0.02, 0.02, 0.02, 0.02, 0.02, 0.02, 0.02, 0.02, 0.02, 0.02, 0.02, 0.02, 0.02, 0.02, 0.02, 0.02, 0.02, 0.02, 0.02, 0.02, 0.02, 0.02, 0.02, 0.02, 0.02, 0.02, 0.021, 0.022, 0.029, 0.055, 0.146, 0.37, 0.638, 0.78, 0.825, 0.836, 0.839, 0.84, 0.84, 0.84, 0.84, 0.84, 0.84, 0.84, 0.84, 0.84, 0.84, 0.84, 0.84, 0.84, 0.84, 0.84, 0.84, 0.84, 0.84, 0.84, 0.84, 0.84, 0.84, 0.84, 0.84, 0.84, 0.84, 0.84, 0.84, 0.84, 0.84, 0.84, 0.84, 0.84, 0.84, 0.84, 0.84, 0.84, 0.84, 0.84, 0.84, 0.84, 0.84, 0.84, 0.84], params=[1.0, 1.0, 0.02, 0.16], fit_error=[0.008, 0.021])",[-70.  70.],"[0.023, 0.835]","[0.02, 0.02, 0.02, 0.02, 0.02, 0.02, 0.02, 0.02, 0.02, 0.02, 0.02, 0.02, 0.02, 0.02, 0.02, 0.02, 0.02, 0.02, 0.02, 0.02, 0.02, 0.02, 0.02, 0.02, 0.02, 0.02, 0.02, 0.02, 0.02, 0.02, 0.02, 0.02, 0.02, 0.02, 0.02, 0.02, 0.02, 0.02, 0.02, 0.02, 0.02, 0.02, 0.02, 0.02, 0.02, 0.021, 0.022, 0.029, 0.055, 0.146, 0.37, 0.638, 0.78, 0.825, 0.836, 0.839, 0.84, 0.84, 0.84, 0.84, 0.84, 0.84, 0.84, 0.84, 0.84, 0.84, 0.84, 0.84, 0.84, 0.84, 0.84, 0.84, 0.84, 0.84, 0.84, 0.84, 0.84, 0.84, 0.84, 0.84, 0.84, 0.84, 0.84, 0.84, 0.84, 0.84, 0.84, 0.84, 0.84, 0.84, 0.84, 0.84, 0.84, 0.84, 0.84, 0.84, 0.84, 0.84, 0.84, 0.84]","[0.008, 0.021]","[1.0, 1.0, 0.02, 0.16]",1.0,1.0,0.02,0.16,"psych_curve(xdata=array([-70.,  70.]), ydata=[0.146, 0.978], fit=[nan, nan, nan, nan, nan, nan, nan, nan, nan, nan, nan, nan, nan, nan, nan, nan, nan, nan, nan, nan, nan, nan, nan, nan, nan, nan, nan, nan, nan, nan, nan, nan, nan, nan, nan, nan, nan, nan, nan, nan, nan, nan, nan, nan, nan, nan, nan, nan, nan, nan, nan, nan, nan, nan, nan, nan, nan, nan, nan, nan, nan, nan, nan, nan, nan, nan, nan, nan, nan, nan, nan, nan, nan, nan, nan, nan, nan, nan, nan, nan, nan, nan, nan, nan, nan, nan, nan, nan, nan, nan, nan, nan, nan, nan, nan, nan, nan, nan, nan, nan], params=[1.0, 1.0, 0.15, 0.02], fit_error=[0.02, 0.009])",[-70.  70.],"[0.023, 0.835]","[0.02, 0.02, 0.02, 0.02, 0.02, 0.02, 0.02, 0.02, 0.02, 0.02, 0.02, 0.02, 0.02, 0.02, 0.02, 0.02, 0.02, 0.02, 0.02, 0.02, 0.02, 0.02, 0.02, 0.02, 0.02, 0.02, 0.02, 0.02, 0.02, 0.02, 0.02, 0.02, 0.02, 0.02, 0.02, 0.02, 0.02, 0.02, 0.02, 0.02, 0.02, 0.02, 0.02, 0.02, 0.02, 0.021, 0.022, 0.029, 0.055, 0.146, 0.37, 0.638, 0.78, 0.825, 0.836, 0.839, 0.84, 0.84, 0.84, 0.84, 0.84, 0.84, 0.84, 0.84, 0.84, 0.84, 0.84, 0.84, 0.84, 0.84, 0.84, 0.84, 0.84, 0.84, 0.84, 0.84, 0.84, 0.84, 0.84, 0.84, 0.84, 0.84, 0.84, 0.84, 0.84, 0.84, 0.84, 0.84, 0.84, 0.84, 0.84, 0.84, 0.84, 0.84, 0.84, 0.84, 0.84, 0.84, 0.84, 0.84]","[0.008, 0.021]","[1.0, 1.0, 0.15, 0.02]",1.0,1.0,0.15,0.02
2023-04-06,3,133,807,['Bpod5'],413,209,204,185,228,367,174,193,202,164,46,35,11,0.8886198547215496,0.8325358851674641,0.946078431372549,413,209,204,243,100,143,0.5405405405405406,0.6271929824561403,169,84,85,0.4540540540540541,0.37280701754385964,0.8886198547215496,0.8325358851674641,0.946078431372549,0.8886198547215496,0.11354254620508486,0.831275720164609,0.9704142011834319,-0.13913848101882287,0.5838667614983404,0.41343053579895683,0,0,0,0.0,0.0,0.0,367,174,193,917.5,435.0,482.5,0,0,0,0,0.125,"psych_curve(xdata=array([-70.,  70.]), ydata=[0.167, 0.946], fit=[0.17, 0.17, 0.17, 0.17, 0.17, 0.17, 0.17, 0.17, 0.17, 0.17, 0.17, 0.17, 0.17, 0.17, 0.17, 0.17, 0.17, 0.17, 0.17, 0.17, 0.17, 0.17, 0.17, 0.17, 0.17, 0.17, 0.17, 0.17, 0.17, 0.17, 0.17, 0.17, 0.17, 0.17, 0.17, 0.17, 0.17, 0.17, 0.17, 0.17, 0.17, 0.17, 0.17, 0.17, 0.17, 0.17, 0.172, 0.178, 0.203, 0.29, 0.503, 0.758, 0.893, 0.935, 0.946, 0.949, 0.95, 0.95, 0.95, 0.95, 0.95, 0.95, 0.95, 0.95, 0.95, 0.95, 0.95, 0.95, 0.95, 0.95, 0.95, 0.95, 0.95, 0.95, 0.95, 0.95, 0.95, 0.95, 0.95, 0.95, 0.95, 0.95, 0.95, 0.95, 0.95, 0.95, 0.95, 0.95, 0.95, 0.95, 0.95, 0.95, 0.95, 0.95, 0.95, 0.95, 0.95, 0.95, 0.95, 0.95], params=[1.0, 1.0, 0.17, 0.05], fit_error=[0.026, 0.016])",[-70.  70.],"[0.167, 0.946]","[0.17, 0.17, 0.17, 0.17, 0.17, 0.17, 0.17, 0.17, 0.17, 0.17, 0.17, 0.17, 0.17, 0.17, 0.17, 0.17, 0.17, 0.17, 0.17, 0.17, 0.17, 0.17, 0.17, 0.17, 0.17, 0.17, 0.17, 0.17, 0.17, 0.17, 0.17, 0.17, 0.17, 0.17, 0.17, 0.17, 0.17, 0.17, 0.17, 0.17, 0.17, 0.17, 0.17, 0.17, 0.17, 0.17, 0.172, 0.178, 0.203, 0.29, 0.503, 0.758, 0.893, 0.935, 0.946, 0.949, 0.95, 0.95, 0.95, 0.95, 0.95, 0.95, 0.95, 0.95, 0.95, 0.95, 0.95, 0.95, 0.95, 0.95, 0.95, 0.95, 0.95, 0.95, 0.95, 0.95, 0.95, 0.95, 0.95, 0.95, 0.95, 0.95, 0.95, 0.95, 0.95, 0.95, 0.95, 0.95, 0.95, 0.95, 0.95, 0.95, 0.95, 0.95, 0.95, 0.95, 0.95, 0.95, 0.95, 0.95]","[0.026, 0.016]","[1.0, 1.0, 0.17, 0.05]",1.0,1.0,0.17,0.05,"psych_curve(xdata=array([-70.,  70.]), ydata=[0.2, 0.976], fit=[nan, nan, nan, nan, nan, nan, nan, nan, nan, nan, nan, nan, nan, nan, nan, nan, nan, nan, nan, nan, nan, nan, nan, nan, nan, nan, nan, nan, nan, nan, nan, nan, nan, nan, nan, nan, nan, nan, nan, nan, nan, nan, nan, nan, nan, nan, nan, nan, nan, nan, nan, nan, nan, nan, nan, nan, nan, nan, nan, nan, nan, nan, nan, nan, nan, nan, nan, nan, nan, nan, nan, nan, nan, nan, nan, nan, nan, nan, nan, nan, nan, nan, nan, nan, nan, nan, nan, nan, nan, nan, nan, nan, nan, nan, nan, nan, nan, nan, nan, nan], params=[1.0, 1.0, 0.2, 0.02], fit_error=[0.028, 0.011])",[-70.  70.],"[0.167, 0.946]","[0.17, 0.17, 0.17, 0.17, 0.17, 0.17, 0.17, 0.17, 0.17, 0.17, 0.17, 0.17, 0.17, 0.17, 0.17, 0.17, 0.17, 0.17, 0.17, 0.17, 0.17, 0.17, 0.17, 0.17, 0.17, 0.17, 0.17, 0.17, 0.17, 0.17, 0.17, 0.17, 0.17, 0.17, 0.17, 0.17, 0.17, 0.17, 0.17, 0.17, 0.17, 0.17, 0.17, 0.17, 0.17, 0.17, 0.172, 0.178, 0.203, 0.29, 0.503, 0.758, 0.893, 0.935, 0.946, 0.949, 0.95, 0.95, 0.95, 0.95, 0.95, 0.95, 0.95, 0.95, 0.95, 0.95, 0.95, 0.95, 0.95, 0.95, 0.95, 0.95, 0.95, 0.95, 0.95, 0.95, 0.95, 0.95, 0.95, 0.95, 0.95, 0.95, 0.95, 0.95, 0.95, 0.95, 0.95, 0.95, 0.95, 0.95, 0.95, 0.95, 0.95, 0.95, 0.95, 0.95, 0.95, 0.95, 0.95, 0.95]","[0.026, 0.016]","[1.0, 1.0, 0.2, 0.02]",1.0,1.0,0.2,0.02
2023-04-11,1,138,807,['Bpod5'],267,135,132,139,109,211,113,98,103,101,37,11,26,0.7902621722846442,0.837037037037037,0.7424242424242424,248,124,124,134,82,52,0.5899280575539568,0.47706422018348627,107,53,54,0.381294964028777,0.4954128440366973,0.8508064516129032,0.9112903225806451,0.7903225806451613,0.8508064516129032,-0.12096774193548387,0.7686567164179104,0.9439252336448598,-0.17526851722694936,0.5334961388687216,0.4383539040327371,19,11,8,0.07116104868913857,0.08148148148148149,0.06060606060606061,211,113,98,527.5,282.5,245.0,0,0,0,0,0.125,"psych_curve(xdata=array([-70.,  70.]), ydata=[0.089, 0.79], fit=[0.09, 0.09, 0.09, 0.09, 0.09, 0.09, 0.09, 0.09, 0.09, 0.09, 0.09, 0.09, 0.09, 0.09, 0.09, 0.09, 0.09, 0.09, 0.09, 0.09, 0.09, 0.09, 0.09, 0.09, 0.09, 0.09, 0.09, 0.09, 0.09, 0.09, 0.09, 0.09, 0.09, 0.09, 0.09, 0.09, 0.09, 0.09, 0.09, 0.09, 0.09, 0.09, 0.09, 0.09, 0.09, 0.09, 0.092, 0.097, 0.12, 0.197, 0.389, 0.618, 0.739, 0.777, 0.787, 0.789, 0.79, 0.79, 0.79, 0.79, 0.79, 0.79, 0.79, 0.79, 0.79, 0.79, 0.79, 0.79, 0.79, 0.79, 0.79, 0.79, 0.79, 0.79, 0.79, 0.79, 0.79, 0.79, 0.79, 0.79, 0.79, 0.79, 0.79, 0.79, 0.79, 0.79, 0.79, 0.79, 0.79, 0.79, 0.79, 0.79, 0.79, 0.79, 0.79, 0.79, 0.79, 0.79, 0.79, 0.79], params=[1.0, 1.0, 0.09, 0.21], fit_error=[0.026, 0.037])",[-70.  70.],"[0.089, 0.79]","[0.09, 0.09, 0.09, 0.09, 0.09, 0.09, 0.09, 0.09, 0.09, 0.09, 0.09, 0.09, 0.09, 0.09, 0.09, 0.09, 0.09, 0.09, 0.09, 0.09, 0.09, 0.09, 0.09, 0.09, 0.09, 0.09, 0.09, 0.09, 0.09, 0.09, 0.09, 0.09, 0.09, 0.09, 0.09, 0.09, 0.09, 0.09, 0.09, 0.09, 0.09, 0.09, 0.09, 0.09, 0.09, 0.09, 0.092, 0.097, 0.12, 0.197, 0.389, 0.618, 0.739, 0.777, 0.787, 0.789, 0.79, 0.79, 0.79, 0.79, 0.79, 0.79, 0.79, 0.79, 0.79, 0.79, 0.79, 0.79, 0.79, 0.79, 0.79, 0.79, 0.79, 0.79, 0.79, 0.79, 0.79, 0.79, 0.79, 0.79, 0.79, 0.79, 0.79, 0.79, 0.79, 0.79, 0.79, 0.79, 0.79, 0.79, 0.79, 0.79, 0.79, 0.79, 0.79, 0.79, 0.79, 0.79, 0.79, 0.79]","[0.026, 0.037]","[1.0, 1.0, 0.09, 0.21]",1.0,1.0,0.09,0.21,"psych_curve(xdata=array([-70.,  70.]), ydata=[0.235, 0.945], fit=[nan, nan, nan, nan, nan, nan, nan, nan, nan, nan, nan, nan, nan, nan, nan, nan, nan, nan, nan, nan, nan, nan, nan, nan, nan, nan, nan, nan, nan, nan, nan, nan, nan, nan, nan, nan, nan, nan, nan, nan, nan, nan, nan, nan, nan, nan, nan, nan, nan, nan, nan, nan, nan, nan, nan, nan, nan, nan, nan, nan, nan, nan, nan, nan, nan, nan, nan, nan, nan, nan, nan, nan, nan, nan, nan, nan, nan, nan, nan, nan, nan, nan, nan, nan, nan, nan, nan, nan, nan, nan, nan, nan, nan, nan, nan, nan, nan, nan, nan, nan], params=[1.0, 1.0, 0.23, 0.05], fit_error=[0.037, 0.022])",[-70.  70.],"[0.089, 0.79]","[0.09, 0.09, 0.09, 0.09, 0.09, 0.09, 0.09, 0.09, 0.09, 0.09, 0.09, 0.09, 0.09, 0.09, 0.09, 0.09, 0.09, 0.09, 0.09, 0.09, 0.09, 0.09, 0.09, 0.09, 0.09, 0.09, 0.09, 0.09, 0.09, 0.09, 0.09, 0.09, 0.09, 0.09, 0.09, 0.09, 0.09, 0.09, 0.09, 0.09, 0.09, 0.09, 0.09, 0.09, 0.09, 0.09, 0.092, 0.097, 0.12, 0.197, 0.389, 0.618, 0.739, 0.777, 0.787, 0.789, 0.79, 0.79, 0.79, 0.79, 0.79, 0.79, 0.79, 0.79, 0.79, 0.79, 0.79, 0.79, 0.79, 0.79, 0.79, 0.79, 0.79, 0.79, 0.79, 0.79, 0.79, 0.79, 0.79, 0.79, 0.79, 0.79, 0.79, 0.79, 0.79, 0.79, 0.79, 0.79, 0.79, 0.79, 0.79, 0.79, 0.79, 0.79, 0.79, 0.79, 0.79, 0.79, 0.79, 0.79]","[0.026, 0.037]","[1.0, 1.0, 0.23, 0.05]",1.0,1.0,0.23,0.05
2023-04-12,2,139,807,['Bpod5'],395,235,160,226,138,348,215,133,173,170,16,5,11,0.8810126582278481,0.9148936170212766,0.83125,364,220,144,185,134,51,0.5929203539823009,0.3695652173913043,173,87,86,0.38495575221238937,0.6231884057971014,0.9560439560439561,0.9772727272727273,0.9236111111111112,0.9560439560439561,-0.05366161616161613,0.9351351351351351,0.9826589595375722,-0.047523824402437076,0.4812427856868026,0.5040720790047454,31,15,16,0.07848101265822785,0.06382978723404255,0.1,348,215,133,870.0,537.5,332.5,0,0,0,0,0.25,"psych_curve(xdata=array([-70.,  70.]), ydata=[0.023, 0.924], fit=[0.02, 0.02, 0.02, 0.02, 0.02, 0.02, 0.02, 0.02, 0.02, 0.02, 0.02, 0.02, 0.02, 0.02, 0.02, 0.02, 0.02, 0.02, 0.02, 0.02, 0.02, 0.02, 0.02, 0.02, 0.02, 0.02, 0.02, 0.02, 0.02, 0.02, 0.02, 0.02, 0.02, 0.02, 0.02, 0.02, 0.02, 0.02, 0.02, 0.02, 0.02, 0.02, 0.02, 0.02, 0.02, 0.021, 0.022, 0.03, 0.058, 0.158, 0.405, 0.699, 0.854, 0.903, 0.916, 0.919, 0.92, 0.92, 0.92, 0.92, 0.92, 0.92, 0.92, 0.92, 0.92, 0.92, 0.92, 0.92, 0.92, 0.92, 0.92, 0.92, 0.92, 0.92, 0.92, 0.92, 0.92, 0.92, 0.92, 0.92, 0.92, 0.92, 0.92, 0.92, 0.92, 0.92, 0.92, 0.92, 0.92, 0.92, 0.92, 0.92, 0.92, 0.92, 0.92, 0.92, 0.92, 0.92, 0.92, 0.92], params=[1.0, 1.0, 0.02, 0.08], fit_error=[0.01, 0.022])",[-70.  70.],"[0.023, 0.924]","[0.02, 0.02, 0.02, 0.02, 0.02, 0.02, 0.02, 0.02, 0.02, 0.02, 0.02, 0.02, 0.02, 0.02, 0.02, 0.02, 0.02, 0.02, 0.02, 0.02, 0.02, 0.02, 0.02, 0.02, 0.02, 0.02, 0.02, 0.02, 0.02, 0.02, 0.02, 0.02, 0.02, 0.02, 0.02, 0.02, 0.02, 0.02, 0.02, 0.02, 0.02, 0.02, 0.02, 0.02, 0.02, 0.021, 0.022, 0.03, 0.058, 0.158, 0.405, 0.699, 0.854, 0.903, 0.916, 0.919, 0.92, 0.92, 0.92, 0.92, 0.92, 0.92, 0.92, 0.92, 0.92, 0.92, 0.92, 0.92, 0.92, 0.92, 0.92, 0.92, 0.92, 0.92, 0.92, 0.92, 0.92, 0.92, 0.92, 0.92, 0.92, 0.92, 0.92, 0.92, 0.92, 0.92, 0.92, 0.92, 0.92, 0.92, 0.92, 0.92, 0.92, 0.92, 0.92, 0.92, 0.92, 0.92, 0.92, 0.92]","[0.01, 0.022]","[1.0, 1.0, 0.02, 0.08]",1.0,1.0,0.02,0.08,"psych_curve(xdata=array([-70.,  70.]), ydata=[0.066, 0.983], fit=[nan, nan, nan, nan, nan, nan, nan, nan, nan, nan, nan, nan, nan, nan, nan, nan, nan, nan, nan, nan, nan, nan, nan, nan, nan, nan, nan, nan, nan, nan, nan, nan, nan, nan, nan, nan, nan, nan, nan, nan, nan, nan, nan, nan, nan, nan, nan, nan, nan, nan, nan, nan, nan, nan, nan, nan, nan, nan, nan, nan, nan, nan, nan, nan, nan, nan, nan, nan, nan, nan, nan, nan, nan, nan, nan, nan, nan, nan, nan, nan, nan, nan, nan, nan, nan, nan, nan, nan, nan, nan, nan, nan, nan, nan, nan, nan, nan, nan, nan, nan], params=[1.0, 1.0, 0.07, 0.02], fit_error=[0.018, 0.01])",[-70.  70.],"[0.023, 0.924]","[0.02, 0.02, 0.02, 0.02, 0.02, 0.02, 0.02, 0.02, 0.02, 0.02, 0.02, 0.02, 0.02, 0.02, 0.02, 0.02, 0.02, 0.02, 0.02, 0.02, 0.02, 0.02, 0.02, 0.02, 0.02, 0.02, 0.02, 0.02, 0.02, 0.02, 0.02, 0.02, 0.02, 0.02, 0.02, 0.02, 0.02, 0.02, 0.02, 0.02, 0.02, 0.02, 0.02, 0.02, 0.02, 0.021, 0.022, 0.03, 0.058, 0.158, 0.405, 0.699, 0.854, 0.903, 0.916, 0.919, 0.92, 0.92, 0.92, 0.92, 0.92, 0.92, 0.92, 0.92, 0.92, 0.92, 0.92, 0.92, 0.92, 0.92, 0.92, 0.92, 0.92, 0.92, 0.92, 0.92, 0.92, 0.92, 0.92, 0.92, 0.92, 0.92, 0.92, 0.92, 0.92, 0.92, 0.92, 0.92, 0.92, 0.92, 0.92, 0.92, 0.92, 0.92, 0.92, 0.92, 0.92, 0.92, 0.92, 0.92]","[0.01, 0.022]","[1.0, 1.0, 0.07, 0.02]",1.0,1.0,0.07,0.02
2023-04-13,3,140,807,['Bpod5'],426,215,211,233,182,394,213,181,197,191,21,1,20,0.9248826291079812,0.9906976744186047,0.8578199052132701,415,214,201,217,132,85,0.5665236051502146,0.46703296703296704,192,96,96,0.41201716738197425,0.5274725274725275,0.9493975903614458,0.9953271028037384,0.900497512437811,0.9493975903614458,-0.09482959036592742,0.9078341013824884,0.9947916666666666,-0.0869575652841782,0.5167782860915908,0.46974484742725087,11,1,10,0.025821596244131457,0.004651162790697674,0.04739336492890995,394,213,181,985.0,532.5,452.5,0,0,0,0,0.33299999999999863,"psych_curve(xdata=array([-70.,  70.]), ydata=[0.005, 0.9], fit=[0.0, 0.0, 0.0, 0.0, 0.0, 0.0, 0.0, 0.0, 0.0, 0.0, 0.0, 0.0, 0.0, 0.0, 0.0, 0.0, 0.0, 0.0, 0.0, 0.0, 0.0, 0.0, 0.0, 0.0, 0.0, 0.0, 0.0, 0.0, 0.0, 0.0, 0.0, 0.0, 0.0, 0.0, 0.0, 0.0, 0.0, 0.0, 0.0, 0.0, 0.0, 0.0, 0.0, 0.0, 0.0, 0.001, 0.002, 0.01, 0.038, 0.138, 0.385, 0.679, 0.834, 0.883, 0.896, 0.899, 0.9, 0.9, 0.9, 0.9, 0.9, 0.9, 0.9, 0.9, 0.9, 0.9, 0.9, 0.9, 0.9, 0.9, 0.9, 0.9, 0.9, 0.9, 0.9, 0.9, 0.9, 0.9, 0.9, 0.9, 0.9, 0.9, 0.9, 0.9, 0.9, 0.9, 0.9, 0.9, 0.9, 0.9, 0.9, 0.9, 0.9, 0.9, 0.9, 0.9, 0.9, 0.9, 0.9, 0.9], params=[1.0, 1.0, 0.0, 0.1], fit_error=[0.005, 0.021])",[-70.  70.],"[0.005, 0.9]","[0.0, 0.0, 0.0, 0.0, 0.0, 0.0, 0.0, 0.0, 0.0, 0.0, 0.0, 0.0, 0.0, 0.0, 0.0, 0.0, 0.0, 0.0, 0.0, 0.0, 0.0, 0.0, 0.0, 0.0, 0.0, 0.0, 0.0, 0.0, 0.0, 0.0, 0.0, 0.0, 0.0, 0.0, 0.0, 0.0, 0.0, 0.0, 0.0, 0.0, 0.0, 0.0, 0.0, 0.0, 0.0, 0.001, 0.002, 0.01, 0.038, 0.138, 0.385, 0.679, 0.834, 0.883, 0.896, 0.899, 0.9, 0.9, 0.9, 0.9, 0.9, 0.9, 0.9, 0.9, 0.9, 0.9, 0.9, 0.9, 0.9, 0.9, 0.9, 0.9, 0.9, 0.9, 0.9, 0.9, 0.9, 0.9, 0.9, 0.9, 0.9, 0.9, 0.9, 0.9, 0.9, 0.9, 0.9, 0.9, 0.9, 0.9, 0.9, 0.9, 0.9, 0.9, 0.9, 0.9, 0.9, 0.9, 0.9, 0.9]","[0.005, 0.021]","[1.0, 1.0, 0.0, 0.1]",1.0,1.0,0.0,0.1,"psych_curve(xdata=array([-70.,  70.]), ydata=[0.095, 0.995], fit=[nan, nan, nan, nan, nan, nan, nan, nan, nan, nan, nan, nan, nan, nan, nan, nan, nan, nan, nan, nan, nan, nan, nan, nan, nan, nan, nan, nan, nan, nan, nan, nan, nan, nan, nan, nan, nan, nan, nan, nan, nan, nan, nan, nan, nan, nan, nan, nan, nan, nan, nan, nan, nan, nan, nan, nan, nan, nan, nan, nan, nan, nan, nan, nan, nan, nan, nan, nan, nan, nan, nan, nan, nan, nan, nan, nan, nan, nan, nan, nan, nan, nan, nan, nan, nan, nan, nan, nan, nan, nan, nan, nan, nan, nan, nan, nan, nan, nan, nan, nan], params=[1.0, 1.0, 0.09, 0.0], fit_error=[0.02, 0.005])",[-70.  70.],"[0.005, 0.9]","[0.0, 0.0, 0.0, 0.0, 0.0, 0.0, 0.0, 0.0, 0.0, 0.0, 0.0, 0.0, 0.0, 0.0, 0.0, 0.0, 0.0, 0.0, 0.0, 0.0, 0.0, 0.0, 0.0, 0.0, 0.0, 0.0, 0.0, 0.0, 0.0, 0.0, 0.0, 0.0, 0.0, 0.0, 0.0, 0.0, 0.0, 0.0, 0.0, 0.0, 0.0, 0.0, 0.0, 0.0, 0.0, 0.001, 0.002, 0.01, 0.038, 0.138, 0.385, 0.679, 0.834, 0.883, 0.896, 0.899, 0.9, 0.9, 0.9, 0.9, 0.9, 0.9, 0.9, 0.9, 0.9, 0.9, 0.9, 0.9, 0.9, 0.9, 0.9, 0.9, 0.9, 0.9, 0.9, 0.9, 0.9, 0.9, 0.9, 0.9, 0.9, 0.9, 0.9, 0.9, 0.9, 0.9, 0.9, 0.9, 0.9, 0.9, 0.9, 0.9, 0.9, 0.9, 0.9, 0.9, 0.9, 0.9, 0.9, 0.9]","[0.005, 0.021]","[1.0, 1.0, 0.09, 0.0]",1.0,1.0,0.09,0.0
2023-04-14,4,141,807,['Bpod5'],427,205,222,210,207,403,198,205,204,196,14,2,12,0.9437939110070258,0.9658536585365853,0.9234234234234234,417,200,217,213,106,107,0.5047619047619047,0.5169082125603864,200,100,100,0.47619047619047616,0.4830917874396135,0.9664268585131894,0.99,0.9447004608294931,0.9664268585131894,-0.045299539170506886,0.9577464788732394,0.98,-0.0222535211267606,0.5108350586611456,0.47964113181504486,10,5,5,0.0234192037470726,0.024390243902439025,0.02252252252252252,403,198,205,1007.5,495.0,512.5,0,0,0,0,0.5,"psych_curve(xdata=array([-70.,  70.]), ydata=[0.01, 0.945], fit=[0.01, 0.01, 0.01, 0.01, 0.01, 0.01, 0.01, 0.01, 0.01, 0.01, 0.01, 0.01, 0.01, 0.01, 0.01, 0.01, 0.01, 0.01, 0.01, 0.01, 0.01, 0.01, 0.01, 0.01, 0.01, 0.01, 0.01, 0.01, 0.01, 0.01, 0.01, 0.01, 0.01, 0.01, 0.01, 0.01, 0.01, 0.01, 0.01, 0.01, 0.01, 0.01, 0.01, 0.01, 0.01, 0.011, 0.012, 0.02, 0.05, 0.154, 0.412, 0.719, 0.881, 0.932, 0.946, 0.949, 0.95, 0.95, 0.95, 0.95, 0.95, 0.95, 0.95, 0.95, 0.95, 0.95, 0.95, 0.95, 0.95, 0.95, 0.95, 0.95, 0.95, 0.95, 0.95, 0.95, 0.95, 0.95, 0.95, 0.95, 0.95, 0.95, 0.95, 0.95, 0.95, 0.95, 0.95, 0.95, 0.95, 0.95, 0.95, 0.95, 0.95, 0.95, 0.95, 0.95, 0.95, 0.95, 0.95, 0.95], params=[1.0, 1.0, 0.01, 0.05], fit_error=[0.007, 0.016])",[-70.  70.],"[0.01, 0.945]","[0.01, 0.01, 0.01, 0.01, 0.01, 0.01, 0.01, 0.01, 0.01, 0.01, 0.01, 0.01, 0.01, 0.01, 0.01, 0.01, 0.01, 0.01, 0.01, 0.01, 0.01, 0.01, 0.01, 0.01, 0.01, 0.01, 0.01, 0.01, 0.01, 0.01, 0.01, 0.01, 0.01, 0.01, 0.01, 0.01, 0.01, 0.01, 0.01, 0.01, 0.01, 0.01, 0.01, 0.01, 0.01, 0.011, 0.012, 0.02, 0.05, 0.154, 0.412, 0.719, 0.881, 0.932, 0.946, 0.949, 0.95, 0.95, 0.95, 0.95, 0.95, 0.95, 0.95, 0.95, 0.95, 0.95, 0.95, 0.95, 0.95, 0.95, 0.95, 0.95, 0.95, 0.95, 0.95, 0.95, 0.95, 0.95, 0.95, 0.95, 0.95, 0.95, 0.95, 0.95, 0.95, 0.95, 0.95, 0.95, 0.95, 0.95, 0.95, 0.95, 0.95, 0.95, 0.95, 0.95, 0.95, 0.95, 0.95, 0.95]","[0.007, 0.016]","[1.0, 1.0, 0.01, 0.05]",1.0,1.0,0.01,0.05,"psych_curve(xdata=array([-70.,  70.]), ydata=[0.044, 0.981], fit=[nan, nan, nan, nan, nan, nan, nan, nan, nan, nan, nan, nan, nan, nan, nan, nan, nan, nan, nan, nan, nan, nan, nan, nan, nan, nan, nan, nan, nan, nan, nan, nan, nan, nan, nan, nan, nan, nan, nan, nan, nan, nan, nan, nan, nan, nan, nan, nan, nan, nan, nan, nan, nan, nan, nan, nan, nan, nan, nan, nan, nan, nan, nan, nan, nan, nan, nan, nan, nan, nan, nan, nan, nan, nan, nan, nan, nan, nan, nan, nan, nan, nan, nan, nan, nan, nan, nan, nan, nan, nan, nan, nan, nan, nan, nan, nan, nan, nan, nan, nan], params=[1.0, 1.0, 0.04, 0.02], fit_error=[0.014, 0.01])",[-70.  70.],"[0.01, 0.945]","[0.01, 0.01, 0.01, 0.01, 0.01, 0.01, 0.01, 0.01, 0.01, 0.01, 0.01, 0.01, 0.01, 0.01, 0.01, 0.01, 0.01, 0.01, 0.01, 0.01, 0.01, 0.01, 0.01, 0.01, 0.01, 0.01, 0.01, 0.01, 0.01, 0.01, 0.01, 0.01, 0.01, 0.01, 0.01, 0.01, 0.01, 0.01, 0.01, 0.01, 0.01, 0.01, 0.01, 0.01, 0.01, 0.011, 0.012, 0.02, 0.05, 0.154, 0.412, 0.719, 0.881, 0.932, 0.946, 0.949, 0.95, 0.95, 0.95, 0.95, 0.95, 0.95, 0.95, 0.95, 0.95, 0.95, 0.95, 0.95, 0.95, 0.95, 0.95, 0.95, 0.95, 0.95, 0.95, 0.95, 0.95, 0.95, 0.95, 0.95, 0.95, 0.95, 0.95, 0.95, 0.95, 0.95, 0.95, 0.95, 0.95, 0.95, 0.95, 0.95, 0.95, 0.95, 0.95, 0.95, 0.95, 0.95, 0.95, 0.95]","[0.007, 0.016]","[1.0, 1.0, 0.04, 0.02]",1.0,1.0,0.04,0.02
2023-04-17,0,144,807,['Bpod5'],236,127,109,130,83,198,115,83,109,85,15,0,15,0.8389830508474576,0.905511811023622,0.7614678899082569,213,115,98,119,80,39,0.6153846153846154,0.46987951807228917,88,44,44,0.3384615384615385,0.5301204819277109,0.9295774647887324,1.0,0.8469387755102041,0.9295774647887324,-0.15306122448979587,0.9159663865546218,0.9659090909090909,-0.049942704354469125,0.5426320667284523,0.4342910101946247,23,12,11,0.09745762711864407,0.09448818897637795,0.10091743119266056,198,115,83,495.0,287.5,207.5,0,0,0,0,0.5,"psych_curve(xdata=array([-70.,  70.]), ydata=[0.0, 0.847], fit=[0.0, 0.0, 0.0, 0.0, 0.0, 0.0, 0.0, 0.0, 0.0, 0.0, 0.0, 0.0, 0.0, 0.0, 0.0, 0.0, 0.0, 0.0, 0.0, 0.0, 0.0, 0.0, 0.0, 0.0, 0.0, 0.0, 0.0, 0.0, 0.0, 0.0, 0.0, 0.0, 0.0, 0.0, 0.0, 0.0, 0.0, 0.0, 0.0, 0.0, 0.0, 0.0, 0.0, 0.0, 0.0, 0.001, 0.002, 0.009, 0.036, 0.131, 0.363, 0.641, 0.788, 0.834, 0.846, 0.849, 0.85, 0.85, 0.85, 0.85, 0.85, 0.85, 0.85, 0.85, 0.85, 0.85, 0.85, 0.85, 0.85, 0.85, 0.85, 0.85, 0.85, 0.85, 0.85, 0.85, 0.85, 0.85, 0.85, 0.85, 0.85, 0.85, 0.85, 0.85, 0.85, 0.85, 0.85, 0.85, 0.85, 0.85, 0.85, 0.85, 0.85, 0.85, 0.85, 0.85, 0.85, 0.85, 0.85, 0.85], params=[1.0, 1.0, 0.0, 0.15], fit_error=[0.0, 0.037])",[-70.  70.],"[0.0, 0.847]","[0.0, 0.0, 0.0, 0.0, 0.0, 0.0, 0.0, 0.0, 0.0, 0.0, 0.0, 0.0, 0.0, 0.0, 0.0, 0.0, 0.0, 0.0, 0.0, 0.0, 0.0, 0.0, 0.0, 0.0, 0.0, 0.0, 0.0, 0.0, 0.0, 0.0, 0.0, 0.0, 0.0, 0.0, 0.0, 0.0, 0.0, 0.0, 0.0, 0.0, 0.0, 0.0, 0.0, 0.0, 0.0, 0.001, 0.002, 0.009, 0.036, 0.131, 0.363, 0.641, 0.788, 0.834, 0.846, 0.849, 0.85, 0.85, 0.85, 0.85, 0.85, 0.85, 0.85, 0.85, 0.85, 0.85, 0.85, 0.85, 0.85, 0.85, 0.85, 0.85, 0.85, 0.85, 0.85, 0.85, 0.85, 0.85, 0.85, 0.85, 0.85, 0.85, 0.85, 0.85, 0.85, 0.85, 0.85, 0.85, 0.85, 0.85, 0.85, 0.85, 0.85, 0.85, 0.85, 0.85, 0.85, 0.85, 0.85, 0.85]","[0.0, 0.037]","[1.0, 1.0, 0.0, 0.15]",1.0,1.0,0.0,0.15,"psych_curve(xdata=array([-70.,  70.]), ydata=[0.105, 0.973], fit=[nan, nan, nan, nan, nan, nan, nan, nan, nan, nan, nan, nan, nan, nan, nan, nan, nan, nan, nan, nan, nan, nan, nan, nan, nan, nan, nan, nan, nan, nan, nan, nan, nan, nan, nan, nan, nan, nan, nan, nan, nan, nan, nan, nan, nan, nan, nan, nan, nan, nan, nan, nan, nan, nan, nan, nan, nan, nan, nan, nan, nan, nan, nan, nan, nan, nan, nan, nan, nan, nan, nan, nan, nan, nan, nan, nan, nan, nan, nan, nan, nan, nan, nan, nan, nan, nan, nan, nan, nan, nan, nan, nan, nan, nan, nan, nan, nan, nan, nan, nan], params=[1.0, 1.0, 0.1, 0.03], fit_error=[0.032, 0.015])",[-70.  70.],"[0.0, 0.847]","[0.0, 0.0, 0.0, 0.0, 0.0, 0.0, 0.0, 0.0, 0.0, 0.0, 0.0, 0.0, 0.0, 0.0, 0.0, 0.0, 0.0, 0.0, 0.0, 0.0, 0.0, 0.0, 0.0, 0.0, 0.0, 0.0, 0.0, 0.0, 0.0, 0.0, 0.0, 0.0, 0.0, 0.0, 0.0, 0.0, 0.0, 0.0, 0.0, 0.0, 0.0, 0.0, 0.0, 0.0, 0.0, 0.001, 0.002, 0.009, 0.036, 0.131, 0.363, 0.641, 0.788, 0.834, 0.846, 0.849, 0.85, 0.85, 0.85, 0.85, 0.85, 0.85, 0.85, 0.85, 0.85, 0.85, 0.85, 0.85, 0.85, 0.85, 0.85, 0.85, 0.85, 0.85, 0.85, 0.85, 0.85, 0.85, 0.85, 0.85, 0.85, 0.85, 0.85, 0.85, 0.85, 0.85, 0.85, 0.85, 0.85, 0.85, 0.85, 0.85, 0.85, 0.85, 0.85, 0.85, 0.85, 0.85, 0.85, 0.85]","[0.0, 0.037]","[1.0, 1.0, 0.1, 0.03]",1.0,1.0,0.1,0.03
2023-04-18,1,145,807,['Bpod5'],349,176,173,175,153,310,162,148,158,146,18,5,13,0.8882521489971347,0.9204545454545454,0.8554913294797688,328,167,161,172,94,78,0.5371428571428571,0.5098039215686274,149,74,75,0.4228571428571429,0.49019607843137253,0.9451219512195121,0.9700598802395209,0.9192546583850931,0.9451219512195121,-0.05080522185442782,0.9186046511627907,0.9798657718120806,-0.0612611206492899,0.5234733893557423,0.4565266106442577,21,9,12,0.06017191977077364,0.05113636363636364,0.06936416184971098,310,162,148,775.0,405.0,370.0,0,0,0,0,0.5,"psych_curve(xdata=array([-70.,  70.]), ydata=[0.03, 0.919], fit=[0.03, 0.03, 0.03, 0.03, 0.03, 0.03, 0.03, 0.03, 0.03, 0.03, 0.03, 0.03, 0.03, 0.03, 0.03, 0.03, 0.03, 0.03, 0.03, 0.03, 0.03, 0.03, 0.03, 0.03, 0.03, 0.03, 0.03, 0.03, 0.03, 0.03, 0.03, 0.03, 0.03, 0.03, 0.03, 0.03, 0.03, 0.03, 0.03, 0.03, 0.03, 0.03, 0.03, 0.03, 0.03, 0.031, 0.032, 0.039, 0.068, 0.167, 0.41, 0.701, 0.855, 0.903, 0.916, 0.919, 0.92, 0.92, 0.92, 0.92, 0.92, 0.92, 0.92, 0.92, 0.92, 0.92, 0.92, 0.92, 0.92, 0.92, 0.92, 0.92, 0.92, 0.92, 0.92, 0.92, 0.92, 0.92, 0.92, 0.92, 0.92, 0.92, 0.92, 0.92, 0.92, 0.92, 0.92, 0.92, 0.92, 0.92, 0.92, 0.92, 0.92, 0.92, 0.92, 0.92, 0.92, 0.92, 0.92, 0.92], params=[1.0, 1.0, 0.03, 0.08], fit_error=[0.013, 0.022])",[-70.  70.],"[0.03, 0.919]","[0.03, 0.03, 0.03, 0.03, 0.03, 0.03, 0.03, 0.03, 0.03, 0.03, 0.03, 0.03, 0.03, 0.03, 0.03, 0.03, 0.03, 0.03, 0.03, 0.03, 0.03, 0.03, 0.03, 0.03, 0.03, 0.03, 0.03, 0.03, 0.03, 0.03, 0.03, 0.03, 0.03, 0.03, 0.03, 0.03, 0.03, 0.03, 0.03, 0.03, 0.03, 0.03, 0.03, 0.03, 0.03, 0.031, 0.032, 0.039, 0.068, 0.167, 0.41, 0.701, 0.855, 0.903, 0.916, 0.919, 0.92, 0.92, 0.92, 0.92, 0.92, 0.92, 0.92, 0.92, 0.92, 0.92, 0.92, 0.92, 0.92, 0.92, 0.92, 0.92, 0.92, 0.92, 0.92, 0.92, 0.92, 0.92, 0.92, 0.92, 0.92, 0.92, 0.92, 0.92, 0.92, 0.92, 0.92, 0.92, 0.92, 0.92, 0.92, 0.92, 0.92, 0.92, 0.92, 0.92, 0.92, 0.92, 0.92, 0.92]","[0.013, 0.022]","[1.0, 1.0, 0.03, 0.08]",1.0,1.0,0.03,0.08,"psych_curve(xdata=array([-70.,  70.]), ydata=[0.088, 0.981], fit=[nan, nan, nan, nan, nan, nan, nan, nan, nan, nan, nan, nan, nan, nan, nan, nan, nan, nan, nan, nan, nan, nan, nan, nan, nan, nan, nan, nan, nan, nan, nan, nan, nan, nan, nan, nan, nan, nan, nan, nan, nan, nan, nan, nan, nan, nan, nan, nan, nan, nan, nan, nan, nan, nan, nan, nan, nan, nan, nan, nan, nan, nan, nan, nan, nan, nan, nan, nan, nan, nan, nan, nan, nan, nan, nan, nan, nan, nan, nan, nan, nan, nan, nan, nan, nan, nan, nan, nan, nan, nan, nan, nan, nan, nan, nan, nan, nan, nan, nan, nan], params=[1.0, 1.0, 0.09, 0.02], fit_error=[0.022, 0.011])",[-70.  70.],"[0.03, 0.919]","[0.03, 0.03, 0.03, 0.03, 0.03, 0.03, 0.03, 0.03, 0.03, 0.03, 0.03, 0.03, 0.03, 0.03, 0.03, 0.03, 0.03, 0.03, 0.03, 0.03, 0.03, 0.03, 0.03, 0.03, 0.03, 0.03, 0.03, 0.03, 0.03, 0.03, 0.03, 0.03, 0.03, 0.03, 0.03, 0.03, 0.03, 0.03, 0.03, 0.03, 0.03, 0.03, 0.03, 0.03, 0.03, 0.031, 0.032, 0.039, 0.068, 0.167, 0.41, 0.701, 0.855, 0.903, 0.916, 0.919, 0.92, 0.92, 0.92, 0.92, 0.92, 0.92, 0.92, 0.92, 0.92, 0.92, 0.92, 0.92, 0.92, 0.92, 0.92, 0.92, 0.92, 0.92, 0.92, 0.92, 0.92, 0.92, 0.92, 0.92, 0.92, 0.92, 0.92, 0.92, 0.92, 0.92, 0.92, 0.92, 0.92, 0.92, 0.92, 0.92, 0.92, 0.92, 0.92, 0.92, 0.92, 0.92, 0.92, 0.92]","[0.013, 0.022]","[1.0, 1.0, 0.09, 0.02]",1.0,1.0,0.09,0.02
2023-04-19,2,146,807,['Bpod5'],410,200,210,212,182,352,184,168,180,164,42,14,28,0.8585365853658536,0.92,0.8,394,198,196,212,118,94,0.5566037735849056,0.5164835164835165,173,86,87,0.4056603773584906,0.47802197802197804,0.8934010152284264,0.9292929292929293,0.8571428571428571,0.8934010152284264,-0.07215007215007219,0.8490566037735849,0.9479768786127167,-0.0989202748391318,0.5365436450342111,0.44184117769023434,16,2,14,0.03902439024390244,0.01,0.06666666666666667,352,184,168,880.0,460.0,420.0,0,0,0,0,0.25,"psych_curve(xdata=array([-70.,  70.]), ydata=[0.071, 0.857], fit=[0.07, 0.07, 0.07, 0.07, 0.07, 0.07, 0.07, 0.07, 0.07, 0.07, 0.07, 0.07, 0.07, 0.07, 0.07, 0.07, 0.07, 0.07, 0.07, 0.07, 0.07, 0.07, 0.07, 0.07, 0.07, 0.07, 0.07, 0.07, 0.07, 0.07, 0.07, 0.07, 0.07, 0.07, 0.07, 0.07, 0.07, 0.07, 0.07, 0.07, 0.07, 0.07, 0.07, 0.07, 0.07, 0.071, 0.072, 0.078, 0.103, 0.191, 0.408, 0.666, 0.802, 0.845, 0.856, 0.859, 0.86, 0.86, 0.86, 0.86, 0.86, 0.86, 0.86, 0.86, 0.86, 0.86, 0.86, 0.86, 0.86, 0.86, 0.86, 0.86, 0.86, 0.86, 0.86, 0.86, 0.86, 0.86, 0.86, 0.86, 0.86, 0.86, 0.86, 0.86, 0.86, 0.86, 0.86, 0.86, 0.86, 0.86, 0.86, 0.86, 0.86, 0.86, 0.86, 0.86, 0.86, 0.86, 0.86, 0.86], params=[1.0, 1.0, 0.07, 0.14], fit_error=[0.018, 0.025])",[-70.  70.],"[0.071, 0.857]","[0.07, 0.07, 0.07, 0.07, 0.07, 0.07, 0.07, 0.07, 0.07, 0.07, 0.07, 0.07, 0.07, 0.07, 0.07, 0.07, 0.07, 0.07, 0.07, 0.07, 0.07, 0.07, 0.07, 0.07, 0.07, 0.07, 0.07, 0.07, 0.07, 0.07, 0.07, 0.07, 0.07, 0.07, 0.07, 0.07, 0.07, 0.07, 0.07, 0.07, 0.07, 0.07, 0.07, 0.07, 0.07, 0.071, 0.072, 0.078, 0.103, 0.191, 0.408, 0.666, 0.802, 0.845, 0.856, 0.859, 0.86, 0.86, 0.86, 0.86, 0.86, 0.86, 0.86, 0.86, 0.86, 0.86, 0.86, 0.86, 0.86, 0.86, 0.86, 0.86, 0.86, 0.86, 0.86, 0.86, 0.86, 0.86, 0.86, 0.86, 0.86, 0.86, 0.86, 0.86, 0.86, 0.86, 0.86, 0.86, 0.86, 0.86, 0.86, 0.86, 0.86, 0.86, 0.86, 0.86, 0.86, 0.86, 0.86, 0.86]","[0.018, 0.025]","[1.0, 1.0, 0.07, 0.14]",1.0,1.0,0.07,0.14,"psych_curve(xdata=array([-70.,  70.]), ydata=[0.163, 0.952], fit=[nan, nan, nan, nan, nan, nan, nan, nan, nan, nan, nan, nan, nan, nan, nan, nan, nan, nan, nan, nan, nan, nan, nan, nan, nan, nan, nan, nan, nan, nan, nan, nan, nan, nan, nan, nan, nan, nan, nan, nan, nan, nan, nan, nan, nan, nan, nan, nan, nan, nan, nan, nan, nan, nan, nan, nan, nan, nan, nan, nan, nan, nan, nan, nan, nan, nan, nan, nan, nan, nan, nan, nan, nan, nan, nan, nan, nan, nan, nan, nan, nan, nan, nan, nan, nan, nan, nan, nan, nan, nan, nan, nan, nan, nan, nan, nan, nan, nan, nan, nan], params=[1.0, 1.0, 0.16, 0.05], fit_error=[0.026, 0.016])",[-70.  70.],"[0.071, 0.857]","[0.07, 0.07, 0.07, 0.07, 0.07, 0.07, 0.07, 0.07, 0.07, 0.07, 0.07, 0.07, 0.07, 0.07, 0.07, 0.07, 0.07, 0.07, 0.07, 0.07, 0.07, 0.07, 0.07, 0.07, 0.07, 0.07, 0.07, 0.07, 0.07, 0.07, 0.07, 0.07, 0.07, 0.07, 0.07, 0.07, 0.07, 0.07, 0.07, 0.07, 0.07, 0.07, 0.07, 0.07, 0.07, 0.071, 0.072, 0.078, 0.103, 0.191, 0.408, 0.666, 0.802, 0.845, 0.856, 0.859, 0.86, 0.86, 0.86, 0.86, 0.86, 0.86, 0.86, 0.86, 0.86, 0.86, 0.86, 0.86, 0.86, 0.86, 0.86, 0.86, 0.86, 0.86, 0.86, 0.86, 0.86, 0.86, 0.86, 0.86, 0.86, 0.86, 0.86, 0.86, 0.86, 0.86, 0.86, 0.86, 0.86, 0.86, 0.86, 0.86, 0.86, 0.86, 0.86, 0.86, 0.86, 0.86, 0.86, 0.86]","[0.018, 0.025]","[1.0, 1.0, 0.16, 0.05]",1.0,1.0,0.16,0.05
2023-04-20,3,147,807,['Bpod5'],464,222,242,237,215,417,209,208,215,193,35,7,28,0.8987068965517241,0.9414414414414415,0.859504132231405,452,216,236,245,129,116,0.5443037974683544,0.5395348837209303,196,98,98,0.41350210970464135,0.4558139534883721,0.922566371681416,0.9675925925925926,0.8813559322033898,0.922566371681416,-0.08623666038920275,0.8775510204081632,0.9846938775510204,-0.1071428571428572,0.5419193405946423,0.43465803159650673,12,6,6,0.02586206896551724,0.02702702702702703,0.024793388429752067,417,209,208,1042.5,522.5,520.0,0,0,0,0,0.25,"psych_curve(xdata=array([-70.,  70.]), ydata=[0.032, 0.881], fit=[0.03, 0.03, 0.03, 0.03, 0.03, 0.03, 0.03, 0.03, 0.03, 0.03, 0.03, 0.03, 0.03, 0.03, 0.03, 0.03, 0.03, 0.03, 0.03, 0.03, 0.03, 0.03, 0.03, 0.03, 0.03, 0.03, 0.03, 0.03, 0.03, 0.03, 0.03, 0.03, 0.03, 0.03, 0.03, 0.03, 0.03, 0.03, 0.03, 0.03, 0.03, 0.03, 0.03, 0.03, 0.03, 0.031, 0.032, 0.039, 0.066, 0.161, 0.393, 0.671, 0.818, 0.864, 0.876, 0.879, 0.88, 0.88, 0.88, 0.88, 0.88, 0.88, 0.88, 0.88, 0.88, 0.88, 0.88, 0.88, 0.88, 0.88, 0.88, 0.88, 0.88, 0.88, 0.88, 0.88, 0.88, 0.88, 0.88, 0.88, 0.88, 0.88, 0.88, 0.88, 0.88, 0.88, 0.88, 0.88, 0.88, 0.88, 0.88, 0.88, 0.88, 0.88, 0.88, 0.88, 0.88, 0.88, 0.88, 0.88], params=[1.0, 1.0, 0.03, 0.12], fit_error=[0.012, 0.021])",[-70.  70.],"[0.032, 0.881]","[0.03, 0.03, 0.03, 0.03, 0.03, 0.03, 0.03, 0.03, 0.03, 0.03, 0.03, 0.03, 0.03, 0.03, 0.03, 0.03, 0.03, 0.03, 0.03, 0.03, 0.03, 0.03, 0.03, 0.03, 0.03, 0.03, 0.03, 0.03, 0.03, 0.03, 0.03, 0.03, 0.03, 0.03, 0.03, 0.03, 0.03, 0.03, 0.03, 0.03, 0.03, 0.03, 0.03, 0.03, 0.03, 0.031, 0.032, 0.039, 0.066, 0.161, 0.393, 0.671, 0.818, 0.864, 0.876, 0.879, 0.88, 0.88, 0.88, 0.88, 0.88, 0.88, 0.88, 0.88, 0.88, 0.88, 0.88, 0.88, 0.88, 0.88, 0.88, 0.88, 0.88, 0.88, 0.88, 0.88, 0.88, 0.88, 0.88, 0.88, 0.88, 0.88, 0.88, 0.88, 0.88, 0.88, 0.88, 0.88, 0.88, 0.88, 0.88, 0.88, 0.88, 0.88, 0.88, 0.88, 0.88, 0.88, 0.88, 0.88]","[0.012, 0.021]","[1.0, 1.0, 0.03, 0.12]",1.0,1.0,0.03,0.12,"psych_curve(xdata=array([-70.,  70.]), ydata=[0.135, 0.986], fit=[nan, nan, nan, nan, nan, nan, nan, nan, nan, nan, nan, nan, nan, nan, nan, nan, nan, nan, nan, nan, nan, nan, nan, nan, nan, nan, nan, nan, nan, nan, nan, nan, nan, nan, nan, nan, nan, nan, nan, nan, nan, nan, nan, nan, nan, nan, nan, nan, nan, nan, nan, nan, nan, nan, nan, nan, nan, nan, nan, nan, nan, nan, nan, nan, nan, nan, nan, nan, nan, nan, nan, nan, nan, nan, nan, nan, nan, nan, nan, nan, nan, nan, nan, nan, nan, nan, nan, nan, nan, nan, nan, nan, nan, nan, nan, nan, nan, nan, nan, nan], params=[1.0, 1.0, 0.13, 0.01], fit_error=[0.023, 0.008])",[-70.  70.],"[0.032, 0.881]","[0.03, 0.03, 0.03, 0.03, 0.03, 0.03, 0.03, 0.03, 0.03, 0.03, 0.03, 0.03, 0.03, 0.03, 0.03, 0.03, 0.03, 0.03, 0.03, 0.03, 0.03, 0.03, 0.03, 0.03, 0.03, 0.03, 0.03, 0.03, 0.03, 0.03, 0.03, 0.03, 0.03, 0.03, 0.03, 0.03, 0.03, 0.03, 0.03, 0.03, 0.03, 0.03, 0.03, 0.03, 0.03, 0.031, 0.032, 0.039, 0.066, 0.161, 0.393, 0.671, 0.818, 0.864, 0.876, 0.879, 0.88, 0.88, 0.88, 0.88, 0.88, 0.88, 0.88, 0.88, 0.88, 0.88, 0.88, 0.88, 0.88, 0.88, 0.88, 0.88, 0.88, 0.88, 0.88, 0.88, 0.88, 0.88, 0.88, 0.88, 0.88, 0.88, 0.88, 0.88, 0.88, 0.88, 0.88, 0.88, 0.88, 0.88, 0.88, 0.88, 0.88, 0.88, 0.88, 0.88, 0.88, 0.88, 0.88, 0.88]","[0.012, 0.021]","[1.0, 1.0, 0.13, 0.01]",1.0,1.0,0.13,0.01
2023-04-21,4,148,807,['Bpod5'],369,180,189,183,170,284,143,141,169,109,69,29,40,0.7696476964769647,0.7944444444444444,0.746031746031746,353,172,181,223,119,104,0.6502732240437158,0.611764705882353,121,61,60,0.3333333333333333,0.35294117647058826,0.8045325779036827,0.8313953488372093,0.7790055248618785,0.8045325779036827,-0.052389823975330874,0.757847533632287,0.9008264462809917,-0.14297891264870477,0.6310189649630344,0.3431372549019608,16,8,8,0.04336043360433604,0.044444444444444446,0.042328042328042326,284,143,141,710.0,357.5,352.5,0,0,0,0,0.5,"psych_curve(xdata=array([-70.,  70.]), ydata=[0.169, 0.779], fit=[0.17, 0.17, 0.17, 0.17, 0.17, 0.17, 0.17, 0.17, 0.17, 0.17, 0.17, 0.17, 0.17, 0.17, 0.17, 0.17, 0.17, 0.17, 0.17, 0.17, 0.17, 0.17, 0.17, 0.17, 0.17, 0.17, 0.17, 0.17, 0.17, 0.17, 0.17, 0.17, 0.17, 0.17, 0.17, 0.17, 0.17, 0.17, 0.17, 0.17, 0.17, 0.17, 0.17, 0.17, 0.17, 0.17, 0.172, 0.176, 0.196, 0.264, 0.431, 0.63, 0.735, 0.768, 0.777, 0.779, 0.78, 0.78, 0.78, 0.78, 0.78, 0.78, 0.78, 0.78, 0.78, 0.78, 0.78, 0.78, 0.78, 0.78, 0.78, 0.78, 0.78, 0.78, 0.78, 0.78, 0.78, 0.78, 0.78, 0.78, 0.78, 0.78, 0.78, 0.78, 0.78, 0.78, 0.78, 0.78, 0.78, 0.78, 0.78, 0.78, 0.78, 0.78, 0.78, 0.78, 0.78, 0.78, 0.78, 0.78], params=[1.0, 1.0, 0.17, 0.22], fit_error=[0.029, 0.031])",[-70.  70.],"[0.169, 0.779]","[0.17, 0.17, 0.17, 0.17, 0.17, 0.17, 0.17, 0.17, 0.17, 0.17, 0.17, 0.17, 0.17, 0.17, 0.17, 0.17, 0.17, 0.17, 0.17, 0.17, 0.17, 0.17, 0.17, 0.17, 0.17, 0.17, 0.17, 0.17, 0.17, 0.17, 0.17, 0.17, 0.17, 0.17, 0.17, 0.17, 0.17, 0.17, 0.17, 0.17, 0.17, 0.17, 0.17, 0.17, 0.17, 0.17, 0.172, 0.176, 0.196, 0.264, 0.431, 0.63, 0.735, 0.768, 0.777, 0.779, 0.78, 0.78, 0.78, 0.78, 0.78, 0.78, 0.78, 0.78, 0.78, 0.78, 0.78, 0.78, 0.78, 0.78, 0.78, 0.78, 0.78, 0.78, 0.78, 0.78, 0.78, 0.78, 0.78, 0.78, 0.78, 0.78, 0.78, 0.78, 0.78, 0.78, 0.78, 0.78, 0.78, 0.78, 0.78, 0.78, 0.78, 0.78, 0.78, 0.78, 0.78, 0.78, 0.78, 0.78]","[0.029, 0.031]","[1.0, 1.0, 0.17, 0.22]",1.0,1.0,0.17,0.22,"psych_curve(xdata=array([-70.,  70.]), ydata=[0.331, 0.934], fit=[nan, nan, nan, nan, nan, nan, nan, nan, nan, nan, nan, nan, nan, nan, nan, nan, nan, nan, nan, nan, nan, nan, nan, nan, nan, nan, nan, nan, nan, nan, nan, nan, nan, nan, nan, nan, nan, nan, nan, nan, nan, nan, nan, nan, nan, nan, nan, nan, nan, nan, nan, nan, nan, nan, nan, nan, nan, nan, nan, nan, nan, nan, nan, nan, nan, nan, nan, nan, nan, nan, nan, nan, nan, nan, nan, nan, nan, nan, nan, nan, nan, nan, nan, nan, nan, nan, nan, nan, nan, nan, nan, nan, nan, nan, nan, nan, nan, nan, nan, nan], params=[1.0, 1.0, 0.33, 0.07], fit_error=[0.037, 0.019])",[-70.  70.],"[0.169, 0.779]","[0.17, 0.17, 0.17, 0.17, 0.17, 0.17, 0.17, 0.17, 0.17, 0.17, 0.17, 0.17, 0.17, 0.17, 0.17, 0.17, 0.17, 0.17, 0.17, 0.17, 0.17, 0.17, 0.17, 0.17, 0.17, 0.17, 0.17, 0.17, 0.17, 0.17, 0.17, 0.17, 0.17, 0.17, 0.17, 0.17, 0.17, 0.17, 0.17, 0.17, 0.17, 0.17, 0.17, 0.17, 0.17, 0.17, 0.172, 0.176, 0.196, 0.264, 0.431, 0.63, 0.735, 0.768, 0.777, 0.779, 0.78, 0.78, 0.78, 0.78, 0.78, 0.78, 0.78, 0.78, 0.78, 0.78, 0.78, 0.78, 0.78, 0.78, 0.78, 0.78, 0.78, 0.78, 0.78, 0.78, 0.78, 0.78, 0.78, 0.78, 0.78, 0.78, 0.78, 0.78, 0.78, 0.78, 0.78, 0.78, 0.78, 0.78, 0.78, 0.78, 0.78, 0.78, 0.78, 0.78, 0.78, 0.78, 0.78, 0.78]","[0.029, 0.031]","[1.0, 1.0, 0.33, 0.07]",1.0,1.0,0.33,0.07
2023-04-24,0,151,807,['Bpod5'],348,154,194,140,157,257,116,141,143,103,40,16,24,0.7385057471264368,0.7532467532467533,0.7268041237113402,297,132,165,173,75,98,0.5357142857142857,0.6242038216560509,109,55,54,0.39285714285714285,0.34394904458598724,0.8653198653198653,0.8787878787878788,0.8545454545454545,0.8653198653198653,-0.024242424242424288,0.8265895953757225,0.944954128440367,-0.11836453306464445,0.5799590536851683,0.36840309372156504,51,22,29,0.14655172413793102,0.14285714285714285,0.14948453608247422,257,116,141,642.5,290.0,352.5,0,0,0,0,9.999999999976694e-05,"psych_curve(xdata=array([-70.,  70.]), ydata=[0.121, 0.855], fit=[0.12, 0.12, 0.12, 0.12, 0.12, 0.12, 0.12, 0.12, 0.12, 0.12, 0.12, 0.12, 0.12, 0.12, 0.12, 0.12, 0.12, 0.12, 0.12, 0.12, 0.12, 0.12, 0.12, 0.12, 0.12, 0.12, 0.12, 0.12, 0.12, 0.12, 0.12, 0.12, 0.12, 0.12, 0.12, 0.12, 0.12, 0.12, 0.12, 0.12, 0.12, 0.12, 0.12, 0.12, 0.12, 0.12, 0.122, 0.128, 0.151, 0.234, 0.436, 0.678, 0.806, 0.846, 0.857, 0.859, 0.86, 0.86, 0.86, 0.86, 0.86, 0.86, 0.86, 0.86, 0.86, 0.86, 0.86, 0.86, 0.86, 0.86, 0.86, 0.86, 0.86, 0.86, 0.86, 0.86, 0.86, 0.86, 0.86, 0.86, 0.86, 0.86, 0.86, 0.86, 0.86, 0.86, 0.86, 0.86, 0.86, 0.86, 0.86, 0.86, 0.86, 0.86, 0.86, 0.86, 0.86, 0.86, 0.86, 0.86], params=[1.0, 1.0, 0.12, 0.14], fit_error=[0.029, 0.028])",[-70.  70.],"[0.121, 0.855]","[0.12, 0.12, 0.12, 0.12, 0.12, 0.12, 0.12, 0.12, 0.12, 0.12, 0.12, 0.12, 0.12, 0.12, 0.12, 0.12, 0.12, 0.12, 0.12, 0.12, 0.12, 0.12, 0.12, 0.12, 0.12, 0.12, 0.12, 0.12, 0.12, 0.12, 0.12, 0.12, 0.12, 0.12, 0.12, 0.12, 0.12, 0.12, 0.12, 0.12, 0.12, 0.12, 0.12, 0.12, 0.12, 0.12, 0.122, 0.128, 0.151, 0.234, 0.436, 0.678, 0.806, 0.846, 0.857, 0.859, 0.86, 0.86, 0.86, 0.86, 0.86, 0.86, 0.86, 0.86, 0.86, 0.86, 0.86, 0.86, 0.86, 0.86, 0.86, 0.86, 0.86, 0.86, 0.86, 0.86, 0.86, 0.86, 0.86, 0.86, 0.86, 0.86, 0.86, 0.86, 0.86, 0.86, 0.86, 0.86, 0.86, 0.86, 0.86, 0.86, 0.86, 0.86, 0.86, 0.86, 0.86, 0.86, 0.86, 0.86]","[0.029, 0.028]","[1.0, 1.0, 0.12, 0.14]",1.0,1.0,0.12,0.14,"psych_curve(xdata=array([-70.,  70.]), ydata=[0.226, 0.96], fit=[nan, nan, nan, nan, nan, nan, nan, nan, nan, nan, nan, nan, nan, nan, nan, nan, nan, nan, nan, nan, nan, nan, nan, nan, nan, nan, nan, nan, nan, nan, nan, nan, nan, nan, nan, nan, nan, nan, nan, nan, nan, nan, nan, nan, nan, nan, nan, nan, nan, nan, nan, nan, nan, nan, nan, nan, nan, nan, nan, nan, nan, nan, nan, nan, nan, nan, nan, nan, nan, nan, nan, nan, nan, nan, nan, nan, nan, nan, nan, nan, nan, nan, nan, nan, nan, nan, nan, nan, nan, nan, nan, nan, nan, nan, nan, nan, nan, nan, nan, nan], params=[1.0, 1.0, 0.23, 0.04], fit_error=[0.036, 0.016])",[-70.  70.],"[0.121, 0.855]","[0.12, 0.12, 0.12, 0.12, 0.12, 0.12, 0.12, 0.12, 0.12, 0.12, 0.12, 0.12, 0.12, 0.12, 0.12, 0.12, 0.12, 0.12, 0.12, 0.12, 0.12, 0.12, 0.12, 0.12, 0.12, 0.12, 0.12, 0.12, 0.12, 0.12, 0.12, 0.12, 0.12, 0.12, 0.12, 0.12, 0.12, 0.12, 0.12, 0.12, 0.12, 0.12, 0.12, 0.12, 0.12, 0.12, 0.122, 0.128, 0.151, 0.234, 0.436, 0.678, 0.806, 0.846, 0.857, 0.859, 0.86, 0.86, 0.86, 0.86, 0.86, 0.86, 0.86, 0.86, 0.86, 0.86, 0.86, 0.86, 0.86, 0.86, 0.86, 0.86, 0.86, 0.86, 0.86, 0.86, 0.86, 0.86, 0.86, 0.86, 0.86, 0.86, 0.86, 0.86, 0.86, 0.86, 0.86, 0.86, 0.86, 0.86, 0.86, 0.86, 0.86, 0.86, 0.86, 0.86, 0.86, 0.86, 0.86, 0.86]","[0.029, 0.028]","[1.0, 1.0, 0.23, 0.04]",1.0,1.0,0.23,0.04
2023-04-25,1,152,807,['Bpod5'],350,174,176,176,144,290,153,137,152,136,30,7,23,0.8285714285714286,0.8793103448275862,0.7784090909090909,320,160,160,173,101,72,0.5738636363636364,0.5,144,72,72,0.4090909090909091,0.5,0.90625,0.95625,0.85625,0.90625,-0.10000000000000009,0.8786127167630058,0.9444444444444444,-0.06583172768143863,0.5369318181818181,0.4545454545454546,30,14,16,0.08571428571428572,0.08045977011494253,0.09090909090909091,290,153,137,725.0,382.5,342.5,0,0,0,0,9.999999999976694e-05,"psych_curve(xdata=array([-70.,  70.]), ydata=[0.044, 0.856], fit=[0.04, 0.04, 0.04, 0.04, 0.04, 0.04, 0.04, 0.04, 0.04, 0.04, 0.04, 0.04, 0.04, 0.04, 0.04, 0.04, 0.04, 0.04, 0.04, 0.04, 0.04, 0.04, 0.04, 0.04, 0.04, 0.04, 0.04, 0.04, 0.04, 0.04, 0.04, 0.04, 0.04, 0.04, 0.04, 0.04, 0.04, 0.04, 0.04, 0.04, 0.04, 0.04, 0.04, 0.04, 0.04, 0.041, 0.042, 0.049, 0.075, 0.166, 0.39, 0.658, 0.8, 0.845, 0.856, 0.859, 0.86, 0.86, 0.86, 0.86, 0.86, 0.86, 0.86, 0.86, 0.86, 0.86, 0.86, 0.86, 0.86, 0.86, 0.86, 0.86, 0.86, 0.86, 0.86, 0.86, 0.86, 0.86, 0.86, 0.86, 0.86, 0.86, 0.86, 0.86, 0.86, 0.86, 0.86, 0.86, 0.86, 0.86, 0.86, 0.86, 0.86, 0.86, 0.86, 0.86, 0.86, 0.86, 0.86, 0.86], params=[1.0, 1.0, 0.04, 0.14], fit_error=[0.016, 0.028])",[-70.  70.],"[0.044, 0.856]","[0.04, 0.04, 0.04, 0.04, 0.04, 0.04, 0.04, 0.04, 0.04, 0.04, 0.04, 0.04, 0.04, 0.04, 0.04, 0.04, 0.04, 0.04, 0.04, 0.04, 0.04, 0.04, 0.04, 0.04, 0.04, 0.04, 0.04, 0.04, 0.04, 0.04, 0.04, 0.04, 0.04, 0.04, 0.04, 0.04, 0.04, 0.04, 0.04, 0.04, 0.04, 0.04, 0.04, 0.04, 0.04, 0.041, 0.042, 0.049, 0.075, 0.166, 0.39, 0.658, 0.8, 0.845, 0.856, 0.859, 0.86, 0.86, 0.86, 0.86, 0.86, 0.86, 0.86, 0.86, 0.86, 0.86, 0.86, 0.86, 0.86, 0.86, 0.86, 0.86, 0.86, 0.86, 0.86, 0.86, 0.86, 0.86, 0.86, 0.86, 0.86, 0.86, 0.86, 0.86, 0.86, 0.86, 0.86, 0.86, 0.86, 0.86, 0.86, 0.86, 0.86, 0.86, 0.86, 0.86, 0.86, 0.86, 0.86, 0.86]","[0.016, 0.028]","[1.0, 1.0, 0.04, 0.14]",1.0,1.0,0.04,0.14,"psych_curve(xdata=array([-70.,  70.]), ydata=[0.134, 0.95], fit=[nan, nan, nan, nan, nan, nan, nan, nan, nan, nan, nan, nan, nan, nan, nan, nan, nan, nan, nan, nan, nan, nan, nan, nan, nan, nan, nan, nan, nan, nan, nan, nan, nan, nan, nan, nan, nan, nan, nan, nan, nan, nan, nan, nan, nan, nan, nan, nan, nan, nan, nan, nan, nan, nan, nan, nan, nan, nan, nan, nan, nan, nan, nan, nan, nan, nan, nan, nan, nan, nan, nan, nan, nan, nan, nan, nan, nan, nan, nan, nan, nan, nan, nan, nan, nan, nan, nan, nan, nan, nan, nan, nan, nan, nan, nan, nan, nan, nan, nan, nan], params=[1.0, 1.0, 0.13, 0.05], fit_error=[0.027, 0.017])",[-70.  70.],"[0.044, 0.856]","[0.04, 0.04, 0.04, 0.04, 0.04, 0.04, 0.04, 0.04, 0.04, 0.04, 0.04, 0.04, 0.04, 0.04, 0.04, 0.04, 0.04, 0.04, 0.04, 0.04, 0.04, 0.04, 0.04, 0.04, 0.04, 0.04, 0.04, 0.04, 0.04, 0.04, 0.04, 0.04, 0.04, 0.04, 0.04, 0.04, 0.04, 0.04, 0.04, 0.04, 0.04, 0.04, 0.04, 0.04, 0.04, 0.041, 0.042, 0.049, 0.075, 0.166, 0.39, 0.658, 0.8, 0.845, 0.856, 0.859, 0.86, 0.86, 0.86, 0.86, 0.86, 0.86, 0.86, 0.86, 0.86, 0.86, 0.86, 0.86, 0.86, 0.86, 0.86, 0.86, 0.86, 0.86, 0.86, 0.86, 0.86, 0.86, 0.86, 0.86, 0.86, 0.86, 0.86, 0.86, 0.86, 0.86, 0.86, 0.86, 0.86, 0.86, 0.86, 0.86, 0.86, 0.86, 0.86, 0.86, 0.86, 0.86, 0.86, 0.86]","[0.016, 0.028]","[1.0, 1.0, 0.13, 0.05]",1.0,1.0,0.13,0.05
2023-04-26,2,153,807,['Bpod5'],435,205,230,197,229,396,184,212,201,192,30,17,13,0.9103448275862069,0.8975609756097561,0.9217391304347826,426,201,225,223,97,126,0.49238578680203043,0.5502183406113537,199,99,100,0.5025380710659898,0.4366812227074236,0.9295774647887324,0.9154228855721394,0.9422222222222222,0.9295774647887324,0.026799336650082828,0.9013452914798207,0.964824120603015,-0.06347882912319436,0.5213020637066921,0.4696096468867067,9,4,5,0.020689655172413793,0.01951219512195122,0.021739130434782608,396,184,212,990.0,460.0,530.0,0,0,0,0,0.10000000000000014,"psych_curve(xdata=array([-70.,  70.]), ydata=[0.085, 0.942], fit=[0.08, 0.08, 0.08, 0.08, 0.08, 0.08, 0.08, 0.08, 0.08, 0.08, 0.08, 0.08, 0.08, 0.08, 0.08, 0.08, 0.08, 0.08, 0.08, 0.08, 0.08, 0.08, 0.08, 0.08, 0.08, 0.08, 0.08, 0.08, 0.08, 0.08, 0.08, 0.08, 0.08, 0.08, 0.08, 0.08, 0.08, 0.08, 0.08, 0.08, 0.08, 0.08, 0.08, 0.08, 0.08, 0.081, 0.082, 0.089, 0.116, 0.212, 0.447, 0.729, 0.877, 0.924, 0.936, 0.939, 0.94, 0.94, 0.94, 0.94, 0.94, 0.94, 0.94, 0.94, 0.94, 0.94, 0.94, 0.94, 0.94, 0.94, 0.94, 0.94, 0.94, 0.94, 0.94, 0.94, 0.94, 0.94, 0.94, 0.94, 0.94, 0.94, 0.94, 0.94, 0.94, 0.94, 0.94, 0.94, 0.94, 0.94, 0.94, 0.94, 0.94, 0.94, 0.94, 0.94, 0.94, 0.94, 0.94, 0.94], params=[1.0, 1.0, 0.08, 0.06], fit_error=[0.02, 0.016])",[-70.  70.],"[0.085, 0.942]","[0.08, 0.08, 0.08, 0.08, 0.08, 0.08, 0.08, 0.08, 0.08, 0.08, 0.08, 0.08, 0.08, 0.08, 0.08, 0.08, 0.08, 0.08, 0.08, 0.08, 0.08, 0.08, 0.08, 0.08, 0.08, 0.08, 0.08, 0.08, 0.08, 0.08, 0.08, 0.08, 0.08, 0.08, 0.08, 0.08, 0.08, 0.08, 0.08, 0.08, 0.08, 0.08, 0.08, 0.08, 0.08, 0.081, 0.082, 0.089, 0.116, 0.212, 0.447, 0.729, 0.877, 0.924, 0.936, 0.939, 0.94, 0.94, 0.94, 0.94, 0.94, 0.94, 0.94, 0.94, 0.94, 0.94, 0.94, 0.94, 0.94, 0.94, 0.94, 0.94, 0.94, 0.94, 0.94, 0.94, 0.94, 0.94, 0.94, 0.94, 0.94, 0.94, 0.94, 0.94, 0.94, 0.94, 0.94, 0.94, 0.94, 0.94, 0.94, 0.94, 0.94, 0.94, 0.94, 0.94, 0.94, 0.94, 0.94, 0.94]","[0.02, 0.016]","[1.0, 1.0, 0.08, 0.06]",1.0,1.0,0.08,0.06,"psych_curve(xdata=array([-70.,  70.]), ydata=[0.103, 0.966], fit=[nan, nan, nan, nan, nan, nan, nan, nan, nan, nan, nan, nan, nan, nan, nan, nan, nan, nan, nan, nan, nan, nan, nan, nan, nan, nan, nan, nan, nan, nan, nan, nan, nan, nan, nan, nan, nan, nan, nan, nan, nan, nan, nan, nan, nan, nan, nan, nan, nan, nan, nan, nan, nan, nan, nan, nan, nan, nan, nan, nan, nan, nan, nan, nan, nan, nan, nan, nan, nan, nan, nan, nan, nan, nan, nan, nan, nan, nan, nan, nan, nan, nan, nan, nan, nan, nan, nan, nan, nan, nan, nan, nan, nan, nan, nan, nan, nan, nan, nan, nan], params=[1.0, 1.0, 0.1, 0.03], fit_error=[0.021, 0.013])",[-70.  70.],"[0.085, 0.942]","[0.08, 0.08, 0.08, 0.08, 0.08, 0.08, 0.08, 0.08, 0.08, 0.08, 0.08, 0.08, 0.08, 0.08, 0.08, 0.08, 0.08, 0.08, 0.08, 0.08, 0.08, 0.08, 0.08, 0.08, 0.08, 0.08, 0.08, 0.08, 0.08, 0.08, 0.08, 0.08, 0.08, 0.08, 0.08, 0.08, 0.08, 0.08, 0.08, 0.08, 0.08, 0.08, 0.08, 0.08, 0.08, 0.081, 0.082, 0.089, 0.116, 0.212, 0.447, 0.729, 0.877, 0.924, 0.936, 0.939, 0.94, 0.94, 0.94, 0.94, 0.94, 0.94, 0.94, 0.94, 0.94, 0.94, 0.94, 0.94, 0.94, 0.94, 0.94, 0.94, 0.94, 0.94, 0.94, 0.94, 0.94, 0.94, 0.94, 0.94, 0.94, 0.94, 0.94, 0.94, 0.94, 0.94, 0.94, 0.94, 0.94, 0.94, 0.94, 0.94, 0.94, 0.94, 0.94, 0.94, 0.94, 0.94, 0.94, 0.94]","[0.02, 0.016]","[1.0, 1.0, 0.1, 0.03]",1.0,1.0,0.1,0.03
2023-04-27,3,154,807,['Bpod5'],521,257,264,258,261,468,231,237,241,225,51,24,27,0.8982725527831094,0.8988326848249028,0.8977272727272727,519,255,264,280,139,141,0.5387596899224806,0.5402298850574713,236,118,118,0.4573643410852713,0.4521072796934866,0.9017341040462428,0.9058823529411765,0.8977272727272727,0.9017341040462428,-0.008155080213903765,0.8607142857142858,0.9533898305084746,-0.09267554479418882,0.5394947874899759,0.45473581038937894,2,2,0,0.003838771593090211,0.007782101167315175,0.0,468,231,237,1170.0,577.5,592.5,0,0,0,0,0.20000000000000176,"psych_curve(xdata=array([-70.,  70.]), ydata=[0.094, 0.898], fit=[0.09, 0.09, 0.09, 0.09, 0.09, 0.09, 0.09, 0.09, 0.09, 0.09, 0.09, 0.09, 0.09, 0.09, 0.09, 0.09, 0.09, 0.09, 0.09, 0.09, 0.09, 0.09, 0.09, 0.09, 0.09, 0.09, 0.09, 0.09, 0.09, 0.09, 0.09, 0.09, 0.09, 0.09, 0.09, 0.09, 0.09, 0.09, 0.09, 0.09, 0.09, 0.09, 0.09, 0.09, 0.09, 0.091, 0.092, 0.099, 0.124, 0.214, 0.436, 0.701, 0.841, 0.885, 0.896, 0.899, 0.9, 0.9, 0.9, 0.9, 0.9, 0.9, 0.9, 0.9, 0.9, 0.9, 0.9, 0.9, 0.9, 0.9, 0.9, 0.9, 0.9, 0.9, 0.9, 0.9, 0.9, 0.9, 0.9, 0.9, 0.9, 0.9, 0.9, 0.9, 0.9, 0.9, 0.9, 0.9, 0.9, 0.9, 0.9, 0.9, 0.9, 0.9, 0.9, 0.9, 0.9, 0.9, 0.9, 0.9], params=[1.0, 1.0, 0.09, 0.1], fit_error=[0.018, 0.019])",[-70.  70.],"[0.094, 0.898]","[0.09, 0.09, 0.09, 0.09, 0.09, 0.09, 0.09, 0.09, 0.09, 0.09, 0.09, 0.09, 0.09, 0.09, 0.09, 0.09, 0.09, 0.09, 0.09, 0.09, 0.09, 0.09, 0.09, 0.09, 0.09, 0.09, 0.09, 0.09, 0.09, 0.09, 0.09, 0.09, 0.09, 0.09, 0.09, 0.09, 0.09, 0.09, 0.09, 0.09, 0.09, 0.09, 0.09, 0.09, 0.09, 0.091, 0.092, 0.099, 0.124, 0.214, 0.436, 0.701, 0.841, 0.885, 0.896, 0.899, 0.9, 0.9, 0.9, 0.9, 0.9, 0.9, 0.9, 0.9, 0.9, 0.9, 0.9, 0.9, 0.9, 0.9, 0.9, 0.9, 0.9, 0.9, 0.9, 0.9, 0.9, 0.9, 0.9, 0.9, 0.9, 0.9, 0.9, 0.9, 0.9, 0.9, 0.9, 0.9, 0.9, 0.9, 0.9, 0.9, 0.9, 0.9, 0.9, 0.9, 0.9, 0.9, 0.9, 0.9]","[0.018, 0.019]","[1.0, 1.0, 0.09, 0.1]",1.0,1.0,0.09,0.1,"psych_curve(xdata=array([-70.,  70.]), ydata=[0.148, 0.956], fit=[nan, nan, nan, nan, nan, nan, nan, nan, nan, nan, nan, nan, nan, nan, nan, nan, nan, nan, nan, nan, nan, nan, nan, nan, nan, nan, nan, nan, nan, nan, nan, nan, nan, nan, nan, nan, nan, nan, nan, nan, nan, nan, nan, nan, nan, nan, nan, nan, nan, nan, nan, nan, nan, nan, nan, nan, nan, nan, nan, nan, nan, nan, nan, nan, nan, nan, nan, nan, nan, nan, nan, nan, nan, nan, nan, nan, nan, nan, nan, nan, nan, nan, nan, nan, nan, nan, nan, nan, nan, nan, nan, nan, nan, nan, nan, nan, nan, nan, nan, nan], params=[1.0, 1.0, 0.15, 0.04], fit_error=[0.022, 0.013])",[-70.  70.],"[0.094, 0.898]","[0.09, 0.09, 0.09, 0.09, 0.09, 0.09, 0.09, 0.09, 0.09, 0.09, 0.09, 0.09, 0.09, 0.09, 0.09, 0.09, 0.09, 0.09, 0.09, 0.09, 0.09, 0.09, 0.09, 0.09, 0.09, 0.09, 0.09, 0.09, 0.09, 0.09, 0.09, 0.09, 0.09, 0.09, 0.09, 0.09, 0.09, 0.09, 0.09, 0.09, 0.09, 0.09, 0.09, 0.09, 0.09, 0.091, 0.092, 0.099, 0.124, 0.214, 0.436, 0.701, 0.841, 0.885, 0.896, 0.899, 0.9, 0.9, 0.9, 0.9, 0.9, 0.9, 0.9, 0.9, 0.9, 0.9, 0.9, 0.9, 0.9, 0.9, 0.9, 0.9, 0.9, 0.9, 0.9, 0.9, 0.9, 0.9, 0.9, 0.9, 0.9, 0.9, 0.9, 0.9, 0.9, 0.9, 0.9, 0.9, 0.9, 0.9, 0.9, 0.9, 0.9, 0.9, 0.9, 0.9, 0.9, 0.9, 0.9, 0.9]","[0.018, 0.019]","[1.0, 1.0, 0.15, 0.04]",1.0,1.0,0.15,0.04
2023-04-28,4,155,807,['Bpod5'],408,215,193,192,199,338,172,166,160,171,53,33,20,0.8284313725490197,0.8,0.8601036269430051,391,205,186,199,97,102,0.5052083333333334,0.5125628140703518,183,92,91,0.4791666666666667,0.457286432160804,0.8644501278772379,0.8390243902439024,0.8924731182795699,0.8644501278772379,0.05344872803566747,0.8040201005025126,0.9344262295081968,-0.13040612900568416,0.5088855737018425,0.4682265494137353,17,10,7,0.041666666666666664,0.046511627906976744,0.03626943005181347,338,172,166,845.0,430.0,415.0,0,0,0,0,0.400000000000003,"psych_curve(xdata=array([-70.,  70.]), ydata=[0.161, 0.892], fit=[0.16, 0.16, 0.16, 0.16, 0.16, 0.16, 0.16, 0.16, 0.16, 0.16, 0.16, 0.16, 0.16, 0.16, 0.16, 0.16, 0.16, 0.16, 0.16, 0.16, 0.16, 0.16, 0.16, 0.16, 0.16, 0.16, 0.16, 0.16, 0.16, 0.16, 0.16, 0.16, 0.16, 0.16, 0.16, 0.16, 0.16, 0.16, 0.16, 0.16, 0.16, 0.16, 0.16, 0.16, 0.16, 0.16, 0.162, 0.168, 0.191, 0.272, 0.472, 0.711, 0.836, 0.876, 0.887, 0.889, 0.89, 0.89, 0.89, 0.89, 0.89, 0.89, 0.89, 0.89, 0.89, 0.89, 0.89, 0.89, 0.89, 0.89, 0.89, 0.89, 0.89, 0.89, 0.89, 0.89, 0.89, 0.89, 0.89, 0.89, 0.89, 0.89, 0.89, 0.89, 0.89, 0.89, 0.89, 0.89, 0.89, 0.89, 0.89, 0.89, 0.89, 0.89, 0.89, 0.89, 0.89, 0.89, 0.89, 0.89], params=[1.0, 1.0, 0.16, 0.11], fit_error=[0.026, 0.023])",[-70.  70.],"[0.161, 0.892]","[0.16, 0.16, 0.16, 0.16, 0.16, 0.16, 0.16, 0.16, 0.16, 0.16, 0.16, 0.16, 0.16, 0.16, 0.16, 0.16, 0.16, 0.16, 0.16, 0.16, 0.16, 0.16, 0.16, 0.16, 0.16, 0.16, 0.16, 0.16, 0.16, 0.16, 0.16, 0.16, 0.16, 0.16, 0.16, 0.16, 0.16, 0.16, 0.16, 0.16, 0.16, 0.16, 0.16, 0.16, 0.16, 0.16, 0.162, 0.168, 0.191, 0.272, 0.472, 0.711, 0.836, 0.876, 0.887, 0.889, 0.89, 0.89, 0.89, 0.89, 0.89, 0.89, 0.89, 0.89, 0.89, 0.89, 0.89, 0.89, 0.89, 0.89, 0.89, 0.89, 0.89, 0.89, 0.89, 0.89, 0.89, 0.89, 0.89, 0.89, 0.89, 0.89, 0.89, 0.89, 0.89, 0.89, 0.89, 0.89, 0.89, 0.89, 0.89, 0.89, 0.89, 0.89, 0.89, 0.89, 0.89, 0.89, 0.89, 0.89]","[0.026, 0.023]","[1.0, 1.0, 0.16, 0.11]",1.0,1.0,0.16,0.11,"psych_curve(xdata=array([-70.,  70.]), ydata=[0.186, 0.93], fit=[nan, nan, nan, nan, nan, nan, nan, nan, nan, nan, nan, nan, nan, nan, nan, nan, nan, nan, nan, nan, nan, nan, nan, nan, nan, nan, nan, nan, nan, nan, nan, nan, nan, nan, nan, nan, nan, nan, nan, nan, nan, nan, nan, nan, nan, nan, nan, nan, nan, nan, nan, nan, nan, nan, nan, nan, nan, nan, nan, nan, nan, nan, nan, nan, nan, nan, nan, nan, nan, nan, nan, nan, nan, nan, nan, nan, nan, nan, nan, nan, nan, nan, nan, nan, nan, nan, nan, nan, nan, nan, nan, nan, nan, nan, nan, nan, nan, nan, nan, nan], params=[1.0, 1.0, 0.19, 0.07], fit_error=[0.027, 0.019])",[-70.  70.],"[0.161, 0.892]","[0.16, 0.16, 0.16, 0.16, 0.16, 0.16, 0.16, 0.16, 0.16, 0.16, 0.16, 0.16, 0.16, 0.16, 0.16, 0.16, 0.16, 0.16, 0.16, 0.16, 0.16, 0.16, 0.16, 0.16, 0.16, 0.16, 0.16, 0.16, 0.16, 0.16, 0.16, 0.16, 0.16, 0.16, 0.16, 0.16, 0.16, 0.16, 0.16, 0.16, 0.16, 0.16, 0.16, 0.16, 0.16, 0.16, 0.162, 0.168, 0.191, 0.272, 0.472, 0.711, 0.836, 0.876, 0.887, 0.889, 0.89, 0.89, 0.89, 0.89, 0.89, 0.89, 0.89, 0.89, 0.89, 0.89, 0.89, 0.89, 0.89, 0.89, 0.89, 0.89, 0.89, 0.89, 0.89, 0.89, 0.89, 0.89, 0.89, 0.89, 0.89, 0.89, 0.89, 0.89, 0.89, 0.89, 0.89, 0.89, 0.89, 0.89, 0.89, 0.89, 0.89, 0.89, 0.89, 0.89, 0.89, 0.89, 0.89, 0.89]","[0.026, 0.023]","[1.0, 1.0, 0.19, 0.07]",1.0,1.0,0.19,0.07
2023-05-02,1,159,807,['Bpod5'],369,197,172,173,157,287,150,137,148,129,43,20,23,0.7777777777777778,0.7614213197969543,0.7965116279069767,330,170,160,177,97,80,0.5606936416184971,0.5095541401273885,141,68,73,0.3930635838150289,0.46496815286624205,0.8696969696969697,0.8823529411764706,0.85625,0.8696969696969697,-0.026102941176470607,0.8361581920903954,0.9148936170212766,-0.07873542493088115,0.5351238908729428,0.4290158683406355,39,27,12,0.10569105691056911,0.13705583756345177,0.06976744186046512,287,150,137,717.5,375.0,342.5,0,0,0,0,0.40000000000000274,"psych_curve(xdata=array([-70.,  70.]), ydata=[0.118, 0.856], fit=[0.12, 0.12, 0.12, 0.12, 0.12, 0.12, 0.12, 0.12, 0.12, 0.12, 0.12, 0.12, 0.12, 0.12, 0.12, 0.12, 0.12, 0.12, 0.12, 0.12, 0.12, 0.12, 0.12, 0.12, 0.12, 0.12, 0.12, 0.12, 0.12, 0.12, 0.12, 0.12, 0.12, 0.12, 0.12, 0.12, 0.12, 0.12, 0.12, 0.12, 0.12, 0.12, 0.12, 0.12, 0.12, 0.12, 0.122, 0.128, 0.151, 0.234, 0.436, 0.678, 0.806, 0.846, 0.857, 0.859, 0.86, 0.86, 0.86, 0.86, 0.86, 0.86, 0.86, 0.86, 0.86, 0.86, 0.86, 0.86, 0.86, 0.86, 0.86, 0.86, 0.86, 0.86, 0.86, 0.86, 0.86, 0.86, 0.86, 0.86, 0.86, 0.86, 0.86, 0.86, 0.86, 0.86, 0.86, 0.86, 0.86, 0.86, 0.86, 0.86, 0.86, 0.86, 0.86, 0.86, 0.86, 0.86, 0.86, 0.86], params=[1.0, 1.0, 0.12, 0.14], fit_error=[0.025, 0.028])",[-70.  70.],"[0.118, 0.856]","[0.12, 0.12, 0.12, 0.12, 0.12, 0.12, 0.12, 0.12, 0.12, 0.12, 0.12, 0.12, 0.12, 0.12, 0.12, 0.12, 0.12, 0.12, 0.12, 0.12, 0.12, 0.12, 0.12, 0.12, 0.12, 0.12, 0.12, 0.12, 0.12, 0.12, 0.12, 0.12, 0.12, 0.12, 0.12, 0.12, 0.12, 0.12, 0.12, 0.12, 0.12, 0.12, 0.12, 0.12, 0.12, 0.12, 0.122, 0.128, 0.151, 0.234, 0.436, 0.678, 0.806, 0.846, 0.857, 0.859, 0.86, 0.86, 0.86, 0.86, 0.86, 0.86, 0.86, 0.86, 0.86, 0.86, 0.86, 0.86, 0.86, 0.86, 0.86, 0.86, 0.86, 0.86, 0.86, 0.86, 0.86, 0.86, 0.86, 0.86, 0.86, 0.86, 0.86, 0.86, 0.86, 0.86, 0.86, 0.86, 0.86, 0.86, 0.86, 0.86, 0.86, 0.86, 0.86, 0.86, 0.86, 0.86, 0.86, 0.86]","[0.025, 0.028]","[1.0, 1.0, 0.12, 0.14]",1.0,1.0,0.12,0.14,"psych_curve(xdata=array([-70.,  70.]), ydata=[0.184, 0.925], fit=[nan, nan, nan, nan, nan, nan, nan, nan, nan, nan, nan, nan, nan, nan, nan, nan, nan, nan, nan, nan, nan, nan, nan, nan, nan, nan, nan, nan, nan, nan, nan, nan, nan, nan, nan, nan, nan, nan, nan, nan, nan, nan, nan, nan, nan, nan, nan, nan, nan, nan, nan, nan, nan, nan, nan, nan, nan, nan, nan, nan, nan, nan, nan, nan, nan, nan, nan, nan, nan, nan, nan, nan, nan, nan, nan, nan, nan, nan, nan, nan, nan, nan, nan, nan, nan, nan, nan, nan, nan, nan, nan, nan, nan, nan, nan, nan, nan, nan, nan, nan], params=[1.0, 1.0, 0.18, 0.08], fit_error=[0.031, 0.021])",[-70.  70.],"[0.118, 0.856]","[0.12, 0.12, 0.12, 0.12, 0.12, 0.12, 0.12, 0.12, 0.12, 0.12, 0.12, 0.12, 0.12, 0.12, 0.12, 0.12, 0.12, 0.12, 0.12, 0.12, 0.12, 0.12, 0.12, 0.12, 0.12, 0.12, 0.12, 0.12, 0.12, 0.12, 0.12, 0.12, 0.12, 0.12, 0.12, 0.12, 0.12, 0.12, 0.12, 0.12, 0.12, 0.12, 0.12, 0.12, 0.12, 0.12, 0.122, 0.128, 0.151, 0.234, 0.436, 0.678, 0.806, 0.846, 0.857, 0.859, 0.86, 0.86, 0.86, 0.86, 0.86, 0.86, 0.86, 0.86, 0.86, 0.86, 0.86, 0.86, 0.86, 0.86, 0.86, 0.86, 0.86, 0.86, 0.86, 0.86, 0.86, 0.86, 0.86, 0.86, 0.86, 0.86, 0.86, 0.86, 0.86, 0.86, 0.86, 0.86, 0.86, 0.86, 0.86, 0.86, 0.86, 0.86, 0.86, 0.86, 0.86, 0.86, 0.86, 0.86]","[0.025, 0.028]","[1.0, 1.0, 0.18, 0.08]",1.0,1.0,0.18,0.08
2023-05-03,2,160,807,['Bpod5'],366,196,170,171,185,260,134,126,158,98,96,59,37,0.7103825136612022,0.6836734693877551,0.7411764705882353,356,193,163,229,106,123,0.6198830409356725,0.6648648648648648,119,58,61,0.3391812865497076,0.32972972972972975,0.7303370786516854,0.694300518134715,0.7730061349693251,0.7303370786516854,0.07870561683461008,0.6899563318777293,0.8235294117647058,-0.13357307988697653,0.6423739529002687,0.3344555081397187,10,3,7,0.0273224043715847,0.015306122448979591,0.041176470588235294,260,134,126,650.0,335.0,315.0,0,0,0,0,0.5999999999999962,"psych_curve(xdata=array([-70.,  70.]), ydata=[0.306, 0.773], fit=[0.31, 0.31, 0.31, 0.31, 0.31, 0.31, 0.31, 0.31, 0.31, 0.31, 0.31, 0.31, 0.31, 0.31, 0.31, 0.31, 0.31, 0.31, 0.31, 0.31, 0.31, 0.31, 0.31, 0.31, 0.31, 0.31, 0.31, 0.31, 0.31, 0.31, 0.31, 0.31, 0.31, 0.31, 0.31, 0.31, 0.31, 0.31, 0.31, 0.31, 0.31, 0.31, 0.31, 0.31, 0.31, 0.31, 0.311, 0.315, 0.329, 0.381, 0.507, 0.657, 0.736, 0.761, 0.768, 0.769, 0.77, 0.77, 0.77, 0.77, 0.77, 0.77, 0.77, 0.77, 0.77, 0.77, 0.77, 0.77, 0.77, 0.77, 0.77, 0.77, 0.77, 0.77, 0.77, 0.77, 0.77, 0.77, 0.77, 0.77, 0.77, 0.77, 0.77, 0.77, 0.77, 0.77, 0.77, 0.77, 0.77, 0.77, 0.77, 0.77, 0.77, 0.77, 0.77, 0.77, 0.77, 0.77, 0.77, 0.77], params=[1.0, 1.0, 0.31, 0.23], fit_error=[0.033, 0.033])",[-70.  70.],"[0.306, 0.773]","[0.31, 0.31, 0.31, 0.31, 0.31, 0.31, 0.31, 0.31, 0.31, 0.31, 0.31, 0.31, 0.31, 0.31, 0.31, 0.31, 0.31, 0.31, 0.31, 0.31, 0.31, 0.31, 0.31, 0.31, 0.31, 0.31, 0.31, 0.31, 0.31, 0.31, 0.31, 0.31, 0.31, 0.31, 0.31, 0.31, 0.31, 0.31, 0.31, 0.31, 0.31, 0.31, 0.31, 0.31, 0.31, 0.31, 0.311, 0.315, 0.329, 0.381, 0.507, 0.657, 0.736, 0.761, 0.768, 0.769, 0.77, 0.77, 0.77, 0.77, 0.77, 0.77, 0.77, 0.77, 0.77, 0.77, 0.77, 0.77, 0.77, 0.77, 0.77, 0.77, 0.77, 0.77, 0.77, 0.77, 0.77, 0.77, 0.77, 0.77, 0.77, 0.77, 0.77, 0.77, 0.77, 0.77, 0.77, 0.77, 0.77, 0.77, 0.77, 0.77, 0.77, 0.77, 0.77, 0.77, 0.77, 0.77, 0.77, 0.77]","[0.033, 0.033]","[1.0, 1.0, 0.31, 0.23]",1.0,1.0,0.31,0.23,"psych_curve(xdata=array([-70.,  70.]), ydata=[0.42, 0.883], fit=[nan, nan, nan, nan, nan, nan, nan, nan, nan, nan, nan, nan, nan, nan, nan, nan, nan, nan, nan, nan, nan, nan, nan, nan, nan, nan, nan, nan, nan, nan, nan, nan, nan, nan, nan, nan, nan, nan, nan, nan, nan, nan, nan, nan, nan, nan, nan, nan, nan, nan, nan, nan, nan, nan, nan, nan, nan, nan, nan, nan, nan, nan, nan, nan, nan, nan, nan, nan, nan, nan, nan, nan, nan, nan, nan, nan, nan, nan, nan, nan, nan, nan, nan, nan, nan, nan, nan, nan, nan, nan, nan, nan, nan, nan, nan, nan, nan, nan, nan, nan], params=[1.0, 1.0, 0.42, 0.12], fit_error=[0.038, 0.024])",[-70.  70.],"[0.306, 0.773]","[0.31, 0.31, 0.31, 0.31, 0.31, 0.31, 0.31, 0.31, 0.31, 0.31, 0.31, 0.31, 0.31, 0.31, 0.31, 0.31, 0.31, 0.31, 0.31, 0.31, 0.31, 0.31, 0.31, 0.31, 0.31, 0.31, 0.31, 0.31, 0.31, 0.31, 0.31, 0.31, 0.31, 0.31, 0.31, 0.31, 0.31, 0.31, 0.31, 0.31, 0.31, 0.31, 0.31, 0.31, 0.31, 0.31, 0.311, 0.315, 0.329, 0.381, 0.507, 0.657, 0.736, 0.761, 0.768, 0.769, 0.77, 0.77, 0.77, 0.77, 0.77, 0.77, 0.77, 0.77, 0.77, 0.77, 0.77, 0.77, 0.77, 0.77, 0.77, 0.77, 0.77, 0.77, 0.77, 0.77, 0.77, 0.77, 0.77, 0.77, 0.77, 0.77, 0.77, 0.77, 0.77, 0.77, 0.77, 0.77, 0.77, 0.77, 0.77, 0.77, 0.77, 0.77, 0.77, 0.77, 0.77, 0.77, 0.77, 0.77]","[0.033, 0.033]","[1.0, 1.0, 0.42, 0.12]",1.0,1.0,0.42,0.12
2023-05-04,3,161,807,['Bpod5'],516,257,259,236,266,422,204,218,234,181,80,48,32,0.8178294573643411,0.7937743190661478,0.8416988416988417,502,252,250,302,135,167,0.5720338983050848,0.6278195488721805,193,96,97,0.4067796610169492,0.36466165413533835,0.8406374501992032,0.8095238095238095,0.872,0.8406374501992032,0.06247619047619046,0.7748344370860927,0.9378238341968912,-0.16298939711079852,0.5999267235886326,0.38572065757614377,14,5,9,0.027131782945736434,0.019455252918287938,0.03474903474903475,422,204,218,1055.0,510.0,545.0,0,0,0,0,9.999999999976694e-05,"psych_curve(xdata=array([-70.,  70.]), ydata=[0.19, 0.872], fit=[0.19, 0.19, 0.19, 0.19, 0.19, 0.19, 0.19, 0.19, 0.19, 0.19, 0.19, 0.19, 0.19, 0.19, 0.19, 0.19, 0.19, 0.19, 0.19, 0.19, 0.19, 0.19, 0.19, 0.19, 0.19, 0.19, 0.19, 0.19, 0.19, 0.19, 0.19, 0.19, 0.19, 0.19, 0.19, 0.19, 0.19, 0.19, 0.19, 0.19, 0.19, 0.19, 0.19, 0.19, 0.19, 0.19, 0.192, 0.197, 0.219, 0.294, 0.481, 0.703, 0.82, 0.857, 0.867, 0.869, 0.87, 0.87, 0.87, 0.87, 0.87, 0.87, 0.87, 0.87, 0.87, 0.87, 0.87, 0.87, 0.87, 0.87, 0.87, 0.87, 0.87, 0.87, 0.87, 0.87, 0.87, 0.87, 0.87, 0.87, 0.87, 0.87, 0.87, 0.87, 0.87, 0.87, 0.87, 0.87, 0.87, 0.87, 0.87, 0.87, 0.87, 0.87, 0.87, 0.87, 0.87, 0.87, 0.87, 0.87], params=[1.0, 1.0, 0.19, 0.13], fit_error=[0.025, 0.021])",[-70.  70.],"[0.19, 0.872]","[0.19, 0.19, 0.19, 0.19, 0.19, 0.19, 0.19, 0.19, 0.19, 0.19, 0.19, 0.19, 0.19, 0.19, 0.19, 0.19, 0.19, 0.19, 0.19, 0.19, 0.19, 0.19, 0.19, 0.19, 0.19, 0.19, 0.19, 0.19, 0.19, 0.19, 0.19, 0.19, 0.19, 0.19, 0.19, 0.19, 0.19, 0.19, 0.19, 0.19, 0.19, 0.19, 0.19, 0.19, 0.19, 0.19, 0.192, 0.197, 0.219, 0.294, 0.481, 0.703, 0.82, 0.857, 0.867, 0.869, 0.87, 0.87, 0.87, 0.87, 0.87, 0.87, 0.87, 0.87, 0.87, 0.87, 0.87, 0.87, 0.87, 0.87, 0.87, 0.87, 0.87, 0.87, 0.87, 0.87, 0.87, 0.87, 0.87, 0.87, 0.87, 0.87, 0.87, 0.87, 0.87, 0.87, 0.87, 0.87, 0.87, 0.87, 0.87, 0.87, 0.87, 0.87, 0.87, 0.87, 0.87, 0.87, 0.87, 0.87]","[0.025, 0.021]","[1.0, 1.0, 0.19, 0.13]",1.0,1.0,0.19,0.13,"psych_curve(xdata=array([-70.,  70.]), ydata=[0.273, 0.951], fit=[nan, nan, nan, nan, nan, nan, nan, nan, nan, nan, nan, nan, nan, nan, nan, nan, nan, nan, nan, nan, nan, nan, nan, nan, nan, nan, nan, nan, nan, nan, nan, nan, nan, nan, nan, nan, nan, nan, nan, nan, nan, nan, nan, nan, nan, nan, nan, nan, nan, nan, nan, nan, nan, nan, nan, nan, nan, nan, nan, nan, nan, nan, nan, nan, nan, nan, nan, nan, nan, nan, nan, nan, nan, nan, nan, nan, nan, nan, nan, nan, nan, nan, nan, nan, nan, nan, nan, nan, nan, nan, nan, nan, nan, nan, nan, nan, nan, nan, nan, nan], params=[1.0, 1.0, 0.27, 0.05], fit_error=[0.028, 0.014])",[-70.  70.],"[0.19, 0.872]","[0.19, 0.19, 0.19, 0.19, 0.19, 0.19, 0.19, 0.19, 0.19, 0.19, 0.19, 0.19, 0.19, 0.19, 0.19, 0.19, 0.19, 0.19, 0.19, 0.19, 0.19, 0.19, 0.19, 0.19, 0.19, 0.19, 0.19, 0.19, 0.19, 0.19, 0.19, 0.19, 0.19, 0.19, 0.19, 0.19, 0.19, 0.19, 0.19, 0.19, 0.19, 0.19, 0.19, 0.19, 0.19, 0.19, 0.192, 0.197, 0.219, 0.294, 0.481, 0.703, 0.82, 0.857, 0.867, 0.869, 0.87, 0.87, 0.87, 0.87, 0.87, 0.87, 0.87, 0.87, 0.87, 0.87, 0.87, 0.87, 0.87, 0.87, 0.87, 0.87, 0.87, 0.87, 0.87, 0.87, 0.87, 0.87, 0.87, 0.87, 0.87, 0.87, 0.87, 0.87, 0.87, 0.87, 0.87, 0.87, 0.87, 0.87, 0.87, 0.87, 0.87, 0.87, 0.87, 0.87, 0.87, 0.87, 0.87, 0.87]","[0.025, 0.021]","[1.0, 1.0, 0.27, 0.05]",1.0,1.0,0.27,0.05
2023-05-05,4,162,807,['Bpod5'],417,219,198,191,224,309,151,158,170,137,106,66,40,0.7410071942446043,0.6894977168949772,0.797979797979798,415,217,198,259,112,147,0.5863874345549738,0.65625,154,77,77,0.4031413612565445,0.34375,0.744578313253012,0.695852534562212,0.797979797979798,0.744578313253012,0.10212726341758604,0.6563706563706564,0.8896103896103896,-0.23323973323973324,0.6213187172774869,0.3734456806282722,2,2,0,0.004796163069544364,0.0091324200913242,0.0,309,151,158,772.5,377.5,395.0,0,0,0,0,0.8000000000000062,"psych_curve(xdata=array([-70.,  70.]), ydata=[0.304, 0.798], fit=[0.3, 0.3, 0.3, 0.3, 0.3, 0.3, 0.3, 0.3, 0.3, 0.3, 0.3, 0.3, 0.3, 0.3, 0.3, 0.3, 0.3, 0.3, 0.3, 0.3, 0.3, 0.3, 0.3, 0.3, 0.3, 0.3, 0.3, 0.3, 0.3, 0.3, 0.3, 0.3, 0.3, 0.3, 0.3, 0.3, 0.3, 0.3, 0.3, 0.3, 0.3, 0.3, 0.3, 0.3, 0.3, 0.3, 0.301, 0.305, 0.321, 0.377, 0.514, 0.677, 0.763, 0.791, 0.798, 0.799, 0.8, 0.8, 0.8, 0.8, 0.8, 0.8, 0.8, 0.8, 0.8, 0.8, 0.8, 0.8, 0.8, 0.8, 0.8, 0.8, 0.8, 0.8, 0.8, 0.8, 0.8, 0.8, 0.8, 0.8, 0.8, 0.8, 0.8, 0.8, 0.8, 0.8, 0.8, 0.8, 0.8, 0.8, 0.8, 0.8, 0.8, 0.8, 0.8, 0.8, 0.8, 0.8, 0.8, 0.8], params=[1.0, 1.0, 0.3, 0.2], fit_error=[0.031, 0.029])",[-70.  70.],"[0.304, 0.798]","[0.3, 0.3, 0.3, 0.3, 0.3, 0.3, 0.3, 0.3, 0.3, 0.3, 0.3, 0.3, 0.3, 0.3, 0.3, 0.3, 0.3, 0.3, 0.3, 0.3, 0.3, 0.3, 0.3, 0.3, 0.3, 0.3, 0.3, 0.3, 0.3, 0.3, 0.3, 0.3, 0.3, 0.3, 0.3, 0.3, 0.3, 0.3, 0.3, 0.3, 0.3, 0.3, 0.3, 0.3, 0.3, 0.3, 0.301, 0.305, 0.321, 0.377, 0.514, 0.677, 0.763, 0.791, 0.798, 0.799, 0.8, 0.8, 0.8, 0.8, 0.8, 0.8, 0.8, 0.8, 0.8, 0.8, 0.8, 0.8, 0.8, 0.8, 0.8, 0.8, 0.8, 0.8, 0.8, 0.8, 0.8, 0.8, 0.8, 0.8, 0.8, 0.8, 0.8, 0.8, 0.8, 0.8, 0.8, 0.8, 0.8, 0.8, 0.8, 0.8, 0.8, 0.8, 0.8, 0.8, 0.8, 0.8, 0.8, 0.8]","[0.031, 0.029]","[1.0, 1.0, 0.3, 0.2]",1.0,1.0,0.3,0.2,"psych_curve(xdata=array([-70.,  70.]), ydata=[0.394, 0.909], fit=[nan, nan, nan, nan, nan, nan, nan, nan, nan, nan, nan, nan, nan, nan, nan, nan, nan, nan, nan, nan, nan, nan, nan, nan, nan, nan, nan, nan, nan, nan, nan, nan, nan, nan, nan, nan, nan, nan, nan, nan, nan, nan, nan, nan, nan, nan, nan, nan, nan, nan, nan, nan, nan, nan, nan, nan, nan, nan, nan, nan, nan, nan, nan, nan, nan, nan, nan, nan, nan, nan, nan, nan, nan, nan, nan, nan, nan, nan, nan, nan, nan, nan, nan, nan, nan, nan, nan, nan, nan, nan, nan, nan, nan, nan, nan, nan, nan, nan, nan, nan], params=[1.0, 1.0, 0.39, 0.09], fit_error=[0.033, 0.021])",[-70.  70.],"[0.304, 0.798]","[0.3, 0.3, 0.3, 0.3, 0.3, 0.3, 0.3, 0.3, 0.3, 0.3, 0.3, 0.3, 0.3, 0.3, 0.3, 0.3, 0.3, 0.3, 0.3, 0.3, 0.3, 0.3, 0.3, 0.3, 0.3, 0.3, 0.3, 0.3, 0.3, 0.3, 0.3, 0.3, 0.3, 0.3, 0.3, 0.3, 0.3, 0.3, 0.3, 0.3, 0.3, 0.3, 0.3, 0.3, 0.3, 0.3, 0.301, 0.305, 0.321, 0.377, 0.514, 0.677, 0.763, 0.791, 0.798, 0.799, 0.8, 0.8, 0.8, 0.8, 0.8, 0.8, 0.8, 0.8, 0.8, 0.8, 0.8, 0.8, 0.8, 0.8, 0.8, 0.8, 0.8, 0.8, 0.8, 0.8, 0.8, 0.8, 0.8, 0.8, 0.8, 0.8, 0.8, 0.8, 0.8, 0.8, 0.8, 0.8, 0.8, 0.8, 0.8, 0.8, 0.8, 0.8, 0.8, 0.8, 0.8, 0.8, 0.8, 0.8]","[0.031, 0.029]","[1.0, 1.0, 0.39, 0.09]",1.0,1.0,0.39,0.09
2023-05-08,0,165,807,['Bpod3'],445,220,225,175,268,337,144,193,209,127,106,75,31,0.7573033707865169,0.6545454545454545,0.8577777777777778,443,219,224,289,99,190,0.5657142857142857,0.7089552238805971,152,76,76,0.4342857142857143,0.2835820895522388,0.7607223476297968,0.6575342465753424,0.8616071428571429,0.7607223476297968,0.20407289628180048,0.7231833910034602,0.8355263157894737,-0.11234292478601349,0.6373347547974414,0.35893390191897656,2,1,1,0.0044943820224719105,0.004545454545454545,0.0044444444444444444,337,144,193,842.5,360.0,482.5,0,0,0,0,0.8000000000000065,"psych_curve(xdata=array([-70.,  70.]), ydata=[0.342, 0.862], fit=[0.34, 0.34, 0.34, 0.34, 0.34, 0.34, 0.34, 0.34, 0.34, 0.34, 0.34, 0.34, 0.34, 0.34, 0.34, 0.34, 0.34, 0.34, 0.34, 0.34, 0.34, 0.34, 0.34, 0.34, 0.34, 0.34, 0.34, 0.34, 0.34, 0.34, 0.34, 0.34, 0.34, 0.34, 0.34, 0.34, 0.34, 0.34, 0.34, 0.34, 0.34, 0.34, 0.34, 0.34, 0.34, 0.34, 0.341, 0.346, 0.362, 0.42, 0.562, 0.732, 0.822, 0.85, 0.858, 0.859, 0.86, 0.86, 0.86, 0.86, 0.86, 0.86, 0.86, 0.86, 0.86, 0.86, 0.86, 0.86, 0.86, 0.86, 0.86, 0.86, 0.86, 0.86, 0.86, 0.86, 0.86, 0.86, 0.86, 0.86, 0.86, 0.86, 0.86, 0.86, 0.86, 0.86, 0.86, 0.86, 0.86, 0.86, 0.86, 0.86, 0.86, 0.86, 0.86, 0.86, 0.86, 0.86, 0.86, 0.86], params=[1.0, 1.0, 0.34, 0.14], fit_error=[0.032, 0.023])",[-70.  70.],"[0.342, 0.862]","[0.34, 0.34, 0.34, 0.34, 0.34, 0.34, 0.34, 0.34, 0.34, 0.34, 0.34, 0.34, 0.34, 0.34, 0.34, 0.34, 0.34, 0.34, 0.34, 0.34, 0.34, 0.34, 0.34, 0.34, 0.34, 0.34, 0.34, 0.34, 0.34, 0.34, 0.34, 0.34, 0.34, 0.34, 0.34, 0.34, 0.34, 0.34, 0.34, 0.34, 0.34, 0.34, 0.34, 0.34, 0.34, 0.34, 0.341, 0.346, 0.362, 0.42, 0.562, 0.732, 0.822, 0.85, 0.858, 0.859, 0.86, 0.86, 0.86, 0.86, 0.86, 0.86, 0.86, 0.86, 0.86, 0.86, 0.86, 0.86, 0.86, 0.86, 0.86, 0.86, 0.86, 0.86, 0.86, 0.86, 0.86, 0.86, 0.86, 0.86, 0.86, 0.86, 0.86, 0.86, 0.86, 0.86, 0.86, 0.86, 0.86, 0.86, 0.86, 0.86, 0.86, 0.86, 0.86, 0.86, 0.86, 0.86, 0.86, 0.86]","[0.032, 0.023]","[1.0, 1.0, 0.34, 0.14]",1.0,1.0,0.34,0.14,"psych_curve(xdata=array([-70.,  70.]), ydata=[0.386, 0.893], fit=[nan, nan, nan, nan, nan, nan, nan, nan, nan, nan, nan, nan, nan, nan, nan, nan, nan, nan, nan, nan, nan, nan, nan, nan, nan, nan, nan, nan, nan, nan, nan, nan, nan, nan, nan, nan, nan, nan, nan, nan, nan, nan, nan, nan, nan, nan, nan, nan, nan, nan, nan, nan, nan, nan, nan, nan, nan, nan, nan, nan, nan, nan, nan, nan, nan, nan, nan, nan, nan, nan, nan, nan, nan, nan, nan, nan, nan, nan, nan, nan, nan, nan, nan, nan, nan, nan, nan, nan, nan, nan, nan, nan, nan, nan, nan, nan, nan, nan, nan, nan], params=[1.0, 1.0, 0.39, 0.11], fit_error=[0.034, 0.02])",[-70.  70.],"[0.342, 0.862]","[0.34, 0.34, 0.34, 0.34, 0.34, 0.34, 0.34, 0.34, 0.34, 0.34, 0.34, 0.34, 0.34, 0.34, 0.34, 0.34, 0.34, 0.34, 0.34, 0.34, 0.34, 0.34, 0.34, 0.34, 0.34, 0.34, 0.34, 0.34, 0.34, 0.34, 0.34, 0.34, 0.34, 0.34, 0.34, 0.34, 0.34, 0.34, 0.34, 0.34, 0.34, 0.34, 0.34, 0.34, 0.34, 0.34, 0.341, 0.346, 0.362, 0.42, 0.562, 0.732, 0.822, 0.85, 0.858, 0.859, 0.86, 0.86, 0.86, 0.86, 0.86, 0.86, 0.86, 0.86, 0.86, 0.86, 0.86, 0.86, 0.86, 0.86, 0.86, 0.86, 0.86, 0.86, 0.86, 0.86, 0.86, 0.86, 0.86, 0.86, 0.86, 0.86, 0.86, 0.86, 0.86, 0.86, 0.86, 0.86, 0.86, 0.86, 0.86, 0.86, 0.86, 0.86, 0.86, 0.86, 0.86, 0.86, 0.86, 0.86]","[0.032, 0.023]","[1.0, 1.0, 0.39, 0.11]",1.0,1.0,0.39,0.11
2023-05-09,1,166,807,['Bpod3'],319,157,162,107,211,231,88,143,131,100,87,68,19,0.7241379310344828,0.5605095541401274,0.8827160493827161,318,156,162,199,48,151,0.4485981308411215,0.7156398104265402,118,59,59,0.5514018691588785,0.2796208530805687,0.7264150943396226,0.5641025641025641,0.8827160493827161,0.7264150943396226,0.318613485280152,0.6582914572864321,0.847457627118644,-0.1891661698322119,0.5821189706338309,0.4155113611197236,1,1,0,0.003134796238244514,0.006369426751592357,0.0,231,88,143,577.5,220.0,357.5,0,0,0,0,0.7434075235109715,"psych_curve(xdata=array([-70.,  70.]), ydata=[0.436, 0.883], fit=[0.44, 0.44, 0.44, 0.44, 0.44, 0.44, 0.44, 0.44, 0.44, 0.44, 0.44, 0.44, 0.44, 0.44, 0.44, 0.44, 0.44, 0.44, 0.44, 0.44, 0.44, 0.44, 0.44, 0.44, 0.44, 0.44, 0.44, 0.44, 0.44, 0.44, 0.44, 0.44, 0.44, 0.44, 0.44, 0.44, 0.44, 0.44, 0.44, 0.44, 0.44, 0.44, 0.44, 0.44, 0.44, 0.44, 0.441, 0.445, 0.459, 0.508, 0.628, 0.772, 0.848, 0.872, 0.878, 0.879, 0.88, 0.88, 0.88, 0.88, 0.88, 0.88, 0.88, 0.88, 0.88, 0.88, 0.88, 0.88, 0.88, 0.88, 0.88, 0.88, 0.88, 0.88, 0.88, 0.88, 0.88, 0.88, 0.88, 0.88, 0.88, 0.88, 0.88, 0.88, 0.88, 0.88, 0.88, 0.88, 0.88, 0.88, 0.88, 0.88, 0.88, 0.88, 0.88, 0.88, 0.88, 0.88, 0.88, 0.88], params=[1.0, 1.0, 0.44, 0.12], fit_error=[0.04, 0.025])",[-70.  70.],"[0.436, 0.883]","[0.44, 0.44, 0.44, 0.44, 0.44, 0.44, 0.44, 0.44, 0.44, 0.44, 0.44, 0.44, 0.44, 0.44, 0.44, 0.44, 0.44, 0.44, 0.44, 0.44, 0.44, 0.44, 0.44, 0.44, 0.44, 0.44, 0.44, 0.44, 0.44, 0.44, 0.44, 0.44, 0.44, 0.44, 0.44, 0.44, 0.44, 0.44, 0.44, 0.44, 0.44, 0.44, 0.44, 0.44, 0.44, 0.44, 0.441, 0.445, 0.459, 0.508, 0.628, 0.772, 0.848, 0.872, 0.878, 0.879, 0.88, 0.88, 0.88, 0.88, 0.88, 0.88, 0.88, 0.88, 0.88, 0.88, 0.88, 0.88, 0.88, 0.88, 0.88, 0.88, 0.88, 0.88, 0.88, 0.88, 0.88, 0.88, 0.88, 0.88, 0.88, 0.88, 0.88, 0.88, 0.88, 0.88, 0.88, 0.88, 0.88, 0.88, 0.88, 0.88, 0.88, 0.88, 0.88, 0.88, 0.88, 0.88, 0.88, 0.88]","[0.04, 0.025]","[1.0, 1.0, 0.44, 0.12]",1.0,1.0,0.44,0.12,"psych_curve(xdata=array([-70.,  70.]), ydata=[0.405, 0.879], fit=[nan, nan, nan, nan, nan, nan, nan, nan, nan, nan, nan, nan, nan, nan, nan, nan, nan, nan, nan, nan, nan, nan, nan, nan, nan, nan, nan, nan, nan, nan, nan, nan, nan, nan, nan, nan, nan, nan, nan, nan, nan, nan, nan, nan, nan, nan, nan, nan, nan, nan, nan, nan, nan, nan, nan, nan, nan, nan, nan, nan, nan, nan, nan, nan, nan, nan, nan, nan, nan, nan, nan, nan, nan, nan, nan, nan, nan, nan, nan, nan, nan, nan, nan, nan, nan, nan, nan, nan, nan, nan, nan, nan, nan, nan, nan, nan, nan, nan, nan, nan], params=[1.0, 1.0, 0.41, 0.12], fit_error=[0.038, 0.027])",[-70.  70.],"[0.436, 0.883]","[0.44, 0.44, 0.44, 0.44, 0.44, 0.44, 0.44, 0.44, 0.44, 0.44, 0.44, 0.44, 0.44, 0.44, 0.44, 0.44, 0.44, 0.44, 0.44, 0.44, 0.44, 0.44, 0.44, 0.44, 0.44, 0.44, 0.44, 0.44, 0.44, 0.44, 0.44, 0.44, 0.44, 0.44, 0.44, 0.44, 0.44, 0.44, 0.44, 0.44, 0.44, 0.44, 0.44, 0.44, 0.44, 0.44, 0.441, 0.445, 0.459, 0.508, 0.628, 0.772, 0.848, 0.872, 0.878, 0.879, 0.88, 0.88, 0.88, 0.88, 0.88, 0.88, 0.88, 0.88, 0.88, 0.88, 0.88, 0.88, 0.88, 0.88, 0.88, 0.88, 0.88, 0.88, 0.88, 0.88, 0.88, 0.88, 0.88, 0.88, 0.88, 0.88, 0.88, 0.88, 0.88, 0.88, 0.88, 0.88, 0.88, 0.88, 0.88, 0.88, 0.88, 0.88, 0.88, 0.88, 0.88, 0.88, 0.88, 0.88]","[0.04, 0.025]","[1.0, 1.0, 0.41, 0.12]",1.0,1.0,0.41,0.12
2023-05-10,2,167,807,['Bpod3'],240,116,124,83,156,157,58,99,94,62,82,57,25,0.6541666666666667,0.5,0.7983870967741935,239,115,124,156,42,114,0.5060240963855421,0.7307692307692307,82,41,41,0.4939759036144578,0.26282051282051283,0.6569037656903766,0.5043478260869565,0.7983870967741935,0.6569037656903766,0.294039270687237,0.6025641025641025,0.7560975609756098,-0.15353345841150723,0.6183966635773864,0.3783982082174853,1,1,0,0.004166666666666667,0.008620689655172414,0.0,157,58,99,392.5,145.0,247.5,0,0,0,0,0.7606962500000002,"psych_curve(xdata=array([-70.,  70.]), ydata=[0.496, 0.798], fit=[0.5, 0.5, 0.5, 0.5, 0.5, 0.5, 0.5, 0.5, 0.5, 0.5, 0.5, 0.5, 0.5, 0.5, 0.5, 0.5, 0.5, 0.5, 0.5, 0.5, 0.5, 0.5, 0.5, 0.5, 0.5, 0.5, 0.5, 0.5, 0.5, 0.5, 0.5, 0.5, 0.5, 0.5, 0.5, 0.5, 0.5, 0.5, 0.5, 0.5, 0.5, 0.5, 0.5, 0.5, 0.5, 0.5, 0.501, 0.503, 0.513, 0.546, 0.628, 0.726, 0.778, 0.794, 0.799, 0.8, 0.8, 0.8, 0.8, 0.8, 0.8, 0.8, 0.8, 0.8, 0.8, 0.8, 0.8, 0.8, 0.8, 0.8, 0.8, 0.8, 0.8, 0.8, 0.8, 0.8, 0.8, 0.8, 0.8, 0.8, 0.8, 0.8, 0.8, 0.8, 0.8, 0.8, 0.8, 0.8, 0.8, 0.8, 0.8, 0.8, 0.8, 0.8, 0.8, 0.8, 0.8, 0.8, 0.8, 0.8], params=[1.0, 1.0, 0.5, 0.2], fit_error=[0.047, 0.036])",[-70.  70.],"[0.496, 0.798]","[0.5, 0.5, 0.5, 0.5, 0.5, 0.5, 0.5, 0.5, 0.5, 0.5, 0.5, 0.5, 0.5, 0.5, 0.5, 0.5, 0.5, 0.5, 0.5, 0.5, 0.5, 0.5, 0.5, 0.5, 0.5, 0.5, 0.5, 0.5, 0.5, 0.5, 0.5, 0.5, 0.5, 0.5, 0.5, 0.5, 0.5, 0.5, 0.5, 0.5, 0.5, 0.5, 0.5, 0.5, 0.5, 0.5, 0.501, 0.503, 0.513, 0.546, 0.628, 0.726, 0.778, 0.794, 0.799, 0.8, 0.8, 0.8, 0.8, 0.8, 0.8, 0.8, 0.8, 0.8, 0.8, 0.8, 0.8, 0.8, 0.8, 0.8, 0.8, 0.8, 0.8, 0.8, 0.8, 0.8, 0.8, 0.8, 0.8, 0.8, 0.8, 0.8, 0.8, 0.8, 0.8, 0.8, 0.8, 0.8, 0.8, 0.8, 0.8, 0.8, 0.8, 0.8, 0.8, 0.8, 0.8, 0.8, 0.8, 0.8]","[0.047, 0.036]","[1.0, 1.0, 0.5, 0.2]",1.0,1.0,0.5,0.2,"psych_curve(xdata=array([-70.,  70.]), ydata=[0.5, 0.825], fit=[nan, nan, nan, nan, nan, nan, nan, nan, nan, nan, nan, nan, nan, nan, nan, nan, nan, nan, nan, nan, nan, nan, nan, nan, nan, nan, nan, nan, nan, nan, nan, nan, nan, nan, nan, nan, nan, nan, nan, nan, nan, nan, nan, nan, nan, nan, nan, nan, nan, nan, nan, nan, nan, nan, nan, nan, nan, nan, nan, nan, nan, nan, nan, nan, nan, nan, nan, nan, nan, nan, nan, nan, nan, nan, nan, nan, nan, nan, nan, nan, nan, nan, nan, nan, nan, nan, nan, nan, nan, nan, nan, nan, nan, nan, nan, nan, nan, nan, nan, nan], params=[1.0, 1.0, 0.5, 0.17], fit_error=[0.045, 0.036])",[-70.  70.],"[0.496, 0.798]","[0.5, 0.5, 0.5, 0.5, 0.5, 0.5, 0.5, 0.5, 0.5, 0.5, 0.5, 0.5, 0.5, 0.5, 0.5, 0.5, 0.5, 0.5, 0.5, 0.5, 0.5, 0.5, 0.5, 0.5, 0.5, 0.5, 0.5, 0.5, 0.5, 0.5, 0.5, 0.5, 0.5, 0.5, 0.5, 0.5, 0.5, 0.5, 0.5, 0.5, 0.5, 0.5, 0.5, 0.5, 0.5, 0.5, 0.501, 0.503, 0.513, 0.546, 0.628, 0.726, 0.778, 0.794, 0.799, 0.8, 0.8, 0.8, 0.8, 0.8, 0.8, 0.8, 0.8, 0.8, 0.8, 0.8, 0.8, 0.8, 0.8, 0.8, 0.8, 0.8, 0.8, 0.8, 0.8, 0.8, 0.8, 0.8, 0.8, 0.8, 0.8, 0.8, 0.8, 0.8, 0.8, 0.8, 0.8, 0.8, 0.8, 0.8, 0.8, 0.8, 0.8, 0.8, 0.8, 0.8, 0.8, 0.8, 0.8, 0.8]","[0.047, 0.036]","[1.0, 1.0, 0.5, 0.17]",1.0,1.0,0.5,0.17
2023-05-11,3,168,807,['Bpod5'],410,211,199,184,226,325,155,170,175,150,85,56,29,0.7926829268292683,0.7345971563981043,0.8542713567839196,410,211,199,243,101,142,0.5489130434782609,0.6283185840707964,166,83,83,0.45108695652173914,0.3672566371681416,0.7926829268292683,0.7345971563981043,0.8542713567839196,0.798469387755102,0.11967420038581533,0.720164609053498,0.9036144578313253,-0.18344984877782733,0.5886158137745287,0.40917179684494037,0,0,0,0.0,0.0,0.0,325,155,170,812.5,387.5,425.0,0,0,0,0,0.742509024390244,"psych_curve(xdata=array([-70.,  -8.,  -4.,  -2.,   0.,   2.,   4.,   8.,  70.]), ydata=[0.264, 0.0, 0.5, 0.0, 0.5, 0.667, 0.333, 1.0, 0.864], fit=[0.18, 0.18, 0.18, 0.18, 0.18, 0.18, 0.18, 0.18, 0.18, 0.18, 0.18, 0.18, 0.18, 0.18, 0.18, 0.18, 0.18, 0.18, 0.18, 0.18, 0.18, 0.18, 0.18, 0.18, 0.18, 0.18, 0.18, 0.18, 0.18, 0.18, 0.18, 0.18, 0.18, 0.18, 0.18, 0.18, 0.18, 0.18, 0.181, 0.181, 0.182, 0.183, 0.185, 0.188, 0.193, 0.202, 0.217, 0.241, 0.277, 0.33, 0.403, 0.492, 0.589, 0.682, 0.76, 0.819, 0.86, 0.887, 0.904, 0.914, 0.921, 0.924, 0.927, 0.928, 0.929, 0.929, 0.93, 0.93, 0.93, 0.93, 0.93, 0.93, 0.93, 0.93, 0.93, 0.93, 0.93, 0.93, 0.93, 0.93, 0.93, 0.93, 0.93, 0.93, 0.93, 0.93, 0.93, 0.93, 0.93, 0.93, 0.93, 0.93, 0.93, 0.93, 0.93, 0.93, 0.93, 0.93, 0.93, 0.93], params=[0.37, 3.04, 0.18, 0.07], fit_error=[0.031, nan, 0.5, 0.0, 0.289, 0.333, 0.333, 0.0, 0.025])",[-70.  -8.  -4.  -2.   0.   2.   4.   8.  70.],"[0.264, 0.0, 0.5, 0.0, 0.5, 0.667, 0.333, 1.0, 0.864]","[0.18, 0.18, 0.18, 0.18, 0.18, 0.18, 0.18, 0.18, 0.18, 0.18, 0.18, 0.18, 0.18, 0.18, 0.18, 0.18, 0.18, 0.18, 0.18, 0.18, 0.18, 0.18, 0.18, 0.18, 0.18, 0.18, 0.18, 0.18, 0.18, 0.18, 0.18, 0.18, 0.18, 0.18, 0.18, 0.18, 0.18, 0.18, 0.181, 0.181, 0.182, 0.183, 0.185, 0.188, 0.193, 0.202, 0.217, 0.241, 0.277, 0.33, 0.403, 0.492, 0.589, 0.682, 0.76, 0.819, 0.86, 0.887, 0.904, 0.914, 0.921, 0.924, 0.927, 0.928, 0.929, 0.929, 0.93, 0.93, 0.93, 0.93, 0.93, 0.93, 0.93, 0.93, 0.93, 0.93, 0.93, 0.93, 0.93, 0.93, 0.93, 0.93, 0.93, 0.93, 0.93, 0.93, 0.93, 0.93, 0.93, 0.93, 0.93, 0.93, 0.93, 0.93, 0.93, 0.93, 0.93, 0.93, 0.93, 0.93]","[0.031, nan, 0.5, 0.0, 0.289, 0.333, 0.333, 0.0, 0.025]","[0.37, 3.04, 0.18, 0.07]",0.37,3.04,0.18,0.07,"psych_curve(xdata=array([-70.,  -4.,  -2.,  -0.,   2.,   4.,   8.,  70.]), ydata=[0.299, 1.0, 0.5, 0.5, 1.0, 1.0, 1.0, 0.917], fit=[nan, nan, nan, nan, nan, nan, nan, nan, nan, nan, nan, nan, nan, nan, nan, nan, nan, nan, nan, nan, nan, nan, nan, nan, nan, nan, nan, nan, nan, nan, nan, nan, nan, nan, nan, nan, nan, nan, nan, nan, nan, nan, nan, nan, nan, nan, nan, nan, nan, nan, nan, nan, nan, nan, nan, nan, nan, nan, nan, nan, nan, nan, nan, nan, nan, nan, nan, nan, nan, nan, nan, nan, nan, nan, nan, nan, nan, nan, nan, nan, nan, nan, nan, nan, nan, nan, nan, nan, nan, nan, nan, nan, nan, nan, nan, nan, nan, nan, nan, nan], params=[15.99, 1.15, 0.57, 0.02], fit_error=[0.032, 0.0, 0.5, 0.289, 0.0, 0.0, 0.0, 0.021])",[-70.  -8.  -4.  -2.   0.   2.   4.   8.  70.],"[0.264, 0.0, 0.5, 0.0, 0.5, 0.667, 0.333, 1.0, 0.864]","[0.18, 0.18, 0.18, 0.18, 0.18, 0.18, 0.18, 0.18, 0.18, 0.18, 0.18, 0.18, 0.18, 0.18, 0.18, 0.18, 0.18, 0.18, 0.18, 0.18, 0.18, 0.18, 0.18, 0.18, 0.18, 0.18, 0.18, 0.18, 0.18, 0.18, 0.18, 0.18, 0.18, 0.18, 0.18, 0.18, 0.18, 0.18, 0.181, 0.181, 0.182, 0.183, 0.185, 0.188, 0.193, 0.202, 0.217, 0.241, 0.277, 0.33, 0.403, 0.492, 0.589, 0.682, 0.76, 0.819, 0.86, 0.887, 0.904, 0.914, 0.921, 0.924, 0.927, 0.928, 0.929, 0.929, 0.93, 0.93, 0.93, 0.93, 0.93, 0.93, 0.93, 0.93, 0.93, 0.93, 0.93, 0.93, 0.93, 0.93, 0.93, 0.93, 0.93, 0.93, 0.93, 0.93, 0.93, 0.93, 0.93, 0.93, 0.93, 0.93, 0.93, 0.93, 0.93, 0.93, 0.93, 0.93, 0.93, 0.93]","[0.031, nan, 0.5, 0.0, 0.289, 0.333, 0.333, 0.0, 0.025]","[15.99, 1.15, 0.57, 0.02]",15.99,1.15,0.57,0.02
2023-05-12,4,169,807,['Bpod3'],480,233,247,184,294,345,142,203,189,153,133,91,42,0.71875,0.6094420600858369,0.8218623481781376,478,233,245,305,97,208,0.5271739130434783,0.7074829931972789,170,85,85,0.46195652173913043,0.2891156462585034,0.7217573221757322,0.6094420600858369,0.8285714285714286,0.7289293849658315,0.21912936848559172,0.6196721311475409,0.9,-0.2803278688524591,0.6173284531203787,0.3755360839988169,2,0,2,0.004166666666666667,0.0,0.008097165991902834,345,142,203,862.5,355.0,507.5,0,0,0,0,0.7307887499999997,"psych_curve(xdata=array([-70.,  -8.,  -4.,  -2.,   0.,   2.,   4.,   8.,  70.]), ydata=[0.377, 0.4, 1.0, 1.0, 0.5, 0.75, 0.75, 0.857, 0.836], fit=[0.38, 0.38, 0.38, 0.38, 0.38, 0.38, 0.38, 0.38, 0.38, 0.38, 0.38, 0.38, 0.38, 0.38, 0.38, 0.38, 0.38, 0.38, 0.38, 0.38, 0.38, 0.38, 0.38, 0.38, 0.38, 0.38, 0.38, 0.38, 0.38, 0.38, 0.38, 0.38, 0.38, 0.38, 0.38, 0.38, 0.38, 0.38, 0.38, 0.38, 0.38, 0.38, 0.38, 0.38, 0.432, 0.801, 0.81, 0.81, 0.81, 0.81, 0.81, 0.81, 0.81, 0.81, 0.81, 0.81, 0.81, 0.81, 0.81, 0.81, 0.81, 0.81, 0.81, 0.81, 0.81, 0.81, 0.81, 0.81, 0.81, 0.81, 0.81, 0.81, 0.81, 0.81, 0.81, 0.81, 0.81, 0.81, 0.81, 0.81, 0.81, 0.81, 0.81, 0.81, 0.81, 0.81, 0.81, 0.81, 0.81, 0.81, 0.81, 0.81, 0.81, 0.81, 0.81, 0.81, 0.81, 0.81, 0.81, 0.81], params=[4.13, -7.3, 0.38, 0.19], fit_error=[0.033, 0.245, 0.0, 0.0, 0.224, 0.164, 0.164, 0.143, 0.025])",[-70.  -8.  -4.  -2.   0.   2.   4.   8.  70.],"[0.377, 0.4, 1.0, 1.0, 0.5, 0.75, 0.75, 0.857, 0.836]","[0.38, 0.38, 0.38, 0.38, 0.38, 0.38, 0.38, 0.38, 0.38, 0.38, 0.38, 0.38, 0.38, 0.38, 0.38, 0.38, 0.38, 0.38, 0.38, 0.38, 0.38, 0.38, 0.38, 0.38, 0.38, 0.38, 0.38, 0.38, 0.38, 0.38, 0.38, 0.38, 0.38, 0.38, 0.38, 0.38, 0.38, 0.38, 0.38, 0.38, 0.38, 0.38, 0.38, 0.38, 0.432, 0.801, 0.81, 0.81, 0.81, 0.81, 0.81, 0.81, 0.81, 0.81, 0.81, 0.81, 0.81, 0.81, 0.81, 0.81, 0.81, 0.81, 0.81, 0.81, 0.81, 0.81, 0.81, 0.81, 0.81, 0.81, 0.81, 0.81, 0.81, 0.81, 0.81, 0.81, 0.81, 0.81, 0.81, 0.81, 0.81, 0.81, 0.81, 0.81, 0.81, 0.81, 0.81, 0.81, 0.81, 0.81, 0.81, 0.81, 0.81, 0.81, 0.81, 0.81, 0.81, 0.81, 0.81, 0.81]","[0.033, 0.245, 0.0, 0.0, 0.224, 0.164, 0.164, 0.143, 0.025]","[4.13, -7.3, 0.38, 0.19]",4.13,-7.3,0.38,0.19,"psych_curve(xdata=array([-70.,  -8.,  -4.,  -2.,   0.,   2.,   4.,   8.,  70.]), ydata=[0.41, 0.5, 0.8, 1.0, 0.833, 1.0, 0.833, 1.0, 0.914], fit=[nan, nan, nan, nan, nan, nan, nan, nan, nan, nan, nan, nan, nan, nan, nan, nan, nan, nan, nan, nan, nan, nan, nan, nan, nan, nan, nan, nan, nan, nan, nan, nan, nan, nan, nan, nan, nan, nan, nan, nan, nan, nan, nan, nan, nan, nan, nan, nan, nan, nan, nan, nan, nan, nan, nan, nan, nan, nan, nan, nan, nan, nan, nan, nan, nan, nan, nan, nan, nan, nan, nan, nan, nan, nan, nan, nan, nan, nan, nan, nan, nan, nan, nan, nan, nan, nan, nan, nan, nan, nan, nan, nan, nan, nan, nan, nan, nan, nan, nan, nan], params=[0.81, -5.75, 0.42, 0.07], fit_error=[0.031, 0.224, 0.2, 0.0, 0.167, 0.0, 0.167, 0.0, 0.021])",[-70.  -8.  -4.  -2.   0.   2.   4.   8.  70.],"[0.377, 0.4, 1.0, 1.0, 0.5, 0.75, 0.75, 0.857, 0.836]","[0.38, 0.38, 0.38, 0.38, 0.38, 0.38, 0.38, 0.38, 0.38, 0.38, 0.38, 0.38, 0.38, 0.38, 0.38, 0.38, 0.38, 0.38, 0.38, 0.38, 0.38, 0.38, 0.38, 0.38, 0.38, 0.38, 0.38, 0.38, 0.38, 0.38, 0.38, 0.38, 0.38, 0.38, 0.38, 0.38, 0.38, 0.38, 0.38, 0.38, 0.38, 0.38, 0.38, 0.38, 0.432, 0.801, 0.81, 0.81, 0.81, 0.81, 0.81, 0.81, 0.81, 0.81, 0.81, 0.81, 0.81, 0.81, 0.81, 0.81, 0.81, 0.81, 0.81, 0.81, 0.81, 0.81, 0.81, 0.81, 0.81, 0.81, 0.81, 0.81, 0.81, 0.81, 0.81, 0.81, 0.81, 0.81, 0.81, 0.81, 0.81, 0.81, 0.81, 0.81, 0.81, 0.81, 0.81, 0.81, 0.81, 0.81, 0.81, 0.81, 0.81, 0.81, 0.81, 0.81, 0.81, 0.81, 0.81, 0.81]","[0.033, 0.245, 0.0, 0.0, 0.224, 0.164, 0.164, 0.143, 0.025]","[0.81, -5.75, 0.42, 0.07]",0.81,-5.75,0.42,0.07
2023-05-15,0,172,807,['Bpod3'],316,145,171,100,216,233,81,152,145,87,83,64,19,0.7373417721518988,0.5586206896551724,0.8888888888888888,316,145,171,218,51,167,0.51,0.7731481481481481,97,48,49,0.48,0.22685185185185186,0.7373417721518988,0.5586206896551724,0.8888888888888888,0.7516778523489933,0.3302681992337164,0.6651376146788991,0.8969072164948454,-0.2317696018159463,0.6415740740740741,0.3534259259259259,0,0,0,0.0,0.0,0.0,233,81,152,582.5,202.5,380.0,0,0,0,0,0.7307506329113923,"psych_curve(xdata=array([-70.,  -4.,  -2.,   0.,   2.,   4.,   8.,  70.]), ydata=[0.44, 1.0, 0.333, 0.5, 0.5, 0.571, 0.0, 0.924], fit=[0.72, 0.72, 0.72, 0.72, 0.72, 0.72, 0.72, 0.72, 0.72, 0.72, 0.72, 0.72, 0.72, 0.72, 0.72, 0.72, 0.72, 0.72, 0.72, 0.72, 0.72, 0.72, 0.72, 0.72, 0.72, 0.72, 0.72, 0.72, 0.72, 0.72, 0.72, 0.72, 0.72, 0.72, 0.72, 0.72, 0.72, 0.72, 0.72, 0.72, 0.72, 0.72, 0.72, 0.72, 0.72, 0.72, 0.72, 0.72, 0.47, 0.47, 0.47, 0.47, 0.47, 0.47, 0.47, 0.47, 0.47, 0.47, 0.47, 0.47, 0.47, 0.47, 0.47, 0.47, 0.47, 0.47, 0.47, 0.47, 0.47, 0.47, 0.47, 0.47, 0.47, 0.47, 0.47, 0.47, 0.47, 0.47, 0.47, 0.47, 0.47, 0.47, 0.47, 0.47, 0.47, 0.47, 0.47, 0.47, 0.47, 0.47, 0.47, 0.47, 0.47, 0.47, 0.47, 0.47, 0.47, 0.47, 0.47, 0.47], params=[11.87, -3.01, 0.72, 0.53], fit_error=[0.042, nan, 0.333, 0.289, 0.5, 0.202, nan, 0.021])",[-70.  -4.  -2.   0.   2.   4.   8.  70.],"[0.44, 1.0, 0.333, 0.5, 0.5, 0.571, 0.0, 0.924]","[0.72, 0.72, 0.72, 0.72, 0.72, 0.72, 0.72, 0.72, 0.72, 0.72, 0.72, 0.72, 0.72, 0.72, 0.72, 0.72, 0.72, 0.72, 0.72, 0.72, 0.72, 0.72, 0.72, 0.72, 0.72, 0.72, 0.72, 0.72, 0.72, 0.72, 0.72, 0.72, 0.72, 0.72, 0.72, 0.72, 0.72, 0.72, 0.72, 0.72, 0.72, 0.72, 0.72, 0.72, 0.72, 0.72, 0.72, 0.72, 0.47, 0.47, 0.47, 0.47, 0.47, 0.47, 0.47, 0.47, 0.47, 0.47, 0.47, 0.47, 0.47, 0.47, 0.47, 0.47, 0.47, 0.47, 0.47, 0.47, 0.47, 0.47, 0.47, 0.47, 0.47, 0.47, 0.47, 0.47, 0.47, 0.47, 0.47, 0.47, 0.47, 0.47, 0.47, 0.47, 0.47, 0.47, 0.47, 0.47, 0.47, 0.47, 0.47, 0.47, 0.47, 0.47, 0.47, 0.47, 0.47, 0.47, 0.47, 0.47]","[0.042, nan, 0.333, 0.289, 0.5, 0.202, nan, 0.021]","[11.87, -3.01, 0.72, 0.53]",11.87,-3.01,0.72,0.53,"psych_curve(xdata=array([-70.,  -8.,  -4.,  -2.,   0.,   2.,   4.,  70.]), ydata=[0.442, 1.0, 0.667, 1.0, 0.5, 1.0, 0.6, 0.958], fit=[nan, nan, nan, nan, nan, nan, nan, nan, nan, nan, nan, nan, nan, nan, nan, nan, nan, nan, nan, nan, nan, nan, nan, nan, nan, nan, nan, nan, nan, nan, nan, nan, nan, nan, nan, nan, nan, nan, nan, nan, nan, nan, nan, nan, nan, nan, nan, nan, nan, nan, nan, nan, nan, nan, nan, nan, nan, nan, nan, nan, nan, nan, nan, nan, nan, nan, nan, nan, nan, nan, nan, nan, nan, nan, nan, nan, nan, nan, nan, nan, nan, nan, nan, nan, nan, nan, nan, nan, nan, nan, nan, nan, nan, nan, nan, nan, nan, nan, nan, nan], params=[14.18, 1.08, 0.72, 0.15], fit_error=[0.04, nan, 0.333, 0.0, 0.289, 0.0, 0.245, 0.017])",[-70.  -4.  -2.   0.   2.   4.   8.  70.],"[0.44, 1.0, 0.333, 0.5, 0.5, 0.571, 0.0, 0.924]","[0.72, 0.72, 0.72, 0.72, 0.72, 0.72, 0.72, 0.72, 0.72, 0.72, 0.72, 0.72, 0.72, 0.72, 0.72, 0.72, 0.72, 0.72, 0.72, 0.72, 0.72, 0.72, 0.72, 0.72, 0.72, 0.72, 0.72, 0.72, 0.72, 0.72, 0.72, 0.72, 0.72, 0.72, 0.72, 0.72, 0.72, 0.72, 0.72, 0.72, 0.72, 0.72, 0.72, 0.72, 0.72, 0.72, 0.72, 0.72, 0.47, 0.47, 0.47, 0.47, 0.47, 0.47, 0.47, 0.47, 0.47, 0.47, 0.47, 0.47, 0.47, 0.47, 0.47, 0.47, 0.47, 0.47, 0.47, 0.47, 0.47, 0.47, 0.47, 0.47, 0.47, 0.47, 0.47, 0.47, 0.47, 0.47, 0.47, 0.47, 0.47, 0.47, 0.47, 0.47, 0.47, 0.47, 0.47, 0.47, 0.47, 0.47, 0.47, 0.47, 0.47, 0.47, 0.47, 0.47, 0.47, 0.47, 0.47, 0.47]","[0.042, nan, 0.333, 0.289, 0.5, 0.202, nan, 0.021]","[14.18, 1.08, 0.72, 0.15]",14.18,1.08,0.72,0.15
2023-05-16,1,173,807,['Bpod3'],336,174,162,174,162,242,127,115,138,103,94,47,47,0.7202380952380952,0.7298850574712644,0.7098765432098766,336,174,162,217,114,103,0.6551724137931034,0.6358024691358025,118,59,59,0.3390804597701149,0.36419753086419754,0.7202380952380952,0.7298850574712644,0.7098765432098766,0.7272727272727273,-0.020008514261387833,0.6359447004608295,0.8728813559322034,-0.23693665547137388,0.6454874414644529,0.35163899531715626,0,0,0,0.0,0.0,0.0,242,127,115,605.0,317.5,287.5,0,0,0,0,0.7228416666666666,"psych_curve(xdata=array([-70.,  -8.,  -4.,  -2.,   0.,   2.,   4.,   8.,  70.]), ydata=[0.273, 0.167, 0.0, 0.5, 0.667, 0.5, 0.6, 0.5, 0.728], fit=[0.15, 0.15, 0.15, 0.15, 0.15, 0.15, 0.15, 0.15, 0.15, 0.15, 0.15, 0.15, 0.15, 0.15, 0.15, 0.15, 0.15, 0.15, 0.15, 0.15, 0.15, 0.15, 0.15, 0.15, 0.15, 0.15, 0.15, 0.15, 0.15, 0.15, 0.15, 0.15, 0.15, 0.15, 0.15, 0.15, 0.15, 0.15, 0.15, 0.15, 0.15, 0.15, 0.15, 0.15, 0.15, 0.15, 0.15, 0.15, 0.426, 0.6, 0.6, 0.6, 0.6, 0.6, 0.6, 0.6, 0.6, 0.6, 0.6, 0.6, 0.6, 0.6, 0.6, 0.6, 0.6, 0.6, 0.6, 0.6, 0.6, 0.6, 0.6, 0.6, 0.6, 0.6, 0.6, 0.6, 0.6, 0.6, 0.6, 0.6, 0.6, 0.6, 0.6, 0.6, 0.6, 0.6, 0.6, 0.6, 0.6, 0.6, 0.6, 0.6, 0.6, 0.6, 0.6, 0.6, 0.6, 0.6, 0.6, 0.6], params=[6.7, -2.19, 0.15, 0.4], fit_error=[0.035, 0.167, 0.0, 0.5, 0.333, 0.289, 0.245, 0.289, 0.037])",[-70.  -8.  -4.  -2.   0.   2.   4.   8.  70.],"[0.273, 0.167, 0.0, 0.5, 0.667, 0.5, 0.6, 0.5, 0.728]","[0.15, 0.15, 0.15, 0.15, 0.15, 0.15, 0.15, 0.15, 0.15, 0.15, 0.15, 0.15, 0.15, 0.15, 0.15, 0.15, 0.15, 0.15, 0.15, 0.15, 0.15, 0.15, 0.15, 0.15, 0.15, 0.15, 0.15, 0.15, 0.15, 0.15, 0.15, 0.15, 0.15, 0.15, 0.15, 0.15, 0.15, 0.15, 0.15, 0.15, 0.15, 0.15, 0.15, 0.15, 0.15, 0.15, 0.15, 0.15, 0.426, 0.6, 0.6, 0.6, 0.6, 0.6, 0.6, 0.6, 0.6, 0.6, 0.6, 0.6, 0.6, 0.6, 0.6, 0.6, 0.6, 0.6, 0.6, 0.6, 0.6, 0.6, 0.6, 0.6, 0.6, 0.6, 0.6, 0.6, 0.6, 0.6, 0.6, 0.6, 0.6, 0.6, 0.6, 0.6, 0.6, 0.6, 0.6, 0.6, 0.6, 0.6, 0.6, 0.6, 0.6, 0.6, 0.6, 0.6, 0.6, 0.6, 0.6, 0.6]","[0.035, 0.167, 0.0, 0.5, 0.333, 0.289, 0.245, 0.289, 0.037]","[6.7, -2.19, 0.15, 0.4]",6.7,-2.19,0.15,0.4,"psych_curve(xdata=array([-70.,  -8.,  -4.,  -2.,  -0.,   2.,   4.,   8.,  70.]), ydata=[0.427, 0.429, 0.5, 0.5, 0.667, 0.5, 1.0, 1.0, 0.902], fit=[nan, nan, nan, nan, nan, nan, nan, nan, nan, nan, nan, nan, nan, nan, nan, nan, nan, nan, nan, nan, nan, nan, nan, nan, nan, nan, nan, nan, nan, nan, nan, nan, nan, nan, nan, nan, nan, nan, nan, nan, nan, nan, nan, nan, nan, nan, nan, nan, nan, nan, nan, nan, nan, nan, nan, nan, nan, nan, nan, nan, nan, nan, nan, nan, nan, nan, nan, nan, nan, nan, nan, nan, nan, nan, nan, nan, nan, nan, nan, nan, nan, nan, nan, nan, nan, nan, nan, nan, nan, nan, nan, nan, nan, nan, nan, nan, nan, nan, nan, nan], params=[15.72, 2.58, 0.5, 0.03], fit_error=[0.039, 0.202, 0.289, 0.289, 0.333, 0.5, 0.0, 0.0, 0.025])",[-70.  -8.  -4.  -2.   0.   2.   4.   8.  70.],"[0.273, 0.167, 0.0, 0.5, 0.667, 0.5, 0.6, 0.5, 0.728]","[0.15, 0.15, 0.15, 0.15, 0.15, 0.15, 0.15, 0.15, 0.15, 0.15, 0.15, 0.15, 0.15, 0.15, 0.15, 0.15, 0.15, 0.15, 0.15, 0.15, 0.15, 0.15, 0.15, 0.15, 0.15, 0.15, 0.15, 0.15, 0.15, 0.15, 0.15, 0.15, 0.15, 0.15, 0.15, 0.15, 0.15, 0.15, 0.15, 0.15, 0.15, 0.15, 0.15, 0.15, 0.15, 0.15, 0.15, 0.15, 0.426, 0.6, 0.6, 0.6, 0.6, 0.6, 0.6, 0.6, 0.6, 0.6, 0.6, 0.6, 0.6, 0.6, 0.6, 0.6, 0.6, 0.6, 0.6, 0.6, 0.6, 0.6, 0.6, 0.6, 0.6, 0.6, 0.6, 0.6, 0.6, 0.6, 0.6, 0.6, 0.6, 0.6, 0.6, 0.6, 0.6, 0.6, 0.6, 0.6, 0.6, 0.6, 0.6, 0.6, 0.6, 0.6, 0.6, 0.6, 0.6, 0.6, 0.6, 0.6]","[0.035, 0.167, 0.0, 0.5, 0.333, 0.289, 0.245, 0.289, 0.037]","[15.72, 2.58, 0.5, 0.03]",15.72,2.58,0.5,0.03
2023-05-17,2,174,807,['Bpod3'],467,240,227,207,234,304,147,157,172,126,137,77,60,0.6509635974304069,0.6125,0.6916299559471366,441,224,217,288,130,158,0.6280193236714976,0.6752136752136753,146,74,72,0.357487922705314,0.3076923076923077,0.6893424036281179,0.65625,0.7235023041474654,0.6915887850467289,0.06725230414746541,0.5972222222222222,0.863013698630137,-0.2657914764079148,0.6516164994425864,0.3325901151988109,26,16,10,0.055674518201284794,0.06666666666666667,0.04405286343612335,304,147,157,760.0,367.5,392.5,0,0,0,0,0.2840415417558905,"psych_curve(xdata=array([-70.,  -8.,  -4.,  -2.,   0.,   2.,   4.,   8.,  70.]), ydata=[0.333, 0.333, 0.667, 1.0, 1.0, 1.0, 1.0, 1.0, 0.717], fit=[0.33, 0.33, 0.33, 0.33, 0.33, 0.33, 0.33, 0.33, 0.33, 0.33, 0.33, 0.33, 0.33, 0.33, 0.33, 0.33, 0.33, 0.33, 0.33, 0.33, 0.33, 0.33, 0.33, 0.33, 0.33, 0.33, 0.33, 0.33, 0.33, 0.33, 0.33, 0.33, 0.33, 0.33, 0.33, 0.33, 0.33, 0.33, 0.33, 0.33, 0.33, 0.33, 0.33, 0.33, 0.33, 0.33, 0.331, 0.929, 0.95, 0.95, 0.95, 0.95, 0.95, 0.95, 0.95, 0.95, 0.95, 0.95, 0.95, 0.95, 0.95, 0.95, 0.95, 0.95, 0.95, 0.95, 0.95, 0.95, 0.95, 0.95, 0.95, 0.95, 0.95, 0.95, 0.95, 0.95, 0.95, 0.95, 0.95, 0.95, 0.95, 0.95, 0.95, 0.95, 0.95, 0.95, 0.95, 0.95, 0.95, 0.95, 0.95, 0.95, 0.95, 0.95, 0.95, 0.95, 0.95, 0.95, 0.95, 0.95], params=[6.96, -4.02, 0.33, 0.05], fit_error=[0.032, 0.333, 0.333, nan, nan, nan, 0.0, 0.0, 0.031])",[-70.  -8.  -4.  -2.   0.   2.   4.   8.  70.],"[0.333, 0.333, 0.667, 1.0, 1.0, 1.0, 1.0, 1.0, 0.717]","[0.33, 0.33, 0.33, 0.33, 0.33, 0.33, 0.33, 0.33, 0.33, 0.33, 0.33, 0.33, 0.33, 0.33, 0.33, 0.33, 0.33, 0.33, 0.33, 0.33, 0.33, 0.33, 0.33, 0.33, 0.33, 0.33, 0.33, 0.33, 0.33, 0.33, 0.33, 0.33, 0.33, 0.33, 0.33, 0.33, 0.33, 0.33, 0.33, 0.33, 0.33, 0.33, 0.33, 0.33, 0.33, 0.33, 0.331, 0.929, 0.95, 0.95, 0.95, 0.95, 0.95, 0.95, 0.95, 0.95, 0.95, 0.95, 0.95, 0.95, 0.95, 0.95, 0.95, 0.95, 0.95, 0.95, 0.95, 0.95, 0.95, 0.95, 0.95, 0.95, 0.95, 0.95, 0.95, 0.95, 0.95, 0.95, 0.95, 0.95, 0.95, 0.95, 0.95, 0.95, 0.95, 0.95, 0.95, 0.95, 0.95, 0.95, 0.95, 0.95, 0.95, 0.95, 0.95, 0.95, 0.95, 0.95, 0.95, 0.95]","[0.032, 0.333, 0.333, nan, nan, nan, 0.0, 0.0, 0.031]","[6.96, -4.02, 0.33, 0.05]",6.96,-4.02,0.33,0.05,"psych_curve(xdata=array([-70.,  -8.,  -4.,  -2.,  -0.,   2.,   4.,   8.,  70.]), ydata=[0.468, 1.0, 1.0, 1.0, 1.0, 1.0, 1.0, 1.0, 0.891], fit=[nan, nan, nan, nan, nan, nan, nan, nan, nan, nan, nan, nan, nan, nan, nan, nan, nan, nan, nan, nan, nan, nan, nan, nan, nan, nan, nan, nan, nan, nan, nan, nan, nan, nan, nan, nan, nan, nan, nan, nan, nan, nan, nan, nan, nan, nan, nan, nan, nan, nan, nan, nan, nan, nan, nan, nan, nan, nan, nan, nan, nan, nan, nan, nan, nan, nan, nan, nan, nan, nan, nan, nan, nan, nan, nan, nan, nan, nan, nan, nan, nan, nan, nan, nan, nan, nan, nan, nan, nan, nan, nan, nan, nan, nan, nan, nan, nan, nan, nan, nan], params=[0.0, -467.9, -10.76, -8.82], fit_error=[0.032, nan, 0.0, nan, nan, nan, 0.0, 0.0, 0.023])",[-70.  -8.  -4.  -2.   0.   2.   4.   8.  70.],"[0.333, 0.333, 0.667, 1.0, 1.0, 1.0, 1.0, 1.0, 0.717]","[0.33, 0.33, 0.33, 0.33, 0.33, 0.33, 0.33, 0.33, 0.33, 0.33, 0.33, 0.33, 0.33, 0.33, 0.33, 0.33, 0.33, 0.33, 0.33, 0.33, 0.33, 0.33, 0.33, 0.33, 0.33, 0.33, 0.33, 0.33, 0.33, 0.33, 0.33, 0.33, 0.33, 0.33, 0.33, 0.33, 0.33, 0.33, 0.33, 0.33, 0.33, 0.33, 0.33, 0.33, 0.33, 0.33, 0.331, 0.929, 0.95, 0.95, 0.95, 0.95, 0.95, 0.95, 0.95, 0.95, 0.95, 0.95, 0.95, 0.95, 0.95, 0.95, 0.95, 0.95, 0.95, 0.95, 0.95, 0.95, 0.95, 0.95, 0.95, 0.95, 0.95, 0.95, 0.95, 0.95, 0.95, 0.95, 0.95, 0.95, 0.95, 0.95, 0.95, 0.95, 0.95, 0.95, 0.95, 0.95, 0.95, 0.95, 0.95, 0.95, 0.95, 0.95, 0.95, 0.95, 0.95, 0.95, 0.95, 0.95]","[0.032, 0.333, 0.333, nan, nan, nan, 0.0, 0.0, 0.031]","[0.0, -467.9, -10.76, -8.82]",0.0,-467.9,-10.76,-8.82
2023-05-18,3,175,807,['Bpod3'],467,262,205,247,218,357,200,157,221,134,108,61,47,0.7644539614561028,0.7633587786259542,0.7658536585365854,465,261,204,311,170,141,0.6882591093117408,0.6467889908256881,152,76,76,0.3076923076923077,0.3486238532110092,0.7677419354838709,0.7662835249042146,0.7696078431372549,0.7677419354838709,0.0033243182330403576,0.7106109324758842,0.881578947368421,-0.17096801489253677,0.6675240500687145,0.32815808045165845,2,1,1,0.004282655246252677,0.003816793893129771,0.004878048780487805,357,200,157,892.5,500.0,392.5,0,0,0,0,0.7452010706638107,"psych_curve(xdata=array([-70.,  70.]), ydata=[0.234, 0.77], fit=[0.23, 0.23, 0.23, 0.23, 0.23, 0.23, 0.23, 0.23, 0.23, 0.23, 0.23, 0.23, 0.23, 0.23, 0.23, 0.23, 0.23, 0.23, 0.23, 0.23, 0.23, 0.23, 0.23, 0.23, 0.23, 0.23, 0.23, 0.23, 0.23, 0.23, 0.23, 0.23, 0.23, 0.23, 0.23, 0.23, 0.23, 0.23, 0.23, 0.23, 0.23, 0.23, 0.23, 0.23, 0.23, 0.23, 0.231, 0.236, 0.253, 0.313, 0.461, 0.637, 0.73, 0.76, 0.767, 0.769, 0.77, 0.77, 0.77, 0.77, 0.77, 0.77, 0.77, 0.77, 0.77, 0.77, 0.77, 0.77, 0.77, 0.77, 0.77, 0.77, 0.77, 0.77, 0.77, 0.77, 0.77, 0.77, 0.77, 0.77, 0.77, 0.77, 0.77, 0.77, 0.77, 0.77, 0.77, 0.77, 0.77, 0.77, 0.77, 0.77, 0.77, 0.77, 0.77, 0.77, 0.77, 0.77, 0.77, 0.77], params=[1.0, 1.0, 0.23, 0.23], fit_error=[0.026, 0.03])",[-70.  70.],"[0.234, 0.77]","[0.23, 0.23, 0.23, 0.23, 0.23, 0.23, 0.23, 0.23, 0.23, 0.23, 0.23, 0.23, 0.23, 0.23, 0.23, 0.23, 0.23, 0.23, 0.23, 0.23, 0.23, 0.23, 0.23, 0.23, 0.23, 0.23, 0.23, 0.23, 0.23, 0.23, 0.23, 0.23, 0.23, 0.23, 0.23, 0.23, 0.23, 0.23, 0.23, 0.23, 0.23, 0.23, 0.23, 0.23, 0.23, 0.23, 0.231, 0.236, 0.253, 0.313, 0.461, 0.637, 0.73, 0.76, 0.767, 0.769, 0.77, 0.77, 0.77, 0.77, 0.77, 0.77, 0.77, 0.77, 0.77, 0.77, 0.77, 0.77, 0.77, 0.77, 0.77, 0.77, 0.77, 0.77, 0.77, 0.77, 0.77, 0.77, 0.77, 0.77, 0.77, 0.77, 0.77, 0.77, 0.77, 0.77, 0.77, 0.77, 0.77, 0.77, 0.77, 0.77, 0.77, 0.77, 0.77, 0.77, 0.77, 0.77, 0.77, 0.77]","[0.026, 0.03]","[1.0, 1.0, 0.23, 0.23]",1.0,1.0,0.23,0.23,"psych_curve(xdata=array([-70.,  70.]), ydata=[0.402, 0.925], fit=[nan, nan, nan, nan, nan, nan, nan, nan, nan, nan, nan, nan, nan, nan, nan, nan, nan, nan, nan, nan, nan, nan, nan, nan, nan, nan, nan, nan, nan, nan, nan, nan, nan, nan, nan, nan, nan, nan, nan, nan, nan, nan, nan, nan, nan, nan, nan, nan, nan, nan, nan, nan, nan, nan, nan, nan, nan, nan, nan, nan, nan, nan, nan, nan, nan, nan, nan, nan, nan, nan, nan, nan, nan, nan, nan, nan, nan, nan, nan, nan, nan, nan, nan, nan, nan, nan, nan, nan, nan, nan, nan, nan, nan, nan, nan, nan, nan, nan, nan, nan], params=[1.0, 1.0, 0.4, 0.07], fit_error=[0.033, 0.017])",[-70.  70.],"[0.234, 0.77]","[0.23, 0.23, 0.23, 0.23, 0.23, 0.23, 0.23, 0.23, 0.23, 0.23, 0.23, 0.23, 0.23, 0.23, 0.23, 0.23, 0.23, 0.23, 0.23, 0.23, 0.23, 0.23, 0.23, 0.23, 0.23, 0.23, 0.23, 0.23, 0.23, 0.23, 0.23, 0.23, 0.23, 0.23, 0.23, 0.23, 0.23, 0.23, 0.23, 0.23, 0.23, 0.23, 0.23, 0.23, 0.23, 0.23, 0.231, 0.236, 0.253, 0.313, 0.461, 0.637, 0.73, 0.76, 0.767, 0.769, 0.77, 0.77, 0.77, 0.77, 0.77, 0.77, 0.77, 0.77, 0.77, 0.77, 0.77, 0.77, 0.77, 0.77, 0.77, 0.77, 0.77, 0.77, 0.77, 0.77, 0.77, 0.77, 0.77, 0.77, 0.77, 0.77, 0.77, 0.77, 0.77, 0.77, 0.77, 0.77, 0.77, 0.77, 0.77, 0.77, 0.77, 0.77, 0.77, 0.77, 0.77, 0.77, 0.77, 0.77]","[0.026, 0.03]","[1.0, 1.0, 0.4, 0.07]",1.0,1.0,0.4,0.07
2023-05-19,4,176,807,['Bpod3'],513,266,247,263,250,434,225,209,212,221,79,41,38,0.8460038986354775,0.8458646616541353,0.8461538461538461,513,266,247,267,140,127,0.532319391634981,0.508,245,122,123,0.46387832699619774,0.492,0.8460038986354775,0.8458646616541353,0.8461538461538461,0.8525252525252526,0.00028918449971082616,0.7940074906367042,0.9020408163265307,-0.10803332568982649,0.5201596958174906,0.47793916349809884,0,0,0,0.0,0.0,0.0,434,225,209,1085.0,562.5,522.5,0,0,0,0,0.73993723196881,"psych_curve(xdata=array([-70.,  -8.,  -4.,  -2.,   0.,   2.,   4.,   8.,  70.]), ydata=[0.14, 0.75, 1.0, 0.0, 0.0, 1.0, 0.8, 1.0, 0.844], fit=[0.38, 0.38, 0.38, 0.38, 0.38, 0.38, 0.38, 0.38, 0.38, 0.38, 0.38, 0.38, 0.38, 0.38, 0.38, 0.38, 0.38, 0.38, 0.38, 0.38, 0.38, 0.38, 0.38, 0.38, 0.38, 0.38, 0.38, 0.38, 0.38, 0.38, 0.38, 0.38, 0.38, 0.38, 0.38, 0.38, 0.38, 0.38, 0.38, 0.38, 0.38, 0.38, 0.38, 0.38, 0.38, 0.38, 0.38, 0.38, 0.38, 0.38, 0.57, 0.91, 0.91, 0.91, 0.91, 0.91, 0.91, 0.91, 0.91, 0.91, 0.91, 0.91, 0.91, 0.91, 0.91, 0.91, 0.91, 0.91, 0.91, 0.91, 0.91, 0.91, 0.91, 0.91, 0.91, 0.91, 0.91, 0.91, 0.91, 0.91, 0.91, 0.91, 0.91, 0.91, 0.91, 0.91, 0.91, 0.91, 0.91, 0.91, 0.91, 0.91, 0.91, 0.91, 0.91, 0.91, 0.91, 0.91, 0.91, 0.91], params=[17.59, 0.74, 0.38, 0.09], fit_error=[0.022, 0.25, 0.0, nan, nan, nan, 0.2, 0.0, 0.024])",[-70.  -8.  -4.  -2.   0.   2.   4.   8.  70.],"[0.14, 0.75, 1.0, 0.0, 0.0, 1.0, 0.8, 1.0, 0.844]","[0.38, 0.38, 0.38, 0.38, 0.38, 0.38, 0.38, 0.38, 0.38, 0.38, 0.38, 0.38, 0.38, 0.38, 0.38, 0.38, 0.38, 0.38, 0.38, 0.38, 0.38, 0.38, 0.38, 0.38, 0.38, 0.38, 0.38, 0.38, 0.38, 0.38, 0.38, 0.38, 0.38, 0.38, 0.38, 0.38, 0.38, 0.38, 0.38, 0.38, 0.38, 0.38, 0.38, 0.38, 0.38, 0.38, 0.38, 0.38, 0.38, 0.38, 0.57, 0.91, 0.91, 0.91, 0.91, 0.91, 0.91, 0.91, 0.91, 0.91, 0.91, 0.91, 0.91, 0.91, 0.91, 0.91, 0.91, 0.91, 0.91, 0.91, 0.91, 0.91, 0.91, 0.91, 0.91, 0.91, 0.91, 0.91, 0.91, 0.91, 0.91, 0.91, 0.91, 0.91, 0.91, 0.91, 0.91, 0.91, 0.91, 0.91, 0.91, 0.91, 0.91, 0.91, 0.91, 0.91, 0.91, 0.91, 0.91, 0.91]","[0.022, 0.25, 0.0, nan, nan, nan, 0.2, 0.0, 0.024]","[17.59, 0.74, 0.38, 0.09]",17.59,0.74,0.38,0.09,"psych_curve(xdata=array([-70.,  -8.,  -4.,   0.,   2.,   4.,   8.,  70.]), ydata=[0.192, 0.5, 1.0, 1.0, 1.0, 0.667, 0.75, 0.906], fit=[nan, nan, nan, nan, nan, nan, nan, nan, nan, nan, nan, nan, nan, nan, nan, nan, nan, nan, nan, nan, nan, nan, nan, nan, nan, nan, nan, nan, nan, nan, nan, nan, nan, nan, nan, nan, nan, nan, nan, nan, nan, nan, nan, nan, nan, nan, nan, nan, nan, nan, nan, nan, nan, nan, nan, nan, nan, nan, nan, nan, nan, nan, nan, nan, nan, nan, nan, nan, nan, nan, nan, nan, nan, nan, nan, nan, nan, nan, nan, nan, nan, nan, nan, nan, nan, nan, nan, nan, nan, nan, nan, nan, nan, nan, nan, nan, nan, nan, nan, nan], params=[3.88, -7.94, 0.19, 0.11], fit_error=[0.024, 0.289, nan, nan, 0.0, 0.211, 0.25, 0.02])",[-70.  -8.  -4.  -2.   0.   2.   4.   8.  70.],"[0.14, 0.75, 1.0, 0.0, 0.0, 1.0, 0.8, 1.0, 0.844]","[0.38, 0.38, 0.38, 0.38, 0.38, 0.38, 0.38, 0.38, 0.38, 0.38, 0.38, 0.38, 0.38, 0.38, 0.38, 0.38, 0.38, 0.38, 0.38, 0.38, 0.38, 0.38, 0.38, 0.38, 0.38, 0.38, 0.38, 0.38, 0.38, 0.38, 0.38, 0.38, 0.38, 0.38, 0.38, 0.38, 0.38, 0.38, 0.38, 0.38, 0.38, 0.38, 0.38, 0.38, 0.38, 0.38, 0.38, 0.38, 0.38, 0.38, 0.57, 0.91, 0.91, 0.91, 0.91, 0.91, 0.91, 0.91, 0.91, 0.91, 0.91, 0.91, 0.91, 0.91, 0.91, 0.91, 0.91, 0.91, 0.91, 0.91, 0.91, 0.91, 0.91, 0.91, 0.91, 0.91, 0.91, 0.91, 0.91, 0.91, 0.91, 0.91, 0.91, 0.91, 0.91, 0.91, 0.91, 0.91, 0.91, 0.91, 0.91, 0.91, 0.91, 0.91, 0.91, 0.91, 0.91, 0.91, 0.91, 0.91]","[0.022, 0.25, 0.0, nan, nan, nan, 0.2, 0.0, 0.024]","[3.88, -7.94, 0.19, 0.11]",3.88,-7.94,0.19,0.11
2023-05-22,0,179,807,['Bpod3'],404,211,193,205,184,272,146,126,168,101,117,58,59,0.6732673267326733,0.6919431279620853,0.6528497409326425,389,204,185,269,144,125,0.7024390243902439,0.6793478260869565,113,56,57,0.2731707317073171,0.30978260869565216,0.699228791773779,0.7156862745098039,0.6810810810810811,0.6935483870967742,-0.034605193428722814,0.6245353159851301,0.8938053097345132,-0.2692699937493831,0.6908934252386002,0.2914766702014846,15,7,8,0.03712871287128713,0.03317535545023697,0.04145077720207254,272,146,126,680.0,365.0,315.0,0,0,0,0,0.7382475247524757,"psych_curve(xdata=array([-70.,  -8.,  -4.,  -2.,   0.,   2.,   4.,   8.,  70.]), ydata=[0.292, 0.0, 0.0, 0.5, 0.0, 0.0, 1.0, 1.0, 0.678], fit=[0.13, 0.13, 0.13, 0.13, 0.13, 0.13, 0.13, 0.13, 0.13, 0.13, 0.13, 0.13, 0.13, 0.13, 0.13, 0.13, 0.13, 0.13, 0.13, 0.13, 0.13, 0.13, 0.13, 0.13, 0.13, 0.13, 0.13, 0.13, 0.13, 0.13, 0.13, 0.13, 0.13, 0.13, 0.13, 0.13, 0.13, 0.13, 0.13, 0.13, 0.13, 0.13, 0.13, 0.13, 0.13, 0.13, 0.13, 0.13, 0.13, 0.13, 0.13, 0.13, 0.889, 0.89, 0.89, 0.89, 0.89, 0.89, 0.89, 0.89, 0.89, 0.89, 0.89, 0.89, 0.89, 0.89, 0.89, 0.89, 0.89, 0.89, 0.89, 0.89, 0.89, 0.89, 0.89, 0.89, 0.89, 0.89, 0.89, 0.89, 0.89, 0.89, 0.89, 0.89, 0.89, 0.89, 0.89, 0.89, 0.89, 0.89, 0.89, 0.89, 0.89, 0.89, 0.89, 0.89, 0.89, 0.89, 0.89, 0.89], params=[12.5, 2.97, 0.13, 0.11], fit_error=[0.033, 0.0, 0.0, 0.5, 0.0, nan, 0.0, nan, 0.035])",[-70.  -8.  -4.  -2.   0.   2.   4.   8.  70.],"[0.292, 0.0, 0.0, 0.5, 0.0, 0.0, 1.0, 1.0, 0.678]","[0.13, 0.13, 0.13, 0.13, 0.13, 0.13, 0.13, 0.13, 0.13, 0.13, 0.13, 0.13, 0.13, 0.13, 0.13, 0.13, 0.13, 0.13, 0.13, 0.13, 0.13, 0.13, 0.13, 0.13, 0.13, 0.13, 0.13, 0.13, 0.13, 0.13, 0.13, 0.13, 0.13, 0.13, 0.13, 0.13, 0.13, 0.13, 0.13, 0.13, 0.13, 0.13, 0.13, 0.13, 0.13, 0.13, 0.13, 0.13, 0.13, 0.13, 0.13, 0.13, 0.889, 0.89, 0.89, 0.89, 0.89, 0.89, 0.89, 0.89, 0.89, 0.89, 0.89, 0.89, 0.89, 0.89, 0.89, 0.89, 0.89, 0.89, 0.89, 0.89, 0.89, 0.89, 0.89, 0.89, 0.89, 0.89, 0.89, 0.89, 0.89, 0.89, 0.89, 0.89, 0.89, 0.89, 0.89, 0.89, 0.89, 0.89, 0.89, 0.89, 0.89, 0.89, 0.89, 0.89, 0.89, 0.89, 0.89, 0.89]","[0.033, 0.0, 0.0, 0.5, 0.0, nan, 0.0, nan, 0.035]","[12.5, 2.97, 0.13, 0.11]",12.5,2.97,0.13,0.11,"psych_curve(xdata=array([-70.,  -8.,  -4.,  -2.,   0.,   4.,   8.,  70.]), ydata=[0.505, 0.0, 0.0, 0.667, 1.0, 1.0, 1.0, 0.93], fit=[nan, nan, nan, nan, nan, nan, nan, nan, nan, nan, nan, nan, nan, nan, nan, nan, nan, nan, nan, nan, nan, nan, nan, nan, nan, nan, nan, nan, nan, nan, nan, nan, nan, nan, nan, nan, nan, nan, nan, nan, nan, nan, nan, nan, nan, nan, nan, nan, nan, nan, nan, nan, nan, nan, nan, nan, nan, nan, nan, nan, nan, nan, nan, nan, nan, nan, nan, nan, nan, nan, nan, nan, nan, nan, nan, nan, nan, nan, nan, nan, nan, nan, nan, nan, nan, nan, nan, nan, nan, nan, nan, nan, nan, nan, nan, nan, nan, nan, nan, nan], params=[8.02, -2.06, 0.17, 0.02], fit_error=[0.036, 0.0, 0.0, 0.333, 0.0, 0.0, 0.0, 0.02])",[-70.  -8.  -4.  -2.   0.   2.   4.   8.  70.],"[0.292, 0.0, 0.0, 0.5, 0.0, 0.0, 1.0, 1.0, 0.678]","[0.13, 0.13, 0.13, 0.13, 0.13, 0.13, 0.13, 0.13, 0.13, 0.13, 0.13, 0.13, 0.13, 0.13, 0.13, 0.13, 0.13, 0.13, 0.13, 0.13, 0.13, 0.13, 0.13, 0.13, 0.13, 0.13, 0.13, 0.13, 0.13, 0.13, 0.13, 0.13, 0.13, 0.13, 0.13, 0.13, 0.13, 0.13, 0.13, 0.13, 0.13, 0.13, 0.13, 0.13, 0.13, 0.13, 0.13, 0.13, 0.13, 0.13, 0.13, 0.13, 0.889, 0.89, 0.89, 0.89, 0.89, 0.89, 0.89, 0.89, 0.89, 0.89, 0.89, 0.89, 0.89, 0.89, 0.89, 0.89, 0.89, 0.89, 0.89, 0.89, 0.89, 0.89, 0.89, 0.89, 0.89, 0.89, 0.89, 0.89, 0.89, 0.89, 0.89, 0.89, 0.89, 0.89, 0.89, 0.89, 0.89, 0.89, 0.89, 0.89, 0.89, 0.89, 0.89, 0.89, 0.89, 0.89, 0.89, 0.89]","[0.033, 0.0, 0.0, 0.5, 0.0, nan, 0.0, nan, 0.035]","[8.02, -2.06, 0.17, 0.02]",8.02,-2.06,0.17,0.02
2023-05-23,1,180,807,['Bpod3'],412,203,209,127,254,252,92,160,155,92,129,94,35,0.6116504854368932,0.45320197044334976,0.7655502392344498,381,186,195,265,70,195,0.5511811023622047,0.7677165354330708,110,55,55,0.4330708661417323,0.21653543307086615,0.6614173228346457,0.4946236559139785,0.8205128205128205,0.6620111731843575,0.325889164598842,0.5849056603773585,0.8363636363636363,-0.25145797598627784,0.6594488188976377,0.3248031496062992,31,17,14,0.07524271844660194,0.08374384236453201,0.06698564593301436,252,92,160,630.0,230.0,400.0,0,0,0,0,0.7189266990291259,"psych_curve(xdata=array([-70.,  -8.,  -4.,  -2.,   0.,   2.,   4.,   8.,  70.]), ydata=[0.5, 0.4, 1.0, 1.0, 1.0, 0.75, 0.714, 1.0, 0.822], fit=[0.45, 0.45, 0.45, 0.45, 0.45, 0.45, 0.45, 0.45, 0.45, 0.45, 0.45, 0.45, 0.45, 0.45, 0.45, 0.45, 0.45, 0.45, 0.45, 0.45, 0.45, 0.45, 0.45, 0.45, 0.45, 0.45, 0.45, 0.45, 0.45, 0.45, 0.45, 0.45, 0.45, 0.45, 0.45, 0.45, 0.45, 0.45, 0.45, 0.45, 0.45, 0.45, 0.45, 0.45, 0.45, 0.595, 0.9, 0.9, 0.9, 0.9, 0.9, 0.9, 0.9, 0.9, 0.9, 0.9, 0.9, 0.9, 0.9, 0.9, 0.9, 0.9, 0.9, 0.9, 0.9, 0.9, 0.9, 0.9, 0.9, 0.9, 0.9, 0.9, 0.9, 0.9, 0.9, 0.9, 0.9, 0.9, 0.9, 0.9, 0.9, 0.9, 0.9, 0.9, 0.9, 0.9, 0.9, 0.9, 0.9, 0.9, 0.9, 0.9, 0.9, 0.9, 0.9, 0.9, 0.9, 0.9, 0.9, 0.9], params=[6.01, -6.24, 0.45, 0.1], fit_error=[0.038, 0.245, 0.0, nan, nan, 0.25, 0.184, 0.0, 0.029])",[-70.  -8.  -4.  -2.   0.   2.   4.   8.  70.],"[0.5, 0.4, 1.0, 1.0, 1.0, 0.75, 0.714, 1.0, 0.822]","[0.45, 0.45, 0.45, 0.45, 0.45, 0.45, 0.45, 0.45, 0.45, 0.45, 0.45, 0.45, 0.45, 0.45, 0.45, 0.45, 0.45, 0.45, 0.45, 0.45, 0.45, 0.45, 0.45, 0.45, 0.45, 0.45, 0.45, 0.45, 0.45, 0.45, 0.45, 0.45, 0.45, 0.45, 0.45, 0.45, 0.45, 0.45, 0.45, 0.45, 0.45, 0.45, 0.45, 0.45, 0.45, 0.595, 0.9, 0.9, 0.9, 0.9, 0.9, 0.9, 0.9, 0.9, 0.9, 0.9, 0.9, 0.9, 0.9, 0.9, 0.9, 0.9, 0.9, 0.9, 0.9, 0.9, 0.9, 0.9, 0.9, 0.9, 0.9, 0.9, 0.9, 0.9, 0.9, 0.9, 0.9, 0.9, 0.9, 0.9, 0.9, 0.9, 0.9, 0.9, 0.9, 0.9, 0.9, 0.9, 0.9, 0.9, 0.9, 0.9, 0.9, 0.9, 0.9, 0.9, 0.9, 0.9, 0.9, 0.9]","[0.038, 0.245, 0.0, nan, nan, 0.25, 0.184, 0.0, 0.029]","[6.01, -6.24, 0.45, 0.1]",6.01,-6.24,0.45,0.1,"psych_curve(xdata=array([-70.,  -8.,  -4.,  -2.,   0.,   2.,   4.,   8.,  70.]), ydata=[0.537, 1.0, 0.571, 0.667, 1.0, 1.0, 1.0, 1.0, 0.889], fit=[nan, nan, nan, nan, nan, nan, nan, nan, nan, nan, nan, nan, nan, nan, nan, nan, nan, nan, nan, nan, nan, nan, nan, nan, nan, nan, nan, nan, nan, nan, nan, nan, nan, nan, nan, nan, nan, nan, nan, nan, nan, nan, nan, nan, nan, nan, nan, nan, nan, nan, nan, nan, nan, nan, nan, nan, nan, nan, nan, nan, nan, nan, nan, nan, nan, nan, nan, nan, nan, nan, nan, nan, nan, nan, nan, nan, nan, nan, nan, nan, nan, nan, nan, nan, nan, nan, nan, nan, nan, nan, nan, nan, nan, nan, nan, nan, nan, nan, nan, nan], params=[15.11, -0.76, 0.69, 0.02], fit_error=[0.036, 0.0, 0.202, 0.333, nan, 0.0, 0.0, 0.0, 0.025])",[-70.  -8.  -4.  -2.   0.   2.   4.   8.  70.],"[0.5, 0.4, 1.0, 1.0, 1.0, 0.75, 0.714, 1.0, 0.822]","[0.45, 0.45, 0.45, 0.45, 0.45, 0.45, 0.45, 0.45, 0.45, 0.45, 0.45, 0.45, 0.45, 0.45, 0.45, 0.45, 0.45, 0.45, 0.45, 0.45, 0.45, 0.45, 0.45, 0.45, 0.45, 0.45, 0.45, 0.45, 0.45, 0.45, 0.45, 0.45, 0.45, 0.45, 0.45, 0.45, 0.45, 0.45, 0.45, 0.45, 0.45, 0.45, 0.45, 0.45, 0.45, 0.595, 0.9, 0.9, 0.9, 0.9, 0.9, 0.9, 0.9, 0.9, 0.9, 0.9, 0.9, 0.9, 0.9, 0.9, 0.9, 0.9, 0.9, 0.9, 0.9, 0.9, 0.9, 0.9, 0.9, 0.9, 0.9, 0.9, 0.9, 0.9, 0.9, 0.9, 0.9, 0.9, 0.9, 0.9, 0.9, 0.9, 0.9, 0.9, 0.9, 0.9, 0.9, 0.9, 0.9, 0.9, 0.9, 0.9, 0.9, 0.9, 0.9, 0.9, 0.9, 0.9, 0.9, 0.9]","[0.038, 0.245, 0.0, nan, nan, 0.25, 0.184, 0.0, 0.029]","[15.11, -0.76, 0.69, 0.02]",15.11,-0.76,0.69,0.02
2023-05-24,2,181,807,['Bpod3'],372,192,180,179,192,283,141,142,160,122,88,50,38,0.760752688172043,0.734375,0.7888888888888889,371,191,180,226,106,120,0.5921787709497207,0.625,143,72,71,0.4022346368715084,0.3697916666666667,0.7628032345013477,0.7382198952879581,0.7888888888888889,0.7752161383285303,0.0506689936009308,0.7079646017699115,0.8531468531468531,-0.14518225137694163,0.6085893854748603,0.38601315176908757,1,1,0,0.002688172043010753,0.005208333333333333,0.0,283,141,142,707.5,352.5,355.0,0,0,0,0,0.7371943548387099,"psych_curve(xdata=array([-70.,  -8.,  -4.,  -2.,   0.,   2.,   4.,   8.,  70.]), ydata=[0.24, 0.4, 1.0, 1.0, 0.25, 1.0, 0.8, 0.8, 0.792], fit=[0.58, 0.58, 0.58, 0.58, 0.58, 0.58, 0.58, 0.58, 0.58, 0.58, 0.58, 0.58, 0.58, 0.58, 0.58, 0.58, 0.58, 0.58, 0.58, 0.58, 0.58, 0.58, 0.58, 0.58, 0.58, 0.58, 0.58, 0.58, 0.58, 0.58, 0.58, 0.58, 0.58, 0.58, 0.58, 0.58, 0.58, 0.58, 0.58, 0.58, 0.58, 0.58, 0.58, 0.58, 0.58, 0.58, 0.58, 0.58, 0.58, 0.58, 0.586, 0.85, 0.85, 0.85, 0.85, 0.85, 0.85, 0.85, 0.85, 0.85, 0.85, 0.85, 0.85, 0.85, 0.85, 0.85, 0.85, 0.85, 0.85, 0.85, 0.85, 0.85, 0.85, 0.85, 0.85, 0.85, 0.85, 0.85, 0.85, 0.85, 0.85, 0.85, 0.85, 0.85, 0.85, 0.85, 0.85, 0.85, 0.85, 0.85, 0.85, 0.85, 0.85, 0.85, 0.85, 0.85, 0.85, 0.85, 0.85, 0.85], params=[12.35, 1.01, 0.58, 0.15], fit_error=[0.032, 0.245, nan, 0.0, 0.25, nan, 0.2, 0.2, 0.031])",[-70.  -8.  -4.  -2.   0.   2.   4.   8.  70.],"[0.24, 0.4, 1.0, 1.0, 0.25, 1.0, 0.8, 0.8, 0.792]","[0.58, 0.58, 0.58, 0.58, 0.58, 0.58, 0.58, 0.58, 0.58, 0.58, 0.58, 0.58, 0.58, 0.58, 0.58, 0.58, 0.58, 0.58, 0.58, 0.58, 0.58, 0.58, 0.58, 0.58, 0.58, 0.58, 0.58, 0.58, 0.58, 0.58, 0.58, 0.58, 0.58, 0.58, 0.58, 0.58, 0.58, 0.58, 0.58, 0.58, 0.58, 0.58, 0.58, 0.58, 0.58, 0.58, 0.58, 0.58, 0.58, 0.58, 0.586, 0.85, 0.85, 0.85, 0.85, 0.85, 0.85, 0.85, 0.85, 0.85, 0.85, 0.85, 0.85, 0.85, 0.85, 0.85, 0.85, 0.85, 0.85, 0.85, 0.85, 0.85, 0.85, 0.85, 0.85, 0.85, 0.85, 0.85, 0.85, 0.85, 0.85, 0.85, 0.85, 0.85, 0.85, 0.85, 0.85, 0.85, 0.85, 0.85, 0.85, 0.85, 0.85, 0.85, 0.85, 0.85, 0.85, 0.85, 0.85, 0.85]","[0.032, 0.245, nan, 0.0, 0.25, nan, 0.2, 0.2, 0.031]","[12.35, 1.01, 0.58, 0.15]",12.35,1.01,0.58,0.15,"psych_curve(xdata=array([-70.,  -8.,  -4.,  -2.,  -0.,   2.,   4.,   8.,  70.]), ydata=[0.341, 0.5, 0.0, 1.0, 0.75, 0.333, 0.5, 1.0, 0.899], fit=[nan, nan, nan, nan, nan, nan, nan, nan, nan, nan, nan, nan, nan, nan, nan, nan, nan, nan, nan, nan, nan, nan, nan, nan, nan, nan, nan, nan, nan, nan, nan, nan, nan, nan, nan, nan, nan, nan, nan, nan, nan, nan, nan, nan, nan, nan, nan, nan, nan, nan, nan, nan, nan, nan, nan, nan, nan, nan, nan, nan, nan, nan, nan, nan, nan, nan, nan, nan, nan, nan, nan, nan, nan, nan, nan, nan, nan, nan, nan, nan, nan, nan, nan, nan, nan, nan, nan, nan, nan, nan, nan, nan, nan, nan, nan, nan, nan, nan, nan, nan], params=[0.23, 3.2, 0.37, 0.06], fit_error=[0.036, 0.224, 0.0, nan, 0.25, 0.333, 0.289, 0.0, 0.023])",[-70.  -8.  -4.  -2.   0.   2.   4.   8.  70.],"[0.24, 0.4, 1.0, 1.0, 0.25, 1.0, 0.8, 0.8, 0.792]","[0.58, 0.58, 0.58, 0.58, 0.58, 0.58, 0.58, 0.58, 0.58, 0.58, 0.58, 0.58, 0.58, 0.58, 0.58, 0.58, 0.58, 0.58, 0.58, 0.58, 0.58, 0.58, 0.58, 0.58, 0.58, 0.58, 0.58, 0.58, 0.58, 0.58, 0.58, 0.58, 0.58, 0.58, 0.58, 0.58, 0.58, 0.58, 0.58, 0.58, 0.58, 0.58, 0.58, 0.58, 0.58, 0.58, 0.58, 0.58, 0.58, 0.58, 0.586, 0.85, 0.85, 0.85, 0.85, 0.85, 0.85, 0.85, 0.85, 0.85, 0.85, 0.85, 0.85, 0.85, 0.85, 0.85, 0.85, 0.85, 0.85, 0.85, 0.85, 0.85, 0.85, 0.85, 0.85, 0.85, 0.85, 0.85, 0.85, 0.85, 0.85, 0.85, 0.85, 0.85, 0.85, 0.85, 0.85, 0.85, 0.85, 0.85, 0.85, 0.85, 0.85, 0.85, 0.85, 0.85, 0.85, 0.85, 0.85, 0.85]","[0.032, 0.245, nan, 0.0, 0.25, nan, 0.2, 0.2, 0.031]","[0.23, 3.2, 0.37, 0.06]",0.23,3.2,0.37,0.06
2023-05-25,3,182,807,['Bpod3'],451,227,224,207,230,302,145,157,179,120,135,73,62,0.6696230598669624,0.6387665198237885,0.7008928571428571,437,218,219,292,132,160,0.6376811594202898,0.6956521739130435,139,69,70,0.3333333333333333,0.30434782608695654,0.6910755148741419,0.6651376146788991,0.7168949771689498,0.6995073891625616,0.051757362490050696,0.613013698630137,0.8633093525179856,-0.2502956538878486,0.6666666666666666,0.3188405797101449,14,9,5,0.031042128603104215,0.039647577092511016,0.022321428571428572,302,145,157,755.0,362.5,392.5,0,0,0,0,0.7338108647450106,"psych_curve(xdata=array([-70.,  -8.,  -4.,  -2.,   0.,   2.,   4.,   8.,  70.]), ydata=[0.324, 0.667, 0.6, 0.4, 0.5, 0.667, 0.5, 0.714, 0.723], fit=[0.565, 0.565, 0.565, 0.565, 0.565, 0.565, 0.565, 0.565, 0.565, 0.565, 0.565, 0.565, 0.565, 0.565, 0.565, 0.565, 0.565, 0.565, 0.565, 0.565, 0.565, 0.565, 0.565, 0.565, 0.565, 0.565, 0.565, 0.565, 0.565, 0.565, 0.565, 0.565, 0.565, 0.565, 0.565, 0.565, 0.565, 0.565, 0.565, 0.565, 0.565, 0.565, 0.565, 0.565, 0.565, 0.565, 0.565, 0.565, 0.565, 0.565, 0.565, 0.565, 0.565, 0.565, 0.565, 0.565, 0.565, 0.565, 0.565, 0.565, 0.565, 0.565, 0.565, 0.565, 0.565, 0.565, 0.565, 0.565, 0.565, 0.565, 0.565, 0.565, 0.565, 0.565, 0.565, 0.565, 0.565, 0.565, 0.565, 0.565, 0.565, 0.565, 0.565, 0.565, 0.565, 0.565, 0.565, 0.565, 0.565, 0.565, 0.565, 0.565, 0.565, 0.565, 0.565, 0.565, 0.565, 0.565, 0.565, 0.565], params=[0.0, -0.43, -3.6, -3.73], fit_error=[0.033, 0.333, 0.245, 0.245, 0.5, 0.333, 0.224, 0.184, 0.032])",[-70.  -8.  -4.  -2.   0.   2.   4.   8.  70.],"[0.324, 0.667, 0.6, 0.4, 0.5, 0.667, 0.5, 0.714, 0.723]","[0.565, 0.565, 0.565, 0.565, 0.565, 0.565, 0.565, 0.565, 0.565, 0.565, 0.565, 0.565, 0.565, 0.565, 0.565, 0.565, 0.565, 0.565, 0.565, 0.565, 0.565, 0.565, 0.565, 0.565, 0.565, 0.565, 0.565, 0.565, 0.565, 0.565, 0.565, 0.565, 0.565, 0.565, 0.565, 0.565, 0.565, 0.565, 0.565, 0.565, 0.565, 0.565, 0.565, 0.565, 0.565, 0.565, 0.565, 0.565, 0.565, 0.565, 0.565, 0.565, 0.565, 0.565, 0.565, 0.565, 0.565, 0.565, 0.565, 0.565, 0.565, 0.565, 0.565, 0.565, 0.565, 0.565, 0.565, 0.565, 0.565, 0.565, 0.565, 0.565, 0.565, 0.565, 0.565, 0.565, 0.565, 0.565, 0.565, 0.565, 0.565, 0.565, 0.565, 0.565, 0.565, 0.565, 0.565, 0.565, 0.565, 0.565, 0.565, 0.565, 0.565, 0.565, 0.565, 0.565, 0.565, 0.565, 0.565, 0.565]","[0.033, 0.333, 0.245, 0.245, 0.5, 0.333, 0.224, 0.184, 0.032]","[0.0, -0.43, -3.6, -3.73]",0.0,-0.43,-3.6,-3.73,"psych_curve(xdata=array([-70.,  -8.,  -4.,  -2.,  -0.,   2.,   4.,   8.,  70.]), ydata=[0.466, 0.8, 0.8, 1.0, 0.5, 1.0, 0.75, 1.0, 0.902], fit=[nan, nan, nan, nan, nan, nan, nan, nan, nan, nan, nan, nan, nan, nan, nan, nan, nan, nan, nan, nan, nan, nan, nan, nan, nan, nan, nan, nan, nan, nan, nan, nan, nan, nan, nan, nan, nan, nan, nan, nan, nan, nan, nan, nan, nan, nan, nan, nan, nan, nan, nan, nan, nan, nan, nan, nan, nan, nan, nan, nan, nan, nan, nan, nan, nan, nan, nan, nan, nan, nan, nan, nan, nan, nan, nan, nan, nan, nan, nan, nan, nan, nan, nan, nan, nan, nan, nan, nan, nan, nan, nan, nan, nan, nan, nan, nan, nan, nan, nan, nan], params=[14.3, 0.95, 0.71, 0.09], fit_error=[0.034, 0.2, 0.2, 0.0, 0.5, 0.0, 0.25, 0.0, 0.022])",[-70.  -8.  -4.  -2.   0.   2.   4.   8.  70.],"[0.324, 0.667, 0.6, 0.4, 0.5, 0.667, 0.5, 0.714, 0.723]","[0.565, 0.565, 0.565, 0.565, 0.565, 0.565, 0.565, 0.565, 0.565, 0.565, 0.565, 0.565, 0.565, 0.565, 0.565, 0.565, 0.565, 0.565, 0.565, 0.565, 0.565, 0.565, 0.565, 0.565, 0.565, 0.565, 0.565, 0.565, 0.565, 0.565, 0.565, 0.565, 0.565, 0.565, 0.565, 0.565, 0.565, 0.565, 0.565, 0.565, 0.565, 0.565, 0.565, 0.565, 0.565, 0.565, 0.565, 0.565, 0.565, 0.565, 0.565, 0.565, 0.565, 0.565, 0.565, 0.565, 0.565, 0.565, 0.565, 0.565, 0.565, 0.565, 0.565, 0.565, 0.565, 0.565, 0.565, 0.565, 0.565, 0.565, 0.565, 0.565, 0.565, 0.565, 0.565, 0.565, 0.565, 0.565, 0.565, 0.565, 0.565, 0.565, 0.565, 0.565, 0.565, 0.565, 0.565, 0.565, 0.565, 0.565, 0.565, 0.565, 0.565, 0.565, 0.565, 0.565, 0.565, 0.565, 0.565, 0.565]","[0.033, 0.333, 0.245, 0.245, 0.5, 0.333, 0.224, 0.184, 0.032]","[14.3, 0.95, 0.71, 0.09]",14.3,0.95,0.71,0.09
2023-05-26,4,183,807,['Bpod3'],459,222,237,137,310,279,93,186,195,79,168,124,44,0.6078431372549019,0.4189189189189189,0.7848101265822784,447,217,230,344,86,258,0.6277372262773723,0.832258064516129,97,49,48,0.35766423357664234,0.15483870967741936,0.6241610738255033,0.42857142857142855,0.808695652173913,0.6348448687350835,0.3801242236024845,0.5668604651162791,0.8144329896907216,-0.24757252457444257,0.7299976453967507,0.2562514716270309,12,5,7,0.026143790849673203,0.02252252252252252,0.029535864978902954,279,93,186,697.5,232.5,465.0,0,0,0,0,0.7407679738562096,"psych_curve(xdata=array([-70.,  -8.,  -4.,  -2.,   0.,   2.,   4.,   8.,  70.]), ydata=[0.567, 0.667, 0.333, 1.0, 0.5, 0.333, 0.8, 0.6, 0.824], fit=[0.562, 0.562, 0.562, 0.562, 0.562, 0.562, 0.563, 0.563, 0.563, 0.563, 0.563, 0.563, 0.563, 0.563, 0.564, 0.564, 0.564, 0.564, 0.564, 0.564, 0.565, 0.565, 0.565, 0.565, 0.565, 0.566, 0.566, 0.566, 0.566, 0.567, 0.567, 0.567, 0.568, 0.568, 0.568, 0.569, 0.569, 0.569, 0.57, 0.57, 0.571, 0.571, 0.572, 0.572, 0.573, 0.573, 0.574, 0.575, 0.575, 0.576, 0.576, 0.577, 0.578, 0.579, 0.58, 0.58, 0.581, 0.582, 0.583, 0.584, 0.585, 0.586, 0.587, 0.589, 0.59, 0.591, 0.592, 0.594, 0.595, 0.597, 0.598, 0.6, 0.602, 0.604, 0.606, 0.608, 0.61, 0.612, 0.614, 0.616, 0.619, 0.621, 0.624, 0.627, 0.63, 0.633, 0.636, 0.639, 0.643, 0.646, 0.65, 0.654, 0.658, 0.662, 0.666, 0.671, 0.676, 0.681, 0.686, 0.692], params=[0.03, 289.33, 0.56, -94.45], fit_error=[0.035, 0.333, 0.211, 0.0, 0.5, 0.333, 0.2, 0.245, 0.026])",[-70.  -8.  -4.  -2.   0.   2.   4.   8.  70.],"[0.567, 0.667, 0.333, 1.0, 0.5, 0.333, 0.8, 0.6, 0.824]","[0.562, 0.562, 0.562, 0.562, 0.562, 0.562, 0.563, 0.563, 0.563, 0.563, 0.563, 0.563, 0.563, 0.563, 0.564, 0.564, 0.564, 0.564, 0.564, 0.564, 0.565, 0.565, 0.565, 0.565, 0.565, 0.566, 0.566, 0.566, 0.566, 0.567, 0.567, 0.567, 0.568, 0.568, 0.568, 0.569, 0.569, 0.569, 0.57, 0.57, 0.571, 0.571, 0.572, 0.572, 0.573, 0.573, 0.574, 0.575, 0.575, 0.576, 0.576, 0.577, 0.578, 0.579, 0.58, 0.58, 0.581, 0.582, 0.583, 0.584, 0.585, 0.586, 0.587, 0.589, 0.59, 0.591, 0.592, 0.594, 0.595, 0.597, 0.598, 0.6, 0.602, 0.604, 0.606, 0.608, 0.61, 0.612, 0.614, 0.616, 0.619, 0.621, 0.624, 0.627, 0.63, 0.633, 0.636, 0.639, 0.643, 0.646, 0.65, 0.654, 0.658, 0.662, 0.666, 0.671, 0.676, 0.681, 0.686, 0.692]","[0.035, 0.333, 0.211, 0.0, 0.5, 0.333, 0.2, 0.245, 0.026]","[0.03, 289.33, 0.56, -94.45]",0.03,289.33,0.56,-94.45,"psych_curve(xdata=array([-70.,  -8.,  -4.,  -2.,  -0.,   2.,   4.,   8.,  70.]), ydata=[0.652, 0.667, 0.333, 1.0, 0.5, 0.5, 0.8, 1.0, 0.926], fit=[nan, nan, nan, nan, nan, nan, nan, nan, nan, nan, nan, nan, nan, nan, nan, nan, nan, nan, nan, nan, nan, nan, nan, nan, nan, nan, nan, nan, nan, nan, nan, nan, nan, nan, nan, nan, nan, nan, nan, nan, nan, nan, nan, nan, nan, nan, nan, nan, nan, nan, nan, nan, nan, nan, nan, nan, nan, nan, nan, nan, nan, nan, nan, nan, nan, nan, nan, nan, nan, nan, nan, nan, nan, nan, nan, nan, nan, nan, nan, nan, nan, nan, nan, nan, nan, nan, nan, nan, nan, nan, nan, nan, nan, nan, nan, nan, nan, nan, nan, nan], params=[7.11, 3.98, 0.61, 0.04], fit_error=[0.033, 0.211, 0.211, 0.0, 0.5, 0.5, 0.2, 0.0, 0.018])",[-70.  -8.  -4.  -2.   0.   2.   4.   8.  70.],"[0.567, 0.667, 0.333, 1.0, 0.5, 0.333, 0.8, 0.6, 0.824]","[0.562, 0.562, 0.562, 0.562, 0.562, 0.562, 0.563, 0.563, 0.563, 0.563, 0.563, 0.563, 0.563, 0.563, 0.564, 0.564, 0.564, 0.564, 0.564, 0.564, 0.565, 0.565, 0.565, 0.565, 0.565, 0.566, 0.566, 0.566, 0.566, 0.567, 0.567, 0.567, 0.568, 0.568, 0.568, 0.569, 0.569, 0.569, 0.57, 0.57, 0.571, 0.571, 0.572, 0.572, 0.573, 0.573, 0.574, 0.575, 0.575, 0.576, 0.576, 0.577, 0.578, 0.579, 0.58, 0.58, 0.581, 0.582, 0.583, 0.584, 0.585, 0.586, 0.587, 0.589, 0.59, 0.591, 0.592, 0.594, 0.595, 0.597, 0.598, 0.6, 0.602, 0.604, 0.606, 0.608, 0.61, 0.612, 0.614, 0.616, 0.619, 0.621, 0.624, 0.627, 0.63, 0.633, 0.636, 0.639, 0.643, 0.646, 0.65, 0.654, 0.658, 0.662, 0.666, 0.671, 0.676, 0.681, 0.686, 0.692]","[0.035, 0.333, 0.211, 0.0, 0.5, 0.333, 0.2, 0.245, 0.026]","[7.11, 3.98, 0.61, 0.04]",7.11,3.98,0.61,0.04
2023-05-29,0,186,807,['Bpod3'],90,45,45,11,65,47,8,39,32,10,29,26,3,0.5222222222222223,0.17777777777777778,0.8666666666666667,76,34,42,56,5,51,0.45454545454545453,0.7846153846153846,11,6,5,0.5454545454545454,0.07692307692307693,0.618421052631579,0.23529411764705882,0.9285714285714286,0.618421052631579,0.6932773109243697,0.5714285714285714,0.9090909090909091,-0.33766233766233766,0.6195804195804195,0.31118881118881114,14,11,3,0.15555555555555556,0.24444444444444444,0.06666666666666667,47,8,39,117.5,20.0,97.5,0,0,0,0,0.49999999999999994,"psych_curve(xdata=array([-70.,  70.]), ydata=[0.765, 0.929], fit=[0.76, 0.76, 0.76, 0.76, 0.76, 0.76, 0.76, 0.76, 0.76, 0.76, 0.76, 0.76, 0.76, 0.76, 0.76, 0.76, 0.76, 0.76, 0.76, 0.76, 0.76, 0.76, 0.76, 0.76, 0.76, 0.76, 0.76, 0.76, 0.76, 0.76, 0.76, 0.76, 0.76, 0.76, 0.76, 0.76, 0.76, 0.76, 0.76, 0.76, 0.76, 0.76, 0.76, 0.76, 0.76, 0.76, 0.76, 0.762, 0.767, 0.786, 0.833, 0.888, 0.918, 0.927, 0.929, 0.93, 0.93, 0.93, 0.93, 0.93, 0.93, 0.93, 0.93, 0.93, 0.93, 0.93, 0.93, 0.93, 0.93, 0.93, 0.93, 0.93, 0.93, 0.93, 0.93, 0.93, 0.93, 0.93, 0.93, 0.93, 0.93, 0.93, 0.93, 0.93, 0.93, 0.93, 0.93, 0.93, 0.93, 0.93, 0.93, 0.93, 0.93, 0.93, 0.93, 0.93, 0.93, 0.93, 0.93, 0.93], params=[1.0, 1.0, 0.76, 0.07], fit_error=[0.074, 0.04])",[-70.  70.],"[0.765, 0.929]","[0.76, 0.76, 0.76, 0.76, 0.76, 0.76, 0.76, 0.76, 0.76, 0.76, 0.76, 0.76, 0.76, 0.76, 0.76, 0.76, 0.76, 0.76, 0.76, 0.76, 0.76, 0.76, 0.76, 0.76, 0.76, 0.76, 0.76, 0.76, 0.76, 0.76, 0.76, 0.76, 0.76, 0.76, 0.76, 0.76, 0.76, 0.76, 0.76, 0.76, 0.76, 0.76, 0.76, 0.76, 0.76, 0.76, 0.76, 0.762, 0.767, 0.786, 0.833, 0.888, 0.918, 0.927, 0.929, 0.93, 0.93, 0.93, 0.93, 0.93, 0.93, 0.93, 0.93, 0.93, 0.93, 0.93, 0.93, 0.93, 0.93, 0.93, 0.93, 0.93, 0.93, 0.93, 0.93, 0.93, 0.93, 0.93, 0.93, 0.93, 0.93, 0.93, 0.93, 0.93, 0.93, 0.93, 0.93, 0.93, 0.93, 0.93, 0.93, 0.93, 0.93, 0.93, 0.93, 0.93, 0.93, 0.93, 0.93, 0.93]","[0.074, 0.04]","[1.0, 1.0, 0.76, 0.07]",1.0,1.0,0.76,0.07,"psych_curve(xdata=array([-70.,  70.]), ydata=[0.706, 0.97], fit=[nan, nan, nan, nan, nan, nan, nan, nan, nan, nan, nan, nan, nan, nan, nan, nan, nan, nan, nan, nan, nan, nan, nan, nan, nan, nan, nan, nan, nan, nan, nan, nan, nan, nan, nan, nan, nan, nan, nan, nan, nan, nan, nan, nan, nan, nan, nan, nan, nan, nan, nan, nan, nan, nan, nan, nan, nan, nan, nan, nan, nan, nan, nan, nan, nan, nan, nan, nan, nan, nan, nan, nan, nan, nan, nan, nan, nan, nan, nan, nan, nan, nan, nan, nan, nan, nan, nan, nan, nan, nan, nan, nan, nan, nan, nan, nan, nan, nan, nan, nan], params=[1.0, 1.0, 0.71, 0.03], fit_error=[0.079, 0.03])",[-70.  70.],"[0.765, 0.929]","[0.76, 0.76, 0.76, 0.76, 0.76, 0.76, 0.76, 0.76, 0.76, 0.76, 0.76, 0.76, 0.76, 0.76, 0.76, 0.76, 0.76, 0.76, 0.76, 0.76, 0.76, 0.76, 0.76, 0.76, 0.76, 0.76, 0.76, 0.76, 0.76, 0.76, 0.76, 0.76, 0.76, 0.76, 0.76, 0.76, 0.76, 0.76, 0.76, 0.76, 0.76, 0.76, 0.76, 0.76, 0.76, 0.76, 0.76, 0.762, 0.767, 0.786, 0.833, 0.888, 0.918, 0.927, 0.929, 0.93, 0.93, 0.93, 0.93, 0.93, 0.93, 0.93, 0.93, 0.93, 0.93, 0.93, 0.93, 0.93, 0.93, 0.93, 0.93, 0.93, 0.93, 0.93, 0.93, 0.93, 0.93, 0.93, 0.93, 0.93, 0.93, 0.93, 0.93, 0.93, 0.93, 0.93, 0.93, 0.93, 0.93, 0.93, 0.93, 0.93, 0.93, 0.93, 0.93, 0.93, 0.93, 0.93, 0.93, 0.93]","[0.074, 0.04]","[1.0, 1.0, 0.71, 0.03]",1.0,1.0,0.71,0.03
2023-05-30,1,187,807,['Bpod3'],272,145,127,30,144,97,22,75,62,25,77,69,8,0.35661764705882354,0.15172413793103448,0.5905511811023622,174,91,83,128,10,118,0.3333333333333333,0.8194444444444444,30,14,16,0.4666666666666667,0.1111111111111111,0.5574712643678161,0.24175824175824176,0.9036144578313253,0.5574712643678161,0.6618562160730835,0.484375,0.8333333333333334,-0.34895833333333337,0.5763888888888888,0.28888888888888886,98,54,44,0.3602941176470588,0.3724137931034483,0.3464566929133858,97,22,75,242.5,55.0,187.5,0,0,0,0,0.5,"psych_curve(xdata=array([-70.,  70.]), ydata=[0.758, 0.904], fit=[0.76, 0.76, 0.76, 0.76, 0.76, 0.76, 0.76, 0.76, 0.76, 0.76, 0.76, 0.76, 0.76, 0.76, 0.76, 0.76, 0.76, 0.76, 0.76, 0.76, 0.76, 0.76, 0.76, 0.76, 0.76, 0.76, 0.76, 0.76, 0.76, 0.76, 0.76, 0.76, 0.76, 0.76, 0.76, 0.76, 0.76, 0.76, 0.76, 0.76, 0.76, 0.76, 0.76, 0.76, 0.76, 0.76, 0.76, 0.761, 0.766, 0.781, 0.82, 0.866, 0.89, 0.897, 0.899, 0.9, 0.9, 0.9, 0.9, 0.9, 0.9, 0.9, 0.9, 0.9, 0.9, 0.9, 0.9, 0.9, 0.9, 0.9, 0.9, 0.9, 0.9, 0.9, 0.9, 0.9, 0.9, 0.9, 0.9, 0.9, 0.9, 0.9, 0.9, 0.9, 0.9, 0.9, 0.9, 0.9, 0.9, 0.9, 0.9, 0.9, 0.9, 0.9, 0.9, 0.9, 0.9, 0.9, 0.9, 0.9], params=[1.0, 1.0, 0.76, 0.1], fit_error=[0.045, 0.033])",[-70.  70.],"[0.758, 0.904]","[0.76, 0.76, 0.76, 0.76, 0.76, 0.76, 0.76, 0.76, 0.76, 0.76, 0.76, 0.76, 0.76, 0.76, 0.76, 0.76, 0.76, 0.76, 0.76, 0.76, 0.76, 0.76, 0.76, 0.76, 0.76, 0.76, 0.76, 0.76, 0.76, 0.76, 0.76, 0.76, 0.76, 0.76, 0.76, 0.76, 0.76, 0.76, 0.76, 0.76, 0.76, 0.76, 0.76, 0.76, 0.76, 0.76, 0.76, 0.761, 0.766, 0.781, 0.82, 0.866, 0.89, 0.897, 0.899, 0.9, 0.9, 0.9, 0.9, 0.9, 0.9, 0.9, 0.9, 0.9, 0.9, 0.9, 0.9, 0.9, 0.9, 0.9, 0.9, 0.9, 0.9, 0.9, 0.9, 0.9, 0.9, 0.9, 0.9, 0.9, 0.9, 0.9, 0.9, 0.9, 0.9, 0.9, 0.9, 0.9, 0.9, 0.9, 0.9, 0.9, 0.9, 0.9, 0.9, 0.9, 0.9, 0.9, 0.9, 0.9]","[0.045, 0.033]","[1.0, 1.0, 0.76, 0.1]",1.0,1.0,0.76,0.1,"psych_curve(xdata=array([-70.,  70.]), ydata=[0.725, 0.925], fit=[nan, nan, nan, nan, nan, nan, nan, nan, nan, nan, nan, nan, nan, nan, nan, nan, nan, nan, nan, nan, nan, nan, nan, nan, nan, nan, nan, nan, nan, nan, nan, nan, nan, nan, nan, nan, nan, nan, nan, nan, nan, nan, nan, nan, nan, nan, nan, nan, nan, nan, nan, nan, nan, nan, nan, nan, nan, nan, nan, nan, nan, nan, nan, nan, nan, nan, nan, nan, nan, nan, nan, nan, nan, nan, nan, nan, nan, nan, nan, nan, nan, nan, nan, nan, nan, nan, nan, nan, nan, nan, nan, nan, nan, nan, nan, nan, nan, nan, nan, nan], params=[1.0, 1.0, 0.72, 0.07], fit_error=[0.047, 0.032])",[-70.  70.],"[0.758, 0.904]","[0.76, 0.76, 0.76, 0.76, 0.76, 0.76, 0.76, 0.76, 0.76, 0.76, 0.76, 0.76, 0.76, 0.76, 0.76, 0.76, 0.76, 0.76, 0.76, 0.76, 0.76, 0.76, 0.76, 0.76, 0.76, 0.76, 0.76, 0.76, 0.76, 0.76, 0.76, 0.76, 0.76, 0.76, 0.76, 0.76, 0.76, 0.76, 0.76, 0.76, 0.76, 0.76, 0.76, 0.76, 0.76, 0.76, 0.76, 0.761, 0.766, 0.781, 0.82, 0.866, 0.89, 0.897, 0.899, 0.9, 0.9, 0.9, 0.9, 0.9, 0.9, 0.9, 0.9, 0.9, 0.9, 0.9, 0.9, 0.9, 0.9, 0.9, 0.9, 0.9, 0.9, 0.9, 0.9, 0.9, 0.9, 0.9, 0.9, 0.9, 0.9, 0.9, 0.9, 0.9, 0.9, 0.9, 0.9, 0.9, 0.9, 0.9, 0.9, 0.9, 0.9, 0.9, 0.9, 0.9, 0.9, 0.9, 0.9, 0.9]","[0.045, 0.033]","[1.0, 1.0, 0.72, 0.07]",1.0,1.0,0.72,0.07
2023-05-31,2,188,807,['Bpod3'],543,262,281,178,322,309,115,194,228,67,191,128,63,0.569060773480663,0.4389312977099237,0.6903914590747331,500,243,257,395,122,273,0.6853932584269663,0.8478260869565217,77,38,39,0.21348314606741572,0.12111801242236025,0.618,0.4732510288065844,0.754863813229572,0.618,0.2816127844229876,0.5772151898734177,0.8701298701298701,-0.2929146802564524,0.766609672691744,0.167300579244888,43,19,24,0.07918968692449356,0.07251908396946564,0.08540925266903915,309,115,194,772.5,287.5,485.0,0,0,0,0,9.999999999976694e-05,"psych_curve(xdata=array([-70.,  70.]), ydata=[0.527, 0.755], fit=[0.53, 0.53, 0.53, 0.53, 0.53, 0.53, 0.53, 0.53, 0.53, 0.53, 0.53, 0.53, 0.53, 0.53, 0.53, 0.53, 0.53, 0.53, 0.53, 0.53, 0.53, 0.53, 0.53, 0.53, 0.53, 0.53, 0.53, 0.53, 0.53, 0.53, 0.53, 0.53, 0.53, 0.53, 0.53, 0.53, 0.53, 0.53, 0.53, 0.53, 0.53, 0.53, 0.53, 0.53, 0.53, 0.53, 0.531, 0.532, 0.539, 0.564, 0.624, 0.696, 0.734, 0.746, 0.749, 0.75, 0.75, 0.75, 0.75, 0.75, 0.75, 0.75, 0.75, 0.75, 0.75, 0.75, 0.75, 0.75, 0.75, 0.75, 0.75, 0.75, 0.75, 0.75, 0.75, 0.75, 0.75, 0.75, 0.75, 0.75, 0.75, 0.75, 0.75, 0.75, 0.75, 0.75, 0.75, 0.75, 0.75, 0.75, 0.75, 0.75, 0.75, 0.75, 0.75, 0.75, 0.75, 0.75, 0.75, 0.75], params=[1.0, 1.0, 0.53, 0.25], fit_error=[0.032, 0.027])",[-70.  70.],"[0.527, 0.755]","[0.53, 0.53, 0.53, 0.53, 0.53, 0.53, 0.53, 0.53, 0.53, 0.53, 0.53, 0.53, 0.53, 0.53, 0.53, 0.53, 0.53, 0.53, 0.53, 0.53, 0.53, 0.53, 0.53, 0.53, 0.53, 0.53, 0.53, 0.53, 0.53, 0.53, 0.53, 0.53, 0.53, 0.53, 0.53, 0.53, 0.53, 0.53, 0.53, 0.53, 0.53, 0.53, 0.53, 0.53, 0.53, 0.53, 0.531, 0.532, 0.539, 0.564, 0.624, 0.696, 0.734, 0.746, 0.749, 0.75, 0.75, 0.75, 0.75, 0.75, 0.75, 0.75, 0.75, 0.75, 0.75, 0.75, 0.75, 0.75, 0.75, 0.75, 0.75, 0.75, 0.75, 0.75, 0.75, 0.75, 0.75, 0.75, 0.75, 0.75, 0.75, 0.75, 0.75, 0.75, 0.75, 0.75, 0.75, 0.75, 0.75, 0.75, 0.75, 0.75, 0.75, 0.75, 0.75, 0.75, 0.75, 0.75, 0.75, 0.75]","[0.032, 0.027]","[1.0, 1.0, 0.53, 0.25]",1.0,1.0,0.53,0.25,"psych_curve(xdata=array([-70.,  70.]), ydata=[0.714, 0.958], fit=[nan, nan, nan, nan, nan, nan, nan, nan, nan, nan, nan, nan, nan, nan, nan, nan, nan, nan, nan, nan, nan, nan, nan, nan, nan, nan, nan, nan, nan, nan, nan, nan, nan, nan, nan, nan, nan, nan, nan, nan, nan, nan, nan, nan, nan, nan, nan, nan, nan, nan, nan, nan, nan, nan, nan, nan, nan, nan, nan, nan, nan, nan, nan, nan, nan, nan, nan, nan, nan, nan, nan, nan, nan, nan, nan, nan, nan, nan, nan, nan, nan, nan, nan, nan, nan, nan, nan, nan, nan, nan, nan, nan, nan, nan, nan, nan, nan, nan, nan, nan], params=[1.0, 1.0, 0.71, 0.04], fit_error=[0.03, 0.013])",[-70.  70.],"[0.527, 0.755]","[0.53, 0.53, 0.53, 0.53, 0.53, 0.53, 0.53, 0.53, 0.53, 0.53, 0.53, 0.53, 0.53, 0.53, 0.53, 0.53, 0.53, 0.53, 0.53, 0.53, 0.53, 0.53, 0.53, 0.53, 0.53, 0.53, 0.53, 0.53, 0.53, 0.53, 0.53, 0.53, 0.53, 0.53, 0.53, 0.53, 0.53, 0.53, 0.53, 0.53, 0.53, 0.53, 0.53, 0.53, 0.53, 0.53, 0.531, 0.532, 0.539, 0.564, 0.624, 0.696, 0.734, 0.746, 0.749, 0.75, 0.75, 0.75, 0.75, 0.75, 0.75, 0.75, 0.75, 0.75, 0.75, 0.75, 0.75, 0.75, 0.75, 0.75, 0.75, 0.75, 0.75, 0.75, 0.75, 0.75, 0.75, 0.75, 0.75, 0.75, 0.75, 0.75, 0.75, 0.75, 0.75, 0.75, 0.75, 0.75, 0.75, 0.75, 0.75, 0.75, 0.75, 0.75, 0.75, 0.75, 0.75, 0.75, 0.75, 0.75]","[0.032, 0.027]","[1.0, 1.0, 0.71, 0.04]",1.0,1.0,0.71,0.04
2023-06-01,3,189,807,['Bpod3'],296,148,148,65,205,188,55,133,117,63,82,72,10,0.6351351351351351,0.3716216216216216,0.8986486486486487,270,127,143,186,26,160,0.4,0.7804878048780488,68,33,35,0.5076923076923077,0.17073170731707318,0.6962962962962963,0.4330708661417323,0.9300699300699301,0.6962962962962963,0.4969990639281978,0.6290322580645161,0.9264705882352942,-0.29743833017077803,0.5902439024390245,0.33921200750469044,26,21,5,0.08783783783783784,0.14189189189189189,0.033783783783783786,188,55,133,470.0,137.5,332.5,0,0,0,0,9.999999999976694e-05,"psych_curve(xdata=array([-70.,  70.]), ydata=[0.567, 0.93], fit=[0.57, 0.57, 0.57, 0.57, 0.57, 0.57, 0.57, 0.57, 0.57, 0.57, 0.57, 0.57, 0.57, 0.57, 0.57, 0.57, 0.57, 0.57, 0.57, 0.57, 0.57, 0.57, 0.57, 0.57, 0.57, 0.57, 0.57, 0.57, 0.57, 0.57, 0.57, 0.57, 0.57, 0.57, 0.57, 0.57, 0.57, 0.57, 0.57, 0.57, 0.57, 0.57, 0.57, 0.57, 0.57, 0.57, 0.571, 0.574, 0.585, 0.625, 0.724, 0.842, 0.904, 0.923, 0.928, 0.93, 0.93, 0.93, 0.93, 0.93, 0.93, 0.93, 0.93, 0.93, 0.93, 0.93, 0.93, 0.93, 0.93, 0.93, 0.93, 0.93, 0.93, 0.93, 0.93, 0.93, 0.93, 0.93, 0.93, 0.93, 0.93, 0.93, 0.93, 0.93, 0.93, 0.93, 0.93, 0.93, 0.93, 0.93, 0.93, 0.93, 0.93, 0.93, 0.93, 0.93, 0.93, 0.93, 0.93, 0.93], params=[1.0, 1.0, 0.57, 0.07], fit_error=[0.044, 0.021])",[-70.  70.],"[0.567, 0.93]","[0.57, 0.57, 0.57, 0.57, 0.57, 0.57, 0.57, 0.57, 0.57, 0.57, 0.57, 0.57, 0.57, 0.57, 0.57, 0.57, 0.57, 0.57, 0.57, 0.57, 0.57, 0.57, 0.57, 0.57, 0.57, 0.57, 0.57, 0.57, 0.57, 0.57, 0.57, 0.57, 0.57, 0.57, 0.57, 0.57, 0.57, 0.57, 0.57, 0.57, 0.57, 0.57, 0.57, 0.57, 0.57, 0.57, 0.571, 0.574, 0.585, 0.625, 0.724, 0.842, 0.904, 0.923, 0.928, 0.93, 0.93, 0.93, 0.93, 0.93, 0.93, 0.93, 0.93, 0.93, 0.93, 0.93, 0.93, 0.93, 0.93, 0.93, 0.93, 0.93, 0.93, 0.93, 0.93, 0.93, 0.93, 0.93, 0.93, 0.93, 0.93, 0.93, 0.93, 0.93, 0.93, 0.93, 0.93, 0.93, 0.93, 0.93, 0.93, 0.93, 0.93, 0.93, 0.93, 0.93, 0.93, 0.93, 0.93, 0.93]","[0.044, 0.021]","[1.0, 1.0, 0.57, 0.07]",1.0,1.0,0.57,0.07,"psych_curve(xdata=array([-70.,  70.]), ydata=[0.523, 0.959], fit=[nan, nan, nan, nan, nan, nan, nan, nan, nan, nan, nan, nan, nan, nan, nan, nan, nan, nan, nan, nan, nan, nan, nan, nan, nan, nan, nan, nan, nan, nan, nan, nan, nan, nan, nan, nan, nan, nan, nan, nan, nan, nan, nan, nan, nan, nan, nan, nan, nan, nan, nan, nan, nan, nan, nan, nan, nan, nan, nan, nan, nan, nan, nan, nan, nan, nan, nan, nan, nan, nan, nan, nan, nan, nan, nan, nan, nan, nan, nan, nan, nan, nan, nan, nan, nan, nan, nan, nan, nan, nan, nan, nan, nan, nan, nan, nan, nan, nan, nan, nan], params=[1.0, 1.0, 0.52, 0.04], fit_error=[0.044, 0.018])",[-70.  70.],"[0.567, 0.93]","[0.57, 0.57, 0.57, 0.57, 0.57, 0.57, 0.57, 0.57, 0.57, 0.57, 0.57, 0.57, 0.57, 0.57, 0.57, 0.57, 0.57, 0.57, 0.57, 0.57, 0.57, 0.57, 0.57, 0.57, 0.57, 0.57, 0.57, 0.57, 0.57, 0.57, 0.57, 0.57, 0.57, 0.57, 0.57, 0.57, 0.57, 0.57, 0.57, 0.57, 0.57, 0.57, 0.57, 0.57, 0.57, 0.57, 0.571, 0.574, 0.585, 0.625, 0.724, 0.842, 0.904, 0.923, 0.928, 0.93, 0.93, 0.93, 0.93, 0.93, 0.93, 0.93, 0.93, 0.93, 0.93, 0.93, 0.93, 0.93, 0.93, 0.93, 0.93, 0.93, 0.93, 0.93, 0.93, 0.93, 0.93, 0.93, 0.93, 0.93, 0.93, 0.93, 0.93, 0.93, 0.93, 0.93, 0.93, 0.93, 0.93, 0.93, 0.93, 0.93, 0.93, 0.93, 0.93, 0.93, 0.93, 0.93, 0.93, 0.93]","[0.044, 0.021]","[1.0, 1.0, 0.52, 0.04]",1.0,1.0,0.52,0.04
2023-06-02,4,190,807,['Bpod3'],488,210,278,101,347,339,90,249,240,89,109,98,11,0.694672131147541,0.42857142857142855,0.89568345323741,448,188,260,339,46,293,0.45544554455445546,0.8443804034582133,95,46,49,0.45544554455445546,0.14121037463976946,0.7566964285714286,0.4787234042553192,0.9576923076923077,0.7566964285714286,0.47896890343698856,0.7079646017699115,0.9368421052631579,-0.22887750349324643,0.6499129740063344,0.29832795959711245,40,22,18,0.08196721311475409,0.10476190476190476,0.06474820143884892,339,90,249,847.5,225.0,622.5,0,0,0,0,0.024677868852458762,"psych_curve(xdata=array([-70.,  70.]), ydata=[0.521, 0.958], fit=[0.52, 0.52, 0.52, 0.52, 0.52, 0.52, 0.52, 0.52, 0.52, 0.52, 0.52, 0.52, 0.52, 0.52, 0.52, 0.52, 0.52, 0.52, 0.52, 0.52, 0.52, 0.52, 0.52, 0.52, 0.52, 0.52, 0.52, 0.52, 0.52, 0.52, 0.52, 0.52, 0.52, 0.52, 0.52, 0.52, 0.52, 0.52, 0.52, 0.52, 0.52, 0.52, 0.52, 0.52, 0.52, 0.52, 0.521, 0.525, 0.539, 0.588, 0.708, 0.852, 0.928, 0.952, 0.958, 0.959, 0.96, 0.96, 0.96, 0.96, 0.96, 0.96, 0.96, 0.96, 0.96, 0.96, 0.96, 0.96, 0.96, 0.96, 0.96, 0.96, 0.96, 0.96, 0.96, 0.96, 0.96, 0.96, 0.96, 0.96, 0.96, 0.96, 0.96, 0.96, 0.96, 0.96, 0.96, 0.96, 0.96, 0.96, 0.96, 0.96, 0.96, 0.96, 0.96, 0.96, 0.96, 0.96, 0.96, 0.96], params=[1.0, 1.0, 0.52, 0.04], fit_error=[0.037, 0.013])",[-70.  70.],"[0.521, 0.958]","[0.52, 0.52, 0.52, 0.52, 0.52, 0.52, 0.52, 0.52, 0.52, 0.52, 0.52, 0.52, 0.52, 0.52, 0.52, 0.52, 0.52, 0.52, 0.52, 0.52, 0.52, 0.52, 0.52, 0.52, 0.52, 0.52, 0.52, 0.52, 0.52, 0.52, 0.52, 0.52, 0.52, 0.52, 0.52, 0.52, 0.52, 0.52, 0.52, 0.52, 0.52, 0.52, 0.52, 0.52, 0.52, 0.52, 0.521, 0.525, 0.539, 0.588, 0.708, 0.852, 0.928, 0.952, 0.958, 0.959, 0.96, 0.96, 0.96, 0.96, 0.96, 0.96, 0.96, 0.96, 0.96, 0.96, 0.96, 0.96, 0.96, 0.96, 0.96, 0.96, 0.96, 0.96, 0.96, 0.96, 0.96, 0.96, 0.96, 0.96, 0.96, 0.96, 0.96, 0.96, 0.96, 0.96, 0.96, 0.96, 0.96, 0.96, 0.96, 0.96, 0.96, 0.96, 0.96, 0.96, 0.96, 0.96, 0.96, 0.96]","[0.037, 0.013]","[1.0, 1.0, 0.52, 0.04]",1.0,1.0,0.52,0.04,"psych_curve(xdata=array([-70.,  70.]), ydata=[0.527, 0.976], fit=[nan, nan, nan, nan, nan, nan, nan, nan, nan, nan, nan, nan, nan, nan, nan, nan, nan, nan, nan, nan, nan, nan, nan, nan, nan, nan, nan, nan, nan, nan, nan, nan, nan, nan, nan, nan, nan, nan, nan, nan, nan, nan, nan, nan, nan, nan, nan, nan, nan, nan, nan, nan, nan, nan, nan, nan, nan, nan, nan, nan, nan, nan, nan, nan, nan, nan, nan, nan, nan, nan, nan, nan, nan, nan, nan, nan, nan, nan, nan, nan, nan, nan, nan, nan, nan, nan, nan, nan, nan, nan, nan, nan, nan, nan, nan, nan, nan, nan, nan, nan], params=[1.0, 1.0, 0.53, 0.02], fit_error=[0.037, 0.01])",[-70.  70.],"[0.521, 0.958]","[0.52, 0.52, 0.52, 0.52, 0.52, 0.52, 0.52, 0.52, 0.52, 0.52, 0.52, 0.52, 0.52, 0.52, 0.52, 0.52, 0.52, 0.52, 0.52, 0.52, 0.52, 0.52, 0.52, 0.52, 0.52, 0.52, 0.52, 0.52, 0.52, 0.52, 0.52, 0.52, 0.52, 0.52, 0.52, 0.52, 0.52, 0.52, 0.52, 0.52, 0.52, 0.52, 0.52, 0.52, 0.52, 0.52, 0.521, 0.525, 0.539, 0.588, 0.708, 0.852, 0.928, 0.952, 0.958, 0.959, 0.96, 0.96, 0.96, 0.96, 0.96, 0.96, 0.96, 0.96, 0.96, 0.96, 0.96, 0.96, 0.96, 0.96, 0.96, 0.96, 0.96, 0.96, 0.96, 0.96, 0.96, 0.96, 0.96, 0.96, 0.96, 0.96, 0.96, 0.96, 0.96, 0.96, 0.96, 0.96, 0.96, 0.96, 0.96, 0.96, 0.96, 0.96, 0.96, 0.96, 0.96, 0.96, 0.96, 0.96]","[0.037, 0.013]","[1.0, 1.0, 0.53, 0.02]",1.0,1.0,0.53,0.02
