Dates,DoW,Subject,Board,Trials,TrialsLeft,TrialsRight,ChoseLeft,ChoseRight,Hits,HitsLeft,HitsRight,HitsRep,HitsAlt,Errors,ErrorsLeft,ErrorsRight,Performance,PerformanceLeft,PerformanceRight,Responses,ResponsesLeft,ResponsesRight,Repetitions,RepsLeft,RepsRight,RepRateLeft,RepRateRight,Alternations,AltsLeft,AltsRight,AltRateLeft,AltRateRight,Accuracy,AccuracyLeft,AccuracyRight,AccMaxEvi,LateralBias,AccuracyRep,AccuracyAlt,RepBias,CorrRepBias,CorrAltBias,Misses,MissesLeft,MissesRight,MissRate,MissRateLeft,MissRateRight,Rewards,RewardsLeft,RewardsRight,Water,WaterLeft,WaterRight,Stage,SoundsMismatch,NoSound,MessageCount,VarDelay,PCRight,xPCRight,yPCRight,FitPCRight,FitErrorPCRight,ParamsPCRight,SensitivityPCRight,BiasPCRight,LapseRight,LapseLeft,PCRep,xPCRep,yPCRep,FitPCRep,FitErrorPCRep,ParamsPCRep,SensitivityPCRep,BiasPCRep,LapseRep,LapseAlt
2023-05-08,0,873,['Bpod1'],348,174,174,115,110,107,44,63,42,47,118,67,51,0.3074712643678161,0.25287356321839083,0.3620689655172414,225,111,114,91,46,45,0.4,0.4090909090909091,97,47,50,0.40869565217391307,0.45454545454545453,0.47555555555555556,0.3963963963963964,0.5526315789473685,0.47555555555555556,0.15623518255097207,0.46153846153846156,0.4845360824742268,-0.02299762093576524,0.40454545454545454,0.4316205533596838,123,63,60,0.35344827586206895,0.3620689655172414,0.3448275862068966,181,91,90,452.5,227.5,225.0,0.0,0,0,0,0.125,"psych_curve(xdata=array([-70.,  70.]), ydata=[0.18, 0.789], fit=[0.18, 0.18, 0.18, 0.18, 0.18, 0.18, 0.18, 0.18, 0.18, 0.18, 0.18, 0.18, 0.18, 0.18, 0.18, 0.18, 0.18, 0.18, 0.18, 0.18, 0.18, 0.18, 0.18, 0.18, 0.18, 0.18, 0.18, 0.18, 0.18, 0.18, 0.18, 0.18, 0.18, 0.18, 0.18, 0.18, 0.18, 0.18, 0.18, 0.18, 0.18, 0.18, 0.18, 0.18, 0.18, 0.18, 0.182, 0.186, 0.206, 0.274, 0.441, 0.64, 0.745, 0.778, 0.787, 0.789, 0.79, 0.79, 0.79, 0.79, 0.79, 0.79, 0.79, 0.79, 0.79, 0.79, 0.79, 0.79, 0.79, 0.79, 0.79, 0.79, 0.79, 0.79, 0.79, 0.79, 0.79, 0.79, 0.79, 0.79, 0.79, 0.79, 0.79, 0.79, 0.79, 0.79, 0.79, 0.79, 0.79, 0.79, 0.79, 0.79, 0.79, 0.79, 0.79, 0.79, 0.79, 0.79, 0.79, 0.79], params=[1.0, 1.0, 0.18, 0.21], fit_error=[0.037, 0.038])",[-70.  70.],"[0.18, 0.789]","[0.18, 0.18, 0.18, 0.18, 0.18, 0.18, 0.18, 0.18, 0.18, 0.18, 0.18, 0.18, 0.18, 0.18, 0.18, 0.18, 0.18, 0.18, 0.18, 0.18, 0.18, 0.18, 0.18, 0.18, 0.18, 0.18, 0.18, 0.18, 0.18, 0.18, 0.18, 0.18, 0.18, 0.18, 0.18, 0.18, 0.18, 0.18, 0.18, 0.18, 0.18, 0.18, 0.18, 0.18, 0.18, 0.18, 0.182, 0.186, 0.206, 0.274, 0.441, 0.64, 0.745, 0.778, 0.787, 0.789, 0.79, 0.79, 0.79, 0.79, 0.79, 0.79, 0.79, 0.79, 0.79, 0.79, 0.79, 0.79, 0.79, 0.79, 0.79, 0.79, 0.79, 0.79, 0.79, 0.79, 0.79, 0.79, 0.79, 0.79, 0.79, 0.79, 0.79, 0.79, 0.79, 0.79, 0.79, 0.79, 0.79, 0.79, 0.79, 0.79, 0.79, 0.79, 0.79, 0.79, 0.79, 0.79, 0.79, 0.79]","[0.037, 0.038]","[1.0, 1.0, 0.18, 0.21]",1.0,1.0,0.18,0.21,"psych_curve(xdata=array([-70.,  70.]), ydata=[0.222, 0.915], fit=[nan, nan, nan, nan, nan, nan, nan, nan, nan, nan, nan, nan, nan, nan, nan, nan, nan, nan, nan, nan, nan, nan, nan, nan, nan, nan, nan, nan, nan, nan, nan, nan, nan, nan, nan, nan, nan, nan, nan, nan, nan, nan, nan, nan, nan, nan, nan, nan, nan, nan, nan, nan, nan, nan, nan, nan, nan, nan, nan, nan, nan, nan, nan, nan, nan, nan, nan, nan, nan, nan, nan, nan, nan, nan, nan, nan, nan, nan, nan, nan, nan, nan, nan, nan, nan, nan, nan, nan, nan, nan, nan, nan, nan, nan, nan, nan, nan, nan, nan, nan], params=[1.0, 1.0, 0.22, 0.08], fit_error=[0.039, 0.033])",[-70.  70.],"[0.18, 0.789]","[0.18, 0.18, 0.18, 0.18, 0.18, 0.18, 0.18, 0.18, 0.18, 0.18, 0.18, 0.18, 0.18, 0.18, 0.18, 0.18, 0.18, 0.18, 0.18, 0.18, 0.18, 0.18, 0.18, 0.18, 0.18, 0.18, 0.18, 0.18, 0.18, 0.18, 0.18, 0.18, 0.18, 0.18, 0.18, 0.18, 0.18, 0.18, 0.18, 0.18, 0.18, 0.18, 0.18, 0.18, 0.18, 0.18, 0.182, 0.186, 0.206, 0.274, 0.441, 0.64, 0.745, 0.778, 0.787, 0.789, 0.79, 0.79, 0.79, 0.79, 0.79, 0.79, 0.79, 0.79, 0.79, 0.79, 0.79, 0.79, 0.79, 0.79, 0.79, 0.79, 0.79, 0.79, 0.79, 0.79, 0.79, 0.79, 0.79, 0.79, 0.79, 0.79, 0.79, 0.79, 0.79, 0.79, 0.79, 0.79, 0.79, 0.79, 0.79, 0.79, 0.79, 0.79, 0.79, 0.79, 0.79, 0.79, 0.79, 0.79]","[0.037, 0.038]","[1.0, 1.0, 0.22, 0.08]",1.0,1.0,0.22,0.08
2023-05-09,1,873,['Bpod1'],554,278,276,297,250,295,153,142,137,154,252,123,129,0.5324909747292419,0.5503597122302158,0.5144927536231884,547,276,271,300,172,128,0.5791245791245792,0.512,239,119,120,0.4006734006734007,0.48,0.5393053016453382,0.5543478260869565,0.5239852398523985,0.5393053016453382,-0.03036258623455801,0.45666666666666667,0.6443514644351465,-0.1876847977684798,0.5455622895622896,0.44033670033670036,7,2,5,0.01263537906137184,0.007194244604316547,0.018115942028985508,346,186,160,865.0,465.0,400.0,0.0,0,0,0,0.125,"psych_curve(xdata=array([-70.,  70.]), ydata=[0.326, 0.59], fit=[0.33, 0.33, 0.33, 0.33, 0.33, 0.33, 0.33, 0.33, 0.33, 0.33, 0.33, 0.33, 0.33, 0.33, 0.33, 0.33, 0.33, 0.33, 0.33, 0.33, 0.33, 0.33, 0.33, 0.33, 0.33, 0.33, 0.33, 0.33, 0.33, 0.33, 0.33, 0.33, 0.33, 0.33, 0.33, 0.33, 0.33, 0.33, 0.33, 0.33, 0.33, 0.33, 0.33, 0.33, 0.33, 0.33, 0.331, 0.333, 0.341, 0.37, 0.441, 0.526, 0.571, 0.585, 0.589, 0.59, 0.59, 0.59, 0.59, 0.59, 0.59, 0.59, 0.59, 0.59, 0.59, 0.59, 0.59, 0.59, 0.59, 0.59, 0.59, 0.59, 0.59, 0.59, 0.59, 0.59, 0.59, 0.59, 0.59, 0.59, 0.59, 0.59, 0.59, 0.59, 0.59, 0.59, 0.59, 0.59, 0.59, 0.59, 0.59, 0.59, 0.59, 0.59, 0.59, 0.59, 0.59, 0.59, 0.59, 0.59], params=[1.0, 1.0, 0.33, 0.41], fit_error=[0.028, 0.03])",[-70.  70.],"[0.326, 0.59]","[0.33, 0.33, 0.33, 0.33, 0.33, 0.33, 0.33, 0.33, 0.33, 0.33, 0.33, 0.33, 0.33, 0.33, 0.33, 0.33, 0.33, 0.33, 0.33, 0.33, 0.33, 0.33, 0.33, 0.33, 0.33, 0.33, 0.33, 0.33, 0.33, 0.33, 0.33, 0.33, 0.33, 0.33, 0.33, 0.33, 0.33, 0.33, 0.33, 0.33, 0.33, 0.33, 0.33, 0.33, 0.33, 0.33, 0.331, 0.333, 0.341, 0.37, 0.441, 0.526, 0.571, 0.585, 0.589, 0.59, 0.59, 0.59, 0.59, 0.59, 0.59, 0.59, 0.59, 0.59, 0.59, 0.59, 0.59, 0.59, 0.59, 0.59, 0.59, 0.59, 0.59, 0.59, 0.59, 0.59, 0.59, 0.59, 0.59, 0.59, 0.59, 0.59, 0.59, 0.59, 0.59, 0.59, 0.59, 0.59, 0.59, 0.59, 0.59, 0.59, 0.59, 0.59, 0.59, 0.59, 0.59, 0.59, 0.59, 0.59]","[0.028, 0.03]","[1.0, 1.0, 0.33, 0.41]",1.0,1.0,0.33,0.41,"psych_curve(xdata=array([-70.,  70.]), ydata=[0.439, 0.75], fit=[nan, nan, nan, nan, nan, nan, nan, nan, nan, nan, nan, nan, nan, nan, nan, nan, nan, nan, nan, nan, nan, nan, nan, nan, nan, nan, nan, nan, nan, nan, nan, nan, nan, nan, nan, nan, nan, nan, nan, nan, nan, nan, nan, nan, nan, nan, nan, nan, nan, nan, nan, nan, nan, nan, nan, nan, nan, nan, nan, nan, nan, nan, nan, nan, nan, nan, nan, nan, nan, nan, nan, nan, nan, nan, nan, nan, nan, nan, nan, nan, nan, nan, nan, nan, nan, nan, nan, nan, nan, nan, nan, nan, nan, nan, nan, nan, nan, nan, nan, nan], params=[1.0, 1.0, 0.44, 0.25], fit_error=[0.027, 0.03])",[-70.  70.],"[0.326, 0.59]","[0.33, 0.33, 0.33, 0.33, 0.33, 0.33, 0.33, 0.33, 0.33, 0.33, 0.33, 0.33, 0.33, 0.33, 0.33, 0.33, 0.33, 0.33, 0.33, 0.33, 0.33, 0.33, 0.33, 0.33, 0.33, 0.33, 0.33, 0.33, 0.33, 0.33, 0.33, 0.33, 0.33, 0.33, 0.33, 0.33, 0.33, 0.33, 0.33, 0.33, 0.33, 0.33, 0.33, 0.33, 0.33, 0.33, 0.331, 0.333, 0.341, 0.37, 0.441, 0.526, 0.571, 0.585, 0.589, 0.59, 0.59, 0.59, 0.59, 0.59, 0.59, 0.59, 0.59, 0.59, 0.59, 0.59, 0.59, 0.59, 0.59, 0.59, 0.59, 0.59, 0.59, 0.59, 0.59, 0.59, 0.59, 0.59, 0.59, 0.59, 0.59, 0.59, 0.59, 0.59, 0.59, 0.59, 0.59, 0.59, 0.59, 0.59, 0.59, 0.59, 0.59, 0.59, 0.59, 0.59, 0.59, 0.59, 0.59, 0.59]","[0.028, 0.03]","[1.0, 1.0, 0.44, 0.25]",1.0,1.0,0.44,0.25
2023-05-10,2,873,['Bpod1'],441,220,221,306,130,228,162,66,161,64,208,55,153,0.5170068027210885,0.7363636363636363,0.2986425339366516,436,217,219,317,245,72,0.8006535947712419,0.5538461538461539,113,57,56,0.18627450980392157,0.4307692307692308,0.5229357798165137,0.7465437788018433,0.3013698630136986,0.5229357798165137,-0.4451739157881447,0.5078864353312302,0.5663716814159292,-0.05848524608469896,0.6772498743086979,0.3085218702865762,5,3,2,0.011337868480725623,0.013636363636363636,0.00904977375565611,273,180,93,682.5,450.0,232.5,0.0,0,0,0,0.125,"psych_curve(xdata=array([-70.,  70.]), ydata=[0.171, 0.425], fit=[0.17, 0.17, 0.17, 0.17, 0.17, 0.17, 0.17, 0.17, 0.17, 0.17, 0.17, 0.17, 0.17, 0.17, 0.17, 0.17, 0.17, 0.17, 0.17, 0.17, 0.17, 0.17, 0.17, 0.17, 0.17, 0.17, 0.17, 0.17, 0.17, 0.17, 0.17, 0.17, 0.17, 0.17, 0.17, 0.17, 0.17, 0.17, 0.17, 0.17, 0.17, 0.17, 0.17, 0.17, 0.17, 0.17, 0.171, 0.173, 0.181, 0.21, 0.281, 0.366, 0.411, 0.425, 0.429, 0.43, 0.43, 0.43, 0.43, 0.43, 0.43, 0.43, 0.43, 0.43, 0.43, 0.43, 0.43, 0.43, 0.43, 0.43, 0.43, 0.43, 0.43, 0.43, 0.43, 0.43, 0.43, 0.43, 0.43, 0.43, 0.43, 0.43, 0.43, 0.43, 0.43, 0.43, 0.43, 0.43, 0.43, 0.43, 0.43, 0.43, 0.43, 0.43, 0.43, 0.43, 0.43, 0.43, 0.43, 0.43], params=[1.0, 1.0, 0.17, 0.57], fit_error=[0.026, 0.033])",[-70.  70.],"[0.171, 0.425]","[0.17, 0.17, 0.17, 0.17, 0.17, 0.17, 0.17, 0.17, 0.17, 0.17, 0.17, 0.17, 0.17, 0.17, 0.17, 0.17, 0.17, 0.17, 0.17, 0.17, 0.17, 0.17, 0.17, 0.17, 0.17, 0.17, 0.17, 0.17, 0.17, 0.17, 0.17, 0.17, 0.17, 0.17, 0.17, 0.17, 0.17, 0.17, 0.17, 0.17, 0.17, 0.17, 0.17, 0.17, 0.17, 0.17, 0.171, 0.173, 0.181, 0.21, 0.281, 0.366, 0.411, 0.425, 0.429, 0.43, 0.43, 0.43, 0.43, 0.43, 0.43, 0.43, 0.43, 0.43, 0.43, 0.43, 0.43, 0.43, 0.43, 0.43, 0.43, 0.43, 0.43, 0.43, 0.43, 0.43, 0.43, 0.43, 0.43, 0.43, 0.43, 0.43, 0.43, 0.43, 0.43, 0.43, 0.43, 0.43, 0.43, 0.43, 0.43, 0.43, 0.43, 0.43, 0.43, 0.43, 0.43, 0.43, 0.43, 0.43]","[0.026, 0.033]","[1.0, 1.0, 0.17, 0.57]",1.0,1.0,0.17,0.57,"psych_curve(xdata=array([-70.,  70.]), ydata=[0.606, 0.889], fit=[nan, nan, nan, nan, nan, nan, nan, nan, nan, nan, nan, nan, nan, nan, nan, nan, nan, nan, nan, nan, nan, nan, nan, nan, nan, nan, nan, nan, nan, nan, nan, nan, nan, nan, nan, nan, nan, nan, nan, nan, nan, nan, nan, nan, nan, nan, nan, nan, nan, nan, nan, nan, nan, nan, nan, nan, nan, nan, nan, nan, nan, nan, nan, nan, nan, nan, nan, nan, nan, nan, nan, nan, nan, nan, nan, nan, nan, nan, nan, nan, nan, nan, nan, nan, nan, nan, nan, nan, nan, nan, nan, nan, nan, nan, nan, nan, nan, nan, nan, nan], params=[1.0, 1.0, 0.61, 0.11], fit_error=[0.032, 0.022])",[-70.  70.],"[0.171, 0.425]","[0.17, 0.17, 0.17, 0.17, 0.17, 0.17, 0.17, 0.17, 0.17, 0.17, 0.17, 0.17, 0.17, 0.17, 0.17, 0.17, 0.17, 0.17, 0.17, 0.17, 0.17, 0.17, 0.17, 0.17, 0.17, 0.17, 0.17, 0.17, 0.17, 0.17, 0.17, 0.17, 0.17, 0.17, 0.17, 0.17, 0.17, 0.17, 0.17, 0.17, 0.17, 0.17, 0.17, 0.17, 0.17, 0.17, 0.171, 0.173, 0.181, 0.21, 0.281, 0.366, 0.411, 0.425, 0.429, 0.43, 0.43, 0.43, 0.43, 0.43, 0.43, 0.43, 0.43, 0.43, 0.43, 0.43, 0.43, 0.43, 0.43, 0.43, 0.43, 0.43, 0.43, 0.43, 0.43, 0.43, 0.43, 0.43, 0.43, 0.43, 0.43, 0.43, 0.43, 0.43, 0.43, 0.43, 0.43, 0.43, 0.43, 0.43, 0.43, 0.43, 0.43, 0.43, 0.43, 0.43, 0.43, 0.43, 0.43, 0.43]","[0.026, 0.033]","[1.0, 1.0, 0.61, 0.11]",1.0,1.0,0.61,0.11
2023-05-11,3,873,['Bpod1'],610,304,306,465,143,322,242,80,226,94,286,60,226,0.5278688524590164,0.7960526315789473,0.26143790849673204,608,302,306,461,390,71,0.8387096774193549,0.4965034965034965,143,71,72,0.15268817204301074,0.5034965034965035,0.5296052631578947,0.8013245033112583,0.26143790849673204,0.5296052631578947,-0.5398865948145262,0.49023861171366595,0.6573426573426573,-0.16710404562899134,0.6676065869614257,0.32809233776975716,2,2,0,0.003278688524590164,0.006578947368421052,0.0,331,245,86,827.5,612.5,215.0,0.0,0,14,0,0.125,"psych_curve(xdata=array([-70.,  70.]), ydata=[0.189, 0.281], fit=[0.19, 0.19, 0.19, 0.19, 0.19, 0.19, 0.19, 0.19, 0.19, 0.19, 0.19, 0.19, 0.19, 0.19, 0.19, 0.19, 0.19, 0.19, 0.19, 0.19, 0.19, 0.19, 0.19, 0.19, 0.19, 0.19, 0.19, 0.19, 0.19, 0.19, 0.19, 0.19, 0.19, 0.19, 0.19, 0.19, 0.19, 0.19, 0.19, 0.19, 0.19, 0.19, 0.19, 0.19, 0.19, 0.19, 0.19, 0.191, 0.194, 0.204, 0.228, 0.258, 0.273, 0.278, 0.28, 0.28, 0.28, 0.28, 0.28, 0.28, 0.28, 0.28, 0.28, 0.28, 0.28, 0.28, 0.28, 0.28, 0.28, 0.28, 0.28, 0.28, 0.28, 0.28, 0.28, 0.28, 0.28, 0.28, 0.28, 0.28, 0.28, 0.28, 0.28, 0.28, 0.28, 0.28, 0.28, 0.28, 0.28, 0.28, 0.28, 0.28, 0.28, 0.28, 0.28, 0.28, 0.28, 0.28, 0.28, 0.28], params=[1.0, 1.0, 0.19, 0.72], fit_error=[0.023, 0.026])",[-70.  70.],"[0.189, 0.281]","[0.19, 0.19, 0.19, 0.19, 0.19, 0.19, 0.19, 0.19, 0.19, 0.19, 0.19, 0.19, 0.19, 0.19, 0.19, 0.19, 0.19, 0.19, 0.19, 0.19, 0.19, 0.19, 0.19, 0.19, 0.19, 0.19, 0.19, 0.19, 0.19, 0.19, 0.19, 0.19, 0.19, 0.19, 0.19, 0.19, 0.19, 0.19, 0.19, 0.19, 0.19, 0.19, 0.19, 0.19, 0.19, 0.19, 0.19, 0.191, 0.194, 0.204, 0.228, 0.258, 0.273, 0.278, 0.28, 0.28, 0.28, 0.28, 0.28, 0.28, 0.28, 0.28, 0.28, 0.28, 0.28, 0.28, 0.28, 0.28, 0.28, 0.28, 0.28, 0.28, 0.28, 0.28, 0.28, 0.28, 0.28, 0.28, 0.28, 0.28, 0.28, 0.28, 0.28, 0.28, 0.28, 0.28, 0.28, 0.28, 0.28, 0.28, 0.28, 0.28, 0.28, 0.28, 0.28, 0.28, 0.28, 0.28, 0.28, 0.28]","[0.023, 0.026]","[1.0, 1.0, 0.19, 0.72]",1.0,1.0,0.19,0.72,"psych_curve(xdata=array([-70.,  70.]), ydata=[0.695, 0.85], fit=[nan, nan, nan, nan, nan, nan, nan, nan, nan, nan, nan, nan, nan, nan, nan, nan, nan, nan, nan, nan, nan, nan, nan, nan, nan, nan, nan, nan, nan, nan, nan, nan, nan, nan, nan, nan, nan, nan, nan, nan, nan, nan, nan, nan, nan, nan, nan, nan, nan, nan, nan, nan, nan, nan, nan, nan, nan, nan, nan, nan, nan, nan, nan, nan, nan, nan, nan, nan, nan, nan, nan, nan, nan, nan, nan, nan, nan, nan, nan, nan, nan, nan, nan, nan, nan, nan, nan, nan, nan, nan, nan, nan, nan, nan, nan, nan, nan, nan, nan, nan], params=[1.0, 1.0, 0.69, 0.15], fit_error=[0.025, 0.022])",[-70.  70.],"[0.189, 0.281]","[0.19, 0.19, 0.19, 0.19, 0.19, 0.19, 0.19, 0.19, 0.19, 0.19, 0.19, 0.19, 0.19, 0.19, 0.19, 0.19, 0.19, 0.19, 0.19, 0.19, 0.19, 0.19, 0.19, 0.19, 0.19, 0.19, 0.19, 0.19, 0.19, 0.19, 0.19, 0.19, 0.19, 0.19, 0.19, 0.19, 0.19, 0.19, 0.19, 0.19, 0.19, 0.19, 0.19, 0.19, 0.19, 0.19, 0.19, 0.191, 0.194, 0.204, 0.228, 0.258, 0.273, 0.278, 0.28, 0.28, 0.28, 0.28, 0.28, 0.28, 0.28, 0.28, 0.28, 0.28, 0.28, 0.28, 0.28, 0.28, 0.28, 0.28, 0.28, 0.28, 0.28, 0.28, 0.28, 0.28, 0.28, 0.28, 0.28, 0.28, 0.28, 0.28, 0.28, 0.28, 0.28, 0.28, 0.28, 0.28, 0.28, 0.28, 0.28, 0.28, 0.28, 0.28, 0.28, 0.28, 0.28, 0.28, 0.28, 0.28]","[0.023, 0.026]","[1.0, 1.0, 0.69, 0.15]",1.0,1.0,0.69,0.15
2023-05-12,4,873,['Bpod1'],540,280,260,367,161,327,222,105,267,53,201,50,151,0.6055555555555555,0.7928571428571428,0.40384615384615385,528,272,256,415,309,106,0.8419618528610354,0.6583850931677019,105,52,53,0.14168937329700274,0.32919254658385094,0.6193181818181818,0.8161764705882353,0.41015625,0.6193181818181818,-0.4060202205882353,0.6433734939759036,0.5047619047619047,0.13861158921399885,0.7501734730143687,0.23544095994042685,12,8,4,0.022222222222222223,0.02857142857142857,0.015384615384615385,347,229,118,867.5,572.5,295.0,0.0,0,1,0,0.125,"psych_curve(xdata=array([-70.,  70.]), ydata=[0.158, 0.461], fit=[0.16, 0.16, 0.16, 0.16, 0.16, 0.16, 0.16, 0.16, 0.16, 0.16, 0.16, 0.16, 0.16, 0.16, 0.16, 0.16, 0.16, 0.16, 0.16, 0.16, 0.16, 0.16, 0.16, 0.16, 0.16, 0.16, 0.16, 0.16, 0.16, 0.16, 0.16, 0.16, 0.16, 0.16, 0.16, 0.16, 0.16, 0.16, 0.16, 0.16, 0.16, 0.16, 0.16, 0.16, 0.16, 0.16, 0.161, 0.163, 0.173, 0.206, 0.288, 0.386, 0.438, 0.454, 0.459, 0.46, 0.46, 0.46, 0.46, 0.46, 0.46, 0.46, 0.46, 0.46, 0.46, 0.46, 0.46, 0.46, 0.46, 0.46, 0.46, 0.46, 0.46, 0.46, 0.46, 0.46, 0.46, 0.46, 0.46, 0.46, 0.46, 0.46, 0.46, 0.46, 0.46, 0.46, 0.46, 0.46, 0.46, 0.46, 0.46, 0.46, 0.46, 0.46, 0.46, 0.46, 0.46, 0.46, 0.46, 0.46], params=[1.0, 1.0, 0.16, 0.54], fit_error=[0.022, 0.031])",[-70.  70.],"[0.158, 0.461]","[0.16, 0.16, 0.16, 0.16, 0.16, 0.16, 0.16, 0.16, 0.16, 0.16, 0.16, 0.16, 0.16, 0.16, 0.16, 0.16, 0.16, 0.16, 0.16, 0.16, 0.16, 0.16, 0.16, 0.16, 0.16, 0.16, 0.16, 0.16, 0.16, 0.16, 0.16, 0.16, 0.16, 0.16, 0.16, 0.16, 0.16, 0.16, 0.16, 0.16, 0.16, 0.16, 0.16, 0.16, 0.16, 0.16, 0.161, 0.163, 0.173, 0.206, 0.288, 0.386, 0.438, 0.454, 0.459, 0.46, 0.46, 0.46, 0.46, 0.46, 0.46, 0.46, 0.46, 0.46, 0.46, 0.46, 0.46, 0.46, 0.46, 0.46, 0.46, 0.46, 0.46, 0.46, 0.46, 0.46, 0.46, 0.46, 0.46, 0.46, 0.46, 0.46, 0.46, 0.46, 0.46, 0.46, 0.46, 0.46, 0.46, 0.46, 0.46, 0.46, 0.46, 0.46, 0.46, 0.46, 0.46, 0.46, 0.46, 0.46]","[0.022, 0.031]","[1.0, 1.0, 0.16, 0.54]",1.0,1.0,0.16,0.54,"psych_curve(xdata=array([-70.,  70.]), ydata=[0.701, 0.853], fit=[nan, nan, nan, nan, nan, nan, nan, nan, nan, nan, nan, nan, nan, nan, nan, nan, nan, nan, nan, nan, nan, nan, nan, nan, nan, nan, nan, nan, nan, nan, nan, nan, nan, nan, nan, nan, nan, nan, nan, nan, nan, nan, nan, nan, nan, nan, nan, nan, nan, nan, nan, nan, nan, nan, nan, nan, nan, nan, nan, nan, nan, nan, nan, nan, nan, nan, nan, nan, nan, nan, nan, nan, nan, nan, nan, nan, nan, nan, nan, nan, nan, nan, nan, nan, nan, nan, nan, nan, nan, nan, nan, nan, nan, nan, nan, nan, nan, nan, nan, nan], params=[1.0, 1.0, 0.7, 0.15], fit_error=[0.034, 0.019])",[-70.  70.],"[0.158, 0.461]","[0.16, 0.16, 0.16, 0.16, 0.16, 0.16, 0.16, 0.16, 0.16, 0.16, 0.16, 0.16, 0.16, 0.16, 0.16, 0.16, 0.16, 0.16, 0.16, 0.16, 0.16, 0.16, 0.16, 0.16, 0.16, 0.16, 0.16, 0.16, 0.16, 0.16, 0.16, 0.16, 0.16, 0.16, 0.16, 0.16, 0.16, 0.16, 0.16, 0.16, 0.16, 0.16, 0.16, 0.16, 0.16, 0.16, 0.161, 0.163, 0.173, 0.206, 0.288, 0.386, 0.438, 0.454, 0.459, 0.46, 0.46, 0.46, 0.46, 0.46, 0.46, 0.46, 0.46, 0.46, 0.46, 0.46, 0.46, 0.46, 0.46, 0.46, 0.46, 0.46, 0.46, 0.46, 0.46, 0.46, 0.46, 0.46, 0.46, 0.46, 0.46, 0.46, 0.46, 0.46, 0.46, 0.46, 0.46, 0.46, 0.46, 0.46, 0.46, 0.46, 0.46, 0.46, 0.46, 0.46, 0.46, 0.46, 0.46, 0.46]","[0.022, 0.031]","[1.0, 1.0, 0.7, 0.15]",1.0,1.0,0.7,0.15
2023-05-15,0,873,['Bpod1'],613,310,303,410,166,386,296,90,350,24,190,11,179,0.6296900489396411,0.9548387096774194,0.297029702970297,576,307,269,496,368,128,0.8975609756097561,0.7710843373493976,54,29,25,0.07073170731707316,0.15060240963855423,0.6701388888888888,0.9641693811074918,0.3345724907063197,0.6701388888888888,-0.6295968904011722,0.7056451612903226,0.4444444444444444,0.2612007168458782,0.8343226564795769,0.11066705847781369,37,3,34,0.06035889070146819,0.00967741935483871,0.11221122112211221,465,303,162,1162.5,757.5,405.0,0.0,0,0,0,0.125,"psych_curve(xdata=array([-70.,  70.]), ydata=[0.013, 0.602], fit=[0.01, 0.01, 0.01, 0.01, 0.01, 0.01, 0.01, 0.01, 0.01, 0.01, 0.01, 0.01, 0.01, 0.01, 0.01, 0.01, 0.01, 0.01, 0.01, 0.01, 0.01, 0.01, 0.01, 0.01, 0.01, 0.01, 0.01, 0.01, 0.01, 0.01, 0.01, 0.01, 0.01, 0.01, 0.01, 0.01, 0.01, 0.01, 0.01, 0.01, 0.01, 0.01, 0.01, 0.01, 0.01, 0.01, 0.012, 0.016, 0.035, 0.101, 0.262, 0.455, 0.557, 0.589, 0.597, 0.599, 0.6, 0.6, 0.6, 0.6, 0.6, 0.6, 0.6, 0.6, 0.6, 0.6, 0.6, 0.6, 0.6, 0.6, 0.6, 0.6, 0.6, 0.6, 0.6, 0.6, 0.6, 0.6, 0.6, 0.6, 0.6, 0.6, 0.6, 0.6, 0.6, 0.6, 0.6, 0.6, 0.6, 0.6, 0.6, 0.6, 0.6, 0.6, 0.6, 0.6, 0.6, 0.6, 0.6, 0.6], params=[1.0, 1.0, 0.01, 0.4], fit_error=[0.006, 0.03])",[-70.  70.],"[0.013, 0.602]","[0.01, 0.01, 0.01, 0.01, 0.01, 0.01, 0.01, 0.01, 0.01, 0.01, 0.01, 0.01, 0.01, 0.01, 0.01, 0.01, 0.01, 0.01, 0.01, 0.01, 0.01, 0.01, 0.01, 0.01, 0.01, 0.01, 0.01, 0.01, 0.01, 0.01, 0.01, 0.01, 0.01, 0.01, 0.01, 0.01, 0.01, 0.01, 0.01, 0.01, 0.01, 0.01, 0.01, 0.01, 0.01, 0.01, 0.012, 0.016, 0.035, 0.101, 0.262, 0.455, 0.557, 0.589, 0.597, 0.599, 0.6, 0.6, 0.6, 0.6, 0.6, 0.6, 0.6, 0.6, 0.6, 0.6, 0.6, 0.6, 0.6, 0.6, 0.6, 0.6, 0.6, 0.6, 0.6, 0.6, 0.6, 0.6, 0.6, 0.6, 0.6, 0.6, 0.6, 0.6, 0.6, 0.6, 0.6, 0.6, 0.6, 0.6, 0.6, 0.6, 0.6, 0.6, 0.6, 0.6, 0.6, 0.6, 0.6, 0.6]","[0.006, 0.03]","[1.0, 1.0, 0.01, 0.4]",1.0,1.0,0.01,0.4,"psych_curve(xdata=array([-70.,  70.]), ydata=[0.683, 0.978], fit=[nan, nan, nan, nan, nan, nan, nan, nan, nan, nan, nan, nan, nan, nan, nan, nan, nan, nan, nan, nan, nan, nan, nan, nan, nan, nan, nan, nan, nan, nan, nan, nan, nan, nan, nan, nan, nan, nan, nan, nan, nan, nan, nan, nan, nan, nan, nan, nan, nan, nan, nan, nan, nan, nan, nan, nan, nan, nan, nan, nan, nan, nan, nan, nan, nan, nan, nan, nan, nan, nan, nan, nan, nan, nan, nan, nan, nan, nan, nan, nan, nan, nan, nan, nan, nan, nan, nan, nan, nan, nan, nan, nan, nan, nan, nan, nan, nan, nan, nan, nan], params=[1.0, 1.0, 0.68, 0.02], fit_error=[0.039, 0.007])",[-70.  70.],"[0.013, 0.602]","[0.01, 0.01, 0.01, 0.01, 0.01, 0.01, 0.01, 0.01, 0.01, 0.01, 0.01, 0.01, 0.01, 0.01, 0.01, 0.01, 0.01, 0.01, 0.01, 0.01, 0.01, 0.01, 0.01, 0.01, 0.01, 0.01, 0.01, 0.01, 0.01, 0.01, 0.01, 0.01, 0.01, 0.01, 0.01, 0.01, 0.01, 0.01, 0.01, 0.01, 0.01, 0.01, 0.01, 0.01, 0.01, 0.01, 0.012, 0.016, 0.035, 0.101, 0.262, 0.455, 0.557, 0.589, 0.597, 0.599, 0.6, 0.6, 0.6, 0.6, 0.6, 0.6, 0.6, 0.6, 0.6, 0.6, 0.6, 0.6, 0.6, 0.6, 0.6, 0.6, 0.6, 0.6, 0.6, 0.6, 0.6, 0.6, 0.6, 0.6, 0.6, 0.6, 0.6, 0.6, 0.6, 0.6, 0.6, 0.6, 0.6, 0.6, 0.6, 0.6, 0.6, 0.6, 0.6, 0.6, 0.6, 0.6, 0.6, 0.6]","[0.006, 0.03]","[1.0, 1.0, 0.68, 0.02]",1.0,1.0,0.68,0.02
2023-05-16,1,873,['Bpod1'],606,300,306,384,199,421,258,163,351,63,162,37,125,0.6947194719471947,0.86,0.5326797385620915,583,295,288,473,328,145,0.8541666666666666,0.7286432160804021,98,50,48,0.13020833333333334,0.24120603015075376,0.7221269296740995,0.8745762711864407,0.5659722222222222,0.7221269296740995,-0.30860404896421845,0.7420718816067653,0.6428571428571429,0.09921473874962239,0.7914049413735343,0.18570718174204354,23,5,18,0.037953795379537955,0.016666666666666666,0.058823529411764705,448,272,176,1120.0,680.0,440.0,0.0,0,29,0,0.125,"psych_curve(xdata=array([-70.,  70.]), ydata=[0.078, 0.611], fit=[0.08, 0.08, 0.08, 0.08, 0.08, 0.08, 0.08, 0.08, 0.08, 0.08, 0.08, 0.08, 0.08, 0.08, 0.08, 0.08, 0.08, 0.08, 0.08, 0.08, 0.08, 0.08, 0.08, 0.08, 0.08, 0.08, 0.08, 0.08, 0.08, 0.08, 0.08, 0.08, 0.08, 0.08, 0.08, 0.08, 0.08, 0.08, 0.08, 0.08, 0.08, 0.08, 0.08, 0.08, 0.08, 0.08, 0.081, 0.086, 0.102, 0.161, 0.306, 0.48, 0.571, 0.6, 0.608, 0.609, 0.61, 0.61, 0.61, 0.61, 0.61, 0.61, 0.61, 0.61, 0.61, 0.61, 0.61, 0.61, 0.61, 0.61, 0.61, 0.61, 0.61, 0.61, 0.61, 0.61, 0.61, 0.61, 0.61, 0.61, 0.61, 0.61, 0.61, 0.61, 0.61, 0.61, 0.61, 0.61, 0.61, 0.61, 0.61, 0.61, 0.61, 0.61, 0.61, 0.61, 0.61, 0.61, 0.61, 0.61], params=[1.0, 1.0, 0.08, 0.39], fit_error=[0.016, 0.029])",[-70.  70.],"[0.078, 0.611]","[0.08, 0.08, 0.08, 0.08, 0.08, 0.08, 0.08, 0.08, 0.08, 0.08, 0.08, 0.08, 0.08, 0.08, 0.08, 0.08, 0.08, 0.08, 0.08, 0.08, 0.08, 0.08, 0.08, 0.08, 0.08, 0.08, 0.08, 0.08, 0.08, 0.08, 0.08, 0.08, 0.08, 0.08, 0.08, 0.08, 0.08, 0.08, 0.08, 0.08, 0.08, 0.08, 0.08, 0.08, 0.08, 0.08, 0.081, 0.086, 0.102, 0.161, 0.306, 0.48, 0.571, 0.6, 0.608, 0.609, 0.61, 0.61, 0.61, 0.61, 0.61, 0.61, 0.61, 0.61, 0.61, 0.61, 0.61, 0.61, 0.61, 0.61, 0.61, 0.61, 0.61, 0.61, 0.61, 0.61, 0.61, 0.61, 0.61, 0.61, 0.61, 0.61, 0.61, 0.61, 0.61, 0.61, 0.61, 0.61, 0.61, 0.61, 0.61, 0.61, 0.61, 0.61, 0.61, 0.61, 0.61, 0.61, 0.61, 0.61]","[0.016, 0.029]","[1.0, 1.0, 0.08, 0.39]",1.0,1.0,0.08,0.39,"psych_curve(xdata=array([-70.,  70.]), ydata=[0.601, 0.927], fit=[nan, nan, nan, nan, nan, nan, nan, nan, nan, nan, nan, nan, nan, nan, nan, nan, nan, nan, nan, nan, nan, nan, nan, nan, nan, nan, nan, nan, nan, nan, nan, nan, nan, nan, nan, nan, nan, nan, nan, nan, nan, nan, nan, nan, nan, nan, nan, nan, nan, nan, nan, nan, nan, nan, nan, nan, nan, nan, nan, nan, nan, nan, nan, nan, nan, nan, nan, nan, nan, nan, nan, nan, nan, nan, nan, nan, nan, nan, nan, nan, nan, nan, nan, nan, nan, nan, nan, nan, nan, nan, nan, nan, nan, nan, nan, nan, nan, nan, nan, nan], params=[1.0, 1.0, 0.6, 0.07], fit_error=[0.037, 0.013])",[-70.  70.],"[0.078, 0.611]","[0.08, 0.08, 0.08, 0.08, 0.08, 0.08, 0.08, 0.08, 0.08, 0.08, 0.08, 0.08, 0.08, 0.08, 0.08, 0.08, 0.08, 0.08, 0.08, 0.08, 0.08, 0.08, 0.08, 0.08, 0.08, 0.08, 0.08, 0.08, 0.08, 0.08, 0.08, 0.08, 0.08, 0.08, 0.08, 0.08, 0.08, 0.08, 0.08, 0.08, 0.08, 0.08, 0.08, 0.08, 0.08, 0.08, 0.081, 0.086, 0.102, 0.161, 0.306, 0.48, 0.571, 0.6, 0.608, 0.609, 0.61, 0.61, 0.61, 0.61, 0.61, 0.61, 0.61, 0.61, 0.61, 0.61, 0.61, 0.61, 0.61, 0.61, 0.61, 0.61, 0.61, 0.61, 0.61, 0.61, 0.61, 0.61, 0.61, 0.61, 0.61, 0.61, 0.61, 0.61, 0.61, 0.61, 0.61, 0.61, 0.61, 0.61, 0.61, 0.61, 0.61, 0.61, 0.61, 0.61, 0.61, 0.61, 0.61, 0.61]","[0.016, 0.029]","[1.0, 1.0, 0.6, 0.07]",1.0,1.0,0.6,0.07
2023-05-17,2,873,['Bpod1'],607,307,300,234,357,398,163,235,335,54,193,133,60,0.6556836902800659,0.5309446254071661,0.7833333333333333,591,296,295,496,186,310,0.7948717948717948,0.8683473389355743,81,40,41,0.17094017094017094,0.11484593837535013,0.6734348561759729,0.5506756756756757,0.7966101694915254,0.6734348561759729,0.24593449381584975,0.6754032258064516,0.6666666666666666,0.008736559139784994,0.8316095669036845,0.14289305465776053,16,11,5,0.026359143327841845,0.035830618892508145,0.016666666666666666,421,180,241,1052.5,450.0,602.5,0.0,0,0,0,0.125,"psych_curve(xdata=array([-70.,  70.]), ydata=[0.392, 0.817], fit=[0.39, 0.39, 0.39, 0.39, 0.39, 0.39, 0.39, 0.39, 0.39, 0.39, 0.39, 0.39, 0.39, 0.39, 0.39, 0.39, 0.39, 0.39, 0.39, 0.39, 0.39, 0.39, 0.39, 0.39, 0.39, 0.39, 0.39, 0.39, 0.39, 0.39, 0.39, 0.39, 0.39, 0.39, 0.39, 0.39, 0.39, 0.39, 0.39, 0.39, 0.39, 0.39, 0.39, 0.39, 0.39, 0.39, 0.391, 0.395, 0.408, 0.456, 0.574, 0.714, 0.788, 0.812, 0.818, 0.82, 0.82, 0.82, 0.82, 0.82, 0.82, 0.82, 0.82, 0.82, 0.82, 0.82, 0.82, 0.82, 0.82, 0.82, 0.82, 0.82, 0.82, 0.82, 0.82, 0.82, 0.82, 0.82, 0.82, 0.82, 0.82, 0.82, 0.82, 0.82, 0.82, 0.82, 0.82, 0.82, 0.82, 0.82, 0.82, 0.82, 0.82, 0.82, 0.82, 0.82, 0.82, 0.82, 0.82, 0.82], params=[1.0, 1.0, 0.39, 0.18], fit_error=[0.028, 0.023])",[-70.  70.],"[0.392, 0.817]","[0.39, 0.39, 0.39, 0.39, 0.39, 0.39, 0.39, 0.39, 0.39, 0.39, 0.39, 0.39, 0.39, 0.39, 0.39, 0.39, 0.39, 0.39, 0.39, 0.39, 0.39, 0.39, 0.39, 0.39, 0.39, 0.39, 0.39, 0.39, 0.39, 0.39, 0.39, 0.39, 0.39, 0.39, 0.39, 0.39, 0.39, 0.39, 0.39, 0.39, 0.39, 0.39, 0.39, 0.39, 0.39, 0.39, 0.391, 0.395, 0.408, 0.456, 0.574, 0.714, 0.788, 0.812, 0.818, 0.82, 0.82, 0.82, 0.82, 0.82, 0.82, 0.82, 0.82, 0.82, 0.82, 0.82, 0.82, 0.82, 0.82, 0.82, 0.82, 0.82, 0.82, 0.82, 0.82, 0.82, 0.82, 0.82, 0.82, 0.82, 0.82, 0.82, 0.82, 0.82, 0.82, 0.82, 0.82, 0.82, 0.82, 0.82, 0.82, 0.82, 0.82, 0.82, 0.82, 0.82, 0.82, 0.82, 0.82, 0.82]","[0.028, 0.023]","[1.0, 1.0, 0.39, 0.18]",1.0,1.0,0.39,0.18,"psych_curve(xdata=array([-70.,  70.]), ydata=[0.712, 0.943], fit=[nan, nan, nan, nan, nan, nan, nan, nan, nan, nan, nan, nan, nan, nan, nan, nan, nan, nan, nan, nan, nan, nan, nan, nan, nan, nan, nan, nan, nan, nan, nan, nan, nan, nan, nan, nan, nan, nan, nan, nan, nan, nan, nan, nan, nan, nan, nan, nan, nan, nan, nan, nan, nan, nan, nan, nan, nan, nan, nan, nan, nan, nan, nan, nan, nan, nan, nan, nan, nan, nan, nan, nan, nan, nan, nan, nan, nan, nan, nan, nan, nan, nan, nan, nan, nan, nan, nan, nan, nan, nan, nan, nan, nan, nan, nan, nan, nan, nan, nan, nan], params=[1.0, 1.0, 0.71, 0.06], fit_error=[0.031, 0.012])",[-70.  70.],"[0.392, 0.817]","[0.39, 0.39, 0.39, 0.39, 0.39, 0.39, 0.39, 0.39, 0.39, 0.39, 0.39, 0.39, 0.39, 0.39, 0.39, 0.39, 0.39, 0.39, 0.39, 0.39, 0.39, 0.39, 0.39, 0.39, 0.39, 0.39, 0.39, 0.39, 0.39, 0.39, 0.39, 0.39, 0.39, 0.39, 0.39, 0.39, 0.39, 0.39, 0.39, 0.39, 0.39, 0.39, 0.39, 0.39, 0.39, 0.39, 0.391, 0.395, 0.408, 0.456, 0.574, 0.714, 0.788, 0.812, 0.818, 0.82, 0.82, 0.82, 0.82, 0.82, 0.82, 0.82, 0.82, 0.82, 0.82, 0.82, 0.82, 0.82, 0.82, 0.82, 0.82, 0.82, 0.82, 0.82, 0.82, 0.82, 0.82, 0.82, 0.82, 0.82, 0.82, 0.82, 0.82, 0.82, 0.82, 0.82, 0.82, 0.82, 0.82, 0.82, 0.82, 0.82, 0.82, 0.82, 0.82, 0.82, 0.82, 0.82, 0.82, 0.82]","[0.028, 0.023]","[1.0, 1.0, 0.71, 0.06]",1.0,1.0,0.71,0.06
2023-05-18,3,873,['Bpod1'],576,290,286,235,305,384,175,209,319,43,156,99,57,0.6666666666666666,0.603448275862069,0.7307692307692307,540,274,266,436,181,255,0.7702127659574468,0.8360655737704918,76,39,37,0.16595744680851063,0.12131147540983607,0.7111111111111111,0.6386861313868614,0.7857142857142857,0.7111111111111111,0.14702815432742433,0.731651376146789,0.5657894736842105,0.16586190246257848,0.8031391698639694,0.14363446110917336,36,16,20,0.0625,0.05517241379310345,0.06993006993006994,421,195,226,1052.5,487.5,565.0,0.0,0,0,0,0.125,"psych_curve(xdata=array([-70.,  70.]), ydata=[0.288, 0.85], fit=[0.29, 0.29, 0.29, 0.29, 0.29, 0.29, 0.29, 0.29, 0.29, 0.29, 0.29, 0.29, 0.29, 0.29, 0.29, 0.29, 0.29, 0.29, 0.29, 0.29, 0.29, 0.29, 0.29, 0.29, 0.29, 0.29, 0.29, 0.29, 0.29, 0.29, 0.29, 0.29, 0.29, 0.29, 0.29, 0.29, 0.29, 0.29, 0.29, 0.29, 0.29, 0.29, 0.29, 0.29, 0.29, 0.29, 0.291, 0.296, 0.314, 0.376, 0.529, 0.712, 0.809, 0.839, 0.847, 0.849, 0.85, 0.85, 0.85, 0.85, 0.85, 0.85, 0.85, 0.85, 0.85, 0.85, 0.85, 0.85, 0.85, 0.85, 0.85, 0.85, 0.85, 0.85, 0.85, 0.85, 0.85, 0.85, 0.85, 0.85, 0.85, 0.85, 0.85, 0.85, 0.85, 0.85, 0.85, 0.85, 0.85, 0.85, 0.85, 0.85, 0.85, 0.85, 0.85, 0.85, 0.85, 0.85, 0.85, 0.85], params=[1.0, 1.0, 0.29, 0.15], fit_error=[0.027, 0.022])",[-70.  70.],"[0.288, 0.85]","[0.29, 0.29, 0.29, 0.29, 0.29, 0.29, 0.29, 0.29, 0.29, 0.29, 0.29, 0.29, 0.29, 0.29, 0.29, 0.29, 0.29, 0.29, 0.29, 0.29, 0.29, 0.29, 0.29, 0.29, 0.29, 0.29, 0.29, 0.29, 0.29, 0.29, 0.29, 0.29, 0.29, 0.29, 0.29, 0.29, 0.29, 0.29, 0.29, 0.29, 0.29, 0.29, 0.29, 0.29, 0.29, 0.29, 0.291, 0.296, 0.314, 0.376, 0.529, 0.712, 0.809, 0.839, 0.847, 0.849, 0.85, 0.85, 0.85, 0.85, 0.85, 0.85, 0.85, 0.85, 0.85, 0.85, 0.85, 0.85, 0.85, 0.85, 0.85, 0.85, 0.85, 0.85, 0.85, 0.85, 0.85, 0.85, 0.85, 0.85, 0.85, 0.85, 0.85, 0.85, 0.85, 0.85, 0.85, 0.85, 0.85, 0.85, 0.85, 0.85, 0.85, 0.85, 0.85, 0.85, 0.85, 0.85, 0.85, 0.85]","[0.027, 0.022]","[1.0, 1.0, 0.29, 0.15]",1.0,1.0,0.29,0.15,"psych_curve(xdata=array([-70.,  70.]), ydata=[0.628, 0.949], fit=[nan, nan, nan, nan, nan, nan, nan, nan, nan, nan, nan, nan, nan, nan, nan, nan, nan, nan, nan, nan, nan, nan, nan, nan, nan, nan, nan, nan, nan, nan, nan, nan, nan, nan, nan, nan, nan, nan, nan, nan, nan, nan, nan, nan, nan, nan, nan, nan, nan, nan, nan, nan, nan, nan, nan, nan, nan, nan, nan, nan, nan, nan, nan, nan, nan, nan, nan, nan, nan, nan, nan, nan, nan, nan, nan, nan, nan, nan, nan, nan, nan, nan, nan, nan, nan, nan, nan, nan, nan, nan, nan, nan, nan, nan, nan, nan, nan, nan, nan, nan], params=[1.0, 1.0, 0.63, 0.05], fit_error=[0.039, 0.012])",[-70.  70.],"[0.288, 0.85]","[0.29, 0.29, 0.29, 0.29, 0.29, 0.29, 0.29, 0.29, 0.29, 0.29, 0.29, 0.29, 0.29, 0.29, 0.29, 0.29, 0.29, 0.29, 0.29, 0.29, 0.29, 0.29, 0.29, 0.29, 0.29, 0.29, 0.29, 0.29, 0.29, 0.29, 0.29, 0.29, 0.29, 0.29, 0.29, 0.29, 0.29, 0.29, 0.29, 0.29, 0.29, 0.29, 0.29, 0.29, 0.29, 0.29, 0.291, 0.296, 0.314, 0.376, 0.529, 0.712, 0.809, 0.839, 0.847, 0.849, 0.85, 0.85, 0.85, 0.85, 0.85, 0.85, 0.85, 0.85, 0.85, 0.85, 0.85, 0.85, 0.85, 0.85, 0.85, 0.85, 0.85, 0.85, 0.85, 0.85, 0.85, 0.85, 0.85, 0.85, 0.85, 0.85, 0.85, 0.85, 0.85, 0.85, 0.85, 0.85, 0.85, 0.85, 0.85, 0.85, 0.85, 0.85, 0.85, 0.85, 0.85, 0.85, 0.85, 0.85]","[0.027, 0.022]","[1.0, 1.0, 0.63, 0.05]",1.0,1.0,0.63,0.05
2023-05-19,4,873,['Bpod1'],528,268,260,286,204,384,220,164,322,53,106,26,80,0.7272727272727273,0.8208955223880597,0.6307692307692307,490,246,244,397,240,157,0.8391608391608392,0.7696078431372549,80,40,40,0.13986013986013987,0.19607843137254902,0.7836734693877551,0.8943089430894309,0.6721311475409836,0.7836734693877551,-0.2221777955484473,0.8110831234256927,0.6625,0.1485831234256927,0.804384341149047,0.16796928561634444,38,22,16,0.07196969696969698,0.08208955223880597,0.06153846153846154,404,223,181,1010.0,557.5,452.5,0.0,0,0,0,0.125,"psych_curve(xdata=array([-70.,  70.]), ydata=[0.093, 0.742], fit=[0.09, 0.09, 0.09, 0.09, 0.09, 0.09, 0.09, 0.09, 0.09, 0.09, 0.09, 0.09, 0.09, 0.09, 0.09, 0.09, 0.09, 0.09, 0.09, 0.09, 0.09, 0.09, 0.09, 0.09, 0.09, 0.09, 0.09, 0.09, 0.09, 0.09, 0.09, 0.09, 0.09, 0.09, 0.09, 0.09, 0.09, 0.09, 0.09, 0.09, 0.09, 0.09, 0.09, 0.09, 0.09, 0.09, 0.092, 0.097, 0.117, 0.19, 0.368, 0.58, 0.692, 0.728, 0.737, 0.739, 0.74, 0.74, 0.74, 0.74, 0.74, 0.74, 0.74, 0.74, 0.74, 0.74, 0.74, 0.74, 0.74, 0.74, 0.74, 0.74, 0.74, 0.74, 0.74, 0.74, 0.74, 0.74, 0.74, 0.74, 0.74, 0.74, 0.74, 0.74, 0.74, 0.74, 0.74, 0.74, 0.74, 0.74, 0.74, 0.74, 0.74, 0.74, 0.74, 0.74, 0.74, 0.74, 0.74, 0.74], params=[1.0, 1.0, 0.09, 0.26], fit_error=[0.019, 0.028])",[-70.  70.],"[0.093, 0.742]","[0.09, 0.09, 0.09, 0.09, 0.09, 0.09, 0.09, 0.09, 0.09, 0.09, 0.09, 0.09, 0.09, 0.09, 0.09, 0.09, 0.09, 0.09, 0.09, 0.09, 0.09, 0.09, 0.09, 0.09, 0.09, 0.09, 0.09, 0.09, 0.09, 0.09, 0.09, 0.09, 0.09, 0.09, 0.09, 0.09, 0.09, 0.09, 0.09, 0.09, 0.09, 0.09, 0.09, 0.09, 0.09, 0.09, 0.092, 0.097, 0.117, 0.19, 0.368, 0.58, 0.692, 0.728, 0.737, 0.739, 0.74, 0.74, 0.74, 0.74, 0.74, 0.74, 0.74, 0.74, 0.74, 0.74, 0.74, 0.74, 0.74, 0.74, 0.74, 0.74, 0.74, 0.74, 0.74, 0.74, 0.74, 0.74, 0.74, 0.74, 0.74, 0.74, 0.74, 0.74, 0.74, 0.74, 0.74, 0.74, 0.74, 0.74, 0.74, 0.74, 0.74, 0.74, 0.74, 0.74, 0.74, 0.74, 0.74, 0.74]","[0.019, 0.028]","[1.0, 1.0, 0.09, 0.26]",1.0,1.0,0.09,0.26,"psych_curve(xdata=array([-70.,  70.]), ydata=[0.519, 0.948], fit=[nan, nan, nan, nan, nan, nan, nan, nan, nan, nan, nan, nan, nan, nan, nan, nan, nan, nan, nan, nan, nan, nan, nan, nan, nan, nan, nan, nan, nan, nan, nan, nan, nan, nan, nan, nan, nan, nan, nan, nan, nan, nan, nan, nan, nan, nan, nan, nan, nan, nan, nan, nan, nan, nan, nan, nan, nan, nan, nan, nan, nan, nan, nan, nan, nan, nan, nan, nan, nan, nan, nan, nan, nan, nan, nan, nan, nan, nan, nan, nan, nan, nan, nan, nan, nan, nan, nan, nan, nan, nan, nan, nan, nan, nan, nan, nan, nan, nan, nan, nan], params=[1.0, 1.0, 0.52, 0.05], fit_error=[0.044, 0.012])",[-70.  70.],"[0.093, 0.742]","[0.09, 0.09, 0.09, 0.09, 0.09, 0.09, 0.09, 0.09, 0.09, 0.09, 0.09, 0.09, 0.09, 0.09, 0.09, 0.09, 0.09, 0.09, 0.09, 0.09, 0.09, 0.09, 0.09, 0.09, 0.09, 0.09, 0.09, 0.09, 0.09, 0.09, 0.09, 0.09, 0.09, 0.09, 0.09, 0.09, 0.09, 0.09, 0.09, 0.09, 0.09, 0.09, 0.09, 0.09, 0.09, 0.09, 0.092, 0.097, 0.117, 0.19, 0.368, 0.58, 0.692, 0.728, 0.737, 0.739, 0.74, 0.74, 0.74, 0.74, 0.74, 0.74, 0.74, 0.74, 0.74, 0.74, 0.74, 0.74, 0.74, 0.74, 0.74, 0.74, 0.74, 0.74, 0.74, 0.74, 0.74, 0.74, 0.74, 0.74, 0.74, 0.74, 0.74, 0.74, 0.74, 0.74, 0.74, 0.74, 0.74, 0.74, 0.74, 0.74, 0.74, 0.74, 0.74, 0.74, 0.74, 0.74, 0.74, 0.74]","[0.019, 0.028]","[1.0, 1.0, 0.52, 0.05]",1.0,1.0,0.52,0.05
2023-05-22,0,873,['Bpod1'],468,230,238,257,178,363,211,152,314,39,72,8,64,0.7756410256410257,0.9173913043478261,0.6386554621848739,435,219,216,358,219,139,0.8521400778210116,0.7808988764044944,61,31,30,0.12062256809338522,0.16853932584269662,0.8344827586206897,0.9634703196347032,0.7037037037037037,0.8344827586206897,-0.2597666159309995,0.8770949720670391,0.639344262295082,0.2377507097719571,0.8165194771127531,0.1445809469680409,33,11,22,0.07051282051282051,0.04782608695652174,0.09243697478991597,389,215,174,972.5,537.5,435.0,0.0,0,0,0,0.125,"psych_curve(xdata=array([-70.,  70.]), ydata=[0.018, 0.806], fit=[0.02, 0.02, 0.02, 0.02, 0.02, 0.02, 0.02, 0.02, 0.02, 0.02, 0.02, 0.02, 0.02, 0.02, 0.02, 0.02, 0.02, 0.02, 0.02, 0.02, 0.02, 0.02, 0.02, 0.02, 0.02, 0.02, 0.02, 0.02, 0.02, 0.02, 0.02, 0.02, 0.02, 0.02, 0.02, 0.02, 0.02, 0.02, 0.02, 0.02, 0.02, 0.02, 0.02, 0.02, 0.02, 0.021, 0.022, 0.028, 0.053, 0.141, 0.358, 0.616, 0.752, 0.795, 0.806, 0.809, 0.81, 0.81, 0.81, 0.81, 0.81, 0.81, 0.81, 0.81, 0.81, 0.81, 0.81, 0.81, 0.81, 0.81, 0.81, 0.81, 0.81, 0.81, 0.81, 0.81, 0.81, 0.81, 0.81, 0.81, 0.81, 0.81, 0.81, 0.81, 0.81, 0.81, 0.81, 0.81, 0.81, 0.81, 0.81, 0.81, 0.81, 0.81, 0.81, 0.81, 0.81, 0.81, 0.81, 0.81], params=[1.0, 1.0, 0.02, 0.19], fit_error=[0.009, 0.027])",[-70.  70.],"[0.018, 0.806]","[0.02, 0.02, 0.02, 0.02, 0.02, 0.02, 0.02, 0.02, 0.02, 0.02, 0.02, 0.02, 0.02, 0.02, 0.02, 0.02, 0.02, 0.02, 0.02, 0.02, 0.02, 0.02, 0.02, 0.02, 0.02, 0.02, 0.02, 0.02, 0.02, 0.02, 0.02, 0.02, 0.02, 0.02, 0.02, 0.02, 0.02, 0.02, 0.02, 0.02, 0.02, 0.02, 0.02, 0.02, 0.02, 0.021, 0.022, 0.028, 0.053, 0.141, 0.358, 0.616, 0.752, 0.795, 0.806, 0.809, 0.81, 0.81, 0.81, 0.81, 0.81, 0.81, 0.81, 0.81, 0.81, 0.81, 0.81, 0.81, 0.81, 0.81, 0.81, 0.81, 0.81, 0.81, 0.81, 0.81, 0.81, 0.81, 0.81, 0.81, 0.81, 0.81, 0.81, 0.81, 0.81, 0.81, 0.81, 0.81, 0.81, 0.81, 0.81, 0.81, 0.81, 0.81, 0.81, 0.81, 0.81, 0.81, 0.81, 0.81]","[0.009, 0.027]","[1.0, 1.0, 0.02, 0.19]",1.0,1.0,0.02,0.19,"psych_curve(xdata=array([-70.,  70.]), ydata=[0.393, 0.97], fit=[nan, nan, nan, nan, nan, nan, nan, nan, nan, nan, nan, nan, nan, nan, nan, nan, nan, nan, nan, nan, nan, nan, nan, nan, nan, nan, nan, nan, nan, nan, nan, nan, nan, nan, nan, nan, nan, nan, nan, nan, nan, nan, nan, nan, nan, nan, nan, nan, nan, nan, nan, nan, nan, nan, nan, nan, nan, nan, nan, nan, nan, nan, nan, nan, nan, nan, nan, nan, nan, nan, nan, nan, nan, nan, nan, nan, nan, nan, nan, nan, nan, nan, nan, nan, nan, nan, nan, nan, nan, nan, nan, nan, nan, nan, nan, nan, nan, nan, nan, nan], params=[1.0, 1.0, 0.39, 0.03], fit_error=[0.054, 0.009])",[-70.  70.],"[0.018, 0.806]","[0.02, 0.02, 0.02, 0.02, 0.02, 0.02, 0.02, 0.02, 0.02, 0.02, 0.02, 0.02, 0.02, 0.02, 0.02, 0.02, 0.02, 0.02, 0.02, 0.02, 0.02, 0.02, 0.02, 0.02, 0.02, 0.02, 0.02, 0.02, 0.02, 0.02, 0.02, 0.02, 0.02, 0.02, 0.02, 0.02, 0.02, 0.02, 0.02, 0.02, 0.02, 0.02, 0.02, 0.02, 0.02, 0.021, 0.022, 0.028, 0.053, 0.141, 0.358, 0.616, 0.752, 0.795, 0.806, 0.809, 0.81, 0.81, 0.81, 0.81, 0.81, 0.81, 0.81, 0.81, 0.81, 0.81, 0.81, 0.81, 0.81, 0.81, 0.81, 0.81, 0.81, 0.81, 0.81, 0.81, 0.81, 0.81, 0.81, 0.81, 0.81, 0.81, 0.81, 0.81, 0.81, 0.81, 0.81, 0.81, 0.81, 0.81, 0.81, 0.81, 0.81, 0.81, 0.81, 0.81, 0.81, 0.81, 0.81, 0.81]","[0.009, 0.027]","[1.0, 1.0, 0.39, 0.03]",1.0,1.0,0.39,0.03
2023-05-23,1,873,['Bpod1'],371,185,186,229,123,269,168,101,198,62,83,13,70,0.7250673854447439,0.9081081081081082,0.543010752688172,352,181,171,269,186,83,0.8122270742358079,0.6747967479674797,74,39,35,0.1703056768558952,0.2845528455284553,0.7642045454545454,0.9281767955801105,0.5906432748538012,0.7642045454545454,-0.33753352072630927,0.7360594795539034,0.8378378378378378,-0.10177835828393444,0.7435119111016437,0.22742926119217524,19,4,15,0.05121293800539083,0.021621621621621623,0.08064516129032258,280,169,111,700.0,422.5,277.5,0.0,0,0,0,0.125,"psych_curve(xdata=array([-70.,  70.]), ydata=[0.066, 0.649], fit=[0.07, 0.07, 0.07, 0.07, 0.07, 0.07, 0.07, 0.07, 0.07, 0.07, 0.07, 0.07, 0.07, 0.07, 0.07, 0.07, 0.07, 0.07, 0.07, 0.07, 0.07, 0.07, 0.07, 0.07, 0.07, 0.07, 0.07, 0.07, 0.07, 0.07, 0.07, 0.07, 0.07, 0.07, 0.07, 0.07, 0.07, 0.07, 0.07, 0.07, 0.07, 0.07, 0.07, 0.07, 0.07, 0.07, 0.072, 0.076, 0.094, 0.159, 0.318, 0.507, 0.607, 0.639, 0.647, 0.649, 0.65, 0.65, 0.65, 0.65, 0.65, 0.65, 0.65, 0.65, 0.65, 0.65, 0.65, 0.65, 0.65, 0.65, 0.65, 0.65, 0.65, 0.65, 0.65, 0.65, 0.65, 0.65, 0.65, 0.65, 0.65, 0.65, 0.65, 0.65, 0.65, 0.65, 0.65, 0.65, 0.65, 0.65, 0.65, 0.65, 0.65, 0.65, 0.65, 0.65, 0.65, 0.65, 0.65, 0.65], params=[1.0, 1.0, 0.07, 0.35], fit_error=[0.019, 0.037])",[-70.  70.],"[0.066, 0.649]","[0.07, 0.07, 0.07, 0.07, 0.07, 0.07, 0.07, 0.07, 0.07, 0.07, 0.07, 0.07, 0.07, 0.07, 0.07, 0.07, 0.07, 0.07, 0.07, 0.07, 0.07, 0.07, 0.07, 0.07, 0.07, 0.07, 0.07, 0.07, 0.07, 0.07, 0.07, 0.07, 0.07, 0.07, 0.07, 0.07, 0.07, 0.07, 0.07, 0.07, 0.07, 0.07, 0.07, 0.07, 0.07, 0.07, 0.072, 0.076, 0.094, 0.159, 0.318, 0.507, 0.607, 0.639, 0.647, 0.649, 0.65, 0.65, 0.65, 0.65, 0.65, 0.65, 0.65, 0.65, 0.65, 0.65, 0.65, 0.65, 0.65, 0.65, 0.65, 0.65, 0.65, 0.65, 0.65, 0.65, 0.65, 0.65, 0.65, 0.65, 0.65, 0.65, 0.65, 0.65, 0.65, 0.65, 0.65, 0.65, 0.65, 0.65, 0.65, 0.65, 0.65, 0.65, 0.65, 0.65, 0.65, 0.65, 0.65, 0.65]","[0.019, 0.037]","[1.0, 1.0, 0.07, 0.35]",1.0,1.0,0.07,0.35,"psych_curve(xdata=array([-70.,  70.]), ydata=[0.492, 0.958], fit=[nan, nan, nan, nan, nan, nan, nan, nan, nan, nan, nan, nan, nan, nan, nan, nan, nan, nan, nan, nan, nan, nan, nan, nan, nan, nan, nan, nan, nan, nan, nan, nan, nan, nan, nan, nan, nan, nan, nan, nan, nan, nan, nan, nan, nan, nan, nan, nan, nan, nan, nan, nan, nan, nan, nan, nan, nan, nan, nan, nan, nan, nan, nan, nan, nan, nan, nan, nan, nan, nan, nan, nan, nan, nan, nan, nan, nan, nan, nan, nan, nan, nan, nan, nan, nan, nan, nan, nan, nan, nan, nan, nan, nan, nan, nan, nan, nan, nan, nan, nan], params=[1.0, 1.0, 0.49, 0.04], fit_error=[0.044, 0.014])",[-70.  70.],"[0.066, 0.649]","[0.07, 0.07, 0.07, 0.07, 0.07, 0.07, 0.07, 0.07, 0.07, 0.07, 0.07, 0.07, 0.07, 0.07, 0.07, 0.07, 0.07, 0.07, 0.07, 0.07, 0.07, 0.07, 0.07, 0.07, 0.07, 0.07, 0.07, 0.07, 0.07, 0.07, 0.07, 0.07, 0.07, 0.07, 0.07, 0.07, 0.07, 0.07, 0.07, 0.07, 0.07, 0.07, 0.07, 0.07, 0.07, 0.07, 0.072, 0.076, 0.094, 0.159, 0.318, 0.507, 0.607, 0.639, 0.647, 0.649, 0.65, 0.65, 0.65, 0.65, 0.65, 0.65, 0.65, 0.65, 0.65, 0.65, 0.65, 0.65, 0.65, 0.65, 0.65, 0.65, 0.65, 0.65, 0.65, 0.65, 0.65, 0.65, 0.65, 0.65, 0.65, 0.65, 0.65, 0.65, 0.65, 0.65, 0.65, 0.65, 0.65, 0.65, 0.65, 0.65, 0.65, 0.65, 0.65, 0.65, 0.65, 0.65, 0.65, 0.65]","[0.019, 0.037]","[1.0, 1.0, 0.49, 0.04]",1.0,1.0,0.49,0.04
2023-05-24,2,873,['Bpod1'],383,193,190,216,153,289,166,123,217,67,80,23,57,0.7545691906005222,0.8601036269430051,0.6473684210526316,369,189,180,288,175,113,0.8101851851851852,0.738562091503268,75,37,38,0.1712962962962963,0.24836601307189543,0.7831978319783198,0.8783068783068783,0.6833333333333333,0.7831978319783198,-0.1949735449735449,0.7534722222222222,0.8933333333333333,-0.1398611111111111,0.7743736383442266,0.20983115468409586,14,4,10,0.03655352480417755,0.02072538860103627,0.05263157894736842,298,167,131,745.0,417.5,327.5,0.0,0,0,0,0.125,"psych_curve(xdata=array([-70.,  70.]), ydata=[0.116, 0.728], fit=[0.12, 0.12, 0.12, 0.12, 0.12, 0.12, 0.12, 0.12, 0.12, 0.12, 0.12, 0.12, 0.12, 0.12, 0.12, 0.12, 0.12, 0.12, 0.12, 0.12, 0.12, 0.12, 0.12, 0.12, 0.12, 0.12, 0.12, 0.12, 0.12, 0.12, 0.12, 0.12, 0.12, 0.12, 0.12, 0.12, 0.12, 0.12, 0.12, 0.12, 0.12, 0.12, 0.12, 0.12, 0.12, 0.12, 0.122, 0.126, 0.146, 0.214, 0.381, 0.58, 0.685, 0.718, 0.727, 0.729, 0.73, 0.73, 0.73, 0.73, 0.73, 0.73, 0.73, 0.73, 0.73, 0.73, 0.73, 0.73, 0.73, 0.73, 0.73, 0.73, 0.73, 0.73, 0.73, 0.73, 0.73, 0.73, 0.73, 0.73, 0.73, 0.73, 0.73, 0.73, 0.73, 0.73, 0.73, 0.73, 0.73, 0.73, 0.73, 0.73, 0.73, 0.73, 0.73, 0.73, 0.73, 0.73, 0.73, 0.73], params=[1.0, 1.0, 0.12, 0.27], fit_error=[0.023, 0.033])",[-70.  70.],"[0.116, 0.728]","[0.12, 0.12, 0.12, 0.12, 0.12, 0.12, 0.12, 0.12, 0.12, 0.12, 0.12, 0.12, 0.12, 0.12, 0.12, 0.12, 0.12, 0.12, 0.12, 0.12, 0.12, 0.12, 0.12, 0.12, 0.12, 0.12, 0.12, 0.12, 0.12, 0.12, 0.12, 0.12, 0.12, 0.12, 0.12, 0.12, 0.12, 0.12, 0.12, 0.12, 0.12, 0.12, 0.12, 0.12, 0.12, 0.12, 0.122, 0.126, 0.146, 0.214, 0.381, 0.58, 0.685, 0.718, 0.727, 0.729, 0.73, 0.73, 0.73, 0.73, 0.73, 0.73, 0.73, 0.73, 0.73, 0.73, 0.73, 0.73, 0.73, 0.73, 0.73, 0.73, 0.73, 0.73, 0.73, 0.73, 0.73, 0.73, 0.73, 0.73, 0.73, 0.73, 0.73, 0.73, 0.73, 0.73, 0.73, 0.73, 0.73, 0.73, 0.73, 0.73, 0.73, 0.73, 0.73, 0.73, 0.73, 0.73, 0.73, 0.73]","[0.023, 0.033]","[1.0, 1.0, 0.12, 0.27]",1.0,1.0,0.12,0.27,"psych_curve(xdata=array([-70.,  70.]), ydata=[0.482, 0.987], fit=[nan, nan, nan, nan, nan, nan, nan, nan, nan, nan, nan, nan, nan, nan, nan, nan, nan, nan, nan, nan, nan, nan, nan, nan, nan, nan, nan, nan, nan, nan, nan, nan, nan, nan, nan, nan, nan, nan, nan, nan, nan, nan, nan, nan, nan, nan, nan, nan, nan, nan, nan, nan, nan, nan, nan, nan, nan, nan, nan, nan, nan, nan, nan, nan, nan, nan, nan, nan, nan, nan, nan, nan, nan, nan, nan, nan, nan, nan, nan, nan, nan, nan, nan, nan, nan, nan, nan, nan, nan, nan, nan, nan, nan, nan, nan, nan, nan, nan, nan, nan], params=[1.0, 1.0, 0.48, 0.01], fit_error=[0.043, 0.008])",[-70.  70.],"[0.116, 0.728]","[0.12, 0.12, 0.12, 0.12, 0.12, 0.12, 0.12, 0.12, 0.12, 0.12, 0.12, 0.12, 0.12, 0.12, 0.12, 0.12, 0.12, 0.12, 0.12, 0.12, 0.12, 0.12, 0.12, 0.12, 0.12, 0.12, 0.12, 0.12, 0.12, 0.12, 0.12, 0.12, 0.12, 0.12, 0.12, 0.12, 0.12, 0.12, 0.12, 0.12, 0.12, 0.12, 0.12, 0.12, 0.12, 0.12, 0.122, 0.126, 0.146, 0.214, 0.381, 0.58, 0.685, 0.718, 0.727, 0.729, 0.73, 0.73, 0.73, 0.73, 0.73, 0.73, 0.73, 0.73, 0.73, 0.73, 0.73, 0.73, 0.73, 0.73, 0.73, 0.73, 0.73, 0.73, 0.73, 0.73, 0.73, 0.73, 0.73, 0.73, 0.73, 0.73, 0.73, 0.73, 0.73, 0.73, 0.73, 0.73, 0.73, 0.73, 0.73, 0.73, 0.73, 0.73, 0.73, 0.73, 0.73, 0.73, 0.73, 0.73]","[0.023, 0.033]","[1.0, 1.0, 0.48, 0.01]",1.0,1.0,0.48,0.01
2023-05-25,3,873,['Bpod1'],432,217,215,234,177,323,181,142,239,70,88,29,59,0.7476851851851852,0.8341013824884793,0.6604651162790698,411,210,201,305,181,124,0.7735042735042735,0.7005649717514124,89,44,45,0.18803418803418803,0.2542372881355932,0.7858880778588808,0.861904761904762,0.7064676616915423,0.7858880778588808,-0.15543710021321966,0.7836065573770492,0.7865168539325843,-0.002910296555535097,0.737034622627843,0.22113573808489062,21,7,14,0.04861111111111111,0.03225806451612903,0.06511627906976744,335,184,151,837.5,460.0,377.5,0.0,0,0,0,0.125,"psych_curve(xdata=array([-70.,  70.]), ydata=[0.124, 0.751], fit=[0.12, 0.12, 0.12, 0.12, 0.12, 0.12, 0.12, 0.12, 0.12, 0.12, 0.12, 0.12, 0.12, 0.12, 0.12, 0.12, 0.12, 0.12, 0.12, 0.12, 0.12, 0.12, 0.12, 0.12, 0.12, 0.12, 0.12, 0.12, 0.12, 0.12, 0.12, 0.12, 0.12, 0.12, 0.12, 0.12, 0.12, 0.12, 0.12, 0.12, 0.12, 0.12, 0.12, 0.12, 0.12, 0.12, 0.122, 0.127, 0.147, 0.217, 0.389, 0.595, 0.704, 0.738, 0.747, 0.749, 0.75, 0.75, 0.75, 0.75, 0.75, 0.75, 0.75, 0.75, 0.75, 0.75, 0.75, 0.75, 0.75, 0.75, 0.75, 0.75, 0.75, 0.75, 0.75, 0.75, 0.75, 0.75, 0.75, 0.75, 0.75, 0.75, 0.75, 0.75, 0.75, 0.75, 0.75, 0.75, 0.75, 0.75, 0.75, 0.75, 0.75, 0.75, 0.75, 0.75, 0.75, 0.75, 0.75, 0.75], params=[1.0, 1.0, 0.12, 0.25], fit_error=[0.023, 0.031])",[-70.  70.],"[0.124, 0.751]","[0.12, 0.12, 0.12, 0.12, 0.12, 0.12, 0.12, 0.12, 0.12, 0.12, 0.12, 0.12, 0.12, 0.12, 0.12, 0.12, 0.12, 0.12, 0.12, 0.12, 0.12, 0.12, 0.12, 0.12, 0.12, 0.12, 0.12, 0.12, 0.12, 0.12, 0.12, 0.12, 0.12, 0.12, 0.12, 0.12, 0.12, 0.12, 0.12, 0.12, 0.12, 0.12, 0.12, 0.12, 0.12, 0.12, 0.122, 0.127, 0.147, 0.217, 0.389, 0.595, 0.704, 0.738, 0.747, 0.749, 0.75, 0.75, 0.75, 0.75, 0.75, 0.75, 0.75, 0.75, 0.75, 0.75, 0.75, 0.75, 0.75, 0.75, 0.75, 0.75, 0.75, 0.75, 0.75, 0.75, 0.75, 0.75, 0.75, 0.75, 0.75, 0.75, 0.75, 0.75, 0.75, 0.75, 0.75, 0.75, 0.75, 0.75, 0.75, 0.75, 0.75, 0.75, 0.75, 0.75, 0.75, 0.75, 0.75, 0.75]","[0.023, 0.031]","[1.0, 1.0, 0.12, 0.25]",1.0,1.0,0.12,0.25,"psych_curve(xdata=array([-70.,  70.]), ydata=[0.444, 0.96], fit=[nan, nan, nan, nan, nan, nan, nan, nan, nan, nan, nan, nan, nan, nan, nan, nan, nan, nan, nan, nan, nan, nan, nan, nan, nan, nan, nan, nan, nan, nan, nan, nan, nan, nan, nan, nan, nan, nan, nan, nan, nan, nan, nan, nan, nan, nan, nan, nan, nan, nan, nan, nan, nan, nan, nan, nan, nan, nan, nan, nan, nan, nan, nan, nan, nan, nan, nan, nan, nan, nan, nan, nan, nan, nan, nan, nan, nan, nan, nan, nan, nan, nan, nan, nan, nan, nan, nan, nan, nan, nan, nan, nan, nan, nan, nan, nan, nan, nan, nan, nan], params=[1.0, 1.0, 0.44, 0.04], fit_error=[0.042, 0.012])",[-70.  70.],"[0.124, 0.751]","[0.12, 0.12, 0.12, 0.12, 0.12, 0.12, 0.12, 0.12, 0.12, 0.12, 0.12, 0.12, 0.12, 0.12, 0.12, 0.12, 0.12, 0.12, 0.12, 0.12, 0.12, 0.12, 0.12, 0.12, 0.12, 0.12, 0.12, 0.12, 0.12, 0.12, 0.12, 0.12, 0.12, 0.12, 0.12, 0.12, 0.12, 0.12, 0.12, 0.12, 0.12, 0.12, 0.12, 0.12, 0.12, 0.12, 0.122, 0.127, 0.147, 0.217, 0.389, 0.595, 0.704, 0.738, 0.747, 0.749, 0.75, 0.75, 0.75, 0.75, 0.75, 0.75, 0.75, 0.75, 0.75, 0.75, 0.75, 0.75, 0.75, 0.75, 0.75, 0.75, 0.75, 0.75, 0.75, 0.75, 0.75, 0.75, 0.75, 0.75, 0.75, 0.75, 0.75, 0.75, 0.75, 0.75, 0.75, 0.75, 0.75, 0.75, 0.75, 0.75, 0.75, 0.75, 0.75, 0.75, 0.75, 0.75, 0.75, 0.75]","[0.023, 0.031]","[1.0, 1.0, 0.44, 0.04]",1.0,1.0,0.44,0.04
2023-05-26,4,873,['Bpod1'],268,135,133,179,52,164,127,37,130,23,67,5,62,0.6119402985074627,0.9407407407407408,0.2781954887218045,231,132,99,176,148,28,0.8268156424581006,0.5384615384615384,38,21,17,0.11731843575418995,0.3269230769230769,0.70995670995671,0.9621212121212122,0.37373737373737376,0.70995670995671,-0.5883838383838385,0.7386363636363636,0.6052631578947368,0.1333732057416268,0.6826385904598196,0.22212075633863343,37,3,34,0.13805970149253732,0.022222222222222223,0.2556390977443609,176,128,48,440.0,320.0,120.0,0.0,0,0,0,0.125,"psych_curve(xdata=array([-70.,  70.]), ydata=[0.03, 0.485], fit=[0.03, 0.03, 0.03, 0.03, 0.03, 0.03, 0.03, 0.03, 0.03, 0.03, 0.03, 0.03, 0.03, 0.03, 0.03, 0.03, 0.03, 0.03, 0.03, 0.03, 0.03, 0.03, 0.03, 0.03, 0.03, 0.03, 0.03, 0.03, 0.03, 0.03, 0.03, 0.03, 0.03, 0.03, 0.03, 0.03, 0.03, 0.03, 0.03, 0.03, 0.03, 0.03, 0.03, 0.03, 0.03, 0.03, 0.031, 0.035, 0.049, 0.101, 0.227, 0.377, 0.456, 0.481, 0.488, 0.489, 0.49, 0.49, 0.49, 0.49, 0.49, 0.49, 0.49, 0.49, 0.49, 0.49, 0.49, 0.49, 0.49, 0.49, 0.49, 0.49, 0.49, 0.49, 0.49, 0.49, 0.49, 0.49, 0.49, 0.49, 0.49, 0.49, 0.49, 0.49, 0.49, 0.49, 0.49, 0.49, 0.49, 0.49, 0.49, 0.49, 0.49, 0.49, 0.49, 0.49, 0.49, 0.49, 0.49, 0.49], params=[1.0, 1.0, 0.03, 0.51], fit_error=[0.015, 0.05])",[-70.  70.],"[0.03, 0.485]","[0.03, 0.03, 0.03, 0.03, 0.03, 0.03, 0.03, 0.03, 0.03, 0.03, 0.03, 0.03, 0.03, 0.03, 0.03, 0.03, 0.03, 0.03, 0.03, 0.03, 0.03, 0.03, 0.03, 0.03, 0.03, 0.03, 0.03, 0.03, 0.03, 0.03, 0.03, 0.03, 0.03, 0.03, 0.03, 0.03, 0.03, 0.03, 0.03, 0.03, 0.03, 0.03, 0.03, 0.03, 0.03, 0.03, 0.031, 0.035, 0.049, 0.101, 0.227, 0.377, 0.456, 0.481, 0.488, 0.489, 0.49, 0.49, 0.49, 0.49, 0.49, 0.49, 0.49, 0.49, 0.49, 0.49, 0.49, 0.49, 0.49, 0.49, 0.49, 0.49, 0.49, 0.49, 0.49, 0.49, 0.49, 0.49, 0.49, 0.49, 0.49, 0.49, 0.49, 0.49, 0.49, 0.49, 0.49, 0.49, 0.49, 0.49, 0.49, 0.49, 0.49, 0.49, 0.49, 0.49, 0.49, 0.49, 0.49, 0.49]","[0.015, 0.05]","[1.0, 1.0, 0.03, 0.51]",1.0,1.0,0.03,0.51,"psych_curve(xdata=array([-70.,  70.]), ydata=[0.594, 0.931], fit=[nan, nan, nan, nan, nan, nan, nan, nan, nan, nan, nan, nan, nan, nan, nan, nan, nan, nan, nan, nan, nan, nan, nan, nan, nan, nan, nan, nan, nan, nan, nan, nan, nan, nan, nan, nan, nan, nan, nan, nan, nan, nan, nan, nan, nan, nan, nan, nan, nan, nan, nan, nan, nan, nan, nan, nan, nan, nan, nan, nan, nan, nan, nan, nan, nan, nan, nan, nan, nan, nan, nan, nan, nan, nan, nan, nan, nan, nan, nan, nan, nan, nan, nan, nan, nan, nan, nan, nan, nan, nan, nan, nan, nan, nan, nan, nan, nan, nan, nan, nan], params=[1.0, 1.0, 0.59, 0.07], fit_error=[0.06, 0.021])",[-70.  70.],"[0.03, 0.485]","[0.03, 0.03, 0.03, 0.03, 0.03, 0.03, 0.03, 0.03, 0.03, 0.03, 0.03, 0.03, 0.03, 0.03, 0.03, 0.03, 0.03, 0.03, 0.03, 0.03, 0.03, 0.03, 0.03, 0.03, 0.03, 0.03, 0.03, 0.03, 0.03, 0.03, 0.03, 0.03, 0.03, 0.03, 0.03, 0.03, 0.03, 0.03, 0.03, 0.03, 0.03, 0.03, 0.03, 0.03, 0.03, 0.03, 0.031, 0.035, 0.049, 0.101, 0.227, 0.377, 0.456, 0.481, 0.488, 0.489, 0.49, 0.49, 0.49, 0.49, 0.49, 0.49, 0.49, 0.49, 0.49, 0.49, 0.49, 0.49, 0.49, 0.49, 0.49, 0.49, 0.49, 0.49, 0.49, 0.49, 0.49, 0.49, 0.49, 0.49, 0.49, 0.49, 0.49, 0.49, 0.49, 0.49, 0.49, 0.49, 0.49, 0.49, 0.49, 0.49, 0.49, 0.49, 0.49, 0.49, 0.49, 0.49, 0.49, 0.49]","[0.015, 0.05]","[1.0, 1.0, 0.59, 0.07]",1.0,1.0,0.59,0.07
2023-05-29,0,873,['Bpod1'],438,220,218,235,124,297,192,105,220,46,62,20,42,0.678082191780822,0.8727272727272727,0.481651376146789,359,212,147,257,181,76,0.7702127659574468,0.6129032258064516,64,33,31,0.14042553191489363,0.25,0.8272980501392758,0.9056603773584906,0.7142857142857143,0.8272980501392758,-0.19137466307277629,0.8560311284046692,0.71875,0.13728112840466922,0.6915579958819492,0.1952127659574468,79,8,71,0.18036529680365296,0.03636363636363636,0.3256880733944954,316,202,114,790.0,505.0,285.0,0.0,0,0,0,0.125,"psych_curve(xdata=array([-70.,  70.]), ydata=[0.047, 0.776], fit=[0.05, 0.05, 0.05, 0.05, 0.05, 0.05, 0.05, 0.05, 0.05, 0.05, 0.05, 0.05, 0.05, 0.05, 0.05, 0.05, 0.05, 0.05, 0.05, 0.05, 0.05, 0.05, 0.05, 0.05, 0.05, 0.05, 0.05, 0.05, 0.05, 0.05, 0.05, 0.05, 0.05, 0.05, 0.05, 0.05, 0.05, 0.05, 0.05, 0.05, 0.05, 0.05, 0.05, 0.05, 0.05, 0.05, 0.052, 0.058, 0.081, 0.162, 0.362, 0.601, 0.726, 0.766, 0.777, 0.779, 0.78, 0.78, 0.78, 0.78, 0.78, 0.78, 0.78, 0.78, 0.78, 0.78, 0.78, 0.78, 0.78, 0.78, 0.78, 0.78, 0.78, 0.78, 0.78, 0.78, 0.78, 0.78, 0.78, 0.78, 0.78, 0.78, 0.78, 0.78, 0.78, 0.78, 0.78, 0.78, 0.78, 0.78, 0.78, 0.78, 0.78, 0.78, 0.78, 0.78, 0.78, 0.78, 0.78, 0.78], params=[1.0, 1.0, 0.05, 0.22], fit_error=[0.015, 0.035])",[-70.  70.],"[0.047, 0.776]","[0.05, 0.05, 0.05, 0.05, 0.05, 0.05, 0.05, 0.05, 0.05, 0.05, 0.05, 0.05, 0.05, 0.05, 0.05, 0.05, 0.05, 0.05, 0.05, 0.05, 0.05, 0.05, 0.05, 0.05, 0.05, 0.05, 0.05, 0.05, 0.05, 0.05, 0.05, 0.05, 0.05, 0.05, 0.05, 0.05, 0.05, 0.05, 0.05, 0.05, 0.05, 0.05, 0.05, 0.05, 0.05, 0.05, 0.052, 0.058, 0.081, 0.162, 0.362, 0.601, 0.726, 0.766, 0.777, 0.779, 0.78, 0.78, 0.78, 0.78, 0.78, 0.78, 0.78, 0.78, 0.78, 0.78, 0.78, 0.78, 0.78, 0.78, 0.78, 0.78, 0.78, 0.78, 0.78, 0.78, 0.78, 0.78, 0.78, 0.78, 0.78, 0.78, 0.78, 0.78, 0.78, 0.78, 0.78, 0.78, 0.78, 0.78, 0.78, 0.78, 0.78, 0.78, 0.78, 0.78, 0.78, 0.78, 0.78, 0.78]","[0.015, 0.035]","[1.0, 1.0, 0.05, 0.22]",1.0,1.0,0.05,0.22,"psych_curve(xdata=array([-70.,  70.]), ydata=[0.344, 0.978], fit=[nan, nan, nan, nan, nan, nan, nan, nan, nan, nan, nan, nan, nan, nan, nan, nan, nan, nan, nan, nan, nan, nan, nan, nan, nan, nan, nan, nan, nan, nan, nan, nan, nan, nan, nan, nan, nan, nan, nan, nan, nan, nan, nan, nan, nan, nan, nan, nan, nan, nan, nan, nan, nan, nan, nan, nan, nan, nan, nan, nan, nan, nan, nan, nan, nan, nan, nan, nan, nan, nan, nan, nan, nan, nan, nan, nan, nan, nan, nan, nan, nan, nan, nan, nan, nan, nan, nan, nan, nan, nan, nan, nan, nan, nan, nan, nan, nan, nan, nan, nan], params=[1.0, 1.0, 0.34, 0.02], fit_error=[0.05, 0.01])",[-70.  70.],"[0.047, 0.776]","[0.05, 0.05, 0.05, 0.05, 0.05, 0.05, 0.05, 0.05, 0.05, 0.05, 0.05, 0.05, 0.05, 0.05, 0.05, 0.05, 0.05, 0.05, 0.05, 0.05, 0.05, 0.05, 0.05, 0.05, 0.05, 0.05, 0.05, 0.05, 0.05, 0.05, 0.05, 0.05, 0.05, 0.05, 0.05, 0.05, 0.05, 0.05, 0.05, 0.05, 0.05, 0.05, 0.05, 0.05, 0.05, 0.05, 0.052, 0.058, 0.081, 0.162, 0.362, 0.601, 0.726, 0.766, 0.777, 0.779, 0.78, 0.78, 0.78, 0.78, 0.78, 0.78, 0.78, 0.78, 0.78, 0.78, 0.78, 0.78, 0.78, 0.78, 0.78, 0.78, 0.78, 0.78, 0.78, 0.78, 0.78, 0.78, 0.78, 0.78, 0.78, 0.78, 0.78, 0.78, 0.78, 0.78, 0.78, 0.78, 0.78, 0.78, 0.78, 0.78, 0.78, 0.78, 0.78, 0.78, 0.78, 0.78, 0.78, 0.78]","[0.015, 0.035]","[1.0, 1.0, 0.34, 0.02]",1.0,1.0,0.34,0.02
2023-05-30,1,873,['Bpod1'],591,296,295,277,296,466,231,235,354,105,107,61,46,0.7884940778341794,0.7804054054054054,0.7966101694915254,573,292,281,443,210,233,0.7581227436823105,0.7871621621621622,121,61,60,0.22021660649819494,0.20270270270270271,0.8132635253054101,0.791095890410959,0.8362989323843416,0.8132635253054101,0.04520304197338265,0.7990970654627539,0.8677685950413223,-0.06867152957856837,0.7726424529222363,0.21145965460044883,18,4,14,0.030456852791878174,0.013513513513513514,0.04745762711864407,470,233,237,1175.0,582.5,592.5,0.0,0,0,0,0.125,"psych_curve(xdata=array([-70.,  70.]), ydata=[0.202, 0.843], fit=[0.2, 0.2, 0.2, 0.2, 0.2, 0.2, 0.2, 0.2, 0.2, 0.2, 0.2, 0.2, 0.2, 0.2, 0.2, 0.2, 0.2, 0.2, 0.2, 0.2, 0.2, 0.2, 0.2, 0.2, 0.2, 0.2, 0.2, 0.2, 0.2, 0.2, 0.2, 0.2, 0.2, 0.2, 0.2, 0.2, 0.2, 0.2, 0.2, 0.2, 0.2, 0.2, 0.2, 0.2, 0.2, 0.2, 0.202, 0.207, 0.227, 0.298, 0.473, 0.683, 0.793, 0.828, 0.837, 0.839, 0.84, 0.84, 0.84, 0.84, 0.84, 0.84, 0.84, 0.84, 0.84, 0.84, 0.84, 0.84, 0.84, 0.84, 0.84, 0.84, 0.84, 0.84, 0.84, 0.84, 0.84, 0.84, 0.84, 0.84, 0.84, 0.84, 0.84, 0.84, 0.84, 0.84, 0.84, 0.84, 0.84, 0.84, 0.84, 0.84, 0.84, 0.84, 0.84, 0.84, 0.84, 0.84, 0.84, 0.84], params=[1.0, 1.0, 0.2, 0.16], fit_error=[0.024, 0.022])",[-70.  70.],"[0.202, 0.843]","[0.2, 0.2, 0.2, 0.2, 0.2, 0.2, 0.2, 0.2, 0.2, 0.2, 0.2, 0.2, 0.2, 0.2, 0.2, 0.2, 0.2, 0.2, 0.2, 0.2, 0.2, 0.2, 0.2, 0.2, 0.2, 0.2, 0.2, 0.2, 0.2, 0.2, 0.2, 0.2, 0.2, 0.2, 0.2, 0.2, 0.2, 0.2, 0.2, 0.2, 0.2, 0.2, 0.2, 0.2, 0.2, 0.2, 0.202, 0.207, 0.227, 0.298, 0.473, 0.683, 0.793, 0.828, 0.837, 0.839, 0.84, 0.84, 0.84, 0.84, 0.84, 0.84, 0.84, 0.84, 0.84, 0.84, 0.84, 0.84, 0.84, 0.84, 0.84, 0.84, 0.84, 0.84, 0.84, 0.84, 0.84, 0.84, 0.84, 0.84, 0.84, 0.84, 0.84, 0.84, 0.84, 0.84, 0.84, 0.84, 0.84, 0.84, 0.84, 0.84, 0.84, 0.84, 0.84, 0.84, 0.84, 0.84, 0.84, 0.84]","[0.024, 0.022]","[1.0, 1.0, 0.2, 0.16]",1.0,1.0,0.2,0.16,"psych_curve(xdata=array([-70.,  70.]), ydata=[0.452, 0.965], fit=[nan, nan, nan, nan, nan, nan, nan, nan, nan, nan, nan, nan, nan, nan, nan, nan, nan, nan, nan, nan, nan, nan, nan, nan, nan, nan, nan, nan, nan, nan, nan, nan, nan, nan, nan, nan, nan, nan, nan, nan, nan, nan, nan, nan, nan, nan, nan, nan, nan, nan, nan, nan, nan, nan, nan, nan, nan, nan, nan, nan, nan, nan, nan, nan, nan, nan, nan, nan, nan, nan, nan, nan, nan, nan, nan, nan, nan, nan, nan, nan, nan, nan, nan, nan, nan, nan, nan, nan, nan, nan, nan, nan, nan, nan, nan, nan, nan, nan, nan, nan], params=[1.0, 1.0, 0.45, 0.03], fit_error=[0.036, 0.01])",[-70.  70.],"[0.202, 0.843]","[0.2, 0.2, 0.2, 0.2, 0.2, 0.2, 0.2, 0.2, 0.2, 0.2, 0.2, 0.2, 0.2, 0.2, 0.2, 0.2, 0.2, 0.2, 0.2, 0.2, 0.2, 0.2, 0.2, 0.2, 0.2, 0.2, 0.2, 0.2, 0.2, 0.2, 0.2, 0.2, 0.2, 0.2, 0.2, 0.2, 0.2, 0.2, 0.2, 0.2, 0.2, 0.2, 0.2, 0.2, 0.2, 0.2, 0.202, 0.207, 0.227, 0.298, 0.473, 0.683, 0.793, 0.828, 0.837, 0.839, 0.84, 0.84, 0.84, 0.84, 0.84, 0.84, 0.84, 0.84, 0.84, 0.84, 0.84, 0.84, 0.84, 0.84, 0.84, 0.84, 0.84, 0.84, 0.84, 0.84, 0.84, 0.84, 0.84, 0.84, 0.84, 0.84, 0.84, 0.84, 0.84, 0.84, 0.84, 0.84, 0.84, 0.84, 0.84, 0.84, 0.84, 0.84, 0.84, 0.84, 0.84, 0.84, 0.84, 0.84]","[0.024, 0.022]","[1.0, 1.0, 0.45, 0.03]",1.0,1.0,0.45,0.03
2023-05-31,2,873,['Bpod1'],424,214,210,237,152,340,197,143,262,66,49,9,40,0.8018867924528302,0.9205607476635514,0.680952380952381,389,206,183,297,187,110,0.7890295358649789,0.7236842105263158,75,38,37,0.16033755274261605,0.24342105263157895,0.8740359897172236,0.9563106796116505,0.7814207650273224,0.8740359897172236,-0.17488991458432812,0.8821548821548821,0.88,0.0021548821548821318,0.7563568731956474,0.2018793026870975,35,8,27,0.08254716981132075,0.037383177570093455,0.12857142857142856,344,199,145,860.0,497.5,362.5,0.0,0,0,0,0.125,"psych_curve(xdata=array([-70.,  70.]), ydata=[0.034, 0.792], fit=[0.03, 0.03, 0.03, 0.03, 0.03, 0.03, 0.03, 0.03, 0.03, 0.03, 0.03, 0.03, 0.03, 0.03, 0.03, 0.03, 0.03, 0.03, 0.03, 0.03, 0.03, 0.03, 0.03, 0.03, 0.03, 0.03, 0.03, 0.03, 0.03, 0.03, 0.03, 0.03, 0.03, 0.03, 0.03, 0.03, 0.03, 0.03, 0.03, 0.03, 0.03, 0.03, 0.03, 0.03, 0.03, 0.03, 0.032, 0.038, 0.062, 0.147, 0.355, 0.603, 0.734, 0.776, 0.786, 0.789, 0.79, 0.79, 0.79, 0.79, 0.79, 0.79, 0.79, 0.79, 0.79, 0.79, 0.79, 0.79, 0.79, 0.79, 0.79, 0.79, 0.79, 0.79, 0.79, 0.79, 0.79, 0.79, 0.79, 0.79, 0.79, 0.79, 0.79, 0.79, 0.79, 0.79, 0.79, 0.79, 0.79, 0.79, 0.79, 0.79, 0.79, 0.79, 0.79, 0.79, 0.79, 0.79, 0.79, 0.79], params=[1.0, 1.0, 0.03, 0.21], fit_error=[0.013, 0.03])",[-70.  70.],"[0.034, 0.792]","[0.03, 0.03, 0.03, 0.03, 0.03, 0.03, 0.03, 0.03, 0.03, 0.03, 0.03, 0.03, 0.03, 0.03, 0.03, 0.03, 0.03, 0.03, 0.03, 0.03, 0.03, 0.03, 0.03, 0.03, 0.03, 0.03, 0.03, 0.03, 0.03, 0.03, 0.03, 0.03, 0.03, 0.03, 0.03, 0.03, 0.03, 0.03, 0.03, 0.03, 0.03, 0.03, 0.03, 0.03, 0.03, 0.03, 0.032, 0.038, 0.062, 0.147, 0.355, 0.603, 0.734, 0.776, 0.786, 0.789, 0.79, 0.79, 0.79, 0.79, 0.79, 0.79, 0.79, 0.79, 0.79, 0.79, 0.79, 0.79, 0.79, 0.79, 0.79, 0.79, 0.79, 0.79, 0.79, 0.79, 0.79, 0.79, 0.79, 0.79, 0.79, 0.79, 0.79, 0.79, 0.79, 0.79, 0.79, 0.79, 0.79, 0.79, 0.79, 0.79, 0.79, 0.79, 0.79, 0.79, 0.79, 0.79, 0.79, 0.79]","[0.013, 0.03]","[1.0, 1.0, 0.03, 0.21]",1.0,1.0,0.03,0.21,"psych_curve(xdata=array([-70.,  70.]), ydata=[0.33, 0.978], fit=[nan, nan, nan, nan, nan, nan, nan, nan, nan, nan, nan, nan, nan, nan, nan, nan, nan, nan, nan, nan, nan, nan, nan, nan, nan, nan, nan, nan, nan, nan, nan, nan, nan, nan, nan, nan, nan, nan, nan, nan, nan, nan, nan, nan, nan, nan, nan, nan, nan, nan, nan, nan, nan, nan, nan, nan, nan, nan, nan, nan, nan, nan, nan, nan, nan, nan, nan, nan, nan, nan, nan, nan, nan, nan, nan, nan, nan, nan, nan, nan, nan, nan, nan, nan, nan, nan, nan, nan, nan, nan, nan, nan, nan, nan, nan, nan, nan, nan, nan, nan], params=[1.0, 1.0, 0.33, 0.02], fit_error=[0.047, 0.009])",[-70.  70.],"[0.034, 0.792]","[0.03, 0.03, 0.03, 0.03, 0.03, 0.03, 0.03, 0.03, 0.03, 0.03, 0.03, 0.03, 0.03, 0.03, 0.03, 0.03, 0.03, 0.03, 0.03, 0.03, 0.03, 0.03, 0.03, 0.03, 0.03, 0.03, 0.03, 0.03, 0.03, 0.03, 0.03, 0.03, 0.03, 0.03, 0.03, 0.03, 0.03, 0.03, 0.03, 0.03, 0.03, 0.03, 0.03, 0.03, 0.03, 0.03, 0.032, 0.038, 0.062, 0.147, 0.355, 0.603, 0.734, 0.776, 0.786, 0.789, 0.79, 0.79, 0.79, 0.79, 0.79, 0.79, 0.79, 0.79, 0.79, 0.79, 0.79, 0.79, 0.79, 0.79, 0.79, 0.79, 0.79, 0.79, 0.79, 0.79, 0.79, 0.79, 0.79, 0.79, 0.79, 0.79, 0.79, 0.79, 0.79, 0.79, 0.79, 0.79, 0.79, 0.79, 0.79, 0.79, 0.79, 0.79, 0.79, 0.79, 0.79, 0.79, 0.79, 0.79]","[0.013, 0.03]","[1.0, 1.0, 0.33, 0.02]",1.0,1.0,0.33,0.02
2023-06-01,3,873,['Bpod1'],442,220,222,219,206,365,187,178,274,84,60,26,34,0.8257918552036199,0.85,0.8018018018018018,425,213,212,321,166,155,0.7579908675799086,0.7524271844660194,96,48,48,0.2191780821917808,0.23300970873786409,0.8588235294117647,0.8779342723004695,0.839622641509434,0.8588235294117647,-0.0383116307910355,0.8535825545171339,0.875,-0.02141744548286606,0.755209026022964,0.22609389546482245,17,7,10,0.038461538461538464,0.031818181818181815,0.04504504504504504,369,188,181,922.5,470.0,452.5,0.0,0,0,0,0.125,"psych_curve(xdata=array([-70.,  70.]), ydata=[0.117, 0.854], fit=[0.12, 0.12, 0.12, 0.12, 0.12, 0.12, 0.12, 0.12, 0.12, 0.12, 0.12, 0.12, 0.12, 0.12, 0.12, 0.12, 0.12, 0.12, 0.12, 0.12, 0.12, 0.12, 0.12, 0.12, 0.12, 0.12, 0.12, 0.12, 0.12, 0.12, 0.12, 0.12, 0.12, 0.12, 0.12, 0.12, 0.12, 0.12, 0.12, 0.12, 0.12, 0.12, 0.12, 0.12, 0.12, 0.12, 0.122, 0.128, 0.151, 0.232, 0.432, 0.671, 0.796, 0.836, 0.847, 0.849, 0.85, 0.85, 0.85, 0.85, 0.85, 0.85, 0.85, 0.85, 0.85, 0.85, 0.85, 0.85, 0.85, 0.85, 0.85, 0.85, 0.85, 0.85, 0.85, 0.85, 0.85, 0.85, 0.85, 0.85, 0.85, 0.85, 0.85, 0.85, 0.85, 0.85, 0.85, 0.85, 0.85, 0.85, 0.85, 0.85, 0.85, 0.85, 0.85, 0.85, 0.85, 0.85, 0.85, 0.85], params=[1.0, 1.0, 0.12, 0.15], fit_error=[0.022, 0.024])",[-70.  70.],"[0.117, 0.854]","[0.12, 0.12, 0.12, 0.12, 0.12, 0.12, 0.12, 0.12, 0.12, 0.12, 0.12, 0.12, 0.12, 0.12, 0.12, 0.12, 0.12, 0.12, 0.12, 0.12, 0.12, 0.12, 0.12, 0.12, 0.12, 0.12, 0.12, 0.12, 0.12, 0.12, 0.12, 0.12, 0.12, 0.12, 0.12, 0.12, 0.12, 0.12, 0.12, 0.12, 0.12, 0.12, 0.12, 0.12, 0.12, 0.12, 0.122, 0.128, 0.151, 0.232, 0.432, 0.671, 0.796, 0.836, 0.847, 0.849, 0.85, 0.85, 0.85, 0.85, 0.85, 0.85, 0.85, 0.85, 0.85, 0.85, 0.85, 0.85, 0.85, 0.85, 0.85, 0.85, 0.85, 0.85, 0.85, 0.85, 0.85, 0.85, 0.85, 0.85, 0.85, 0.85, 0.85, 0.85, 0.85, 0.85, 0.85, 0.85, 0.85, 0.85, 0.85, 0.85, 0.85, 0.85, 0.85, 0.85, 0.85, 0.85, 0.85, 0.85]","[0.022, 0.024]","[1.0, 1.0, 0.12, 0.15]",1.0,1.0,0.12,0.15,"psych_curve(xdata=array([-70.,  70.]), ydata=[0.348, 0.972], fit=[nan, nan, nan, nan, nan, nan, nan, nan, nan, nan, nan, nan, nan, nan, nan, nan, nan, nan, nan, nan, nan, nan, nan, nan, nan, nan, nan, nan, nan, nan, nan, nan, nan, nan, nan, nan, nan, nan, nan, nan, nan, nan, nan, nan, nan, nan, nan, nan, nan, nan, nan, nan, nan, nan, nan, nan, nan, nan, nan, nan, nan, nan, nan, nan, nan, nan, nan, nan, nan, nan, nan, nan, nan, nan, nan, nan, nan, nan, nan, nan, nan, nan, nan, nan, nan, nan, nan, nan, nan, nan, nan, nan, nan, nan, nan, nan, nan, nan, nan, nan], params=[1.0, 1.0, 0.35, 0.03], fit_error=[0.041, 0.01])",[-70.  70.],"[0.117, 0.854]","[0.12, 0.12, 0.12, 0.12, 0.12, 0.12, 0.12, 0.12, 0.12, 0.12, 0.12, 0.12, 0.12, 0.12, 0.12, 0.12, 0.12, 0.12, 0.12, 0.12, 0.12, 0.12, 0.12, 0.12, 0.12, 0.12, 0.12, 0.12, 0.12, 0.12, 0.12, 0.12, 0.12, 0.12, 0.12, 0.12, 0.12, 0.12, 0.12, 0.12, 0.12, 0.12, 0.12, 0.12, 0.12, 0.12, 0.122, 0.128, 0.151, 0.232, 0.432, 0.671, 0.796, 0.836, 0.847, 0.849, 0.85, 0.85, 0.85, 0.85, 0.85, 0.85, 0.85, 0.85, 0.85, 0.85, 0.85, 0.85, 0.85, 0.85, 0.85, 0.85, 0.85, 0.85, 0.85, 0.85, 0.85, 0.85, 0.85, 0.85, 0.85, 0.85, 0.85, 0.85, 0.85, 0.85, 0.85, 0.85, 0.85, 0.85, 0.85, 0.85, 0.85, 0.85, 0.85, 0.85, 0.85, 0.85, 0.85, 0.85]","[0.022, 0.024]","[1.0, 1.0, 0.35, 0.03]",1.0,1.0,0.35,0.03
2023-06-02,4,873,['Bpod1'],507,253,254,291,189,388,220,168,184,193,92,23,69,0.7652859960552268,0.8695652173913043,0.6614173228346457,480,243,237,263,179,84,0.6151202749140894,0.4444444444444444,203,104,99,0.35738831615120276,0.5238095238095238,0.8083333333333333,0.9053497942386831,0.7088607594936709,0.8083333333333333,-0.19648903474501223,0.6996197718631179,0.9507389162561576,-0.25111914439303973,0.5297823596792669,0.44059891998036327,27,10,17,0.05325443786982249,0.039525691699604744,0.06692913385826772,396,225,171,990.0,562.5,427.5,0.0,0,0,0,9.999999999976694e-05,"psych_curve(xdata=array([-70.,  70.]), ydata=[0.074, 0.722], fit=[0.07, 0.07, 0.07, 0.07, 0.07, 0.07, 0.07, 0.07, 0.07, 0.07, 0.07, 0.07, 0.07, 0.07, 0.07, 0.07, 0.07, 0.07, 0.07, 0.07, 0.07, 0.07, 0.07, 0.07, 0.07, 0.07, 0.07, 0.07, 0.07, 0.07, 0.07, 0.07, 0.07, 0.07, 0.07, 0.07, 0.07, 0.07, 0.07, 0.07, 0.07, 0.07, 0.07, 0.07, 0.07, 0.07, 0.072, 0.077, 0.097, 0.17, 0.348, 0.56, 0.672, 0.708, 0.717, 0.719, 0.72, 0.72, 0.72, 0.72, 0.72, 0.72, 0.72, 0.72, 0.72, 0.72, 0.72, 0.72, 0.72, 0.72, 0.72, 0.72, 0.72, 0.72, 0.72, 0.72, 0.72, 0.72, 0.72, 0.72, 0.72, 0.72, 0.72, 0.72, 0.72, 0.72, 0.72, 0.72, 0.72, 0.72, 0.72, 0.72, 0.72, 0.72, 0.72, 0.72, 0.72, 0.72, 0.72, 0.72], params=[1.0, 1.0, 0.07, 0.28], fit_error=[0.017, 0.029])",[-70.  70.],"[0.074, 0.722]","[0.07, 0.07, 0.07, 0.07, 0.07, 0.07, 0.07, 0.07, 0.07, 0.07, 0.07, 0.07, 0.07, 0.07, 0.07, 0.07, 0.07, 0.07, 0.07, 0.07, 0.07, 0.07, 0.07, 0.07, 0.07, 0.07, 0.07, 0.07, 0.07, 0.07, 0.07, 0.07, 0.07, 0.07, 0.07, 0.07, 0.07, 0.07, 0.07, 0.07, 0.07, 0.07, 0.07, 0.07, 0.07, 0.07, 0.072, 0.077, 0.097, 0.17, 0.348, 0.56, 0.672, 0.708, 0.717, 0.719, 0.72, 0.72, 0.72, 0.72, 0.72, 0.72, 0.72, 0.72, 0.72, 0.72, 0.72, 0.72, 0.72, 0.72, 0.72, 0.72, 0.72, 0.72, 0.72, 0.72, 0.72, 0.72, 0.72, 0.72, 0.72, 0.72, 0.72, 0.72, 0.72, 0.72, 0.72, 0.72, 0.72, 0.72, 0.72, 0.72, 0.72, 0.72, 0.72, 0.72, 0.72, 0.72, 0.72, 0.72]","[0.017, 0.029]","[1.0, 1.0, 0.07, 0.28]",1.0,1.0,0.07,0.28,"psych_curve(xdata=array([-70.,  70.]), ydata=[0.278, 0.959], fit=[nan, nan, nan, nan, nan, nan, nan, nan, nan, nan, nan, nan, nan, nan, nan, nan, nan, nan, nan, nan, nan, nan, nan, nan, nan, nan, nan, nan, nan, nan, nan, nan, nan, nan, nan, nan, nan, nan, nan, nan, nan, nan, nan, nan, nan, nan, nan, nan, nan, nan, nan, nan, nan, nan, nan, nan, nan, nan, nan, nan, nan, nan, nan, nan, nan, nan, nan, nan, nan, nan, nan, nan, nan, nan, nan, nan, nan, nan, nan, nan, nan, nan, nan, nan, nan, nan, nan, nan, nan, nan, nan, nan, nan, nan, nan, nan, nan, nan, nan, nan], params=[1.0, 1.0, 0.28, 0.04], fit_error=[0.027, 0.014])",[-70.  70.],"[0.074, 0.722]","[0.07, 0.07, 0.07, 0.07, 0.07, 0.07, 0.07, 0.07, 0.07, 0.07, 0.07, 0.07, 0.07, 0.07, 0.07, 0.07, 0.07, 0.07, 0.07, 0.07, 0.07, 0.07, 0.07, 0.07, 0.07, 0.07, 0.07, 0.07, 0.07, 0.07, 0.07, 0.07, 0.07, 0.07, 0.07, 0.07, 0.07, 0.07, 0.07, 0.07, 0.07, 0.07, 0.07, 0.07, 0.07, 0.07, 0.072, 0.077, 0.097, 0.17, 0.348, 0.56, 0.672, 0.708, 0.717, 0.719, 0.72, 0.72, 0.72, 0.72, 0.72, 0.72, 0.72, 0.72, 0.72, 0.72, 0.72, 0.72, 0.72, 0.72, 0.72, 0.72, 0.72, 0.72, 0.72, 0.72, 0.72, 0.72, 0.72, 0.72, 0.72, 0.72, 0.72, 0.72, 0.72, 0.72, 0.72, 0.72, 0.72, 0.72, 0.72, 0.72, 0.72, 0.72, 0.72, 0.72, 0.72, 0.72, 0.72, 0.72]","[0.017, 0.029]","[1.0, 1.0, 0.28, 0.04]",1.0,1.0,0.28,0.04
2023-06-06,1,873,['Bpod1'],400,200,200,177,159,290,154,136,130,133,46,22,24,0.725,0.77,0.68,336,176,160,157,81,76,0.4576271186440678,0.4779874213836478,143,72,71,0.4067796610169492,0.44654088050314467,0.8630952380952381,0.875,0.85,0.8630952380952381,-0.025000000000000022,0.8280254777070064,0.9300699300699301,-0.1020444523629237,0.4678072700138578,0.4266602707600469,64,24,40,0.16,0.12,0.2,301,159,142,752.5,397.5,355.0,0.0,0,0,0,9.999999999976694e-05,"psych_curve(xdata=array([-70.,  70.]), ydata=[0.097, 0.888], fit=[0.1, 0.1, 0.1, 0.1, 0.1, 0.1, 0.1, 0.1, 0.1, 0.1, 0.1, 0.1, 0.1, 0.1, 0.1, 0.1, 0.1, 0.1, 0.1, 0.1, 0.1, 0.1, 0.1, 0.1, 0.1, 0.1, 0.1, 0.1, 0.1, 0.1, 0.1, 0.1, 0.1, 0.1, 0.1, 0.1, 0.1, 0.1, 0.1, 0.1, 0.1, 0.1, 0.1, 0.1, 0.1, 0.101, 0.102, 0.108, 0.133, 0.221, 0.438, 0.696, 0.832, 0.875, 0.886, 0.889, 0.89, 0.89, 0.89, 0.89, 0.89, 0.89, 0.89, 0.89, 0.89, 0.89, 0.89, 0.89, 0.89, 0.89, 0.89, 0.89, 0.89, 0.89, 0.89, 0.89, 0.89, 0.89, 0.89, 0.89, 0.89, 0.89, 0.89, 0.89, 0.89, 0.89, 0.89, 0.89, 0.89, 0.89, 0.89, 0.89, 0.89, 0.89, 0.89, 0.89, 0.89, 0.89, 0.89, 0.89], params=[1.0, 1.0, 0.1, 0.11], fit_error=[0.022, 0.025])",[-70.  70.],"[0.097, 0.888]","[0.1, 0.1, 0.1, 0.1, 0.1, 0.1, 0.1, 0.1, 0.1, 0.1, 0.1, 0.1, 0.1, 0.1, 0.1, 0.1, 0.1, 0.1, 0.1, 0.1, 0.1, 0.1, 0.1, 0.1, 0.1, 0.1, 0.1, 0.1, 0.1, 0.1, 0.1, 0.1, 0.1, 0.1, 0.1, 0.1, 0.1, 0.1, 0.1, 0.1, 0.1, 0.1, 0.1, 0.1, 0.1, 0.101, 0.102, 0.108, 0.133, 0.221, 0.438, 0.696, 0.832, 0.875, 0.886, 0.889, 0.89, 0.89, 0.89, 0.89, 0.89, 0.89, 0.89, 0.89, 0.89, 0.89, 0.89, 0.89, 0.89, 0.89, 0.89, 0.89, 0.89, 0.89, 0.89, 0.89, 0.89, 0.89, 0.89, 0.89, 0.89, 0.89, 0.89, 0.89, 0.89, 0.89, 0.89, 0.89, 0.89, 0.89, 0.89, 0.89, 0.89, 0.89, 0.89, 0.89, 0.89, 0.89, 0.89, 0.89]","[0.022, 0.025]","[1.0, 1.0, 0.1, 0.11]",1.0,1.0,0.1,0.11,"psych_curve(xdata=array([-70.,  70.]), ydata=[0.152, 0.978], fit=[nan, nan, nan, nan, nan, nan, nan, nan, nan, nan, nan, nan, nan, nan, nan, nan, nan, nan, nan, nan, nan, nan, nan, nan, nan, nan, nan, nan, nan, nan, nan, nan, nan, nan, nan, nan, nan, nan, nan, nan, nan, nan, nan, nan, nan, nan, nan, nan, nan, nan, nan, nan, nan, nan, nan, nan, nan, nan, nan, nan, nan, nan, nan, nan, nan, nan, nan, nan, nan, nan, nan, nan, nan, nan, nan, nan, nan, nan, nan, nan, nan, nan, nan, nan, nan, nan, nan, nan, nan, nan, nan, nan, nan, nan, nan, nan, nan, nan, nan, nan], params=[1.0, 1.0, 0.15, 0.02], fit_error=[0.028, 0.013])",[-70.  70.],"[0.097, 0.888]","[0.1, 0.1, 0.1, 0.1, 0.1, 0.1, 0.1, 0.1, 0.1, 0.1, 0.1, 0.1, 0.1, 0.1, 0.1, 0.1, 0.1, 0.1, 0.1, 0.1, 0.1, 0.1, 0.1, 0.1, 0.1, 0.1, 0.1, 0.1, 0.1, 0.1, 0.1, 0.1, 0.1, 0.1, 0.1, 0.1, 0.1, 0.1, 0.1, 0.1, 0.1, 0.1, 0.1, 0.1, 0.1, 0.101, 0.102, 0.108, 0.133, 0.221, 0.438, 0.696, 0.832, 0.875, 0.886, 0.889, 0.89, 0.89, 0.89, 0.89, 0.89, 0.89, 0.89, 0.89, 0.89, 0.89, 0.89, 0.89, 0.89, 0.89, 0.89, 0.89, 0.89, 0.89, 0.89, 0.89, 0.89, 0.89, 0.89, 0.89, 0.89, 0.89, 0.89, 0.89, 0.89, 0.89, 0.89, 0.89, 0.89, 0.89, 0.89, 0.89, 0.89, 0.89, 0.89, 0.89, 0.89, 0.89, 0.89, 0.89]","[0.022, 0.025]","[1.0, 1.0, 0.15, 0.02]",1.0,1.0,0.15,0.02
2023-06-07,2,873,['Bpod1'],463,232,231,213,216,348,183,165,175,152,81,42,39,0.7516198704103672,0.7887931034482759,0.7142857142857143,429,225,204,225,106,119,0.49765258215962443,0.5509259259259259,177,87,90,0.4084507042253521,0.4166666666666667,0.8111888111888111,0.8133333333333334,0.8088235294117647,0.8111888111888111,-0.004509803921568634,0.7777777777777778,0.8587570621468926,-0.08097928436911483,0.5242892540427752,0.4125586854460094,34,7,27,0.0734341252699784,0.03017241379310345,0.11688311688311688,379,194,185,947.5,485.0,462.5,0.0,0,0,0,9.999999999976694e-05,"psych_curve(xdata=array([-70.,  70.]), ydata=[0.138, 0.907], fit=[0.14, 0.14, 0.14, 0.14, 0.14, 0.14, 0.14, 0.14, 0.14, 0.14, 0.14, 0.14, 0.14, 0.14, 0.14, 0.14, 0.14, 0.14, 0.14, 0.14, 0.14, 0.14, 0.14, 0.14, 0.14, 0.14, 0.14, 0.14, 0.14, 0.14, 0.14, 0.14, 0.14, 0.14, 0.14, 0.14, 0.14, 0.14, 0.14, 0.14, 0.14, 0.14, 0.14, 0.14, 0.14, 0.14, 0.142, 0.148, 0.173, 0.258, 0.469, 0.721, 0.853, 0.895, 0.906, 0.909, 0.91, 0.91, 0.91, 0.91, 0.91, 0.91, 0.91, 0.91, 0.91, 0.91, 0.91, 0.91, 0.91, 0.91, 0.91, 0.91, 0.91, 0.91, 0.91, 0.91, 0.91, 0.91, 0.91, 0.91, 0.91, 0.91, 0.91, 0.91, 0.91, 0.91, 0.91, 0.91, 0.91, 0.91, 0.91, 0.91, 0.91, 0.91, 0.91, 0.91, 0.91, 0.91, 0.91, 0.91], params=[1.0, 1.0, 0.14, 0.09], fit_error=[0.023, 0.02])",[-70.  70.],"[0.138, 0.907]","[0.14, 0.14, 0.14, 0.14, 0.14, 0.14, 0.14, 0.14, 0.14, 0.14, 0.14, 0.14, 0.14, 0.14, 0.14, 0.14, 0.14, 0.14, 0.14, 0.14, 0.14, 0.14, 0.14, 0.14, 0.14, 0.14, 0.14, 0.14, 0.14, 0.14, 0.14, 0.14, 0.14, 0.14, 0.14, 0.14, 0.14, 0.14, 0.14, 0.14, 0.14, 0.14, 0.14, 0.14, 0.14, 0.14, 0.142, 0.148, 0.173, 0.258, 0.469, 0.721, 0.853, 0.895, 0.906, 0.909, 0.91, 0.91, 0.91, 0.91, 0.91, 0.91, 0.91, 0.91, 0.91, 0.91, 0.91, 0.91, 0.91, 0.91, 0.91, 0.91, 0.91, 0.91, 0.91, 0.91, 0.91, 0.91, 0.91, 0.91, 0.91, 0.91, 0.91, 0.91, 0.91, 0.91, 0.91, 0.91, 0.91, 0.91, 0.91, 0.91, 0.91, 0.91, 0.91, 0.91, 0.91, 0.91, 0.91, 0.91]","[0.023, 0.02]","[1.0, 1.0, 0.14, 0.09]",1.0,1.0,0.14,0.09,"psych_curve(xdata=array([-70.,  70.]), ydata=[0.203, 0.978], fit=[nan, nan, nan, nan, nan, nan, nan, nan, nan, nan, nan, nan, nan, nan, nan, nan, nan, nan, nan, nan, nan, nan, nan, nan, nan, nan, nan, nan, nan, nan, nan, nan, nan, nan, nan, nan, nan, nan, nan, nan, nan, nan, nan, nan, nan, nan, nan, nan, nan, nan, nan, nan, nan, nan, nan, nan, nan, nan, nan, nan, nan, nan, nan, nan, nan, nan, nan, nan, nan, nan, nan, nan, nan, nan, nan, nan, nan, nan, nan, nan, nan, nan, nan, nan, nan, nan, nan, nan, nan, nan, nan, nan, nan, nan, nan, nan, nan, nan, nan, nan], params=[1.0, 1.0, 0.2, 0.02], fit_error=[0.027, 0.011])",[-70.  70.],"[0.138, 0.907]","[0.14, 0.14, 0.14, 0.14, 0.14, 0.14, 0.14, 0.14, 0.14, 0.14, 0.14, 0.14, 0.14, 0.14, 0.14, 0.14, 0.14, 0.14, 0.14, 0.14, 0.14, 0.14, 0.14, 0.14, 0.14, 0.14, 0.14, 0.14, 0.14, 0.14, 0.14, 0.14, 0.14, 0.14, 0.14, 0.14, 0.14, 0.14, 0.14, 0.14, 0.14, 0.14, 0.14, 0.14, 0.14, 0.14, 0.142, 0.148, 0.173, 0.258, 0.469, 0.721, 0.853, 0.895, 0.906, 0.909, 0.91, 0.91, 0.91, 0.91, 0.91, 0.91, 0.91, 0.91, 0.91, 0.91, 0.91, 0.91, 0.91, 0.91, 0.91, 0.91, 0.91, 0.91, 0.91, 0.91, 0.91, 0.91, 0.91, 0.91, 0.91, 0.91, 0.91, 0.91, 0.91, 0.91, 0.91, 0.91, 0.91, 0.91, 0.91, 0.91, 0.91, 0.91, 0.91, 0.91, 0.91, 0.91, 0.91, 0.91]","[0.023, 0.02]","[1.0, 1.0, 0.2, 0.02]",1.0,1.0,0.2,0.02
2023-06-08,3,873,['Bpod1'],446,222,224,265,109,298,204,94,147,107,76,13,63,0.6681614349775785,0.918918918918919,0.41964285714285715,374,217,157,209,162,47,0.6113207547169811,0.43119266055045874,117,59,58,0.22264150943396227,0.5321100917431193,0.7967914438502673,0.9400921658986175,0.5987261146496815,0.7967914438502673,-0.34136605124893604,0.7033492822966507,0.9145299145299145,-0.21118063223326378,0.5212567076337199,0.3773758005885408,72,5,67,0.16143497757847533,0.02252252252252252,0.29910714285714285,306,207,99,765.0,517.5,247.5,0.0,0,0,0,9.999999999976694e-05,"psych_curve(xdata=array([-70.,  70.]), ydata=[0.046, 0.631], fit=[0.05, 0.05, 0.05, 0.05, 0.05, 0.05, 0.05, 0.05, 0.05, 0.05, 0.05, 0.05, 0.05, 0.05, 0.05, 0.05, 0.05, 0.05, 0.05, 0.05, 0.05, 0.05, 0.05, 0.05, 0.05, 0.05, 0.05, 0.05, 0.05, 0.05, 0.05, 0.05, 0.05, 0.05, 0.05, 0.05, 0.05, 0.05, 0.05, 0.05, 0.05, 0.05, 0.05, 0.05, 0.05, 0.05, 0.052, 0.056, 0.074, 0.139, 0.298, 0.487, 0.587, 0.619, 0.627, 0.629, 0.63, 0.63, 0.63, 0.63, 0.63, 0.63, 0.63, 0.63, 0.63, 0.63, 0.63, 0.63, 0.63, 0.63, 0.63, 0.63, 0.63, 0.63, 0.63, 0.63, 0.63, 0.63, 0.63, 0.63, 0.63, 0.63, 0.63, 0.63, 0.63, 0.63, 0.63, 0.63, 0.63, 0.63, 0.63, 0.63, 0.63, 0.63, 0.63, 0.63, 0.63, 0.63, 0.63, 0.63], params=[1.0, 1.0, 0.05, 0.37], fit_error=[0.014, 0.039])",[-70.  70.],"[0.046, 0.631]","[0.05, 0.05, 0.05, 0.05, 0.05, 0.05, 0.05, 0.05, 0.05, 0.05, 0.05, 0.05, 0.05, 0.05, 0.05, 0.05, 0.05, 0.05, 0.05, 0.05, 0.05, 0.05, 0.05, 0.05, 0.05, 0.05, 0.05, 0.05, 0.05, 0.05, 0.05, 0.05, 0.05, 0.05, 0.05, 0.05, 0.05, 0.05, 0.05, 0.05, 0.05, 0.05, 0.05, 0.05, 0.05, 0.05, 0.052, 0.056, 0.074, 0.139, 0.298, 0.487, 0.587, 0.619, 0.627, 0.629, 0.63, 0.63, 0.63, 0.63, 0.63, 0.63, 0.63, 0.63, 0.63, 0.63, 0.63, 0.63, 0.63, 0.63, 0.63, 0.63, 0.63, 0.63, 0.63, 0.63, 0.63, 0.63, 0.63, 0.63, 0.63, 0.63, 0.63, 0.63, 0.63, 0.63, 0.63, 0.63, 0.63, 0.63, 0.63, 0.63, 0.63, 0.63, 0.63, 0.63, 0.63, 0.63, 0.63, 0.63]","[0.014, 0.039]","[1.0, 1.0, 0.05, 0.37]",1.0,1.0,0.05,0.37,"psych_curve(xdata=array([-70.,  70.]), ydata=[0.349, 0.98], fit=[nan, nan, nan, nan, nan, nan, nan, nan, nan, nan, nan, nan, nan, nan, nan, nan, nan, nan, nan, nan, nan, nan, nan, nan, nan, nan, nan, nan, nan, nan, nan, nan, nan, nan, nan, nan, nan, nan, nan, nan, nan, nan, nan, nan, nan, nan, nan, nan, nan, nan, nan, nan, nan, nan, nan, nan, nan, nan, nan, nan, nan, nan, nan, nan, nan, nan, nan, nan, nan, nan, nan, nan, nan, nan, nan, nan, nan, nan, nan, nan, nan, nan, nan, nan, nan, nan, nan, nan, nan, nan, nan, nan, nan, nan, nan, nan, nan, nan, nan, nan], params=[1.0, 1.0, 0.35, 0.02], fit_error=[0.036, 0.011])",[-70.  70.],"[0.046, 0.631]","[0.05, 0.05, 0.05, 0.05, 0.05, 0.05, 0.05, 0.05, 0.05, 0.05, 0.05, 0.05, 0.05, 0.05, 0.05, 0.05, 0.05, 0.05, 0.05, 0.05, 0.05, 0.05, 0.05, 0.05, 0.05, 0.05, 0.05, 0.05, 0.05, 0.05, 0.05, 0.05, 0.05, 0.05, 0.05, 0.05, 0.05, 0.05, 0.05, 0.05, 0.05, 0.05, 0.05, 0.05, 0.05, 0.05, 0.052, 0.056, 0.074, 0.139, 0.298, 0.487, 0.587, 0.619, 0.627, 0.629, 0.63, 0.63, 0.63, 0.63, 0.63, 0.63, 0.63, 0.63, 0.63, 0.63, 0.63, 0.63, 0.63, 0.63, 0.63, 0.63, 0.63, 0.63, 0.63, 0.63, 0.63, 0.63, 0.63, 0.63, 0.63, 0.63, 0.63, 0.63, 0.63, 0.63, 0.63, 0.63, 0.63, 0.63, 0.63, 0.63, 0.63, 0.63, 0.63, 0.63, 0.63, 0.63, 0.63, 0.63]","[0.014, 0.039]","[1.0, 1.0, 0.35, 0.02]",1.0,1.0,0.35,0.02
2023-06-09,4,873,['Bpod1'],463,229,234,238,205,383,203,180,215,158,60,22,38,0.8272138228941684,0.8864628820960698,0.7692307692307693,443,225,218,259,143,116,0.6008403361344538,0.5658536585365853,173,87,86,0.36554621848739494,0.4195121951219512,0.8645598194130926,0.9022222222222223,0.8256880733944955,0.8645598194130926,-0.0765341488277268,0.8301158301158301,0.9132947976878613,-0.08317896757203114,0.5833469973355195,0.39252920680467307,20,4,16,0.04319654427645788,0.017467248908296942,0.06837606837606838,396,208,188,990.0,520.0,470.0,0.0,0,0,0,9.999999999976694e-05,"psych_curve(xdata=array([-70.,  70.]), ydata=[0.076, 0.862], fit=[0.08, 0.08, 0.08, 0.08, 0.08, 0.08, 0.08, 0.08, 0.08, 0.08, 0.08, 0.08, 0.08, 0.08, 0.08, 0.08, 0.08, 0.08, 0.08, 0.08, 0.08, 0.08, 0.08, 0.08, 0.08, 0.08, 0.08, 0.08, 0.08, 0.08, 0.08, 0.08, 0.08, 0.08, 0.08, 0.08, 0.08, 0.08, 0.08, 0.08, 0.08, 0.08, 0.08, 0.08, 0.08, 0.08, 0.082, 0.088, 0.113, 0.2, 0.413, 0.668, 0.803, 0.845, 0.856, 0.859, 0.86, 0.86, 0.86, 0.86, 0.86, 0.86, 0.86, 0.86, 0.86, 0.86, 0.86, 0.86, 0.86, 0.86, 0.86, 0.86, 0.86, 0.86, 0.86, 0.86, 0.86, 0.86, 0.86, 0.86, 0.86, 0.86, 0.86, 0.86, 0.86, 0.86, 0.86, 0.86, 0.86, 0.86, 0.86, 0.86, 0.86, 0.86, 0.86, 0.86, 0.86, 0.86, 0.86, 0.86], params=[1.0, 1.0, 0.08, 0.14], fit_error=[0.018, 0.023])",[-70.  70.],"[0.076, 0.862]","[0.08, 0.08, 0.08, 0.08, 0.08, 0.08, 0.08, 0.08, 0.08, 0.08, 0.08, 0.08, 0.08, 0.08, 0.08, 0.08, 0.08, 0.08, 0.08, 0.08, 0.08, 0.08, 0.08, 0.08, 0.08, 0.08, 0.08, 0.08, 0.08, 0.08, 0.08, 0.08, 0.08, 0.08, 0.08, 0.08, 0.08, 0.08, 0.08, 0.08, 0.08, 0.08, 0.08, 0.08, 0.08, 0.08, 0.082, 0.088, 0.113, 0.2, 0.413, 0.668, 0.803, 0.845, 0.856, 0.859, 0.86, 0.86, 0.86, 0.86, 0.86, 0.86, 0.86, 0.86, 0.86, 0.86, 0.86, 0.86, 0.86, 0.86, 0.86, 0.86, 0.86, 0.86, 0.86, 0.86, 0.86, 0.86, 0.86, 0.86, 0.86, 0.86, 0.86, 0.86, 0.86, 0.86, 0.86, 0.86, 0.86, 0.86, 0.86, 0.86, 0.86, 0.86, 0.86, 0.86, 0.86, 0.86, 0.86, 0.86]","[0.018, 0.023]","[1.0, 1.0, 0.08, 0.14]",1.0,1.0,0.08,0.14,"psych_curve(xdata=array([-70.,  70.]), ydata=[0.203, 0.982], fit=[nan, nan, nan, nan, nan, nan, nan, nan, nan, nan, nan, nan, nan, nan, nan, nan, nan, nan, nan, nan, nan, nan, nan, nan, nan, nan, nan, nan, nan, nan, nan, nan, nan, nan, nan, nan, nan, nan, nan, nan, nan, nan, nan, nan, nan, nan, nan, nan, nan, nan, nan, nan, nan, nan, nan, nan, nan, nan, nan, nan, nan, nan, nan, nan, nan, nan, nan, nan, nan, nan, nan, nan, nan, nan, nan, nan, nan, nan, nan, nan, nan, nan, nan, nan, nan, nan, nan, nan, nan, nan, nan, nan, nan, nan, nan, nan, nan, nan, nan, nan], params=[1.0, 1.0, 0.2, 0.02], fit_error=[0.028, 0.009])",[-70.  70.],"[0.076, 0.862]","[0.08, 0.08, 0.08, 0.08, 0.08, 0.08, 0.08, 0.08, 0.08, 0.08, 0.08, 0.08, 0.08, 0.08, 0.08, 0.08, 0.08, 0.08, 0.08, 0.08, 0.08, 0.08, 0.08, 0.08, 0.08, 0.08, 0.08, 0.08, 0.08, 0.08, 0.08, 0.08, 0.08, 0.08, 0.08, 0.08, 0.08, 0.08, 0.08, 0.08, 0.08, 0.08, 0.08, 0.08, 0.08, 0.08, 0.082, 0.088, 0.113, 0.2, 0.413, 0.668, 0.803, 0.845, 0.856, 0.859, 0.86, 0.86, 0.86, 0.86, 0.86, 0.86, 0.86, 0.86, 0.86, 0.86, 0.86, 0.86, 0.86, 0.86, 0.86, 0.86, 0.86, 0.86, 0.86, 0.86, 0.86, 0.86, 0.86, 0.86, 0.86, 0.86, 0.86, 0.86, 0.86, 0.86, 0.86, 0.86, 0.86, 0.86, 0.86, 0.86, 0.86, 0.86, 0.86, 0.86, 0.86, 0.86, 0.86, 0.86]","[0.018, 0.023]","[1.0, 1.0, 0.2, 0.02]",1.0,1.0,0.2,0.02
2023-06-12,0,873,['Bpod1'],444,220,224,236,173,368,209,159,197,154,41,7,34,0.8288288288288288,0.95,0.7098214285714286,409,216,193,225,139,86,0.5889830508474576,0.49710982658959535,162,82,80,0.3474576271186441,0.4624277456647399,0.8997555012224939,0.9675925925925926,0.8238341968911918,0.8997555012224939,-0.1437583957014008,0.8755555555555555,0.9506172839506173,-0.07506172839506176,0.5430464387185265,0.40494268639169195,35,4,31,0.07882882882882883,0.01818181818181818,0.13839285714285715,377,210,167,942.5,525.0,417.5,0.0,0,0,0,9.999999999976694e-05,"psych_curve(xdata=array([-70.,  70.]), ydata=[0.028, 0.865], fit=[0.03, 0.03, 0.03, 0.03, 0.03, 0.03, 0.03, 0.03, 0.03, 0.03, 0.03, 0.03, 0.03, 0.03, 0.03, 0.03, 0.03, 0.03, 0.03, 0.03, 0.03, 0.03, 0.03, 0.03, 0.03, 0.03, 0.03, 0.03, 0.03, 0.03, 0.03, 0.03, 0.03, 0.03, 0.03, 0.03, 0.03, 0.03, 0.03, 0.03, 0.03, 0.03, 0.03, 0.03, 0.03, 0.031, 0.032, 0.039, 0.065, 0.159, 0.389, 0.664, 0.808, 0.854, 0.866, 0.869, 0.87, 0.87, 0.87, 0.87, 0.87, 0.87, 0.87, 0.87, 0.87, 0.87, 0.87, 0.87, 0.87, 0.87, 0.87, 0.87, 0.87, 0.87, 0.87, 0.87, 0.87, 0.87, 0.87, 0.87, 0.87, 0.87, 0.87, 0.87, 0.87, 0.87, 0.87, 0.87, 0.87, 0.87, 0.87, 0.87, 0.87, 0.87, 0.87, 0.87, 0.87, 0.87, 0.87, 0.87], params=[1.0, 1.0, 0.03, 0.13], fit_error=[0.011, 0.025])",[-70.  70.],"[0.028, 0.865]","[0.03, 0.03, 0.03, 0.03, 0.03, 0.03, 0.03, 0.03, 0.03, 0.03, 0.03, 0.03, 0.03, 0.03, 0.03, 0.03, 0.03, 0.03, 0.03, 0.03, 0.03, 0.03, 0.03, 0.03, 0.03, 0.03, 0.03, 0.03, 0.03, 0.03, 0.03, 0.03, 0.03, 0.03, 0.03, 0.03, 0.03, 0.03, 0.03, 0.03, 0.03, 0.03, 0.03, 0.03, 0.03, 0.031, 0.032, 0.039, 0.065, 0.159, 0.389, 0.664, 0.808, 0.854, 0.866, 0.869, 0.87, 0.87, 0.87, 0.87, 0.87, 0.87, 0.87, 0.87, 0.87, 0.87, 0.87, 0.87, 0.87, 0.87, 0.87, 0.87, 0.87, 0.87, 0.87, 0.87, 0.87, 0.87, 0.87, 0.87, 0.87, 0.87, 0.87, 0.87, 0.87, 0.87, 0.87, 0.87, 0.87, 0.87, 0.87, 0.87, 0.87, 0.87, 0.87, 0.87, 0.87, 0.87, 0.87, 0.87]","[0.011, 0.025]","[1.0, 1.0, 0.03, 0.13]",1.0,1.0,0.03,0.13,"psych_curve(xdata=array([-70.,  70.]), ydata=[0.144, 0.995], fit=[nan, nan, nan, nan, nan, nan, nan, nan, nan, nan, nan, nan, nan, nan, nan, nan, nan, nan, nan, nan, nan, nan, nan, nan, nan, nan, nan, nan, nan, nan, nan, nan, nan, nan, nan, nan, nan, nan, nan, nan, nan, nan, nan, nan, nan, nan, nan, nan, nan, nan, nan, nan, nan, nan, nan, nan, nan, nan, nan, nan, nan, nan, nan, nan, nan, nan, nan, nan, nan, nan, nan, nan, nan, nan, nan, nan, nan, nan, nan, nan, nan, nan, nan, nan, nan, nan, nan, nan, nan, nan, nan, nan, nan, nan, nan, nan, nan, nan, nan, nan], params=[1.0, 1.0, 0.14, 0.0], fit_error=[0.026, 0.005])",[-70.  70.],"[0.028, 0.865]","[0.03, 0.03, 0.03, 0.03, 0.03, 0.03, 0.03, 0.03, 0.03, 0.03, 0.03, 0.03, 0.03, 0.03, 0.03, 0.03, 0.03, 0.03, 0.03, 0.03, 0.03, 0.03, 0.03, 0.03, 0.03, 0.03, 0.03, 0.03, 0.03, 0.03, 0.03, 0.03, 0.03, 0.03, 0.03, 0.03, 0.03, 0.03, 0.03, 0.03, 0.03, 0.03, 0.03, 0.03, 0.03, 0.031, 0.032, 0.039, 0.065, 0.159, 0.389, 0.664, 0.808, 0.854, 0.866, 0.869, 0.87, 0.87, 0.87, 0.87, 0.87, 0.87, 0.87, 0.87, 0.87, 0.87, 0.87, 0.87, 0.87, 0.87, 0.87, 0.87, 0.87, 0.87, 0.87, 0.87, 0.87, 0.87, 0.87, 0.87, 0.87, 0.87, 0.87, 0.87, 0.87, 0.87, 0.87, 0.87, 0.87, 0.87, 0.87, 0.87, 0.87, 0.87, 0.87, 0.87, 0.87, 0.87, 0.87, 0.87]","[0.011, 0.025]","[1.0, 1.0, 0.14, 0.0]",1.0,1.0,0.14,0.0
2023-06-13,1,873,['Bpod1'],403,199,204,199,165,316,172,144,175,117,48,16,32,0.7841191066997518,0.864321608040201,0.7058823529411765,364,188,176,210,117,93,0.5879396984924623,0.5636363636363636,128,63,65,0.3165829145728643,0.3939393939393939,0.8681318681318682,0.9148936170212766,0.8181818181818182,0.8681318681318682,-0.09671179883945835,0.8333333333333334,0.9140625,-0.08072916666666663,0.575788031064413,0.35526115425612914,39,11,28,0.0967741935483871,0.05527638190954774,0.13725490196078433,331,177,154,827.5,442.5,385.0,0.0,0,0,0,9.999999999976694e-05,"psych_curve(xdata=array([-70.,  70.]), ydata=[0.059, 0.875], fit=[0.06, 0.06, 0.06, 0.06, 0.06, 0.06, 0.06, 0.06, 0.06, 0.06, 0.06, 0.06, 0.06, 0.06, 0.06, 0.06, 0.06, 0.06, 0.06, 0.06, 0.06, 0.06, 0.06, 0.06, 0.06, 0.06, 0.06, 0.06, 0.06, 0.06, 0.06, 0.06, 0.06, 0.06, 0.06, 0.06, 0.06, 0.06, 0.06, 0.06, 0.06, 0.06, 0.06, 0.06, 0.06, 0.061, 0.062, 0.069, 0.095, 0.186, 0.41, 0.678, 0.82, 0.865, 0.876, 0.879, 0.88, 0.88, 0.88, 0.88, 0.88, 0.88, 0.88, 0.88, 0.88, 0.88, 0.88, 0.88, 0.88, 0.88, 0.88, 0.88, 0.88, 0.88, 0.88, 0.88, 0.88, 0.88, 0.88, 0.88, 0.88, 0.88, 0.88, 0.88, 0.88, 0.88, 0.88, 0.88, 0.88, 0.88, 0.88, 0.88, 0.88, 0.88, 0.88, 0.88, 0.88, 0.88, 0.88, 0.88], params=[1.0, 1.0, 0.06, 0.12], fit_error=[0.017, 0.025])",[-70.  70.],"[0.059, 0.875]","[0.06, 0.06, 0.06, 0.06, 0.06, 0.06, 0.06, 0.06, 0.06, 0.06, 0.06, 0.06, 0.06, 0.06, 0.06, 0.06, 0.06, 0.06, 0.06, 0.06, 0.06, 0.06, 0.06, 0.06, 0.06, 0.06, 0.06, 0.06, 0.06, 0.06, 0.06, 0.06, 0.06, 0.06, 0.06, 0.06, 0.06, 0.06, 0.06, 0.06, 0.06, 0.06, 0.06, 0.06, 0.06, 0.061, 0.062, 0.069, 0.095, 0.186, 0.41, 0.678, 0.82, 0.865, 0.876, 0.879, 0.88, 0.88, 0.88, 0.88, 0.88, 0.88, 0.88, 0.88, 0.88, 0.88, 0.88, 0.88, 0.88, 0.88, 0.88, 0.88, 0.88, 0.88, 0.88, 0.88, 0.88, 0.88, 0.88, 0.88, 0.88, 0.88, 0.88, 0.88, 0.88, 0.88, 0.88, 0.88, 0.88, 0.88, 0.88, 0.88, 0.88, 0.88, 0.88, 0.88, 0.88, 0.88, 0.88, 0.88]","[0.017, 0.025]","[1.0, 1.0, 0.06, 0.12]",1.0,1.0,0.06,0.12,"psych_curve(xdata=array([-70.,  70.]), ydata=[0.205, 1.0], fit=[nan, nan, nan, nan, nan, nan, nan, nan, nan, nan, nan, nan, nan, nan, nan, nan, nan, nan, nan, nan, nan, nan, nan, nan, nan, nan, nan, nan, nan, nan, nan, nan, nan, nan, nan, nan, nan, nan, nan, nan, nan, nan, nan, nan, nan, nan, nan, nan, nan, nan, nan, nan, nan, nan, nan, nan, nan, nan, nan, nan, nan, nan, nan, nan, nan, nan, nan, nan, nan, nan, nan, nan, nan, nan, nan, nan, nan, nan, nan, nan, nan, nan, nan, nan, nan, nan, nan, nan, nan, nan, nan, nan, nan, nan, nan, nan, nan, nan, nan, nan], params=[1.0, 1.0, 0.2, -0.0], fit_error=[0.032, 0.0])",[-70.  70.],"[0.059, 0.875]","[0.06, 0.06, 0.06, 0.06, 0.06, 0.06, 0.06, 0.06, 0.06, 0.06, 0.06, 0.06, 0.06, 0.06, 0.06, 0.06, 0.06, 0.06, 0.06, 0.06, 0.06, 0.06, 0.06, 0.06, 0.06, 0.06, 0.06, 0.06, 0.06, 0.06, 0.06, 0.06, 0.06, 0.06, 0.06, 0.06, 0.06, 0.06, 0.06, 0.06, 0.06, 0.06, 0.06, 0.06, 0.06, 0.061, 0.062, 0.069, 0.095, 0.186, 0.41, 0.678, 0.82, 0.865, 0.876, 0.879, 0.88, 0.88, 0.88, 0.88, 0.88, 0.88, 0.88, 0.88, 0.88, 0.88, 0.88, 0.88, 0.88, 0.88, 0.88, 0.88, 0.88, 0.88, 0.88, 0.88, 0.88, 0.88, 0.88, 0.88, 0.88, 0.88, 0.88, 0.88, 0.88, 0.88, 0.88, 0.88, 0.88, 0.88, 0.88, 0.88, 0.88, 0.88, 0.88, 0.88, 0.88, 0.88, 0.88, 0.88]","[0.017, 0.025]","[1.0, 1.0, 0.2, -0.0]",1.0,1.0,0.2,-0.0
2023-06-14,2,873,['Bpod1'],435,209,226,214,192,348,179,169,178,159,58,22,36,0.8,0.8564593301435407,0.7477876106194691,406,201,205,218,117,101,0.5467289719626168,0.5260416666666666,173,84,89,0.3925233644859813,0.4635416666666667,0.8571428571428571,0.8905472636815921,0.824390243902439,0.8571428571428571,-0.06615701977915311,0.8165137614678899,0.9190751445086706,-0.10256138304078066,0.5363853193146417,0.428032515576324,29,8,21,0.06666666666666667,0.03827751196172249,0.09292035398230089,365,187,178,912.5,467.5,445.0,0.0,0,7,0,9.999999999976694e-05,"psych_curve(xdata=array([-70.,  70.]), ydata=[0.07, 0.868], fit=[0.07, 0.07, 0.07, 0.07, 0.07, 0.07, 0.07, 0.07, 0.07, 0.07, 0.07, 0.07, 0.07, 0.07, 0.07, 0.07, 0.07, 0.07, 0.07, 0.07, 0.07, 0.07, 0.07, 0.07, 0.07, 0.07, 0.07, 0.07, 0.07, 0.07, 0.07, 0.07, 0.07, 0.07, 0.07, 0.07, 0.07, 0.07, 0.07, 0.07, 0.07, 0.07, 0.07, 0.07, 0.07, 0.071, 0.072, 0.078, 0.104, 0.193, 0.412, 0.673, 0.811, 0.855, 0.866, 0.869, 0.87, 0.87, 0.87, 0.87, 0.87, 0.87, 0.87, 0.87, 0.87, 0.87, 0.87, 0.87, 0.87, 0.87, 0.87, 0.87, 0.87, 0.87, 0.87, 0.87, 0.87, 0.87, 0.87, 0.87, 0.87, 0.87, 0.87, 0.87, 0.87, 0.87, 0.87, 0.87, 0.87, 0.87, 0.87, 0.87, 0.87, 0.87, 0.87, 0.87, 0.87, 0.87, 0.87, 0.87], params=[1.0, 1.0, 0.07, 0.13], fit_error=[0.018, 0.024])",[-70.  70.],"[0.07, 0.868]","[0.07, 0.07, 0.07, 0.07, 0.07, 0.07, 0.07, 0.07, 0.07, 0.07, 0.07, 0.07, 0.07, 0.07, 0.07, 0.07, 0.07, 0.07, 0.07, 0.07, 0.07, 0.07, 0.07, 0.07, 0.07, 0.07, 0.07, 0.07, 0.07, 0.07, 0.07, 0.07, 0.07, 0.07, 0.07, 0.07, 0.07, 0.07, 0.07, 0.07, 0.07, 0.07, 0.07, 0.07, 0.07, 0.071, 0.072, 0.078, 0.104, 0.193, 0.412, 0.673, 0.811, 0.855, 0.866, 0.869, 0.87, 0.87, 0.87, 0.87, 0.87, 0.87, 0.87, 0.87, 0.87, 0.87, 0.87, 0.87, 0.87, 0.87, 0.87, 0.87, 0.87, 0.87, 0.87, 0.87, 0.87, 0.87, 0.87, 0.87, 0.87, 0.87, 0.87, 0.87, 0.87, 0.87, 0.87, 0.87, 0.87, 0.87, 0.87, 0.87, 0.87, 0.87, 0.87, 0.87, 0.87, 0.87, 0.87, 0.87]","[0.018, 0.024]","[1.0, 1.0, 0.07, 0.13]",1.0,1.0,0.07,0.13,"psych_curve(xdata=array([-70.,  70.]), ydata=[0.179, 0.984], fit=[nan, nan, nan, nan, nan, nan, nan, nan, nan, nan, nan, nan, nan, nan, nan, nan, nan, nan, nan, nan, nan, nan, nan, nan, nan, nan, nan, nan, nan, nan, nan, nan, nan, nan, nan, nan, nan, nan, nan, nan, nan, nan, nan, nan, nan, nan, nan, nan, nan, nan, nan, nan, nan, nan, nan, nan, nan, nan, nan, nan, nan, nan, nan, nan, nan, nan, nan, nan, nan, nan, nan, nan, nan, nan, nan, nan, nan, nan, nan, nan, nan, nan, nan, nan, nan, nan, nan, nan, nan, nan, nan, nan, nan, nan, nan, nan, nan, nan, nan, nan], params=[1.0, 1.0, 0.18, 0.02], fit_error=[0.027, 0.009])",[-70.  70.],"[0.07, 0.868]","[0.07, 0.07, 0.07, 0.07, 0.07, 0.07, 0.07, 0.07, 0.07, 0.07, 0.07, 0.07, 0.07, 0.07, 0.07, 0.07, 0.07, 0.07, 0.07, 0.07, 0.07, 0.07, 0.07, 0.07, 0.07, 0.07, 0.07, 0.07, 0.07, 0.07, 0.07, 0.07, 0.07, 0.07, 0.07, 0.07, 0.07, 0.07, 0.07, 0.07, 0.07, 0.07, 0.07, 0.07, 0.07, 0.071, 0.072, 0.078, 0.104, 0.193, 0.412, 0.673, 0.811, 0.855, 0.866, 0.869, 0.87, 0.87, 0.87, 0.87, 0.87, 0.87, 0.87, 0.87, 0.87, 0.87, 0.87, 0.87, 0.87, 0.87, 0.87, 0.87, 0.87, 0.87, 0.87, 0.87, 0.87, 0.87, 0.87, 0.87, 0.87, 0.87, 0.87, 0.87, 0.87, 0.87, 0.87, 0.87, 0.87, 0.87, 0.87, 0.87, 0.87, 0.87, 0.87, 0.87, 0.87, 0.87, 0.87, 0.87]","[0.018, 0.024]","[1.0, 1.0, 0.18, 0.02]",1.0,1.0,0.18,0.02
2023-06-15,3,873,['Bpod1'],284,153,131,187,82,214,141,73,136,74,55,5,50,0.7535211267605634,0.9215686274509803,0.5572519083969466,269,146,123,179,141,38,0.7540106951871658,0.4634146341463415,84,42,42,0.22459893048128343,0.5121951219512195,0.7955390334572491,0.9657534246575342,0.5934959349593496,0.7955390334572491,-0.3722574896981846,0.7597765363128491,0.8809523809523809,-0.1211758446395318,0.6087126646667537,0.3683970262162515,15,7,8,0.0528169014084507,0.0457516339869281,0.061068702290076333,222,143,79,555.0,357.5,197.5,0.0,0,0,0,9.999999999976694e-05,"psych_curve(xdata=array([-70.,  70.]), ydata=[0.021, 0.642], fit=[0.02, 0.02, 0.02, 0.02, 0.02, 0.02, 0.02, 0.02, 0.02, 0.02, 0.02, 0.02, 0.02, 0.02, 0.02, 0.02, 0.02, 0.02, 0.02, 0.02, 0.02, 0.02, 0.02, 0.02, 0.02, 0.02, 0.02, 0.02, 0.02, 0.02, 0.02, 0.02, 0.02, 0.02, 0.02, 0.02, 0.02, 0.02, 0.02, 0.02, 0.02, 0.02, 0.02, 0.02, 0.02, 0.02, 0.022, 0.027, 0.046, 0.115, 0.285, 0.488, 0.594, 0.628, 0.637, 0.639, 0.64, 0.64, 0.64, 0.64, 0.64, 0.64, 0.64, 0.64, 0.64, 0.64, 0.64, 0.64, 0.64, 0.64, 0.64, 0.64, 0.64, 0.64, 0.64, 0.64, 0.64, 0.64, 0.64, 0.64, 0.64, 0.64, 0.64, 0.64, 0.64, 0.64, 0.64, 0.64, 0.64, 0.64, 0.64, 0.64, 0.64, 0.64, 0.64, 0.64, 0.64, 0.64, 0.64, 0.64], params=[1.0, 1.0, 0.02, 0.36], fit_error=[0.012, 0.043])",[-70.  70.],"[0.021, 0.642]","[0.02, 0.02, 0.02, 0.02, 0.02, 0.02, 0.02, 0.02, 0.02, 0.02, 0.02, 0.02, 0.02, 0.02, 0.02, 0.02, 0.02, 0.02, 0.02, 0.02, 0.02, 0.02, 0.02, 0.02, 0.02, 0.02, 0.02, 0.02, 0.02, 0.02, 0.02, 0.02, 0.02, 0.02, 0.02, 0.02, 0.02, 0.02, 0.02, 0.02, 0.02, 0.02, 0.02, 0.02, 0.02, 0.02, 0.022, 0.027, 0.046, 0.115, 0.285, 0.488, 0.594, 0.628, 0.637, 0.639, 0.64, 0.64, 0.64, 0.64, 0.64, 0.64, 0.64, 0.64, 0.64, 0.64, 0.64, 0.64, 0.64, 0.64, 0.64, 0.64, 0.64, 0.64, 0.64, 0.64, 0.64, 0.64, 0.64, 0.64, 0.64, 0.64, 0.64, 0.64, 0.64, 0.64, 0.64, 0.64, 0.64, 0.64, 0.64, 0.64, 0.64, 0.64, 0.64, 0.64, 0.64, 0.64, 0.64, 0.64]","[0.012, 0.043]","[1.0, 1.0, 0.02, 0.36]",1.0,1.0,0.02,0.36,"psych_curve(xdata=array([-70.,  70.]), ydata=[0.342, 0.965], fit=[nan, nan, nan, nan, nan, nan, nan, nan, nan, nan, nan, nan, nan, nan, nan, nan, nan, nan, nan, nan, nan, nan, nan, nan, nan, nan, nan, nan, nan, nan, nan, nan, nan, nan, nan, nan, nan, nan, nan, nan, nan, nan, nan, nan, nan, nan, nan, nan, nan, nan, nan, nan, nan, nan, nan, nan, nan, nan, nan, nan, nan, nan, nan, nan, nan, nan, nan, nan, nan, nan, nan, nan, nan, nan, nan, nan, nan, nan, nan, nan, nan, nan, nan, nan, nan, nan, nan, nan, nan, nan, nan, nan, nan, nan, nan, nan, nan, nan, nan, nan], params=[1.0, 1.0, 0.34, 0.03], fit_error=[0.043, 0.015])",[-70.  70.],"[0.021, 0.642]","[0.02, 0.02, 0.02, 0.02, 0.02, 0.02, 0.02, 0.02, 0.02, 0.02, 0.02, 0.02, 0.02, 0.02, 0.02, 0.02, 0.02, 0.02, 0.02, 0.02, 0.02, 0.02, 0.02, 0.02, 0.02, 0.02, 0.02, 0.02, 0.02, 0.02, 0.02, 0.02, 0.02, 0.02, 0.02, 0.02, 0.02, 0.02, 0.02, 0.02, 0.02, 0.02, 0.02, 0.02, 0.02, 0.02, 0.022, 0.027, 0.046, 0.115, 0.285, 0.488, 0.594, 0.628, 0.637, 0.639, 0.64, 0.64, 0.64, 0.64, 0.64, 0.64, 0.64, 0.64, 0.64, 0.64, 0.64, 0.64, 0.64, 0.64, 0.64, 0.64, 0.64, 0.64, 0.64, 0.64, 0.64, 0.64, 0.64, 0.64, 0.64, 0.64, 0.64, 0.64, 0.64, 0.64, 0.64, 0.64, 0.64, 0.64, 0.64, 0.64, 0.64, 0.64, 0.64, 0.64, 0.64, 0.64, 0.64, 0.64]","[0.012, 0.043]","[1.0, 1.0, 0.34, 0.03]",1.0,1.0,0.34,0.03
2023-06-16,4,873,['Bpod1'],467,234,233,252,181,346,198,148,186,149,87,28,59,0.7408993576017131,0.8461538461538461,0.6351931330472103,433,226,207,250,156,94,0.6190476190476191,0.5193370165745856,164,82,82,0.3253968253968254,0.4530386740331492,0.7990762124711316,0.8761061946902655,0.714975845410628,0.7990762124711316,-0.16113034927963754,0.744,0.9085365853658537,-0.1645365853658537,0.5691923178111024,0.3892177497149873,34,8,26,0.0728051391862955,0.03418803418803419,0.11158798283261803,359,202,157,897.5,505.0,392.5,0.0,0,0,0,9.999999999976694e-05,"psych_curve(xdata=array([-70.,  70.]), ydata=[0.106, 0.758], fit=[0.11, 0.11, 0.11, 0.11, 0.11, 0.11, 0.11, 0.11, 0.11, 0.11, 0.11, 0.11, 0.11, 0.11, 0.11, 0.11, 0.11, 0.11, 0.11, 0.11, 0.11, 0.11, 0.11, 0.11, 0.11, 0.11, 0.11, 0.11, 0.11, 0.11, 0.11, 0.11, 0.11, 0.11, 0.11, 0.11, 0.11, 0.11, 0.11, 0.11, 0.11, 0.11, 0.11, 0.11, 0.11, 0.11, 0.112, 0.117, 0.137, 0.21, 0.388, 0.6, 0.712, 0.748, 0.757, 0.759, 0.76, 0.76, 0.76, 0.76, 0.76, 0.76, 0.76, 0.76, 0.76, 0.76, 0.76, 0.76, 0.76, 0.76, 0.76, 0.76, 0.76, 0.76, 0.76, 0.76, 0.76, 0.76, 0.76, 0.76, 0.76, 0.76, 0.76, 0.76, 0.76, 0.76, 0.76, 0.76, 0.76, 0.76, 0.76, 0.76, 0.76, 0.76, 0.76, 0.76, 0.76, 0.76, 0.76, 0.76], params=[1.0, 1.0, 0.11, 0.24], fit_error=[0.021, 0.03])",[-70.  70.],"[0.106, 0.758]","[0.11, 0.11, 0.11, 0.11, 0.11, 0.11, 0.11, 0.11, 0.11, 0.11, 0.11, 0.11, 0.11, 0.11, 0.11, 0.11, 0.11, 0.11, 0.11, 0.11, 0.11, 0.11, 0.11, 0.11, 0.11, 0.11, 0.11, 0.11, 0.11, 0.11, 0.11, 0.11, 0.11, 0.11, 0.11, 0.11, 0.11, 0.11, 0.11, 0.11, 0.11, 0.11, 0.11, 0.11, 0.11, 0.11, 0.112, 0.117, 0.137, 0.21, 0.388, 0.6, 0.712, 0.748, 0.757, 0.759, 0.76, 0.76, 0.76, 0.76, 0.76, 0.76, 0.76, 0.76, 0.76, 0.76, 0.76, 0.76, 0.76, 0.76, 0.76, 0.76, 0.76, 0.76, 0.76, 0.76, 0.76, 0.76, 0.76, 0.76, 0.76, 0.76, 0.76, 0.76, 0.76, 0.76, 0.76, 0.76, 0.76, 0.76, 0.76, 0.76, 0.76, 0.76, 0.76, 0.76, 0.76, 0.76, 0.76, 0.76]","[0.021, 0.03]","[1.0, 1.0, 0.11, 0.24]",1.0,1.0,0.11,0.24,"psych_curve(xdata=array([-70.,  70.]), ydata=[0.28, 0.964], fit=[nan, nan, nan, nan, nan, nan, nan, nan, nan, nan, nan, nan, nan, nan, nan, nan, nan, nan, nan, nan, nan, nan, nan, nan, nan, nan, nan, nan, nan, nan, nan, nan, nan, nan, nan, nan, nan, nan, nan, nan, nan, nan, nan, nan, nan, nan, nan, nan, nan, nan, nan, nan, nan, nan, nan, nan, nan, nan, nan, nan, nan, nan, nan, nan, nan, nan, nan, nan, nan, nan, nan, nan, nan, nan, nan, nan, nan, nan, nan, nan, nan, nan, nan, nan, nan, nan, nan, nan, nan, nan, nan, nan, nan, nan, nan, nan, nan, nan, nan, nan], params=[1.0, 1.0, 0.28, 0.04], fit_error=[0.03, 0.013])",[-70.  70.],"[0.106, 0.758]","[0.11, 0.11, 0.11, 0.11, 0.11, 0.11, 0.11, 0.11, 0.11, 0.11, 0.11, 0.11, 0.11, 0.11, 0.11, 0.11, 0.11, 0.11, 0.11, 0.11, 0.11, 0.11, 0.11, 0.11, 0.11, 0.11, 0.11, 0.11, 0.11, 0.11, 0.11, 0.11, 0.11, 0.11, 0.11, 0.11, 0.11, 0.11, 0.11, 0.11, 0.11, 0.11, 0.11, 0.11, 0.11, 0.11, 0.112, 0.117, 0.137, 0.21, 0.388, 0.6, 0.712, 0.748, 0.757, 0.759, 0.76, 0.76, 0.76, 0.76, 0.76, 0.76, 0.76, 0.76, 0.76, 0.76, 0.76, 0.76, 0.76, 0.76, 0.76, 0.76, 0.76, 0.76, 0.76, 0.76, 0.76, 0.76, 0.76, 0.76, 0.76, 0.76, 0.76, 0.76, 0.76, 0.76, 0.76, 0.76, 0.76, 0.76, 0.76, 0.76, 0.76, 0.76, 0.76, 0.76, 0.76, 0.76, 0.76, 0.76]","[0.021, 0.03]","[1.0, 1.0, 0.28, 0.04]",1.0,1.0,0.28,0.04
2023-06-19,0,873,['Bpod1'],419,196,223,226,155,319,174,145,185,121,62,9,53,0.7613365155131265,0.8877551020408163,0.6502242152466368,381,183,198,231,144,87,0.6371681415929203,0.5612903225806452,132,66,66,0.2920353982300885,0.4258064516129032,0.8372703412073491,0.9508196721311475,0.7323232323232324,0.8372703412073491,-0.2184964398079151,0.8008658008658008,0.9166666666666666,-0.1158008658008658,0.5992292320867827,0.35892092492149585,38,13,25,0.09069212410501193,0.0663265306122449,0.11210762331838565,324,176,148,810.0,440.0,370.0,0.0,0,0,0,9.999999999976694e-05,"psych_curve(xdata=array([-70.,  70.]), ydata=[0.038, 0.747], fit=[0.04, 0.04, 0.04, 0.04, 0.04, 0.04, 0.04, 0.04, 0.04, 0.04, 0.04, 0.04, 0.04, 0.04, 0.04, 0.04, 0.04, 0.04, 0.04, 0.04, 0.04, 0.04, 0.04, 0.04, 0.04, 0.04, 0.04, 0.04, 0.04, 0.04, 0.04, 0.04, 0.04, 0.04, 0.04, 0.04, 0.04, 0.04, 0.04, 0.04, 0.04, 0.04, 0.04, 0.04, 0.04, 0.04, 0.042, 0.048, 0.07, 0.149, 0.343, 0.575, 0.698, 0.737, 0.747, 0.749, 0.75, 0.75, 0.75, 0.75, 0.75, 0.75, 0.75, 0.75, 0.75, 0.75, 0.75, 0.75, 0.75, 0.75, 0.75, 0.75, 0.75, 0.75, 0.75, 0.75, 0.75, 0.75, 0.75, 0.75, 0.75, 0.75, 0.75, 0.75, 0.75, 0.75, 0.75, 0.75, 0.75, 0.75, 0.75, 0.75, 0.75, 0.75, 0.75, 0.75, 0.75, 0.75, 0.75, 0.75], params=[1.0, 1.0, 0.04, 0.25], fit_error=[0.014, 0.031])",[-70.  70.],"[0.038, 0.747]","[0.04, 0.04, 0.04, 0.04, 0.04, 0.04, 0.04, 0.04, 0.04, 0.04, 0.04, 0.04, 0.04, 0.04, 0.04, 0.04, 0.04, 0.04, 0.04, 0.04, 0.04, 0.04, 0.04, 0.04, 0.04, 0.04, 0.04, 0.04, 0.04, 0.04, 0.04, 0.04, 0.04, 0.04, 0.04, 0.04, 0.04, 0.04, 0.04, 0.04, 0.04, 0.04, 0.04, 0.04, 0.04, 0.04, 0.042, 0.048, 0.07, 0.149, 0.343, 0.575, 0.698, 0.737, 0.747, 0.749, 0.75, 0.75, 0.75, 0.75, 0.75, 0.75, 0.75, 0.75, 0.75, 0.75, 0.75, 0.75, 0.75, 0.75, 0.75, 0.75, 0.75, 0.75, 0.75, 0.75, 0.75, 0.75, 0.75, 0.75, 0.75, 0.75, 0.75, 0.75, 0.75, 0.75, 0.75, 0.75, 0.75, 0.75, 0.75, 0.75, 0.75, 0.75, 0.75, 0.75, 0.75, 0.75, 0.75, 0.75]","[0.014, 0.031]","[1.0, 1.0, 0.04, 0.25]",1.0,1.0,0.04,0.25,"psych_curve(xdata=array([-70.,  70.]), ydata=[0.267, 0.969], fit=[nan, nan, nan, nan, nan, nan, nan, nan, nan, nan, nan, nan, nan, nan, nan, nan, nan, nan, nan, nan, nan, nan, nan, nan, nan, nan, nan, nan, nan, nan, nan, nan, nan, nan, nan, nan, nan, nan, nan, nan, nan, nan, nan, nan, nan, nan, nan, nan, nan, nan, nan, nan, nan, nan, nan, nan, nan, nan, nan, nan, nan, nan, nan, nan, nan, nan, nan, nan, nan, nan, nan, nan, nan, nan, nan, nan, nan, nan, nan, nan, nan, nan, nan, nan, nan, nan, nan, nan, nan, nan, nan, nan, nan, nan, nan, nan, nan, nan, nan, nan], params=[1.0, 1.0, 0.27, 0.03], fit_error=[0.034, 0.013])",[-70.  70.],"[0.038, 0.747]","[0.04, 0.04, 0.04, 0.04, 0.04, 0.04, 0.04, 0.04, 0.04, 0.04, 0.04, 0.04, 0.04, 0.04, 0.04, 0.04, 0.04, 0.04, 0.04, 0.04, 0.04, 0.04, 0.04, 0.04, 0.04, 0.04, 0.04, 0.04, 0.04, 0.04, 0.04, 0.04, 0.04, 0.04, 0.04, 0.04, 0.04, 0.04, 0.04, 0.04, 0.04, 0.04, 0.04, 0.04, 0.04, 0.04, 0.042, 0.048, 0.07, 0.149, 0.343, 0.575, 0.698, 0.737, 0.747, 0.749, 0.75, 0.75, 0.75, 0.75, 0.75, 0.75, 0.75, 0.75, 0.75, 0.75, 0.75, 0.75, 0.75, 0.75, 0.75, 0.75, 0.75, 0.75, 0.75, 0.75, 0.75, 0.75, 0.75, 0.75, 0.75, 0.75, 0.75, 0.75, 0.75, 0.75, 0.75, 0.75, 0.75, 0.75, 0.75, 0.75, 0.75, 0.75, 0.75, 0.75, 0.75, 0.75, 0.75, 0.75]","[0.014, 0.031]","[1.0, 1.0, 0.27, 0.03]",1.0,1.0,0.27,0.03
2023-06-21,2,873,['Bpod1'],660,314,346,392,251,512,287,225,285,223,131,26,105,0.7757575757575758,0.9140127388535032,0.6502890173410405,643,313,330,394,266,128,0.6785714285714286,0.5099601593625498,241,121,120,0.3086734693877551,0.47808764940239046,0.7962674961119751,0.9169329073482428,0.6818181818181818,0.7962674961119751,-0.23511472553006107,0.7233502538071066,0.9253112033195021,-0.20196094951239552,0.5942657939669892,0.39338055939507277,17,1,16,0.025757575757575757,0.0031847133757961785,0.046242774566473986,512,287,225,1280.0,717.5,562.5,0.0,0,0,0,0.1712393939393938,"psych_curve(xdata=array([-70.,  70.]), ydata=[0.083, 0.682], fit=[0.08, 0.08, 0.08, 0.08, 0.08, 0.08, 0.08, 0.08, 0.08, 0.08, 0.08, 0.08, 0.08, 0.08, 0.08, 0.08, 0.08, 0.08, 0.08, 0.08, 0.08, 0.08, 0.08, 0.08, 0.08, 0.08, 0.08, 0.08, 0.08, 0.08, 0.08, 0.08, 0.08, 0.08, 0.08, 0.08, 0.08, 0.08, 0.08, 0.08, 0.08, 0.08, 0.08, 0.08, 0.08, 0.08, 0.082, 0.086, 0.105, 0.172, 0.336, 0.533, 0.636, 0.669, 0.677, 0.679, 0.68, 0.68, 0.68, 0.68, 0.68, 0.68, 0.68, 0.68, 0.68, 0.68, 0.68, 0.68, 0.68, 0.68, 0.68, 0.68, 0.68, 0.68, 0.68, 0.68, 0.68, 0.68, 0.68, 0.68, 0.68, 0.68, 0.68, 0.68, 0.68, 0.68, 0.68, 0.68, 0.68, 0.68, 0.68, 0.68, 0.68, 0.68, 0.68, 0.68, 0.68, 0.68, 0.68, 0.68], params=[1.0, 1.0, 0.08, 0.32], fit_error=[0.016, 0.026])",[-70.  70.],"[0.083, 0.682]","[0.08, 0.08, 0.08, 0.08, 0.08, 0.08, 0.08, 0.08, 0.08, 0.08, 0.08, 0.08, 0.08, 0.08, 0.08, 0.08, 0.08, 0.08, 0.08, 0.08, 0.08, 0.08, 0.08, 0.08, 0.08, 0.08, 0.08, 0.08, 0.08, 0.08, 0.08, 0.08, 0.08, 0.08, 0.08, 0.08, 0.08, 0.08, 0.08, 0.08, 0.08, 0.08, 0.08, 0.08, 0.08, 0.08, 0.082, 0.086, 0.105, 0.172, 0.336, 0.533, 0.636, 0.669, 0.677, 0.679, 0.68, 0.68, 0.68, 0.68, 0.68, 0.68, 0.68, 0.68, 0.68, 0.68, 0.68, 0.68, 0.68, 0.68, 0.68, 0.68, 0.68, 0.68, 0.68, 0.68, 0.68, 0.68, 0.68, 0.68, 0.68, 0.68, 0.68, 0.68, 0.68, 0.68, 0.68, 0.68, 0.68, 0.68, 0.68, 0.68, 0.68, 0.68, 0.68, 0.68, 0.68, 0.68, 0.68, 0.68]","[0.016, 0.026]","[1.0, 1.0, 0.08, 0.32]",1.0,1.0,0.08,0.32,"psych_curve(xdata=array([-70.,  70.]), ydata=[0.328, 0.941], fit=[nan, nan, nan, nan, nan, nan, nan, nan, nan, nan, nan, nan, nan, nan, nan, nan, nan, nan, nan, nan, nan, nan, nan, nan, nan, nan, nan, nan, nan, nan, nan, nan, nan, nan, nan, nan, nan, nan, nan, nan, nan, nan, nan, nan, nan, nan, nan, nan, nan, nan, nan, nan, nan, nan, nan, nan, nan, nan, nan, nan, nan, nan, nan, nan, nan, nan, nan, nan, nan, nan, nan, nan, nan, nan, nan, nan, nan, nan, nan, nan, nan, nan, nan, nan, nan, nan, nan, nan, nan, nan, nan, nan, nan, nan, nan, nan, nan, nan, nan, nan], params=[1.0, 1.0, 0.33, 0.06], fit_error=[0.026, 0.014])",[-70.  70.],"[0.083, 0.682]","[0.08, 0.08, 0.08, 0.08, 0.08, 0.08, 0.08, 0.08, 0.08, 0.08, 0.08, 0.08, 0.08, 0.08, 0.08, 0.08, 0.08, 0.08, 0.08, 0.08, 0.08, 0.08, 0.08, 0.08, 0.08, 0.08, 0.08, 0.08, 0.08, 0.08, 0.08, 0.08, 0.08, 0.08, 0.08, 0.08, 0.08, 0.08, 0.08, 0.08, 0.08, 0.08, 0.08, 0.08, 0.08, 0.08, 0.082, 0.086, 0.105, 0.172, 0.336, 0.533, 0.636, 0.669, 0.677, 0.679, 0.68, 0.68, 0.68, 0.68, 0.68, 0.68, 0.68, 0.68, 0.68, 0.68, 0.68, 0.68, 0.68, 0.68, 0.68, 0.68, 0.68, 0.68, 0.68, 0.68, 0.68, 0.68, 0.68, 0.68, 0.68, 0.68, 0.68, 0.68, 0.68, 0.68, 0.68, 0.68, 0.68, 0.68, 0.68, 0.68, 0.68, 0.68, 0.68, 0.68, 0.68, 0.68, 0.68, 0.68]","[0.016, 0.026]","[1.0, 1.0, 0.33, 0.06]",1.0,1.0,0.33,0.06
2023-06-22,3,873,['Bpod1'],439,215,224,273,142,262,162,100,161,93,153,42,111,0.5968109339407744,0.7534883720930232,0.44642857142857145,415,204,211,286,203,83,0.7435897435897436,0.5845070422535211,118,59,59,0.21611721611721613,0.4154929577464789,0.6313253012048192,0.7941176470588235,0.47393364928909953,0.6313253012048192,-0.32018399776972395,0.5629370629370629,0.788135593220339,-0.22519853028327608,0.6640483929216323,0.3158050869318475,24,11,13,0.05466970387243736,0.05116279069767442,0.05803571428571429,262,162,100,655.0,405.0,250.0,0.0,0,0,0,0.21594533029612742,"psych_curve(xdata=array([-70.,  70.]), ydata=[0.206, 0.474], fit=[0.21, 0.21, 0.21, 0.21, 0.21, 0.21, 0.21, 0.21, 0.21, 0.21, 0.21, 0.21, 0.21, 0.21, 0.21, 0.21, 0.21, 0.21, 0.21, 0.21, 0.21, 0.21, 0.21, 0.21, 0.21, 0.21, 0.21, 0.21, 0.21, 0.21, 0.21, 0.21, 0.21, 0.21, 0.21, 0.21, 0.21, 0.21, 0.21, 0.21, 0.21, 0.21, 0.21, 0.21, 0.21, 0.21, 0.211, 0.213, 0.221, 0.25, 0.321, 0.406, 0.451, 0.465, 0.469, 0.47, 0.47, 0.47, 0.47, 0.47, 0.47, 0.47, 0.47, 0.47, 0.47, 0.47, 0.47, 0.47, 0.47, 0.47, 0.47, 0.47, 0.47, 0.47, 0.47, 0.47, 0.47, 0.47, 0.47, 0.47, 0.47, 0.47, 0.47, 0.47, 0.47, 0.47, 0.47, 0.47, 0.47, 0.47, 0.47, 0.47, 0.47, 0.47, 0.47, 0.47, 0.47, 0.47, 0.47, 0.47], params=[1.0, 1.0, 0.21, 0.53], fit_error=[0.028, 0.034])",[-70.  70.],"[0.206, 0.474]","[0.21, 0.21, 0.21, 0.21, 0.21, 0.21, 0.21, 0.21, 0.21, 0.21, 0.21, 0.21, 0.21, 0.21, 0.21, 0.21, 0.21, 0.21, 0.21, 0.21, 0.21, 0.21, 0.21, 0.21, 0.21, 0.21, 0.21, 0.21, 0.21, 0.21, 0.21, 0.21, 0.21, 0.21, 0.21, 0.21, 0.21, 0.21, 0.21, 0.21, 0.21, 0.21, 0.21, 0.21, 0.21, 0.21, 0.211, 0.213, 0.221, 0.25, 0.321, 0.406, 0.451, 0.465, 0.469, 0.47, 0.47, 0.47, 0.47, 0.47, 0.47, 0.47, 0.47, 0.47, 0.47, 0.47, 0.47, 0.47, 0.47, 0.47, 0.47, 0.47, 0.47, 0.47, 0.47, 0.47, 0.47, 0.47, 0.47, 0.47, 0.47, 0.47, 0.47, 0.47, 0.47, 0.47, 0.47, 0.47, 0.47, 0.47, 0.47, 0.47, 0.47, 0.47, 0.47, 0.47, 0.47, 0.47, 0.47, 0.47]","[0.028, 0.034]","[1.0, 1.0, 0.21, 0.53]",1.0,1.0,0.21,0.53,"psych_curve(xdata=array([-70.,  70.]), ydata=[0.573, 0.866], fit=[nan, nan, nan, nan, nan, nan, nan, nan, nan, nan, nan, nan, nan, nan, nan, nan, nan, nan, nan, nan, nan, nan, nan, nan, nan, nan, nan, nan, nan, nan, nan, nan, nan, nan, nan, nan, nan, nan, nan, nan, nan, nan, nan, nan, nan, nan, nan, nan, nan, nan, nan, nan, nan, nan, nan, nan, nan, nan, nan, nan, nan, nan, nan, nan, nan, nan, nan, nan, nan, nan, nan, nan, nan, nan, nan, nan, nan, nan, nan, nan, nan, nan, nan, nan, nan, nan, nan, nan, nan, nan, nan, nan, nan, nan, nan, nan, nan, nan, nan, nan], params=[1.0, 1.0, 0.57, 0.13], fit_error=[0.034, 0.025])",[-70.  70.],"[0.206, 0.474]","[0.21, 0.21, 0.21, 0.21, 0.21, 0.21, 0.21, 0.21, 0.21, 0.21, 0.21, 0.21, 0.21, 0.21, 0.21, 0.21, 0.21, 0.21, 0.21, 0.21, 0.21, 0.21, 0.21, 0.21, 0.21, 0.21, 0.21, 0.21, 0.21, 0.21, 0.21, 0.21, 0.21, 0.21, 0.21, 0.21, 0.21, 0.21, 0.21, 0.21, 0.21, 0.21, 0.21, 0.21, 0.21, 0.21, 0.211, 0.213, 0.221, 0.25, 0.321, 0.406, 0.451, 0.465, 0.469, 0.47, 0.47, 0.47, 0.47, 0.47, 0.47, 0.47, 0.47, 0.47, 0.47, 0.47, 0.47, 0.47, 0.47, 0.47, 0.47, 0.47, 0.47, 0.47, 0.47, 0.47, 0.47, 0.47, 0.47, 0.47, 0.47, 0.47, 0.47, 0.47, 0.47, 0.47, 0.47, 0.47, 0.47, 0.47, 0.47, 0.47, 0.47, 0.47, 0.47, 0.47, 0.47, 0.47, 0.47, 0.47]","[0.028, 0.034]","[1.0, 1.0, 0.57, 0.13]",1.0,1.0,0.57,0.13
2023-06-26,0,873,['Bpod1'],318,168,150,151,42,130,99,31,77,23,63,11,52,0.4088050314465409,0.5892857142857143,0.20666666666666667,193,110,83,125,108,17,0.7152317880794702,0.40476190476190477,28,15,13,0.09933774834437085,0.30952380952380953,0.6735751295336787,0.9,0.37349397590361444,0.6735751295336787,-0.5265060240963856,0.616,0.8214285714285714,-0.2054285714285714,0.5599968464206875,0.2044307789340902,125,58,67,0.39308176100628933,0.34523809523809523,0.44666666666666666,130,99,31,325.0,247.5,77.5,0.0,0,0,0,0.19999999999999993,"psych_curve(xdata=array([-70.,  70.]), ydata=[0.1, 0.373], fit=[0.1, 0.1, 0.1, 0.1, 0.1, 0.1, 0.1, 0.1, 0.1, 0.1, 0.1, 0.1, 0.1, 0.1, 0.1, 0.1, 0.1, 0.1, 0.1, 0.1, 0.1, 0.1, 0.1, 0.1, 0.1, 0.1, 0.1, 0.1, 0.1, 0.1, 0.1, 0.1, 0.1, 0.1, 0.1, 0.1, 0.1, 0.1, 0.1, 0.1, 0.1, 0.1, 0.1, 0.1, 0.1, 0.1, 0.101, 0.103, 0.111, 0.141, 0.215, 0.304, 0.35, 0.365, 0.369, 0.37, 0.37, 0.37, 0.37, 0.37, 0.37, 0.37, 0.37, 0.37, 0.37, 0.37, 0.37, 0.37, 0.37, 0.37, 0.37, 0.37, 0.37, 0.37, 0.37, 0.37, 0.37, 0.37, 0.37, 0.37, 0.37, 0.37, 0.37, 0.37, 0.37, 0.37, 0.37, 0.37, 0.37, 0.37, 0.37, 0.37, 0.37, 0.37, 0.37, 0.37, 0.37, 0.37, 0.37, 0.37], params=[1.0, 1.0, 0.1, 0.63], fit_error=[0.029, 0.053])",[-70.  70.],"[0.1, 0.373]","[0.1, 0.1, 0.1, 0.1, 0.1, 0.1, 0.1, 0.1, 0.1, 0.1, 0.1, 0.1, 0.1, 0.1, 0.1, 0.1, 0.1, 0.1, 0.1, 0.1, 0.1, 0.1, 0.1, 0.1, 0.1, 0.1, 0.1, 0.1, 0.1, 0.1, 0.1, 0.1, 0.1, 0.1, 0.1, 0.1, 0.1, 0.1, 0.1, 0.1, 0.1, 0.1, 0.1, 0.1, 0.1, 0.1, 0.101, 0.103, 0.111, 0.141, 0.215, 0.304, 0.35, 0.365, 0.369, 0.37, 0.37, 0.37, 0.37, 0.37, 0.37, 0.37, 0.37, 0.37, 0.37, 0.37, 0.37, 0.37, 0.37, 0.37, 0.37, 0.37, 0.37, 0.37, 0.37, 0.37, 0.37, 0.37, 0.37, 0.37, 0.37, 0.37, 0.37, 0.37, 0.37, 0.37, 0.37, 0.37, 0.37, 0.37, 0.37, 0.37, 0.37, 0.37, 0.37, 0.37, 0.37, 0.37, 0.37, 0.37]","[0.029, 0.053]","[1.0, 1.0, 0.1, 0.63]",1.0,1.0,0.1,0.63,"psych_curve(xdata=array([-70.,  70.]), ydata=[0.676, 0.939], fit=[nan, nan, nan, nan, nan, nan, nan, nan, nan, nan, nan, nan, nan, nan, nan, nan, nan, nan, nan, nan, nan, nan, nan, nan, nan, nan, nan, nan, nan, nan, nan, nan, nan, nan, nan, nan, nan, nan, nan, nan, nan, nan, nan, nan, nan, nan, nan, nan, nan, nan, nan, nan, nan, nan, nan, nan, nan, nan, nan, nan, nan, nan, nan, nan, nan, nan, nan, nan, nan, nan, nan, nan, nan, nan, nan, nan, nan, nan, nan, nan, nan, nan, nan, nan, nan, nan, nan, nan, nan, nan, nan, nan, nan, nan, nan, nan, nan, nan, nan, nan], params=[1.0, 1.0, 0.68, 0.06], fit_error=[0.056, 0.027])",[-70.  70.],"[0.1, 0.373]","[0.1, 0.1, 0.1, 0.1, 0.1, 0.1, 0.1, 0.1, 0.1, 0.1, 0.1, 0.1, 0.1, 0.1, 0.1, 0.1, 0.1, 0.1, 0.1, 0.1, 0.1, 0.1, 0.1, 0.1, 0.1, 0.1, 0.1, 0.1, 0.1, 0.1, 0.1, 0.1, 0.1, 0.1, 0.1, 0.1, 0.1, 0.1, 0.1, 0.1, 0.1, 0.1, 0.1, 0.1, 0.1, 0.1, 0.101, 0.103, 0.111, 0.141, 0.215, 0.304, 0.35, 0.365, 0.369, 0.37, 0.37, 0.37, 0.37, 0.37, 0.37, 0.37, 0.37, 0.37, 0.37, 0.37, 0.37, 0.37, 0.37, 0.37, 0.37, 0.37, 0.37, 0.37, 0.37, 0.37, 0.37, 0.37, 0.37, 0.37, 0.37, 0.37, 0.37, 0.37, 0.37, 0.37, 0.37, 0.37, 0.37, 0.37, 0.37, 0.37, 0.37, 0.37, 0.37, 0.37, 0.37, 0.37, 0.37, 0.37]","[0.029, 0.053]","[1.0, 1.0, 0.68, 0.06]",1.0,1.0,0.68,0.06
2023-06-27,1,873,['Bpod1'],374,207,167,241,79,236,174,62,155,58,84,17,67,0.6310160427807486,0.8405797101449275,0.3712574850299401,320,191,129,220,177,43,0.7344398340248963,0.5443037974683544,68,33,35,0.13692946058091288,0.4430379746835443,0.7375,0.9109947643979057,0.4806201550387597,0.7375,-0.430374609359146,0.7045454545454546,0.8529411764705882,-0.14839572192513362,0.6393718157466254,0.2899837176322286,54,16,38,0.1443850267379679,0.07729468599033816,0.2275449101796407,236,174,62,590.0,435.0,155.0,0.0,0,0,0,0.06527272727272704,"psych_curve(xdata=array([-70.,  70.]), ydata=[0.089, 0.481], fit=[0.09, 0.09, 0.09, 0.09, 0.09, 0.09, 0.09, 0.09, 0.09, 0.09, 0.09, 0.09, 0.09, 0.09, 0.09, 0.09, 0.09, 0.09, 0.09, 0.09, 0.09, 0.09, 0.09, 0.09, 0.09, 0.09, 0.09, 0.09, 0.09, 0.09, 0.09, 0.09, 0.09, 0.09, 0.09, 0.09, 0.09, 0.09, 0.09, 0.09, 0.09, 0.09, 0.09, 0.09, 0.09, 0.09, 0.091, 0.094, 0.106, 0.15, 0.257, 0.384, 0.451, 0.473, 0.478, 0.48, 0.48, 0.48, 0.48, 0.48, 0.48, 0.48, 0.48, 0.48, 0.48, 0.48, 0.48, 0.48, 0.48, 0.48, 0.48, 0.48, 0.48, 0.48, 0.48, 0.48, 0.48, 0.48, 0.48, 0.48, 0.48, 0.48, 0.48, 0.48, 0.48, 0.48, 0.48, 0.48, 0.48, 0.48, 0.48, 0.48, 0.48, 0.48, 0.48, 0.48, 0.48, 0.48, 0.48, 0.48], params=[1.0, 1.0, 0.09, 0.52], fit_error=[0.021, 0.044])",[-70.  70.],"[0.089, 0.481]","[0.09, 0.09, 0.09, 0.09, 0.09, 0.09, 0.09, 0.09, 0.09, 0.09, 0.09, 0.09, 0.09, 0.09, 0.09, 0.09, 0.09, 0.09, 0.09, 0.09, 0.09, 0.09, 0.09, 0.09, 0.09, 0.09, 0.09, 0.09, 0.09, 0.09, 0.09, 0.09, 0.09, 0.09, 0.09, 0.09, 0.09, 0.09, 0.09, 0.09, 0.09, 0.09, 0.09, 0.09, 0.09, 0.09, 0.091, 0.094, 0.106, 0.15, 0.257, 0.384, 0.451, 0.473, 0.478, 0.48, 0.48, 0.48, 0.48, 0.48, 0.48, 0.48, 0.48, 0.48, 0.48, 0.48, 0.48, 0.48, 0.48, 0.48, 0.48, 0.48, 0.48, 0.48, 0.48, 0.48, 0.48, 0.48, 0.48, 0.48, 0.48, 0.48, 0.48, 0.48, 0.48, 0.48, 0.48, 0.48, 0.48, 0.48, 0.48, 0.48, 0.48, 0.48, 0.48, 0.48, 0.48, 0.48, 0.48, 0.48]","[0.021, 0.044]","[1.0, 1.0, 0.09, 0.52]",1.0,1.0,0.09,0.52,"psych_curve(xdata=array([-70.,  70.]), ydata=[0.528, 0.939], fit=[nan, nan, nan, nan, nan, nan, nan, nan, nan, nan, nan, nan, nan, nan, nan, nan, nan, nan, nan, nan, nan, nan, nan, nan, nan, nan, nan, nan, nan, nan, nan, nan, nan, nan, nan, nan, nan, nan, nan, nan, nan, nan, nan, nan, nan, nan, nan, nan, nan, nan, nan, nan, nan, nan, nan, nan, nan, nan, nan, nan, nan, nan, nan, nan, nan, nan, nan, nan, nan, nan, nan, nan, nan, nan, nan, nan, nan, nan, nan, nan, nan, nan, nan, nan, nan, nan, nan, nan, nan, nan, nan, nan, nan, nan, nan, nan, nan, nan, nan, nan], params=[1.0, 1.0, 0.53, 0.06], fit_error=[0.045, 0.019])",[-70.  70.],"[0.089, 0.481]","[0.09, 0.09, 0.09, 0.09, 0.09, 0.09, 0.09, 0.09, 0.09, 0.09, 0.09, 0.09, 0.09, 0.09, 0.09, 0.09, 0.09, 0.09, 0.09, 0.09, 0.09, 0.09, 0.09, 0.09, 0.09, 0.09, 0.09, 0.09, 0.09, 0.09, 0.09, 0.09, 0.09, 0.09, 0.09, 0.09, 0.09, 0.09, 0.09, 0.09, 0.09, 0.09, 0.09, 0.09, 0.09, 0.09, 0.091, 0.094, 0.106, 0.15, 0.257, 0.384, 0.451, 0.473, 0.478, 0.48, 0.48, 0.48, 0.48, 0.48, 0.48, 0.48, 0.48, 0.48, 0.48, 0.48, 0.48, 0.48, 0.48, 0.48, 0.48, 0.48, 0.48, 0.48, 0.48, 0.48, 0.48, 0.48, 0.48, 0.48, 0.48, 0.48, 0.48, 0.48, 0.48, 0.48, 0.48, 0.48, 0.48, 0.48, 0.48, 0.48, 0.48, 0.48, 0.48, 0.48, 0.48, 0.48, 0.48, 0.48]","[0.021, 0.044]","[1.0, 1.0, 0.53, 0.06]",1.0,1.0,0.53,0.06
2023-06-28,2,873,['Bpod1'],238,126,112,116,107,148,81,67,101,40,75,40,35,0.6218487394957983,0.6428571428571429,0.5982142857142857,223,121,102,168,88,80,0.7586206896551724,0.7476635514018691,44,24,20,0.20689655172413793,0.18691588785046728,0.6636771300448431,0.6694214876033058,0.6568627450980392,0.6636771300448431,-0.012558742505266562,0.6011904761904762,0.9090909090909091,-0.3079004329004329,0.7531421205285207,0.1969062197873026,15,5,10,0.06302521008403361,0.03968253968253968,0.08928571428571429,148,81,67,370.0,202.5,167.5,0.0,0,0,0,0.0999999999999998,"psych_curve(xdata=array([-70.,  70.]), ydata=[0.331, 0.657], fit=[0.33, 0.33, 0.33, 0.33, 0.33, 0.33, 0.33, 0.33, 0.33, 0.33, 0.33, 0.33, 0.33, 0.33, 0.33, 0.33, 0.33, 0.33, 0.33, 0.33, 0.33, 0.33, 0.33, 0.33, 0.33, 0.33, 0.33, 0.33, 0.33, 0.33, 0.33, 0.33, 0.33, 0.33, 0.33, 0.33, 0.33, 0.33, 0.33, 0.33, 0.33, 0.33, 0.33, 0.33, 0.33, 0.33, 0.331, 0.334, 0.344, 0.381, 0.471, 0.579, 0.636, 0.654, 0.658, 0.66, 0.66, 0.66, 0.66, 0.66, 0.66, 0.66, 0.66, 0.66, 0.66, 0.66, 0.66, 0.66, 0.66, 0.66, 0.66, 0.66, 0.66, 0.66, 0.66, 0.66, 0.66, 0.66, 0.66, 0.66, 0.66, 0.66, 0.66, 0.66, 0.66, 0.66, 0.66, 0.66, 0.66, 0.66, 0.66, 0.66, 0.66, 0.66, 0.66, 0.66, 0.66, 0.66, 0.66, 0.66], params=[1.0, 1.0, 0.33, 0.34], fit_error=[0.043, 0.047])",[-70.  70.],"[0.331, 0.657]","[0.33, 0.33, 0.33, 0.33, 0.33, 0.33, 0.33, 0.33, 0.33, 0.33, 0.33, 0.33, 0.33, 0.33, 0.33, 0.33, 0.33, 0.33, 0.33, 0.33, 0.33, 0.33, 0.33, 0.33, 0.33, 0.33, 0.33, 0.33, 0.33, 0.33, 0.33, 0.33, 0.33, 0.33, 0.33, 0.33, 0.33, 0.33, 0.33, 0.33, 0.33, 0.33, 0.33, 0.33, 0.33, 0.33, 0.331, 0.334, 0.344, 0.381, 0.471, 0.579, 0.636, 0.654, 0.658, 0.66, 0.66, 0.66, 0.66, 0.66, 0.66, 0.66, 0.66, 0.66, 0.66, 0.66, 0.66, 0.66, 0.66, 0.66, 0.66, 0.66, 0.66, 0.66, 0.66, 0.66, 0.66, 0.66, 0.66, 0.66, 0.66, 0.66, 0.66, 0.66, 0.66, 0.66, 0.66, 0.66, 0.66, 0.66, 0.66, 0.66, 0.66, 0.66, 0.66, 0.66, 0.66, 0.66, 0.66, 0.66]","[0.043, 0.047]","[1.0, 1.0, 0.33, 0.34]",1.0,1.0,0.33,0.34,"psych_curve(xdata=array([-70.,  70.]), ydata=[0.626, 0.962], fit=[nan, nan, nan, nan, nan, nan, nan, nan, nan, nan, nan, nan, nan, nan, nan, nan, nan, nan, nan, nan, nan, nan, nan, nan, nan, nan, nan, nan, nan, nan, nan, nan, nan, nan, nan, nan, nan, nan, nan, nan, nan, nan, nan, nan, nan, nan, nan, nan, nan, nan, nan, nan, nan, nan, nan, nan, nan, nan, nan, nan, nan, nan, nan, nan, nan, nan, nan, nan, nan, nan, nan, nan, nan, nan, nan, nan, nan, nan, nan, nan, nan, nan, nan, nan, nan, nan, nan, nan, nan, nan, nan, nan, nan, nan, nan, nan, nan, nan, nan, nan], params=[1.0, 1.0, 0.63, 0.04], fit_error=[0.047, 0.019])",[-70.  70.],"[0.331, 0.657]","[0.33, 0.33, 0.33, 0.33, 0.33, 0.33, 0.33, 0.33, 0.33, 0.33, 0.33, 0.33, 0.33, 0.33, 0.33, 0.33, 0.33, 0.33, 0.33, 0.33, 0.33, 0.33, 0.33, 0.33, 0.33, 0.33, 0.33, 0.33, 0.33, 0.33, 0.33, 0.33, 0.33, 0.33, 0.33, 0.33, 0.33, 0.33, 0.33, 0.33, 0.33, 0.33, 0.33, 0.33, 0.33, 0.33, 0.331, 0.334, 0.344, 0.381, 0.471, 0.579, 0.636, 0.654, 0.658, 0.66, 0.66, 0.66, 0.66, 0.66, 0.66, 0.66, 0.66, 0.66, 0.66, 0.66, 0.66, 0.66, 0.66, 0.66, 0.66, 0.66, 0.66, 0.66, 0.66, 0.66, 0.66, 0.66, 0.66, 0.66, 0.66, 0.66, 0.66, 0.66, 0.66, 0.66, 0.66, 0.66, 0.66, 0.66, 0.66, 0.66, 0.66, 0.66, 0.66, 0.66, 0.66, 0.66, 0.66, 0.66]","[0.043, 0.047]","[1.0, 1.0, 0.63, 0.04]",1.0,1.0,0.63,0.04
2023-06-29,3,873,['Bpod1'],436,221,215,201,220,317,156,161,201,109,104,59,45,0.7270642201834863,0.7058823529411765,0.7488372093023256,421,215,206,287,134,153,0.6666666666666666,0.6954545454545454,125,63,62,0.31343283582089554,0.2818181818181818,0.7529691211401425,0.7255813953488373,0.7815533980582524,0.7529691211401425,0.05597200270941516,0.7003484320557491,0.872,-0.17165156794425085,0.681060606060606,0.29762550881953864,15,6,9,0.034403669724770644,0.027149321266968326,0.04186046511627907,317,156,161,792.5,390.0,402.5,0.0,0,0,0,0.13167431192660534,"psych_curve(xdata=array([-70.,  70.]), ydata=[0.274, 0.782], fit=[0.27, 0.27, 0.27, 0.27, 0.27, 0.27, 0.27, 0.27, 0.27, 0.27, 0.27, 0.27, 0.27, 0.27, 0.27, 0.27, 0.27, 0.27, 0.27, 0.27, 0.27, 0.27, 0.27, 0.27, 0.27, 0.27, 0.27, 0.27, 0.27, 0.27, 0.27, 0.27, 0.27, 0.27, 0.27, 0.27, 0.27, 0.27, 0.27, 0.27, 0.27, 0.27, 0.27, 0.27, 0.27, 0.27, 0.271, 0.275, 0.292, 0.348, 0.488, 0.655, 0.743, 0.77, 0.778, 0.779, 0.78, 0.78, 0.78, 0.78, 0.78, 0.78, 0.78, 0.78, 0.78, 0.78, 0.78, 0.78, 0.78, 0.78, 0.78, 0.78, 0.78, 0.78, 0.78, 0.78, 0.78, 0.78, 0.78, 0.78, 0.78, 0.78, 0.78, 0.78, 0.78, 0.78, 0.78, 0.78, 0.78, 0.78, 0.78, 0.78, 0.78, 0.78, 0.78, 0.78, 0.78, 0.78, 0.78, 0.78], params=[1.0, 1.0, 0.27, 0.22], fit_error=[0.031, 0.029])",[-70.  70.],"[0.274, 0.782]","[0.27, 0.27, 0.27, 0.27, 0.27, 0.27, 0.27, 0.27, 0.27, 0.27, 0.27, 0.27, 0.27, 0.27, 0.27, 0.27, 0.27, 0.27, 0.27, 0.27, 0.27, 0.27, 0.27, 0.27, 0.27, 0.27, 0.27, 0.27, 0.27, 0.27, 0.27, 0.27, 0.27, 0.27, 0.27, 0.27, 0.27, 0.27, 0.27, 0.27, 0.27, 0.27, 0.27, 0.27, 0.27, 0.27, 0.271, 0.275, 0.292, 0.348, 0.488, 0.655, 0.743, 0.77, 0.778, 0.779, 0.78, 0.78, 0.78, 0.78, 0.78, 0.78, 0.78, 0.78, 0.78, 0.78, 0.78, 0.78, 0.78, 0.78, 0.78, 0.78, 0.78, 0.78, 0.78, 0.78, 0.78, 0.78, 0.78, 0.78, 0.78, 0.78, 0.78, 0.78, 0.78, 0.78, 0.78, 0.78, 0.78, 0.78, 0.78, 0.78, 0.78, 0.78, 0.78, 0.78, 0.78, 0.78, 0.78, 0.78]","[0.031, 0.029]","[1.0, 1.0, 0.27, 0.22]",1.0,1.0,0.27,0.22,"psych_curve(xdata=array([-70.,  70.]), ydata=[0.441, 0.926], fit=[nan, nan, nan, nan, nan, nan, nan, nan, nan, nan, nan, nan, nan, nan, nan, nan, nan, nan, nan, nan, nan, nan, nan, nan, nan, nan, nan, nan, nan, nan, nan, nan, nan, nan, nan, nan, nan, nan, nan, nan, nan, nan, nan, nan, nan, nan, nan, nan, nan, nan, nan, nan, nan, nan, nan, nan, nan, nan, nan, nan, nan, nan, nan, nan, nan, nan, nan, nan, nan, nan, nan, nan, nan, nan, nan, nan, nan, nan, nan, nan, nan, nan, nan, nan, nan, nan, nan, nan, nan, nan, nan, nan, nan, nan, nan, nan, nan, nan, nan, nan], params=[1.0, 1.0, 0.44, 0.07], fit_error=[0.036, 0.018])",[-70.  70.],"[0.274, 0.782]","[0.27, 0.27, 0.27, 0.27, 0.27, 0.27, 0.27, 0.27, 0.27, 0.27, 0.27, 0.27, 0.27, 0.27, 0.27, 0.27, 0.27, 0.27, 0.27, 0.27, 0.27, 0.27, 0.27, 0.27, 0.27, 0.27, 0.27, 0.27, 0.27, 0.27, 0.27, 0.27, 0.27, 0.27, 0.27, 0.27, 0.27, 0.27, 0.27, 0.27, 0.27, 0.27, 0.27, 0.27, 0.27, 0.27, 0.271, 0.275, 0.292, 0.348, 0.488, 0.655, 0.743, 0.77, 0.778, 0.779, 0.78, 0.78, 0.78, 0.78, 0.78, 0.78, 0.78, 0.78, 0.78, 0.78, 0.78, 0.78, 0.78, 0.78, 0.78, 0.78, 0.78, 0.78, 0.78, 0.78, 0.78, 0.78, 0.78, 0.78, 0.78, 0.78, 0.78, 0.78, 0.78, 0.78, 0.78, 0.78, 0.78, 0.78, 0.78, 0.78, 0.78, 0.78, 0.78, 0.78, 0.78, 0.78, 0.78, 0.78]","[0.031, 0.029]","[1.0, 1.0, 0.44, 0.07]",1.0,1.0,0.44,0.07
2023-06-30,4,873,['Bpod1'],697,330,367,374,297,460,243,217,265,183,211,80,131,0.6599713055954088,0.7363636363636363,0.5912806539509536,671,323,348,422,247,175,0.660427807486631,0.5892255892255892,235,116,119,0.31016042780748665,0.4006734006734007,0.6855439642324889,0.7523219814241486,0.6235632183908046,0.6870109546165885,-0.128758763033344,0.6279620853080569,0.7787234042553192,-0.1507613189472623,0.6248266983561102,0.35541691424044364,26,7,19,0.03730272596843615,0.021212121212121213,0.051771117166212535,460,243,217,1150.0,607.5,542.5,0.0,0,0,0,0.4999999999999998,"psych_curve(xdata=array([-70.,  -8.,  -4.,  -2.,   0.,   2.,   4.,   8.,  70.]), ydata=[0.24, 0.333, 0.667, 0.333, 0.333, 0.625, 1.0, 0.8, 0.619], fit=[0.38, 0.38, 0.38, 0.38, 0.38, 0.38, 0.38, 0.38, 0.38, 0.38, 0.38, 0.38, 0.38, 0.38, 0.38, 0.38, 0.38, 0.38, 0.38, 0.38, 0.38, 0.38, 0.38, 0.38, 0.38, 0.38, 0.38, 0.38, 0.38, 0.38, 0.38, 0.38, 0.38, 0.38, 0.38, 0.38, 0.38, 0.38, 0.38, 0.38, 0.38, 0.38, 0.38, 0.38, 0.38, 0.38, 0.38, 0.38, 0.38, 0.38, 0.38, 0.718, 0.81, 0.81, 0.81, 0.81, 0.81, 0.81, 0.81, 0.81, 0.81, 0.81, 0.81, 0.81, 0.81, 0.81, 0.81, 0.81, 0.81, 0.81, 0.81, 0.81, 0.81, 0.81, 0.81, 0.81, 0.81, 0.81, 0.81, 0.81, 0.81, 0.81, 0.81, 0.81, 0.81, 0.81, 0.81, 0.81, 0.81, 0.81, 0.81, 0.81, 0.81, 0.81, 0.81, 0.81, 0.81, 0.81, 0.81, 0.81], params=[8.05, 1.96, 0.38, 0.19], fit_error=[0.024, 0.333, 0.211, 0.333, 0.211, 0.183, nan, 0.2, 0.027])",[-70.  -8.  -4.  -2.   0.   2.   4.   8.  70.],"[0.24, 0.333, 0.667, 0.333, 0.333, 0.625, 1.0, 0.8, 0.619]","[0.38, 0.38, 0.38, 0.38, 0.38, 0.38, 0.38, 0.38, 0.38, 0.38, 0.38, 0.38, 0.38, 0.38, 0.38, 0.38, 0.38, 0.38, 0.38, 0.38, 0.38, 0.38, 0.38, 0.38, 0.38, 0.38, 0.38, 0.38, 0.38, 0.38, 0.38, 0.38, 0.38, 0.38, 0.38, 0.38, 0.38, 0.38, 0.38, 0.38, 0.38, 0.38, 0.38, 0.38, 0.38, 0.38, 0.38, 0.38, 0.38, 0.38, 0.38, 0.718, 0.81, 0.81, 0.81, 0.81, 0.81, 0.81, 0.81, 0.81, 0.81, 0.81, 0.81, 0.81, 0.81, 0.81, 0.81, 0.81, 0.81, 0.81, 0.81, 0.81, 0.81, 0.81, 0.81, 0.81, 0.81, 0.81, 0.81, 0.81, 0.81, 0.81, 0.81, 0.81, 0.81, 0.81, 0.81, 0.81, 0.81, 0.81, 0.81, 0.81, 0.81, 0.81, 0.81, 0.81, 0.81, 0.81, 0.81, 0.81]","[0.024, 0.333, 0.211, 0.333, 0.211, 0.183, nan, 0.2, 0.027]","[8.05, 1.96, 0.38, 0.19]",8.05,1.96,0.38,0.19,"psych_curve(xdata=array([-70.,  -8.,  -4.,  -2.,   0.,   2.,   4.,   8.,  70.]), ydata=[0.462, 0.4, 0.667, 0.333, 0.833, 0.5, 1.0, 1.0, 0.834], fit=[nan, nan, nan, nan, nan, nan, nan, nan, nan, nan, nan, nan, nan, nan, nan, nan, nan, nan, nan, nan, nan, nan, nan, nan, nan, nan, nan, nan, nan, nan, nan, nan, nan, nan, nan, nan, nan, nan, nan, nan, nan, nan, nan, nan, nan, nan, nan, nan, nan, nan, nan, nan, nan, nan, nan, nan, nan, nan, nan, nan, nan, nan, nan, nan, nan, nan, nan, nan, nan, nan, nan, nan, nan, nan, nan, nan, nan, nan, nan, nan, nan, nan, nan, nan, nan, nan, nan, nan, nan, nan, nan, nan, nan, nan, nan, nan, nan, nan, nan, nan], params=[0.61, 1.63, 0.48, 0.06], fit_error=[0.028, 0.245, 0.211, 0.167, 0.167, 0.5, nan, 0.0, 0.021])",[-70.  -8.  -4.  -2.   0.   2.   4.   8.  70.],"[0.24, 0.333, 0.667, 0.333, 0.333, 0.625, 1.0, 0.8, 0.619]","[0.38, 0.38, 0.38, 0.38, 0.38, 0.38, 0.38, 0.38, 0.38, 0.38, 0.38, 0.38, 0.38, 0.38, 0.38, 0.38, 0.38, 0.38, 0.38, 0.38, 0.38, 0.38, 0.38, 0.38, 0.38, 0.38, 0.38, 0.38, 0.38, 0.38, 0.38, 0.38, 0.38, 0.38, 0.38, 0.38, 0.38, 0.38, 0.38, 0.38, 0.38, 0.38, 0.38, 0.38, 0.38, 0.38, 0.38, 0.38, 0.38, 0.38, 0.38, 0.718, 0.81, 0.81, 0.81, 0.81, 0.81, 0.81, 0.81, 0.81, 0.81, 0.81, 0.81, 0.81, 0.81, 0.81, 0.81, 0.81, 0.81, 0.81, 0.81, 0.81, 0.81, 0.81, 0.81, 0.81, 0.81, 0.81, 0.81, 0.81, 0.81, 0.81, 0.81, 0.81, 0.81, 0.81, 0.81, 0.81, 0.81, 0.81, 0.81, 0.81, 0.81, 0.81, 0.81, 0.81, 0.81, 0.81, 0.81, 0.81]","[0.024, 0.333, 0.211, 0.333, 0.211, 0.183, nan, 0.2, 0.027]","[0.61, 1.63, 0.48, 0.06]",0.61,1.63,0.48,0.06
2023-07-03,0,873,['Bpod1'],420,207,213,131,264,263,98,165,180,74,132,99,33,0.6261904761904762,0.47342995169082125,0.7746478873239436,395,197,198,280,78,202,0.5954198473282443,0.7651515151515151,98,49,49,0.37404580152671757,0.1856060606060606,0.6658227848101266,0.49746192893401014,0.8333333333333334,0.6744791666666666,0.3358714043993232,0.6428571428571429,0.7551020408163265,-0.11224489795918358,0.6802856812398796,0.2798259310663891,25,10,15,0.05952380952380952,0.04830917874396135,0.07042253521126761,263,98,165,657.5,245.0,412.5,0.0,0,0,0,0.4999999999999997,"psych_curve(xdata=array([-70.,  -8.,  -4.,  -2.,   0.,   2.,   4.,   8.,  70.]), ydata=[0.5, 0.0, 0.5, 1.0, 1.0, 1.0, 0.0, 0.0, 0.845], fit=[0.67, 0.67, 0.67, 0.67, 0.67, 0.67, 0.67, 0.67, 0.67, 0.67, 0.67, 0.67, 0.67, 0.67, 0.67, 0.67, 0.67, 0.67, 0.67, 0.67, 0.67, 0.67, 0.67, 0.67, 0.67, 0.67, 0.67, 0.67, 0.67, 0.67, 0.67, 0.67, 0.67, 0.67, 0.67, 0.67, 0.67, 0.67, 0.67, 0.67, 0.67, 0.67, 0.67, 0.67, 0.67, 0.67, 0.67, 0.67, 0.67, 0.67, 0.67, 0.67, 0.28, 0.28, 0.28, 0.28, 0.28, 0.28, 0.28, 0.28, 0.28, 0.28, 0.28, 0.28, 0.28, 0.28, 0.28, 0.28, 0.28, 0.28, 0.28, 0.28, 0.28, 0.28, 0.28, 0.28, 0.28, 0.28, 0.28, 0.28, 0.28, 0.28, 0.28, 0.28, 0.28, 0.28, 0.28, 0.28, 0.28, 0.28, 0.28, 0.28, 0.28, 0.28, 0.28, 0.28, 0.28, 0.28, 0.28, 0.28], params=[15.42, 2.76, 0.67, 0.72], fit_error=[0.036, 0.0, 0.5, 0.0, nan, nan, nan, 0.0, 0.026])",[-70.  -8.  -4.  -2.   0.   2.   4.   8.  70.],"[0.5, 0.0, 0.5, 1.0, 1.0, 1.0, 0.0, 0.0, 0.845]","[0.67, 0.67, 0.67, 0.67, 0.67, 0.67, 0.67, 0.67, 0.67, 0.67, 0.67, 0.67, 0.67, 0.67, 0.67, 0.67, 0.67, 0.67, 0.67, 0.67, 0.67, 0.67, 0.67, 0.67, 0.67, 0.67, 0.67, 0.67, 0.67, 0.67, 0.67, 0.67, 0.67, 0.67, 0.67, 0.67, 0.67, 0.67, 0.67, 0.67, 0.67, 0.67, 0.67, 0.67, 0.67, 0.67, 0.67, 0.67, 0.67, 0.67, 0.67, 0.67, 0.28, 0.28, 0.28, 0.28, 0.28, 0.28, 0.28, 0.28, 0.28, 0.28, 0.28, 0.28, 0.28, 0.28, 0.28, 0.28, 0.28, 0.28, 0.28, 0.28, 0.28, 0.28, 0.28, 0.28, 0.28, 0.28, 0.28, 0.28, 0.28, 0.28, 0.28, 0.28, 0.28, 0.28, 0.28, 0.28, 0.28, 0.28, 0.28, 0.28, 0.28, 0.28, 0.28, 0.28, 0.28, 0.28, 0.28, 0.28]","[0.036, 0.0, 0.5, 0.0, nan, nan, nan, 0.0, 0.026]","[15.42, 2.76, 0.67, 0.72]",15.42,2.76,0.67,0.72,"psych_curve(xdata=array([-70.,  -8.,  -4.,  -2.,  -0.,   4.,   8.,  70.]), ydata=[0.57, 0.667, 0.5, 0.667, 1.0, 0.0, 1.0, 0.886], fit=[nan, nan, nan, nan, nan, nan, nan, nan, nan, nan, nan, nan, nan, nan, nan, nan, nan, nan, nan, nan, nan, nan, nan, nan, nan, nan, nan, nan, nan, nan, nan, nan, nan, nan, nan, nan, nan, nan, nan, nan, nan, nan, nan, nan, nan, nan, nan, nan, nan, nan, nan, nan, nan, nan, nan, nan, nan, nan, nan, nan, nan, nan, nan, nan, nan, nan, nan, nan, nan, nan, nan, nan, nan, nan, nan, nan, nan, nan, nan, nan, nan, nan, nan, nan, nan, nan, nan, nan, nan, nan, nan, nan, nan, nan, nan, nan, nan, nan, nan, nan], params=[12.76, 5.25, 0.57, 0.06], fit_error=[0.039, 0.333, 0.5, 0.333, nan, nan, nan, 0.022])",[-70.  -8.  -4.  -2.   0.   2.   4.   8.  70.],"[0.5, 0.0, 0.5, 1.0, 1.0, 1.0, 0.0, 0.0, 0.845]","[0.67, 0.67, 0.67, 0.67, 0.67, 0.67, 0.67, 0.67, 0.67, 0.67, 0.67, 0.67, 0.67, 0.67, 0.67, 0.67, 0.67, 0.67, 0.67, 0.67, 0.67, 0.67, 0.67, 0.67, 0.67, 0.67, 0.67, 0.67, 0.67, 0.67, 0.67, 0.67, 0.67, 0.67, 0.67, 0.67, 0.67, 0.67, 0.67, 0.67, 0.67, 0.67, 0.67, 0.67, 0.67, 0.67, 0.67, 0.67, 0.67, 0.67, 0.67, 0.67, 0.28, 0.28, 0.28, 0.28, 0.28, 0.28, 0.28, 0.28, 0.28, 0.28, 0.28, 0.28, 0.28, 0.28, 0.28, 0.28, 0.28, 0.28, 0.28, 0.28, 0.28, 0.28, 0.28, 0.28, 0.28, 0.28, 0.28, 0.28, 0.28, 0.28, 0.28, 0.28, 0.28, 0.28, 0.28, 0.28, 0.28, 0.28, 0.28, 0.28, 0.28, 0.28, 0.28, 0.28, 0.28, 0.28, 0.28, 0.28]","[0.036, 0.0, 0.5, 0.0, nan, nan, nan, 0.0, 0.026]","[12.76, 5.25, 0.57, 0.06]",12.76,5.25,0.57,0.06
2023-07-04,1,873,['Bpod1'],351,180,171,226,105,216,140,76,134,77,115,29,86,0.6153846153846154,0.7777777777777778,0.4444444444444444,331,169,162,238,177,61,0.7831858407079646,0.580952380952381,86,44,42,0.19469026548672566,0.4,0.6525679758308157,0.8284023668639053,0.4691358024691358,0.6614420062695925,-0.35926656439476956,0.5630252100840336,0.8953488372093024,-0.33232362712526875,0.6820691108301729,0.2973451327433628,20,11,9,0.05698005698005698,0.06111111111111111,0.05263157894736842,216,140,76,540.0,350.0,190.0,0.0,0,0,0,0.4999999999999998,"psych_curve(xdata=array([-70.,  -8.,  -4.,  -2.,   2.,   4.,   8.,  70.]), ydata=[0.164, 1.0, 0.0, 0.5, 0.333, 0.5, 0.333, 0.474], fit=[0.4, 0.4, 0.4, 0.4, 0.4, 0.4, 0.4, 0.4, 0.4, 0.4, 0.4, 0.4, 0.4, 0.4, 0.4, 0.4, 0.4, 0.4, 0.4, 0.4, 0.4, 0.4, 0.4, 0.4, 0.4, 0.4, 0.4, 0.4, 0.4, 0.4, 0.4, 0.4, 0.4, 0.4, 0.4, 0.4, 0.4, 0.4, 0.4, 0.4, 0.4, 0.4, 0.4, 0.4, 0.4, 0.4, 0.4, 0.4, 0.4, 0.4, 0.4, 0.4, 0.44, 0.44, 0.44, 0.44, 0.44, 0.44, 0.44, 0.44, 0.44, 0.44, 0.44, 0.44, 0.44, 0.44, 0.44, 0.44, 0.44, 0.44, 0.44, 0.44, 0.44, 0.44, 0.44, 0.44, 0.44, 0.44, 0.44, 0.44, 0.44, 0.44, 0.44, 0.44, 0.44, 0.44, 0.44, 0.44, 0.44, 0.44, 0.44, 0.44, 0.44, 0.44, 0.44, 0.44, 0.44, 0.44, 0.44, 0.44], params=[16.47, 2.94, 0.4, 0.56], fit_error=[0.029, nan, nan, 0.5, 0.333, 0.5, 0.333, 0.04])",[-70.  -8.  -4.  -2.   2.   4.   8.  70.],"[0.164, 1.0, 0.0, 0.5, 0.333, 0.5, 0.333, 0.474]","[0.4, 0.4, 0.4, 0.4, 0.4, 0.4, 0.4, 0.4, 0.4, 0.4, 0.4, 0.4, 0.4, 0.4, 0.4, 0.4, 0.4, 0.4, 0.4, 0.4, 0.4, 0.4, 0.4, 0.4, 0.4, 0.4, 0.4, 0.4, 0.4, 0.4, 0.4, 0.4, 0.4, 0.4, 0.4, 0.4, 0.4, 0.4, 0.4, 0.4, 0.4, 0.4, 0.4, 0.4, 0.4, 0.4, 0.4, 0.4, 0.4, 0.4, 0.4, 0.4, 0.44, 0.44, 0.44, 0.44, 0.44, 0.44, 0.44, 0.44, 0.44, 0.44, 0.44, 0.44, 0.44, 0.44, 0.44, 0.44, 0.44, 0.44, 0.44, 0.44, 0.44, 0.44, 0.44, 0.44, 0.44, 0.44, 0.44, 0.44, 0.44, 0.44, 0.44, 0.44, 0.44, 0.44, 0.44, 0.44, 0.44, 0.44, 0.44, 0.44, 0.44, 0.44, 0.44, 0.44, 0.44, 0.44, 0.44, 0.44]","[0.029, nan, nan, 0.5, 0.333, 0.5, 0.333, 0.04]","[16.47, 2.94, 0.4, 0.56]",16.47,2.94,0.4,0.56,"psych_curve(xdata=array([-70.,  -8.,  -4.,  -2.,   2.,   4.,   8.,  70.]), ydata=[0.569, 1.0, 0.5, 0.5, 0.333, 1.0, 1.0, 0.949], fit=[nan, nan, nan, nan, nan, nan, nan, nan, nan, nan, nan, nan, nan, nan, nan, nan, nan, nan, nan, nan, nan, nan, nan, nan, nan, nan, nan, nan, nan, nan, nan, nan, nan, nan, nan, nan, nan, nan, nan, nan, nan, nan, nan, nan, nan, nan, nan, nan, nan, nan, nan, nan, nan, nan, nan, nan, nan, nan, nan, nan, nan, nan, nan, nan, nan, nan, nan, nan, nan, nan, nan, nan, nan, nan, nan, nan, nan, nan, nan, nan, nan, nan, nan, nan, nan, nan, nan, nan, nan, nan, nan, nan, nan, nan, nan, nan, nan, nan, nan, nan], params=[16.46, 2.8, 0.58, 0.02], fit_error=[0.038, 0.0, 0.5, 0.5, 0.333, nan, nan, 0.019])",[-70.  -8.  -4.  -2.   2.   4.   8.  70.],"[0.164, 1.0, 0.0, 0.5, 0.333, 0.5, 0.333, 0.474]","[0.4, 0.4, 0.4, 0.4, 0.4, 0.4, 0.4, 0.4, 0.4, 0.4, 0.4, 0.4, 0.4, 0.4, 0.4, 0.4, 0.4, 0.4, 0.4, 0.4, 0.4, 0.4, 0.4, 0.4, 0.4, 0.4, 0.4, 0.4, 0.4, 0.4, 0.4, 0.4, 0.4, 0.4, 0.4, 0.4, 0.4, 0.4, 0.4, 0.4, 0.4, 0.4, 0.4, 0.4, 0.4, 0.4, 0.4, 0.4, 0.4, 0.4, 0.4, 0.4, 0.44, 0.44, 0.44, 0.44, 0.44, 0.44, 0.44, 0.44, 0.44, 0.44, 0.44, 0.44, 0.44, 0.44, 0.44, 0.44, 0.44, 0.44, 0.44, 0.44, 0.44, 0.44, 0.44, 0.44, 0.44, 0.44, 0.44, 0.44, 0.44, 0.44, 0.44, 0.44, 0.44, 0.44, 0.44, 0.44, 0.44, 0.44, 0.44, 0.44, 0.44, 0.44, 0.44, 0.44, 0.44, 0.44, 0.44, 0.44]","[0.029, nan, nan, 0.5, 0.333, 0.5, 0.333, 0.04]","[16.46, 2.8, 0.58, 0.02]",16.46,2.8,0.58,0.02
2023-07-05,2,873,['Bpod1'],323,167,156,253,53,191,149,42,151,37,115,11,104,0.5913312693498453,0.8922155688622755,0.2692307692307692,306,160,146,252,224,28,0.8853754940711462,0.5283018867924528,49,25,24,0.09881422924901186,0.4528301886792453,0.6241830065359477,0.93125,0.2876712328767123,0.6241379310344828,-0.6435787671232878,0.5992063492063492,0.7551020408163265,-0.1558956916099773,0.7068386904317996,0.27582220896412857,17,7,10,0.05263157894736842,0.041916167664670656,0.0641025641025641,191,149,42,477.5,372.5,105.0,0.0,0,0,0,0.4999999999999997,"psych_curve(xdata=array([-70.,  -8.,  -4.,  -2.,   0.,   2.,   4.,  70.]), ydata=[0.067, 0.0, 0.2, 0.0, 0.0, 0.0, 0.0, 0.298], fit=[0.04, 0.04, 0.04, 0.04, 0.04, 0.04, 0.04, 0.04, 0.04, 0.04, 0.04, 0.04, 0.04, 0.04, 0.04, 0.04, 0.04, 0.04, 0.04, 0.04, 0.04, 0.04, 0.04, 0.04, 0.04, 0.04, 0.04, 0.04, 0.04, 0.04, 0.04, 0.04, 0.04, 0.04, 0.04, 0.04, 0.04, 0.04, 0.04, 0.04, 0.04, 0.04, 0.04, 0.04, 0.04, 0.04, 0.04, 0.04, 0.04, 0.04, 0.04, 0.04, 0.04, 0.04, 0.04, 0.04, 0.04, 0.04, 0.04, 0.042, 0.046, 0.059, 0.098, 0.17, 0.243, 0.281, 0.294, 0.298, 0.3, 0.3, 0.3, 0.3, 0.3, 0.3, 0.3, 0.3, 0.3, 0.3, 0.3, 0.3, 0.3, 0.3, 0.3, 0.3, 0.3, 0.3, 0.3, 0.3, 0.3, 0.3, 0.3, 0.3, 0.3, 0.3, 0.3, 0.3, 0.3, 0.3, 0.3, 0.3], params=[0.89, 19.09, 0.04, 0.7], fit_error=[0.021, nan, 0.2, 0.0, nan, 0.0, nan, 0.039])",[-70.  -8.  -4.  -2.   0.   2.   4.  70.],"[0.067, 0.0, 0.2, 0.0, 0.0, 0.0, 0.0, 0.298]","[0.04, 0.04, 0.04, 0.04, 0.04, 0.04, 0.04, 0.04, 0.04, 0.04, 0.04, 0.04, 0.04, 0.04, 0.04, 0.04, 0.04, 0.04, 0.04, 0.04, 0.04, 0.04, 0.04, 0.04, 0.04, 0.04, 0.04, 0.04, 0.04, 0.04, 0.04, 0.04, 0.04, 0.04, 0.04, 0.04, 0.04, 0.04, 0.04, 0.04, 0.04, 0.04, 0.04, 0.04, 0.04, 0.04, 0.04, 0.04, 0.04, 0.04, 0.04, 0.04, 0.04, 0.04, 0.04, 0.04, 0.04, 0.04, 0.04, 0.042, 0.046, 0.059, 0.098, 0.17, 0.243, 0.281, 0.294, 0.298, 0.3, 0.3, 0.3, 0.3, 0.3, 0.3, 0.3, 0.3, 0.3, 0.3, 0.3, 0.3, 0.3, 0.3, 0.3, 0.3, 0.3, 0.3, 0.3, 0.3, 0.3, 0.3, 0.3, 0.3, 0.3, 0.3, 0.3, 0.3, 0.3, 0.3, 0.3, 0.3]","[0.021, nan, 0.2, 0.0, nan, 0.0, nan, 0.039]","[0.89, 19.09, 0.04, 0.7]",0.89,19.09,0.04,0.7,"psych_curve(xdata=array([-70.,  -4.,  -2.,  -0.,   2.,   4.,   8.,  70.]), ydata=[0.731, 0.667, 0.75, 1.0, 1.0, 1.0, 1.0, 0.923], fit=[nan, nan, nan, nan, nan, nan, nan, nan, nan, nan, nan, nan, nan, nan, nan, nan, nan, nan, nan, nan, nan, nan, nan, nan, nan, nan, nan, nan, nan, nan, nan, nan, nan, nan, nan, nan, nan, nan, nan, nan, nan, nan, nan, nan, nan, nan, nan, nan, nan, nan, nan, nan, nan, nan, nan, nan, nan, nan, nan, nan, nan, nan, nan, nan, nan, nan, nan, nan, nan, nan, nan, nan, nan, nan, nan, nan, nan, nan, nan, nan, nan, nan, nan, nan, nan, nan, nan, nan, nan, nan, nan, nan, nan, nan, nan, nan, nan, nan, nan, nan], params=[6.95, -1.78, 0.7, 0.02], fit_error=[0.039, 0.333, 0.25, nan, 0.0, 0.0, nan, 0.022])",[-70.  -8.  -4.  -2.   0.   2.   4.  70.],"[0.067, 0.0, 0.2, 0.0, 0.0, 0.0, 0.0, 0.298]","[0.04, 0.04, 0.04, 0.04, 0.04, 0.04, 0.04, 0.04, 0.04, 0.04, 0.04, 0.04, 0.04, 0.04, 0.04, 0.04, 0.04, 0.04, 0.04, 0.04, 0.04, 0.04, 0.04, 0.04, 0.04, 0.04, 0.04, 0.04, 0.04, 0.04, 0.04, 0.04, 0.04, 0.04, 0.04, 0.04, 0.04, 0.04, 0.04, 0.04, 0.04, 0.04, 0.04, 0.04, 0.04, 0.04, 0.04, 0.04, 0.04, 0.04, 0.04, 0.04, 0.04, 0.04, 0.04, 0.04, 0.04, 0.04, 0.04, 0.042, 0.046, 0.059, 0.098, 0.17, 0.243, 0.281, 0.294, 0.298, 0.3, 0.3, 0.3, 0.3, 0.3, 0.3, 0.3, 0.3, 0.3, 0.3, 0.3, 0.3, 0.3, 0.3, 0.3, 0.3, 0.3, 0.3, 0.3, 0.3, 0.3, 0.3, 0.3, 0.3, 0.3, 0.3, 0.3, 0.3, 0.3, 0.3, 0.3, 0.3]","[0.021, nan, 0.2, 0.0, nan, 0.0, nan, 0.039]","[6.95, -1.78, 0.7, 0.02]",6.95,-1.78,0.7,0.02
2023-07-10,0,873,['Bpod1'],630,320,310,436,161,395,269,126,254,127,202,35,167,0.626984126984127,0.840625,0.4064516129032258,597,304,293,434,348,86,0.7981651376146789,0.5341614906832298,146,72,74,0.1651376146788991,0.45962732919254656,0.661641541038526,0.8848684210526315,0.4300341296928328,0.6660447761194029,-0.45483429135979875,0.5852534562211982,0.8698630136986302,-0.284609557477432,0.6661633141489544,0.3123824719357228,33,16,17,0.05238095238095238,0.05,0.054838709677419356,395,269,126,987.5,672.5,315.0,0.0,0,0,0,0.49999999999999983,"psych_curve(xdata=array([-70.,  -8.,  -4.,  -2.,   0.,   2.,   4.,   8.,  70.]), ydata=[0.108, 0.091, 0.214, 0.0, 0.333, 0.333, 0.714, 0.2, 0.438], fit=[0.1, 0.1, 0.1, 0.1, 0.1, 0.1, 0.1, 0.1, 0.1, 0.1, 0.1, 0.1, 0.1, 0.1, 0.1, 0.1, 0.1, 0.1, 0.1, 0.1, 0.1, 0.1, 0.1, 0.1, 0.1, 0.1, 0.1, 0.1, 0.1, 0.1, 0.1, 0.1, 0.1, 0.1, 0.1, 0.1, 0.1, 0.1, 0.1, 0.1, 0.1, 0.1, 0.1, 0.1, 0.1, 0.1, 0.1, 0.1, 0.1, 0.105, 0.419, 0.42, 0.42, 0.42, 0.42, 0.42, 0.42, 0.42, 0.42, 0.42, 0.42, 0.42, 0.42, 0.42, 0.42, 0.42, 0.42, 0.42, 0.42, 0.42, 0.42, 0.42, 0.42, 0.42, 0.42, 0.42, 0.42, 0.42, 0.42, 0.42, 0.42, 0.42, 0.42, 0.42, 0.42, 0.42, 0.42, 0.42, 0.42, 0.42, 0.42, 0.42, 0.42, 0.42, 0.42, 0.42, 0.42, 0.42, 0.42, 0.42], params=[7.25, -0.13, 0.1, 0.58], fit_error=[0.019, 0.091, 0.114, 0.0, 0.211, 0.211, 0.184, 0.133, 0.03])",[-70.  -8.  -4.  -2.   0.   2.   4.   8.  70.],"[0.108, 0.091, 0.214, 0.0, 0.333, 0.333, 0.714, 0.2, 0.438]","[0.1, 0.1, 0.1, 0.1, 0.1, 0.1, 0.1, 0.1, 0.1, 0.1, 0.1, 0.1, 0.1, 0.1, 0.1, 0.1, 0.1, 0.1, 0.1, 0.1, 0.1, 0.1, 0.1, 0.1, 0.1, 0.1, 0.1, 0.1, 0.1, 0.1, 0.1, 0.1, 0.1, 0.1, 0.1, 0.1, 0.1, 0.1, 0.1, 0.1, 0.1, 0.1, 0.1, 0.1, 0.1, 0.1, 0.1, 0.1, 0.1, 0.105, 0.419, 0.42, 0.42, 0.42, 0.42, 0.42, 0.42, 0.42, 0.42, 0.42, 0.42, 0.42, 0.42, 0.42, 0.42, 0.42, 0.42, 0.42, 0.42, 0.42, 0.42, 0.42, 0.42, 0.42, 0.42, 0.42, 0.42, 0.42, 0.42, 0.42, 0.42, 0.42, 0.42, 0.42, 0.42, 0.42, 0.42, 0.42, 0.42, 0.42, 0.42, 0.42, 0.42, 0.42, 0.42, 0.42, 0.42, 0.42, 0.42, 0.42]","[0.019, 0.091, 0.114, 0.0, 0.211, 0.211, 0.184, 0.133, 0.03]","[7.25, -0.13, 0.1, 0.58]",7.25,-0.13,0.1,0.58,"psych_curve(xdata=array([-70.,  -8.,  -4.,  -2.,  -0.,   2.,   4.,   8.,  70.]), ydata=[0.576, 0.727, 0.375, 0.8, 1.0, 1.0, 0.846, 0.889, 0.934], fit=[nan, nan, nan, nan, nan, nan, nan, nan, nan, nan, nan, nan, nan, nan, nan, nan, nan, nan, nan, nan, nan, nan, nan, nan, nan, nan, nan, nan, nan, nan, nan, nan, nan, nan, nan, nan, nan, nan, nan, nan, nan, nan, nan, nan, nan, nan, nan, nan, nan, nan, nan, nan, nan, nan, nan, nan, nan, nan, nan, nan, nan, nan, nan, nan, nan, nan, nan, nan, nan, nan, nan, nan, nan, nan, nan, nan, nan, nan, nan, nan, nan, nan, nan, nan, nan, nan, nan, nan, nan, nan, nan, nan, nan, nan, nan, nan, nan, nan, nan, nan], params=[7.82, -2.08, 0.56, 0.07], fit_error=[0.03, 0.141, 0.183, 0.2, 0.0, 0.0, 0.104, 0.111, 0.016])",[-70.  -8.  -4.  -2.   0.   2.   4.   8.  70.],"[0.108, 0.091, 0.214, 0.0, 0.333, 0.333, 0.714, 0.2, 0.438]","[0.1, 0.1, 0.1, 0.1, 0.1, 0.1, 0.1, 0.1, 0.1, 0.1, 0.1, 0.1, 0.1, 0.1, 0.1, 0.1, 0.1, 0.1, 0.1, 0.1, 0.1, 0.1, 0.1, 0.1, 0.1, 0.1, 0.1, 0.1, 0.1, 0.1, 0.1, 0.1, 0.1, 0.1, 0.1, 0.1, 0.1, 0.1, 0.1, 0.1, 0.1, 0.1, 0.1, 0.1, 0.1, 0.1, 0.1, 0.1, 0.1, 0.105, 0.419, 0.42, 0.42, 0.42, 0.42, 0.42, 0.42, 0.42, 0.42, 0.42, 0.42, 0.42, 0.42, 0.42, 0.42, 0.42, 0.42, 0.42, 0.42, 0.42, 0.42, 0.42, 0.42, 0.42, 0.42, 0.42, 0.42, 0.42, 0.42, 0.42, 0.42, 0.42, 0.42, 0.42, 0.42, 0.42, 0.42, 0.42, 0.42, 0.42, 0.42, 0.42, 0.42, 0.42, 0.42, 0.42, 0.42, 0.42, 0.42, 0.42]","[0.019, 0.091, 0.114, 0.0, 0.211, 0.211, 0.184, 0.133, 0.03]","[7.82, -2.08, 0.56, 0.07]",7.82,-2.08,0.56,0.07
2023-07-11,1,873,['Bpod1'],339,160,179,165,109,161,92,69,93,50,113,40,73,0.4749262536873156,0.575,0.3854748603351955,274,132,142,182,120,62,0.7272727272727273,0.5688073394495413,67,36,31,0.21818181818181817,0.28440366972477066,0.5875912408759124,0.696969696969697,0.4859154929577465,0.5914396887159533,-0.21105420401195052,0.510989010989011,0.746268656716418,-0.235279645727407,0.6480400333611342,0.25129274395329443,65,28,37,0.19174041297935104,0.175,0.20670391061452514,161,92,69,402.5,230.0,172.5,0.0,0,0,0,0.4999999999999997,"psych_curve(xdata=array([-70.,  -8.,  -4.,  -2.,   0.,   2.,   8.,  70.]), ydata=[0.296, 0.0, 0.5, 0.5, 0.75, 0.286, 1.0, 0.485], fit=[0.15, 0.15, 0.15, 0.15, 0.15, 0.15, 0.15, 0.15, 0.15, 0.15, 0.15, 0.15, 0.15, 0.15, 0.15, 0.15, 0.15, 0.15, 0.15, 0.15, 0.15, 0.15, 0.15, 0.15, 0.15, 0.15, 0.15, 0.15, 0.15, 0.15, 0.15, 0.15, 0.15, 0.15, 0.15, 0.15, 0.15, 0.15, 0.15, 0.15, 0.15, 0.15, 0.15, 0.15, 0.152, 0.174, 0.323, 0.549, 0.604, 0.609, 0.61, 0.61, 0.61, 0.61, 0.61, 0.61, 0.61, 0.61, 0.61, 0.61, 0.61, 0.61, 0.61, 0.61, 0.61, 0.61, 0.61, 0.61, 0.61, 0.61, 0.61, 0.61, 0.61, 0.61, 0.61, 0.61, 0.61, 0.61, 0.61, 0.61, 0.61, 0.61, 0.61, 0.61, 0.61, 0.61, 0.61, 0.61, 0.61, 0.61, 0.61, 0.61, 0.61, 0.61, 0.61, 0.61, 0.61, 0.61, 0.61, 0.61], params=[1.69, -4.65, 0.15, 0.39], fit_error=[0.041, nan, 0.5, 0.5, 0.25, 0.184, nan, 0.044])",[-70.  -8.  -4.  -2.   0.   2.   8.  70.],"[0.296, 0.0, 0.5, 0.5, 0.75, 0.286, 1.0, 0.485]","[0.15, 0.15, 0.15, 0.15, 0.15, 0.15, 0.15, 0.15, 0.15, 0.15, 0.15, 0.15, 0.15, 0.15, 0.15, 0.15, 0.15, 0.15, 0.15, 0.15, 0.15, 0.15, 0.15, 0.15, 0.15, 0.15, 0.15, 0.15, 0.15, 0.15, 0.15, 0.15, 0.15, 0.15, 0.15, 0.15, 0.15, 0.15, 0.15, 0.15, 0.15, 0.15, 0.15, 0.15, 0.152, 0.174, 0.323, 0.549, 0.604, 0.609, 0.61, 0.61, 0.61, 0.61, 0.61, 0.61, 0.61, 0.61, 0.61, 0.61, 0.61, 0.61, 0.61, 0.61, 0.61, 0.61, 0.61, 0.61, 0.61, 0.61, 0.61, 0.61, 0.61, 0.61, 0.61, 0.61, 0.61, 0.61, 0.61, 0.61, 0.61, 0.61, 0.61, 0.61, 0.61, 0.61, 0.61, 0.61, 0.61, 0.61, 0.61, 0.61, 0.61, 0.61, 0.61, 0.61, 0.61, 0.61, 0.61, 0.61]","[0.041, nan, 0.5, 0.5, 0.25, 0.184, nan, 0.044]","[1.69, -4.65, 0.15, 0.39]",1.69,-4.65,0.15,0.39,"psych_curve(xdata=array([-70.,  -2.,  -0.,   2.,   4.,   8.,  70.]), ydata=[0.636, 0.8, 0.75, 0.5, 0.5, 1.0, 0.86], fit=[nan, nan, nan, nan, nan, nan, nan, nan, nan, nan, nan, nan, nan, nan, nan, nan, nan, nan, nan, nan, nan, nan, nan, nan, nan, nan, nan, nan, nan, nan, nan, nan, nan, nan, nan, nan, nan, nan, nan, nan, nan, nan, nan, nan, nan, nan, nan, nan, nan, nan, nan, nan, nan, nan, nan, nan, nan, nan, nan, nan, nan, nan, nan, nan, nan, nan, nan, nan, nan, nan, nan, nan, nan, nan, nan, nan, nan, nan, nan, nan, nan, nan, nan, nan, nan, nan, nan, nan, nan, nan, nan, nan, nan, nan, nan, nan, nan, nan, nan, nan], params=[13.91, 4.88, 0.64, 0.07], fit_error=[0.042, 0.2, 0.25, 0.289, 0.5, 0.0, 0.035])",[-70.  -8.  -4.  -2.   0.   2.   8.  70.],"[0.296, 0.0, 0.5, 0.5, 0.75, 0.286, 1.0, 0.485]","[0.15, 0.15, 0.15, 0.15, 0.15, 0.15, 0.15, 0.15, 0.15, 0.15, 0.15, 0.15, 0.15, 0.15, 0.15, 0.15, 0.15, 0.15, 0.15, 0.15, 0.15, 0.15, 0.15, 0.15, 0.15, 0.15, 0.15, 0.15, 0.15, 0.15, 0.15, 0.15, 0.15, 0.15, 0.15, 0.15, 0.15, 0.15, 0.15, 0.15, 0.15, 0.15, 0.15, 0.15, 0.152, 0.174, 0.323, 0.549, 0.604, 0.609, 0.61, 0.61, 0.61, 0.61, 0.61, 0.61, 0.61, 0.61, 0.61, 0.61, 0.61, 0.61, 0.61, 0.61, 0.61, 0.61, 0.61, 0.61, 0.61, 0.61, 0.61, 0.61, 0.61, 0.61, 0.61, 0.61, 0.61, 0.61, 0.61, 0.61, 0.61, 0.61, 0.61, 0.61, 0.61, 0.61, 0.61, 0.61, 0.61, 0.61, 0.61, 0.61, 0.61, 0.61, 0.61, 0.61, 0.61, 0.61, 0.61, 0.61]","[0.041, nan, 0.5, 0.5, 0.25, 0.184, nan, 0.044]","[13.91, 4.88, 0.64, 0.07]",13.91,4.88,0.64,0.07
2023-07-12,2,873,['Bpod1'],499,248,251,316,166,368,223,145,235,123,114,21,93,0.7374749498997996,0.8991935483870968,0.5776892430278885,482,244,238,333,237,96,0.75,0.5783132530120482,139,69,70,0.21835443037974683,0.42168674698795183,0.7634854771784232,0.9139344262295082,0.6092436974789915,0.7678958785249458,-0.3046907287505166,0.7057057057057057,0.8848920863309353,-0.17918638062522962,0.6641566265060241,0.3200205886838493,17,4,13,0.03406813627254509,0.016129032258064516,0.05179282868525897,368,223,145,920.0,557.5,362.5,0.0,0,0,0,0.4999999999999998,"psych_curve(xdata=array([-70.,  -8.,  -4.,  -2.,   0.,   2.,   4.,   8.,  70.]), ydata=[0.08, 1.0, 0.2, 0.0, 1.0, 0.6, 0.5, 0.75, 0.607], fit=[0.32, 0.32, 0.32, 0.32, 0.32, 0.32, 0.32, 0.32, 0.32, 0.32, 0.32, 0.32, 0.32, 0.32, 0.32, 0.32, 0.32, 0.32, 0.32, 0.32, 0.32, 0.32, 0.32, 0.32, 0.32, 0.32, 0.32, 0.32, 0.32, 0.32, 0.32, 0.32, 0.32, 0.32, 0.32, 0.32, 0.32, 0.32, 0.32, 0.32, 0.32, 0.32, 0.32, 0.32, 0.32, 0.32, 0.32, 0.32, 0.32, 0.686, 0.69, 0.69, 0.69, 0.69, 0.69, 0.69, 0.69, 0.69, 0.69, 0.69, 0.69, 0.69, 0.69, 0.69, 0.69, 0.69, 0.69, 0.69, 0.69, 0.69, 0.69, 0.69, 0.69, 0.69, 0.69, 0.69, 0.69, 0.69, 0.69, 0.69, 0.69, 0.69, 0.69, 0.69, 0.69, 0.69, 0.69, 0.69, 0.69, 0.69, 0.69, 0.69, 0.69, 0.69, 0.69, 0.69, 0.69, 0.69, 0.69, 0.69], params=[13.81, -1.03, 0.32, 0.31], fit_error=[0.018, nan, 0.2, nan, nan, 0.245, 0.289, 0.25, 0.033])",[-70.  -8.  -4.  -2.   0.   2.   4.   8.  70.],"[0.08, 1.0, 0.2, 0.0, 1.0, 0.6, 0.5, 0.75, 0.607]","[0.32, 0.32, 0.32, 0.32, 0.32, 0.32, 0.32, 0.32, 0.32, 0.32, 0.32, 0.32, 0.32, 0.32, 0.32, 0.32, 0.32, 0.32, 0.32, 0.32, 0.32, 0.32, 0.32, 0.32, 0.32, 0.32, 0.32, 0.32, 0.32, 0.32, 0.32, 0.32, 0.32, 0.32, 0.32, 0.32, 0.32, 0.32, 0.32, 0.32, 0.32, 0.32, 0.32, 0.32, 0.32, 0.32, 0.32, 0.32, 0.32, 0.686, 0.69, 0.69, 0.69, 0.69, 0.69, 0.69, 0.69, 0.69, 0.69, 0.69, 0.69, 0.69, 0.69, 0.69, 0.69, 0.69, 0.69, 0.69, 0.69, 0.69, 0.69, 0.69, 0.69, 0.69, 0.69, 0.69, 0.69, 0.69, 0.69, 0.69, 0.69, 0.69, 0.69, 0.69, 0.69, 0.69, 0.69, 0.69, 0.69, 0.69, 0.69, 0.69, 0.69, 0.69, 0.69, 0.69, 0.69, 0.69, 0.69, 0.69]","[0.018, nan, 0.2, nan, nan, 0.245, 0.289, 0.25, 0.033]","[13.81, -1.03, 0.32, 0.31]",13.81,-1.03,0.32,0.31,"psych_curve(xdata=array([-70.,  -8.,  -4.,  -2.,   0.,   2.,   4.,   8.,  70.]), ydata=[0.439, 0.667, 0.5, 0.5, 1.0, 1.0, 0.714, 1.0, 0.941], fit=[nan, nan, nan, nan, nan, nan, nan, nan, nan, nan, nan, nan, nan, nan, nan, nan, nan, nan, nan, nan, nan, nan, nan, nan, nan, nan, nan, nan, nan, nan, nan, nan, nan, nan, nan, nan, nan, nan, nan, nan, nan, nan, nan, nan, nan, nan, nan, nan, nan, nan, nan, nan, nan, nan, nan, nan, nan, nan, nan, nan, nan, nan, nan, nan, nan, nan, nan, nan, nan, nan, nan, nan, nan, nan, nan, nan, nan, nan, nan, nan, nan, nan, nan, nan, nan, nan, nan, nan, nan, nan, nan, nan, nan, nan, nan, nan, nan, nan, nan, nan], params=[14.57, -1.03, 0.53, 0.07], fit_error=[0.034, 0.333, 0.5, 0.289, nan, 0.0, 0.184, 0.0, 0.015])",[-70.  -8.  -4.  -2.   0.   2.   4.   8.  70.],"[0.08, 1.0, 0.2, 0.0, 1.0, 0.6, 0.5, 0.75, 0.607]","[0.32, 0.32, 0.32, 0.32, 0.32, 0.32, 0.32, 0.32, 0.32, 0.32, 0.32, 0.32, 0.32, 0.32, 0.32, 0.32, 0.32, 0.32, 0.32, 0.32, 0.32, 0.32, 0.32, 0.32, 0.32, 0.32, 0.32, 0.32, 0.32, 0.32, 0.32, 0.32, 0.32, 0.32, 0.32, 0.32, 0.32, 0.32, 0.32, 0.32, 0.32, 0.32, 0.32, 0.32, 0.32, 0.32, 0.32, 0.32, 0.32, 0.686, 0.69, 0.69, 0.69, 0.69, 0.69, 0.69, 0.69, 0.69, 0.69, 0.69, 0.69, 0.69, 0.69, 0.69, 0.69, 0.69, 0.69, 0.69, 0.69, 0.69, 0.69, 0.69, 0.69, 0.69, 0.69, 0.69, 0.69, 0.69, 0.69, 0.69, 0.69, 0.69, 0.69, 0.69, 0.69, 0.69, 0.69, 0.69, 0.69, 0.69, 0.69, 0.69, 0.69, 0.69, 0.69, 0.69, 0.69, 0.69, 0.69, 0.69]","[0.018, nan, 0.2, nan, nan, 0.245, 0.289, 0.25, 0.033]","[14.57, -1.03, 0.53, 0.07]",14.57,-1.03,0.53,0.07
2023-07-13,3,873,['Bpod1'],478,244,234,303,145,321,206,115,202,107,127,30,97,0.6715481171548117,0.8442622950819673,0.49145299145299143,448,236,212,300,220,80,0.7260726072607261,0.5517241379310345,129,65,64,0.2145214521452145,0.4413793103448276,0.7165178571428571,0.8728813559322034,0.5424528301886793,0.715962441314554,-0.3304285257435241,0.6733333333333333,0.8294573643410853,-0.15612403100775196,0.6388983725958803,0.32795038124502107,30,8,22,0.06276150627615062,0.03278688524590164,0.09401709401709402,321,206,115,802.5,515.0,287.5,0.0,0,0,0,0.4999999999999998,"psych_curve(xdata=array([-70.,  -8.,  -4.,  -2.,   0.,   2.,   4.,   8.,  70.]), ydata=[0.129, 0.0, 0.0, 0.0, 0.5, 0.0, 0.75, 0.667, 0.542], fit=[0.1, 0.1, 0.1, 0.1, 0.1, 0.1, 0.1, 0.1, 0.1, 0.1, 0.1, 0.1, 0.1, 0.1, 0.1, 0.1, 0.1, 0.1, 0.1, 0.1, 0.1, 0.1, 0.1, 0.1, 0.1, 0.1, 0.1, 0.1, 0.1, 0.1, 0.1, 0.1, 0.1, 0.1, 0.1, 0.1, 0.1, 0.1, 0.1, 0.1, 0.1, 0.1, 0.1, 0.1, 0.1, 0.1, 0.1, 0.1, 0.1, 0.1, 0.1, 0.1, 0.643, 0.65, 0.65, 0.65, 0.65, 0.65, 0.65, 0.65, 0.65, 0.65, 0.65, 0.65, 0.65, 0.65, 0.65, 0.65, 0.65, 0.65, 0.65, 0.65, 0.65, 0.65, 0.65, 0.65, 0.65, 0.65, 0.65, 0.65, 0.65, 0.65, 0.65, 0.65, 0.65, 0.65, 0.65, 0.65, 0.65, 0.65, 0.65, 0.65, 0.65, 0.65, 0.65, 0.65, 0.65, 0.65, 0.65, 0.65], params=[19.98, 3.32, 0.1, 0.35], fit_error=[0.022, 0.0, 0.0, 0.0, 0.289, 0.0, 0.25, 0.333, 0.035])",[-70.  -8.  -4.  -2.   0.   2.   4.   8.  70.],"[0.129, 0.0, 0.0, 0.0, 0.5, 0.0, 0.75, 0.667, 0.542]","[0.1, 0.1, 0.1, 0.1, 0.1, 0.1, 0.1, 0.1, 0.1, 0.1, 0.1, 0.1, 0.1, 0.1, 0.1, 0.1, 0.1, 0.1, 0.1, 0.1, 0.1, 0.1, 0.1, 0.1, 0.1, 0.1, 0.1, 0.1, 0.1, 0.1, 0.1, 0.1, 0.1, 0.1, 0.1, 0.1, 0.1, 0.1, 0.1, 0.1, 0.1, 0.1, 0.1, 0.1, 0.1, 0.1, 0.1, 0.1, 0.1, 0.1, 0.1, 0.1, 0.643, 0.65, 0.65, 0.65, 0.65, 0.65, 0.65, 0.65, 0.65, 0.65, 0.65, 0.65, 0.65, 0.65, 0.65, 0.65, 0.65, 0.65, 0.65, 0.65, 0.65, 0.65, 0.65, 0.65, 0.65, 0.65, 0.65, 0.65, 0.65, 0.65, 0.65, 0.65, 0.65, 0.65, 0.65, 0.65, 0.65, 0.65, 0.65, 0.65, 0.65, 0.65, 0.65, 0.65, 0.65, 0.65, 0.65, 0.65]","[0.022, 0.0, 0.0, 0.0, 0.289, 0.0, 0.25, 0.333, 0.035]","[19.98, 3.32, 0.1, 0.35]",19.98,3.32,0.1,0.35,"psych_curve(xdata=array([-70.,  -8.,  -4.,  -2.,  -0.,   2.,   4.,   8.,  70.]), ydata=[0.477, 0.333, 0.25, 0.667, 1.0, 1.0, 1.0, 1.0, 0.897], fit=[nan, nan, nan, nan, nan, nan, nan, nan, nan, nan, nan, nan, nan, nan, nan, nan, nan, nan, nan, nan, nan, nan, nan, nan, nan, nan, nan, nan, nan, nan, nan, nan, nan, nan, nan, nan, nan, nan, nan, nan, nan, nan, nan, nan, nan, nan, nan, nan, nan, nan, nan, nan, nan, nan, nan, nan, nan, nan, nan, nan, nan, nan, nan, nan, nan, nan, nan, nan, nan, nan, nan, nan, nan, nan, nan, nan, nan, nan, nan, nan, nan, nan, nan, nan, nan, nan, nan, nan, nan, nan, nan, nan, nan, nan, nan, nan, nan, nan, nan, nan], params=[8.67, -2.0, 0.35, 0.02], fit_error=[0.036, 0.333, 0.25, 0.333, 0.0, nan, 0.0, 0.0, 0.021])",[-70.  -8.  -4.  -2.   0.   2.   4.   8.  70.],"[0.129, 0.0, 0.0, 0.0, 0.5, 0.0, 0.75, 0.667, 0.542]","[0.1, 0.1, 0.1, 0.1, 0.1, 0.1, 0.1, 0.1, 0.1, 0.1, 0.1, 0.1, 0.1, 0.1, 0.1, 0.1, 0.1, 0.1, 0.1, 0.1, 0.1, 0.1, 0.1, 0.1, 0.1, 0.1, 0.1, 0.1, 0.1, 0.1, 0.1, 0.1, 0.1, 0.1, 0.1, 0.1, 0.1, 0.1, 0.1, 0.1, 0.1, 0.1, 0.1, 0.1, 0.1, 0.1, 0.1, 0.1, 0.1, 0.1, 0.1, 0.1, 0.643, 0.65, 0.65, 0.65, 0.65, 0.65, 0.65, 0.65, 0.65, 0.65, 0.65, 0.65, 0.65, 0.65, 0.65, 0.65, 0.65, 0.65, 0.65, 0.65, 0.65, 0.65, 0.65, 0.65, 0.65, 0.65, 0.65, 0.65, 0.65, 0.65, 0.65, 0.65, 0.65, 0.65, 0.65, 0.65, 0.65, 0.65, 0.65, 0.65, 0.65, 0.65, 0.65, 0.65, 0.65, 0.65, 0.65, 0.65]","[0.022, 0.0, 0.0, 0.0, 0.289, 0.0, 0.25, 0.333, 0.035]","[8.67, -2.0, 0.35, 0.02]",8.67,-2.0,0.35,0.02
2023-07-14,4,873,['Bpod1'],592,296,296,382,181,399,254,145,238,147,164,36,128,0.6739864864864865,0.8581081081081081,0.48986486486486486,563,290,273,376,284,92,0.743455497382199,0.5082872928176796,169,86,83,0.225130890052356,0.4585635359116022,0.7087033747779752,0.8758620689655172,0.5311355311355311,0.7181069958847737,-0.3447265378299861,0.6329787234042553,0.8698224852071006,-0.23684376180284528,0.6258713950999393,0.3418472129819791,29,6,23,0.048986486486486486,0.02027027027027027,0.0777027027027027,399,254,145,997.5,635.0,362.5,0.0,0,0,0,0.49999999999999983,"psych_curve(xdata=array([-70.,  -8.,  -4.,  -2.,   0.,   2.,   4.,   8.,  70.]), ydata=[0.111, 0.167, 0.0, 0.375, 0.444, 0.3, 0.667, 0.625, 0.532], fit=[0.1, 0.1, 0.1, 0.1, 0.1, 0.1, 0.1, 0.1, 0.1, 0.1, 0.1, 0.1, 0.1, 0.1, 0.1, 0.1, 0.1, 0.1, 0.1, 0.1, 0.1, 0.1, 0.1, 0.1, 0.1, 0.1, 0.1, 0.1, 0.1, 0.1, 0.1, 0.1, 0.1, 0.1, 0.1, 0.1, 0.1, 0.1, 0.1, 0.1, 0.101, 0.101, 0.102, 0.105, 0.111, 0.122, 0.144, 0.185, 0.25, 0.336, 0.422, 0.49, 0.533, 0.556, 0.569, 0.575, 0.577, 0.579, 0.579, 0.58, 0.58, 0.58, 0.58, 0.58, 0.58, 0.58, 0.58, 0.58, 0.58, 0.58, 0.58, 0.58, 0.58, 0.58, 0.58, 0.58, 0.58, 0.58, 0.58, 0.58, 0.58, 0.58, 0.58, 0.58, 0.58, 0.58, 0.58, 0.58, 0.58, 0.58, 0.58, 0.58, 0.58, 0.58, 0.58, 0.58, 0.58, 0.58, 0.58, 0.58], params=[0.53, -0.64, 0.1, 0.42], fit_error=[0.02, 0.112, 0.0, 0.183, 0.121, 0.153, 0.142, 0.183, 0.033])",[-70.  -8.  -4.  -2.   0.   2.   4.   8.  70.],"[0.111, 0.167, 0.0, 0.375, 0.444, 0.3, 0.667, 0.625, 0.532]","[0.1, 0.1, 0.1, 0.1, 0.1, 0.1, 0.1, 0.1, 0.1, 0.1, 0.1, 0.1, 0.1, 0.1, 0.1, 0.1, 0.1, 0.1, 0.1, 0.1, 0.1, 0.1, 0.1, 0.1, 0.1, 0.1, 0.1, 0.1, 0.1, 0.1, 0.1, 0.1, 0.1, 0.1, 0.1, 0.1, 0.1, 0.1, 0.1, 0.1, 0.101, 0.101, 0.102, 0.105, 0.111, 0.122, 0.144, 0.185, 0.25, 0.336, 0.422, 0.49, 0.533, 0.556, 0.569, 0.575, 0.577, 0.579, 0.579, 0.58, 0.58, 0.58, 0.58, 0.58, 0.58, 0.58, 0.58, 0.58, 0.58, 0.58, 0.58, 0.58, 0.58, 0.58, 0.58, 0.58, 0.58, 0.58, 0.58, 0.58, 0.58, 0.58, 0.58, 0.58, 0.58, 0.58, 0.58, 0.58, 0.58, 0.58, 0.58, 0.58, 0.58, 0.58, 0.58, 0.58, 0.58, 0.58, 0.58, 0.58]","[0.02, 0.112, 0.0, 0.183, 0.121, 0.153, 0.142, 0.183, 0.033]","[0.53, -0.64, 0.1, 0.42]",0.53,-0.64,0.1,0.42,"psych_curve(xdata=array([-70.,  -8.,  -4.,  -2.,  -0.,   2.,   4.,   8.,  70.]), ydata=[0.468, 0.429, 0.375, 0.75, 0.824, 0.8, 0.923, 0.846, 0.923], fit=[nan, nan, nan, nan, nan, nan, nan, nan, nan, nan, nan, nan, nan, nan, nan, nan, nan, nan, nan, nan, nan, nan, nan, nan, nan, nan, nan, nan, nan, nan, nan, nan, nan, nan, nan, nan, nan, nan, nan, nan, nan, nan, nan, nan, nan, nan, nan, nan, nan, nan, nan, nan, nan, nan, nan, nan, nan, nan, nan, nan, nan, nan, nan, nan, nan, nan, nan, nan, nan, nan, nan, nan, nan, nan, nan, nan, nan, nan, nan, nan, nan, nan, nan, nan, nan, nan, nan, nan, nan, nan, nan, nan, nan, nan, nan, nan, nan, nan, nan, nan], params=[7.54, -2.14, 0.42, 0.14], fit_error=[0.032, 0.202, 0.183, 0.131, 0.095, 0.2, 0.077, 0.104, 0.018])",[-70.  -8.  -4.  -2.   0.   2.   4.   8.  70.],"[0.111, 0.167, 0.0, 0.375, 0.444, 0.3, 0.667, 0.625, 0.532]","[0.1, 0.1, 0.1, 0.1, 0.1, 0.1, 0.1, 0.1, 0.1, 0.1, 0.1, 0.1, 0.1, 0.1, 0.1, 0.1, 0.1, 0.1, 0.1, 0.1, 0.1, 0.1, 0.1, 0.1, 0.1, 0.1, 0.1, 0.1, 0.1, 0.1, 0.1, 0.1, 0.1, 0.1, 0.1, 0.1, 0.1, 0.1, 0.1, 0.1, 0.101, 0.101, 0.102, 0.105, 0.111, 0.122, 0.144, 0.185, 0.25, 0.336, 0.422, 0.49, 0.533, 0.556, 0.569, 0.575, 0.577, 0.579, 0.579, 0.58, 0.58, 0.58, 0.58, 0.58, 0.58, 0.58, 0.58, 0.58, 0.58, 0.58, 0.58, 0.58, 0.58, 0.58, 0.58, 0.58, 0.58, 0.58, 0.58, 0.58, 0.58, 0.58, 0.58, 0.58, 0.58, 0.58, 0.58, 0.58, 0.58, 0.58, 0.58, 0.58, 0.58, 0.58, 0.58, 0.58, 0.58, 0.58, 0.58, 0.58]","[0.02, 0.112, 0.0, 0.183, 0.121, 0.153, 0.142, 0.183, 0.033]","[7.54, -2.14, 0.42, 0.14]",7.54,-2.14,0.42,0.14
2023-07-17,0,873,['Bpod1'],396,216,180,296,86,253,188,65,182,68,129,21,108,0.6388888888888888,0.8703703703703703,0.3611111111111111,382,209,173,290,247,43,0.8344594594594594,0.5,86,43,43,0.14527027027027026,0.5,0.662303664921466,0.8995215311004785,0.37572254335260113,0.6787878787878788,-0.5237989877478774,0.6275862068965518,0.7906976744186046,-0.16311146752205286,0.6672297297297297,0.32263513513513514,14,7,7,0.03535353535353535,0.032407407407407406,0.03888888888888889,253,188,65,632.5,470.0,162.5,0.0,0,0,0,0.4999999999999998,"psych_curve(xdata=array([-70.,  -8.,  -4.,  -2.,   0.,   2.,   4.,   8.,  70.]), ydata=[0.093, 0.0, 0.0, 0.167, 0.4, 0.111, 0.429, 0.2, 0.399], fit=[0.03, 0.03, 0.03, 0.03, 0.03, 0.03, 0.03, 0.03, 0.03, 0.03, 0.03, 0.03, 0.03, 0.03, 0.03, 0.03, 0.03, 0.03, 0.03, 0.03, 0.03, 0.03, 0.03, 0.03, 0.03, 0.03, 0.03, 0.03, 0.03, 0.03, 0.03, 0.03, 0.03, 0.03, 0.03, 0.03, 0.03, 0.03, 0.03, 0.03, 0.03, 0.03, 0.03, 0.03, 0.03, 0.03, 0.03, 0.03, 0.109, 0.31, 0.31, 0.31, 0.31, 0.31, 0.31, 0.31, 0.31, 0.31, 0.31, 0.31, 0.31, 0.31, 0.31, 0.31, 0.31, 0.31, 0.31, 0.31, 0.31, 0.31, 0.31, 0.31, 0.31, 0.31, 0.31, 0.31, 0.31, 0.31, 0.31, 0.31, 0.31, 0.31, 0.31, 0.31, 0.31, 0.31, 0.31, 0.31, 0.31, 0.31, 0.31, 0.31, 0.31, 0.31, 0.31, 0.31, 0.31, 0.31, 0.31, 0.31], params=[7.75, -2.0, 0.03, 0.69], fit_error=[0.022, 0.0, 0.0, 0.167, 0.163, 0.111, 0.202, 0.2, 0.04])",[-70.  -8.  -4.  -2.   0.   2.   4.   8.  70.],"[0.093, 0.0, 0.0, 0.167, 0.4, 0.111, 0.429, 0.2, 0.399]","[0.03, 0.03, 0.03, 0.03, 0.03, 0.03, 0.03, 0.03, 0.03, 0.03, 0.03, 0.03, 0.03, 0.03, 0.03, 0.03, 0.03, 0.03, 0.03, 0.03, 0.03, 0.03, 0.03, 0.03, 0.03, 0.03, 0.03, 0.03, 0.03, 0.03, 0.03, 0.03, 0.03, 0.03, 0.03, 0.03, 0.03, 0.03, 0.03, 0.03, 0.03, 0.03, 0.03, 0.03, 0.03, 0.03, 0.03, 0.03, 0.109, 0.31, 0.31, 0.31, 0.31, 0.31, 0.31, 0.31, 0.31, 0.31, 0.31, 0.31, 0.31, 0.31, 0.31, 0.31, 0.31, 0.31, 0.31, 0.31, 0.31, 0.31, 0.31, 0.31, 0.31, 0.31, 0.31, 0.31, 0.31, 0.31, 0.31, 0.31, 0.31, 0.31, 0.31, 0.31, 0.31, 0.31, 0.31, 0.31, 0.31, 0.31, 0.31, 0.31, 0.31, 0.31, 0.31, 0.31, 0.31, 0.31, 0.31, 0.31]","[0.022, 0.0, 0.0, 0.167, 0.163, 0.111, 0.202, 0.2, 0.04]","[7.75, -2.0, 0.03, 0.69]",7.75,-2.0,0.03,0.69,"psych_curve(xdata=array([-70.,  -8.,  -4.,  -2.,   0.,   2.,   4.,   8.,  70.]), ydata=[0.604, 0.667, 0.571, 0.75, 0.6, 0.571, 1.0, 1.0, 0.926], fit=[nan, nan, nan, nan, nan, nan, nan, nan, nan, nan, nan, nan, nan, nan, nan, nan, nan, nan, nan, nan, nan, nan, nan, nan, nan, nan, nan, nan, nan, nan, nan, nan, nan, nan, nan, nan, nan, nan, nan, nan, nan, nan, nan, nan, nan, nan, nan, nan, nan, nan, nan, nan, nan, nan, nan, nan, nan, nan, nan, nan, nan, nan, nan, nan, nan, nan, nan, nan, nan, nan, nan, nan, nan, nan, nan, nan, nan, nan, nan, nan, nan, nan, nan, nan, nan, nan, nan, nan, nan, nan, nan, nan, nan, nan, nan, nan, nan, nan, nan, nan], params=[21.37, 2.73, 0.63, 0.02], fit_error=[0.04, 0.211, 0.202, 0.164, 0.163, 0.202, 0.0, 0.0, 0.02])",[-70.  -8.  -4.  -2.   0.   2.   4.   8.  70.],"[0.093, 0.0, 0.0, 0.167, 0.4, 0.111, 0.429, 0.2, 0.399]","[0.03, 0.03, 0.03, 0.03, 0.03, 0.03, 0.03, 0.03, 0.03, 0.03, 0.03, 0.03, 0.03, 0.03, 0.03, 0.03, 0.03, 0.03, 0.03, 0.03, 0.03, 0.03, 0.03, 0.03, 0.03, 0.03, 0.03, 0.03, 0.03, 0.03, 0.03, 0.03, 0.03, 0.03, 0.03, 0.03, 0.03, 0.03, 0.03, 0.03, 0.03, 0.03, 0.03, 0.03, 0.03, 0.03, 0.03, 0.03, 0.109, 0.31, 0.31, 0.31, 0.31, 0.31, 0.31, 0.31, 0.31, 0.31, 0.31, 0.31, 0.31, 0.31, 0.31, 0.31, 0.31, 0.31, 0.31, 0.31, 0.31, 0.31, 0.31, 0.31, 0.31, 0.31, 0.31, 0.31, 0.31, 0.31, 0.31, 0.31, 0.31, 0.31, 0.31, 0.31, 0.31, 0.31, 0.31, 0.31, 0.31, 0.31, 0.31, 0.31, 0.31, 0.31, 0.31, 0.31, 0.31, 0.31, 0.31, 0.31]","[0.022, 0.0, 0.0, 0.167, 0.163, 0.111, 0.202, 0.2, 0.04]","[21.37, 2.73, 0.63, 0.02]",21.37,2.73,0.63,0.02
2023-07-18,1,873,['Bpod1'],589,315,274,366,202,428,267,161,257,160,140,41,99,0.7266553480475382,0.8476190476190476,0.5875912408759124,568,308,260,368,260,108,0.7103825136612022,0.5346534653465347,185,93,92,0.2540983606557377,0.45544554455445546,0.7535211267605634,0.8668831168831169,0.6192307692307693,0.7946210268948656,-0.24765234765234767,0.6983695652173914,0.8648648648648649,-0.16649529964747356,0.6225179895038684,0.3547719526050966,21,7,14,0.035653650254668934,0.022222222222222223,0.051094890510948905,428,267,161,1070.0,667.5,402.5,0.0,0,0,0,0.49999999999999983,"psych_curve(xdata=array([-70.,  -8.,  -4.,  -2.,   0.,   2.,   4.,   8.,  70.]), ydata=[0.088, 0.136, 0.15, 0.32, 0.424, 0.381, 0.45, 0.611, 0.661], fit=[0.08, 0.08, 0.08, 0.08, 0.08, 0.08, 0.08, 0.08, 0.08, 0.08, 0.08, 0.08, 0.08, 0.08, 0.08, 0.08, 0.08, 0.08, 0.08, 0.08, 0.08, 0.08, 0.08, 0.08, 0.08, 0.08, 0.08, 0.08, 0.08, 0.08, 0.081, 0.081, 0.081, 0.081, 0.082, 0.083, 0.084, 0.086, 0.089, 0.092, 0.097, 0.104, 0.114, 0.127, 0.144, 0.167, 0.197, 0.233, 0.276, 0.324, 0.375, 0.426, 0.473, 0.515, 0.55, 0.578, 0.6, 0.616, 0.629, 0.638, 0.644, 0.649, 0.652, 0.654, 0.656, 0.657, 0.658, 0.659, 0.659, 0.659, 0.66, 0.66, 0.66, 0.66, 0.66, 0.66, 0.66, 0.66, 0.66, 0.66, 0.66, 0.66, 0.66, 0.66, 0.66, 0.66, 0.66, 0.66, 0.66, 0.66, 0.66, 0.66, 0.66, 0.66, 0.66, 0.66, 0.66, 0.66, 0.66, 0.66], params=[0.25, 0.56, 0.08, 0.34], fit_error=[0.019, 0.075, 0.082, 0.095, 0.087, 0.109, 0.114, 0.118, 0.034])",[-70.  -8.  -4.  -2.   0.   2.   4.   8.  70.],"[0.088, 0.136, 0.15, 0.32, 0.424, 0.381, 0.45, 0.611, 0.661]","[0.08, 0.08, 0.08, 0.08, 0.08, 0.08, 0.08, 0.08, 0.08, 0.08, 0.08, 0.08, 0.08, 0.08, 0.08, 0.08, 0.08, 0.08, 0.08, 0.08, 0.08, 0.08, 0.08, 0.08, 0.08, 0.08, 0.08, 0.08, 0.08, 0.08, 0.081, 0.081, 0.081, 0.081, 0.082, 0.083, 0.084, 0.086, 0.089, 0.092, 0.097, 0.104, 0.114, 0.127, 0.144, 0.167, 0.197, 0.233, 0.276, 0.324, 0.375, 0.426, 0.473, 0.515, 0.55, 0.578, 0.6, 0.616, 0.629, 0.638, 0.644, 0.649, 0.652, 0.654, 0.656, 0.657, 0.658, 0.659, 0.659, 0.659, 0.66, 0.66, 0.66, 0.66, 0.66, 0.66, 0.66, 0.66, 0.66, 0.66, 0.66, 0.66, 0.66, 0.66, 0.66, 0.66, 0.66, 0.66, 0.66, 0.66, 0.66, 0.66, 0.66, 0.66, 0.66, 0.66, 0.66, 0.66, 0.66, 0.66]","[0.019, 0.075, 0.082, 0.095, 0.087, 0.109, 0.114, 0.118, 0.034]","[0.25, 0.56, 0.08, 0.34]",0.25,0.56,0.08,0.34,"psych_curve(xdata=array([-70.,  -8.,  -4.,  -2.,  -0.,   2.,   4.,   8.,  70.]), ydata=[0.332, 0.5, 0.632, 0.692, 0.758, 0.85, 0.895, 0.957, 0.92], fit=[nan, nan, nan, nan, nan, nan, nan, nan, nan, nan, nan, nan, nan, nan, nan, nan, nan, nan, nan, nan, nan, nan, nan, nan, nan, nan, nan, nan, nan, nan, nan, nan, nan, nan, nan, nan, nan, nan, nan, nan, nan, nan, nan, nan, nan, nan, nan, nan, nan, nan, nan, nan, nan, nan, nan, nan, nan, nan, nan, nan, nan, nan, nan, nan, nan, nan, nan, nan, nan, nan, nan, nan, nan, nan, nan, nan, nan, nan, nan, nan, nan, nan, nan, nan, nan, nan, nan, nan, nan, nan, nan, nan, nan, nan, nan, nan, nan, nan, nan, nan], params=[0.27, -3.57, 0.34, 0.05], fit_error=[0.033, 0.139, 0.114, 0.092, 0.076, 0.082, 0.072, 0.043, 0.019])",[-70.  -8.  -4.  -2.   0.   2.   4.   8.  70.],"[0.088, 0.136, 0.15, 0.32, 0.424, 0.381, 0.45, 0.611, 0.661]","[0.08, 0.08, 0.08, 0.08, 0.08, 0.08, 0.08, 0.08, 0.08, 0.08, 0.08, 0.08, 0.08, 0.08, 0.08, 0.08, 0.08, 0.08, 0.08, 0.08, 0.08, 0.08, 0.08, 0.08, 0.08, 0.08, 0.08, 0.08, 0.08, 0.08, 0.081, 0.081, 0.081, 0.081, 0.082, 0.083, 0.084, 0.086, 0.089, 0.092, 0.097, 0.104, 0.114, 0.127, 0.144, 0.167, 0.197, 0.233, 0.276, 0.324, 0.375, 0.426, 0.473, 0.515, 0.55, 0.578, 0.6, 0.616, 0.629, 0.638, 0.644, 0.649, 0.652, 0.654, 0.656, 0.657, 0.658, 0.659, 0.659, 0.659, 0.66, 0.66, 0.66, 0.66, 0.66, 0.66, 0.66, 0.66, 0.66, 0.66, 0.66, 0.66, 0.66, 0.66, 0.66, 0.66, 0.66, 0.66, 0.66, 0.66, 0.66, 0.66, 0.66, 0.66, 0.66, 0.66, 0.66, 0.66, 0.66, 0.66]","[0.019, 0.075, 0.082, 0.095, 0.087, 0.109, 0.114, 0.118, 0.034]","[0.27, -3.57, 0.34, 0.05]",0.27,-3.57,0.34,0.05
2023-07-19,2,873,['Bpod1'],682,318,364,419,231,473,276,197,262,200,177,34,143,0.6935483870967742,0.8679245283018868,0.5412087912087912,650,310,340,409,296,113,0.7064439140811456,0.48917748917748916,227,114,113,0.2720763723150358,0.48917748917748916,0.7276923076923076,0.8903225806451613,0.5794117647058824,0.8008752735229759,-0.31091081593927894,0.6405867970660146,0.8810572687224669,-0.2404704716564523,0.5978107016293174,0.38062693074626247,32,8,24,0.0469208211143695,0.025157232704402517,0.06593406593406594,473,276,197,1182.5,690.0,492.5,0.0,0,0,0,0.49999999999999983,"psych_curve(xdata=array([-70.,  -8.,  -4.,  -2.,   0.,   2.,   4.,   8.,  70.]), ydata=[0.036, 0.3, 0.28, 0.308, 0.355, 0.414, 0.429, 0.529, 0.642], fit=[0.04, 0.04, 0.04, 0.041, 0.041, 0.041, 0.041, 0.041, 0.041, 0.041, 0.042, 0.042, 0.042, 0.043, 0.043, 0.043, 0.044, 0.045, 0.045, 0.046, 0.047, 0.049, 0.05, 0.052, 0.054, 0.056, 0.058, 0.061, 0.065, 0.069, 0.073, 0.079, 0.085, 0.092, 0.099, 0.108, 0.118, 0.13, 0.142, 0.156, 0.171, 0.188, 0.206, 0.226, 0.246, 0.268, 0.291, 0.314, 0.338, 0.361, 0.385, 0.408, 0.43, 0.452, 0.472, 0.491, 0.508, 0.525, 0.539, 0.553, 0.565, 0.576, 0.585, 0.594, 0.601, 0.608, 0.613, 0.618, 0.623, 0.627, 0.63, 0.633, 0.635, 0.637, 0.639, 0.641, 0.642, 0.643, 0.644, 0.645, 0.646, 0.646, 0.647, 0.647, 0.648, 0.648, 0.648, 0.649, 0.649, 0.649, 0.649, 0.649, 0.649, 0.649, 0.65, 0.65, 0.65, 0.65, 0.65, 0.65], params=[0.11, -1.68, 0.04, 0.35], fit_error=[0.012, 0.105, 0.092, 0.092, 0.087, 0.093, 0.095, 0.087, 0.032])",[-70.  -8.  -4.  -2.   0.   2.   4.   8.  70.],"[0.036, 0.3, 0.28, 0.308, 0.355, 0.414, 0.429, 0.529, 0.642]","[0.04, 0.04, 0.04, 0.041, 0.041, 0.041, 0.041, 0.041, 0.041, 0.041, 0.042, 0.042, 0.042, 0.043, 0.043, 0.043, 0.044, 0.045, 0.045, 0.046, 0.047, 0.049, 0.05, 0.052, 0.054, 0.056, 0.058, 0.061, 0.065, 0.069, 0.073, 0.079, 0.085, 0.092, 0.099, 0.108, 0.118, 0.13, 0.142, 0.156, 0.171, 0.188, 0.206, 0.226, 0.246, 0.268, 0.291, 0.314, 0.338, 0.361, 0.385, 0.408, 0.43, 0.452, 0.472, 0.491, 0.508, 0.525, 0.539, 0.553, 0.565, 0.576, 0.585, 0.594, 0.601, 0.608, 0.613, 0.618, 0.623, 0.627, 0.63, 0.633, 0.635, 0.637, 0.639, 0.641, 0.642, 0.643, 0.644, 0.645, 0.646, 0.646, 0.647, 0.647, 0.648, 0.648, 0.648, 0.649, 0.649, 0.649, 0.649, 0.649, 0.649, 0.649, 0.65, 0.65, 0.65, 0.65, 0.65, 0.65]","[0.012, 0.105, 0.092, 0.092, 0.087, 0.093, 0.095, 0.087, 0.032]","[0.11, -1.68, 0.04, 0.35]",0.11,-1.68,0.04,0.35,"psych_curve(xdata=array([-70.,  -8.,  -4.,  -2.,  -0.,   2.,   4.,   8.,  70.]), ydata=[0.347, 0.548, 0.633, 0.571, 0.733, 0.68, 0.818, 0.762, 0.975], fit=[nan, nan, nan, nan, nan, nan, nan, nan, nan, nan, nan, nan, nan, nan, nan, nan, nan, nan, nan, nan, nan, nan, nan, nan, nan, nan, nan, nan, nan, nan, nan, nan, nan, nan, nan, nan, nan, nan, nan, nan, nan, nan, nan, nan, nan, nan, nan, nan, nan, nan, nan, nan, nan, nan, nan, nan, nan, nan, nan, nan, nan, nan, nan, nan, nan, nan, nan, nan, nan, nan, nan, nan, nan, nan, nan, nan, nan, nan, nan, nan, nan, nan, nan, nan, nan, nan, nan, nan, nan, nan, nan, nan, nan, nan, nan, nan, nan, nan, nan, nan], params=[0.11, -1.22, 0.35, 0.03], fit_error=[0.03, 0.091, 0.089, 0.095, 0.082, 0.095, 0.084, 0.095, 0.011])",[-70.  -8.  -4.  -2.   0.   2.   4.   8.  70.],"[0.036, 0.3, 0.28, 0.308, 0.355, 0.414, 0.429, 0.529, 0.642]","[0.04, 0.04, 0.04, 0.041, 0.041, 0.041, 0.041, 0.041, 0.041, 0.041, 0.042, 0.042, 0.042, 0.043, 0.043, 0.043, 0.044, 0.045, 0.045, 0.046, 0.047, 0.049, 0.05, 0.052, 0.054, 0.056, 0.058, 0.061, 0.065, 0.069, 0.073, 0.079, 0.085, 0.092, 0.099, 0.108, 0.118, 0.13, 0.142, 0.156, 0.171, 0.188, 0.206, 0.226, 0.246, 0.268, 0.291, 0.314, 0.338, 0.361, 0.385, 0.408, 0.43, 0.452, 0.472, 0.491, 0.508, 0.525, 0.539, 0.553, 0.565, 0.576, 0.585, 0.594, 0.601, 0.608, 0.613, 0.618, 0.623, 0.627, 0.63, 0.633, 0.635, 0.637, 0.639, 0.641, 0.642, 0.643, 0.644, 0.645, 0.646, 0.646, 0.647, 0.647, 0.648, 0.648, 0.648, 0.649, 0.649, 0.649, 0.649, 0.649, 0.649, 0.649, 0.65, 0.65, 0.65, 0.65, 0.65, 0.65]","[0.012, 0.105, 0.092, 0.092, 0.087, 0.093, 0.095, 0.087, 0.032]","[0.11, -1.22, 0.35, 0.03]",0.11,-1.22,0.35,0.03
2023-07-20,3,873,['Bpod1'],541,273,268,336,185,371,224,147,210,153,150,38,112,0.6857670979667283,0.8205128205128205,0.5485074626865671,521,262,259,324,235,89,0.6994047619047619,0.4810810810810811,187,94,93,0.27976190476190477,0.5027027027027027,0.7120921305182342,0.8549618320610687,0.5675675675675675,0.7740963855421686,-0.28739426449350114,0.6481481481481481,0.8181818181818182,-0.1700336700336701,0.5902429214929215,0.3912323037323037,20,11,9,0.036968576709796676,0.040293040293040296,0.033582089552238806,371,224,147,927.5,560.0,367.5,0.0,0,6,0,0.4999999999999999,"psych_curve(xdata=array([-70.,  -8.,  -4.,  -2.,   0.,   2.,   4.,   8.,  70.]), ydata=[0.079, 0.174, 0.269, 0.308, 0.36, 0.484, 0.571, 0.6, 0.606], fit=[0.1, 0.1, 0.1, 0.1, 0.1, 0.1, 0.1, 0.1, 0.1, 0.1, 0.1, 0.1, 0.1, 0.1, 0.1, 0.1, 0.1, 0.1, 0.1, 0.1, 0.1, 0.1, 0.1, 0.1, 0.1, 0.1, 0.1, 0.1, 0.1, 0.1, 0.1, 0.1, 0.1, 0.101, 0.101, 0.101, 0.102, 0.103, 0.105, 0.107, 0.111, 0.117, 0.126, 0.139, 0.158, 0.185, 0.221, 0.266, 0.32, 0.377, 0.434, 0.484, 0.526, 0.558, 0.581, 0.597, 0.608, 0.616, 0.621, 0.624, 0.626, 0.628, 0.628, 0.629, 0.629, 0.63, 0.63, 0.63, 0.63, 0.63, 0.63, 0.63, 0.63, 0.63, 0.63, 0.63, 0.63, 0.63, 0.63, 0.63, 0.63, 0.63, 0.63, 0.63, 0.63, 0.63, 0.63, 0.63, 0.63, 0.63, 0.63, 0.63, 0.63, 0.63, 0.63, 0.63, 0.63, 0.63, 0.63, 0.63], params=[0.31, -1.01, 0.1, 0.37], fit_error=[0.02, 0.081, 0.089, 0.092, 0.098, 0.091, 0.095, 0.091, 0.039])",[-70.  -8.  -4.  -2.   0.   2.   4.   8.  70.],"[0.079, 0.174, 0.269, 0.308, 0.36, 0.484, 0.571, 0.6, 0.606]","[0.1, 0.1, 0.1, 0.1, 0.1, 0.1, 0.1, 0.1, 0.1, 0.1, 0.1, 0.1, 0.1, 0.1, 0.1, 0.1, 0.1, 0.1, 0.1, 0.1, 0.1, 0.1, 0.1, 0.1, 0.1, 0.1, 0.1, 0.1, 0.1, 0.1, 0.1, 0.1, 0.1, 0.101, 0.101, 0.101, 0.102, 0.103, 0.105, 0.107, 0.111, 0.117, 0.126, 0.139, 0.158, 0.185, 0.221, 0.266, 0.32, 0.377, 0.434, 0.484, 0.526, 0.558, 0.581, 0.597, 0.608, 0.616, 0.621, 0.624, 0.626, 0.628, 0.628, 0.629, 0.629, 0.63, 0.63, 0.63, 0.63, 0.63, 0.63, 0.63, 0.63, 0.63, 0.63, 0.63, 0.63, 0.63, 0.63, 0.63, 0.63, 0.63, 0.63, 0.63, 0.63, 0.63, 0.63, 0.63, 0.63, 0.63, 0.63, 0.63, 0.63, 0.63, 0.63, 0.63, 0.63, 0.63, 0.63, 0.63]","[0.02, 0.081, 0.089, 0.092, 0.098, 0.091, 0.095, 0.091, 0.039]","[0.31, -1.01, 0.1, 0.37]",0.31,-1.01,0.1,0.37,"psych_curve(xdata=array([-70.,  -8.,  -4.,  -2.,  -0.,   2.,   4.,   8.,  70.]), ydata=[0.383, 0.409, 0.448, 0.571, 0.458, 0.818, 0.75, 0.767, 0.937], fit=[nan, nan, nan, nan, nan, nan, nan, nan, nan, nan, nan, nan, nan, nan, nan, nan, nan, nan, nan, nan, nan, nan, nan, nan, nan, nan, nan, nan, nan, nan, nan, nan, nan, nan, nan, nan, nan, nan, nan, nan, nan, nan, nan, nan, nan, nan, nan, nan, nan, nan, nan, nan, nan, nan, nan, nan, nan, nan, nan, nan, nan, nan, nan, nan, nan, nan, nan, nan, nan, nan, nan, nan, nan, nan, nan, nan, nan, nan, nan, nan, nan, nan, nan, nan, nan, nan, nan, nan, nan, nan, nan, nan, nan, nan, nan, nan, nan, nan, nan, nan], params=[6.98, 0.61, 0.45, 0.18], fit_error=[0.038, 0.107, 0.094, 0.085, 0.104, 0.084, 0.09, 0.079, 0.019])",[-70.  -8.  -4.  -2.   0.   2.   4.   8.  70.],"[0.079, 0.174, 0.269, 0.308, 0.36, 0.484, 0.571, 0.6, 0.606]","[0.1, 0.1, 0.1, 0.1, 0.1, 0.1, 0.1, 0.1, 0.1, 0.1, 0.1, 0.1, 0.1, 0.1, 0.1, 0.1, 0.1, 0.1, 0.1, 0.1, 0.1, 0.1, 0.1, 0.1, 0.1, 0.1, 0.1, 0.1, 0.1, 0.1, 0.1, 0.1, 0.1, 0.101, 0.101, 0.101, 0.102, 0.103, 0.105, 0.107, 0.111, 0.117, 0.126, 0.139, 0.158, 0.185, 0.221, 0.266, 0.32, 0.377, 0.434, 0.484, 0.526, 0.558, 0.581, 0.597, 0.608, 0.616, 0.621, 0.624, 0.626, 0.628, 0.628, 0.629, 0.629, 0.63, 0.63, 0.63, 0.63, 0.63, 0.63, 0.63, 0.63, 0.63, 0.63, 0.63, 0.63, 0.63, 0.63, 0.63, 0.63, 0.63, 0.63, 0.63, 0.63, 0.63, 0.63, 0.63, 0.63, 0.63, 0.63, 0.63, 0.63, 0.63, 0.63, 0.63, 0.63, 0.63, 0.63, 0.63]","[0.02, 0.081, 0.089, 0.092, 0.098, 0.091, 0.095, 0.091, 0.039]","[6.98, 0.61, 0.45, 0.18]",6.98,0.61,0.45,0.18
2023-07-21,4,873,['Bpod1'],461,245,216,280,170,352,212,140,179,167,98,30,68,0.7635574837310195,0.8653061224489796,0.6481481481481481,450,242,208,250,178,72,0.6357142857142857,0.4235294117647059,193,96,97,0.34285714285714286,0.5705882352941176,0.7822222222222223,0.8760330578512396,0.6730769230769231,0.8625429553264605,-0.2029561347743165,0.716,0.8652849740932642,-0.14928497409326424,0.5296218487394958,0.45672268907563024,11,3,8,0.02386117136659436,0.012244897959183673,0.037037037037037035,352,212,140,880.0,530.0,350.0,0.0,0,0,0,0.4999999999999999,"psych_curve(xdata=array([-70.,  -8.,  -4.,  -2.,   0.,   2.,   4.,   8.,  70.]), ydata=[0.027, 0.222, 0.161, 0.5, 0.333, 0.583, 0.478, 0.619, 0.746], fit=[0.03, 0.03, 0.03, 0.03, 0.03, 0.03, 0.03, 0.03, 0.03, 0.03, 0.03, 0.03, 0.03, 0.03, 0.03, 0.03, 0.03, 0.03, 0.03, 0.03, 0.03, 0.031, 0.031, 0.031, 0.031, 0.032, 0.032, 0.033, 0.034, 0.035, 0.036, 0.038, 0.04, 0.043, 0.046, 0.051, 0.057, 0.064, 0.074, 0.085, 0.1, 0.117, 0.139, 0.164, 0.194, 0.228, 0.267, 0.308, 0.352, 0.398, 0.442, 0.485, 0.525, 0.561, 0.593, 0.621, 0.644, 0.663, 0.679, 0.692, 0.702, 0.71, 0.717, 0.722, 0.726, 0.729, 0.731, 0.733, 0.735, 0.736, 0.737, 0.738, 0.738, 0.739, 0.739, 0.739, 0.739, 0.739, 0.74, 0.74, 0.74, 0.74, 0.74, 0.74, 0.74, 0.74, 0.74, 0.74, 0.74, 0.74, 0.74, 0.74, 0.74, 0.74, 0.74, 0.74, 0.74, 0.74, 0.74, 0.74], params=[0.18, -1.1, 0.03, 0.26], fit_error=[0.013, 0.082, 0.067, 0.121, 0.092, 0.149, 0.106, 0.109, 0.037])",[-70.  -8.  -4.  -2.   0.   2.   4.   8.  70.],"[0.027, 0.222, 0.161, 0.5, 0.333, 0.583, 0.478, 0.619, 0.746]","[0.03, 0.03, 0.03, 0.03, 0.03, 0.03, 0.03, 0.03, 0.03, 0.03, 0.03, 0.03, 0.03, 0.03, 0.03, 0.03, 0.03, 0.03, 0.03, 0.03, 0.03, 0.031, 0.031, 0.031, 0.031, 0.032, 0.032, 0.033, 0.034, 0.035, 0.036, 0.038, 0.04, 0.043, 0.046, 0.051, 0.057, 0.064, 0.074, 0.085, 0.1, 0.117, 0.139, 0.164, 0.194, 0.228, 0.267, 0.308, 0.352, 0.398, 0.442, 0.485, 0.525, 0.561, 0.593, 0.621, 0.644, 0.663, 0.679, 0.692, 0.702, 0.71, 0.717, 0.722, 0.726, 0.729, 0.731, 0.733, 0.735, 0.736, 0.737, 0.738, 0.738, 0.739, 0.739, 0.739, 0.739, 0.739, 0.74, 0.74, 0.74, 0.74, 0.74, 0.74, 0.74, 0.74, 0.74, 0.74, 0.74, 0.74, 0.74, 0.74, 0.74, 0.74, 0.74, 0.74, 0.74, 0.74, 0.74, 0.74]","[0.013, 0.082, 0.067, 0.121, 0.092, 0.149, 0.106, 0.109, 0.037]","[0.18, -1.1, 0.03, 0.26]",0.18,-1.1,0.03,0.26,"psych_curve(xdata=array([-70.,  -8.,  -4.,  -2.,  -0.,   2.,   4.,   8.,  70.]), ydata=[0.201, 0.44, 0.448, 0.471, 0.63, 0.538, 0.833, 0.857, 0.94], fit=[nan, nan, nan, nan, nan, nan, nan, nan, nan, nan, nan, nan, nan, nan, nan, nan, nan, nan, nan, nan, nan, nan, nan, nan, nan, nan, nan, nan, nan, nan, nan, nan, nan, nan, nan, nan, nan, nan, nan, nan, nan, nan, nan, nan, nan, nan, nan, nan, nan, nan, nan, nan, nan, nan, nan, nan, nan, nan, nan, nan, nan, nan, nan, nan, nan, nan, nan, nan, nan, nan, nan, nan, nan, nan, nan, nan, nan, nan, nan, nan, nan, nan, nan, nan, nan, nan, nan, nan, nan, nan, nan, nan, nan, nan, nan, nan, nan, nan, nan, nan], params=[0.19, 0.01, 0.23, 0.04], fit_error=[0.032, 0.101, 0.094, 0.125, 0.095, 0.144, 0.078, 0.078, 0.021])",[-70.  -8.  -4.  -2.   0.   2.   4.   8.  70.],"[0.027, 0.222, 0.161, 0.5, 0.333, 0.583, 0.478, 0.619, 0.746]","[0.03, 0.03, 0.03, 0.03, 0.03, 0.03, 0.03, 0.03, 0.03, 0.03, 0.03, 0.03, 0.03, 0.03, 0.03, 0.03, 0.03, 0.03, 0.03, 0.03, 0.03, 0.031, 0.031, 0.031, 0.031, 0.032, 0.032, 0.033, 0.034, 0.035, 0.036, 0.038, 0.04, 0.043, 0.046, 0.051, 0.057, 0.064, 0.074, 0.085, 0.1, 0.117, 0.139, 0.164, 0.194, 0.228, 0.267, 0.308, 0.352, 0.398, 0.442, 0.485, 0.525, 0.561, 0.593, 0.621, 0.644, 0.663, 0.679, 0.692, 0.702, 0.71, 0.717, 0.722, 0.726, 0.729, 0.731, 0.733, 0.735, 0.736, 0.737, 0.738, 0.738, 0.739, 0.739, 0.739, 0.739, 0.739, 0.74, 0.74, 0.74, 0.74, 0.74, 0.74, 0.74, 0.74, 0.74, 0.74, 0.74, 0.74, 0.74, 0.74, 0.74, 0.74, 0.74, 0.74, 0.74, 0.74, 0.74, 0.74]","[0.013, 0.082, 0.067, 0.121, 0.092, 0.149, 0.106, 0.109, 0.037]","[0.19, 0.01, 0.23, 0.04]",0.19,0.01,0.23,0.04
2023-07-24,0,873,['Bpod1'],400,204,196,271,107,258,174,84,170,79,120,23,97,0.645,0.8529411764705882,0.42857142857142855,378,197,181,263,209,54,0.7712177121771218,0.5046728971962616,100,52,48,0.1918819188191882,0.4485981308411215,0.6825396825396826,0.883248730964467,0.46408839779005523,0.7459016393442623,-0.41916033317441176,0.6463878326996197,0.79,-0.1436121673003803,0.6379453046866916,0.32024002483015485,22,7,15,0.055,0.03431372549019608,0.07653061224489796,258,174,84,645.0,435.0,210.0,0.0,0,0,0,0.49999999999999983,"psych_curve(xdata=array([-70.,  -8.,  -4.,  -2.,   0.,   2.,   4.,   8.,  70.]), ydata=[0.053, 0.143, 0.15, 0.316, 0.227, 0.471, 0.542, 0.333, 0.509], fit=[0.09, 0.09, 0.09, 0.09, 0.09, 0.09, 0.09, 0.09, 0.09, 0.09, 0.09, 0.09, 0.09, 0.09, 0.09, 0.09, 0.09, 0.09, 0.09, 0.09, 0.09, 0.09, 0.09, 0.09, 0.09, 0.09, 0.09, 0.09, 0.09, 0.09, 0.09, 0.09, 0.09, 0.09, 0.09, 0.09, 0.09, 0.09, 0.09, 0.09, 0.091, 0.092, 0.094, 0.098, 0.105, 0.12, 0.146, 0.189, 0.248, 0.315, 0.374, 0.415, 0.441, 0.455, 0.463, 0.466, 0.468, 0.469, 0.47, 0.47, 0.47, 0.47, 0.47, 0.47, 0.47, 0.47, 0.47, 0.47, 0.47, 0.47, 0.47, 0.47, 0.47, 0.47, 0.47, 0.47, 0.47, 0.47, 0.47, 0.47, 0.47, 0.47, 0.47, 0.47, 0.47, 0.47, 0.47, 0.47, 0.47, 0.47, 0.47, 0.47, 0.47, 0.47, 0.47, 0.47, 0.47, 0.47, 0.47, 0.47], params=[0.5, -1.45, 0.09, 0.53], fit_error=[0.02, 0.097, 0.082, 0.11, 0.091, 0.125, 0.104, 0.114, 0.047])",[-70.  -8.  -4.  -2.   0.   2.   4.   8.  70.],"[0.053, 0.143, 0.15, 0.316, 0.227, 0.471, 0.542, 0.333, 0.509]","[0.09, 0.09, 0.09, 0.09, 0.09, 0.09, 0.09, 0.09, 0.09, 0.09, 0.09, 0.09, 0.09, 0.09, 0.09, 0.09, 0.09, 0.09, 0.09, 0.09, 0.09, 0.09, 0.09, 0.09, 0.09, 0.09, 0.09, 0.09, 0.09, 0.09, 0.09, 0.09, 0.09, 0.09, 0.09, 0.09, 0.09, 0.09, 0.09, 0.09, 0.091, 0.092, 0.094, 0.098, 0.105, 0.12, 0.146, 0.189, 0.248, 0.315, 0.374, 0.415, 0.441, 0.455, 0.463, 0.466, 0.468, 0.469, 0.47, 0.47, 0.47, 0.47, 0.47, 0.47, 0.47, 0.47, 0.47, 0.47, 0.47, 0.47, 0.47, 0.47, 0.47, 0.47, 0.47, 0.47, 0.47, 0.47, 0.47, 0.47, 0.47, 0.47, 0.47, 0.47, 0.47, 0.47, 0.47, 0.47, 0.47, 0.47, 0.47, 0.47, 0.47, 0.47, 0.47, 0.47, 0.47, 0.47, 0.47, 0.47]","[0.02, 0.097, 0.082, 0.11, 0.091, 0.125, 0.104, 0.114, 0.047]","[0.5, -1.45, 0.09, 0.53]",0.5,-1.45,0.09,0.53,"psych_curve(xdata=array([-70.,  -8.,  -4.,  -2.,   0.,   2.,   4.,   8.,  70.]), ydata=[0.454, 0.643, 0.75, 0.692, 0.714, 0.739, 0.962, 0.929, 0.932], fit=[nan, nan, nan, nan, nan, nan, nan, nan, nan, nan, nan, nan, nan, nan, nan, nan, nan, nan, nan, nan, nan, nan, nan, nan, nan, nan, nan, nan, nan, nan, nan, nan, nan, nan, nan, nan, nan, nan, nan, nan, nan, nan, nan, nan, nan, nan, nan, nan, nan, nan, nan, nan, nan, nan, nan, nan, nan, nan, nan, nan, nan, nan, nan, nan, nan, nan, nan, nan, nan, nan, nan, nan, nan, nan, nan, nan, nan, nan, nan, nan, nan, nan, nan, nan, nan, nan, nan, nan, nan, nan, nan, nan, nan, nan, nan, nan, nan, nan, nan, nan], params=[0.17, -3.26, 0.46, 0.04], fit_error=[0.046, 0.133, 0.112, 0.133, 0.101, 0.094, 0.038, 0.071, 0.023])",[-70.  -8.  -4.  -2.   0.   2.   4.   8.  70.],"[0.053, 0.143, 0.15, 0.316, 0.227, 0.471, 0.542, 0.333, 0.509]","[0.09, 0.09, 0.09, 0.09, 0.09, 0.09, 0.09, 0.09, 0.09, 0.09, 0.09, 0.09, 0.09, 0.09, 0.09, 0.09, 0.09, 0.09, 0.09, 0.09, 0.09, 0.09, 0.09, 0.09, 0.09, 0.09, 0.09, 0.09, 0.09, 0.09, 0.09, 0.09, 0.09, 0.09, 0.09, 0.09, 0.09, 0.09, 0.09, 0.09, 0.091, 0.092, 0.094, 0.098, 0.105, 0.12, 0.146, 0.189, 0.248, 0.315, 0.374, 0.415, 0.441, 0.455, 0.463, 0.466, 0.468, 0.469, 0.47, 0.47, 0.47, 0.47, 0.47, 0.47, 0.47, 0.47, 0.47, 0.47, 0.47, 0.47, 0.47, 0.47, 0.47, 0.47, 0.47, 0.47, 0.47, 0.47, 0.47, 0.47, 0.47, 0.47, 0.47, 0.47, 0.47, 0.47, 0.47, 0.47, 0.47, 0.47, 0.47, 0.47, 0.47, 0.47, 0.47, 0.47, 0.47, 0.47, 0.47, 0.47]","[0.02, 0.097, 0.082, 0.11, 0.091, 0.125, 0.104, 0.114, 0.047]","[0.17, -3.26, 0.46, 0.04]",0.17,-3.26,0.46,0.04
2023-07-25,1,873,['Bpod1'],424,214,210,289,110,267,182,85,172,85,132,25,107,0.6297169811320755,0.8504672897196262,0.40476190476190477,399,207,192,281,224,57,0.7750865051903114,0.5181818181818182,103,53,50,0.18339100346020762,0.45454545454545453,0.6691729323308271,0.8792270531400966,0.4427083333333333,0.7104247104247104,-0.4365187198067633,0.6120996441281139,0.8252427184466019,-0.213143074318488,0.6466341616860648,0.31896822900283106,25,7,18,0.0589622641509434,0.03271028037383177,0.08571428571428572,267,182,85,667.5,455.0,212.5,0.0,0,0,0,0.4999999999999999,"psych_curve(xdata=array([-70.,  -8.,  -4.,  -2.,   0.,   2.,   4.,   8.,  70.]), ydata=[0.077, 0.042, 0.167, 0.308, 0.304, 0.389, 0.2, 0.435, 0.496], fit=[0.05, 0.05, 0.05, 0.05, 0.05, 0.05, 0.05, 0.05, 0.05, 0.05, 0.05, 0.05, 0.05, 0.05, 0.05, 0.05, 0.05, 0.05, 0.05, 0.05, 0.05, 0.05, 0.05, 0.05, 0.05, 0.05, 0.051, 0.051, 0.051, 0.051, 0.052, 0.052, 0.053, 0.054, 0.056, 0.058, 0.06, 0.063, 0.067, 0.073, 0.08, 0.088, 0.1, 0.113, 0.13, 0.15, 0.174, 0.2, 0.229, 0.259, 0.289, 0.318, 0.346, 0.37, 0.392, 0.41, 0.425, 0.437, 0.447, 0.455, 0.461, 0.465, 0.469, 0.471, 0.474, 0.475, 0.476, 0.477, 0.478, 0.478, 0.479, 0.479, 0.479, 0.479, 0.48, 0.48, 0.48, 0.48, 0.48, 0.48, 0.48, 0.48, 0.48, 0.48, 0.48, 0.48, 0.48, 0.48, 0.48, 0.48, 0.48, 0.48, 0.48, 0.48, 0.48, 0.48, 0.48, 0.48, 0.48, 0.48], params=[0.2, -0.41, 0.05, 0.52], fit_error=[0.023, 0.042, 0.078, 0.133, 0.098, 0.118, 0.107, 0.106, 0.044])",[-70.  -8.  -4.  -2.   0.   2.   4.   8.  70.],"[0.077, 0.042, 0.167, 0.308, 0.304, 0.389, 0.2, 0.435, 0.496]","[0.05, 0.05, 0.05, 0.05, 0.05, 0.05, 0.05, 0.05, 0.05, 0.05, 0.05, 0.05, 0.05, 0.05, 0.05, 0.05, 0.05, 0.05, 0.05, 0.05, 0.05, 0.05, 0.05, 0.05, 0.05, 0.05, 0.051, 0.051, 0.051, 0.051, 0.052, 0.052, 0.053, 0.054, 0.056, 0.058, 0.06, 0.063, 0.067, 0.073, 0.08, 0.088, 0.1, 0.113, 0.13, 0.15, 0.174, 0.2, 0.229, 0.259, 0.289, 0.318, 0.346, 0.37, 0.392, 0.41, 0.425, 0.437, 0.447, 0.455, 0.461, 0.465, 0.469, 0.471, 0.474, 0.475, 0.476, 0.477, 0.478, 0.478, 0.479, 0.479, 0.479, 0.479, 0.48, 0.48, 0.48, 0.48, 0.48, 0.48, 0.48, 0.48, 0.48, 0.48, 0.48, 0.48, 0.48, 0.48, 0.48, 0.48, 0.48, 0.48, 0.48, 0.48, 0.48, 0.48, 0.48, 0.48, 0.48, 0.48]","[0.023, 0.042, 0.078, 0.133, 0.098, 0.118, 0.107, 0.106, 0.044]","[0.2, -0.41, 0.05, 0.52]",0.2,-0.41,0.05,0.52,"psych_curve(xdata=array([-70.,  -8.,  -4.,  -2.,  -0.,   2.,   4.,   8.,  70.]), ydata=[0.492, 0.55, 0.722, 0.688, 0.913, 0.786, 0.857, 1.0, 0.91], fit=[nan, nan, nan, nan, nan, nan, nan, nan, nan, nan, nan, nan, nan, nan, nan, nan, nan, nan, nan, nan, nan, nan, nan, nan, nan, nan, nan, nan, nan, nan, nan, nan, nan, nan, nan, nan, nan, nan, nan, nan, nan, nan, nan, nan, nan, nan, nan, nan, nan, nan, nan, nan, nan, nan, nan, nan, nan, nan, nan, nan, nan, nan, nan, nan, nan, nan, nan, nan, nan, nan, nan, nan, nan, nan, nan, nan, nan, nan, nan, nan, nan, nan, nan, nan, nan, nan, nan, nan, nan, nan, nan, nan, nan, nan, nan, nan, nan, nan, nan, nan], params=[0.31, -3.13, 0.49, 0.06], fit_error=[0.044, 0.114, 0.109, 0.12, 0.06, 0.114, 0.078, 0.0, 0.026])",[-70.  -8.  -4.  -2.   0.   2.   4.   8.  70.],"[0.077, 0.042, 0.167, 0.308, 0.304, 0.389, 0.2, 0.435, 0.496]","[0.05, 0.05, 0.05, 0.05, 0.05, 0.05, 0.05, 0.05, 0.05, 0.05, 0.05, 0.05, 0.05, 0.05, 0.05, 0.05, 0.05, 0.05, 0.05, 0.05, 0.05, 0.05, 0.05, 0.05, 0.05, 0.05, 0.051, 0.051, 0.051, 0.051, 0.052, 0.052, 0.053, 0.054, 0.056, 0.058, 0.06, 0.063, 0.067, 0.073, 0.08, 0.088, 0.1, 0.113, 0.13, 0.15, 0.174, 0.2, 0.229, 0.259, 0.289, 0.318, 0.346, 0.37, 0.392, 0.41, 0.425, 0.437, 0.447, 0.455, 0.461, 0.465, 0.469, 0.471, 0.474, 0.475, 0.476, 0.477, 0.478, 0.478, 0.479, 0.479, 0.479, 0.479, 0.48, 0.48, 0.48, 0.48, 0.48, 0.48, 0.48, 0.48, 0.48, 0.48, 0.48, 0.48, 0.48, 0.48, 0.48, 0.48, 0.48, 0.48, 0.48, 0.48, 0.48, 0.48, 0.48, 0.48, 0.48, 0.48]","[0.023, 0.042, 0.078, 0.133, 0.098, 0.118, 0.107, 0.106, 0.044]","[0.31, -3.13, 0.49, 0.06]",0.31,-3.13,0.49,0.06
2023-07-26,2,873,['Bpod1'],445,221,224,266,157,288,172,116,173,105,135,41,94,0.647191011235955,0.7782805429864253,0.5178571428571429,423,213,210,267,181,86,0.6804511278195489,0.5477707006369427,141,71,70,0.2669172932330827,0.445859872611465,0.6808510638297872,0.8075117370892019,0.5523809523809524,0.7534722222222222,-0.25513078470824946,0.6479400749063671,0.7446808510638298,-0.09674077615746268,0.6141109142282457,0.3563885829222738,22,8,14,0.04943820224719101,0.03619909502262444,0.0625,288,172,116,720.0,430.0,290.0,0.0,0,0,0,0.4999999999999999,"psych_curve(xdata=array([-70.,  -8.,  -4.,  -2.,   0.,   2.,   4.,   8.,  70.]), ydata=[0.096, 0.294, 0.636, 0.474, 0.391, 0.565, 0.429, 0.714, 0.573], fit=[0.09, 0.09, 0.09, 0.09, 0.09, 0.09, 0.09, 0.09, 0.09, 0.09, 0.09, 0.09, 0.09, 0.09, 0.09, 0.09, 0.09, 0.09, 0.09, 0.091, 0.091, 0.091, 0.091, 0.092, 0.092, 0.093, 0.094, 0.095, 0.097, 0.099, 0.101, 0.105, 0.11, 0.116, 0.124, 0.134, 0.147, 0.163, 0.182, 0.205, 0.232, 0.262, 0.296, 0.33, 0.366, 0.4, 0.432, 0.461, 0.486, 0.507, 0.525, 0.54, 0.551, 0.56, 0.567, 0.573, 0.577, 0.58, 0.582, 0.584, 0.586, 0.587, 0.588, 0.588, 0.589, 0.589, 0.589, 0.589, 0.59, 0.59, 0.59, 0.59, 0.59, 0.59, 0.59, 0.59, 0.59, 0.59, 0.59, 0.59, 0.59, 0.59, 0.59, 0.59, 0.59, 0.59, 0.59, 0.59, 0.59, 0.59, 0.59, 0.59, 0.59, 0.59, 0.59, 0.59, 0.59, 0.59, 0.59, 0.59], params=[0.2, -8.81, 0.09, 0.41], fit_error=[0.024, 0.114, 0.152, 0.118, 0.104, 0.106, 0.111, 0.101, 0.043])",[-70.  -8.  -4.  -2.   0.   2.   4.   8.  70.],"[0.096, 0.294, 0.636, 0.474, 0.391, 0.565, 0.429, 0.714, 0.573]","[0.09, 0.09, 0.09, 0.09, 0.09, 0.09, 0.09, 0.09, 0.09, 0.09, 0.09, 0.09, 0.09, 0.09, 0.09, 0.09, 0.09, 0.09, 0.09, 0.091, 0.091, 0.091, 0.091, 0.092, 0.092, 0.093, 0.094, 0.095, 0.097, 0.099, 0.101, 0.105, 0.11, 0.116, 0.124, 0.134, 0.147, 0.163, 0.182, 0.205, 0.232, 0.262, 0.296, 0.33, 0.366, 0.4, 0.432, 0.461, 0.486, 0.507, 0.525, 0.54, 0.551, 0.56, 0.567, 0.573, 0.577, 0.58, 0.582, 0.584, 0.586, 0.587, 0.588, 0.588, 0.589, 0.589, 0.589, 0.589, 0.59, 0.59, 0.59, 0.59, 0.59, 0.59, 0.59, 0.59, 0.59, 0.59, 0.59, 0.59, 0.59, 0.59, 0.59, 0.59, 0.59, 0.59, 0.59, 0.59, 0.59, 0.59, 0.59, 0.59, 0.59, 0.59, 0.59, 0.59, 0.59, 0.59, 0.59, 0.59]","[0.024, 0.114, 0.152, 0.118, 0.104, 0.106, 0.111, 0.101, 0.043]","[0.2, -8.81, 0.09, 0.41]",0.2,-8.81,0.09,0.41,"psych_curve(xdata=array([-70.,  -8.,  -4.,  -2.,   0.,   2.,   4.,   8.,  70.]), ydata=[0.406, 0.474, 0.684, 0.524, 0.636, 0.65, 0.583, 0.889, 0.886], fit=[nan, nan, nan, nan, nan, nan, nan, nan, nan, nan, nan, nan, nan, nan, nan, nan, nan, nan, nan, nan, nan, nan, nan, nan, nan, nan, nan, nan, nan, nan, nan, nan, nan, nan, nan, nan, nan, nan, nan, nan, nan, nan, nan, nan, nan, nan, nan, nan, nan, nan, nan, nan, nan, nan, nan, nan, nan, nan, nan, nan, nan, nan, nan, nan, nan, nan, nan, nan, nan, nan, nan, nan, nan, nan, nan, nan, nan, nan, nan, nan, nan, nan, nan, nan, nan, nan, nan, nan, nan, nan, nan, nan, nan, nan, nan, nan, nan, nan, nan, nan], params=[0.17, 1.82, 0.42, 0.1], fit_error=[0.044, 0.118, 0.11, 0.112, 0.105, 0.109, 0.149, 0.076, 0.026])",[-70.  -8.  -4.  -2.   0.   2.   4.   8.  70.],"[0.096, 0.294, 0.636, 0.474, 0.391, 0.565, 0.429, 0.714, 0.573]","[0.09, 0.09, 0.09, 0.09, 0.09, 0.09, 0.09, 0.09, 0.09, 0.09, 0.09, 0.09, 0.09, 0.09, 0.09, 0.09, 0.09, 0.09, 0.09, 0.091, 0.091, 0.091, 0.091, 0.092, 0.092, 0.093, 0.094, 0.095, 0.097, 0.099, 0.101, 0.105, 0.11, 0.116, 0.124, 0.134, 0.147, 0.163, 0.182, 0.205, 0.232, 0.262, 0.296, 0.33, 0.366, 0.4, 0.432, 0.461, 0.486, 0.507, 0.525, 0.54, 0.551, 0.56, 0.567, 0.573, 0.577, 0.58, 0.582, 0.584, 0.586, 0.587, 0.588, 0.588, 0.589, 0.589, 0.589, 0.589, 0.59, 0.59, 0.59, 0.59, 0.59, 0.59, 0.59, 0.59, 0.59, 0.59, 0.59, 0.59, 0.59, 0.59, 0.59, 0.59, 0.59, 0.59, 0.59, 0.59, 0.59, 0.59, 0.59, 0.59, 0.59, 0.59, 0.59, 0.59, 0.59, 0.59, 0.59, 0.59]","[0.024, 0.114, 0.152, 0.118, 0.104, 0.106, 0.111, 0.101, 0.043]","[0.17, 1.82, 0.42, 0.1]",0.17,1.82,0.42,0.1
2023-07-27,3,873,['Bpod1'],645,316,329,342,274,453,243,210,248,190,163,64,99,0.7023255813953488,0.7689873417721519,0.6382978723404256,616,307,309,370,218,152,0.6374269005847953,0.5547445255474452,227,113,114,0.3304093567251462,0.41605839416058393,0.7353896103896104,0.7915309446254072,0.6796116504854369,0.8131578947368421,-0.11191929413997026,0.6702702702702703,0.8370044052863436,-0.16673413501607326,0.5960857130661203,0.37323387544286507,29,9,20,0.04496124031007752,0.028481012658227847,0.060790273556231005,453,243,210,1132.5,607.5,525.0,0.0,0,0,0,0.49999999999999983,"psych_curve(xdata=array([-70.,  -8.,  -4.,  -2.,   0.,   2.,   4.,   8.,  70.]), ydata=[0.093, 0.258, 0.341, 0.432, 0.581, 0.548, 0.588, 0.677, 0.726], fit=[0.09, 0.09, 0.09, 0.09, 0.09, 0.09, 0.09, 0.09, 0.09, 0.09, 0.09, 0.09, 0.09, 0.09, 0.09, 0.09, 0.09, 0.09, 0.09, 0.09, 0.09, 0.09, 0.09, 0.09, 0.09, 0.09, 0.091, 0.091, 0.091, 0.092, 0.092, 0.093, 0.094, 0.096, 0.098, 0.101, 0.105, 0.111, 0.119, 0.129, 0.143, 0.16, 0.184, 0.212, 0.248, 0.289, 0.336, 0.386, 0.437, 0.487, 0.532, 0.572, 0.606, 0.633, 0.655, 0.671, 0.684, 0.694, 0.701, 0.706, 0.71, 0.713, 0.715, 0.716, 0.717, 0.718, 0.719, 0.719, 0.719, 0.719, 0.72, 0.72, 0.72, 0.72, 0.72, 0.72, 0.72, 0.72, 0.72, 0.72, 0.72, 0.72, 0.72, 0.72, 0.72, 0.72, 0.72, 0.72, 0.72, 0.72, 0.72, 0.72, 0.72, 0.72, 0.72, 0.72, 0.72, 0.72, 0.72, 0.72], params=[0.23, -3.01, 0.09, 0.28], fit_error=[0.022, 0.08, 0.075, 0.083, 0.09, 0.091, 0.086, 0.085, 0.032])",[-70.  -8.  -4.  -2.   0.   2.   4.   8.  70.],"[0.093, 0.258, 0.341, 0.432, 0.581, 0.548, 0.588, 0.677, 0.726]","[0.09, 0.09, 0.09, 0.09, 0.09, 0.09, 0.09, 0.09, 0.09, 0.09, 0.09, 0.09, 0.09, 0.09, 0.09, 0.09, 0.09, 0.09, 0.09, 0.09, 0.09, 0.09, 0.09, 0.09, 0.09, 0.09, 0.091, 0.091, 0.091, 0.092, 0.092, 0.093, 0.094, 0.096, 0.098, 0.101, 0.105, 0.111, 0.119, 0.129, 0.143, 0.16, 0.184, 0.212, 0.248, 0.289, 0.336, 0.386, 0.437, 0.487, 0.532, 0.572, 0.606, 0.633, 0.655, 0.671, 0.684, 0.694, 0.701, 0.706, 0.71, 0.713, 0.715, 0.716, 0.717, 0.718, 0.719, 0.719, 0.719, 0.719, 0.72, 0.72, 0.72, 0.72, 0.72, 0.72, 0.72, 0.72, 0.72, 0.72, 0.72, 0.72, 0.72, 0.72, 0.72, 0.72, 0.72, 0.72, 0.72, 0.72, 0.72, 0.72, 0.72, 0.72, 0.72, 0.72, 0.72, 0.72, 0.72, 0.72]","[0.022, 0.08, 0.075, 0.083, 0.09, 0.091, 0.086, 0.085, 0.032]","[0.23, -3.01, 0.09, 0.28]",0.23,-3.01,0.09,0.28,"psych_curve(xdata=array([-70.,  -8.,  -4.,  -2.,   0.,   2.,   4.,   8.,  70.]), ydata=[0.298, 0.406, 0.484, 0.647, 0.774, 0.758, 0.718, 0.862, 0.935], fit=[nan, nan, nan, nan, nan, nan, nan, nan, nan, nan, nan, nan, nan, nan, nan, nan, nan, nan, nan, nan, nan, nan, nan, nan, nan, nan, nan, nan, nan, nan, nan, nan, nan, nan, nan, nan, nan, nan, nan, nan, nan, nan, nan, nan, nan, nan, nan, nan, nan, nan, nan, nan, nan, nan, nan, nan, nan, nan, nan, nan, nan, nan, nan, nan, nan, nan, nan, nan, nan, nan, nan, nan, nan, nan, nan, nan, nan, nan, nan, nan, nan, nan, nan, nan, nan, nan, nan, nan, nan, nan, nan, nan, nan, nan, nan, nan, nan, nan, nan, nan], params=[0.25, -2.49, 0.29, 0.09], fit_error=[0.033, 0.088, 0.091, 0.083, 0.076, 0.076, 0.073, 0.065, 0.019])",[-70.  -8.  -4.  -2.   0.   2.   4.   8.  70.],"[0.093, 0.258, 0.341, 0.432, 0.581, 0.548, 0.588, 0.677, 0.726]","[0.09, 0.09, 0.09, 0.09, 0.09, 0.09, 0.09, 0.09, 0.09, 0.09, 0.09, 0.09, 0.09, 0.09, 0.09, 0.09, 0.09, 0.09, 0.09, 0.09, 0.09, 0.09, 0.09, 0.09, 0.09, 0.09, 0.091, 0.091, 0.091, 0.092, 0.092, 0.093, 0.094, 0.096, 0.098, 0.101, 0.105, 0.111, 0.119, 0.129, 0.143, 0.16, 0.184, 0.212, 0.248, 0.289, 0.336, 0.386, 0.437, 0.487, 0.532, 0.572, 0.606, 0.633, 0.655, 0.671, 0.684, 0.694, 0.701, 0.706, 0.71, 0.713, 0.715, 0.716, 0.717, 0.718, 0.719, 0.719, 0.719, 0.719, 0.72, 0.72, 0.72, 0.72, 0.72, 0.72, 0.72, 0.72, 0.72, 0.72, 0.72, 0.72, 0.72, 0.72, 0.72, 0.72, 0.72, 0.72, 0.72, 0.72, 0.72, 0.72, 0.72, 0.72, 0.72, 0.72, 0.72, 0.72, 0.72, 0.72]","[0.022, 0.08, 0.075, 0.083, 0.09, 0.091, 0.086, 0.085, 0.032]","[0.25, -2.49, 0.29, 0.09]",0.25,-2.49,0.29,0.09
2023-07-28,4,873,['Bpod1'],673,341,332,405,225,421,263,158,268,133,209,67,142,0.62555720653789,0.7712609970674487,0.4759036144578313,630,330,300,424,297,127,0.7333333333333333,0.5644444444444444,178,87,91,0.21481481481481482,0.40444444444444444,0.6682539682539682,0.796969696969697,0.5266666666666666,0.7106598984771574,-0.2703030303030304,0.6320754716981132,0.7471910112359551,-0.11511553953784193,0.6488888888888888,0.30962962962962964,43,11,32,0.0638930163447251,0.03225806451612903,0.0963855421686747,421,263,158,1052.5,657.5,395.0,0.0,0,0,0,0.49999999999999983,"psych_curve(xdata=array([-70.,  -8.,  -4.,  -2.,   0.,   2.,   4.,   8.,  70.]), ydata=[0.135, 0.387, 0.31, 0.323, 0.441, 0.545, 0.528, 0.571, 0.512], fit=[0.15, 0.15, 0.15, 0.15, 0.15, 0.15, 0.15, 0.15, 0.15, 0.15, 0.15, 0.15, 0.15, 0.15, 0.15, 0.15, 0.15, 0.15, 0.15, 0.15, 0.15, 0.15, 0.151, 0.151, 0.151, 0.151, 0.152, 0.152, 0.153, 0.154, 0.155, 0.157, 0.159, 0.162, 0.166, 0.17, 0.176, 0.184, 0.193, 0.204, 0.218, 0.235, 0.254, 0.277, 0.301, 0.328, 0.355, 0.382, 0.409, 0.433, 0.456, 0.475, 0.492, 0.506, 0.517, 0.526, 0.534, 0.54, 0.544, 0.548, 0.551, 0.553, 0.555, 0.556, 0.557, 0.558, 0.558, 0.559, 0.559, 0.559, 0.559, 0.56, 0.56, 0.56, 0.56, 0.56, 0.56, 0.56, 0.56, 0.56, 0.56, 0.56, 0.56, 0.56, 0.56, 0.56, 0.56, 0.56, 0.56, 0.56, 0.56, 0.56, 0.56, 0.56, 0.56, 0.56, 0.56, 0.56, 0.56, 0.56], params=[0.19, -4.95, 0.15, 0.44], fit_error=[0.023, 0.089, 0.087, 0.085, 0.086, 0.088, 0.084, 0.077, 0.038])",[-70.  -8.  -4.  -2.   0.   2.   4.   8.  70.],"[0.135, 0.387, 0.31, 0.323, 0.441, 0.545, 0.528, 0.571, 0.512]","[0.15, 0.15, 0.15, 0.15, 0.15, 0.15, 0.15, 0.15, 0.15, 0.15, 0.15, 0.15, 0.15, 0.15, 0.15, 0.15, 0.15, 0.15, 0.15, 0.15, 0.15, 0.15, 0.151, 0.151, 0.151, 0.151, 0.152, 0.152, 0.153, 0.154, 0.155, 0.157, 0.159, 0.162, 0.166, 0.17, 0.176, 0.184, 0.193, 0.204, 0.218, 0.235, 0.254, 0.277, 0.301, 0.328, 0.355, 0.382, 0.409, 0.433, 0.456, 0.475, 0.492, 0.506, 0.517, 0.526, 0.534, 0.54, 0.544, 0.548, 0.551, 0.553, 0.555, 0.556, 0.557, 0.558, 0.558, 0.559, 0.559, 0.559, 0.559, 0.56, 0.56, 0.56, 0.56, 0.56, 0.56, 0.56, 0.56, 0.56, 0.56, 0.56, 0.56, 0.56, 0.56, 0.56, 0.56, 0.56, 0.56, 0.56, 0.56, 0.56, 0.56, 0.56, 0.56, 0.56, 0.56, 0.56, 0.56, 0.56]","[0.023, 0.089, 0.087, 0.085, 0.086, 0.088, 0.084, 0.077, 0.038]","[0.19, -4.95, 0.15, 0.44]",0.19,-4.95,0.15,0.44,"psych_curve(xdata=array([-70.,  -8.,  -4.,  -2.,  -0.,   2.,   4.,   8.,  70.]), ydata=[0.486, 0.634, 0.586, 0.625, 0.758, 0.771, 0.774, 0.862, 0.889], fit=[nan, nan, nan, nan, nan, nan, nan, nan, nan, nan, nan, nan, nan, nan, nan, nan, nan, nan, nan, nan, nan, nan, nan, nan, nan, nan, nan, nan, nan, nan, nan, nan, nan, nan, nan, nan, nan, nan, nan, nan, nan, nan, nan, nan, nan, nan, nan, nan, nan, nan, nan, nan, nan, nan, nan, nan, nan, nan, nan, nan, nan, nan, nan, nan, nan, nan, nan, nan, nan, nan, nan, nan, nan, nan, nan, nan, nan, nan, nan, nan, nan, nan, nan, nan, nan, nan, nan, nan, nan, nan, nan, nan, nan, nan, nan, nan, nan, nan, nan, nan], params=[0.22, -0.62, 0.5, 0.1], fit_error=[0.037, 0.076, 0.093, 0.101, 0.076, 0.072, 0.076, 0.065, 0.022])",[-70.  -8.  -4.  -2.   0.   2.   4.   8.  70.],"[0.135, 0.387, 0.31, 0.323, 0.441, 0.545, 0.528, 0.571, 0.512]","[0.15, 0.15, 0.15, 0.15, 0.15, 0.15, 0.15, 0.15, 0.15, 0.15, 0.15, 0.15, 0.15, 0.15, 0.15, 0.15, 0.15, 0.15, 0.15, 0.15, 0.15, 0.15, 0.151, 0.151, 0.151, 0.151, 0.152, 0.152, 0.153, 0.154, 0.155, 0.157, 0.159, 0.162, 0.166, 0.17, 0.176, 0.184, 0.193, 0.204, 0.218, 0.235, 0.254, 0.277, 0.301, 0.328, 0.355, 0.382, 0.409, 0.433, 0.456, 0.475, 0.492, 0.506, 0.517, 0.526, 0.534, 0.54, 0.544, 0.548, 0.551, 0.553, 0.555, 0.556, 0.557, 0.558, 0.558, 0.559, 0.559, 0.559, 0.559, 0.56, 0.56, 0.56, 0.56, 0.56, 0.56, 0.56, 0.56, 0.56, 0.56, 0.56, 0.56, 0.56, 0.56, 0.56, 0.56, 0.56, 0.56, 0.56, 0.56, 0.56, 0.56, 0.56, 0.56, 0.56, 0.56, 0.56, 0.56, 0.56]","[0.023, 0.089, 0.087, 0.085, 0.086, 0.088, 0.084, 0.077, 0.038]","[0.22, -0.62, 0.5, 0.1]",0.22,-0.62,0.5,0.1
2023-07-31,0,873,['Bpod1'],272,122,150,167,88,161,96,65,101,53,94,23,71,0.5919117647058824,0.7868852459016393,0.43333333333333335,255,119,136,173,123,50,0.7365269461077845,0.5681818181818182,71,36,35,0.2155688622754491,0.3977272727272727,0.6313725490196078,0.8067226890756303,0.47794117647058826,0.6445783132530121,-0.328781512605042,0.5838150289017341,0.7464788732394366,-0.16266384433770253,0.6523543821448013,0.3066480675013609,17,3,14,0.0625,0.02459016393442623,0.09333333333333334,161,96,65,402.5,240.0,162.5,0.0,0,0,0,0.4999999999999998,"psych_curve(xdata=array([-70.,  -8.,  -4.,  -2.,   0.,   2.,   4.,   8.,  70.]), ydata=[0.137, 0.25, 0.231, 0.357, 0.25, 0.455, 0.529, 0.5, 0.473], fit=[0.24, 0.24, 0.24, 0.24, 0.24, 0.24, 0.24, 0.24, 0.24, 0.24, 0.24, 0.24, 0.24, 0.24, 0.24, 0.24, 0.24, 0.24, 0.24, 0.24, 0.24, 0.24, 0.24, 0.24, 0.24, 0.24, 0.24, 0.24, 0.24, 0.24, 0.24, 0.24, 0.24, 0.24, 0.24, 0.24, 0.24, 0.24, 0.24, 0.24, 0.24, 0.24, 0.24, 0.24, 0.24, 0.24, 0.24, 0.24, 0.24, 0.241, 0.275, 0.465, 0.499, 0.5, 0.5, 0.5, 0.5, 0.5, 0.5, 0.5, 0.5, 0.5, 0.5, 0.5, 0.5, 0.5, 0.5, 0.5, 0.5, 0.5, 0.5, 0.5, 0.5, 0.5, 0.5, 0.5, 0.5, 0.5, 0.5, 0.5, 0.5, 0.5, 0.5, 0.5, 0.5, 0.5, 0.5, 0.5, 0.5, 0.5, 0.5, 0.5, 0.5, 0.5, 0.5, 0.5, 0.5, 0.5, 0.5, 0.5], params=[2.63, 1.41, 0.24, 0.5], fit_error=[0.041, 0.131, 0.122, 0.133, 0.164, 0.157, 0.125, 0.139, 0.052])",[-70.  -8.  -4.  -2.   0.   2.   4.   8.  70.],"[0.137, 0.25, 0.231, 0.357, 0.25, 0.455, 0.529, 0.5, 0.473]","[0.24, 0.24, 0.24, 0.24, 0.24, 0.24, 0.24, 0.24, 0.24, 0.24, 0.24, 0.24, 0.24, 0.24, 0.24, 0.24, 0.24, 0.24, 0.24, 0.24, 0.24, 0.24, 0.24, 0.24, 0.24, 0.24, 0.24, 0.24, 0.24, 0.24, 0.24, 0.24, 0.24, 0.24, 0.24, 0.24, 0.24, 0.24, 0.24, 0.24, 0.24, 0.24, 0.24, 0.24, 0.24, 0.24, 0.24, 0.24, 0.24, 0.241, 0.275, 0.465, 0.499, 0.5, 0.5, 0.5, 0.5, 0.5, 0.5, 0.5, 0.5, 0.5, 0.5, 0.5, 0.5, 0.5, 0.5, 0.5, 0.5, 0.5, 0.5, 0.5, 0.5, 0.5, 0.5, 0.5, 0.5, 0.5, 0.5, 0.5, 0.5, 0.5, 0.5, 0.5, 0.5, 0.5, 0.5, 0.5, 0.5, 0.5, 0.5, 0.5, 0.5, 0.5, 0.5, 0.5, 0.5, 0.5, 0.5, 0.5]","[0.041, 0.131, 0.122, 0.133, 0.164, 0.157, 0.125, 0.139, 0.052]","[2.63, 1.41, 0.24, 0.5]",2.63,1.41,0.24,0.5,"psych_curve(xdata=array([-70.,  -8.,  -4.,  -2.,  -0.,   2.,   4.,   8.,  70.]), ydata=[0.506, 0.625, 0.769, 0.8, 0.714, 0.75, 0.941, 1.0, 0.829], fit=[nan, nan, nan, nan, nan, nan, nan, nan, nan, nan, nan, nan, nan, nan, nan, nan, nan, nan, nan, nan, nan, nan, nan, nan, nan, nan, nan, nan, nan, nan, nan, nan, nan, nan, nan, nan, nan, nan, nan, nan, nan, nan, nan, nan, nan, nan, nan, nan, nan, nan, nan, nan, nan, nan, nan, nan, nan, nan, nan, nan, nan, nan, nan, nan, nan, nan, nan, nan, nan, nan, nan, nan, nan, nan, nan, nan, nan, nan, nan, nan, nan, nan, nan, nan, nan, nan, nan, nan, nan, nan, nan, nan, nan, nan, nan, nan, nan, nan, nan, nan], params=[0.24, -4.66, 0.51, 0.09], fit_error=[0.055, 0.125, 0.122, 0.133, 0.184, 0.131, 0.059, 0.0, 0.043])",[-70.  -8.  -4.  -2.   0.   2.   4.   8.  70.],"[0.137, 0.25, 0.231, 0.357, 0.25, 0.455, 0.529, 0.5, 0.473]","[0.24, 0.24, 0.24, 0.24, 0.24, 0.24, 0.24, 0.24, 0.24, 0.24, 0.24, 0.24, 0.24, 0.24, 0.24, 0.24, 0.24, 0.24, 0.24, 0.24, 0.24, 0.24, 0.24, 0.24, 0.24, 0.24, 0.24, 0.24, 0.24, 0.24, 0.24, 0.24, 0.24, 0.24, 0.24, 0.24, 0.24, 0.24, 0.24, 0.24, 0.24, 0.24, 0.24, 0.24, 0.24, 0.24, 0.24, 0.24, 0.24, 0.241, 0.275, 0.465, 0.499, 0.5, 0.5, 0.5, 0.5, 0.5, 0.5, 0.5, 0.5, 0.5, 0.5, 0.5, 0.5, 0.5, 0.5, 0.5, 0.5, 0.5, 0.5, 0.5, 0.5, 0.5, 0.5, 0.5, 0.5, 0.5, 0.5, 0.5, 0.5, 0.5, 0.5, 0.5, 0.5, 0.5, 0.5, 0.5, 0.5, 0.5, 0.5, 0.5, 0.5, 0.5, 0.5, 0.5, 0.5, 0.5, 0.5, 0.5]","[0.041, 0.131, 0.122, 0.133, 0.164, 0.157, 0.125, 0.139, 0.052]","[0.24, -4.66, 0.51, 0.09]",0.24,-4.66,0.51,0.09
2023-08-01,1,873,['Bpod1'],405,200,205,174,198,248,119,129,158,78,124,69,55,0.6123456790123457,0.595,0.6292682926829268,372,188,184,257,113,144,0.6494252873563219,0.7272727272727273,98,52,46,0.2988505747126437,0.23232323232323232,0.6666666666666666,0.6329787234042553,0.7010869565217391,0.688034188034188,0.06810823311748382,0.6147859922178989,0.7959183673469388,-0.1811323751290399,0.6883490073145246,0.265586903517938,33,12,21,0.08148148148148149,0.06,0.1024390243902439,248,119,129,620.0,297.5,322.5,0.0,0,0,0,0.49999999999999983,"psych_curve(xdata=array([-70.,  -8.,  -4.,  -2.,   0.,   2.,   4.,   8.,  70.]), ydata=[0.331, 0.375, 0.483, 0.462, 0.5, 0.6, 0.727, 0.706, 0.707], fit=[0.35, 0.35, 0.35, 0.35, 0.35, 0.35, 0.35, 0.35, 0.35, 0.35, 0.35, 0.35, 0.35, 0.35, 0.35, 0.35, 0.35, 0.35, 0.35, 0.35, 0.35, 0.35, 0.35, 0.35, 0.35, 0.35, 0.35, 0.35, 0.35, 0.35, 0.35, 0.35, 0.35, 0.35, 0.35, 0.35, 0.35, 0.35, 0.351, 0.351, 0.352, 0.354, 0.357, 0.362, 0.37, 0.383, 0.403, 0.432, 0.472, 0.52, 0.571, 0.618, 0.655, 0.682, 0.701, 0.712, 0.719, 0.724, 0.726, 0.728, 0.729, 0.729, 0.73, 0.73, 0.73, 0.73, 0.73, 0.73, 0.73, 0.73, 0.73, 0.73, 0.73, 0.73, 0.73, 0.73, 0.73, 0.73, 0.73, 0.73, 0.73, 0.73, 0.73, 0.73, 0.73, 0.73, 0.73, 0.73, 0.73, 0.73, 0.73, 0.73, 0.73, 0.73, 0.73, 0.73, 0.73, 0.73, 0.73, 0.73], params=[0.38, -0.16, 0.35, 0.27], fit_error=[0.043, 0.125, 0.094, 0.144, 0.129, 0.1, 0.097, 0.114, 0.042])",[-70.  -8.  -4.  -2.   0.   2.   4.   8.  70.],"[0.331, 0.375, 0.483, 0.462, 0.5, 0.6, 0.727, 0.706, 0.707]","[0.35, 0.35, 0.35, 0.35, 0.35, 0.35, 0.35, 0.35, 0.35, 0.35, 0.35, 0.35, 0.35, 0.35, 0.35, 0.35, 0.35, 0.35, 0.35, 0.35, 0.35, 0.35, 0.35, 0.35, 0.35, 0.35, 0.35, 0.35, 0.35, 0.35, 0.35, 0.35, 0.35, 0.35, 0.35, 0.35, 0.35, 0.35, 0.351, 0.351, 0.352, 0.354, 0.357, 0.362, 0.37, 0.383, 0.403, 0.432, 0.472, 0.52, 0.571, 0.618, 0.655, 0.682, 0.701, 0.712, 0.719, 0.724, 0.726, 0.728, 0.729, 0.729, 0.73, 0.73, 0.73, 0.73, 0.73, 0.73, 0.73, 0.73, 0.73, 0.73, 0.73, 0.73, 0.73, 0.73, 0.73, 0.73, 0.73, 0.73, 0.73, 0.73, 0.73, 0.73, 0.73, 0.73, 0.73, 0.73, 0.73, 0.73, 0.73, 0.73, 0.73, 0.73, 0.73, 0.73, 0.73, 0.73, 0.73, 0.73]","[0.043, 0.125, 0.094, 0.144, 0.129, 0.1, 0.097, 0.114, 0.042]","[0.38, -0.16, 0.35, 0.27]",0.38,-0.16,0.35,0.27,"psych_curve(xdata=array([-70.,  -8.,  -4.,  -2.,  -0.,   2.,   4.,   8.,  70.]), ydata=[0.492, 0.6, 0.739, 0.75, 0.8, 0.895, 0.917, 0.889, 0.879], fit=[nan, nan, nan, nan, nan, nan, nan, nan, nan, nan, nan, nan, nan, nan, nan, nan, nan, nan, nan, nan, nan, nan, nan, nan, nan, nan, nan, nan, nan, nan, nan, nan, nan, nan, nan, nan, nan, nan, nan, nan, nan, nan, nan, nan, nan, nan, nan, nan, nan, nan, nan, nan, nan, nan, nan, nan, nan, nan, nan, nan, nan, nan, nan, nan, nan, nan, nan, nan, nan, nan, nan, nan, nan, nan, nan, nan, nan, nan, nan, nan, nan, nan, nan, nan, nan, nan, nan, nan, nan, nan, nan, nan, nan, nan, nan, nan, nan, nan, nan, nan], params=[0.33, -4.59, 0.5, 0.1], fit_error=[0.046, 0.131, 0.094, 0.112, 0.107, 0.072, 0.058, 0.076, 0.032])",[-70.  -8.  -4.  -2.   0.   2.   4.   8.  70.],"[0.331, 0.375, 0.483, 0.462, 0.5, 0.6, 0.727, 0.706, 0.707]","[0.35, 0.35, 0.35, 0.35, 0.35, 0.35, 0.35, 0.35, 0.35, 0.35, 0.35, 0.35, 0.35, 0.35, 0.35, 0.35, 0.35, 0.35, 0.35, 0.35, 0.35, 0.35, 0.35, 0.35, 0.35, 0.35, 0.35, 0.35, 0.35, 0.35, 0.35, 0.35, 0.35, 0.35, 0.35, 0.35, 0.35, 0.35, 0.351, 0.351, 0.352, 0.354, 0.357, 0.362, 0.37, 0.383, 0.403, 0.432, 0.472, 0.52, 0.571, 0.618, 0.655, 0.682, 0.701, 0.712, 0.719, 0.724, 0.726, 0.728, 0.729, 0.729, 0.73, 0.73, 0.73, 0.73, 0.73, 0.73, 0.73, 0.73, 0.73, 0.73, 0.73, 0.73, 0.73, 0.73, 0.73, 0.73, 0.73, 0.73, 0.73, 0.73, 0.73, 0.73, 0.73, 0.73, 0.73, 0.73, 0.73, 0.73, 0.73, 0.73, 0.73, 0.73, 0.73, 0.73, 0.73, 0.73, 0.73, 0.73]","[0.043, 0.125, 0.094, 0.144, 0.129, 0.1, 0.097, 0.114, 0.042]","[0.33, -4.59, 0.5, 0.1]",0.33,-4.59,0.5,0.1
2023-08-02,2,873,['Bpod1'],269,140,129,98,171,177,73,104,105,71,92,67,25,0.6579925650557621,0.5214285714285715,0.8062015503875969,269,140,129,175,51,124,0.5204081632653061,0.7251461988304093,93,46,47,0.46938775510204084,0.27485380116959063,0.6579925650557621,0.5214285714285715,0.8062015503875969,0.7068965517241379,0.2847729789590254,0.6,0.7634408602150538,-0.16344086021505377,0.6227771810478577,0.37212077813581573,0,0,0,0.0,0.0,0.0,177,73,104,442.5,182.5,260.0,0.0,0,0,0,0.4999999999999999,"psych_curve(xdata=array([-70.,  -8.,  -4.,  -2.,   0.,   2.,   4.,   8.,  70.]), ydata=[0.389, 0.571, 0.467, 0.909, 0.727, 0.5, 1.0, 0.944, 0.81], fit=[0.4, 0.4, 0.4, 0.4, 0.4, 0.4, 0.4, 0.4, 0.4, 0.4, 0.4, 0.4, 0.4, 0.4, 0.4, 0.4, 0.4, 0.4, 0.4, 0.4, 0.4, 0.4, 0.4, 0.4, 0.4, 0.4, 0.4, 0.4, 0.401, 0.401, 0.401, 0.402, 0.402, 0.403, 0.405, 0.407, 0.41, 0.413, 0.419, 0.427, 0.437, 0.451, 0.469, 0.493, 0.523, 0.558, 0.597, 0.639, 0.681, 0.721, 0.756, 0.785, 0.809, 0.828, 0.842, 0.853, 0.861, 0.866, 0.87, 0.873, 0.875, 0.877, 0.878, 0.878, 0.879, 0.879, 0.879, 0.88, 0.88, 0.88, 0.88, 0.88, 0.88, 0.88, 0.88, 0.88, 0.88, 0.88, 0.88, 0.88, 0.88, 0.88, 0.88, 0.88, 0.88, 0.88, 0.88, 0.88, 0.88, 0.88, 0.88, 0.88, 0.88, 0.88, 0.88, 0.88, 0.88, 0.88, 0.88, 0.88], params=[0.25, -3.5, 0.4, 0.12], fit_error=[0.052, 0.137, 0.133, 0.091, 0.097, 0.167, 0.0, 0.056, 0.043])",[-70.  -8.  -4.  -2.   0.   2.   4.   8.  70.],"[0.389, 0.571, 0.467, 0.909, 0.727, 0.5, 1.0, 0.944, 0.81]","[0.4, 0.4, 0.4, 0.4, 0.4, 0.4, 0.4, 0.4, 0.4, 0.4, 0.4, 0.4, 0.4, 0.4, 0.4, 0.4, 0.4, 0.4, 0.4, 0.4, 0.4, 0.4, 0.4, 0.4, 0.4, 0.4, 0.4, 0.4, 0.401, 0.401, 0.401, 0.402, 0.402, 0.403, 0.405, 0.407, 0.41, 0.413, 0.419, 0.427, 0.437, 0.451, 0.469, 0.493, 0.523, 0.558, 0.597, 0.639, 0.681, 0.721, 0.756, 0.785, 0.809, 0.828, 0.842, 0.853, 0.861, 0.866, 0.87, 0.873, 0.875, 0.877, 0.878, 0.878, 0.879, 0.879, 0.879, 0.88, 0.88, 0.88, 0.88, 0.88, 0.88, 0.88, 0.88, 0.88, 0.88, 0.88, 0.88, 0.88, 0.88, 0.88, 0.88, 0.88, 0.88, 0.88, 0.88, 0.88, 0.88, 0.88, 0.88, 0.88, 0.88, 0.88, 0.88, 0.88, 0.88, 0.88, 0.88, 0.88]","[0.052, 0.137, 0.133, 0.091, 0.097, 0.167, 0.0, 0.056, 0.043]","[0.25, -3.5, 0.4, 0.12]",0.25,-3.5,0.4,0.12,"psych_curve(xdata=array([-70.,  -8.,  -4.,  -2.,   0.,   2.,   4.,   8.,  70.]), ydata=[0.447, 0.385, 0.5, 0.833, 0.727, 0.444, 0.8, 0.789, 0.886], fit=[nan, nan, nan, nan, nan, nan, nan, nan, nan, nan, nan, nan, nan, nan, nan, nan, nan, nan, nan, nan, nan, nan, nan, nan, nan, nan, nan, nan, nan, nan, nan, nan, nan, nan, nan, nan, nan, nan, nan, nan, nan, nan, nan, nan, nan, nan, nan, nan, nan, nan, nan, nan, nan, nan, nan, nan, nan, nan, nan, nan, nan, nan, nan, nan, nan, nan, nan, nan, nan, nan, nan, nan, nan, nan, nan, nan, nan, nan, nan, nan, nan, nan, nan, nan, nan, nan, nan, nan, nan, nan, nan, nan, nan, nan, nan, nan, nan, nan, nan, nan], params=[0.2, -0.31, 0.41, 0.13], fit_error=[0.052, 0.14, 0.167, 0.112, 0.097, 0.176, 0.133, 0.096, 0.036])",[-70.  -8.  -4.  -2.   0.   2.   4.   8.  70.],"[0.389, 0.571, 0.467, 0.909, 0.727, 0.5, 1.0, 0.944, 0.81]","[0.4, 0.4, 0.4, 0.4, 0.4, 0.4, 0.4, 0.4, 0.4, 0.4, 0.4, 0.4, 0.4, 0.4, 0.4, 0.4, 0.4, 0.4, 0.4, 0.4, 0.4, 0.4, 0.4, 0.4, 0.4, 0.4, 0.4, 0.4, 0.401, 0.401, 0.401, 0.402, 0.402, 0.403, 0.405, 0.407, 0.41, 0.413, 0.419, 0.427, 0.437, 0.451, 0.469, 0.493, 0.523, 0.558, 0.597, 0.639, 0.681, 0.721, 0.756, 0.785, 0.809, 0.828, 0.842, 0.853, 0.861, 0.866, 0.87, 0.873, 0.875, 0.877, 0.878, 0.878, 0.879, 0.879, 0.879, 0.88, 0.88, 0.88, 0.88, 0.88, 0.88, 0.88, 0.88, 0.88, 0.88, 0.88, 0.88, 0.88, 0.88, 0.88, 0.88, 0.88, 0.88, 0.88, 0.88, 0.88, 0.88, 0.88, 0.88, 0.88, 0.88, 0.88, 0.88, 0.88, 0.88, 0.88, 0.88, 0.88]","[0.052, 0.137, 0.133, 0.091, 0.097, 0.167, 0.0, 0.056, 0.043]","[0.2, -0.31, 0.41, 0.13]",0.2,-0.31,0.41,0.13
2023-08-03,3,873,['Bpod1'],509,265,244,242,251,324,164,160,204,116,169,91,78,0.6365422396856582,0.6188679245283019,0.6557377049180327,493,255,238,342,164,178,0.6776859504132231,0.7091633466135459,145,73,72,0.30165289256198347,0.2868525896414343,0.6572008113590264,0.6431372549019608,0.6722689075630253,0.725,0.029131652661064433,0.5964912280701754,0.8,-0.20350877192982464,0.6934246485133845,0.29425274110170885,16,10,6,0.03143418467583497,0.03773584905660377,0.02459016393442623,324,164,160,810.0,410.0,400.0,0.0,0,0,0,0.4999999999999999,"psych_curve(xdata=array([-70.,  -8.,  -4.,  -2.,   0.,   2.,   4.,   8.,  70.]), ydata=[0.275, 0.304, 0.565, 0.72, 0.586, 0.536, 0.609, 0.545, 0.725], fit=[0.29, 0.29, 0.29, 0.29, 0.29, 0.29, 0.29, 0.29, 0.29, 0.29, 0.29, 0.29, 0.29, 0.29, 0.29, 0.29, 0.29, 0.29, 0.29, 0.29, 0.29, 0.29, 0.29, 0.29, 0.29, 0.29, 0.29, 0.29, 0.29, 0.29, 0.29, 0.29, 0.29, 0.29, 0.29, 0.29, 0.29, 0.29, 0.29, 0.29, 0.29, 0.29, 0.29, 0.29, 0.29, 0.29, 0.296, 0.616, 0.62, 0.62, 0.62, 0.62, 0.62, 0.62, 0.62, 0.62, 0.62, 0.62, 0.62, 0.62, 0.62, 0.62, 0.62, 0.62, 0.62, 0.62, 0.62, 0.62, 0.62, 0.62, 0.62, 0.62, 0.62, 0.62, 0.62, 0.62, 0.62, 0.62, 0.62, 0.62, 0.62, 0.62, 0.62, 0.62, 0.62, 0.62, 0.62, 0.62, 0.62, 0.62, 0.62, 0.62, 0.62, 0.62, 0.62, 0.62, 0.62, 0.62, 0.62, 0.62], params=[6.0, -4.27, 0.29, 0.38], fit_error=[0.034, 0.098, 0.106, 0.092, 0.093, 0.096, 0.104, 0.109, 0.037])",[-70.  -8.  -4.  -2.   0.   2.   4.   8.  70.],"[0.275, 0.304, 0.565, 0.72, 0.586, 0.536, 0.609, 0.545, 0.725]","[0.29, 0.29, 0.29, 0.29, 0.29, 0.29, 0.29, 0.29, 0.29, 0.29, 0.29, 0.29, 0.29, 0.29, 0.29, 0.29, 0.29, 0.29, 0.29, 0.29, 0.29, 0.29, 0.29, 0.29, 0.29, 0.29, 0.29, 0.29, 0.29, 0.29, 0.29, 0.29, 0.29, 0.29, 0.29, 0.29, 0.29, 0.29, 0.29, 0.29, 0.29, 0.29, 0.29, 0.29, 0.29, 0.29, 0.296, 0.616, 0.62, 0.62, 0.62, 0.62, 0.62, 0.62, 0.62, 0.62, 0.62, 0.62, 0.62, 0.62, 0.62, 0.62, 0.62, 0.62, 0.62, 0.62, 0.62, 0.62, 0.62, 0.62, 0.62, 0.62, 0.62, 0.62, 0.62, 0.62, 0.62, 0.62, 0.62, 0.62, 0.62, 0.62, 0.62, 0.62, 0.62, 0.62, 0.62, 0.62, 0.62, 0.62, 0.62, 0.62, 0.62, 0.62, 0.62, 0.62, 0.62, 0.62, 0.62, 0.62]","[0.034, 0.098, 0.106, 0.092, 0.093, 0.096, 0.104, 0.109, 0.037]","[6.0, -4.27, 0.29, 0.38]",6.0,-4.27,0.29,0.38,"psych_curve(xdata=array([-70.,  -8.,  -4.,  -2.,  -0.,   2.,   4.,   8.,  70.]), ydata=[0.436, 0.609, 0.731, 0.857, 0.828, 0.708, 0.85, 0.9, 0.901], fit=[nan, nan, nan, nan, nan, nan, nan, nan, nan, nan, nan, nan, nan, nan, nan, nan, nan, nan, nan, nan, nan, nan, nan, nan, nan, nan, nan, nan, nan, nan, nan, nan, nan, nan, nan, nan, nan, nan, nan, nan, nan, nan, nan, nan, nan, nan, nan, nan, nan, nan, nan, nan, nan, nan, nan, nan, nan, nan, nan, nan, nan, nan, nan, nan, nan, nan, nan, nan, nan, nan, nan, nan, nan, nan, nan, nan, nan, nan, nan, nan, nan, nan, nan, nan, nan, nan, nan, nan, nan, nan, nan, nan, nan, nan, nan, nan, nan, nan, nan, nan], params=[0.22, -6.98, 0.43, 0.11], fit_error=[0.039, 0.104, 0.089, 0.067, 0.071, 0.095, 0.082, 0.069, 0.024])",[-70.  -8.  -4.  -2.   0.   2.   4.   8.  70.],"[0.275, 0.304, 0.565, 0.72, 0.586, 0.536, 0.609, 0.545, 0.725]","[0.29, 0.29, 0.29, 0.29, 0.29, 0.29, 0.29, 0.29, 0.29, 0.29, 0.29, 0.29, 0.29, 0.29, 0.29, 0.29, 0.29, 0.29, 0.29, 0.29, 0.29, 0.29, 0.29, 0.29, 0.29, 0.29, 0.29, 0.29, 0.29, 0.29, 0.29, 0.29, 0.29, 0.29, 0.29, 0.29, 0.29, 0.29, 0.29, 0.29, 0.29, 0.29, 0.29, 0.29, 0.29, 0.29, 0.296, 0.616, 0.62, 0.62, 0.62, 0.62, 0.62, 0.62, 0.62, 0.62, 0.62, 0.62, 0.62, 0.62, 0.62, 0.62, 0.62, 0.62, 0.62, 0.62, 0.62, 0.62, 0.62, 0.62, 0.62, 0.62, 0.62, 0.62, 0.62, 0.62, 0.62, 0.62, 0.62, 0.62, 0.62, 0.62, 0.62, 0.62, 0.62, 0.62, 0.62, 0.62, 0.62, 0.62, 0.62, 0.62, 0.62, 0.62, 0.62, 0.62, 0.62, 0.62, 0.62, 0.62]","[0.034, 0.098, 0.106, 0.092, 0.093, 0.096, 0.104, 0.109, 0.037]","[0.22, -6.98, 0.43, 0.11]",0.22,-6.98,0.43,0.11
2023-08-04,4,873,['Bpod1'],728,368,360,381,316,491,270,221,287,191,206,95,111,0.6744505494505495,0.7336956521739131,0.6138888888888889,697,365,332,437,246,191,0.6456692913385826,0.6044303797468354,240,122,118,0.32020997375328086,0.37341772151898733,0.7044476327116213,0.7397260273972602,0.6656626506024096,0.7622377622377622,-0.07406337679485064,0.6567505720823799,0.7958333333333333,-0.13908276125095342,0.625049835542709,0.3468138476361341,31,3,28,0.042582417582417584,0.008152173913043478,0.07777777777777778,491,270,221,1227.5,675.0,552.5,0.0,0,0,0,0.49999999999999983,"psych_curve(xdata=array([-70.,  -8.,  -4.,  -2.,   0.,   2.,   4.,   8.,  70.]), ydata=[0.178, 0.317, 0.487, 0.382, 0.469, 0.633, 0.525, 0.712, 0.693], fit=[0.18, 0.18, 0.18, 0.18, 0.18, 0.18, 0.18, 0.18, 0.18, 0.18, 0.18, 0.18, 0.18, 0.18, 0.18, 0.18, 0.18, 0.18, 0.18, 0.18, 0.18, 0.18, 0.181, 0.181, 0.181, 0.181, 0.182, 0.182, 0.183, 0.183, 0.184, 0.186, 0.188, 0.19, 0.193, 0.197, 0.202, 0.208, 0.216, 0.226, 0.238, 0.254, 0.273, 0.295, 0.321, 0.351, 0.383, 0.418, 0.453, 0.488, 0.522, 0.553, 0.581, 0.606, 0.626, 0.644, 0.658, 0.669, 0.678, 0.685, 0.691, 0.695, 0.699, 0.701, 0.703, 0.705, 0.706, 0.707, 0.708, 0.708, 0.709, 0.709, 0.709, 0.709, 0.71, 0.71, 0.71, 0.71, 0.71, 0.71, 0.71, 0.71, 0.71, 0.71, 0.71, 0.71, 0.71, 0.71, 0.71, 0.71, 0.71, 0.71, 0.71, 0.71, 0.71, 0.71, 0.71, 0.71, 0.71, 0.71], params=[0.19, -2.45, 0.18, 0.29], fit_error=[0.025, 0.074, 0.081, 0.085, 0.09, 0.089, 0.08, 0.063, 0.033])",[-70.  -8.  -4.  -2.   0.   2.   4.   8.  70.],"[0.178, 0.317, 0.487, 0.382, 0.469, 0.633, 0.525, 0.712, 0.693]","[0.18, 0.18, 0.18, 0.18, 0.18, 0.18, 0.18, 0.18, 0.18, 0.18, 0.18, 0.18, 0.18, 0.18, 0.18, 0.18, 0.18, 0.18, 0.18, 0.18, 0.18, 0.18, 0.181, 0.181, 0.181, 0.181, 0.182, 0.182, 0.183, 0.183, 0.184, 0.186, 0.188, 0.19, 0.193, 0.197, 0.202, 0.208, 0.216, 0.226, 0.238, 0.254, 0.273, 0.295, 0.321, 0.351, 0.383, 0.418, 0.453, 0.488, 0.522, 0.553, 0.581, 0.606, 0.626, 0.644, 0.658, 0.669, 0.678, 0.685, 0.691, 0.695, 0.699, 0.701, 0.703, 0.705, 0.706, 0.707, 0.708, 0.708, 0.709, 0.709, 0.709, 0.709, 0.71, 0.71, 0.71, 0.71, 0.71, 0.71, 0.71, 0.71, 0.71, 0.71, 0.71, 0.71, 0.71, 0.71, 0.71, 0.71, 0.71, 0.71, 0.71, 0.71, 0.71, 0.71, 0.71, 0.71, 0.71, 0.71]","[0.025, 0.074, 0.081, 0.085, 0.09, 0.089, 0.08, 0.063, 0.033]","[0.19, -2.45, 0.18, 0.29]",0.19,-2.45,0.18,0.29,"psych_curve(xdata=array([-70.,  -8.,  -4.,  -2.,  -0.,   2.,   4.,   8.,  70.]), ydata=[0.369, 0.4, 0.718, 0.556, 0.667, 0.771, 0.763, 0.804, 0.906], fit=[nan, nan, nan, nan, nan, nan, nan, nan, nan, nan, nan, nan, nan, nan, nan, nan, nan, nan, nan, nan, nan, nan, nan, nan, nan, nan, nan, nan, nan, nan, nan, nan, nan, nan, nan, nan, nan, nan, nan, nan, nan, nan, nan, nan, nan, nan, nan, nan, nan, nan, nan, nan, nan, nan, nan, nan, nan, nan, nan, nan, nan, nan, nan, nan, nan, nan, nan, nan, nan, nan, nan, nan, nan, nan, nan, nan, nan, nan, nan, nan, nan, nan, nan, nan, nan, nan, nan, nan, nan, nan, nan, nan, nan, nan, nan, nan, nan, nan, nan, nan], params=[0.21, -2.39, 0.35, 0.11], fit_error=[0.033, 0.074, 0.073, 0.097, 0.088, 0.072, 0.07, 0.059, 0.02])",[-70.  -8.  -4.  -2.   0.   2.   4.   8.  70.],"[0.178, 0.317, 0.487, 0.382, 0.469, 0.633, 0.525, 0.712, 0.693]","[0.18, 0.18, 0.18, 0.18, 0.18, 0.18, 0.18, 0.18, 0.18, 0.18, 0.18, 0.18, 0.18, 0.18, 0.18, 0.18, 0.18, 0.18, 0.18, 0.18, 0.18, 0.18, 0.181, 0.181, 0.181, 0.181, 0.182, 0.182, 0.183, 0.183, 0.184, 0.186, 0.188, 0.19, 0.193, 0.197, 0.202, 0.208, 0.216, 0.226, 0.238, 0.254, 0.273, 0.295, 0.321, 0.351, 0.383, 0.418, 0.453, 0.488, 0.522, 0.553, 0.581, 0.606, 0.626, 0.644, 0.658, 0.669, 0.678, 0.685, 0.691, 0.695, 0.699, 0.701, 0.703, 0.705, 0.706, 0.707, 0.708, 0.708, 0.709, 0.709, 0.709, 0.709, 0.71, 0.71, 0.71, 0.71, 0.71, 0.71, 0.71, 0.71, 0.71, 0.71, 0.71, 0.71, 0.71, 0.71, 0.71, 0.71, 0.71, 0.71, 0.71, 0.71, 0.71, 0.71, 0.71, 0.71, 0.71, 0.71]","[0.025, 0.074, 0.081, 0.085, 0.09, 0.089, 0.08, 0.063, 0.033]","[0.21, -2.39, 0.35, 0.11]",0.21,-2.39,0.35,0.11
