Dates,DoW,Age,Subject,Board,Trials,TrialsLeft,TrialsRight,ChoseLeft,ChoseRight,Hits,HitsLeft,HitsRight,HitsRep,HitsAlt,Errors,ErrorsLeft,ErrorsRight,Performance,PerformanceLeft,PerformanceRight,Responses,ResponsesLeft,ResponsesRight,Repetitions,RepsLeft,RepsRight,RepRateLeft,RepRateRight,Alternations,AltsLeft,AltsRight,AltRateLeft,AltRateRight,Accuracy,AccuracyLeft,AccuracyRight,AccMaxEvi,LateralBias,AccuracyRep,AccuracyAlt,RepBias,CorrRepBias,CorrAltBias,Misses,MissesLeft,MissesRight,MissRate,MissRateLeft,MissRateRight,Rewards,RewardsLeft,RewardsRight,Water,WaterLeft,WaterRight,Stage,SoundsMismatch,NoSound,MessageCount,P,VarDelay,PCRight,xPCRight,yPCRight,FitPCRight,FitErrorPCRight,ParamsPCRight,SensitivityPCRight,BiasPCRight,LapseRight,LapseLeft,PCRep,xPCRep,yPCRep,FitPCRep,FitErrorPCRep,ParamsPCRep,SensitivityPCRep,BiasPCRep,LapseRep,LapseAlt
2023-05-08,0,72,907,['Bpod5'],322,162,160,101,149,144,35,109,56,62,106,86,20,0.4472049689440994,0.21604938271604937,0.68125,250,121,129,93,25,68,0.24752475247524752,0.4563758389261745,124,63,61,0.6237623762376238,0.40939597315436244,0.576,0.2892561983471074,0.8449612403100775,0.576,0.5557050419629701,0.6021505376344086,0.5,0.10215053763440862,0.351950295700711,0.5165791746959931,72,41,31,0.2236024844720497,0.25308641975308643,0.19375,218,95,123,545.0,237.5,307.5,0,0,0,0,0.0,0.125,"psych_curve(xdata=array([-70.,  70.]), ydata=[0.215, 0.953], fit=[0.21, 0.21, 0.21, 0.21, 0.21, 0.21, 0.21, 0.21, 0.21, 0.21, 0.21, 0.21, 0.21, 0.21, 0.21, 0.21, 0.21, 0.21, 0.21, 0.21, 0.21, 0.21, 0.21, 0.21, 0.21, 0.21, 0.21, 0.21, 0.21, 0.21, 0.21, 0.21, 0.21, 0.21, 0.21, 0.21, 0.21, 0.21, 0.21, 0.21, 0.21, 0.21, 0.21, 0.21, 0.21, 0.21, 0.212, 0.218, 0.241, 0.324, 0.526, 0.768, 0.896, 0.936, 0.947, 0.949, 0.95, 0.95, 0.95, 0.95, 0.95, 0.95, 0.95, 0.95, 0.95, 0.95, 0.95, 0.95, 0.95, 0.95, 0.95, 0.95, 0.95, 0.95, 0.95, 0.95, 0.95, 0.95, 0.95, 0.95, 0.95, 0.95, 0.95, 0.95, 0.95, 0.95, 0.95, 0.95, 0.95, 0.95, 0.95, 0.95, 0.95, 0.95, 0.95, 0.95, 0.95, 0.95, 0.95, 0.95], params=[1.0, 1.0, 0.21, 0.05], fit_error=[0.037, 0.019])",[-70.  70.],"[0.215, 0.953]","[0.21, 0.21, 0.21, 0.21, 0.21, 0.21, 0.21, 0.21, 0.21, 0.21, 0.21, 0.21, 0.21, 0.21, 0.21, 0.21, 0.21, 0.21, 0.21, 0.21, 0.21, 0.21, 0.21, 0.21, 0.21, 0.21, 0.21, 0.21, 0.21, 0.21, 0.21, 0.21, 0.21, 0.21, 0.21, 0.21, 0.21, 0.21, 0.21, 0.21, 0.21, 0.21, 0.21, 0.21, 0.21, 0.21, 0.212, 0.218, 0.241, 0.324, 0.526, 0.768, 0.896, 0.936, 0.947, 0.949, 0.95, 0.95, 0.95, 0.95, 0.95, 0.95, 0.95, 0.95, 0.95, 0.95, 0.95, 0.95, 0.95, 0.95, 0.95, 0.95, 0.95, 0.95, 0.95, 0.95, 0.95, 0.95, 0.95, 0.95, 0.95, 0.95, 0.95, 0.95, 0.95, 0.95, 0.95, 0.95, 0.95, 0.95, 0.95, 0.95, 0.95, 0.95, 0.95, 0.95, 0.95, 0.95, 0.95, 0.95]","[0.037, 0.019]","[1.0, 1.0, 0.21, 0.05]",1.0,1.0,0.21,0.05,"psych_curve(xdata=array([-70.,  70.]), ydata=[0.17, 0.908], fit=[nan, nan, nan, nan, nan, nan, nan, nan, nan, nan, nan, nan, nan, nan, nan, nan, nan, nan, nan, nan, nan, nan, nan, nan, nan, nan, nan, nan, nan, nan, nan, nan, nan, nan, nan, nan, nan, nan, nan, nan, nan, nan, nan, nan, nan, nan, nan, nan, nan, nan, nan, nan, nan, nan, nan, nan, nan, nan, nan, nan, nan, nan, nan, nan, nan, nan, nan, nan, nan, nan, nan, nan, nan, nan, nan, nan, nan, nan, nan, nan, nan, nan, nan, nan, nan, nan, nan, nan, nan, nan, nan, nan, nan, nan, nan, nan, nan, nan, nan, nan], params=[1.0, 1.0, 0.17, 0.09], fit_error=[0.032, 0.033])",[-70.  70.],"[0.215, 0.953]","[0.21, 0.21, 0.21, 0.21, 0.21, 0.21, 0.21, 0.21, 0.21, 0.21, 0.21, 0.21, 0.21, 0.21, 0.21, 0.21, 0.21, 0.21, 0.21, 0.21, 0.21, 0.21, 0.21, 0.21, 0.21, 0.21, 0.21, 0.21, 0.21, 0.21, 0.21, 0.21, 0.21, 0.21, 0.21, 0.21, 0.21, 0.21, 0.21, 0.21, 0.21, 0.21, 0.21, 0.21, 0.21, 0.21, 0.212, 0.218, 0.241, 0.324, 0.526, 0.768, 0.896, 0.936, 0.947, 0.949, 0.95, 0.95, 0.95, 0.95, 0.95, 0.95, 0.95, 0.95, 0.95, 0.95, 0.95, 0.95, 0.95, 0.95, 0.95, 0.95, 0.95, 0.95, 0.95, 0.95, 0.95, 0.95, 0.95, 0.95, 0.95, 0.95, 0.95, 0.95, 0.95, 0.95, 0.95, 0.95, 0.95, 0.95, 0.95, 0.95, 0.95, 0.95, 0.95, 0.95, 0.95, 0.95, 0.95, 0.95]","[0.037, 0.019]","[1.0, 1.0, 0.17, 0.09]",1.0,1.0,0.17,0.09
2023-05-09,1,73,907,['Bpod5'],711,356,355,463,224,407,273,134,217,181,280,70,210,0.5724331926863573,0.7668539325842697,0.37746478873239436,687,343,344,414,324,90,0.6997840172786177,0.4017857142857143,260,130,130,0.28077753779697623,0.5803571428571429,0.5924308588064047,0.7959183673469388,0.38953488372093026,0.5924308588064047,-0.4063834836260085,0.5241545893719807,0.6961538461538461,-0.17199925678186545,0.550784865782166,0.43056734032705957,24,13,11,0.03375527426160337,0.03651685393258427,0.030985915492957747,451,285,166,1127.5,712.5,415.0,0,0,0,0,0.0,0.125,"psych_curve(xdata=array([-70.,  70.]), ydata=[0.169, 0.483], fit=[0.17, 0.17, 0.17, 0.17, 0.17, 0.17, 0.17, 0.17, 0.17, 0.17, 0.17, 0.17, 0.17, 0.17, 0.17, 0.17, 0.17, 0.17, 0.17, 0.17, 0.17, 0.17, 0.17, 0.17, 0.17, 0.17, 0.17, 0.17, 0.17, 0.17, 0.17, 0.17, 0.17, 0.17, 0.17, 0.17, 0.17, 0.17, 0.17, 0.17, 0.17, 0.17, 0.17, 0.17, 0.17, 0.17, 0.171, 0.173, 0.183, 0.218, 0.302, 0.404, 0.457, 0.474, 0.479, 0.48, 0.48, 0.48, 0.48, 0.48, 0.48, 0.48, 0.48, 0.48, 0.48, 0.48, 0.48, 0.48, 0.48, 0.48, 0.48, 0.48, 0.48, 0.48, 0.48, 0.48, 0.48, 0.48, 0.48, 0.48, 0.48, 0.48, 0.48, 0.48, 0.48, 0.48, 0.48, 0.48, 0.48, 0.48, 0.48, 0.48, 0.48, 0.48, 0.48, 0.48, 0.48, 0.48, 0.48, 0.48], params=[1.0, 1.0, 0.17, 0.52], fit_error=[0.02, 0.027])",[-70.  70.],"[0.169, 0.483]","[0.17, 0.17, 0.17, 0.17, 0.17, 0.17, 0.17, 0.17, 0.17, 0.17, 0.17, 0.17, 0.17, 0.17, 0.17, 0.17, 0.17, 0.17, 0.17, 0.17, 0.17, 0.17, 0.17, 0.17, 0.17, 0.17, 0.17, 0.17, 0.17, 0.17, 0.17, 0.17, 0.17, 0.17, 0.17, 0.17, 0.17, 0.17, 0.17, 0.17, 0.17, 0.17, 0.17, 0.17, 0.17, 0.17, 0.171, 0.173, 0.183, 0.218, 0.302, 0.404, 0.457, 0.474, 0.479, 0.48, 0.48, 0.48, 0.48, 0.48, 0.48, 0.48, 0.48, 0.48, 0.48, 0.48, 0.48, 0.48, 0.48, 0.48, 0.48, 0.48, 0.48, 0.48, 0.48, 0.48, 0.48, 0.48, 0.48, 0.48, 0.48, 0.48, 0.48, 0.48, 0.48, 0.48, 0.48, 0.48, 0.48, 0.48, 0.48, 0.48, 0.48, 0.48, 0.48, 0.48, 0.48, 0.48, 0.48, 0.48]","[0.02, 0.027]","[1.0, 1.0, 0.17, 0.52]",1.0,1.0,0.17,0.52,"psych_curve(xdata=array([-70.,  70.]), ydata=[0.467, 0.824], fit=[nan, nan, nan, nan, nan, nan, nan, nan, nan, nan, nan, nan, nan, nan, nan, nan, nan, nan, nan, nan, nan, nan, nan, nan, nan, nan, nan, nan, nan, nan, nan, nan, nan, nan, nan, nan, nan, nan, nan, nan, nan, nan, nan, nan, nan, nan, nan, nan, nan, nan, nan, nan, nan, nan, nan, nan, nan, nan, nan, nan, nan, nan, nan, nan, nan, nan, nan, nan, nan, nan, nan, nan, nan, nan, nan, nan, nan, nan, nan, nan, nan, nan, nan, nan, nan, nan, nan, nan, nan, nan, nan, nan, nan, nan, nan, nan, nan, nan, nan, nan], params=[1.0, 1.0, 0.47, 0.18], fit_error=[0.025, 0.023])",[-70.  70.],"[0.169, 0.483]","[0.17, 0.17, 0.17, 0.17, 0.17, 0.17, 0.17, 0.17, 0.17, 0.17, 0.17, 0.17, 0.17, 0.17, 0.17, 0.17, 0.17, 0.17, 0.17, 0.17, 0.17, 0.17, 0.17, 0.17, 0.17, 0.17, 0.17, 0.17, 0.17, 0.17, 0.17, 0.17, 0.17, 0.17, 0.17, 0.17, 0.17, 0.17, 0.17, 0.17, 0.17, 0.17, 0.17, 0.17, 0.17, 0.17, 0.171, 0.173, 0.183, 0.218, 0.302, 0.404, 0.457, 0.474, 0.479, 0.48, 0.48, 0.48, 0.48, 0.48, 0.48, 0.48, 0.48, 0.48, 0.48, 0.48, 0.48, 0.48, 0.48, 0.48, 0.48, 0.48, 0.48, 0.48, 0.48, 0.48, 0.48, 0.48, 0.48, 0.48, 0.48, 0.48, 0.48, 0.48, 0.48, 0.48, 0.48, 0.48, 0.48, 0.48, 0.48, 0.48, 0.48, 0.48, 0.48, 0.48, 0.48, 0.48, 0.48, 0.48]","[0.02, 0.027]","[1.0, 1.0, 0.47, 0.18]",1.0,1.0,0.47,0.18
2023-05-10,2,74,907,['Bpod5'],361,180,181,225,118,205,141,64,101,98,138,30,108,0.5678670360110804,0.7833333333333333,0.35359116022099446,343,171,172,202,153,49,0.68,0.4152542372881356,129,64,65,0.28444444444444444,0.5508474576271186,0.597667638483965,0.8245614035087719,0.37209302325581395,0.597667638483965,-0.452468380252958,0.5,0.7596899224806202,-0.2596899224806202,0.5476271186440678,0.4176459510357815,18,9,9,0.04986149584487535,0.05,0.049723756906077346,233,143,90,582.5,357.5,225.0,0,0,84,0,0.0,0.125,"psych_curve(xdata=array([-70.,  70.]), ydata=[0.164, 0.523], fit=[0.16, 0.16, 0.16, 0.16, 0.16, 0.16, 0.16, 0.16, 0.16, 0.16, 0.16, 0.16, 0.16, 0.16, 0.16, 0.16, 0.16, 0.16, 0.16, 0.16, 0.16, 0.16, 0.16, 0.16, 0.16, 0.16, 0.16, 0.16, 0.16, 0.16, 0.16, 0.16, 0.16, 0.16, 0.16, 0.16, 0.16, 0.16, 0.16, 0.16, 0.16, 0.16, 0.16, 0.16, 0.16, 0.16, 0.161, 0.164, 0.175, 0.215, 0.314, 0.432, 0.494, 0.513, 0.518, 0.52, 0.52, 0.52, 0.52, 0.52, 0.52, 0.52, 0.52, 0.52, 0.52, 0.52, 0.52, 0.52, 0.52, 0.52, 0.52, 0.52, 0.52, 0.52, 0.52, 0.52, 0.52, 0.52, 0.52, 0.52, 0.52, 0.52, 0.52, 0.52, 0.52, 0.52, 0.52, 0.52, 0.52, 0.52, 0.52, 0.52, 0.52, 0.52, 0.52, 0.52, 0.52, 0.52, 0.52, 0.52], params=[1.0, 1.0, 0.16, 0.48], fit_error=[0.028, 0.038])",[-70.  70.],"[0.164, 0.523]","[0.16, 0.16, 0.16, 0.16, 0.16, 0.16, 0.16, 0.16, 0.16, 0.16, 0.16, 0.16, 0.16, 0.16, 0.16, 0.16, 0.16, 0.16, 0.16, 0.16, 0.16, 0.16, 0.16, 0.16, 0.16, 0.16, 0.16, 0.16, 0.16, 0.16, 0.16, 0.16, 0.16, 0.16, 0.16, 0.16, 0.16, 0.16, 0.16, 0.16, 0.16, 0.16, 0.16, 0.16, 0.16, 0.16, 0.161, 0.164, 0.175, 0.215, 0.314, 0.432, 0.494, 0.513, 0.518, 0.52, 0.52, 0.52, 0.52, 0.52, 0.52, 0.52, 0.52, 0.52, 0.52, 0.52, 0.52, 0.52, 0.52, 0.52, 0.52, 0.52, 0.52, 0.52, 0.52, 0.52, 0.52, 0.52, 0.52, 0.52, 0.52, 0.52, 0.52, 0.52, 0.52, 0.52, 0.52, 0.52, 0.52, 0.52, 0.52, 0.52, 0.52, 0.52, 0.52, 0.52, 0.52, 0.52, 0.52, 0.52]","[0.028, 0.038]","[1.0, 1.0, 0.16, 0.48]",1.0,1.0,0.16,0.48,"psych_curve(xdata=array([-70.,  70.]), ydata=[0.449, 0.913], fit=[nan, nan, nan, nan, nan, nan, nan, nan, nan, nan, nan, nan, nan, nan, nan, nan, nan, nan, nan, nan, nan, nan, nan, nan, nan, nan, nan, nan, nan, nan, nan, nan, nan, nan, nan, nan, nan, nan, nan, nan, nan, nan, nan, nan, nan, nan, nan, nan, nan, nan, nan, nan, nan, nan, nan, nan, nan, nan, nan, nan, nan, nan, nan, nan, nan, nan, nan, nan, nan, nan, nan, nan, nan, nan, nan, nan, nan, nan, nan, nan, nan, nan, nan, nan, nan, nan, nan, nan, nan, nan, nan, nan, nan, nan, nan, nan, nan, nan, nan, nan], params=[1.0, 1.0, 0.45, 0.09], fit_error=[0.034, 0.026])",[-70.  70.],"[0.164, 0.523]","[0.16, 0.16, 0.16, 0.16, 0.16, 0.16, 0.16, 0.16, 0.16, 0.16, 0.16, 0.16, 0.16, 0.16, 0.16, 0.16, 0.16, 0.16, 0.16, 0.16, 0.16, 0.16, 0.16, 0.16, 0.16, 0.16, 0.16, 0.16, 0.16, 0.16, 0.16, 0.16, 0.16, 0.16, 0.16, 0.16, 0.16, 0.16, 0.16, 0.16, 0.16, 0.16, 0.16, 0.16, 0.16, 0.16, 0.161, 0.164, 0.175, 0.215, 0.314, 0.432, 0.494, 0.513, 0.518, 0.52, 0.52, 0.52, 0.52, 0.52, 0.52, 0.52, 0.52, 0.52, 0.52, 0.52, 0.52, 0.52, 0.52, 0.52, 0.52, 0.52, 0.52, 0.52, 0.52, 0.52, 0.52, 0.52, 0.52, 0.52, 0.52, 0.52, 0.52, 0.52, 0.52, 0.52, 0.52, 0.52, 0.52, 0.52, 0.52, 0.52, 0.52, 0.52, 0.52, 0.52, 0.52, 0.52, 0.52, 0.52]","[0.028, 0.038]","[1.0, 1.0, 0.45, 0.09]",1.0,1.0,0.45,0.09
2023-05-11,3,75,907,['Bpod5'],541,270,271,366,166,290,204,86,193,91,242,60,182,0.5360443622920518,0.7555555555555555,0.3173431734317343,532,264,268,393,297,96,0.8114754098360656,0.5783132530120482,131,66,65,0.18032786885245902,0.39156626506024095,0.5451127819548872,0.7727272727272727,0.3208955223880597,0.5451127819548872,-0.451831750339213,0.4910941475826972,0.6946564885496184,-0.20356234096692116,0.6948943314240569,0.28594706695634997,9,6,3,0.0166358595194085,0.022222222222222223,0.01107011070110701,328,213,115,820.0,532.5,287.5,0,0,0,0,0.0,0.125,"psych_curve(xdata=array([-70.,  70.]), ydata=[0.193, 0.429], fit=[0.19, 0.19, 0.19, 0.19, 0.19, 0.19, 0.19, 0.19, 0.19, 0.19, 0.19, 0.19, 0.19, 0.19, 0.19, 0.19, 0.19, 0.19, 0.19, 0.19, 0.19, 0.19, 0.19, 0.19, 0.19, 0.19, 0.19, 0.19, 0.19, 0.19, 0.19, 0.19, 0.19, 0.19, 0.19, 0.19, 0.19, 0.19, 0.19, 0.19, 0.19, 0.19, 0.19, 0.19, 0.19, 0.19, 0.191, 0.193, 0.2, 0.227, 0.293, 0.371, 0.412, 0.425, 0.429, 0.43, 0.43, 0.43, 0.43, 0.43, 0.43, 0.43, 0.43, 0.43, 0.43, 0.43, 0.43, 0.43, 0.43, 0.43, 0.43, 0.43, 0.43, 0.43, 0.43, 0.43, 0.43, 0.43, 0.43, 0.43, 0.43, 0.43, 0.43, 0.43, 0.43, 0.43, 0.43, 0.43, 0.43, 0.43, 0.43, 0.43, 0.43, 0.43, 0.43, 0.43, 0.43, 0.43, 0.43, 0.43], params=[1.0, 1.0, 0.19, 0.57], fit_error=[0.024, 0.03])",[-70.  70.],"[0.193, 0.429]","[0.19, 0.19, 0.19, 0.19, 0.19, 0.19, 0.19, 0.19, 0.19, 0.19, 0.19, 0.19, 0.19, 0.19, 0.19, 0.19, 0.19, 0.19, 0.19, 0.19, 0.19, 0.19, 0.19, 0.19, 0.19, 0.19, 0.19, 0.19, 0.19, 0.19, 0.19, 0.19, 0.19, 0.19, 0.19, 0.19, 0.19, 0.19, 0.19, 0.19, 0.19, 0.19, 0.19, 0.19, 0.19, 0.19, 0.191, 0.193, 0.2, 0.227, 0.293, 0.371, 0.412, 0.425, 0.429, 0.43, 0.43, 0.43, 0.43, 0.43, 0.43, 0.43, 0.43, 0.43, 0.43, 0.43, 0.43, 0.43, 0.43, 0.43, 0.43, 0.43, 0.43, 0.43, 0.43, 0.43, 0.43, 0.43, 0.43, 0.43, 0.43, 0.43, 0.43, 0.43, 0.43, 0.43, 0.43, 0.43, 0.43, 0.43, 0.43, 0.43, 0.43, 0.43, 0.43, 0.43, 0.43, 0.43, 0.43, 0.43]","[0.024, 0.03]","[1.0, 1.0, 0.19, 0.57]",1.0,1.0,0.19,0.57,"psych_curve(xdata=array([-70.,  70.]), ydata=[0.616, 0.944], fit=[nan, nan, nan, nan, nan, nan, nan, nan, nan, nan, nan, nan, nan, nan, nan, nan, nan, nan, nan, nan, nan, nan, nan, nan, nan, nan, nan, nan, nan, nan, nan, nan, nan, nan, nan, nan, nan, nan, nan, nan, nan, nan, nan, nan, nan, nan, nan, nan, nan, nan, nan, nan, nan, nan, nan, nan, nan, nan, nan, nan, nan, nan, nan, nan, nan, nan, nan, nan, nan, nan, nan, nan, nan, nan, nan, nan, nan, nan, nan, nan, nan, nan, nan, nan, nan, nan, nan, nan, nan, nan, nan, nan, nan, nan, nan, nan, nan, nan, nan, nan], params=[1.0, 1.0, 0.62, 0.06], fit_error=[0.028, 0.016])",[-70.  70.],"[0.193, 0.429]","[0.19, 0.19, 0.19, 0.19, 0.19, 0.19, 0.19, 0.19, 0.19, 0.19, 0.19, 0.19, 0.19, 0.19, 0.19, 0.19, 0.19, 0.19, 0.19, 0.19, 0.19, 0.19, 0.19, 0.19, 0.19, 0.19, 0.19, 0.19, 0.19, 0.19, 0.19, 0.19, 0.19, 0.19, 0.19, 0.19, 0.19, 0.19, 0.19, 0.19, 0.19, 0.19, 0.19, 0.19, 0.19, 0.19, 0.191, 0.193, 0.2, 0.227, 0.293, 0.371, 0.412, 0.425, 0.429, 0.43, 0.43, 0.43, 0.43, 0.43, 0.43, 0.43, 0.43, 0.43, 0.43, 0.43, 0.43, 0.43, 0.43, 0.43, 0.43, 0.43, 0.43, 0.43, 0.43, 0.43, 0.43, 0.43, 0.43, 0.43, 0.43, 0.43, 0.43, 0.43, 0.43, 0.43, 0.43, 0.43, 0.43, 0.43, 0.43, 0.43, 0.43, 0.43, 0.43, 0.43, 0.43, 0.43, 0.43, 0.43]","[0.024, 0.03]","[1.0, 1.0, 0.62, 0.06]",1.0,1.0,0.62,0.06
2023-05-12,4,76,907,['Bpod5'],541,261,280,193,341,343,135,208,307,34,191,119,72,0.634011090573013,0.5172413793103449,0.7428571428571429,534,254,280,463,159,304,0.8238341968911918,0.8914956011730205,65,32,33,0.16580310880829016,0.0967741935483871,0.6423220973782772,0.531496062992126,0.7428571428571429,0.6423220973782772,0.21136107986501684,0.6630669546436285,0.5230769230769231,0.13999003156670542,0.8576648990321061,0.13128865117833863,7,7,0,0.012939001848428836,0.02681992337164751,0.0,361,137,224,902.5,342.5,560.0,0,0,0,0,0.0,0.125,"psych_curve(xdata=array([-70.,  70.]), ydata=[0.461, 0.8], fit=[0.46, 0.46, 0.46, 0.46, 0.46, 0.46, 0.46, 0.46, 0.46, 0.46, 0.46, 0.46, 0.46, 0.46, 0.46, 0.46, 0.46, 0.46, 0.46, 0.46, 0.46, 0.46, 0.46, 0.46, 0.46, 0.46, 0.46, 0.46, 0.46, 0.46, 0.46, 0.46, 0.46, 0.46, 0.46, 0.46, 0.46, 0.46, 0.46, 0.46, 0.46, 0.46, 0.46, 0.46, 0.46, 0.46, 0.461, 0.464, 0.474, 0.512, 0.605, 0.716, 0.775, 0.794, 0.798, 0.8, 0.8, 0.8, 0.8, 0.8, 0.8, 0.8, 0.8, 0.8, 0.8, 0.8, 0.8, 0.8, 0.8, 0.8, 0.8, 0.8, 0.8, 0.8, 0.8, 0.8, 0.8, 0.8, 0.8, 0.8, 0.8, 0.8, 0.8, 0.8, 0.8, 0.8, 0.8, 0.8, 0.8, 0.8, 0.8, 0.8, 0.8, 0.8, 0.8, 0.8, 0.8, 0.8, 0.8, 0.8], params=[1.0, 1.0, 0.46, 0.2], fit_error=[0.031, 0.024])",[-70.  70.],"[0.461, 0.8]","[0.46, 0.46, 0.46, 0.46, 0.46, 0.46, 0.46, 0.46, 0.46, 0.46, 0.46, 0.46, 0.46, 0.46, 0.46, 0.46, 0.46, 0.46, 0.46, 0.46, 0.46, 0.46, 0.46, 0.46, 0.46, 0.46, 0.46, 0.46, 0.46, 0.46, 0.46, 0.46, 0.46, 0.46, 0.46, 0.46, 0.46, 0.46, 0.46, 0.46, 0.46, 0.46, 0.46, 0.46, 0.46, 0.46, 0.461, 0.464, 0.474, 0.512, 0.605, 0.716, 0.775, 0.794, 0.798, 0.8, 0.8, 0.8, 0.8, 0.8, 0.8, 0.8, 0.8, 0.8, 0.8, 0.8, 0.8, 0.8, 0.8, 0.8, 0.8, 0.8, 0.8, 0.8, 0.8, 0.8, 0.8, 0.8, 0.8, 0.8, 0.8, 0.8, 0.8, 0.8, 0.8, 0.8, 0.8, 0.8, 0.8, 0.8, 0.8, 0.8, 0.8, 0.8, 0.8, 0.8, 0.8, 0.8, 0.8, 0.8]","[0.031, 0.024]","[1.0, 1.0, 0.46, 0.2]",1.0,1.0,0.46,0.2,"psych_curve(xdata=array([-70.,  70.]), ydata=[0.797, 0.917], fit=[nan, nan, nan, nan, nan, nan, nan, nan, nan, nan, nan, nan, nan, nan, nan, nan, nan, nan, nan, nan, nan, nan, nan, nan, nan, nan, nan, nan, nan, nan, nan, nan, nan, nan, nan, nan, nan, nan, nan, nan, nan, nan, nan, nan, nan, nan, nan, nan, nan, nan, nan, nan, nan, nan, nan, nan, nan, nan, nan, nan, nan, nan, nan, nan, nan, nan, nan, nan, nan, nan, nan, nan, nan, nan, nan, nan, nan, nan, nan, nan, nan, nan, nan, nan, nan, nan, nan, nan, nan, nan, nan, nan, nan, nan, nan, nan, nan, nan, nan, nan], params=[1.0, 1.0, 0.8, 0.08], fit_error=[0.03, 0.015])",[-70.  70.],"[0.461, 0.8]","[0.46, 0.46, 0.46, 0.46, 0.46, 0.46, 0.46, 0.46, 0.46, 0.46, 0.46, 0.46, 0.46, 0.46, 0.46, 0.46, 0.46, 0.46, 0.46, 0.46, 0.46, 0.46, 0.46, 0.46, 0.46, 0.46, 0.46, 0.46, 0.46, 0.46, 0.46, 0.46, 0.46, 0.46, 0.46, 0.46, 0.46, 0.46, 0.46, 0.46, 0.46, 0.46, 0.46, 0.46, 0.46, 0.46, 0.461, 0.464, 0.474, 0.512, 0.605, 0.716, 0.775, 0.794, 0.798, 0.8, 0.8, 0.8, 0.8, 0.8, 0.8, 0.8, 0.8, 0.8, 0.8, 0.8, 0.8, 0.8, 0.8, 0.8, 0.8, 0.8, 0.8, 0.8, 0.8, 0.8, 0.8, 0.8, 0.8, 0.8, 0.8, 0.8, 0.8, 0.8, 0.8, 0.8, 0.8, 0.8, 0.8, 0.8, 0.8, 0.8, 0.8, 0.8, 0.8, 0.8, 0.8, 0.8, 0.8, 0.8]","[0.031, 0.024]","[1.0, 1.0, 0.8, 0.08]",1.0,1.0,0.8,0.08
2023-05-15,0,79,907,['Bpod5'],869,440,429,503,365,737,404,333,673,63,131,35,96,0.8481012658227848,0.9181818181818182,0.7762237762237763,868,439,429,778,458,320,0.9105367793240556,0.8767123287671232,89,44,45,0.0874751491053678,0.1232876712328767,0.8490783410138248,0.9202733485193622,0.7762237762237763,0.8490783410138248,-0.1440495722955859,0.8650385604113111,0.7078651685393258,0.1571733918719853,0.8936245540455894,0.10538141016912225,1,1,0,0.0011507479861910242,0.0022727272727272726,0.0,740,407,333,1850.0,1017.5,832.5,0,0,0,0,0.0,0.125,"psych_curve(xdata=array([-70.,  70.]), ydata=[0.073, 0.776], fit=[0.07, 0.07, 0.07, 0.07, 0.07, 0.07, 0.07, 0.07, 0.07, 0.07, 0.07, 0.07, 0.07, 0.07, 0.07, 0.07, 0.07, 0.07, 0.07, 0.07, 0.07, 0.07, 0.07, 0.07, 0.07, 0.07, 0.07, 0.07, 0.07, 0.07, 0.07, 0.07, 0.07, 0.07, 0.07, 0.07, 0.07, 0.07, 0.07, 0.07, 0.07, 0.07, 0.07, 0.07, 0.07, 0.07, 0.072, 0.078, 0.1, 0.179, 0.373, 0.605, 0.728, 0.767, 0.777, 0.779, 0.78, 0.78, 0.78, 0.78, 0.78, 0.78, 0.78, 0.78, 0.78, 0.78, 0.78, 0.78, 0.78, 0.78, 0.78, 0.78, 0.78, 0.78, 0.78, 0.78, 0.78, 0.78, 0.78, 0.78, 0.78, 0.78, 0.78, 0.78, 0.78, 0.78, 0.78, 0.78, 0.78, 0.78, 0.78, 0.78, 0.78, 0.78, 0.78, 0.78, 0.78, 0.78, 0.78, 0.78], params=[1.0, 1.0, 0.07, 0.22], fit_error=[0.012, 0.02])",[-70.  70.],"[0.073, 0.776]","[0.07, 0.07, 0.07, 0.07, 0.07, 0.07, 0.07, 0.07, 0.07, 0.07, 0.07, 0.07, 0.07, 0.07, 0.07, 0.07, 0.07, 0.07, 0.07, 0.07, 0.07, 0.07, 0.07, 0.07, 0.07, 0.07, 0.07, 0.07, 0.07, 0.07, 0.07, 0.07, 0.07, 0.07, 0.07, 0.07, 0.07, 0.07, 0.07, 0.07, 0.07, 0.07, 0.07, 0.07, 0.07, 0.07, 0.072, 0.078, 0.1, 0.179, 0.373, 0.605, 0.728, 0.767, 0.777, 0.779, 0.78, 0.78, 0.78, 0.78, 0.78, 0.78, 0.78, 0.78, 0.78, 0.78, 0.78, 0.78, 0.78, 0.78, 0.78, 0.78, 0.78, 0.78, 0.78, 0.78, 0.78, 0.78, 0.78, 0.78, 0.78, 0.78, 0.78, 0.78, 0.78, 0.78, 0.78, 0.78, 0.78, 0.78, 0.78, 0.78, 0.78, 0.78, 0.78, 0.78, 0.78, 0.78, 0.78, 0.78]","[0.012, 0.02]","[1.0, 1.0, 0.07, 0.22]",1.0,1.0,0.07,0.22,"psych_curve(xdata=array([-70.,  70.]), ydata=[0.618, 0.963], fit=[nan, nan, nan, nan, nan, nan, nan, nan, nan, nan, nan, nan, nan, nan, nan, nan, nan, nan, nan, nan, nan, nan, nan, nan, nan, nan, nan, nan, nan, nan, nan, nan, nan, nan, nan, nan, nan, nan, nan, nan, nan, nan, nan, nan, nan, nan, nan, nan, nan, nan, nan, nan, nan, nan, nan, nan, nan, nan, nan, nan, nan, nan, nan, nan, nan, nan, nan, nan, nan, nan, nan, nan, nan, nan, nan, nan, nan, nan, nan, nan, nan, nan, nan, nan, nan, nan, nan, nan, nan, nan, nan, nan, nan, nan, nan, nan, nan, nan, nan, nan], params=[1.0, 1.0, 0.62, 0.04], fit_error=[0.038, 0.007])",[-70.  70.],"[0.073, 0.776]","[0.07, 0.07, 0.07, 0.07, 0.07, 0.07, 0.07, 0.07, 0.07, 0.07, 0.07, 0.07, 0.07, 0.07, 0.07, 0.07, 0.07, 0.07, 0.07, 0.07, 0.07, 0.07, 0.07, 0.07, 0.07, 0.07, 0.07, 0.07, 0.07, 0.07, 0.07, 0.07, 0.07, 0.07, 0.07, 0.07, 0.07, 0.07, 0.07, 0.07, 0.07, 0.07, 0.07, 0.07, 0.07, 0.07, 0.072, 0.078, 0.1, 0.179, 0.373, 0.605, 0.728, 0.767, 0.777, 0.779, 0.78, 0.78, 0.78, 0.78, 0.78, 0.78, 0.78, 0.78, 0.78, 0.78, 0.78, 0.78, 0.78, 0.78, 0.78, 0.78, 0.78, 0.78, 0.78, 0.78, 0.78, 0.78, 0.78, 0.78, 0.78, 0.78, 0.78, 0.78, 0.78, 0.78, 0.78, 0.78, 0.78, 0.78, 0.78, 0.78, 0.78, 0.78, 0.78, 0.78, 0.78, 0.78, 0.78, 0.78]","[0.012, 0.02]","[1.0, 1.0, 0.62, 0.04]",1.0,1.0,0.62,0.04
2023-05-16,1,80,907,['Bpod5'],683,340,343,318,344,551,268,283,475,65,111,59,52,0.8067349926793558,0.788235294117647,0.8250728862973761,662,327,335,562,269,293,0.8459119496855346,0.8517441860465116,85,43,42,0.13522012578616352,0.12209302325581395,0.8323262839879154,0.8195718654434251,0.844776119402985,0.8323262839879154,0.02520425395955994,0.8451957295373665,0.7647058823529411,0.08048984718442542,0.8488280678660232,0.12865657452098872,21,13,8,0.03074670571010249,0.03823529411764706,0.023323615160349854,563,273,290,1407.5,682.5,725.0,0,0,0,0,0.0,0.125,"psych_curve(xdata=array([-70.,  70.]), ydata=[0.165, 0.866], fit=[0.16, 0.16, 0.16, 0.16, 0.16, 0.16, 0.16, 0.16, 0.16, 0.16, 0.16, 0.16, 0.16, 0.16, 0.16, 0.16, 0.16, 0.16, 0.16, 0.16, 0.16, 0.16, 0.16, 0.16, 0.16, 0.16, 0.16, 0.16, 0.16, 0.16, 0.16, 0.16, 0.16, 0.16, 0.16, 0.16, 0.16, 0.16, 0.16, 0.16, 0.16, 0.16, 0.16, 0.16, 0.16, 0.16, 0.162, 0.168, 0.19, 0.269, 0.463, 0.695, 0.818, 0.857, 0.867, 0.869, 0.87, 0.87, 0.87, 0.87, 0.87, 0.87, 0.87, 0.87, 0.87, 0.87, 0.87, 0.87, 0.87, 0.87, 0.87, 0.87, 0.87, 0.87, 0.87, 0.87, 0.87, 0.87, 0.87, 0.87, 0.87, 0.87, 0.87, 0.87, 0.87, 0.87, 0.87, 0.87, 0.87, 0.87, 0.87, 0.87, 0.87, 0.87, 0.87, 0.87, 0.87, 0.87, 0.87, 0.87], params=[1.0, 1.0, 0.16, 0.13], fit_error=[0.021, 0.019])",[-70.  70.],"[0.165, 0.866]","[0.16, 0.16, 0.16, 0.16, 0.16, 0.16, 0.16, 0.16, 0.16, 0.16, 0.16, 0.16, 0.16, 0.16, 0.16, 0.16, 0.16, 0.16, 0.16, 0.16, 0.16, 0.16, 0.16, 0.16, 0.16, 0.16, 0.16, 0.16, 0.16, 0.16, 0.16, 0.16, 0.16, 0.16, 0.16, 0.16, 0.16, 0.16, 0.16, 0.16, 0.16, 0.16, 0.16, 0.16, 0.16, 0.16, 0.162, 0.168, 0.19, 0.269, 0.463, 0.695, 0.818, 0.857, 0.867, 0.869, 0.87, 0.87, 0.87, 0.87, 0.87, 0.87, 0.87, 0.87, 0.87, 0.87, 0.87, 0.87, 0.87, 0.87, 0.87, 0.87, 0.87, 0.87, 0.87, 0.87, 0.87, 0.87, 0.87, 0.87, 0.87, 0.87, 0.87, 0.87, 0.87, 0.87, 0.87, 0.87, 0.87, 0.87, 0.87, 0.87, 0.87, 0.87, 0.87, 0.87, 0.87, 0.87, 0.87, 0.87]","[0.021, 0.019]","[1.0, 1.0, 0.16, 0.13]",1.0,1.0,0.16,0.13,"psych_curve(xdata=array([-70.,  70.]), ydata=[0.543, 0.968], fit=[nan, nan, nan, nan, nan, nan, nan, nan, nan, nan, nan, nan, nan, nan, nan, nan, nan, nan, nan, nan, nan, nan, nan, nan, nan, nan, nan, nan, nan, nan, nan, nan, nan, nan, nan, nan, nan, nan, nan, nan, nan, nan, nan, nan, nan, nan, nan, nan, nan, nan, nan, nan, nan, nan, nan, nan, nan, nan, nan, nan, nan, nan, nan, nan, nan, nan, nan, nan, nan, nan, nan, nan, nan, nan, nan, nan, nan, nan, nan, nan, nan, nan, nan, nan, nan, nan, nan, nan, nan, nan, nan, nan, nan, nan, nan, nan, nan, nan, nan, nan], params=[1.0, 1.0, 0.54, 0.03], fit_error=[0.041, 0.008])",[-70.  70.],"[0.165, 0.866]","[0.16, 0.16, 0.16, 0.16, 0.16, 0.16, 0.16, 0.16, 0.16, 0.16, 0.16, 0.16, 0.16, 0.16, 0.16, 0.16, 0.16, 0.16, 0.16, 0.16, 0.16, 0.16, 0.16, 0.16, 0.16, 0.16, 0.16, 0.16, 0.16, 0.16, 0.16, 0.16, 0.16, 0.16, 0.16, 0.16, 0.16, 0.16, 0.16, 0.16, 0.16, 0.16, 0.16, 0.16, 0.16, 0.16, 0.162, 0.168, 0.19, 0.269, 0.463, 0.695, 0.818, 0.857, 0.867, 0.869, 0.87, 0.87, 0.87, 0.87, 0.87, 0.87, 0.87, 0.87, 0.87, 0.87, 0.87, 0.87, 0.87, 0.87, 0.87, 0.87, 0.87, 0.87, 0.87, 0.87, 0.87, 0.87, 0.87, 0.87, 0.87, 0.87, 0.87, 0.87, 0.87, 0.87, 0.87, 0.87, 0.87, 0.87, 0.87, 0.87, 0.87, 0.87, 0.87, 0.87, 0.87, 0.87, 0.87, 0.87]","[0.021, 0.019]","[1.0, 1.0, 0.54, 0.03]",1.0,1.0,0.54,0.03
2023-05-17,2,81,907,['Bpod5'],592,292,300,229,351,478,203,275,408,65,102,80,22,0.8074324324324325,0.6952054794520548,0.9166666666666666,580,283,297,493,186,307,0.8122270742358079,0.8746438746438746,80,41,39,0.17903930131004367,0.1111111111111111,0.8241379310344827,0.7173144876325088,0.9259259259259259,0.8241379310344827,0.2086114382934171,0.8275862068965517,0.8125,0.015086206896551713,0.8434354744398412,0.1450752062105774,12,9,3,0.02027027027027027,0.030821917808219176,0.01,484,208,276,1210.0,520.0,690.0,0,0,0,0,0.0,0.125,"psych_curve(xdata=array([-70.,  70.]), ydata=[0.265, 0.929], fit=[0.26, 0.26, 0.26, 0.26, 0.26, 0.26, 0.26, 0.26, 0.26, 0.26, 0.26, 0.26, 0.26, 0.26, 0.26, 0.26, 0.26, 0.26, 0.26, 0.26, 0.26, 0.26, 0.26, 0.26, 0.26, 0.26, 0.26, 0.26, 0.26, 0.26, 0.26, 0.26, 0.26, 0.26, 0.26, 0.26, 0.26, 0.26, 0.26, 0.26, 0.26, 0.26, 0.26, 0.26, 0.26, 0.26, 0.262, 0.267, 0.288, 0.363, 0.546, 0.765, 0.881, 0.917, 0.927, 0.929, 0.93, 0.93, 0.93, 0.93, 0.93, 0.93, 0.93, 0.93, 0.93, 0.93, 0.93, 0.93, 0.93, 0.93, 0.93, 0.93, 0.93, 0.93, 0.93, 0.93, 0.93, 0.93, 0.93, 0.93, 0.93, 0.93, 0.93, 0.93, 0.93, 0.93, 0.93, 0.93, 0.93, 0.93, 0.93, 0.93, 0.93, 0.93, 0.93, 0.93, 0.93, 0.93, 0.93, 0.93], params=[1.0, 1.0, 0.26, 0.07], fit_error=[0.026, 0.015])",[-70.  70.],"[0.265, 0.929]","[0.26, 0.26, 0.26, 0.26, 0.26, 0.26, 0.26, 0.26, 0.26, 0.26, 0.26, 0.26, 0.26, 0.26, 0.26, 0.26, 0.26, 0.26, 0.26, 0.26, 0.26, 0.26, 0.26, 0.26, 0.26, 0.26, 0.26, 0.26, 0.26, 0.26, 0.26, 0.26, 0.26, 0.26, 0.26, 0.26, 0.26, 0.26, 0.26, 0.26, 0.26, 0.26, 0.26, 0.26, 0.26, 0.26, 0.262, 0.267, 0.288, 0.363, 0.546, 0.765, 0.881, 0.917, 0.927, 0.929, 0.93, 0.93, 0.93, 0.93, 0.93, 0.93, 0.93, 0.93, 0.93, 0.93, 0.93, 0.93, 0.93, 0.93, 0.93, 0.93, 0.93, 0.93, 0.93, 0.93, 0.93, 0.93, 0.93, 0.93, 0.93, 0.93, 0.93, 0.93, 0.93, 0.93, 0.93, 0.93, 0.93, 0.93, 0.93, 0.93, 0.93, 0.93, 0.93, 0.93, 0.93, 0.93, 0.93, 0.93]","[0.026, 0.015]","[1.0, 1.0, 0.26, 0.07]",1.0,1.0,0.26,0.07,"psych_curve(xdata=array([-70.,  70.]), ydata=[0.551, 0.967], fit=[nan, nan, nan, nan, nan, nan, nan, nan, nan, nan, nan, nan, nan, nan, nan, nan, nan, nan, nan, nan, nan, nan, nan, nan, nan, nan, nan, nan, nan, nan, nan, nan, nan, nan, nan, nan, nan, nan, nan, nan, nan, nan, nan, nan, nan, nan, nan, nan, nan, nan, nan, nan, nan, nan, nan, nan, nan, nan, nan, nan, nan, nan, nan, nan, nan, nan, nan, nan, nan, nan, nan, nan, nan, nan, nan, nan, nan, nan, nan, nan, nan, nan, nan, nan, nan, nan, nan, nan, nan, nan, nan, nan, nan, nan, nan, nan, nan, nan, nan, nan], params=[1.0, 1.0, 0.55, 0.03], fit_error=[0.041, 0.009])",[-70.  70.],"[0.265, 0.929]","[0.26, 0.26, 0.26, 0.26, 0.26, 0.26, 0.26, 0.26, 0.26, 0.26, 0.26, 0.26, 0.26, 0.26, 0.26, 0.26, 0.26, 0.26, 0.26, 0.26, 0.26, 0.26, 0.26, 0.26, 0.26, 0.26, 0.26, 0.26, 0.26, 0.26, 0.26, 0.26, 0.26, 0.26, 0.26, 0.26, 0.26, 0.26, 0.26, 0.26, 0.26, 0.26, 0.26, 0.26, 0.26, 0.26, 0.262, 0.267, 0.288, 0.363, 0.546, 0.765, 0.881, 0.917, 0.927, 0.929, 0.93, 0.93, 0.93, 0.93, 0.93, 0.93, 0.93, 0.93, 0.93, 0.93, 0.93, 0.93, 0.93, 0.93, 0.93, 0.93, 0.93, 0.93, 0.93, 0.93, 0.93, 0.93, 0.93, 0.93, 0.93, 0.93, 0.93, 0.93, 0.93, 0.93, 0.93, 0.93, 0.93, 0.93, 0.93, 0.93, 0.93, 0.93, 0.93, 0.93, 0.93, 0.93, 0.93, 0.93]","[0.026, 0.015]","[1.0, 1.0, 0.55, 0.03]",1.0,1.0,0.55,0.03
2023-05-18,3,82,907,['Bpod5'],717,360,357,288,395,604,266,338,522,66,79,69,10,0.8423988842398884,0.7388888888888889,0.9467787114845938,683,335,348,582,236,346,0.8194444444444444,0.8759493670886076,78,40,38,0.1388888888888889,0.09620253164556962,0.8843338213762811,0.7940298507462686,0.9712643678160919,0.8843338213762811,0.1772345170698233,0.8969072164948454,0.8461538461538461,0.05075337034099925,0.847696905766526,0.11754571026722926,34,25,9,0.04741980474198047,0.06944444444444445,0.025210084033613446,616,278,338,1540.0,695.0,845.0,0,0,0,0,0.0,0.125,"psych_curve(xdata=array([-70.,  70.]), ydata=[0.17, 0.971], fit=[0.17, 0.17, 0.17, 0.17, 0.17, 0.17, 0.17, 0.17, 0.17, 0.17, 0.17, 0.17, 0.17, 0.17, 0.17, 0.17, 0.17, 0.17, 0.17, 0.17, 0.17, 0.17, 0.17, 0.17, 0.17, 0.17, 0.17, 0.17, 0.17, 0.17, 0.17, 0.17, 0.17, 0.17, 0.17, 0.17, 0.17, 0.17, 0.17, 0.17, 0.17, 0.17, 0.17, 0.17, 0.17, 0.171, 0.172, 0.178, 0.204, 0.293, 0.512, 0.773, 0.911, 0.955, 0.966, 0.969, 0.97, 0.97, 0.97, 0.97, 0.97, 0.97, 0.97, 0.97, 0.97, 0.97, 0.97, 0.97, 0.97, 0.97, 0.97, 0.97, 0.97, 0.97, 0.97, 0.97, 0.97, 0.97, 0.97, 0.97, 0.97, 0.97, 0.97, 0.97, 0.97, 0.97, 0.97, 0.97, 0.97, 0.97, 0.97, 0.97, 0.97, 0.97, 0.97, 0.97, 0.97, 0.97, 0.97, 0.97], params=[1.0, 1.0, 0.17, 0.03], fit_error=[0.021, 0.009])",[-70.  70.],"[0.17, 0.971]","[0.17, 0.17, 0.17, 0.17, 0.17, 0.17, 0.17, 0.17, 0.17, 0.17, 0.17, 0.17, 0.17, 0.17, 0.17, 0.17, 0.17, 0.17, 0.17, 0.17, 0.17, 0.17, 0.17, 0.17, 0.17, 0.17, 0.17, 0.17, 0.17, 0.17, 0.17, 0.17, 0.17, 0.17, 0.17, 0.17, 0.17, 0.17, 0.17, 0.17, 0.17, 0.17, 0.17, 0.17, 0.17, 0.171, 0.172, 0.178, 0.204, 0.293, 0.512, 0.773, 0.911, 0.955, 0.966, 0.969, 0.97, 0.97, 0.97, 0.97, 0.97, 0.97, 0.97, 0.97, 0.97, 0.97, 0.97, 0.97, 0.97, 0.97, 0.97, 0.97, 0.97, 0.97, 0.97, 0.97, 0.97, 0.97, 0.97, 0.97, 0.97, 0.97, 0.97, 0.97, 0.97, 0.97, 0.97, 0.97, 0.97, 0.97, 0.97, 0.97, 0.97, 0.97, 0.97, 0.97, 0.97, 0.97, 0.97, 0.97]","[0.021, 0.009]","[1.0, 1.0, 0.17, 0.03]",1.0,1.0,0.17,0.03,"psych_curve(xdata=array([-70.,  70.]), ydata=[0.432, 0.987], fit=[nan, nan, nan, nan, nan, nan, nan, nan, nan, nan, nan, nan, nan, nan, nan, nan, nan, nan, nan, nan, nan, nan, nan, nan, nan, nan, nan, nan, nan, nan, nan, nan, nan, nan, nan, nan, nan, nan, nan, nan, nan, nan, nan, nan, nan, nan, nan, nan, nan, nan, nan, nan, nan, nan, nan, nan, nan, nan, nan, nan, nan, nan, nan, nan, nan, nan, nan, nan, nan, nan, nan, nan, nan, nan, nan, nan, nan, nan, nan, nan, nan, nan, nan, nan, nan, nan, nan, nan, nan, nan, nan, nan, nan, nan, nan, nan, nan, nan, nan, nan], params=[1.0, 1.0, 0.43, 0.01], fit_error=[0.044, 0.005])",[-70.  70.],"[0.17, 0.971]","[0.17, 0.17, 0.17, 0.17, 0.17, 0.17, 0.17, 0.17, 0.17, 0.17, 0.17, 0.17, 0.17, 0.17, 0.17, 0.17, 0.17, 0.17, 0.17, 0.17, 0.17, 0.17, 0.17, 0.17, 0.17, 0.17, 0.17, 0.17, 0.17, 0.17, 0.17, 0.17, 0.17, 0.17, 0.17, 0.17, 0.17, 0.17, 0.17, 0.17, 0.17, 0.17, 0.17, 0.17, 0.17, 0.171, 0.172, 0.178, 0.204, 0.293, 0.512, 0.773, 0.911, 0.955, 0.966, 0.969, 0.97, 0.97, 0.97, 0.97, 0.97, 0.97, 0.97, 0.97, 0.97, 0.97, 0.97, 0.97, 0.97, 0.97, 0.97, 0.97, 0.97, 0.97, 0.97, 0.97, 0.97, 0.97, 0.97, 0.97, 0.97, 0.97, 0.97, 0.97, 0.97, 0.97, 0.97, 0.97, 0.97, 0.97, 0.97, 0.97, 0.97, 0.97, 0.97, 0.97, 0.97, 0.97, 0.97, 0.97]","[0.021, 0.009]","[1.0, 1.0, 0.43, 0.01]",1.0,1.0,0.43,0.01
2023-05-19,4,83,907,['Bpod5'],814,409,405,411,390,671,341,330,506,156,130,62,68,0.8243243243243243,0.8337408312958435,0.8148148148148148,801,403,398,615,316,299,0.7688564476885644,0.7666666666666667,175,86,89,0.20924574209245742,0.2282051282051282,0.8377028714107366,0.8461538461538461,0.8291457286432161,0.8377028714107366,-0.017008117510630028,0.8227642276422764,0.8914285714285715,-0.06866434378629505,0.7677615571776155,0.2187254351487928,13,6,7,0.01597051597051597,0.014669926650366748,0.01728395061728395,679,346,333,1697.5,865.0,832.5,0,0,0,0,0.0,0.125,"psych_curve(xdata=array([-70.,  70.]), ydata=[0.141, 0.837], fit=[0.14, 0.14, 0.14, 0.14, 0.14, 0.14, 0.14, 0.14, 0.14, 0.14, 0.14, 0.14, 0.14, 0.14, 0.14, 0.14, 0.14, 0.14, 0.14, 0.14, 0.14, 0.14, 0.14, 0.14, 0.14, 0.14, 0.14, 0.14, 0.14, 0.14, 0.14, 0.14, 0.14, 0.14, 0.14, 0.14, 0.14, 0.14, 0.14, 0.14, 0.14, 0.14, 0.14, 0.14, 0.14, 0.14, 0.142, 0.147, 0.17, 0.247, 0.439, 0.668, 0.789, 0.827, 0.837, 0.839, 0.84, 0.84, 0.84, 0.84, 0.84, 0.84, 0.84, 0.84, 0.84, 0.84, 0.84, 0.84, 0.84, 0.84, 0.84, 0.84, 0.84, 0.84, 0.84, 0.84, 0.84, 0.84, 0.84, 0.84, 0.84, 0.84, 0.84, 0.84, 0.84, 0.84, 0.84, 0.84, 0.84, 0.84, 0.84, 0.84, 0.84, 0.84, 0.84, 0.84, 0.84, 0.84, 0.84, 0.84], params=[1.0, 1.0, 0.14, 0.16], fit_error=[0.017, 0.019])",[-70.  70.],"[0.141, 0.837]","[0.14, 0.14, 0.14, 0.14, 0.14, 0.14, 0.14, 0.14, 0.14, 0.14, 0.14, 0.14, 0.14, 0.14, 0.14, 0.14, 0.14, 0.14, 0.14, 0.14, 0.14, 0.14, 0.14, 0.14, 0.14, 0.14, 0.14, 0.14, 0.14, 0.14, 0.14, 0.14, 0.14, 0.14, 0.14, 0.14, 0.14, 0.14, 0.14, 0.14, 0.14, 0.14, 0.14, 0.14, 0.14, 0.14, 0.142, 0.147, 0.17, 0.247, 0.439, 0.668, 0.789, 0.827, 0.837, 0.839, 0.84, 0.84, 0.84, 0.84, 0.84, 0.84, 0.84, 0.84, 0.84, 0.84, 0.84, 0.84, 0.84, 0.84, 0.84, 0.84, 0.84, 0.84, 0.84, 0.84, 0.84, 0.84, 0.84, 0.84, 0.84, 0.84, 0.84, 0.84, 0.84, 0.84, 0.84, 0.84, 0.84, 0.84, 0.84, 0.84, 0.84, 0.84, 0.84, 0.84, 0.84, 0.84, 0.84, 0.84]","[0.017, 0.019]","[1.0, 1.0, 0.14, 0.16]",1.0,1.0,0.14,0.16,"psych_curve(xdata=array([-70.,  70.]), ydata=[0.398, 0.975], fit=[nan, nan, nan, nan, nan, nan, nan, nan, nan, nan, nan, nan, nan, nan, nan, nan, nan, nan, nan, nan, nan, nan, nan, nan, nan, nan, nan, nan, nan, nan, nan, nan, nan, nan, nan, nan, nan, nan, nan, nan, nan, nan, nan, nan, nan, nan, nan, nan, nan, nan, nan, nan, nan, nan, nan, nan, nan, nan, nan, nan, nan, nan, nan, nan, nan, nan, nan, nan, nan, nan, nan, nan, nan, nan, nan, nan, nan, nan, nan, nan, nan, nan, nan, nan, nan, nan, nan, nan, nan, nan, nan, nan, nan, nan, nan, nan, nan, nan, nan, nan], params=[1.0, 1.0, 0.4, 0.03], fit_error=[0.03, 0.007])",[-70.  70.],"[0.141, 0.837]","[0.14, 0.14, 0.14, 0.14, 0.14, 0.14, 0.14, 0.14, 0.14, 0.14, 0.14, 0.14, 0.14, 0.14, 0.14, 0.14, 0.14, 0.14, 0.14, 0.14, 0.14, 0.14, 0.14, 0.14, 0.14, 0.14, 0.14, 0.14, 0.14, 0.14, 0.14, 0.14, 0.14, 0.14, 0.14, 0.14, 0.14, 0.14, 0.14, 0.14, 0.14, 0.14, 0.14, 0.14, 0.14, 0.14, 0.142, 0.147, 0.17, 0.247, 0.439, 0.668, 0.789, 0.827, 0.837, 0.839, 0.84, 0.84, 0.84, 0.84, 0.84, 0.84, 0.84, 0.84, 0.84, 0.84, 0.84, 0.84, 0.84, 0.84, 0.84, 0.84, 0.84, 0.84, 0.84, 0.84, 0.84, 0.84, 0.84, 0.84, 0.84, 0.84, 0.84, 0.84, 0.84, 0.84, 0.84, 0.84, 0.84, 0.84, 0.84, 0.84, 0.84, 0.84, 0.84, 0.84, 0.84, 0.84, 0.84, 0.84]","[0.017, 0.019]","[1.0, 1.0, 0.4, 0.03]",1.0,1.0,0.4,0.03
2023-05-22,0,86,907,['Bpod5'],790,395,395,409,361,693,357,336,545,137,77,27,50,0.8772151898734177,0.9037974683544304,0.850632911392405,770,384,386,600,320,280,0.78239608801956,0.775623268698061,155,77,78,0.1882640586797066,0.21606648199445982,0.9,0.9296875,0.8704663212435233,0.9,-0.0592211787564767,0.9083333333333333,0.8838709677419355,0.024462365591397806,0.7790096783588105,0.2021652703370832,20,11,9,0.02531645569620253,0.027848101265822784,0.02278481012658228,707,365,342,1767.5,912.5,855.0,0,0,0,0,0.0,0.125,"psych_curve(xdata=array([-70.,  70.]), ydata=[0.049, 0.886], fit=[0.05, 0.05, 0.05, 0.05, 0.05, 0.05, 0.05, 0.05, 0.05, 0.05, 0.05, 0.05, 0.05, 0.05, 0.05, 0.05, 0.05, 0.05, 0.05, 0.05, 0.05, 0.05, 0.05, 0.05, 0.05, 0.05, 0.05, 0.05, 0.05, 0.05, 0.05, 0.05, 0.05, 0.05, 0.05, 0.05, 0.05, 0.05, 0.05, 0.05, 0.05, 0.05, 0.05, 0.05, 0.05, 0.051, 0.052, 0.059, 0.085, 0.179, 0.409, 0.684, 0.828, 0.874, 0.886, 0.889, 0.89, 0.89, 0.89, 0.89, 0.89, 0.89, 0.89, 0.89, 0.89, 0.89, 0.89, 0.89, 0.89, 0.89, 0.89, 0.89, 0.89, 0.89, 0.89, 0.89, 0.89, 0.89, 0.89, 0.89, 0.89, 0.89, 0.89, 0.89, 0.89, 0.89, 0.89, 0.89, 0.89, 0.89, 0.89, 0.89, 0.89, 0.89, 0.89, 0.89, 0.89, 0.89, 0.89, 0.89], params=[1.0, 1.0, 0.05, 0.11], fit_error=[0.011, 0.016])",[-70.  70.],"[0.049, 0.886]","[0.05, 0.05, 0.05, 0.05, 0.05, 0.05, 0.05, 0.05, 0.05, 0.05, 0.05, 0.05, 0.05, 0.05, 0.05, 0.05, 0.05, 0.05, 0.05, 0.05, 0.05, 0.05, 0.05, 0.05, 0.05, 0.05, 0.05, 0.05, 0.05, 0.05, 0.05, 0.05, 0.05, 0.05, 0.05, 0.05, 0.05, 0.05, 0.05, 0.05, 0.05, 0.05, 0.05, 0.05, 0.05, 0.051, 0.052, 0.059, 0.085, 0.179, 0.409, 0.684, 0.828, 0.874, 0.886, 0.889, 0.89, 0.89, 0.89, 0.89, 0.89, 0.89, 0.89, 0.89, 0.89, 0.89, 0.89, 0.89, 0.89, 0.89, 0.89, 0.89, 0.89, 0.89, 0.89, 0.89, 0.89, 0.89, 0.89, 0.89, 0.89, 0.89, 0.89, 0.89, 0.89, 0.89, 0.89, 0.89, 0.89, 0.89, 0.89, 0.89, 0.89, 0.89, 0.89, 0.89, 0.89, 0.89, 0.89, 0.89]","[0.011, 0.016]","[1.0, 1.0, 0.05, 0.11]",1.0,1.0,0.05,0.11,"psych_curve(xdata=array([-70.,  70.]), ydata=[0.26, 0.982], fit=[nan, nan, nan, nan, nan, nan, nan, nan, nan, nan, nan, nan, nan, nan, nan, nan, nan, nan, nan, nan, nan, nan, nan, nan, nan, nan, nan, nan, nan, nan, nan, nan, nan, nan, nan, nan, nan, nan, nan, nan, nan, nan, nan, nan, nan, nan, nan, nan, nan, nan, nan, nan, nan, nan, nan, nan, nan, nan, nan, nan, nan, nan, nan, nan, nan, nan, nan, nan, nan, nan, nan, nan, nan, nan, nan, nan, nan, nan, nan, nan, nan, nan, nan, nan, nan, nan, nan, nan, nan, nan, nan, nan, nan, nan, nan, nan, nan, nan, nan, nan], params=[1.0, 1.0, 0.26, 0.02], fit_error=[0.031, 0.006])",[-70.  70.],"[0.049, 0.886]","[0.05, 0.05, 0.05, 0.05, 0.05, 0.05, 0.05, 0.05, 0.05, 0.05, 0.05, 0.05, 0.05, 0.05, 0.05, 0.05, 0.05, 0.05, 0.05, 0.05, 0.05, 0.05, 0.05, 0.05, 0.05, 0.05, 0.05, 0.05, 0.05, 0.05, 0.05, 0.05, 0.05, 0.05, 0.05, 0.05, 0.05, 0.05, 0.05, 0.05, 0.05, 0.05, 0.05, 0.05, 0.05, 0.051, 0.052, 0.059, 0.085, 0.179, 0.409, 0.684, 0.828, 0.874, 0.886, 0.889, 0.89, 0.89, 0.89, 0.89, 0.89, 0.89, 0.89, 0.89, 0.89, 0.89, 0.89, 0.89, 0.89, 0.89, 0.89, 0.89, 0.89, 0.89, 0.89, 0.89, 0.89, 0.89, 0.89, 0.89, 0.89, 0.89, 0.89, 0.89, 0.89, 0.89, 0.89, 0.89, 0.89, 0.89, 0.89, 0.89, 0.89, 0.89, 0.89, 0.89, 0.89, 0.89, 0.89, 0.89]","[0.011, 0.016]","[1.0, 1.0, 0.26, 0.02]",1.0,1.0,0.26,0.02
2023-05-23,1,87,907,['Bpod5'],631,316,315,278,317,504,241,263,241,252,91,55,36,0.7987321711568938,0.7626582278481012,0.834920634920635,595,296,299,301,132,169,0.4748201438848921,0.5331230283911672,280,139,141,0.5,0.444794952681388,0.8470588235294118,0.8141891891891891,0.8795986622073578,0.8470588235294118,0.06540947301816868,0.8006644518272426,0.9,-0.09933554817275747,0.5039715861380296,0.472397476340694,36,20,16,0.05705229793977813,0.06329113924050633,0.050793650793650794,531,255,276,1327.5,637.5,690.0,0,0,0,0,0.0,0.125,"psych_curve(xdata=array([-70.,  70.]), ydata=[0.139, 0.923], fit=[0.14, 0.14, 0.14, 0.14, 0.14, 0.14, 0.14, 0.14, 0.14, 0.14, 0.14, 0.14, 0.14, 0.14, 0.14, 0.14, 0.14, 0.14, 0.14, 0.14, 0.14, 0.14, 0.14, 0.14, 0.14, 0.14, 0.14, 0.14, 0.14, 0.14, 0.14, 0.14, 0.14, 0.14, 0.14, 0.14, 0.14, 0.14, 0.14, 0.14, 0.14, 0.14, 0.14, 0.14, 0.14, 0.14, 0.142, 0.148, 0.173, 0.26, 0.473, 0.728, 0.863, 0.905, 0.916, 0.919, 0.92, 0.92, 0.92, 0.92, 0.92, 0.92, 0.92, 0.92, 0.92, 0.92, 0.92, 0.92, 0.92, 0.92, 0.92, 0.92, 0.92, 0.92, 0.92, 0.92, 0.92, 0.92, 0.92, 0.92, 0.92, 0.92, 0.92, 0.92, 0.92, 0.92, 0.92, 0.92, 0.92, 0.92, 0.92, 0.92, 0.92, 0.92, 0.92, 0.92, 0.92, 0.92, 0.92, 0.92], params=[1.0, 1.0, 0.14, 0.08], fit_error=[0.02, 0.015])",[-70.  70.],"[0.139, 0.923]","[0.14, 0.14, 0.14, 0.14, 0.14, 0.14, 0.14, 0.14, 0.14, 0.14, 0.14, 0.14, 0.14, 0.14, 0.14, 0.14, 0.14, 0.14, 0.14, 0.14, 0.14, 0.14, 0.14, 0.14, 0.14, 0.14, 0.14, 0.14, 0.14, 0.14, 0.14, 0.14, 0.14, 0.14, 0.14, 0.14, 0.14, 0.14, 0.14, 0.14, 0.14, 0.14, 0.14, 0.14, 0.14, 0.14, 0.142, 0.148, 0.173, 0.26, 0.473, 0.728, 0.863, 0.905, 0.916, 0.919, 0.92, 0.92, 0.92, 0.92, 0.92, 0.92, 0.92, 0.92, 0.92, 0.92, 0.92, 0.92, 0.92, 0.92, 0.92, 0.92, 0.92, 0.92, 0.92, 0.92, 0.92, 0.92, 0.92, 0.92, 0.92, 0.92, 0.92, 0.92, 0.92, 0.92, 0.92, 0.92, 0.92, 0.92, 0.92, 0.92, 0.92, 0.92, 0.92, 0.92, 0.92, 0.92, 0.92, 0.92]","[0.02, 0.015]","[1.0, 1.0, 0.14, 0.08]",1.0,1.0,0.14,0.08,"psych_curve(xdata=array([-70.,  70.]), ydata=[0.171, 0.984], fit=[nan, nan, nan, nan, nan, nan, nan, nan, nan, nan, nan, nan, nan, nan, nan, nan, nan, nan, nan, nan, nan, nan, nan, nan, nan, nan, nan, nan, nan, nan, nan, nan, nan, nan, nan, nan, nan, nan, nan, nan, nan, nan, nan, nan, nan, nan, nan, nan, nan, nan, nan, nan, nan, nan, nan, nan, nan, nan, nan, nan, nan, nan, nan, nan, nan, nan, nan, nan, nan, nan, nan, nan, nan, nan, nan, nan, nan, nan, nan, nan, nan, nan, nan, nan, nan, nan, nan, nan, nan, nan, nan, nan, nan, nan, nan, nan, nan, nan, nan, nan], params=[1.0, 1.0, 0.17, 0.02], fit_error=[0.021, 0.008])",[-70.  70.],"[0.139, 0.923]","[0.14, 0.14, 0.14, 0.14, 0.14, 0.14, 0.14, 0.14, 0.14, 0.14, 0.14, 0.14, 0.14, 0.14, 0.14, 0.14, 0.14, 0.14, 0.14, 0.14, 0.14, 0.14, 0.14, 0.14, 0.14, 0.14, 0.14, 0.14, 0.14, 0.14, 0.14, 0.14, 0.14, 0.14, 0.14, 0.14, 0.14, 0.14, 0.14, 0.14, 0.14, 0.14, 0.14, 0.14, 0.14, 0.14, 0.142, 0.148, 0.173, 0.26, 0.473, 0.728, 0.863, 0.905, 0.916, 0.919, 0.92, 0.92, 0.92, 0.92, 0.92, 0.92, 0.92, 0.92, 0.92, 0.92, 0.92, 0.92, 0.92, 0.92, 0.92, 0.92, 0.92, 0.92, 0.92, 0.92, 0.92, 0.92, 0.92, 0.92, 0.92, 0.92, 0.92, 0.92, 0.92, 0.92, 0.92, 0.92, 0.92, 0.92, 0.92, 0.92, 0.92, 0.92, 0.92, 0.92, 0.92, 0.92, 0.92, 0.92]","[0.02, 0.015]","[1.0, 1.0, 0.17, 0.02]",1.0,1.0,0.17,0.02
2023-05-24,2,88,907,['Bpod5'],537,268,269,324,202,450,260,190,225,221,76,5,71,0.8379888268156425,0.9701492537313433,0.7063197026022305,526,265,261,292,206,86,0.6358024691358025,0.42574257425742573,229,115,114,0.3549382716049383,0.5643564356435643,0.8555133079847909,0.9811320754716981,0.7279693486590039,0.8555133079847909,-0.25316272681269425,0.7705479452054794,0.9650655021834061,-0.19451755697792672,0.5307725216966142,0.4596473536242513,11,3,8,0.020484171322160148,0.011194029850746268,0.02973977695167286,457,260,197,1142.5,650.0,492.5,0,0,0,0,0.0,0.125,"psych_curve(xdata=array([-70.,  70.]), ydata=[0.019, 0.755], fit=[0.02, 0.02, 0.02, 0.02, 0.02, 0.02, 0.02, 0.02, 0.02, 0.02, 0.02, 0.02, 0.02, 0.02, 0.02, 0.02, 0.02, 0.02, 0.02, 0.02, 0.02, 0.02, 0.02, 0.02, 0.02, 0.02, 0.02, 0.02, 0.02, 0.02, 0.02, 0.02, 0.02, 0.02, 0.02, 0.02, 0.02, 0.02, 0.02, 0.02, 0.02, 0.02, 0.02, 0.02, 0.02, 0.02, 0.022, 0.028, 0.051, 0.132, 0.332, 0.571, 0.696, 0.736, 0.747, 0.749, 0.75, 0.75, 0.75, 0.75, 0.75, 0.75, 0.75, 0.75, 0.75, 0.75, 0.75, 0.75, 0.75, 0.75, 0.75, 0.75, 0.75, 0.75, 0.75, 0.75, 0.75, 0.75, 0.75, 0.75, 0.75, 0.75, 0.75, 0.75, 0.75, 0.75, 0.75, 0.75, 0.75, 0.75, 0.75, 0.75, 0.75, 0.75, 0.75, 0.75, 0.75, 0.75, 0.75, 0.75], params=[1.0, 1.0, 0.02, 0.25], fit_error=[0.008, 0.027])",[-70.  70.],"[0.019, 0.755]","[0.02, 0.02, 0.02, 0.02, 0.02, 0.02, 0.02, 0.02, 0.02, 0.02, 0.02, 0.02, 0.02, 0.02, 0.02, 0.02, 0.02, 0.02, 0.02, 0.02, 0.02, 0.02, 0.02, 0.02, 0.02, 0.02, 0.02, 0.02, 0.02, 0.02, 0.02, 0.02, 0.02, 0.02, 0.02, 0.02, 0.02, 0.02, 0.02, 0.02, 0.02, 0.02, 0.02, 0.02, 0.02, 0.02, 0.022, 0.028, 0.051, 0.132, 0.332, 0.571, 0.696, 0.736, 0.747, 0.749, 0.75, 0.75, 0.75, 0.75, 0.75, 0.75, 0.75, 0.75, 0.75, 0.75, 0.75, 0.75, 0.75, 0.75, 0.75, 0.75, 0.75, 0.75, 0.75, 0.75, 0.75, 0.75, 0.75, 0.75, 0.75, 0.75, 0.75, 0.75, 0.75, 0.75, 0.75, 0.75, 0.75, 0.75, 0.75, 0.75, 0.75, 0.75, 0.75, 0.75, 0.75, 0.75, 0.75, 0.75]","[0.008, 0.027]","[1.0, 1.0, 0.02, 0.25]",1.0,1.0,0.02,0.25,"psych_curve(xdata=array([-70.,  70.]), ydata=[0.22, 0.974], fit=[nan, nan, nan, nan, nan, nan, nan, nan, nan, nan, nan, nan, nan, nan, nan, nan, nan, nan, nan, nan, nan, nan, nan, nan, nan, nan, nan, nan, nan, nan, nan, nan, nan, nan, nan, nan, nan, nan, nan, nan, nan, nan, nan, nan, nan, nan, nan, nan, nan, nan, nan, nan, nan, nan, nan, nan, nan, nan, nan, nan, nan, nan, nan, nan, nan, nan, nan, nan, nan, nan, nan, nan, nan, nan, nan, nan, nan, nan, nan, nan, nan, nan, nan, nan, nan, nan, nan, nan, nan, nan, nan, nan, nan, nan, nan, nan, nan, nan, nan, nan], params=[1.0, 1.0, 0.22, 0.03], fit_error=[0.025, 0.01])",[-70.  70.],"[0.019, 0.755]","[0.02, 0.02, 0.02, 0.02, 0.02, 0.02, 0.02, 0.02, 0.02, 0.02, 0.02, 0.02, 0.02, 0.02, 0.02, 0.02, 0.02, 0.02, 0.02, 0.02, 0.02, 0.02, 0.02, 0.02, 0.02, 0.02, 0.02, 0.02, 0.02, 0.02, 0.02, 0.02, 0.02, 0.02, 0.02, 0.02, 0.02, 0.02, 0.02, 0.02, 0.02, 0.02, 0.02, 0.02, 0.02, 0.02, 0.022, 0.028, 0.051, 0.132, 0.332, 0.571, 0.696, 0.736, 0.747, 0.749, 0.75, 0.75, 0.75, 0.75, 0.75, 0.75, 0.75, 0.75, 0.75, 0.75, 0.75, 0.75, 0.75, 0.75, 0.75, 0.75, 0.75, 0.75, 0.75, 0.75, 0.75, 0.75, 0.75, 0.75, 0.75, 0.75, 0.75, 0.75, 0.75, 0.75, 0.75, 0.75, 0.75, 0.75, 0.75, 0.75, 0.75, 0.75, 0.75, 0.75, 0.75, 0.75, 0.75, 0.75]","[0.008, 0.027]","[1.0, 1.0, 0.22, 0.03]",1.0,1.0,0.22,0.03
2023-05-25,3,89,907,['Bpod5'],560,280,280,277,268,466,230,236,225,236,79,43,36,0.8321428571428572,0.8214285714285714,0.8428571428571429,545,273,272,277,142,135,0.5126353790613718,0.503731343283582,260,128,132,0.4620938628158845,0.4925373134328358,0.8550458715596331,0.8424908424908425,0.8676470588235294,0.8550458715596331,0.025156216332686943,0.8122743682310469,0.9076923076923077,-0.09541793946126076,0.5081833611724769,0.47731558812436015,15,7,8,0.026785714285714284,0.025,0.02857142857142857,483,244,239,1207.5,610.0,597.5,0,0,0,0,0.0,0.125,"psych_curve(xdata=array([-70.,  70.]), ydata=[0.106, 0.879], fit=[0.11, 0.11, 0.11, 0.11, 0.11, 0.11, 0.11, 0.11, 0.11, 0.11, 0.11, 0.11, 0.11, 0.11, 0.11, 0.11, 0.11, 0.11, 0.11, 0.11, 0.11, 0.11, 0.11, 0.11, 0.11, 0.11, 0.11, 0.11, 0.11, 0.11, 0.11, 0.11, 0.11, 0.11, 0.11, 0.11, 0.11, 0.11, 0.11, 0.11, 0.11, 0.11, 0.11, 0.11, 0.11, 0.11, 0.112, 0.118, 0.143, 0.228, 0.439, 0.691, 0.823, 0.865, 0.876, 0.879, 0.88, 0.88, 0.88, 0.88, 0.88, 0.88, 0.88, 0.88, 0.88, 0.88, 0.88, 0.88, 0.88, 0.88, 0.88, 0.88, 0.88, 0.88, 0.88, 0.88, 0.88, 0.88, 0.88, 0.88, 0.88, 0.88, 0.88, 0.88, 0.88, 0.88, 0.88, 0.88, 0.88, 0.88, 0.88, 0.88, 0.88, 0.88, 0.88, 0.88, 0.88, 0.88, 0.88, 0.88], params=[1.0, 1.0, 0.11, 0.12], fit_error=[0.019, 0.02])",[-70.  70.],"[0.106, 0.879]","[0.11, 0.11, 0.11, 0.11, 0.11, 0.11, 0.11, 0.11, 0.11, 0.11, 0.11, 0.11, 0.11, 0.11, 0.11, 0.11, 0.11, 0.11, 0.11, 0.11, 0.11, 0.11, 0.11, 0.11, 0.11, 0.11, 0.11, 0.11, 0.11, 0.11, 0.11, 0.11, 0.11, 0.11, 0.11, 0.11, 0.11, 0.11, 0.11, 0.11, 0.11, 0.11, 0.11, 0.11, 0.11, 0.11, 0.112, 0.118, 0.143, 0.228, 0.439, 0.691, 0.823, 0.865, 0.876, 0.879, 0.88, 0.88, 0.88, 0.88, 0.88, 0.88, 0.88, 0.88, 0.88, 0.88, 0.88, 0.88, 0.88, 0.88, 0.88, 0.88, 0.88, 0.88, 0.88, 0.88, 0.88, 0.88, 0.88, 0.88, 0.88, 0.88, 0.88, 0.88, 0.88, 0.88, 0.88, 0.88, 0.88, 0.88, 0.88, 0.88, 0.88, 0.88, 0.88, 0.88, 0.88, 0.88, 0.88, 0.88]","[0.019, 0.02]","[1.0, 1.0, 0.11, 0.12]",1.0,1.0,0.11,0.12,"psych_curve(xdata=array([-70.,  70.]), ydata=[0.158, 0.943], fit=[nan, nan, nan, nan, nan, nan, nan, nan, nan, nan, nan, nan, nan, nan, nan, nan, nan, nan, nan, nan, nan, nan, nan, nan, nan, nan, nan, nan, nan, nan, nan, nan, nan, nan, nan, nan, nan, nan, nan, nan, nan, nan, nan, nan, nan, nan, nan, nan, nan, nan, nan, nan, nan, nan, nan, nan, nan, nan, nan, nan, nan, nan, nan, nan, nan, nan, nan, nan, nan, nan, nan, nan, nan, nan, nan, nan, nan, nan, nan, nan, nan, nan, nan, nan, nan, nan, nan, nan, nan, nan, nan, nan, nan, nan, nan, nan, nan, nan, nan, nan], params=[1.0, 1.0, 0.16, 0.06], fit_error=[0.021, 0.015])",[-70.  70.],"[0.106, 0.879]","[0.11, 0.11, 0.11, 0.11, 0.11, 0.11, 0.11, 0.11, 0.11, 0.11, 0.11, 0.11, 0.11, 0.11, 0.11, 0.11, 0.11, 0.11, 0.11, 0.11, 0.11, 0.11, 0.11, 0.11, 0.11, 0.11, 0.11, 0.11, 0.11, 0.11, 0.11, 0.11, 0.11, 0.11, 0.11, 0.11, 0.11, 0.11, 0.11, 0.11, 0.11, 0.11, 0.11, 0.11, 0.11, 0.11, 0.112, 0.118, 0.143, 0.228, 0.439, 0.691, 0.823, 0.865, 0.876, 0.879, 0.88, 0.88, 0.88, 0.88, 0.88, 0.88, 0.88, 0.88, 0.88, 0.88, 0.88, 0.88, 0.88, 0.88, 0.88, 0.88, 0.88, 0.88, 0.88, 0.88, 0.88, 0.88, 0.88, 0.88, 0.88, 0.88, 0.88, 0.88, 0.88, 0.88, 0.88, 0.88, 0.88, 0.88, 0.88, 0.88, 0.88, 0.88, 0.88, 0.88, 0.88, 0.88, 0.88, 0.88]","[0.019, 0.02]","[1.0, 1.0, 0.16, 0.06]",1.0,1.0,0.16,0.06
2023-05-26,4,90,907,['Bpod5'],242,122,120,147,82,190,114,76,104,75,39,5,34,0.7851239669421488,0.9344262295081968,0.6333333333333333,229,119,110,133,95,38,0.6462585034013606,0.4634146341463415,83,41,42,0.2789115646258503,0.5121951219512195,0.8296943231441049,0.957983193277311,0.6909090909090909,0.8296943231441049,-0.26707410236822005,0.7819548872180451,0.9036144578313253,-0.12165957061328025,0.554836568773851,0.3955533432885349,13,3,10,0.05371900826446281,0.02459016393442623,0.08333333333333333,193,115,78,482.5,287.5,195.0,0,0,0,0,0.0,0.125,"psych_curve(xdata=array([-70.,  70.]), ydata=[0.034, 0.709], fit=[0.03, 0.03, 0.03, 0.03, 0.03, 0.03, 0.03, 0.03, 0.03, 0.03, 0.03, 0.03, 0.03, 0.03, 0.03, 0.03, 0.03, 0.03, 0.03, 0.03, 0.03, 0.03, 0.03, 0.03, 0.03, 0.03, 0.03, 0.03, 0.03, 0.03, 0.03, 0.03, 0.03, 0.03, 0.03, 0.03, 0.03, 0.03, 0.03, 0.03, 0.03, 0.03, 0.03, 0.03, 0.03, 0.03, 0.032, 0.037, 0.059, 0.134, 0.321, 0.543, 0.66, 0.697, 0.707, 0.709, 0.71, 0.71, 0.71, 0.71, 0.71, 0.71, 0.71, 0.71, 0.71, 0.71, 0.71, 0.71, 0.71, 0.71, 0.71, 0.71, 0.71, 0.71, 0.71, 0.71, 0.71, 0.71, 0.71, 0.71, 0.71, 0.71, 0.71, 0.71, 0.71, 0.71, 0.71, 0.71, 0.71, 0.71, 0.71, 0.71, 0.71, 0.71, 0.71, 0.71, 0.71, 0.71, 0.71, 0.71], params=[1.0, 1.0, 0.03, 0.29], fit_error=[0.017, 0.044])",[-70.  70.],"[0.034, 0.709]","[0.03, 0.03, 0.03, 0.03, 0.03, 0.03, 0.03, 0.03, 0.03, 0.03, 0.03, 0.03, 0.03, 0.03, 0.03, 0.03, 0.03, 0.03, 0.03, 0.03, 0.03, 0.03, 0.03, 0.03, 0.03, 0.03, 0.03, 0.03, 0.03, 0.03, 0.03, 0.03, 0.03, 0.03, 0.03, 0.03, 0.03, 0.03, 0.03, 0.03, 0.03, 0.03, 0.03, 0.03, 0.03, 0.03, 0.032, 0.037, 0.059, 0.134, 0.321, 0.543, 0.66, 0.697, 0.707, 0.709, 0.71, 0.71, 0.71, 0.71, 0.71, 0.71, 0.71, 0.71, 0.71, 0.71, 0.71, 0.71, 0.71, 0.71, 0.71, 0.71, 0.71, 0.71, 0.71, 0.71, 0.71, 0.71, 0.71, 0.71, 0.71, 0.71, 0.71, 0.71, 0.71, 0.71, 0.71, 0.71, 0.71, 0.71, 0.71, 0.71, 0.71, 0.71, 0.71, 0.71, 0.71, 0.71, 0.71, 0.71]","[0.017, 0.044]","[1.0, 1.0, 0.03, 0.29]",1.0,1.0,0.03,0.29,"psych_curve(xdata=array([-70.,  70.]), ydata=[0.271, 0.954], fit=[nan, nan, nan, nan, nan, nan, nan, nan, nan, nan, nan, nan, nan, nan, nan, nan, nan, nan, nan, nan, nan, nan, nan, nan, nan, nan, nan, nan, nan, nan, nan, nan, nan, nan, nan, nan, nan, nan, nan, nan, nan, nan, nan, nan, nan, nan, nan, nan, nan, nan, nan, nan, nan, nan, nan, nan, nan, nan, nan, nan, nan, nan, nan, nan, nan, nan, nan, nan, nan, nan, nan, nan, nan, nan, nan, nan, nan, nan, nan, nan, nan, nan, nan, nan, nan, nan, nan, nan, nan, nan, nan, nan, nan, nan, nan, nan, nan, nan, nan, nan], params=[1.0, 1.0, 0.27, 0.05], fit_error=[0.043, 0.02])",[-70.  70.],"[0.034, 0.709]","[0.03, 0.03, 0.03, 0.03, 0.03, 0.03, 0.03, 0.03, 0.03, 0.03, 0.03, 0.03, 0.03, 0.03, 0.03, 0.03, 0.03, 0.03, 0.03, 0.03, 0.03, 0.03, 0.03, 0.03, 0.03, 0.03, 0.03, 0.03, 0.03, 0.03, 0.03, 0.03, 0.03, 0.03, 0.03, 0.03, 0.03, 0.03, 0.03, 0.03, 0.03, 0.03, 0.03, 0.03, 0.03, 0.03, 0.032, 0.037, 0.059, 0.134, 0.321, 0.543, 0.66, 0.697, 0.707, 0.709, 0.71, 0.71, 0.71, 0.71, 0.71, 0.71, 0.71, 0.71, 0.71, 0.71, 0.71, 0.71, 0.71, 0.71, 0.71, 0.71, 0.71, 0.71, 0.71, 0.71, 0.71, 0.71, 0.71, 0.71, 0.71, 0.71, 0.71, 0.71, 0.71, 0.71, 0.71, 0.71, 0.71, 0.71, 0.71, 0.71, 0.71, 0.71, 0.71, 0.71, 0.71, 0.71, 0.71, 0.71]","[0.017, 0.044]","[1.0, 1.0, 0.27, 0.05]",1.0,1.0,0.27,0.05
2023-05-29,0,93,907,['Bpod5'],643,322,321,303,334,596,288,308,293,298,41,32,9,0.926905132192846,0.8944099378881988,0.9595015576323987,637,320,317,322,144,178,0.4752475247524752,0.5329341317365269,310,155,155,0.5115511551155115,0.46407185628742514,0.9356357927786499,0.9,0.9716088328075709,0.9356357927786499,0.07160883280757091,0.9099378881987578,0.9612903225806452,-0.05135243438188741,0.5040908282445011,0.48781150570146836,6,2,4,0.00933125972006221,0.006211180124223602,0.012461059190031152,604,295,309,1510.0,737.5,772.5,0,0,0,0,0.0,0.125,"psych_curve(xdata=array([-70.,  70.]), ydata=[0.078, 0.975], fit=[0.08, 0.08, 0.08, 0.08, 0.08, 0.08, 0.08, 0.08, 0.08, 0.08, 0.08, 0.08, 0.08, 0.08, 0.08, 0.08, 0.08, 0.08, 0.08, 0.08, 0.08, 0.08, 0.08, 0.08, 0.08, 0.08, 0.08, 0.08, 0.08, 0.08, 0.08, 0.08, 0.08, 0.08, 0.08, 0.08, 0.08, 0.08, 0.08, 0.08, 0.08, 0.08, 0.08, 0.08, 0.08, 0.081, 0.082, 0.09, 0.118, 0.218, 0.465, 0.759, 0.914, 0.963, 0.976, 0.979, 0.98, 0.98, 0.98, 0.98, 0.98, 0.98, 0.98, 0.98, 0.98, 0.98, 0.98, 0.98, 0.98, 0.98, 0.98, 0.98, 0.98, 0.98, 0.98, 0.98, 0.98, 0.98, 0.98, 0.98, 0.98, 0.98, 0.98, 0.98, 0.98, 0.98, 0.98, 0.98, 0.98, 0.98, 0.98, 0.98, 0.98, 0.98, 0.98, 0.98, 0.98, 0.98, 0.98, 0.98], params=[1.0, 1.0, 0.08, 0.02], fit_error=[0.015, 0.009])",[-70.  70.],"[0.078, 0.975]","[0.08, 0.08, 0.08, 0.08, 0.08, 0.08, 0.08, 0.08, 0.08, 0.08, 0.08, 0.08, 0.08, 0.08, 0.08, 0.08, 0.08, 0.08, 0.08, 0.08, 0.08, 0.08, 0.08, 0.08, 0.08, 0.08, 0.08, 0.08, 0.08, 0.08, 0.08, 0.08, 0.08, 0.08, 0.08, 0.08, 0.08, 0.08, 0.08, 0.08, 0.08, 0.08, 0.08, 0.08, 0.08, 0.081, 0.082, 0.09, 0.118, 0.218, 0.465, 0.759, 0.914, 0.963, 0.976, 0.979, 0.98, 0.98, 0.98, 0.98, 0.98, 0.98, 0.98, 0.98, 0.98, 0.98, 0.98, 0.98, 0.98, 0.98, 0.98, 0.98, 0.98, 0.98, 0.98, 0.98, 0.98, 0.98, 0.98, 0.98, 0.98, 0.98, 0.98, 0.98, 0.98, 0.98, 0.98, 0.98, 0.98, 0.98, 0.98, 0.98, 0.98, 0.98, 0.98, 0.98, 0.98, 0.98, 0.98, 0.98]","[0.015, 0.009]","[1.0, 1.0, 0.08, 0.02]",1.0,1.0,0.08,0.02,"psych_curve(xdata=array([-70.,  70.]), ydata=[0.076, 0.974], fit=[nan, nan, nan, nan, nan, nan, nan, nan, nan, nan, nan, nan, nan, nan, nan, nan, nan, nan, nan, nan, nan, nan, nan, nan, nan, nan, nan, nan, nan, nan, nan, nan, nan, nan, nan, nan, nan, nan, nan, nan, nan, nan, nan, nan, nan, nan, nan, nan, nan, nan, nan, nan, nan, nan, nan, nan, nan, nan, nan, nan, nan, nan, nan, nan, nan, nan, nan, nan, nan, nan, nan, nan, nan, nan, nan, nan, nan, nan, nan, nan, nan, nan, nan, nan, nan, nan, nan, nan, nan, nan, nan, nan, nan, nan, nan, nan, nan, nan, nan, nan], params=[1.0, 1.0, 0.08, 0.03], fit_error=[0.015, 0.009])",[-70.  70.],"[0.078, 0.975]","[0.08, 0.08, 0.08, 0.08, 0.08, 0.08, 0.08, 0.08, 0.08, 0.08, 0.08, 0.08, 0.08, 0.08, 0.08, 0.08, 0.08, 0.08, 0.08, 0.08, 0.08, 0.08, 0.08, 0.08, 0.08, 0.08, 0.08, 0.08, 0.08, 0.08, 0.08, 0.08, 0.08, 0.08, 0.08, 0.08, 0.08, 0.08, 0.08, 0.08, 0.08, 0.08, 0.08, 0.08, 0.08, 0.081, 0.082, 0.09, 0.118, 0.218, 0.465, 0.759, 0.914, 0.963, 0.976, 0.979, 0.98, 0.98, 0.98, 0.98, 0.98, 0.98, 0.98, 0.98, 0.98, 0.98, 0.98, 0.98, 0.98, 0.98, 0.98, 0.98, 0.98, 0.98, 0.98, 0.98, 0.98, 0.98, 0.98, 0.98, 0.98, 0.98, 0.98, 0.98, 0.98, 0.98, 0.98, 0.98, 0.98, 0.98, 0.98, 0.98, 0.98, 0.98, 0.98, 0.98, 0.98, 0.98, 0.98, 0.98]","[0.015, 0.009]","[1.0, 1.0, 0.08, 0.03]",1.0,1.0,0.08,0.03
2023-05-30,1,94,907,['Bpod5'],616,308,308,328,271,560,297,263,279,274,39,4,35,0.9090909090909091,0.9642857142857143,0.8538961038961039,599,301,298,306,180,126,0.5487804878048781,0.46494464944649444,284,143,141,0.43597560975609756,0.5202952029520295,0.9348914858096828,0.9867109634551495,0.8825503355704698,0.9348914858096828,-0.10416062788467972,0.9117647058823529,0.9647887323943662,-0.05302402651201332,0.5068625686256862,0.4781354063540635,17,7,10,0.027597402597402596,0.022727272727272728,0.032467532467532464,568,299,269,1420.0,747.5,672.5,0,0,0,0,0.0,0.125,"psych_curve(xdata=array([-70.,  70.]), ydata=[0.007, 0.903], fit=[0.01, 0.01, 0.01, 0.01, 0.01, 0.01, 0.01, 0.01, 0.01, 0.01, 0.01, 0.01, 0.01, 0.01, 0.01, 0.01, 0.01, 0.01, 0.01, 0.01, 0.01, 0.01, 0.01, 0.01, 0.01, 0.01, 0.01, 0.01, 0.01, 0.01, 0.01, 0.01, 0.01, 0.01, 0.01, 0.01, 0.01, 0.01, 0.01, 0.01, 0.01, 0.01, 0.01, 0.01, 0.01, 0.011, 0.012, 0.019, 0.048, 0.147, 0.39, 0.681, 0.835, 0.883, 0.896, 0.899, 0.9, 0.9, 0.9, 0.9, 0.9, 0.9, 0.9, 0.9, 0.9, 0.9, 0.9, 0.9, 0.9, 0.9, 0.9, 0.9, 0.9, 0.9, 0.9, 0.9, 0.9, 0.9, 0.9, 0.9, 0.9, 0.9, 0.9, 0.9, 0.9, 0.9, 0.9, 0.9, 0.9, 0.9, 0.9, 0.9, 0.9, 0.9, 0.9, 0.9, 0.9, 0.9, 0.9, 0.9], params=[1.0, 1.0, 0.01, 0.1], fit_error=[0.005, 0.017])",[-70.  70.],"[0.007, 0.903]","[0.01, 0.01, 0.01, 0.01, 0.01, 0.01, 0.01, 0.01, 0.01, 0.01, 0.01, 0.01, 0.01, 0.01, 0.01, 0.01, 0.01, 0.01, 0.01, 0.01, 0.01, 0.01, 0.01, 0.01, 0.01, 0.01, 0.01, 0.01, 0.01, 0.01, 0.01, 0.01, 0.01, 0.01, 0.01, 0.01, 0.01, 0.01, 0.01, 0.01, 0.01, 0.01, 0.01, 0.01, 0.01, 0.011, 0.012, 0.019, 0.048, 0.147, 0.39, 0.681, 0.835, 0.883, 0.896, 0.899, 0.9, 0.9, 0.9, 0.9, 0.9, 0.9, 0.9, 0.9, 0.9, 0.9, 0.9, 0.9, 0.9, 0.9, 0.9, 0.9, 0.9, 0.9, 0.9, 0.9, 0.9, 0.9, 0.9, 0.9, 0.9, 0.9, 0.9, 0.9, 0.9, 0.9, 0.9, 0.9, 0.9, 0.9, 0.9, 0.9, 0.9, 0.9, 0.9, 0.9, 0.9, 0.9, 0.9, 0.9]","[0.005, 0.017]","[1.0, 1.0, 0.01, 0.1]",1.0,1.0,0.01,0.1,"psych_curve(xdata=array([-70.,  70.]), ydata=[0.08, 0.976], fit=[nan, nan, nan, nan, nan, nan, nan, nan, nan, nan, nan, nan, nan, nan, nan, nan, nan, nan, nan, nan, nan, nan, nan, nan, nan, nan, nan, nan, nan, nan, nan, nan, nan, nan, nan, nan, nan, nan, nan, nan, nan, nan, nan, nan, nan, nan, nan, nan, nan, nan, nan, nan, nan, nan, nan, nan, nan, nan, nan, nan, nan, nan, nan, nan, nan, nan, nan, nan, nan, nan, nan, nan, nan, nan, nan, nan, nan, nan, nan, nan, nan, nan, nan, nan, nan, nan, nan, nan, nan, nan, nan, nan, nan, nan, nan, nan, nan, nan, nan, nan], params=[1.0, 1.0, 0.08, 0.02], fit_error=[0.016, 0.009])",[-70.  70.],"[0.007, 0.903]","[0.01, 0.01, 0.01, 0.01, 0.01, 0.01, 0.01, 0.01, 0.01, 0.01, 0.01, 0.01, 0.01, 0.01, 0.01, 0.01, 0.01, 0.01, 0.01, 0.01, 0.01, 0.01, 0.01, 0.01, 0.01, 0.01, 0.01, 0.01, 0.01, 0.01, 0.01, 0.01, 0.01, 0.01, 0.01, 0.01, 0.01, 0.01, 0.01, 0.01, 0.01, 0.01, 0.01, 0.01, 0.01, 0.011, 0.012, 0.019, 0.048, 0.147, 0.39, 0.681, 0.835, 0.883, 0.896, 0.899, 0.9, 0.9, 0.9, 0.9, 0.9, 0.9, 0.9, 0.9, 0.9, 0.9, 0.9, 0.9, 0.9, 0.9, 0.9, 0.9, 0.9, 0.9, 0.9, 0.9, 0.9, 0.9, 0.9, 0.9, 0.9, 0.9, 0.9, 0.9, 0.9, 0.9, 0.9, 0.9, 0.9, 0.9, 0.9, 0.9, 0.9, 0.9, 0.9, 0.9, 0.9, 0.9, 0.9, 0.9]","[0.005, 0.017]","[1.0, 1.0, 0.08, 0.02]",1.0,1.0,0.08,0.02
2023-05-31,2,95,907,['Bpod5'],563,289,274,266,282,518,257,261,272,238,30,20,10,0.9200710479573713,0.889273356401384,0.9525547445255474,548,277,271,290,138,152,0.518796992481203,0.5390070921985816,248,125,123,0.4699248120300752,0.43617021276595747,0.9452554744525548,0.927797833935018,0.9630996309963099,0.9452554744525548,0.035301797061291884,0.9379310344827586,0.9596774193548387,-0.021746384872080138,0.5289020423398922,0.4530475123980163,15,12,3,0.02664298401420959,0.04152249134948097,0.010948905109489052,523,259,264,1307.5,647.5,660.0,0,0,0,0,0.0,0.125,"psych_curve(xdata=array([-70.,  70.]), ydata=[0.065, 0.974], fit=[0.06, 0.06, 0.06, 0.06, 0.06, 0.06, 0.06, 0.06, 0.06, 0.06, 0.06, 0.06, 0.06, 0.06, 0.06, 0.06, 0.06, 0.06, 0.06, 0.06, 0.06, 0.06, 0.06, 0.06, 0.06, 0.06, 0.06, 0.06, 0.06, 0.06, 0.06, 0.06, 0.06, 0.06, 0.06, 0.06, 0.06, 0.06, 0.06, 0.06, 0.06, 0.06, 0.06, 0.06, 0.06, 0.061, 0.062, 0.07, 0.098, 0.2, 0.449, 0.746, 0.903, 0.953, 0.966, 0.969, 0.97, 0.97, 0.97, 0.97, 0.97, 0.97, 0.97, 0.97, 0.97, 0.97, 0.97, 0.97, 0.97, 0.97, 0.97, 0.97, 0.97, 0.97, 0.97, 0.97, 0.97, 0.97, 0.97, 0.97, 0.97, 0.97, 0.97, 0.97, 0.97, 0.97, 0.97, 0.97, 0.97, 0.97, 0.97, 0.97, 0.97, 0.97, 0.97, 0.97, 0.97, 0.97, 0.97, 0.97], params=[1.0, 1.0, 0.06, 0.03], fit_error=[0.015, 0.01])",[-70.  70.],"[0.065, 0.974]","[0.06, 0.06, 0.06, 0.06, 0.06, 0.06, 0.06, 0.06, 0.06, 0.06, 0.06, 0.06, 0.06, 0.06, 0.06, 0.06, 0.06, 0.06, 0.06, 0.06, 0.06, 0.06, 0.06, 0.06, 0.06, 0.06, 0.06, 0.06, 0.06, 0.06, 0.06, 0.06, 0.06, 0.06, 0.06, 0.06, 0.06, 0.06, 0.06, 0.06, 0.06, 0.06, 0.06, 0.06, 0.06, 0.061, 0.062, 0.07, 0.098, 0.2, 0.449, 0.746, 0.903, 0.953, 0.966, 0.969, 0.97, 0.97, 0.97, 0.97, 0.97, 0.97, 0.97, 0.97, 0.97, 0.97, 0.97, 0.97, 0.97, 0.97, 0.97, 0.97, 0.97, 0.97, 0.97, 0.97, 0.97, 0.97, 0.97, 0.97, 0.97, 0.97, 0.97, 0.97, 0.97, 0.97, 0.97, 0.97, 0.97, 0.97, 0.97, 0.97, 0.97, 0.97, 0.97, 0.97, 0.97, 0.97, 0.97, 0.97]","[0.015, 0.01]","[1.0, 1.0, 0.06, 0.03]",1.0,1.0,0.06,0.03,"psych_curve(xdata=array([-70.,  70.]), ydata=[0.069, 0.978], fit=[nan, nan, nan, nan, nan, nan, nan, nan, nan, nan, nan, nan, nan, nan, nan, nan, nan, nan, nan, nan, nan, nan, nan, nan, nan, nan, nan, nan, nan, nan, nan, nan, nan, nan, nan, nan, nan, nan, nan, nan, nan, nan, nan, nan, nan, nan, nan, nan, nan, nan, nan, nan, nan, nan, nan, nan, nan, nan, nan, nan, nan, nan, nan, nan, nan, nan, nan, nan, nan, nan, nan, nan, nan, nan, nan, nan, nan, nan, nan, nan, nan, nan, nan, nan, nan, nan, nan, nan, nan, nan, nan, nan, nan, nan, nan, nan, nan, nan, nan, nan], params=[1.0, 1.0, 0.07, 0.02], fit_error=[0.016, 0.009])",[-70.  70.],"[0.065, 0.974]","[0.06, 0.06, 0.06, 0.06, 0.06, 0.06, 0.06, 0.06, 0.06, 0.06, 0.06, 0.06, 0.06, 0.06, 0.06, 0.06, 0.06, 0.06, 0.06, 0.06, 0.06, 0.06, 0.06, 0.06, 0.06, 0.06, 0.06, 0.06, 0.06, 0.06, 0.06, 0.06, 0.06, 0.06, 0.06, 0.06, 0.06, 0.06, 0.06, 0.06, 0.06, 0.06, 0.06, 0.06, 0.06, 0.061, 0.062, 0.07, 0.098, 0.2, 0.449, 0.746, 0.903, 0.953, 0.966, 0.969, 0.97, 0.97, 0.97, 0.97, 0.97, 0.97, 0.97, 0.97, 0.97, 0.97, 0.97, 0.97, 0.97, 0.97, 0.97, 0.97, 0.97, 0.97, 0.97, 0.97, 0.97, 0.97, 0.97, 0.97, 0.97, 0.97, 0.97, 0.97, 0.97, 0.97, 0.97, 0.97, 0.97, 0.97, 0.97, 0.97, 0.97, 0.97, 0.97, 0.97, 0.97, 0.97, 0.97, 0.97]","[0.015, 0.01]","[1.0, 1.0, 0.07, 0.02]",1.0,1.0,0.07,0.02
2023-06-01,3,96,907,['Bpod5'],411,209,202,217,166,350,195,155,178,158,33,10,23,0.851581508515815,0.9330143540669856,0.7673267326732673,383,205,178,195,119,76,0.5483870967741935,0.4578313253012048,170,83,87,0.3824884792626728,0.5240963855421686,0.9138381201044387,0.9512195121951219,0.8707865168539326,0.9138381201044387,-0.0804329953411893,0.9128205128205128,0.9294117647058824,-0.016591251885369585,0.5031092110376991,0.45329243240242073,28,4,24,0.0681265206812652,0.019138755980861243,0.1188118811881188,357,198,159,892.5,495.0,397.5,0,0,0,0,0.0,9.999999999976694e-05,"psych_curve(xdata=array([-70.,  70.]), ydata=[0.034, 0.893], fit=[0.03, 0.03, 0.03, 0.03, 0.03, 0.03, 0.03, 0.03, 0.03, 0.03, 0.03, 0.03, 0.03, 0.03, 0.03, 0.03, 0.03, 0.03, 0.03, 0.03, 0.03, 0.03, 0.03, 0.03, 0.03, 0.03, 0.03, 0.03, 0.03, 0.03, 0.03, 0.03, 0.03, 0.03, 0.03, 0.03, 0.03, 0.03, 0.03, 0.03, 0.03, 0.03, 0.03, 0.03, 0.03, 0.031, 0.032, 0.039, 0.066, 0.162, 0.397, 0.679, 0.827, 0.874, 0.886, 0.889, 0.89, 0.89, 0.89, 0.89, 0.89, 0.89, 0.89, 0.89, 0.89, 0.89, 0.89, 0.89, 0.89, 0.89, 0.89, 0.89, 0.89, 0.89, 0.89, 0.89, 0.89, 0.89, 0.89, 0.89, 0.89, 0.89, 0.89, 0.89, 0.89, 0.89, 0.89, 0.89, 0.89, 0.89, 0.89, 0.89, 0.89, 0.89, 0.89, 0.89, 0.89, 0.89, 0.89, 0.89], params=[1.0, 1.0, 0.03, 0.11], fit_error=[0.013, 0.023])",[-70.  70.],"[0.034, 0.893]","[0.03, 0.03, 0.03, 0.03, 0.03, 0.03, 0.03, 0.03, 0.03, 0.03, 0.03, 0.03, 0.03, 0.03, 0.03, 0.03, 0.03, 0.03, 0.03, 0.03, 0.03, 0.03, 0.03, 0.03, 0.03, 0.03, 0.03, 0.03, 0.03, 0.03, 0.03, 0.03, 0.03, 0.03, 0.03, 0.03, 0.03, 0.03, 0.03, 0.03, 0.03, 0.03, 0.03, 0.03, 0.03, 0.031, 0.032, 0.039, 0.066, 0.162, 0.397, 0.679, 0.827, 0.874, 0.886, 0.889, 0.89, 0.89, 0.89, 0.89, 0.89, 0.89, 0.89, 0.89, 0.89, 0.89, 0.89, 0.89, 0.89, 0.89, 0.89, 0.89, 0.89, 0.89, 0.89, 0.89, 0.89, 0.89, 0.89, 0.89, 0.89, 0.89, 0.89, 0.89, 0.89, 0.89, 0.89, 0.89, 0.89, 0.89, 0.89, 0.89, 0.89, 0.89, 0.89, 0.89, 0.89, 0.89, 0.89, 0.89]","[0.013, 0.023]","[1.0, 1.0, 0.03, 0.11]",1.0,1.0,0.03,0.11,"psych_curve(xdata=array([-70.,  70.]), ydata=[0.085, 0.952], fit=[nan, nan, nan, nan, nan, nan, nan, nan, nan, nan, nan, nan, nan, nan, nan, nan, nan, nan, nan, nan, nan, nan, nan, nan, nan, nan, nan, nan, nan, nan, nan, nan, nan, nan, nan, nan, nan, nan, nan, nan, nan, nan, nan, nan, nan, nan, nan, nan, nan, nan, nan, nan, nan, nan, nan, nan, nan, nan, nan, nan, nan, nan, nan, nan, nan, nan, nan, nan, nan, nan, nan, nan, nan, nan, nan, nan, nan, nan, nan, nan, nan, nan, nan, nan, nan, nan, nan, nan, nan, nan, nan, nan, nan, nan, nan, nan, nan, nan, nan, nan], params=[1.0, 1.0, 0.08, 0.05], fit_error=[0.021, 0.016])",[-70.  70.],"[0.034, 0.893]","[0.03, 0.03, 0.03, 0.03, 0.03, 0.03, 0.03, 0.03, 0.03, 0.03, 0.03, 0.03, 0.03, 0.03, 0.03, 0.03, 0.03, 0.03, 0.03, 0.03, 0.03, 0.03, 0.03, 0.03, 0.03, 0.03, 0.03, 0.03, 0.03, 0.03, 0.03, 0.03, 0.03, 0.03, 0.03, 0.03, 0.03, 0.03, 0.03, 0.03, 0.03, 0.03, 0.03, 0.03, 0.03, 0.031, 0.032, 0.039, 0.066, 0.162, 0.397, 0.679, 0.827, 0.874, 0.886, 0.889, 0.89, 0.89, 0.89, 0.89, 0.89, 0.89, 0.89, 0.89, 0.89, 0.89, 0.89, 0.89, 0.89, 0.89, 0.89, 0.89, 0.89, 0.89, 0.89, 0.89, 0.89, 0.89, 0.89, 0.89, 0.89, 0.89, 0.89, 0.89, 0.89, 0.89, 0.89, 0.89, 0.89, 0.89, 0.89, 0.89, 0.89, 0.89, 0.89, 0.89, 0.89, 0.89, 0.89, 0.89]","[0.013, 0.023]","[1.0, 1.0, 0.08, 0.05]",1.0,1.0,0.08,0.05
2023-06-02,4,97,907,['Bpod5'],400,204,196,200,137,311,187,124,159,123,26,11,15,0.7775,0.9166666666666666,0.6326530612244898,337,198,139,173,106,67,0.53,0.48905109489051096,130,64,66,0.32,0.48175182481751827,0.9228486646884273,0.9444444444444444,0.8920863309352518,0.9228486646884273,-0.052358113509192616,0.9190751445086706,0.9461538461538461,-0.027078701645175562,0.5095255474452555,0.40087591240875914,63,6,57,0.1575,0.029411764705882353,0.29081632653061223,321,191,130,802.5,477.5,325.0,0,0,0,0,0.0,9.999999999976694e-05,"psych_curve(xdata=array([-70.,  70.]), ydata=[0.035, 0.935], fit=[0.03, 0.03, 0.03, 0.03, 0.03, 0.03, 0.03, 0.03, 0.03, 0.03, 0.03, 0.03, 0.03, 0.03, 0.03, 0.03, 0.03, 0.03, 0.03, 0.03, 0.03, 0.03, 0.03, 0.03, 0.03, 0.03, 0.03, 0.03, 0.03, 0.03, 0.03, 0.03, 0.03, 0.03, 0.03, 0.03, 0.03, 0.03, 0.03, 0.03, 0.03, 0.03, 0.03, 0.03, 0.03, 0.031, 0.032, 0.04, 0.068, 0.17, 0.419, 0.716, 0.873, 0.923, 0.936, 0.939, 0.94, 0.94, 0.94, 0.94, 0.94, 0.94, 0.94, 0.94, 0.94, 0.94, 0.94, 0.94, 0.94, 0.94, 0.94, 0.94, 0.94, 0.94, 0.94, 0.94, 0.94, 0.94, 0.94, 0.94, 0.94, 0.94, 0.94, 0.94, 0.94, 0.94, 0.94, 0.94, 0.94, 0.94, 0.94, 0.94, 0.94, 0.94, 0.94, 0.94, 0.94, 0.94, 0.94, 0.94], params=[1.0, 1.0, 0.03, 0.06], fit_error=[0.013, 0.021])",[-70.  70.],"[0.035, 0.935]","[0.03, 0.03, 0.03, 0.03, 0.03, 0.03, 0.03, 0.03, 0.03, 0.03, 0.03, 0.03, 0.03, 0.03, 0.03, 0.03, 0.03, 0.03, 0.03, 0.03, 0.03, 0.03, 0.03, 0.03, 0.03, 0.03, 0.03, 0.03, 0.03, 0.03, 0.03, 0.03, 0.03, 0.03, 0.03, 0.03, 0.03, 0.03, 0.03, 0.03, 0.03, 0.03, 0.03, 0.03, 0.03, 0.031, 0.032, 0.04, 0.068, 0.17, 0.419, 0.716, 0.873, 0.923, 0.936, 0.939, 0.94, 0.94, 0.94, 0.94, 0.94, 0.94, 0.94, 0.94, 0.94, 0.94, 0.94, 0.94, 0.94, 0.94, 0.94, 0.94, 0.94, 0.94, 0.94, 0.94, 0.94, 0.94, 0.94, 0.94, 0.94, 0.94, 0.94, 0.94, 0.94, 0.94, 0.94, 0.94, 0.94, 0.94, 0.94, 0.94, 0.94, 0.94, 0.94, 0.94, 0.94, 0.94, 0.94, 0.94]","[0.013, 0.021]","[1.0, 1.0, 0.03, 0.06]",1.0,1.0,0.03,0.06,"psych_curve(xdata=array([-70.,  70.]), ydata=[0.079, 0.988], fit=[nan, nan, nan, nan, nan, nan, nan, nan, nan, nan, nan, nan, nan, nan, nan, nan, nan, nan, nan, nan, nan, nan, nan, nan, nan, nan, nan, nan, nan, nan, nan, nan, nan, nan, nan, nan, nan, nan, nan, nan, nan, nan, nan, nan, nan, nan, nan, nan, nan, nan, nan, nan, nan, nan, nan, nan, nan, nan, nan, nan, nan, nan, nan, nan, nan, nan, nan, nan, nan, nan, nan, nan, nan, nan, nan, nan, nan, nan, nan, nan, nan, nan, nan, nan, nan, nan, nan, nan, nan, nan, nan, nan, nan, nan, nan, nan, nan, nan, nan, nan], params=[1.0, 1.0, 0.08, 0.01], fit_error=[0.023, 0.009])",[-70.  70.],"[0.035, 0.935]","[0.03, 0.03, 0.03, 0.03, 0.03, 0.03, 0.03, 0.03, 0.03, 0.03, 0.03, 0.03, 0.03, 0.03, 0.03, 0.03, 0.03, 0.03, 0.03, 0.03, 0.03, 0.03, 0.03, 0.03, 0.03, 0.03, 0.03, 0.03, 0.03, 0.03, 0.03, 0.03, 0.03, 0.03, 0.03, 0.03, 0.03, 0.03, 0.03, 0.03, 0.03, 0.03, 0.03, 0.03, 0.03, 0.031, 0.032, 0.04, 0.068, 0.17, 0.419, 0.716, 0.873, 0.923, 0.936, 0.939, 0.94, 0.94, 0.94, 0.94, 0.94, 0.94, 0.94, 0.94, 0.94, 0.94, 0.94, 0.94, 0.94, 0.94, 0.94, 0.94, 0.94, 0.94, 0.94, 0.94, 0.94, 0.94, 0.94, 0.94, 0.94, 0.94, 0.94, 0.94, 0.94, 0.94, 0.94, 0.94, 0.94, 0.94, 0.94, 0.94, 0.94, 0.94, 0.94, 0.94, 0.94, 0.94, 0.94, 0.94]","[0.013, 0.021]","[1.0, 1.0, 0.08, 0.01]",1.0,1.0,0.08,0.01
2023-06-06,1,101,907,['Bpod5'],444,232,212,215,112,297,208,89,135,94,30,9,21,0.668918918918919,0.896551724137931,0.419811320754717,327,217,110,138,100,38,0.46511627906976744,0.3392857142857143,113,55,58,0.2558139534883721,0.5178571428571429,0.908256880733945,0.9585253456221198,0.8090909090909091,0.908256880733945,-0.1494344365312107,0.9782608695652174,0.831858407079646,0.14640246248557143,0.4022009966777409,0.3868355481727575,117,15,102,0.2635135135135135,0.06465517241379311,0.4811320754716981,323,214,109,807.5,535.0,272.5,0,0,0,0,0.0,9.999999999976694e-05,"psych_curve(xdata=array([-70.,  70.]), ydata=[0.014, 0.991], fit=[0.01, 0.01, 0.01, 0.01, 0.01, 0.01, 0.01, 0.01, 0.01, 0.01, 0.01, 0.01, 0.01, 0.01, 0.01, 0.01, 0.01, 0.01, 0.01, 0.01, 0.01, 0.01, 0.01, 0.01, 0.01, 0.01, 0.01, 0.01, 0.01, 0.01, 0.01, 0.01, 0.01, 0.01, 0.01, 0.01, 0.01, 0.01, 0.01, 0.01, 0.01, 0.01, 0.01, 0.01, 0.01, 0.011, 0.013, 0.02, 0.051, 0.16, 0.429, 0.749, 0.918, 0.971, 0.985, 0.989, 0.99, 0.99, 0.99, 0.99, 0.99, 0.99, 0.99, 0.99, 0.99, 0.99, 0.99, 0.99, 0.99, 0.99, 0.99, 0.99, 0.99, 0.99, 0.99, 0.99, 0.99, 0.99, 0.99, 0.99, 0.99, 0.99, 0.99, 0.99, 0.99, 0.99, 0.99, 0.99, 0.99, 0.99, 0.99, 0.99, 0.99, 0.99, 0.99, 0.99, 0.99, 0.99, 0.99, 0.99], params=[1.0, 1.0, 0.01, 0.01], fit_error=[0.008, 0.009])",[-70.  70.],"[0.014, 0.991]","[0.01, 0.01, 0.01, 0.01, 0.01, 0.01, 0.01, 0.01, 0.01, 0.01, 0.01, 0.01, 0.01, 0.01, 0.01, 0.01, 0.01, 0.01, 0.01, 0.01, 0.01, 0.01, 0.01, 0.01, 0.01, 0.01, 0.01, 0.01, 0.01, 0.01, 0.01, 0.01, 0.01, 0.01, 0.01, 0.01, 0.01, 0.01, 0.01, 0.01, 0.01, 0.01, 0.01, 0.01, 0.01, 0.011, 0.013, 0.02, 0.051, 0.16, 0.429, 0.749, 0.918, 0.971, 0.985, 0.989, 0.99, 0.99, 0.99, 0.99, 0.99, 0.99, 0.99, 0.99, 0.99, 0.99, 0.99, 0.99, 0.99, 0.99, 0.99, 0.99, 0.99, 0.99, 0.99, 0.99, 0.99, 0.99, 0.99, 0.99, 0.99, 0.99, 0.99, 0.99, 0.99, 0.99, 0.99, 0.99, 0.99, 0.99, 0.99, 0.99, 0.99, 0.99, 0.99, 0.99, 0.99, 0.99, 0.99, 0.99]","[0.008, 0.009]","[1.0, 1.0, 0.01, 0.01]",1.0,1.0,0.01,0.01,"psych_curve(xdata=array([-70.,  70.]), ydata=[0.018, 0.993], fit=[nan, nan, nan, nan, nan, nan, nan, nan, nan, nan, nan, nan, nan, nan, nan, nan, nan, nan, nan, nan, nan, nan, nan, nan, nan, nan, nan, nan, nan, nan, nan, nan, nan, nan, nan, nan, nan, nan, nan, nan, nan, nan, nan, nan, nan, nan, nan, nan, nan, nan, nan, nan, nan, nan, nan, nan, nan, nan, nan, nan, nan, nan, nan, nan, nan, nan, nan, nan, nan, nan, nan, nan, nan, nan, nan, nan, nan, nan, nan, nan, nan, nan, nan, nan, nan, nan, nan, nan, nan, nan, nan, nan, nan, nan, nan, nan, nan, nan, nan, nan], params=[1.0, 1.0, 0.02, 0.01], fit_error=[0.012, 0.007])",[-70.  70.],"[0.014, 0.991]","[0.01, 0.01, 0.01, 0.01, 0.01, 0.01, 0.01, 0.01, 0.01, 0.01, 0.01, 0.01, 0.01, 0.01, 0.01, 0.01, 0.01, 0.01, 0.01, 0.01, 0.01, 0.01, 0.01, 0.01, 0.01, 0.01, 0.01, 0.01, 0.01, 0.01, 0.01, 0.01, 0.01, 0.01, 0.01, 0.01, 0.01, 0.01, 0.01, 0.01, 0.01, 0.01, 0.01, 0.01, 0.01, 0.011, 0.013, 0.02, 0.051, 0.16, 0.429, 0.749, 0.918, 0.971, 0.985, 0.989, 0.99, 0.99, 0.99, 0.99, 0.99, 0.99, 0.99, 0.99, 0.99, 0.99, 0.99, 0.99, 0.99, 0.99, 0.99, 0.99, 0.99, 0.99, 0.99, 0.99, 0.99, 0.99, 0.99, 0.99, 0.99, 0.99, 0.99, 0.99, 0.99, 0.99, 0.99, 0.99, 0.99, 0.99, 0.99, 0.99, 0.99, 0.99, 0.99, 0.99, 0.99, 0.99, 0.99, 0.99]","[0.008, 0.009]","[1.0, 1.0, 0.02, 0.01]",1.0,1.0,0.02,0.01
2023-06-07,2,102,907,['Bpod5'],585,268,317,260,293,530,249,281,265,242,23,11,12,0.905982905982906,0.9291044776119403,0.886435331230284,553,260,293,280,124,156,0.47692307692307695,0.5324232081911263,250,124,126,0.47692307692307695,0.4300341296928328,0.9584086799276673,0.9576923076923077,0.9590443686006825,0.9584086799276673,0.001352060908374808,0.9464285714285714,0.968,-0.021571428571428575,0.5046731425571016,0.45347860330795486,32,8,24,0.0547008547008547,0.029850746268656716,0.07570977917981073,543,255,288,1357.5,637.5,720.0,0,0,0,0,0.0,9.999999999976694e-05,"psych_curve(xdata=array([-70.,  70.]), ydata=[0.019, 0.983], fit=[0.02, 0.02, 0.02, 0.02, 0.02, 0.02, 0.02, 0.02, 0.02, 0.02, 0.02, 0.02, 0.02, 0.02, 0.02, 0.02, 0.02, 0.02, 0.02, 0.02, 0.02, 0.02, 0.02, 0.02, 0.02, 0.02, 0.02, 0.02, 0.02, 0.02, 0.02, 0.02, 0.02, 0.02, 0.02, 0.02, 0.02, 0.02, 0.02, 0.02, 0.02, 0.02, 0.02, 0.02, 0.02, 0.021, 0.022, 0.03, 0.061, 0.167, 0.43, 0.744, 0.91, 0.962, 0.976, 0.979, 0.98, 0.98, 0.98, 0.98, 0.98, 0.98, 0.98, 0.98, 0.98, 0.98, 0.98, 0.98, 0.98, 0.98, 0.98, 0.98, 0.98, 0.98, 0.98, 0.98, 0.98, 0.98, 0.98, 0.98, 0.98, 0.98, 0.98, 0.98, 0.98, 0.98, 0.98, 0.98, 0.98, 0.98, 0.98, 0.98, 0.98, 0.98, 0.98, 0.98, 0.98, 0.98, 0.98, 0.98], params=[1.0, 1.0, 0.02, 0.02], fit_error=[0.009, 0.008])",[-70.  70.],"[0.019, 0.983]","[0.02, 0.02, 0.02, 0.02, 0.02, 0.02, 0.02, 0.02, 0.02, 0.02, 0.02, 0.02, 0.02, 0.02, 0.02, 0.02, 0.02, 0.02, 0.02, 0.02, 0.02, 0.02, 0.02, 0.02, 0.02, 0.02, 0.02, 0.02, 0.02, 0.02, 0.02, 0.02, 0.02, 0.02, 0.02, 0.02, 0.02, 0.02, 0.02, 0.02, 0.02, 0.02, 0.02, 0.02, 0.02, 0.021, 0.022, 0.03, 0.061, 0.167, 0.43, 0.744, 0.91, 0.962, 0.976, 0.979, 0.98, 0.98, 0.98, 0.98, 0.98, 0.98, 0.98, 0.98, 0.98, 0.98, 0.98, 0.98, 0.98, 0.98, 0.98, 0.98, 0.98, 0.98, 0.98, 0.98, 0.98, 0.98, 0.98, 0.98, 0.98, 0.98, 0.98, 0.98, 0.98, 0.98, 0.98, 0.98, 0.98, 0.98, 0.98, 0.98, 0.98, 0.98, 0.98, 0.98, 0.98, 0.98, 0.98, 0.98]","[0.009, 0.008]","[1.0, 1.0, 0.02, 0.02]",1.0,1.0,0.02,0.02,"psych_curve(xdata=array([-70.,  70.]), ydata=[0.038, 1.0], fit=[nan, nan, nan, nan, nan, nan, nan, nan, nan, nan, nan, nan, nan, nan, nan, nan, nan, nan, nan, nan, nan, nan, nan, nan, nan, nan, nan, nan, nan, nan, nan, nan, nan, nan, nan, nan, nan, nan, nan, nan, nan, nan, nan, nan, nan, nan, nan, nan, nan, nan, nan, nan, nan, nan, nan, nan, nan, nan, nan, nan, nan, nan, nan, nan, nan, nan, nan, nan, nan, nan, nan, nan, nan, nan, nan, nan, nan, nan, nan, nan, nan, nan, nan, nan, nan, nan, nan, nan, nan, nan, nan, nan, nan, nan, nan, nan, nan, nan, nan, nan], params=[1.0, 1.0, 0.04, 0.0], fit_error=[0.012, 0.0])",[-70.  70.],"[0.019, 0.983]","[0.02, 0.02, 0.02, 0.02, 0.02, 0.02, 0.02, 0.02, 0.02, 0.02, 0.02, 0.02, 0.02, 0.02, 0.02, 0.02, 0.02, 0.02, 0.02, 0.02, 0.02, 0.02, 0.02, 0.02, 0.02, 0.02, 0.02, 0.02, 0.02, 0.02, 0.02, 0.02, 0.02, 0.02, 0.02, 0.02, 0.02, 0.02, 0.02, 0.02, 0.02, 0.02, 0.02, 0.02, 0.02, 0.021, 0.022, 0.03, 0.061, 0.167, 0.43, 0.744, 0.91, 0.962, 0.976, 0.979, 0.98, 0.98, 0.98, 0.98, 0.98, 0.98, 0.98, 0.98, 0.98, 0.98, 0.98, 0.98, 0.98, 0.98, 0.98, 0.98, 0.98, 0.98, 0.98, 0.98, 0.98, 0.98, 0.98, 0.98, 0.98, 0.98, 0.98, 0.98, 0.98, 0.98, 0.98, 0.98, 0.98, 0.98, 0.98, 0.98, 0.98, 0.98, 0.98, 0.98, 0.98, 0.98, 0.98, 0.98]","[0.009, 0.008]","[1.0, 1.0, 0.04, 0.0]",1.0,1.0,0.04,0.0
2023-06-08,3,103,907,['Bpod5'],628,328,300,346,261,536,296,240,300,227,71,22,49,0.8535031847133758,0.9024390243902439,0.8,607,318,289,347,214,133,0.6184971098265896,0.5095785440613027,246,123,123,0.3554913294797688,0.47126436781609193,0.8830313014827018,0.9308176100628931,0.8304498269896193,0.8830313014827018,-0.10036778307327376,0.8645533141210374,0.9227642276422764,-0.05821091352123897,0.5640378269439461,0.41337784864793037,21,10,11,0.03343949044585987,0.03048780487804878,0.03666666666666667,553,305,248,1382.5,762.5,620.0,0,0,0,0,0.0,9.999999999976694e-05,"psych_curve(xdata=array([-70.,  70.]), ydata=[0.041, 0.858], fit=[0.04, 0.04, 0.04, 0.04, 0.04, 0.04, 0.04, 0.04, 0.04, 0.04, 0.04, 0.04, 0.04, 0.04, 0.04, 0.04, 0.04, 0.04, 0.04, 0.04, 0.04, 0.04, 0.04, 0.04, 0.04, 0.04, 0.04, 0.04, 0.04, 0.04, 0.04, 0.04, 0.04, 0.04, 0.04, 0.04, 0.04, 0.04, 0.04, 0.04, 0.04, 0.04, 0.04, 0.04, 0.04, 0.041, 0.042, 0.049, 0.075, 0.166, 0.39, 0.658, 0.8, 0.845, 0.856, 0.859, 0.86, 0.86, 0.86, 0.86, 0.86, 0.86, 0.86, 0.86, 0.86, 0.86, 0.86, 0.86, 0.86, 0.86, 0.86, 0.86, 0.86, 0.86, 0.86, 0.86, 0.86, 0.86, 0.86, 0.86, 0.86, 0.86, 0.86, 0.86, 0.86, 0.86, 0.86, 0.86, 0.86, 0.86, 0.86, 0.86, 0.86, 0.86, 0.86, 0.86, 0.86, 0.86, 0.86, 0.86], params=[1.0, 1.0, 0.04, 0.14], fit_error=[0.011, 0.021])",[-70.  70.],"[0.041, 0.858]","[0.04, 0.04, 0.04, 0.04, 0.04, 0.04, 0.04, 0.04, 0.04, 0.04, 0.04, 0.04, 0.04, 0.04, 0.04, 0.04, 0.04, 0.04, 0.04, 0.04, 0.04, 0.04, 0.04, 0.04, 0.04, 0.04, 0.04, 0.04, 0.04, 0.04, 0.04, 0.04, 0.04, 0.04, 0.04, 0.04, 0.04, 0.04, 0.04, 0.04, 0.04, 0.04, 0.04, 0.04, 0.04, 0.041, 0.042, 0.049, 0.075, 0.166, 0.39, 0.658, 0.8, 0.845, 0.856, 0.859, 0.86, 0.86, 0.86, 0.86, 0.86, 0.86, 0.86, 0.86, 0.86, 0.86, 0.86, 0.86, 0.86, 0.86, 0.86, 0.86, 0.86, 0.86, 0.86, 0.86, 0.86, 0.86, 0.86, 0.86, 0.86, 0.86, 0.86, 0.86, 0.86, 0.86, 0.86, 0.86, 0.86, 0.86, 0.86, 0.86, 0.86, 0.86, 0.86, 0.86, 0.86, 0.86, 0.86, 0.86]","[0.011, 0.021]","[1.0, 1.0, 0.04, 0.14]",1.0,1.0,0.04,0.14,"psych_curve(xdata=array([-70.,  70.]), ydata=[0.154, 0.971], fit=[nan, nan, nan, nan, nan, nan, nan, nan, nan, nan, nan, nan, nan, nan, nan, nan, nan, nan, nan, nan, nan, nan, nan, nan, nan, nan, nan, nan, nan, nan, nan, nan, nan, nan, nan, nan, nan, nan, nan, nan, nan, nan, nan, nan, nan, nan, nan, nan, nan, nan, nan, nan, nan, nan, nan, nan, nan, nan, nan, nan, nan, nan, nan, nan, nan, nan, nan, nan, nan, nan, nan, nan, nan, nan, nan, nan, nan, nan, nan, nan, nan, nan, nan, nan, nan, nan, nan, nan, nan, nan, nan, nan, nan, nan, nan, nan, nan, nan, nan, nan], params=[1.0, 1.0, 0.15, 0.03], fit_error=[0.022, 0.009])",[-70.  70.],"[0.041, 0.858]","[0.04, 0.04, 0.04, 0.04, 0.04, 0.04, 0.04, 0.04, 0.04, 0.04, 0.04, 0.04, 0.04, 0.04, 0.04, 0.04, 0.04, 0.04, 0.04, 0.04, 0.04, 0.04, 0.04, 0.04, 0.04, 0.04, 0.04, 0.04, 0.04, 0.04, 0.04, 0.04, 0.04, 0.04, 0.04, 0.04, 0.04, 0.04, 0.04, 0.04, 0.04, 0.04, 0.04, 0.04, 0.04, 0.041, 0.042, 0.049, 0.075, 0.166, 0.39, 0.658, 0.8, 0.845, 0.856, 0.859, 0.86, 0.86, 0.86, 0.86, 0.86, 0.86, 0.86, 0.86, 0.86, 0.86, 0.86, 0.86, 0.86, 0.86, 0.86, 0.86, 0.86, 0.86, 0.86, 0.86, 0.86, 0.86, 0.86, 0.86, 0.86, 0.86, 0.86, 0.86, 0.86, 0.86, 0.86, 0.86, 0.86, 0.86, 0.86, 0.86, 0.86, 0.86, 0.86, 0.86, 0.86, 0.86, 0.86, 0.86]","[0.011, 0.021]","[1.0, 1.0, 0.15, 0.03]",1.0,1.0,0.15,0.03
2023-06-09,4,104,907,['Bpod5'],708,349,359,397,300,588,319,269,315,268,109,22,87,0.8305084745762712,0.9140401146131805,0.7493036211699164,697,341,356,389,244,145,0.6146095717884131,0.48333333333333334,299,149,150,0.37531486146095716,0.5,0.8436154949784792,0.9354838709677419,0.7556179775280899,0.8436154949784792,-0.17986589343965198,0.8097686375321337,0.8963210702341137,-0.08655243270197999,0.5489714525608732,0.4376574307304786,11,8,3,0.015536723163841809,0.022922636103151862,0.008356545961002786,599,320,279,1497.5,800.0,697.5,0,0,0,0,0.0,0.22795649717514155,"psych_curve(xdata=array([-70.,  70.]), ydata=[0.062, 0.784], fit=[0.06, 0.06, 0.06, 0.06, 0.06, 0.06, 0.06, 0.06, 0.06, 0.06, 0.06, 0.06, 0.06, 0.06, 0.06, 0.06, 0.06, 0.06, 0.06, 0.06, 0.06, 0.06, 0.06, 0.06, 0.06, 0.06, 0.06, 0.06, 0.06, 0.06, 0.06, 0.06, 0.06, 0.06, 0.06, 0.06, 0.06, 0.06, 0.06, 0.06, 0.06, 0.06, 0.06, 0.06, 0.06, 0.06, 0.062, 0.068, 0.09, 0.171, 0.368, 0.603, 0.727, 0.766, 0.777, 0.779, 0.78, 0.78, 0.78, 0.78, 0.78, 0.78, 0.78, 0.78, 0.78, 0.78, 0.78, 0.78, 0.78, 0.78, 0.78, 0.78, 0.78, 0.78, 0.78, 0.78, 0.78, 0.78, 0.78, 0.78, 0.78, 0.78, 0.78, 0.78, 0.78, 0.78, 0.78, 0.78, 0.78, 0.78, 0.78, 0.78, 0.78, 0.78, 0.78, 0.78, 0.78, 0.78, 0.78, 0.78], params=[1.0, 1.0, 0.06, 0.22], fit_error=[0.013, 0.022])",[-70.  70.],"[0.062, 0.784]","[0.06, 0.06, 0.06, 0.06, 0.06, 0.06, 0.06, 0.06, 0.06, 0.06, 0.06, 0.06, 0.06, 0.06, 0.06, 0.06, 0.06, 0.06, 0.06, 0.06, 0.06, 0.06, 0.06, 0.06, 0.06, 0.06, 0.06, 0.06, 0.06, 0.06, 0.06, 0.06, 0.06, 0.06, 0.06, 0.06, 0.06, 0.06, 0.06, 0.06, 0.06, 0.06, 0.06, 0.06, 0.06, 0.06, 0.062, 0.068, 0.09, 0.171, 0.368, 0.603, 0.727, 0.766, 0.777, 0.779, 0.78, 0.78, 0.78, 0.78, 0.78, 0.78, 0.78, 0.78, 0.78, 0.78, 0.78, 0.78, 0.78, 0.78, 0.78, 0.78, 0.78, 0.78, 0.78, 0.78, 0.78, 0.78, 0.78, 0.78, 0.78, 0.78, 0.78, 0.78, 0.78, 0.78, 0.78, 0.78, 0.78, 0.78, 0.78, 0.78, 0.78, 0.78, 0.78, 0.78, 0.78, 0.78, 0.78, 0.78]","[0.013, 0.022]","[1.0, 1.0, 0.06, 0.22]",1.0,1.0,0.06,0.22,"psych_curve(xdata=array([-70.,  70.]), ydata=[0.206, 0.927], fit=[nan, nan, nan, nan, nan, nan, nan, nan, nan, nan, nan, nan, nan, nan, nan, nan, nan, nan, nan, nan, nan, nan, nan, nan, nan, nan, nan, nan, nan, nan, nan, nan, nan, nan, nan, nan, nan, nan, nan, nan, nan, nan, nan, nan, nan, nan, nan, nan, nan, nan, nan, nan, nan, nan, nan, nan, nan, nan, nan, nan, nan, nan, nan, nan, nan, nan, nan, nan, nan, nan, nan, nan, nan, nan, nan, nan, nan, nan, nan, nan, nan, nan, nan, nan, nan, nan, nan, nan, nan, nan, nan, nan, nan, nan, nan, nan, nan, nan, nan, nan], params=[1.0, 1.0, 0.21, 0.07], fit_error=[0.022, 0.014])",[-70.  70.],"[0.062, 0.784]","[0.06, 0.06, 0.06, 0.06, 0.06, 0.06, 0.06, 0.06, 0.06, 0.06, 0.06, 0.06, 0.06, 0.06, 0.06, 0.06, 0.06, 0.06, 0.06, 0.06, 0.06, 0.06, 0.06, 0.06, 0.06, 0.06, 0.06, 0.06, 0.06, 0.06, 0.06, 0.06, 0.06, 0.06, 0.06, 0.06, 0.06, 0.06, 0.06, 0.06, 0.06, 0.06, 0.06, 0.06, 0.06, 0.06, 0.062, 0.068, 0.09, 0.171, 0.368, 0.603, 0.727, 0.766, 0.777, 0.779, 0.78, 0.78, 0.78, 0.78, 0.78, 0.78, 0.78, 0.78, 0.78, 0.78, 0.78, 0.78, 0.78, 0.78, 0.78, 0.78, 0.78, 0.78, 0.78, 0.78, 0.78, 0.78, 0.78, 0.78, 0.78, 0.78, 0.78, 0.78, 0.78, 0.78, 0.78, 0.78, 0.78, 0.78, 0.78, 0.78, 0.78, 0.78, 0.78, 0.78, 0.78, 0.78, 0.78, 0.78]","[0.013, 0.022]","[1.0, 1.0, 0.21, 0.07]",1.0,1.0,0.21,0.07
2023-06-12,0,107,907,['Bpod5'],672,358,314,435,236,559,342,217,310,247,112,16,96,0.8318452380952381,0.9553072625698324,0.6910828025477707,671,358,313,383,291,92,0.6689655172413793,0.3898305084745763,286,143,143,0.32873563218390806,0.6059322033898306,0.8330849478390462,0.9553072625698324,0.6932907348242812,0.8330849478390462,-0.2620165277455513,0.8093994778067886,0.8636363636363636,-0.05423688582957509,0.5293980128579778,0.4673339177868693,1,0,1,0.001488095238095238,0.0,0.0031847133757961785,564,343,221,1410.0,857.5,552.5,0,0,0,0,0.0,0.3502708333333303,"psych_curve(xdata=array([-70.,  70.]), ydata=[0.042, 0.706], fit=[0.04, 0.04, 0.04, 0.04, 0.04, 0.04, 0.04, 0.04, 0.04, 0.04, 0.04, 0.04, 0.04, 0.04, 0.04, 0.04, 0.04, 0.04, 0.04, 0.04, 0.04, 0.04, 0.04, 0.04, 0.04, 0.04, 0.04, 0.04, 0.04, 0.04, 0.04, 0.04, 0.04, 0.04, 0.04, 0.04, 0.04, 0.04, 0.04, 0.04, 0.04, 0.04, 0.04, 0.04, 0.04, 0.04, 0.042, 0.047, 0.068, 0.143, 0.326, 0.545, 0.661, 0.697, 0.707, 0.709, 0.71, 0.71, 0.71, 0.71, 0.71, 0.71, 0.71, 0.71, 0.71, 0.71, 0.71, 0.71, 0.71, 0.71, 0.71, 0.71, 0.71, 0.71, 0.71, 0.71, 0.71, 0.71, 0.71, 0.71, 0.71, 0.71, 0.71, 0.71, 0.71, 0.71, 0.71, 0.71, 0.71, 0.71, 0.71, 0.71, 0.71, 0.71, 0.71, 0.71, 0.71, 0.71, 0.71, 0.71], params=[1.0, 1.0, 0.04, 0.29], fit_error=[0.011, 0.026])",[-70.  70.],"[0.042, 0.706]","[0.04, 0.04, 0.04, 0.04, 0.04, 0.04, 0.04, 0.04, 0.04, 0.04, 0.04, 0.04, 0.04, 0.04, 0.04, 0.04, 0.04, 0.04, 0.04, 0.04, 0.04, 0.04, 0.04, 0.04, 0.04, 0.04, 0.04, 0.04, 0.04, 0.04, 0.04, 0.04, 0.04, 0.04, 0.04, 0.04, 0.04, 0.04, 0.04, 0.04, 0.04, 0.04, 0.04, 0.04, 0.04, 0.04, 0.042, 0.047, 0.068, 0.143, 0.326, 0.545, 0.661, 0.697, 0.707, 0.709, 0.71, 0.71, 0.71, 0.71, 0.71, 0.71, 0.71, 0.71, 0.71, 0.71, 0.71, 0.71, 0.71, 0.71, 0.71, 0.71, 0.71, 0.71, 0.71, 0.71, 0.71, 0.71, 0.71, 0.71, 0.71, 0.71, 0.71, 0.71, 0.71, 0.71, 0.71, 0.71, 0.71, 0.71, 0.71, 0.71, 0.71, 0.71, 0.71, 0.71, 0.71, 0.71, 0.71, 0.71]","[0.011, 0.026]","[1.0, 1.0, 0.04, 0.29]",1.0,1.0,0.04,0.29,"psych_curve(xdata=array([-70.,  70.]), ydata=[0.219, 0.894], fit=[nan, nan, nan, nan, nan, nan, nan, nan, nan, nan, nan, nan, nan, nan, nan, nan, nan, nan, nan, nan, nan, nan, nan, nan, nan, nan, nan, nan, nan, nan, nan, nan, nan, nan, nan, nan, nan, nan, nan, nan, nan, nan, nan, nan, nan, nan, nan, nan, nan, nan, nan, nan, nan, nan, nan, nan, nan, nan, nan, nan, nan, nan, nan, nan, nan, nan, nan, nan, nan, nan, nan, nan, nan, nan, nan, nan, nan, nan, nan, nan, nan, nan, nan, nan, nan, nan, nan, nan, nan, nan, nan, nan, nan, nan, nan, nan, nan, nan, nan, nan], params=[1.0, 1.0, 0.22, 0.11], fit_error=[0.023, 0.016])",[-70.  70.],"[0.042, 0.706]","[0.04, 0.04, 0.04, 0.04, 0.04, 0.04, 0.04, 0.04, 0.04, 0.04, 0.04, 0.04, 0.04, 0.04, 0.04, 0.04, 0.04, 0.04, 0.04, 0.04, 0.04, 0.04, 0.04, 0.04, 0.04, 0.04, 0.04, 0.04, 0.04, 0.04, 0.04, 0.04, 0.04, 0.04, 0.04, 0.04, 0.04, 0.04, 0.04, 0.04, 0.04, 0.04, 0.04, 0.04, 0.04, 0.04, 0.042, 0.047, 0.068, 0.143, 0.326, 0.545, 0.661, 0.697, 0.707, 0.709, 0.71, 0.71, 0.71, 0.71, 0.71, 0.71, 0.71, 0.71, 0.71, 0.71, 0.71, 0.71, 0.71, 0.71, 0.71, 0.71, 0.71, 0.71, 0.71, 0.71, 0.71, 0.71, 0.71, 0.71, 0.71, 0.71, 0.71, 0.71, 0.71, 0.71, 0.71, 0.71, 0.71, 0.71, 0.71, 0.71, 0.71, 0.71, 0.71, 0.71, 0.71, 0.71, 0.71, 0.71]","[0.011, 0.026]","[1.0, 1.0, 0.22, 0.11]",1.0,1.0,0.22,0.11
2023-06-13,1,108,907,['Bpod5'],715,366,349,418,286,573,324,249,325,241,131,33,98,0.8013986013986014,0.8852459016393442,0.7134670487106017,704,357,347,419,274,145,0.6555023923444976,0.506993006993007,274,136,138,0.3253588516746411,0.4825174825174825,0.8139204545454546,0.907563025210084,0.7175792507204611,0.8139204545454546,-0.1899837744896229,0.7756563245823389,0.8795620437956204,-0.10390571921328151,0.5812476996687523,0.4039381670960618,11,9,2,0.015384615384615385,0.02459016393442623,0.0057306590257879654,585,328,257,1462.5,820.0,642.5,0,0,0,0,0.0,0.46853426573426393,"psych_curve(xdata=array([-70.,  70.]), ydata=[0.081, 0.741], fit=[0.08, 0.08, 0.08, 0.08, 0.08, 0.08, 0.08, 0.08, 0.08, 0.08, 0.08, 0.08, 0.08, 0.08, 0.08, 0.08, 0.08, 0.08, 0.08, 0.08, 0.08, 0.08, 0.08, 0.08, 0.08, 0.08, 0.08, 0.08, 0.08, 0.08, 0.08, 0.08, 0.08, 0.08, 0.08, 0.08, 0.08, 0.08, 0.08, 0.08, 0.08, 0.08, 0.08, 0.08, 0.08, 0.08, 0.082, 0.087, 0.108, 0.181, 0.362, 0.578, 0.692, 0.728, 0.737, 0.739, 0.74, 0.74, 0.74, 0.74, 0.74, 0.74, 0.74, 0.74, 0.74, 0.74, 0.74, 0.74, 0.74, 0.74, 0.74, 0.74, 0.74, 0.74, 0.74, 0.74, 0.74, 0.74, 0.74, 0.74, 0.74, 0.74, 0.74, 0.74, 0.74, 0.74, 0.74, 0.74, 0.74, 0.74, 0.74, 0.74, 0.74, 0.74, 0.74, 0.74, 0.74, 0.74, 0.74, 0.74], params=[1.0, 1.0, 0.08, 0.26], fit_error=[0.014, 0.024])",[-70.  70.],"[0.081, 0.741]","[0.08, 0.08, 0.08, 0.08, 0.08, 0.08, 0.08, 0.08, 0.08, 0.08, 0.08, 0.08, 0.08, 0.08, 0.08, 0.08, 0.08, 0.08, 0.08, 0.08, 0.08, 0.08, 0.08, 0.08, 0.08, 0.08, 0.08, 0.08, 0.08, 0.08, 0.08, 0.08, 0.08, 0.08, 0.08, 0.08, 0.08, 0.08, 0.08, 0.08, 0.08, 0.08, 0.08, 0.08, 0.08, 0.08, 0.082, 0.087, 0.108, 0.181, 0.362, 0.578, 0.692, 0.728, 0.737, 0.739, 0.74, 0.74, 0.74, 0.74, 0.74, 0.74, 0.74, 0.74, 0.74, 0.74, 0.74, 0.74, 0.74, 0.74, 0.74, 0.74, 0.74, 0.74, 0.74, 0.74, 0.74, 0.74, 0.74, 0.74, 0.74, 0.74, 0.74, 0.74, 0.74, 0.74, 0.74, 0.74, 0.74, 0.74, 0.74, 0.74, 0.74, 0.74, 0.74, 0.74, 0.74, 0.74, 0.74, 0.74]","[0.014, 0.024]","[1.0, 1.0, 0.08, 0.26]",1.0,1.0,0.08,0.26,"psych_curve(xdata=array([-70.,  70.]), ydata=[0.267, 0.932], fit=[nan, nan, nan, nan, nan, nan, nan, nan, nan, nan, nan, nan, nan, nan, nan, nan, nan, nan, nan, nan, nan, nan, nan, nan, nan, nan, nan, nan, nan, nan, nan, nan, nan, nan, nan, nan, nan, nan, nan, nan, nan, nan, nan, nan, nan, nan, nan, nan, nan, nan, nan, nan, nan, nan, nan, nan, nan, nan, nan, nan, nan, nan, nan, nan, nan, nan, nan, nan, nan, nan, nan, nan, nan, nan, nan, nan, nan, nan, nan, nan, nan, nan, nan, nan, nan, nan, nan, nan, nan, nan, nan, nan, nan, nan, nan, nan, nan, nan, nan, nan], params=[1.0, 1.0, 0.27, 0.07], fit_error=[0.024, 0.013])",[-70.  70.],"[0.081, 0.741]","[0.08, 0.08, 0.08, 0.08, 0.08, 0.08, 0.08, 0.08, 0.08, 0.08, 0.08, 0.08, 0.08, 0.08, 0.08, 0.08, 0.08, 0.08, 0.08, 0.08, 0.08, 0.08, 0.08, 0.08, 0.08, 0.08, 0.08, 0.08, 0.08, 0.08, 0.08, 0.08, 0.08, 0.08, 0.08, 0.08, 0.08, 0.08, 0.08, 0.08, 0.08, 0.08, 0.08, 0.08, 0.08, 0.08, 0.082, 0.087, 0.108, 0.181, 0.362, 0.578, 0.692, 0.728, 0.737, 0.739, 0.74, 0.74, 0.74, 0.74, 0.74, 0.74, 0.74, 0.74, 0.74, 0.74, 0.74, 0.74, 0.74, 0.74, 0.74, 0.74, 0.74, 0.74, 0.74, 0.74, 0.74, 0.74, 0.74, 0.74, 0.74, 0.74, 0.74, 0.74, 0.74, 0.74, 0.74, 0.74, 0.74, 0.74, 0.74, 0.74, 0.74, 0.74, 0.74, 0.74, 0.74, 0.74, 0.74, 0.74]","[0.014, 0.024]","[1.0, 1.0, 0.27, 0.07]",1.0,1.0,0.27,0.07
2023-06-14,2,109,907,['Bpod5'],437,223,214,248,187,344,189,155,187,157,91,32,59,0.7871853546910755,0.8475336322869955,0.7242990654205608,435,221,214,246,153,93,0.6169354838709677,0.49732620320855614,187,94,93,0.3790322580645161,0.49732620320855614,0.7908045977011494,0.8552036199095022,0.7242990654205608,0.870253164556962,-0.13090455448894145,0.7601626016260162,0.839572192513369,-0.07940959088735278,0.5571308435397619,0.43817923063653613,2,2,0,0.004576659038901602,0.008968609865470852,0.0,350,192,158,875.0,480.0,395.0,0,0,0,0,0.33260869565217405,0.47712128146453087,"psych_curve(xdata=array([-70.,  -8.,  -4.,  -2.,   0.,   2.,   4.,   8.,  70.]), ydata=[0.105, 0.0, 0.188, 0.28, 0.286, 0.083, 0.5, 0.5, 0.883], fit=[0.07, 0.07, 0.07, 0.07, 0.07, 0.07, 0.07, 0.07, 0.07, 0.07, 0.07, 0.07, 0.07, 0.07, 0.07, 0.07, 0.07, 0.07, 0.07, 0.07, 0.07, 0.07, 0.07, 0.07, 0.07, 0.07, 0.07, 0.07, 0.07, 0.071, 0.071, 0.071, 0.071, 0.072, 0.073, 0.073, 0.075, 0.076, 0.078, 0.081, 0.084, 0.088, 0.094, 0.102, 0.112, 0.124, 0.141, 0.161, 0.187, 0.218, 0.255, 0.299, 0.348, 0.401, 0.458, 0.515, 0.57, 0.622, 0.669, 0.71, 0.745, 0.774, 0.798, 0.816, 0.831, 0.843, 0.851, 0.858, 0.864, 0.868, 0.871, 0.873, 0.875, 0.876, 0.877, 0.878, 0.878, 0.879, 0.879, 0.879, 0.879, 0.88, 0.88, 0.88, 0.88, 0.88, 0.88, 0.88, 0.88, 0.88, 0.88, 0.88, 0.88, 0.88, 0.88, 0.88, 0.88, 0.88, 0.88, 0.88], params=[0.2, 6.79, 0.07, 0.12], fit_error=[0.024, 0.0, 0.101, 0.092, 0.125, 0.083, 0.109, 0.129, 0.026])",[-70.  -8.  -4.  -2.   0.   2.   4.   8.  70.],"[0.105, 0.0, 0.188, 0.28, 0.286, 0.083, 0.5, 0.5, 0.883]","[0.07, 0.07, 0.07, 0.07, 0.07, 0.07, 0.07, 0.07, 0.07, 0.07, 0.07, 0.07, 0.07, 0.07, 0.07, 0.07, 0.07, 0.07, 0.07, 0.07, 0.07, 0.07, 0.07, 0.07, 0.07, 0.07, 0.07, 0.07, 0.07, 0.071, 0.071, 0.071, 0.071, 0.072, 0.073, 0.073, 0.075, 0.076, 0.078, 0.081, 0.084, 0.088, 0.094, 0.102, 0.112, 0.124, 0.141, 0.161, 0.187, 0.218, 0.255, 0.299, 0.348, 0.401, 0.458, 0.515, 0.57, 0.622, 0.669, 0.71, 0.745, 0.774, 0.798, 0.816, 0.831, 0.843, 0.851, 0.858, 0.864, 0.868, 0.871, 0.873, 0.875, 0.876, 0.877, 0.878, 0.878, 0.879, 0.879, 0.879, 0.879, 0.88, 0.88, 0.88, 0.88, 0.88, 0.88, 0.88, 0.88, 0.88, 0.88, 0.88, 0.88, 0.88, 0.88, 0.88, 0.88, 0.88, 0.88, 0.88]","[0.024, 0.0, 0.101, 0.092, 0.125, 0.083, 0.109, 0.129, 0.026]","[0.2, 6.79, 0.07, 0.12]",0.2,6.79,0.07,0.12,"psych_curve(xdata=array([-70.,  -8.,  -4.,  -2.,   0.,   2.,   4.,   8.,  70.]), ydata=[0.165, 0.375, 0.579, 0.5, 0.643, 0.526, 0.842, 0.857, 0.942], fit=[nan, nan, nan, nan, nan, nan, nan, nan, nan, nan, nan, nan, nan, nan, nan, nan, nan, nan, nan, nan, nan, nan, nan, nan, nan, nan, nan, nan, nan, nan, nan, nan, nan, nan, nan, nan, nan, nan, nan, nan, nan, nan, nan, nan, nan, nan, nan, nan, nan, nan, nan, nan, nan, nan, nan, nan, nan, nan, nan, nan, nan, nan, nan, nan, nan, nan, nan, nan, nan, nan, nan, nan, nan, nan, nan, nan, nan, nan, nan, nan, nan, nan, nan, nan, nan, nan, nan, nan, nan, nan, nan, nan, nan, nan, nan, nan, nan, nan, nan, nan], params=[0.16, -1.79, 0.17, 0.04], fit_error=[0.03, 0.125, 0.116, 0.121, 0.133, 0.118, 0.086, 0.097, 0.019])",[-70.  -8.  -4.  -2.   0.   2.   4.   8.  70.],"[0.105, 0.0, 0.188, 0.28, 0.286, 0.083, 0.5, 0.5, 0.883]","[0.07, 0.07, 0.07, 0.07, 0.07, 0.07, 0.07, 0.07, 0.07, 0.07, 0.07, 0.07, 0.07, 0.07, 0.07, 0.07, 0.07, 0.07, 0.07, 0.07, 0.07, 0.07, 0.07, 0.07, 0.07, 0.07, 0.07, 0.07, 0.07, 0.071, 0.071, 0.071, 0.071, 0.072, 0.073, 0.073, 0.075, 0.076, 0.078, 0.081, 0.084, 0.088, 0.094, 0.102, 0.112, 0.124, 0.141, 0.161, 0.187, 0.218, 0.255, 0.299, 0.348, 0.401, 0.458, 0.515, 0.57, 0.622, 0.669, 0.71, 0.745, 0.774, 0.798, 0.816, 0.831, 0.843, 0.851, 0.858, 0.864, 0.868, 0.871, 0.873, 0.875, 0.876, 0.877, 0.878, 0.878, 0.879, 0.879, 0.879, 0.879, 0.88, 0.88, 0.88, 0.88, 0.88, 0.88, 0.88, 0.88, 0.88, 0.88, 0.88, 0.88, 0.88, 0.88, 0.88, 0.88, 0.88, 0.88, 0.88]","[0.024, 0.0, 0.101, 0.092, 0.125, 0.083, 0.109, 0.129, 0.026]","[0.16, -1.79, 0.17, 0.04]",0.16,-1.79,0.17,0.04
2023-06-15,3,110,907,['Bpod5'],540,284,256,347,193,422,252,170,239,182,118,32,86,0.7814814814814814,0.8873239436619719,0.6640625,540,284,256,322,238,84,0.6858789625360231,0.43523316062176165,217,109,108,0.31412103746397696,0.5595854922279793,0.7814814814814814,0.8873239436619719,0.6640625,0.8717105263157895,-0.22326144366197187,0.7422360248447205,0.8387096774193549,-0.09647365257463436,0.5605560615788924,0.4368532648459781,0,0,0,0.0,0.0,0.0,431,261,170,1077.5,652.5,425.0,0,0,0,0,0.5833333333333334,0.4999999999999999,"psych_curve(xdata=array([-70.,  -8.,  -4.,  -2.,   0.,   2.,   4.,   8.,  70.]), ydata=[0.07, 0.033, 0.097, 0.125, 0.152, 0.265, 0.414, 0.613, 0.87], fit=[0.05, 0.05, 0.05, 0.05, 0.05, 0.05, 0.05, 0.05, 0.05, 0.05, 0.05, 0.05, 0.05, 0.05, 0.05, 0.05, 0.05, 0.05, 0.05, 0.05, 0.05, 0.05, 0.05, 0.05, 0.05, 0.05, 0.05, 0.05, 0.05, 0.05, 0.05, 0.05, 0.05, 0.05, 0.05, 0.05, 0.05, 0.051, 0.051, 0.051, 0.052, 0.053, 0.055, 0.058, 0.063, 0.07, 0.081, 0.098, 0.124, 0.16, 0.211, 0.277, 0.358, 0.449, 0.541, 0.625, 0.695, 0.749, 0.789, 0.816, 0.835, 0.847, 0.856, 0.861, 0.864, 0.866, 0.868, 0.868, 0.869, 0.869, 0.87, 0.87, 0.87, 0.87, 0.87, 0.87, 0.87, 0.87, 0.87, 0.87, 0.87, 0.87, 0.87, 0.87, 0.87, 0.87, 0.87, 0.87, 0.87, 0.87, 0.87, 0.87, 0.87, 0.87, 0.87, 0.87, 0.87, 0.87, 0.87, 0.87], params=[0.32, 5.12, 0.05, 0.13], fit_error=[0.02, 0.033, 0.054, 0.048, 0.063, 0.077, 0.093, 0.089, 0.028])",[-70.  -8.  -4.  -2.   0.   2.   4.   8.  70.],"[0.07, 0.033, 0.097, 0.125, 0.152, 0.265, 0.414, 0.613, 0.87]","[0.05, 0.05, 0.05, 0.05, 0.05, 0.05, 0.05, 0.05, 0.05, 0.05, 0.05, 0.05, 0.05, 0.05, 0.05, 0.05, 0.05, 0.05, 0.05, 0.05, 0.05, 0.05, 0.05, 0.05, 0.05, 0.05, 0.05, 0.05, 0.05, 0.05, 0.05, 0.05, 0.05, 0.05, 0.05, 0.05, 0.05, 0.051, 0.051, 0.051, 0.052, 0.053, 0.055, 0.058, 0.063, 0.07, 0.081, 0.098, 0.124, 0.16, 0.211, 0.277, 0.358, 0.449, 0.541, 0.625, 0.695, 0.749, 0.789, 0.816, 0.835, 0.847, 0.856, 0.861, 0.864, 0.866, 0.868, 0.868, 0.869, 0.869, 0.87, 0.87, 0.87, 0.87, 0.87, 0.87, 0.87, 0.87, 0.87, 0.87, 0.87, 0.87, 0.87, 0.87, 0.87, 0.87, 0.87, 0.87, 0.87, 0.87, 0.87, 0.87, 0.87, 0.87, 0.87, 0.87, 0.87, 0.87, 0.87, 0.87]","[0.02, 0.033, 0.054, 0.048, 0.063, 0.077, 0.093, 0.089, 0.028]","[0.32, 5.12, 0.05, 0.13]",0.32,5.12,0.05,0.13,"psych_curve(xdata=array([-70.,  -8.,  -4.,  -2.,   0.,   2.,   4.,   8.,  70.]), ydata=[0.142, 0.345, 0.536, 0.622, 0.727, 0.822, 0.844, 0.906, 0.95], fit=[nan, nan, nan, nan, nan, nan, nan, nan, nan, nan, nan, nan, nan, nan, nan, nan, nan, nan, nan, nan, nan, nan, nan, nan, nan, nan, nan, nan, nan, nan, nan, nan, nan, nan, nan, nan, nan, nan, nan, nan, nan, nan, nan, nan, nan, nan, nan, nan, nan, nan, nan, nan, nan, nan, nan, nan, nan, nan, nan, nan, nan, nan, nan, nan, nan, nan, nan, nan, nan, nan, nan, nan, nan, nan, nan, nan, nan, nan, nan, nan, nan, nan, nan, nan, nan, nan, nan, nan, nan, nan, nan, nan, nan, nan, nan, nan, nan, nan, nan, nan], params=[0.26, -3.75, 0.14, 0.05], fit_error=[0.028, 0.09, 0.096, 0.081, 0.079, 0.058, 0.065, 0.052, 0.018])",[-70.  -8.  -4.  -2.   0.   2.   4.   8.  70.],"[0.07, 0.033, 0.097, 0.125, 0.152, 0.265, 0.414, 0.613, 0.87]","[0.05, 0.05, 0.05, 0.05, 0.05, 0.05, 0.05, 0.05, 0.05, 0.05, 0.05, 0.05, 0.05, 0.05, 0.05, 0.05, 0.05, 0.05, 0.05, 0.05, 0.05, 0.05, 0.05, 0.05, 0.05, 0.05, 0.05, 0.05, 0.05, 0.05, 0.05, 0.05, 0.05, 0.05, 0.05, 0.05, 0.05, 0.051, 0.051, 0.051, 0.052, 0.053, 0.055, 0.058, 0.063, 0.07, 0.081, 0.098, 0.124, 0.16, 0.211, 0.277, 0.358, 0.449, 0.541, 0.625, 0.695, 0.749, 0.789, 0.816, 0.835, 0.847, 0.856, 0.861, 0.864, 0.866, 0.868, 0.868, 0.869, 0.869, 0.87, 0.87, 0.87, 0.87, 0.87, 0.87, 0.87, 0.87, 0.87, 0.87, 0.87, 0.87, 0.87, 0.87, 0.87, 0.87, 0.87, 0.87, 0.87, 0.87, 0.87, 0.87, 0.87, 0.87, 0.87, 0.87, 0.87, 0.87, 0.87, 0.87]","[0.02, 0.033, 0.054, 0.048, 0.063, 0.077, 0.093, 0.089, 0.028]","[0.26, -3.75, 0.14, 0.05]",0.26,-3.75,0.14,0.05
2023-06-16,4,111,907,['Bpod5'],599,318,281,409,187,442,289,153,260,180,154,28,126,0.7378964941569283,0.9088050314465409,0.5444839857651246,596,317,279,368,294,74,0.7188264058679706,0.39572192513368987,225,113,112,0.2762836185819071,0.5989304812834224,0.7416107382550335,0.9116719242902208,0.5483870967741935,0.8403614457831325,-0.3632848275160273,0.7065217391304348,0.8,-0.09347826086956523,0.5572741655008302,0.43760704993266475,3,1,2,0.005008347245409015,0.0031446540880503146,0.0071174377224199285,450,290,160,1125.0,725.0,400.0,0,0,0,0,0.5765442404006672,0.5,"psych_curve(xdata=array([-70.,  -8.,  -4.,  -2.,   0.,   2.,   4.,   8.,  70.]), ydata=[0.049, 0.037, 0.087, 0.225, 0.273, 0.256, 0.362, 0.531, 0.745], fit=[0.03, 0.03, 0.03, 0.03, 0.03, 0.03, 0.03, 0.03, 0.03, 0.03, 0.03, 0.03, 0.03, 0.03, 0.03, 0.03, 0.03, 0.03, 0.03, 0.03, 0.03, 0.03, 0.03, 0.03, 0.03, 0.03, 0.03, 0.03, 0.03, 0.03, 0.031, 0.031, 0.031, 0.032, 0.032, 0.033, 0.034, 0.036, 0.038, 0.04, 0.044, 0.049, 0.056, 0.065, 0.076, 0.092, 0.112, 0.137, 0.169, 0.207, 0.251, 0.301, 0.354, 0.41, 0.463, 0.514, 0.559, 0.598, 0.63, 0.656, 0.676, 0.692, 0.704, 0.713, 0.72, 0.726, 0.729, 0.732, 0.734, 0.736, 0.737, 0.738, 0.738, 0.739, 0.739, 0.739, 0.74, 0.74, 0.74, 0.74, 0.74, 0.74, 0.74, 0.74, 0.74, 0.74, 0.74, 0.74, 0.74, 0.74, 0.74, 0.74, 0.74, 0.74, 0.74, 0.74, 0.74, 0.74, 0.74, 0.74], params=[0.22, 4.32, 0.03, 0.26], fit_error=[0.016, 0.037, 0.042, 0.067, 0.079, 0.071, 0.071, 0.09, 0.036])",[-70.  -8.  -4.  -2.   0.   2.   4.   8.  70.],"[0.049, 0.037, 0.087, 0.225, 0.273, 0.256, 0.362, 0.531, 0.745]","[0.03, 0.03, 0.03, 0.03, 0.03, 0.03, 0.03, 0.03, 0.03, 0.03, 0.03, 0.03, 0.03, 0.03, 0.03, 0.03, 0.03, 0.03, 0.03, 0.03, 0.03, 0.03, 0.03, 0.03, 0.03, 0.03, 0.03, 0.03, 0.03, 0.03, 0.031, 0.031, 0.031, 0.032, 0.032, 0.033, 0.034, 0.036, 0.038, 0.04, 0.044, 0.049, 0.056, 0.065, 0.076, 0.092, 0.112, 0.137, 0.169, 0.207, 0.251, 0.301, 0.354, 0.41, 0.463, 0.514, 0.559, 0.598, 0.63, 0.656, 0.676, 0.692, 0.704, 0.713, 0.72, 0.726, 0.729, 0.732, 0.734, 0.736, 0.737, 0.738, 0.738, 0.739, 0.739, 0.739, 0.74, 0.74, 0.74, 0.74, 0.74, 0.74, 0.74, 0.74, 0.74, 0.74, 0.74, 0.74, 0.74, 0.74, 0.74, 0.74, 0.74, 0.74, 0.74, 0.74, 0.74, 0.74, 0.74, 0.74]","[0.016, 0.037, 0.042, 0.067, 0.079, 0.071, 0.071, 0.09, 0.036]","[0.22, 4.32, 0.03, 0.26]",0.22,4.32,0.03,0.26,"psych_curve(xdata=array([-70.,  -8.,  -4.,  -2.,   0.,   2.,   4.,   8.,  70.]), ydata=[0.226, 0.406, 0.44, 0.737, 0.636, 0.756, 0.714, 0.923, 0.932], fit=[nan, nan, nan, nan, nan, nan, nan, nan, nan, nan, nan, nan, nan, nan, nan, nan, nan, nan, nan, nan, nan, nan, nan, nan, nan, nan, nan, nan, nan, nan, nan, nan, nan, nan, nan, nan, nan, nan, nan, nan, nan, nan, nan, nan, nan, nan, nan, nan, nan, nan, nan, nan, nan, nan, nan, nan, nan, nan, nan, nan, nan, nan, nan, nan, nan, nan, nan, nan, nan, nan, nan, nan, nan, nan, nan, nan, nan, nan, nan, nan, nan, nan, nan, nan, nan, nan, nan, nan, nan, nan, nan, nan, nan, nan, nan, nan, nan, nan, nan, nan], params=[0.21, -2.51, 0.22, 0.06], fit_error=[0.034, 0.088, 0.071, 0.072, 0.085, 0.068, 0.071, 0.053, 0.019])",[-70.  -8.  -4.  -2.   0.   2.   4.   8.  70.],"[0.049, 0.037, 0.087, 0.225, 0.273, 0.256, 0.362, 0.531, 0.745]","[0.03, 0.03, 0.03, 0.03, 0.03, 0.03, 0.03, 0.03, 0.03, 0.03, 0.03, 0.03, 0.03, 0.03, 0.03, 0.03, 0.03, 0.03, 0.03, 0.03, 0.03, 0.03, 0.03, 0.03, 0.03, 0.03, 0.03, 0.03, 0.03, 0.03, 0.031, 0.031, 0.031, 0.032, 0.032, 0.033, 0.034, 0.036, 0.038, 0.04, 0.044, 0.049, 0.056, 0.065, 0.076, 0.092, 0.112, 0.137, 0.169, 0.207, 0.251, 0.301, 0.354, 0.41, 0.463, 0.514, 0.559, 0.598, 0.63, 0.656, 0.676, 0.692, 0.704, 0.713, 0.72, 0.726, 0.729, 0.732, 0.734, 0.736, 0.737, 0.738, 0.738, 0.739, 0.739, 0.739, 0.74, 0.74, 0.74, 0.74, 0.74, 0.74, 0.74, 0.74, 0.74, 0.74, 0.74, 0.74, 0.74, 0.74, 0.74, 0.74, 0.74, 0.74, 0.74, 0.74, 0.74, 0.74, 0.74, 0.74]","[0.016, 0.037, 0.042, 0.067, 0.079, 0.071, 0.071, 0.09, 0.036]","[0.21, -2.51, 0.22, 0.06]",0.21,-2.51,0.22,0.06
2023-06-19,0,114,907,['Bpod5'],675,309,366,386,272,454,240,214,280,171,204,62,142,0.6725925925925926,0.7766990291262136,0.5846994535519126,658,302,356,430,270,160,0.6994818652849741,0.5882352941176471,220,110,110,0.2849740932642487,0.40441176470588236,0.6899696048632219,0.7947019867549668,0.601123595505618,0.7788697788697788,-0.19357839124934884,0.6511627906976745,0.7772727272727272,-0.12610993657505276,0.6438585797013106,0.34469292898506554,17,7,10,0.025185185185185185,0.022653721682847898,0.0273224043715847,464,247,217,1160.0,617.5,542.5,0,7,0,0,0.5103703703703713,0.5,"psych_curve(xdata=array([-70.,  -8.,  -4.,  -2.,   0.,   2.,   4.,   8.,  70.]), ydata=[0.131, 0.235, 0.353, 0.125, 0.229, 0.306, 0.45, 0.542, 0.745], fit=[0.19, 0.19, 0.19, 0.19, 0.19, 0.19, 0.19, 0.19, 0.19, 0.19, 0.19, 0.19, 0.19, 0.19, 0.19, 0.19, 0.19, 0.19, 0.19, 0.19, 0.19, 0.19, 0.19, 0.19, 0.19, 0.19, 0.19, 0.19, 0.19, 0.19, 0.19, 0.19, 0.19, 0.19, 0.19, 0.19, 0.19, 0.19, 0.19, 0.191, 0.191, 0.192, 0.193, 0.195, 0.197, 0.201, 0.208, 0.217, 0.232, 0.253, 0.283, 0.323, 0.374, 0.433, 0.495, 0.554, 0.605, 0.646, 0.676, 0.698, 0.712, 0.722, 0.728, 0.733, 0.735, 0.737, 0.738, 0.739, 0.739, 0.74, 0.74, 0.74, 0.74, 0.74, 0.74, 0.74, 0.74, 0.74, 0.74, 0.74, 0.74, 0.74, 0.74, 0.74, 0.74, 0.74, 0.74, 0.74, 0.74, 0.74, 0.74, 0.74, 0.74, 0.74, 0.74, 0.74, 0.74, 0.74, 0.74, 0.74], params=[0.32, 5.68, 0.19, 0.26], fit_error=[0.024, 0.074, 0.083, 0.069, 0.072, 0.078, 0.08, 0.073, 0.03])",[-70.  -8.  -4.  -2.   0.   2.   4.   8.  70.],"[0.131, 0.235, 0.353, 0.125, 0.229, 0.306, 0.45, 0.542, 0.745]","[0.19, 0.19, 0.19, 0.19, 0.19, 0.19, 0.19, 0.19, 0.19, 0.19, 0.19, 0.19, 0.19, 0.19, 0.19, 0.19, 0.19, 0.19, 0.19, 0.19, 0.19, 0.19, 0.19, 0.19, 0.19, 0.19, 0.19, 0.19, 0.19, 0.19, 0.19, 0.19, 0.19, 0.19, 0.19, 0.19, 0.19, 0.19, 0.19, 0.191, 0.191, 0.192, 0.193, 0.195, 0.197, 0.201, 0.208, 0.217, 0.232, 0.253, 0.283, 0.323, 0.374, 0.433, 0.495, 0.554, 0.605, 0.646, 0.676, 0.698, 0.712, 0.722, 0.728, 0.733, 0.735, 0.737, 0.738, 0.739, 0.739, 0.74, 0.74, 0.74, 0.74, 0.74, 0.74, 0.74, 0.74, 0.74, 0.74, 0.74, 0.74, 0.74, 0.74, 0.74, 0.74, 0.74, 0.74, 0.74, 0.74, 0.74, 0.74, 0.74, 0.74, 0.74, 0.74, 0.74, 0.74, 0.74, 0.74, 0.74]","[0.024, 0.074, 0.083, 0.069, 0.072, 0.078, 0.08, 0.073, 0.03]","[0.32, 5.68, 0.19, 0.26]",0.32,5.68,0.19,0.26,"psych_curve(xdata=array([-70.,  -8.,  -4.,  -2.,   0.,   2.,   4.,   8.,  70.]), ydata=[0.339, 0.524, 0.625, 0.6, 0.686, 0.739, 0.735, 0.8, 0.935], fit=[nan, nan, nan, nan, nan, nan, nan, nan, nan, nan, nan, nan, nan, nan, nan, nan, nan, nan, nan, nan, nan, nan, nan, nan, nan, nan, nan, nan, nan, nan, nan, nan, nan, nan, nan, nan, nan, nan, nan, nan, nan, nan, nan, nan, nan, nan, nan, nan, nan, nan, nan, nan, nan, nan, nan, nan, nan, nan, nan, nan, nan, nan, nan, nan, nan, nan, nan, nan, nan, nan, nan, nan, nan, nan, nan, nan, nan, nan, nan, nan, nan, nan, nan, nan, nan, nan, nan, nan, nan, nan, nan, nan, nan, nan, nan, nan, nan, nan, nan, nan], params=[0.13, -2.14, 0.34, 0.07], fit_error=[0.035, 0.078, 0.078, 0.084, 0.08, 0.094, 0.077, 0.064, 0.017])",[-70.  -8.  -4.  -2.   0.   2.   4.   8.  70.],"[0.131, 0.235, 0.353, 0.125, 0.229, 0.306, 0.45, 0.542, 0.745]","[0.19, 0.19, 0.19, 0.19, 0.19, 0.19, 0.19, 0.19, 0.19, 0.19, 0.19, 0.19, 0.19, 0.19, 0.19, 0.19, 0.19, 0.19, 0.19, 0.19, 0.19, 0.19, 0.19, 0.19, 0.19, 0.19, 0.19, 0.19, 0.19, 0.19, 0.19, 0.19, 0.19, 0.19, 0.19, 0.19, 0.19, 0.19, 0.19, 0.191, 0.191, 0.192, 0.193, 0.195, 0.197, 0.201, 0.208, 0.217, 0.232, 0.253, 0.283, 0.323, 0.374, 0.433, 0.495, 0.554, 0.605, 0.646, 0.676, 0.698, 0.712, 0.722, 0.728, 0.733, 0.735, 0.737, 0.738, 0.739, 0.739, 0.74, 0.74, 0.74, 0.74, 0.74, 0.74, 0.74, 0.74, 0.74, 0.74, 0.74, 0.74, 0.74, 0.74, 0.74, 0.74, 0.74, 0.74, 0.74, 0.74, 0.74, 0.74, 0.74, 0.74, 0.74, 0.74, 0.74, 0.74, 0.74, 0.74, 0.74]","[0.024, 0.074, 0.083, 0.069, 0.072, 0.078, 0.08, 0.073, 0.03]","[0.13, -2.14, 0.34, 0.07]",0.13,-2.14,0.34,0.07
2023-06-21,2,116,907,['Bpod5'],744,360,384,437,280,541,303,238,285,248,176,42,134,0.7271505376344086,0.8416666666666667,0.6197916666666666,717,345,372,401,271,130,0.620137299771167,0.4642857142857143,298,150,148,0.34324942791762014,0.5285714285714286,0.7545327754532776,0.8782608695652174,0.6397849462365591,0.8049281314168378,-0.2384759233286583,0.7107231920199502,0.8322147651006712,-0.121491573080721,0.5422115070284407,0.43591042824452436,27,15,12,0.036290322580645164,0.041666666666666664,0.03125,541,303,238,1352.5,757.5,595.0,0,0,0,0,0.42795698924731357,0.49999999999999994,"psych_curve(xdata=array([-70.,  -8.,  -4.,  -2.,   0.,   2.,   4.,   8.,  70.]), ydata=[0.103, 0.25, 0.088, 0.188, 0.167, 0.353, 0.5, 0.717, 0.714], fit=[0.15, 0.15, 0.15, 0.15, 0.15, 0.15, 0.15, 0.15, 0.15, 0.15, 0.15, 0.15, 0.15, 0.15, 0.15, 0.15, 0.15, 0.15, 0.15, 0.15, 0.15, 0.15, 0.15, 0.15, 0.15, 0.15, 0.15, 0.15, 0.15, 0.15, 0.15, 0.15, 0.15, 0.15, 0.15, 0.15, 0.15, 0.15, 0.15, 0.15, 0.15, 0.15, 0.15, 0.15, 0.15, 0.151, 0.152, 0.155, 0.163, 0.184, 0.234, 0.334, 0.472, 0.594, 0.667, 0.699, 0.712, 0.717, 0.719, 0.72, 0.72, 0.72, 0.72, 0.72, 0.72, 0.72, 0.72, 0.72, 0.72, 0.72, 0.72, 0.72, 0.72, 0.72, 0.72, 0.72, 0.72, 0.72, 0.72, 0.72, 0.72, 0.72, 0.72, 0.72, 0.72, 0.72, 0.72, 0.72, 0.72, 0.72, 0.72, 0.72, 0.72, 0.72, 0.72, 0.72, 0.72, 0.72, 0.72, 0.72], params=[0.71, 3.17, 0.15, 0.28], fit_error=[0.02, 0.09, 0.049, 0.07, 0.069, 0.083, 0.093, 0.067, 0.029])",[-70.  -8.  -4.  -2.   0.   2.   4.   8.  70.],"[0.103, 0.25, 0.088, 0.188, 0.167, 0.353, 0.5, 0.717, 0.714]","[0.15, 0.15, 0.15, 0.15, 0.15, 0.15, 0.15, 0.15, 0.15, 0.15, 0.15, 0.15, 0.15, 0.15, 0.15, 0.15, 0.15, 0.15, 0.15, 0.15, 0.15, 0.15, 0.15, 0.15, 0.15, 0.15, 0.15, 0.15, 0.15, 0.15, 0.15, 0.15, 0.15, 0.15, 0.15, 0.15, 0.15, 0.15, 0.15, 0.15, 0.15, 0.15, 0.15, 0.15, 0.15, 0.151, 0.152, 0.155, 0.163, 0.184, 0.234, 0.334, 0.472, 0.594, 0.667, 0.699, 0.712, 0.717, 0.719, 0.72, 0.72, 0.72, 0.72, 0.72, 0.72, 0.72, 0.72, 0.72, 0.72, 0.72, 0.72, 0.72, 0.72, 0.72, 0.72, 0.72, 0.72, 0.72, 0.72, 0.72, 0.72, 0.72, 0.72, 0.72, 0.72, 0.72, 0.72, 0.72, 0.72, 0.72, 0.72, 0.72, 0.72, 0.72, 0.72, 0.72, 0.72, 0.72, 0.72, 0.72]","[0.02, 0.09, 0.049, 0.07, 0.069, 0.083, 0.093, 0.067, 0.029]","[0.71, 3.17, 0.15, 0.28]",0.71,3.17,0.15,0.28,"psych_curve(xdata=array([-70.,  -8.,  -4.,  -2.,   0.,   2.,   4.,   8.,  70.]), ydata=[0.266, 0.29, 0.258, 0.633, 0.733, 0.743, 0.697, 0.784, 0.912], fit=[nan, nan, nan, nan, nan, nan, nan, nan, nan, nan, nan, nan, nan, nan, nan, nan, nan, nan, nan, nan, nan, nan, nan, nan, nan, nan, nan, nan, nan, nan, nan, nan, nan, nan, nan, nan, nan, nan, nan, nan, nan, nan, nan, nan, nan, nan, nan, nan, nan, nan, nan, nan, nan, nan, nan, nan, nan, nan, nan, nan, nan, nan, nan, nan, nan, nan, nan, nan, nan, nan, nan, nan, nan, nan, nan, nan, nan, nan, nan, nan, nan, nan, nan, nan, nan, nan, nan, nan, nan, nan, nan, nan, nan, nan, nan, nan, nan, nan, nan, nan], params=[6.1, -2.15, 0.27, 0.23], fit_error=[0.028, 0.083, 0.08, 0.089, 0.082, 0.075, 0.081, 0.069, 0.019])",[-70.  -8.  -4.  -2.   0.   2.   4.   8.  70.],"[0.103, 0.25, 0.088, 0.188, 0.167, 0.353, 0.5, 0.717, 0.714]","[0.15, 0.15, 0.15, 0.15, 0.15, 0.15, 0.15, 0.15, 0.15, 0.15, 0.15, 0.15, 0.15, 0.15, 0.15, 0.15, 0.15, 0.15, 0.15, 0.15, 0.15, 0.15, 0.15, 0.15, 0.15, 0.15, 0.15, 0.15, 0.15, 0.15, 0.15, 0.15, 0.15, 0.15, 0.15, 0.15, 0.15, 0.15, 0.15, 0.15, 0.15, 0.15, 0.15, 0.15, 0.15, 0.151, 0.152, 0.155, 0.163, 0.184, 0.234, 0.334, 0.472, 0.594, 0.667, 0.699, 0.712, 0.717, 0.719, 0.72, 0.72, 0.72, 0.72, 0.72, 0.72, 0.72, 0.72, 0.72, 0.72, 0.72, 0.72, 0.72, 0.72, 0.72, 0.72, 0.72, 0.72, 0.72, 0.72, 0.72, 0.72, 0.72, 0.72, 0.72, 0.72, 0.72, 0.72, 0.72, 0.72, 0.72, 0.72, 0.72, 0.72, 0.72, 0.72, 0.72, 0.72, 0.72, 0.72, 0.72]","[0.02, 0.09, 0.049, 0.07, 0.069, 0.083, 0.093, 0.067, 0.029]","[6.1, -2.15, 0.27, 0.23]",6.1,-2.15,0.27,0.23
2023-06-26,0,121,907,['Bpod5'],500,236,264,307,187,356,201,155,219,134,138,32,106,0.712,0.8516949152542372,0.5871212121212122,494,233,261,325,221,104,0.7198697068403909,0.5561497326203209,165,82,83,0.2671009771986971,0.44385026737967914,0.7206477732793523,0.8626609442060086,0.5938697318007663,0.8023255813953488,-0.2687912124052423,0.6738461538461539,0.8121212121212121,-0.13827505827505826,0.6380097197303558,0.3554756222891881,6,3,3,0.012,0.012711864406779662,0.011363636363636364,356,201,155,890.0,502.5,387.5,0,0,0,0,0.4200000000000007,0.49999999999999994,"psych_curve(xdata=array([-70.,  -8.,  -4.,  -2.,   0.,   2.,   4.,   8.,  70.]), ydata=[0.093, 0.5, 0.148, 0.19, 0.333, 0.292, 0.25, 0.5, 0.709], fit=[0.005, 0.007, 0.01, 0.012, 0.015, 0.017, 0.02, 0.022, 0.025, 0.027, 0.03, 0.032, 0.035, 0.038, 0.041, 0.044, 0.046, 0.049, 0.052, 0.055, 0.058, 0.061, 0.064, 0.068, 0.071, 0.074, 0.077, 0.081, 0.084, 0.087, 0.091, 0.094, 0.098, 0.102, 0.105, 0.109, 0.113, 0.116, 0.12, 0.124, 0.128, 0.132, 0.136, 0.14, 0.145, 0.149, 0.153, 0.158, 0.162, 0.167, 0.171, 0.176, 0.18, 0.185, 0.19, 0.195, 0.2, 0.205, 0.21, 0.215, 0.22, 0.225, 0.231, 0.236, 0.242, 0.247, 0.253, 0.259, 0.264, 0.27, 0.276, 0.282, 0.288, 0.295, 0.301, 0.307, 0.314, 0.32, 0.327, 0.333, 0.34, 0.347, 0.354, 0.361, 0.368, 0.376, 0.383, 0.39, 0.398, 0.406, 0.413, 0.421, 0.429, 0.437, 0.445, 0.454, 0.462, 0.471, 0.479, 0.488], params=[0.01, 381.58, -0.16, -14.1], fit_error=[0.023, 0.189, 0.07, 0.088, 0.088, 0.095, 0.09, 0.129, 0.034])",[-70.  -8.  -4.  -2.   0.   2.   4.   8.  70.],"[0.093, 0.5, 0.148, 0.19, 0.333, 0.292, 0.25, 0.5, 0.709]","[0.005, 0.007, 0.01, 0.012, 0.015, 0.017, 0.02, 0.022, 0.025, 0.027, 0.03, 0.032, 0.035, 0.038, 0.041, 0.044, 0.046, 0.049, 0.052, 0.055, 0.058, 0.061, 0.064, 0.068, 0.071, 0.074, 0.077, 0.081, 0.084, 0.087, 0.091, 0.094, 0.098, 0.102, 0.105, 0.109, 0.113, 0.116, 0.12, 0.124, 0.128, 0.132, 0.136, 0.14, 0.145, 0.149, 0.153, 0.158, 0.162, 0.167, 0.171, 0.176, 0.18, 0.185, 0.19, 0.195, 0.2, 0.205, 0.21, 0.215, 0.22, 0.225, 0.231, 0.236, 0.242, 0.247, 0.253, 0.259, 0.264, 0.27, 0.276, 0.282, 0.288, 0.295, 0.301, 0.307, 0.314, 0.32, 0.327, 0.333, 0.34, 0.347, 0.354, 0.361, 0.368, 0.376, 0.383, 0.39, 0.398, 0.406, 0.413, 0.421, 0.429, 0.437, 0.445, 0.454, 0.462, 0.471, 0.479, 0.488]","[0.023, 0.189, 0.07, 0.088, 0.088, 0.095, 0.09, 0.129, 0.034]","[0.01, 381.58, -0.16, -14.1]",0.01,381.58,-0.16,-14.1,"psych_curve(xdata=array([-70.,  -8.,  -4.,  -2.,  -0.,   2.,   4.,   8.,  70.]), ydata=[0.331, 0.667, 0.652, 0.737, 0.767, 0.731, 0.75, 0.778, 0.936], fit=[nan, nan, nan, nan, nan, nan, nan, nan, nan, nan, nan, nan, nan, nan, nan, nan, nan, nan, nan, nan, nan, nan, nan, nan, nan, nan, nan, nan, nan, nan, nan, nan, nan, nan, nan, nan, nan, nan, nan, nan, nan, nan, nan, nan, nan, nan, nan, nan, nan, nan, nan, nan, nan, nan, nan, nan, nan, nan, nan, nan, nan, nan, nan, nan, nan, nan, nan, nan, nan, nan, nan, nan, nan, nan, nan, nan, nan, nan, nan, nan, nan, nan, nan, nan, nan, nan, nan, nan, nan, nan, nan, nan, nan, nan, nan, nan, nan, nan, nan, nan], params=[0.01, -429.63, -22.42, -0.19], fit_error=[0.036, 0.126, 0.102, 0.104, 0.079, 0.089, 0.083, 0.147, 0.019])",[-70.  -8.  -4.  -2.   0.   2.   4.   8.  70.],"[0.093, 0.5, 0.148, 0.19, 0.333, 0.292, 0.25, 0.5, 0.709]","[0.005, 0.007, 0.01, 0.012, 0.015, 0.017, 0.02, 0.022, 0.025, 0.027, 0.03, 0.032, 0.035, 0.038, 0.041, 0.044, 0.046, 0.049, 0.052, 0.055, 0.058, 0.061, 0.064, 0.068, 0.071, 0.074, 0.077, 0.081, 0.084, 0.087, 0.091, 0.094, 0.098, 0.102, 0.105, 0.109, 0.113, 0.116, 0.12, 0.124, 0.128, 0.132, 0.136, 0.14, 0.145, 0.149, 0.153, 0.158, 0.162, 0.167, 0.171, 0.176, 0.18, 0.185, 0.19, 0.195, 0.2, 0.205, 0.21, 0.215, 0.22, 0.225, 0.231, 0.236, 0.242, 0.247, 0.253, 0.259, 0.264, 0.27, 0.276, 0.282, 0.288, 0.295, 0.301, 0.307, 0.314, 0.32, 0.327, 0.333, 0.34, 0.347, 0.354, 0.361, 0.368, 0.376, 0.383, 0.39, 0.398, 0.406, 0.413, 0.421, 0.429, 0.437, 0.445, 0.454, 0.462, 0.471, 0.479, 0.488]","[0.023, 0.189, 0.07, 0.088, 0.088, 0.095, 0.09, 0.129, 0.034]","[0.01, -429.63, -22.42, -0.19]",0.01,-429.63,-22.42,-0.19
2023-06-27,1,122,907,['Bpod5'],724,360,364,389,313,488,263,225,309,169,214,88,126,0.6740331491712708,0.7305555555555555,0.6181318681318682,702,351,351,462,262,200,0.6735218508997429,0.6389776357827476,221,111,110,0.2853470437017995,0.3514376996805112,0.6951566951566952,0.7492877492877493,0.6410256410256411,0.742914979757085,-0.10826210826210825,0.6688311688311688,0.7647058823529411,-0.09587471352177235,0.6562497433412453,0.3183923716911553,22,9,13,0.03038674033149171,0.025,0.03571428571428571,488,263,225,1220.0,657.5,562.5,0,0,0,0,0.37458563535911815,0.5,"psych_curve(xdata=array([-70.,  -8.,  -4.,  -2.,   0.,   2.,   4.,   8.,  70.]), ydata=[0.224, 0.214, 0.333, 0.361, 0.292, 0.485, 0.444, 0.636, 0.709], fit=[0.22, 0.22, 0.22, 0.22, 0.22, 0.22, 0.22, 0.22, 0.22, 0.22, 0.22, 0.22, 0.22, 0.22, 0.22, 0.22, 0.22, 0.22, 0.22, 0.22, 0.22, 0.22, 0.22, 0.22, 0.22, 0.22, 0.22, 0.22, 0.22, 0.22, 0.22, 0.22, 0.22, 0.22, 0.221, 0.221, 0.221, 0.222, 0.223, 0.224, 0.226, 0.229, 0.233, 0.239, 0.247, 0.257, 0.272, 0.292, 0.318, 0.35, 0.389, 0.432, 0.478, 0.523, 0.565, 0.601, 0.631, 0.655, 0.673, 0.687, 0.696, 0.703, 0.708, 0.712, 0.714, 0.716, 0.717, 0.718, 0.719, 0.719, 0.719, 0.72, 0.72, 0.72, 0.72, 0.72, 0.72, 0.72, 0.72, 0.72, 0.72, 0.72, 0.72, 0.72, 0.72, 0.72, 0.72, 0.72, 0.72, 0.72, 0.72, 0.72, 0.72, 0.72, 0.72, 0.72, 0.72, 0.72, 0.72, 0.72], params=[0.26, 3.3, 0.22, 0.28], fit_error=[0.026, 0.079, 0.092, 0.081, 0.095, 0.088, 0.097, 0.085, 0.029])",[-70.  -8.  -4.  -2.   0.   2.   4.   8.  70.],"[0.224, 0.214, 0.333, 0.361, 0.292, 0.485, 0.444, 0.636, 0.709]","[0.22, 0.22, 0.22, 0.22, 0.22, 0.22, 0.22, 0.22, 0.22, 0.22, 0.22, 0.22, 0.22, 0.22, 0.22, 0.22, 0.22, 0.22, 0.22, 0.22, 0.22, 0.22, 0.22, 0.22, 0.22, 0.22, 0.22, 0.22, 0.22, 0.22, 0.22, 0.22, 0.22, 0.22, 0.221, 0.221, 0.221, 0.222, 0.223, 0.224, 0.226, 0.229, 0.233, 0.239, 0.247, 0.257, 0.272, 0.292, 0.318, 0.35, 0.389, 0.432, 0.478, 0.523, 0.565, 0.601, 0.631, 0.655, 0.673, 0.687, 0.696, 0.703, 0.708, 0.712, 0.714, 0.716, 0.717, 0.718, 0.719, 0.719, 0.719, 0.72, 0.72, 0.72, 0.72, 0.72, 0.72, 0.72, 0.72, 0.72, 0.72, 0.72, 0.72, 0.72, 0.72, 0.72, 0.72, 0.72, 0.72, 0.72, 0.72, 0.72, 0.72, 0.72, 0.72, 0.72, 0.72, 0.72, 0.72, 0.72]","[0.026, 0.079, 0.092, 0.081, 0.095, 0.088, 0.097, 0.085, 0.029]","[0.26, 3.3, 0.22, 0.28]",0.26,3.3,0.22,0.28,"psych_curve(xdata=array([-70.,  -8.,  -4.,  -2.,   0.,   2.,   4.,   8.,  70.]), ydata=[0.411, 0.457, 0.621, 0.688, 0.625, 0.784, 0.773, 0.923, 0.883], fit=[nan, nan, nan, nan, nan, nan, nan, nan, nan, nan, nan, nan, nan, nan, nan, nan, nan, nan, nan, nan, nan, nan, nan, nan, nan, nan, nan, nan, nan, nan, nan, nan, nan, nan, nan, nan, nan, nan, nan, nan, nan, nan, nan, nan, nan, nan, nan, nan, nan, nan, nan, nan, nan, nan, nan, nan, nan, nan, nan, nan, nan, nan, nan, nan, nan, nan, nan, nan, nan, nan, nan, nan, nan, nan, nan, nan, nan, nan, nan, nan, nan, nan, nan, nan, nan, nan, nan, nan, nan, nan, nan, nan, nan, nan, nan, nan, nan, nan, nan, nan], params=[0.25, -1.58, 0.41, 0.09], fit_error=[0.034, 0.085, 0.092, 0.083, 0.101, 0.069, 0.091, 0.053, 0.02])",[-70.  -8.  -4.  -2.   0.   2.   4.   8.  70.],"[0.224, 0.214, 0.333, 0.361, 0.292, 0.485, 0.444, 0.636, 0.709]","[0.22, 0.22, 0.22, 0.22, 0.22, 0.22, 0.22, 0.22, 0.22, 0.22, 0.22, 0.22, 0.22, 0.22, 0.22, 0.22, 0.22, 0.22, 0.22, 0.22, 0.22, 0.22, 0.22, 0.22, 0.22, 0.22, 0.22, 0.22, 0.22, 0.22, 0.22, 0.22, 0.22, 0.22, 0.221, 0.221, 0.221, 0.222, 0.223, 0.224, 0.226, 0.229, 0.233, 0.239, 0.247, 0.257, 0.272, 0.292, 0.318, 0.35, 0.389, 0.432, 0.478, 0.523, 0.565, 0.601, 0.631, 0.655, 0.673, 0.687, 0.696, 0.703, 0.708, 0.712, 0.714, 0.716, 0.717, 0.718, 0.719, 0.719, 0.719, 0.72, 0.72, 0.72, 0.72, 0.72, 0.72, 0.72, 0.72, 0.72, 0.72, 0.72, 0.72, 0.72, 0.72, 0.72, 0.72, 0.72, 0.72, 0.72, 0.72, 0.72, 0.72, 0.72, 0.72, 0.72, 0.72, 0.72, 0.72, 0.72]","[0.026, 0.079, 0.092, 0.081, 0.095, 0.088, 0.097, 0.085, 0.029]","[0.25, -1.58, 0.41, 0.09]",0.25,-1.58,0.41,0.09
2023-06-28,2,123,907,['Bpod5'],659,327,332,408,238,416,250,166,250,164,230,72,158,0.6312594840667678,0.764525993883792,0.5,646,322,324,426,296,130,0.7254901960784313,0.5462184873949579,216,108,108,0.2647058823529412,0.453781512605042,0.6439628482972136,0.7763975155279503,0.5123456790123457,0.705607476635514,-0.2640518365156046,0.5868544600938967,0.7592592592592593,-0.17240479916536255,0.6358543417366946,0.3592436974789916,13,5,8,0.019726858877086494,0.01529051987767584,0.024096385542168676,416,250,166,1040.0,625.0,415.0,0,0,0,0,0.4198027314112296,0.5,"psych_curve(xdata=array([-70.,  -8.,  -4.,  -2.,   0.,   2.,   4.,   8.,  70.]), ydata=[0.195, 0.293, 0.381, 0.189, 0.222, 0.323, 0.389, 0.4, 0.606], fit=[0.22, 0.22, 0.22, 0.22, 0.22, 0.22, 0.22, 0.22, 0.22, 0.22, 0.22, 0.22, 0.22, 0.22, 0.22, 0.22, 0.22, 0.22, 0.22, 0.22, 0.22, 0.22, 0.22, 0.221, 0.221, 0.221, 0.221, 0.221, 0.221, 0.222, 0.222, 0.223, 0.223, 0.224, 0.225, 0.226, 0.227, 0.229, 0.231, 0.233, 0.235, 0.239, 0.243, 0.247, 0.253, 0.259, 0.266, 0.275, 0.285, 0.297, 0.31, 0.324, 0.34, 0.357, 0.375, 0.394, 0.413, 0.432, 0.451, 0.469, 0.487, 0.503, 0.517, 0.531, 0.542, 0.553, 0.562, 0.57, 0.576, 0.582, 0.587, 0.591, 0.594, 0.597, 0.599, 0.601, 0.603, 0.604, 0.605, 0.606, 0.607, 0.607, 0.608, 0.608, 0.608, 0.609, 0.609, 0.609, 0.609, 0.609, 0.61, 0.61, 0.61, 0.61, 0.61, 0.61, 0.61, 0.61, 0.61, 0.61], params=[0.14, 9.34, 0.22, 0.39], fit_error=[0.027, 0.072, 0.109, 0.065, 0.082, 0.085, 0.082, 0.1, 0.034])",[-70.  -8.  -4.  -2.   0.   2.   4.   8.  70.],"[0.195, 0.293, 0.381, 0.189, 0.222, 0.323, 0.389, 0.4, 0.606]","[0.22, 0.22, 0.22, 0.22, 0.22, 0.22, 0.22, 0.22, 0.22, 0.22, 0.22, 0.22, 0.22, 0.22, 0.22, 0.22, 0.22, 0.22, 0.22, 0.22, 0.22, 0.22, 0.22, 0.221, 0.221, 0.221, 0.221, 0.221, 0.221, 0.222, 0.222, 0.223, 0.223, 0.224, 0.225, 0.226, 0.227, 0.229, 0.231, 0.233, 0.235, 0.239, 0.243, 0.247, 0.253, 0.259, 0.266, 0.275, 0.285, 0.297, 0.31, 0.324, 0.34, 0.357, 0.375, 0.394, 0.413, 0.432, 0.451, 0.469, 0.487, 0.503, 0.517, 0.531, 0.542, 0.553, 0.562, 0.57, 0.576, 0.582, 0.587, 0.591, 0.594, 0.597, 0.599, 0.601, 0.603, 0.604, 0.605, 0.606, 0.607, 0.607, 0.608, 0.608, 0.608, 0.609, 0.609, 0.609, 0.609, 0.609, 0.61, 0.61, 0.61, 0.61, 0.61, 0.61, 0.61, 0.61, 0.61, 0.61]","[0.027, 0.072, 0.109, 0.065, 0.082, 0.085, 0.082, 0.1, 0.034]","[0.14, 9.34, 0.22, 0.39]",0.14,9.34,0.22,0.39,"psych_curve(xdata=array([-70.,  -8.,  -4.,  -2.,  -0.,   2.,   4.,   8.,  70.]), ydata=[0.434, 0.629, 0.703, 0.586, 0.741, 0.718, 0.789, 0.839, 0.863], fit=[nan, nan, nan, nan, nan, nan, nan, nan, nan, nan, nan, nan, nan, nan, nan, nan, nan, nan, nan, nan, nan, nan, nan, nan, nan, nan, nan, nan, nan, nan, nan, nan, nan, nan, nan, nan, nan, nan, nan, nan, nan, nan, nan, nan, nan, nan, nan, nan, nan, nan, nan, nan, nan, nan, nan, nan, nan, nan, nan, nan, nan, nan, nan, nan, nan, nan, nan, nan, nan, nan, nan, nan, nan, nan, nan, nan, nan, nan, nan, nan, nan, nan, nan, nan, nan, nan, nan, nan, nan, nan, nan, nan, nan, nan, nan, nan, nan, nan, nan, nan], params=[0.13, -4.19, 0.44, 0.12], fit_error=[0.033, 0.083, 0.076, 0.093, 0.086, 0.073, 0.096, 0.067, 0.024])",[-70.  -8.  -4.  -2.   0.   2.   4.   8.  70.],"[0.195, 0.293, 0.381, 0.189, 0.222, 0.323, 0.389, 0.4, 0.606]","[0.22, 0.22, 0.22, 0.22, 0.22, 0.22, 0.22, 0.22, 0.22, 0.22, 0.22, 0.22, 0.22, 0.22, 0.22, 0.22, 0.22, 0.22, 0.22, 0.22, 0.22, 0.22, 0.22, 0.221, 0.221, 0.221, 0.221, 0.221, 0.221, 0.222, 0.222, 0.223, 0.223, 0.224, 0.225, 0.226, 0.227, 0.229, 0.231, 0.233, 0.235, 0.239, 0.243, 0.247, 0.253, 0.259, 0.266, 0.275, 0.285, 0.297, 0.31, 0.324, 0.34, 0.357, 0.375, 0.394, 0.413, 0.432, 0.451, 0.469, 0.487, 0.503, 0.517, 0.531, 0.542, 0.553, 0.562, 0.57, 0.576, 0.582, 0.587, 0.591, 0.594, 0.597, 0.599, 0.601, 0.603, 0.604, 0.605, 0.606, 0.607, 0.607, 0.608, 0.608, 0.608, 0.609, 0.609, 0.609, 0.609, 0.609, 0.61, 0.61, 0.61, 0.61, 0.61, 0.61, 0.61, 0.61, 0.61, 0.61]","[0.027, 0.072, 0.109, 0.065, 0.082, 0.085, 0.082, 0.1, 0.034]","[0.13, -4.19, 0.44, 0.12]",0.13,-4.19,0.44,0.12
2023-06-29,3,124,907,['Bpod5'],517,250,267,277,239,337,174,163,184,152,179,76,103,0.6518375241779497,0.696,0.6104868913857678,516,250,266,303,171,132,0.6173285198555957,0.5523012552301255,212,106,106,0.38267148014440433,0.4435146443514644,0.6531007751937985,0.696,0.6127819548872181,0.6810344827586207,-0.08321804511278186,0.6072607260726073,0.7169811320754716,-0.10972040600286437,0.5848148875428606,0.4130930622479344,1,0,1,0.0019342359767891683,0.0,0.003745318352059925,337,174,163,842.5,435.0,407.5,0,0,0,0,0.5,0.5,"psych_curve(xdata=array([-70.,  -8.,  -4.,  -2.,   0.,   2.,   4.,   8.,  70.]), ydata=[0.245, 0.323, 0.474, 0.478, 0.542, 0.522, 0.556, 0.714, 0.616], fit=[0.24, 0.24, 0.24, 0.24, 0.24, 0.24, 0.24, 0.24, 0.24, 0.24, 0.24, 0.24, 0.24, 0.24, 0.24, 0.24, 0.24, 0.24, 0.24, 0.24, 0.24, 0.24, 0.24, 0.24, 0.24, 0.24, 0.24, 0.24, 0.24, 0.241, 0.241, 0.241, 0.242, 0.243, 0.244, 0.246, 0.248, 0.252, 0.256, 0.263, 0.272, 0.284, 0.3, 0.321, 0.346, 0.376, 0.41, 0.446, 0.481, 0.515, 0.545, 0.57, 0.591, 0.606, 0.618, 0.627, 0.634, 0.638, 0.642, 0.644, 0.646, 0.647, 0.648, 0.649, 0.649, 0.649, 0.65, 0.65, 0.65, 0.65, 0.65, 0.65, 0.65, 0.65, 0.65, 0.65, 0.65, 0.65, 0.65, 0.65, 0.65, 0.65, 0.65, 0.65, 0.65, 0.65, 0.65, 0.65, 0.65, 0.65, 0.65, 0.65, 0.65, 0.65, 0.65, 0.65, 0.65, 0.65, 0.65, 0.65], params=[0.25, -3.56, 0.24, 0.35], fit_error=[0.034, 0.085, 0.118, 0.106, 0.104, 0.106, 0.097, 0.101, 0.036])",[-70.  -8.  -4.  -2.   0.   2.   4.   8.  70.],"[0.245, 0.323, 0.474, 0.478, 0.542, 0.522, 0.556, 0.714, 0.616]","[0.24, 0.24, 0.24, 0.24, 0.24, 0.24, 0.24, 0.24, 0.24, 0.24, 0.24, 0.24, 0.24, 0.24, 0.24, 0.24, 0.24, 0.24, 0.24, 0.24, 0.24, 0.24, 0.24, 0.24, 0.24, 0.24, 0.24, 0.24, 0.24, 0.241, 0.241, 0.241, 0.242, 0.243, 0.244, 0.246, 0.248, 0.252, 0.256, 0.263, 0.272, 0.284, 0.3, 0.321, 0.346, 0.376, 0.41, 0.446, 0.481, 0.515, 0.545, 0.57, 0.591, 0.606, 0.618, 0.627, 0.634, 0.638, 0.642, 0.644, 0.646, 0.647, 0.648, 0.649, 0.649, 0.649, 0.65, 0.65, 0.65, 0.65, 0.65, 0.65, 0.65, 0.65, 0.65, 0.65, 0.65, 0.65, 0.65, 0.65, 0.65, 0.65, 0.65, 0.65, 0.65, 0.65, 0.65, 0.65, 0.65, 0.65, 0.65, 0.65, 0.65, 0.65, 0.65, 0.65, 0.65, 0.65, 0.65, 0.65]","[0.034, 0.085, 0.118, 0.106, 0.104, 0.106, 0.097, 0.101, 0.036]","[0.25, -3.56, 0.24, 0.35]",0.25,-3.56,0.24,0.35,"psych_curve(xdata=array([-70.,  -8.,  -4.,  -2.,   0.,   2.,   4.,   8.,  70.]), ydata=[0.413, 0.455, 0.52, 0.517, 0.583, 0.588, 0.619, 0.8, 0.785], fit=[nan, nan, nan, nan, nan, nan, nan, nan, nan, nan, nan, nan, nan, nan, nan, nan, nan, nan, nan, nan, nan, nan, nan, nan, nan, nan, nan, nan, nan, nan, nan, nan, nan, nan, nan, nan, nan, nan, nan, nan, nan, nan, nan, nan, nan, nan, nan, nan, nan, nan, nan, nan, nan, nan, nan, nan, nan, nan, nan, nan, nan, nan, nan, nan, nan, nan, nan, nan, nan, nan, nan, nan, nan, nan, nan, nan, nan, nan, nan, nan, nan, nan, nan, nan, nan, nan, nan, nan, nan, nan, nan, nan, nan, nan, nan, nan, nan, nan, nan, nan], params=[0.27, 2.24, 0.43, 0.19], fit_error=[0.036, 0.109, 0.102, 0.094, 0.103, 0.123, 0.109, 0.074, 0.032])",[-70.  -8.  -4.  -2.   0.   2.   4.   8.  70.],"[0.245, 0.323, 0.474, 0.478, 0.542, 0.522, 0.556, 0.714, 0.616]","[0.24, 0.24, 0.24, 0.24, 0.24, 0.24, 0.24, 0.24, 0.24, 0.24, 0.24, 0.24, 0.24, 0.24, 0.24, 0.24, 0.24, 0.24, 0.24, 0.24, 0.24, 0.24, 0.24, 0.24, 0.24, 0.24, 0.24, 0.24, 0.24, 0.241, 0.241, 0.241, 0.242, 0.243, 0.244, 0.246, 0.248, 0.252, 0.256, 0.263, 0.272, 0.284, 0.3, 0.321, 0.346, 0.376, 0.41, 0.446, 0.481, 0.515, 0.545, 0.57, 0.591, 0.606, 0.618, 0.627, 0.634, 0.638, 0.642, 0.644, 0.646, 0.647, 0.648, 0.649, 0.649, 0.649, 0.65, 0.65, 0.65, 0.65, 0.65, 0.65, 0.65, 0.65, 0.65, 0.65, 0.65, 0.65, 0.65, 0.65, 0.65, 0.65, 0.65, 0.65, 0.65, 0.65, 0.65, 0.65, 0.65, 0.65, 0.65, 0.65, 0.65, 0.65, 0.65, 0.65, 0.65, 0.65, 0.65, 0.65]","[0.034, 0.085, 0.118, 0.106, 0.104, 0.106, 0.097, 0.101, 0.036]","[0.27, 2.24, 0.43, 0.19]",0.27,2.24,0.43,0.19
2023-06-30,4,125,907,['Bpod5'],765,350,415,565,188,475,315,160,298,175,278,28,250,0.6209150326797386,0.9,0.3855421686746988,753,343,410,528,451,77,0.7982300884955752,0.4095744680851064,222,111,111,0.19646017699115045,0.5904255319148937,0.6308100929614874,0.9183673469387755,0.3902439024390244,0.6817204301075269,-0.5281234444997511,0.5643939393939394,0.7882882882882883,-0.2238943488943489,0.6039022782903408,0.3934428544530221,12,7,5,0.01568627450980392,0.02,0.012048192771084338,475,315,160,1187.5,787.5,400.0,0,0,0,0,0.5,0.5,"psych_curve(xdata=array([-70.,  -8.,  -4.,  -2.,   0.,   2.,   4.,   8.,  70.]), ydata=[0.062, 0.062, 0.108, 0.125, 0.3, 0.317, 0.25, 0.391, 0.442], fit=[0.04, 0.04, 0.04, 0.04, 0.04, 0.04, 0.04, 0.04, 0.04, 0.04, 0.04, 0.04, 0.04, 0.04, 0.04, 0.04, 0.04, 0.04, 0.04, 0.04, 0.04, 0.04, 0.04, 0.04, 0.04, 0.04, 0.04, 0.04, 0.04, 0.04, 0.04, 0.04, 0.04, 0.04, 0.041, 0.041, 0.041, 0.042, 0.043, 0.045, 0.047, 0.05, 0.055, 0.062, 0.073, 0.087, 0.107, 0.133, 0.165, 0.202, 0.242, 0.281, 0.317, 0.347, 0.37, 0.388, 0.401, 0.41, 0.417, 0.421, 0.424, 0.426, 0.427, 0.428, 0.429, 0.429, 0.429, 0.43, 0.43, 0.43, 0.43, 0.43, 0.43, 0.43, 0.43, 0.43, 0.43, 0.43, 0.43, 0.43, 0.43, 0.43, 0.43, 0.43, 0.43, 0.43, 0.43, 0.43, 0.43, 0.43, 0.43, 0.43, 0.43, 0.43, 0.43, 0.43, 0.43, 0.43, 0.43, 0.43], params=[0.29, 0.46, 0.04, 0.57], fit_error=[0.016, 0.043, 0.052, 0.059, 0.073, 0.074, 0.056, 0.073, 0.032])",[-70.  -8.  -4.  -2.   0.   2.   4.   8.  70.],"[0.062, 0.062, 0.108, 0.125, 0.3, 0.317, 0.25, 0.391, 0.442]","[0.04, 0.04, 0.04, 0.04, 0.04, 0.04, 0.04, 0.04, 0.04, 0.04, 0.04, 0.04, 0.04, 0.04, 0.04, 0.04, 0.04, 0.04, 0.04, 0.04, 0.04, 0.04, 0.04, 0.04, 0.04, 0.04, 0.04, 0.04, 0.04, 0.04, 0.04, 0.04, 0.04, 0.04, 0.041, 0.041, 0.041, 0.042, 0.043, 0.045, 0.047, 0.05, 0.055, 0.062, 0.073, 0.087, 0.107, 0.133, 0.165, 0.202, 0.242, 0.281, 0.317, 0.347, 0.37, 0.388, 0.401, 0.41, 0.417, 0.421, 0.424, 0.426, 0.427, 0.428, 0.429, 0.429, 0.429, 0.43, 0.43, 0.43, 0.43, 0.43, 0.43, 0.43, 0.43, 0.43, 0.43, 0.43, 0.43, 0.43, 0.43, 0.43, 0.43, 0.43, 0.43, 0.43, 0.43, 0.43, 0.43, 0.43, 0.43, 0.43, 0.43, 0.43, 0.43, 0.43, 0.43, 0.43, 0.43, 0.43]","[0.016, 0.043, 0.052, 0.059, 0.073, 0.074, 0.056, 0.073, 0.032]","[0.29, 0.46, 0.04, 0.57]",0.29,0.46,0.04,0.57,"psych_curve(xdata=array([-70.,  -8.,  -4.,  -2.,  -0.,   2.,   4.,   8.,  70.]), ydata=[0.504, 0.615, 0.732, 0.619, 0.725, 0.8, 0.805, 0.846, 0.887], fit=[nan, nan, nan, nan, nan, nan, nan, nan, nan, nan, nan, nan, nan, nan, nan, nan, nan, nan, nan, nan, nan, nan, nan, nan, nan, nan, nan, nan, nan, nan, nan, nan, nan, nan, nan, nan, nan, nan, nan, nan, nan, nan, nan, nan, nan, nan, nan, nan, nan, nan, nan, nan, nan, nan, nan, nan, nan, nan, nan, nan, nan, nan, nan, nan, nan, nan, nan, nan, nan, nan, nan, nan, nan, nan, nan, nan, nan, nan, nan, nan, nan, nan, nan, nan, nan, nan, nan, nan, nan, nan, nan, nan, nan, nan, nan, nan, nan, nan, nan, nan], params=[0.18, -2.21, 0.51, 0.11], fit_error=[0.032, 0.079, 0.06, 0.076, 0.071, 0.074, 0.063, 0.059, 0.021])",[-70.  -8.  -4.  -2.   0.   2.   4.   8.  70.],"[0.062, 0.062, 0.108, 0.125, 0.3, 0.317, 0.25, 0.391, 0.442]","[0.04, 0.04, 0.04, 0.04, 0.04, 0.04, 0.04, 0.04, 0.04, 0.04, 0.04, 0.04, 0.04, 0.04, 0.04, 0.04, 0.04, 0.04, 0.04, 0.04, 0.04, 0.04, 0.04, 0.04, 0.04, 0.04, 0.04, 0.04, 0.04, 0.04, 0.04, 0.04, 0.04, 0.04, 0.041, 0.041, 0.041, 0.042, 0.043, 0.045, 0.047, 0.05, 0.055, 0.062, 0.073, 0.087, 0.107, 0.133, 0.165, 0.202, 0.242, 0.281, 0.317, 0.347, 0.37, 0.388, 0.401, 0.41, 0.417, 0.421, 0.424, 0.426, 0.427, 0.428, 0.429, 0.429, 0.429, 0.43, 0.43, 0.43, 0.43, 0.43, 0.43, 0.43, 0.43, 0.43, 0.43, 0.43, 0.43, 0.43, 0.43, 0.43, 0.43, 0.43, 0.43, 0.43, 0.43, 0.43, 0.43, 0.43, 0.43, 0.43, 0.43, 0.43, 0.43, 0.43, 0.43, 0.43, 0.43, 0.43]","[0.016, 0.043, 0.052, 0.059, 0.073, 0.074, 0.056, 0.073, 0.032]","[0.18, -2.21, 0.51, 0.11]",0.18,-2.21,0.51,0.11
2023-07-03,0,128,907,['Bpod5'],689,341,348,390,280,462,256,206,263,188,208,74,134,0.6705370101596516,0.750733137829912,0.5919540229885057,670,330,340,419,258,161,0.6615384615384615,0.575,236,119,117,0.30512820512820515,0.41785714285714287,0.6895522388059702,0.7757575757575758,0.6058823529411764,0.7375886524822695,-0.16987522281639933,0.6276849642004774,0.7966101694915254,-0.16892520529104804,0.6182692307692308,0.36149267399267404,19,11,8,0.027576197387518143,0.03225806451612903,0.022988505747126436,462,256,206,1155.0,640.0,515.0,0,0,0,0,0.5,0.5,"psych_curve(xdata=array([-70.,  -8.,  -4.,  -2.,   0.,   2.,   4.,   8.,  70.]), ydata=[0.206, 0.243, 0.286, 0.119, 0.359, 0.417, 0.485, 0.562, 0.688], fit=[0.21, 0.21, 0.21, 0.21, 0.21, 0.21, 0.21, 0.21, 0.21, 0.21, 0.21, 0.21, 0.21, 0.21, 0.21, 0.21, 0.21, 0.21, 0.21, 0.21, 0.21, 0.21, 0.21, 0.21, 0.21, 0.21, 0.21, 0.21, 0.21, 0.21, 0.21, 0.21, 0.21, 0.21, 0.21, 0.21, 0.21, 0.21, 0.21, 0.21, 0.211, 0.211, 0.212, 0.214, 0.216, 0.221, 0.229, 0.242, 0.262, 0.294, 0.338, 0.394, 0.455, 0.514, 0.562, 0.598, 0.622, 0.637, 0.647, 0.652, 0.655, 0.657, 0.658, 0.659, 0.659, 0.66, 0.66, 0.66, 0.66, 0.66, 0.66, 0.66, 0.66, 0.66, 0.66, 0.66, 0.66, 0.66, 0.66, 0.66, 0.66, 0.66, 0.66, 0.66, 0.66, 0.66, 0.66, 0.66, 0.66, 0.66, 0.66, 0.66, 0.66, 0.66, 0.66, 0.66, 0.66, 0.66, 0.66, 0.66], params=[0.39, 3.07, 0.21, 0.34], fit_error=[0.029, 0.072, 0.087, 0.051, 0.078, 0.083, 0.088, 0.089, 0.031])",[-70.  -8.  -4.  -2.   0.   2.   4.   8.  70.],"[0.206, 0.243, 0.286, 0.119, 0.359, 0.417, 0.485, 0.562, 0.688]","[0.21, 0.21, 0.21, 0.21, 0.21, 0.21, 0.21, 0.21, 0.21, 0.21, 0.21, 0.21, 0.21, 0.21, 0.21, 0.21, 0.21, 0.21, 0.21, 0.21, 0.21, 0.21, 0.21, 0.21, 0.21, 0.21, 0.21, 0.21, 0.21, 0.21, 0.21, 0.21, 0.21, 0.21, 0.21, 0.21, 0.21, 0.21, 0.21, 0.21, 0.211, 0.211, 0.212, 0.214, 0.216, 0.221, 0.229, 0.242, 0.262, 0.294, 0.338, 0.394, 0.455, 0.514, 0.562, 0.598, 0.622, 0.637, 0.647, 0.652, 0.655, 0.657, 0.658, 0.659, 0.659, 0.66, 0.66, 0.66, 0.66, 0.66, 0.66, 0.66, 0.66, 0.66, 0.66, 0.66, 0.66, 0.66, 0.66, 0.66, 0.66, 0.66, 0.66, 0.66, 0.66, 0.66, 0.66, 0.66, 0.66, 0.66, 0.66, 0.66, 0.66, 0.66, 0.66, 0.66, 0.66, 0.66, 0.66, 0.66]","[0.029, 0.072, 0.087, 0.051, 0.078, 0.083, 0.088, 0.089, 0.031]","[0.39, 3.07, 0.21, 0.34]",0.39,3.07,0.21,0.34,"psych_curve(xdata=array([-70.,  -8.,  -4.,  -2.,  -0.,   2.,   4.,   8.,  70.]), ydata=[0.409, 0.469, 0.5, 0.488, 0.667, 0.824, 0.75, 0.771, 0.896], fit=[nan, nan, nan, nan, nan, nan, nan, nan, nan, nan, nan, nan, nan, nan, nan, nan, nan, nan, nan, nan, nan, nan, nan, nan, nan, nan, nan, nan, nan, nan, nan, nan, nan, nan, nan, nan, nan, nan, nan, nan, nan, nan, nan, nan, nan, nan, nan, nan, nan, nan, nan, nan, nan, nan, nan, nan, nan, nan, nan, nan, nan, nan, nan, nan, nan, nan, nan, nan, nan, nan, nan, nan, nan, nan, nan, nan, nan, nan, nan, nan, nan, nan, nan, nan, nan, nan, nan, nan, nan, nan, nan, nan, nan, nan, nan, nan, nan, nan, nan, nan], params=[1.48, -0.27, 0.46, 0.19], fit_error=[0.034, 0.09, 0.087, 0.079, 0.076, 0.066, 0.09, 0.072, 0.022])",[-70.  -8.  -4.  -2.   0.   2.   4.   8.  70.],"[0.206, 0.243, 0.286, 0.119, 0.359, 0.417, 0.485, 0.562, 0.688]","[0.21, 0.21, 0.21, 0.21, 0.21, 0.21, 0.21, 0.21, 0.21, 0.21, 0.21, 0.21, 0.21, 0.21, 0.21, 0.21, 0.21, 0.21, 0.21, 0.21, 0.21, 0.21, 0.21, 0.21, 0.21, 0.21, 0.21, 0.21, 0.21, 0.21, 0.21, 0.21, 0.21, 0.21, 0.21, 0.21, 0.21, 0.21, 0.21, 0.21, 0.211, 0.211, 0.212, 0.214, 0.216, 0.221, 0.229, 0.242, 0.262, 0.294, 0.338, 0.394, 0.455, 0.514, 0.562, 0.598, 0.622, 0.637, 0.647, 0.652, 0.655, 0.657, 0.658, 0.659, 0.659, 0.66, 0.66, 0.66, 0.66, 0.66, 0.66, 0.66, 0.66, 0.66, 0.66, 0.66, 0.66, 0.66, 0.66, 0.66, 0.66, 0.66, 0.66, 0.66, 0.66, 0.66, 0.66, 0.66, 0.66, 0.66, 0.66, 0.66, 0.66, 0.66, 0.66, 0.66, 0.66, 0.66, 0.66, 0.66]","[0.029, 0.072, 0.087, 0.051, 0.078, 0.083, 0.088, 0.089, 0.031]","[1.48, -0.27, 0.46, 0.19]",1.48,-0.27,0.46,0.19
2023-07-04,1,129,907,['Bpod5'],650,344,306,440,194,435,290,145,246,184,199,49,150,0.6692307692307692,0.8430232558139535,0.4738562091503268,634,339,295,357,296,61,0.6727272727272727,0.31443298969072164,266,133,133,0.30227272727272725,0.6855670103092784,0.6861198738170347,0.855457227138643,0.4915254237288136,0.7487437185929648,-0.36393180340982945,0.6890756302521008,0.6917293233082706,-0.0026536930561698036,0.4935801312089972,0.4939198687910028,16,5,11,0.024615384615384615,0.014534883720930232,0.03594771241830065,435,290,145,1087.5,725.0,362.5,0,0,0,0,0.5,0.5,"psych_curve(xdata=array([-70.,  -8.,  -4.,  -2.,   0.,   2.,   4.,   8.,  70.]), ydata=[0.066, 0.188, 0.206, 0.243, 0.512, 0.4, 0.423, 0.361, 0.54], fit=[0.15, 0.15, 0.15, 0.15, 0.15, 0.15, 0.15, 0.15, 0.15, 0.15, 0.15, 0.15, 0.15, 0.15, 0.15, 0.15, 0.15, 0.15, 0.15, 0.15, 0.15, 0.15, 0.15, 0.15, 0.15, 0.15, 0.15, 0.15, 0.15, 0.15, 0.15, 0.15, 0.15, 0.15, 0.15, 0.15, 0.15, 0.15, 0.15, 0.15, 0.15, 0.15, 0.15, 0.15, 0.15, 0.15, 0.15, 0.15, 0.198, 0.45, 0.45, 0.45, 0.45, 0.45, 0.45, 0.45, 0.45, 0.45, 0.45, 0.45, 0.45, 0.45, 0.45, 0.45, 0.45, 0.45, 0.45, 0.45, 0.45, 0.45, 0.45, 0.45, 0.45, 0.45, 0.45, 0.45, 0.45, 0.45, 0.45, 0.45, 0.45, 0.45, 0.45, 0.45, 0.45, 0.45, 0.45, 0.45, 0.45, 0.45, 0.45, 0.45, 0.45, 0.45, 0.45, 0.45, 0.45, 0.45, 0.45, 0.45], params=[7.22, -1.89, 0.15, 0.55], fit_error=[0.017, 0.07, 0.07, 0.072, 0.079, 0.091, 0.099, 0.081, 0.037])",[-70.  -8.  -4.  -2.   0.   2.   4.   8.  70.],"[0.066, 0.188, 0.206, 0.243, 0.512, 0.4, 0.423, 0.361, 0.54]","[0.15, 0.15, 0.15, 0.15, 0.15, 0.15, 0.15, 0.15, 0.15, 0.15, 0.15, 0.15, 0.15, 0.15, 0.15, 0.15, 0.15, 0.15, 0.15, 0.15, 0.15, 0.15, 0.15, 0.15, 0.15, 0.15, 0.15, 0.15, 0.15, 0.15, 0.15, 0.15, 0.15, 0.15, 0.15, 0.15, 0.15, 0.15, 0.15, 0.15, 0.15, 0.15, 0.15, 0.15, 0.15, 0.15, 0.15, 0.15, 0.198, 0.45, 0.45, 0.45, 0.45, 0.45, 0.45, 0.45, 0.45, 0.45, 0.45, 0.45, 0.45, 0.45, 0.45, 0.45, 0.45, 0.45, 0.45, 0.45, 0.45, 0.45, 0.45, 0.45, 0.45, 0.45, 0.45, 0.45, 0.45, 0.45, 0.45, 0.45, 0.45, 0.45, 0.45, 0.45, 0.45, 0.45, 0.45, 0.45, 0.45, 0.45, 0.45, 0.45, 0.45, 0.45, 0.45, 0.45, 0.45, 0.45, 0.45, 0.45]","[0.017, 0.07, 0.07, 0.072, 0.079, 0.091, 0.099, 0.081, 0.037]","[7.22, -1.89, 0.15, 0.55]",7.22,-1.89,0.15,0.55,"psych_curve(xdata=array([-70.,  -8.,  -4.,  -2.,   0.,   2.,   4.,   8.,  70.]), ydata=[0.311, 0.5, 0.333, 0.548, 0.585, 0.706, 0.611, 0.7, 0.816], fit=[nan, nan, nan, nan, nan, nan, nan, nan, nan, nan, nan, nan, nan, nan, nan, nan, nan, nan, nan, nan, nan, nan, nan, nan, nan, nan, nan, nan, nan, nan, nan, nan, nan, nan, nan, nan, nan, nan, nan, nan, nan, nan, nan, nan, nan, nan, nan, nan, nan, nan, nan, nan, nan, nan, nan, nan, nan, nan, nan, nan, nan, nan, nan, nan, nan, nan, nan, nan, nan, nan, nan, nan, nan, nan, nan, nan, nan, nan, nan, nan, nan, nan, nan, nan, nan, nan, nan, nan, nan, nan, nan, nan, nan, nan, nan, nan, nan, nan, nan, nan], params=[0.18, -0.11, 0.32, 0.19], fit_error=[0.034, 0.085, 0.098, 0.091, 0.078, 0.079, 0.082, 0.085, 0.027])",[-70.  -8.  -4.  -2.   0.   2.   4.   8.  70.],"[0.066, 0.188, 0.206, 0.243, 0.512, 0.4, 0.423, 0.361, 0.54]","[0.15, 0.15, 0.15, 0.15, 0.15, 0.15, 0.15, 0.15, 0.15, 0.15, 0.15, 0.15, 0.15, 0.15, 0.15, 0.15, 0.15, 0.15, 0.15, 0.15, 0.15, 0.15, 0.15, 0.15, 0.15, 0.15, 0.15, 0.15, 0.15, 0.15, 0.15, 0.15, 0.15, 0.15, 0.15, 0.15, 0.15, 0.15, 0.15, 0.15, 0.15, 0.15, 0.15, 0.15, 0.15, 0.15, 0.15, 0.15, 0.198, 0.45, 0.45, 0.45, 0.45, 0.45, 0.45, 0.45, 0.45, 0.45, 0.45, 0.45, 0.45, 0.45, 0.45, 0.45, 0.45, 0.45, 0.45, 0.45, 0.45, 0.45, 0.45, 0.45, 0.45, 0.45, 0.45, 0.45, 0.45, 0.45, 0.45, 0.45, 0.45, 0.45, 0.45, 0.45, 0.45, 0.45, 0.45, 0.45, 0.45, 0.45, 0.45, 0.45, 0.45, 0.45, 0.45, 0.45, 0.45, 0.45, 0.45, 0.45]","[0.017, 0.07, 0.07, 0.072, 0.079, 0.091, 0.099, 0.081, 0.037]","[0.18, -0.11, 0.32, 0.19]",0.18,-0.11,0.32,0.19
2023-07-05,2,130,907,['Bpod5'],353,186,167,245,96,243,163,80,120,122,98,16,82,0.6883852691218131,0.8763440860215054,0.47904191616766467,341,179,162,182,165,17,0.673469387755102,0.17708333333333334,158,79,79,0.3224489795918367,0.8229166666666666,0.7126099706744868,0.9106145251396648,0.49382716049382713,0.7566371681415929,-0.41678736464583765,0.6593406593406593,0.7721518987341772,-0.11281123939351789,0.4252763605442177,0.5726828231292517,12,7,5,0.0339943342776204,0.03763440860215054,0.029940119760479042,243,163,80,607.5,407.5,200.0,0,0,0,0,0.5,0.5,"psych_curve(xdata=array([-70.,  -8.,  -4.,  -2.,   0.,   2.,   4.,   8.,  70.]), ydata=[0.059, 0.25, 0.133, 0.0, 0.312, 0.45, 0.154, 0.5, 0.556], fit=[0.11, 0.11, 0.11, 0.11, 0.11, 0.11, 0.11, 0.11, 0.11, 0.11, 0.11, 0.11, 0.11, 0.11, 0.11, 0.11, 0.11, 0.11, 0.11, 0.11, 0.11, 0.11, 0.11, 0.11, 0.11, 0.11, 0.11, 0.11, 0.11, 0.11, 0.11, 0.11, 0.11, 0.11, 0.11, 0.11, 0.111, 0.111, 0.112, 0.112, 0.113, 0.115, 0.117, 0.121, 0.126, 0.133, 0.143, 0.158, 0.178, 0.204, 0.236, 0.275, 0.318, 0.363, 0.405, 0.442, 0.473, 0.498, 0.516, 0.53, 0.539, 0.546, 0.55, 0.553, 0.556, 0.557, 0.558, 0.559, 0.559, 0.559, 0.56, 0.56, 0.56, 0.56, 0.56, 0.56, 0.56, 0.56, 0.56, 0.56, 0.56, 0.56, 0.56, 0.56, 0.56, 0.56, 0.56, 0.56, 0.56, 0.56, 0.56, 0.56, 0.56, 0.56, 0.56, 0.56, 0.56, 0.56, 0.56, 0.56], params=[0.28, 4.07, 0.11, 0.44], fit_error=[0.022, 0.099, 0.091, 0.0, 0.12, 0.114, 0.104, 0.151, 0.048])",[-70.  -8.  -4.  -2.   0.   2.   4.   8.  70.],"[0.059, 0.25, 0.133, 0.0, 0.312, 0.45, 0.154, 0.5, 0.556]","[0.11, 0.11, 0.11, 0.11, 0.11, 0.11, 0.11, 0.11, 0.11, 0.11, 0.11, 0.11, 0.11, 0.11, 0.11, 0.11, 0.11, 0.11, 0.11, 0.11, 0.11, 0.11, 0.11, 0.11, 0.11, 0.11, 0.11, 0.11, 0.11, 0.11, 0.11, 0.11, 0.11, 0.11, 0.11, 0.11, 0.111, 0.111, 0.112, 0.112, 0.113, 0.115, 0.117, 0.121, 0.126, 0.133, 0.143, 0.158, 0.178, 0.204, 0.236, 0.275, 0.318, 0.363, 0.405, 0.442, 0.473, 0.498, 0.516, 0.53, 0.539, 0.546, 0.55, 0.553, 0.556, 0.557, 0.558, 0.559, 0.559, 0.559, 0.56, 0.56, 0.56, 0.56, 0.56, 0.56, 0.56, 0.56, 0.56, 0.56, 0.56, 0.56, 0.56, 0.56, 0.56, 0.56, 0.56, 0.56, 0.56, 0.56, 0.56, 0.56, 0.56, 0.56, 0.56, 0.56, 0.56, 0.56, 0.56, 0.56]","[0.022, 0.099, 0.091, 0.0, 0.12, 0.114, 0.104, 0.151, 0.048]","[0.28, 4.07, 0.11, 0.44]",0.28,4.07,0.11,0.44,"psych_curve(xdata=array([-70.,  -8.,  -4.,  -2.,  -0.,   2.,   4.,   8.,  70.]), ydata=[0.304, 0.385, 0.583, 0.28, 0.562, 0.714, 0.625, 0.684, 0.83], fit=[nan, nan, nan, nan, nan, nan, nan, nan, nan, nan, nan, nan, nan, nan, nan, nan, nan, nan, nan, nan, nan, nan, nan, nan, nan, nan, nan, nan, nan, nan, nan, nan, nan, nan, nan, nan, nan, nan, nan, nan, nan, nan, nan, nan, nan, nan, nan, nan, nan, nan, nan, nan, nan, nan, nan, nan, nan, nan, nan, nan, nan, nan, nan, nan, nan, nan, nan, nan, nan, nan, nan, nan, nan, nan, nan, nan, nan, nan, nan, nan, nan, nan, nan, nan, nan, nan, nan, nan, nan, nan, nan, nan, nan, nan, nan, nan, nan, nan, nan, nan], params=[7.24, -0.02, 0.39, 0.29], fit_error=[0.041, 0.14, 0.149, 0.092, 0.128, 0.125, 0.125, 0.11, 0.038])",[-70.  -8.  -4.  -2.   0.   2.   4.   8.  70.],"[0.059, 0.25, 0.133, 0.0, 0.312, 0.45, 0.154, 0.5, 0.556]","[0.11, 0.11, 0.11, 0.11, 0.11, 0.11, 0.11, 0.11, 0.11, 0.11, 0.11, 0.11, 0.11, 0.11, 0.11, 0.11, 0.11, 0.11, 0.11, 0.11, 0.11, 0.11, 0.11, 0.11, 0.11, 0.11, 0.11, 0.11, 0.11, 0.11, 0.11, 0.11, 0.11, 0.11, 0.11, 0.11, 0.111, 0.111, 0.112, 0.112, 0.113, 0.115, 0.117, 0.121, 0.126, 0.133, 0.143, 0.158, 0.178, 0.204, 0.236, 0.275, 0.318, 0.363, 0.405, 0.442, 0.473, 0.498, 0.516, 0.53, 0.539, 0.546, 0.55, 0.553, 0.556, 0.557, 0.558, 0.559, 0.559, 0.559, 0.56, 0.56, 0.56, 0.56, 0.56, 0.56, 0.56, 0.56, 0.56, 0.56, 0.56, 0.56, 0.56, 0.56, 0.56, 0.56, 0.56, 0.56, 0.56, 0.56, 0.56, 0.56, 0.56, 0.56, 0.56, 0.56, 0.56, 0.56, 0.56, 0.56]","[0.022, 0.099, 0.091, 0.0, 0.12, 0.114, 0.104, 0.151, 0.048]","[7.24, -0.02, 0.39, 0.29]",7.24,-0.02,0.39,0.29
2023-07-10,0,135,907,['Bpod5'],961,462,499,602,312,644,389,255,368,260,270,57,213,0.6701352757544224,0.841991341991342,0.5110220440881763,914,446,468,539,403,136,0.6694352159468439,0.4358974358974359,347,175,172,0.29069767441860467,0.5512820512820513,0.7045951859956237,0.8721973094170403,0.5448717948717948,0.7827648114901257,-0.3273255145452455,0.6827458256029685,0.7492795389048992,-0.0665337133019307,0.5526663259221398,0.420989862850328,47,16,31,0.04890738813735692,0.03463203463203463,0.06212424849699399,644,389,255,1610.0,972.5,637.5,0,0,0,0,0.5,0.5,"psych_curve(xdata=array([-70.,  -8.,  -4.,  -2.,   0.,   2.,   4.,   8.,  70.]), ydata=[0.09, 0.152, 0.14, 0.263, 0.265, 0.426, 0.415, 0.478, 0.644], fit=[0.08, 0.08, 0.08, 0.08, 0.08, 0.08, 0.08, 0.08, 0.08, 0.08, 0.08, 0.08, 0.08, 0.08, 0.08, 0.08, 0.08, 0.08, 0.08, 0.08, 0.08, 0.08, 0.08, 0.08, 0.08, 0.08, 0.08, 0.08, 0.08, 0.081, 0.081, 0.081, 0.082, 0.082, 0.083, 0.084, 0.085, 0.087, 0.09, 0.093, 0.098, 0.104, 0.112, 0.123, 0.137, 0.155, 0.177, 0.205, 0.237, 0.274, 0.315, 0.357, 0.4, 0.44, 0.477, 0.509, 0.536, 0.557, 0.575, 0.589, 0.599, 0.607, 0.613, 0.617, 0.621, 0.623, 0.625, 0.626, 0.627, 0.628, 0.629, 0.629, 0.629, 0.629, 0.63, 0.63, 0.63, 0.63, 0.63, 0.63, 0.63, 0.63, 0.63, 0.63, 0.63, 0.63, 0.63, 0.63, 0.63, 0.63, 0.63, 0.63, 0.63, 0.63, 0.63, 0.63, 0.63, 0.63, 0.63, 0.63], params=[0.22, 2.04, 0.08, 0.37], fit_error=[0.017, 0.054, 0.05, 0.072, 0.064, 0.068, 0.068, 0.061, 0.029])",[-70.  -8.  -4.  -2.   0.   2.   4.   8.  70.],"[0.09, 0.152, 0.14, 0.263, 0.265, 0.426, 0.415, 0.478, 0.644]","[0.08, 0.08, 0.08, 0.08, 0.08, 0.08, 0.08, 0.08, 0.08, 0.08, 0.08, 0.08, 0.08, 0.08, 0.08, 0.08, 0.08, 0.08, 0.08, 0.08, 0.08, 0.08, 0.08, 0.08, 0.08, 0.08, 0.08, 0.08, 0.08, 0.081, 0.081, 0.081, 0.082, 0.082, 0.083, 0.084, 0.085, 0.087, 0.09, 0.093, 0.098, 0.104, 0.112, 0.123, 0.137, 0.155, 0.177, 0.205, 0.237, 0.274, 0.315, 0.357, 0.4, 0.44, 0.477, 0.509, 0.536, 0.557, 0.575, 0.589, 0.599, 0.607, 0.613, 0.617, 0.621, 0.623, 0.625, 0.626, 0.627, 0.628, 0.629, 0.629, 0.629, 0.629, 0.63, 0.63, 0.63, 0.63, 0.63, 0.63, 0.63, 0.63, 0.63, 0.63, 0.63, 0.63, 0.63, 0.63, 0.63, 0.63, 0.63, 0.63, 0.63, 0.63, 0.63, 0.63, 0.63, 0.63, 0.63, 0.63]","[0.017, 0.054, 0.05, 0.072, 0.064, 0.068, 0.068, 0.061, 0.029]","[0.22, 2.04, 0.08, 0.37]",0.22,2.04,0.08,0.37,"psych_curve(xdata=array([-70.,  -8.,  -4.,  -2.,  -0.,   2.,   4.,   8.,  70.]), ydata=[0.318, 0.481, 0.469, 0.61, 0.5, 0.681, 0.75, 0.737, 0.885], fit=[nan, nan, nan, nan, nan, nan, nan, nan, nan, nan, nan, nan, nan, nan, nan, nan, nan, nan, nan, nan, nan, nan, nan, nan, nan, nan, nan, nan, nan, nan, nan, nan, nan, nan, nan, nan, nan, nan, nan, nan, nan, nan, nan, nan, nan, nan, nan, nan, nan, nan, nan, nan, nan, nan, nan, nan, nan, nan, nan, nan, nan, nan, nan, nan, nan, nan, nan, nan, nan, nan, nan, nan, nan, nan, nan, nan, nan, nan, nan, nan, nan, nan, nan, nan, nan, nan, nan, nan, nan, nan, nan, nan, nan, nan, nan, nan, nan, nan, nan, nan], params=[0.16, 0.1, 0.32, 0.11], fit_error=[0.029, 0.07, 0.072, 0.077, 0.075, 0.069, 0.061, 0.059, 0.019])",[-70.  -8.  -4.  -2.   0.   2.   4.   8.  70.],"[0.09, 0.152, 0.14, 0.263, 0.265, 0.426, 0.415, 0.478, 0.644]","[0.08, 0.08, 0.08, 0.08, 0.08, 0.08, 0.08, 0.08, 0.08, 0.08, 0.08, 0.08, 0.08, 0.08, 0.08, 0.08, 0.08, 0.08, 0.08, 0.08, 0.08, 0.08, 0.08, 0.08, 0.08, 0.08, 0.08, 0.08, 0.08, 0.081, 0.081, 0.081, 0.082, 0.082, 0.083, 0.084, 0.085, 0.087, 0.09, 0.093, 0.098, 0.104, 0.112, 0.123, 0.137, 0.155, 0.177, 0.205, 0.237, 0.274, 0.315, 0.357, 0.4, 0.44, 0.477, 0.509, 0.536, 0.557, 0.575, 0.589, 0.599, 0.607, 0.613, 0.617, 0.621, 0.623, 0.625, 0.626, 0.627, 0.628, 0.629, 0.629, 0.629, 0.629, 0.63, 0.63, 0.63, 0.63, 0.63, 0.63, 0.63, 0.63, 0.63, 0.63, 0.63, 0.63, 0.63, 0.63, 0.63, 0.63, 0.63, 0.63, 0.63, 0.63, 0.63, 0.63, 0.63, 0.63, 0.63, 0.63]","[0.017, 0.054, 0.05, 0.072, 0.064, 0.068, 0.068, 0.061, 0.029]","[0.16, 0.1, 0.32, 0.11]",0.16,0.1,0.32,0.11
2023-07-11,1,136,907,['Bpod5'],660,327,333,356,278,449,243,206,242,198,185,72,113,0.6803030303030303,0.7431192660550459,0.6186186186186187,634,315,319,358,214,144,0.601123595505618,0.5179856115107914,264,132,132,0.3707865168539326,0.4748201438848921,0.7082018927444795,0.7714285714285715,0.64576802507837,0.7745098039215687,-0.12566054635020152,0.6759776536312849,0.75,-0.07402234636871508,0.5595546035082046,0.4228033303694123,26,12,14,0.03939393939393939,0.03669724770642202,0.042042042042042045,449,243,206,1122.5,607.5,515.0,0,0,0,0,0.5,0.5,"psych_curve(xdata=array([-70.,  -8.,  -4.,  -2.,   0.,   2.,   4.,   8.,  70.]), ydata=[0.182, 0.226, 0.345, 0.256, 0.438, 0.448, 0.517, 0.514, 0.733], fit=[0.17, 0.17, 0.17, 0.17, 0.17, 0.17, 0.17, 0.17, 0.17, 0.17, 0.17, 0.17, 0.17, 0.17, 0.17, 0.17, 0.17, 0.17, 0.17, 0.17, 0.17, 0.17, 0.17, 0.171, 0.171, 0.171, 0.171, 0.172, 0.172, 0.173, 0.173, 0.174, 0.175, 0.177, 0.178, 0.181, 0.183, 0.187, 0.191, 0.197, 0.204, 0.212, 0.222, 0.235, 0.25, 0.268, 0.289, 0.313, 0.339, 0.369, 0.4, 0.433, 0.466, 0.498, 0.529, 0.558, 0.584, 0.607, 0.627, 0.644, 0.659, 0.671, 0.68, 0.688, 0.695, 0.7, 0.704, 0.707, 0.71, 0.712, 0.714, 0.715, 0.716, 0.717, 0.718, 0.718, 0.719, 0.719, 0.719, 0.719, 0.719, 0.72, 0.72, 0.72, 0.72, 0.72, 0.72, 0.72, 0.72, 0.72, 0.72, 0.72, 0.72, 0.72, 0.72, 0.72, 0.72, 0.72, 0.72, 0.72], params=[0.17, 2.64, 0.17, 0.28], fit_error=[0.027, 0.076, 0.09, 0.071, 0.089, 0.094, 0.094, 0.083, 0.031])",[-70.  -8.  -4.  -2.   0.   2.   4.   8.  70.],"[0.182, 0.226, 0.345, 0.256, 0.438, 0.448, 0.517, 0.514, 0.733]","[0.17, 0.17, 0.17, 0.17, 0.17, 0.17, 0.17, 0.17, 0.17, 0.17, 0.17, 0.17, 0.17, 0.17, 0.17, 0.17, 0.17, 0.17, 0.17, 0.17, 0.17, 0.17, 0.17, 0.171, 0.171, 0.171, 0.171, 0.172, 0.172, 0.173, 0.173, 0.174, 0.175, 0.177, 0.178, 0.181, 0.183, 0.187, 0.191, 0.197, 0.204, 0.212, 0.222, 0.235, 0.25, 0.268, 0.289, 0.313, 0.339, 0.369, 0.4, 0.433, 0.466, 0.498, 0.529, 0.558, 0.584, 0.607, 0.627, 0.644, 0.659, 0.671, 0.68, 0.688, 0.695, 0.7, 0.704, 0.707, 0.71, 0.712, 0.714, 0.715, 0.716, 0.717, 0.718, 0.718, 0.719, 0.719, 0.719, 0.719, 0.719, 0.72, 0.72, 0.72, 0.72, 0.72, 0.72, 0.72, 0.72, 0.72, 0.72, 0.72, 0.72, 0.72, 0.72, 0.72, 0.72, 0.72, 0.72, 0.72]","[0.027, 0.076, 0.09, 0.071, 0.089, 0.094, 0.094, 0.083, 0.031]","[0.17, 2.64, 0.17, 0.28]",0.17,2.64,0.17,0.28,"psych_curve(xdata=array([-70.,  -8.,  -4.,  -2.,  -0.,   2.,   4.,   8.,  70.]), ydata=[0.335, 0.378, 0.419, 0.379, 0.562, 0.595, 0.577, 0.633, 0.887], fit=[nan, nan, nan, nan, nan, nan, nan, nan, nan, nan, nan, nan, nan, nan, nan, nan, nan, nan, nan, nan, nan, nan, nan, nan, nan, nan, nan, nan, nan, nan, nan, nan, nan, nan, nan, nan, nan, nan, nan, nan, nan, nan, nan, nan, nan, nan, nan, nan, nan, nan, nan, nan, nan, nan, nan, nan, nan, nan, nan, nan, nan, nan, nan, nan, nan, nan, nan, nan, nan, nan, nan, nan, nan, nan, nan, nan, nan, nan, nan, nan, nan, nan, nan, nan, nan, nan, nan, nan, nan, nan, nan, nan, nan, nan, nan, nan, nan, nan, nan, nan], params=[0.16, 4.91, 0.32, 0.12], fit_error=[0.034, 0.081, 0.09, 0.092, 0.089, 0.082, 0.099, 0.089, 0.022])",[-70.  -8.  -4.  -2.   0.   2.   4.   8.  70.],"[0.182, 0.226, 0.345, 0.256, 0.438, 0.448, 0.517, 0.514, 0.733]","[0.17, 0.17, 0.17, 0.17, 0.17, 0.17, 0.17, 0.17, 0.17, 0.17, 0.17, 0.17, 0.17, 0.17, 0.17, 0.17, 0.17, 0.17, 0.17, 0.17, 0.17, 0.17, 0.17, 0.171, 0.171, 0.171, 0.171, 0.172, 0.172, 0.173, 0.173, 0.174, 0.175, 0.177, 0.178, 0.181, 0.183, 0.187, 0.191, 0.197, 0.204, 0.212, 0.222, 0.235, 0.25, 0.268, 0.289, 0.313, 0.339, 0.369, 0.4, 0.433, 0.466, 0.498, 0.529, 0.558, 0.584, 0.607, 0.627, 0.644, 0.659, 0.671, 0.68, 0.688, 0.695, 0.7, 0.704, 0.707, 0.71, 0.712, 0.714, 0.715, 0.716, 0.717, 0.718, 0.718, 0.719, 0.719, 0.719, 0.719, 0.719, 0.72, 0.72, 0.72, 0.72, 0.72, 0.72, 0.72, 0.72, 0.72, 0.72, 0.72, 0.72, 0.72, 0.72, 0.72, 0.72, 0.72, 0.72, 0.72]","[0.027, 0.076, 0.09, 0.071, 0.089, 0.094, 0.094, 0.083, 0.031]","[0.16, 4.91, 0.32, 0.12]",0.16,4.91,0.32,0.12
2023-07-12,2,137,907,['Bpod5'],660,326,334,370,280,475,259,216,264,209,175,64,111,0.7196969696969697,0.7944785276073619,0.6467065868263473,650,323,327,373,231,142,0.6243243243243243,0.5071428571428571,275,138,137,0.372972972972973,0.48928571428571427,0.7307692307692307,0.8018575851393189,0.6605504587155964,0.7857142857142857,-0.14130712642372256,0.707774798927614,0.76,-0.05222520107238604,0.5657335907335908,0.43112934362934363,10,3,7,0.015151515151515152,0.009202453987730062,0.020958083832335328,475,259,216,1187.5,647.5,540.0,0,0,0,0,0.5,0.5,"psych_curve(xdata=array([-70.,  -8.,  -4.,  -2.,   0.,   2.,   4.,   8.,  70.]), ydata=[0.157, 0.27, 0.25, 0.286, 0.3, 0.412, 0.484, 0.731, 0.734], fit=[0.22, 0.22, 0.22, 0.22, 0.22, 0.22, 0.22, 0.22, 0.22, 0.22, 0.22, 0.22, 0.22, 0.22, 0.22, 0.22, 0.22, 0.22, 0.22, 0.22, 0.22, 0.22, 0.22, 0.22, 0.22, 0.22, 0.22, 0.22, 0.22, 0.22, 0.22, 0.22, 0.22, 0.22, 0.22, 0.22, 0.22, 0.22, 0.22, 0.22, 0.22, 0.22, 0.221, 0.222, 0.223, 0.226, 0.23, 0.24, 0.257, 0.286, 0.334, 0.403, 0.487, 0.572, 0.643, 0.692, 0.722, 0.739, 0.749, 0.754, 0.757, 0.758, 0.759, 0.76, 0.76, 0.76, 0.76, 0.76, 0.76, 0.76, 0.76, 0.76, 0.76, 0.76, 0.76, 0.76, 0.76, 0.76, 0.76, 0.76, 0.76, 0.76, 0.76, 0.76, 0.76, 0.76, 0.76, 0.76, 0.76, 0.76, 0.76, 0.76, 0.76, 0.76, 0.76, 0.76, 0.76, 0.76, 0.76, 0.76], params=[0.46, 3.58, 0.22, 0.24], fit_error=[0.026, 0.074, 0.066, 0.087, 0.085, 0.086, 0.091, 0.089, 0.03])",[-70.  -8.  -4.  -2.   0.   2.   4.   8.  70.],"[0.157, 0.27, 0.25, 0.286, 0.3, 0.412, 0.484, 0.731, 0.734]","[0.22, 0.22, 0.22, 0.22, 0.22, 0.22, 0.22, 0.22, 0.22, 0.22, 0.22, 0.22, 0.22, 0.22, 0.22, 0.22, 0.22, 0.22, 0.22, 0.22, 0.22, 0.22, 0.22, 0.22, 0.22, 0.22, 0.22, 0.22, 0.22, 0.22, 0.22, 0.22, 0.22, 0.22, 0.22, 0.22, 0.22, 0.22, 0.22, 0.22, 0.22, 0.22, 0.221, 0.222, 0.223, 0.226, 0.23, 0.24, 0.257, 0.286, 0.334, 0.403, 0.487, 0.572, 0.643, 0.692, 0.722, 0.739, 0.749, 0.754, 0.757, 0.758, 0.759, 0.76, 0.76, 0.76, 0.76, 0.76, 0.76, 0.76, 0.76, 0.76, 0.76, 0.76, 0.76, 0.76, 0.76, 0.76, 0.76, 0.76, 0.76, 0.76, 0.76, 0.76, 0.76, 0.76, 0.76, 0.76, 0.76, 0.76, 0.76, 0.76, 0.76, 0.76, 0.76, 0.76, 0.76, 0.76, 0.76, 0.76]","[0.026, 0.074, 0.066, 0.087, 0.085, 0.086, 0.091, 0.089, 0.03]","[0.46, 3.58, 0.22, 0.24]",0.46,3.58,0.22,0.24,"psych_curve(xdata=array([-70.,  -8.,  -4.,  -2.,   0.,   2.,   4.,   8.,  70.]), ydata=[0.29, 0.226, 0.429, 0.556, 0.633, 0.692, 0.692, 0.688, 0.854], fit=[nan, nan, nan, nan, nan, nan, nan, nan, nan, nan, nan, nan, nan, nan, nan, nan, nan, nan, nan, nan, nan, nan, nan, nan, nan, nan, nan, nan, nan, nan, nan, nan, nan, nan, nan, nan, nan, nan, nan, nan, nan, nan, nan, nan, nan, nan, nan, nan, nan, nan, nan, nan, nan, nan, nan, nan, nan, nan, nan, nan, nan, nan, nan, nan, nan, nan, nan, nan, nan, nan, nan, nan, nan, nan, nan, nan, nan, nan, nan, nan, nan, nan, nan, nan, nan, nan, nan, nan, nan, nan, nan, nan, nan, nan, nan, nan, nan, nan, nan, nan], params=[0.47, -2.56, 0.25, 0.25], fit_error=[0.032, 0.076, 0.085, 0.084, 0.089, 0.092, 0.075, 0.083, 0.024])",[-70.  -8.  -4.  -2.   0.   2.   4.   8.  70.],"[0.157, 0.27, 0.25, 0.286, 0.3, 0.412, 0.484, 0.731, 0.734]","[0.22, 0.22, 0.22, 0.22, 0.22, 0.22, 0.22, 0.22, 0.22, 0.22, 0.22, 0.22, 0.22, 0.22, 0.22, 0.22, 0.22, 0.22, 0.22, 0.22, 0.22, 0.22, 0.22, 0.22, 0.22, 0.22, 0.22, 0.22, 0.22, 0.22, 0.22, 0.22, 0.22, 0.22, 0.22, 0.22, 0.22, 0.22, 0.22, 0.22, 0.22, 0.22, 0.221, 0.222, 0.223, 0.226, 0.23, 0.24, 0.257, 0.286, 0.334, 0.403, 0.487, 0.572, 0.643, 0.692, 0.722, 0.739, 0.749, 0.754, 0.757, 0.758, 0.759, 0.76, 0.76, 0.76, 0.76, 0.76, 0.76, 0.76, 0.76, 0.76, 0.76, 0.76, 0.76, 0.76, 0.76, 0.76, 0.76, 0.76, 0.76, 0.76, 0.76, 0.76, 0.76, 0.76, 0.76, 0.76, 0.76, 0.76, 0.76, 0.76, 0.76, 0.76, 0.76, 0.76, 0.76, 0.76, 0.76, 0.76]","[0.026, 0.074, 0.066, 0.087, 0.085, 0.086, 0.091, 0.089, 0.03]","[0.47, -2.56, 0.25, 0.25]",0.47,-2.56,0.25,0.25
2023-07-13,3,138,907,['Bpod5'],475,230,245,74,260,212,55,157,123,49,122,103,19,0.4463157894736842,0.2391304347826087,0.6408163265306123,334,158,176,217,26,191,0.35135135135135137,0.7346153846153847,59,31,28,0.4189189189189189,0.1076923076923077,0.6347305389221557,0.34810126582278483,0.8920454545454546,0.6981132075471698,0.5439441887226697,0.5668202764976958,0.8305084745762712,-0.26368819807857535,0.542983367983368,0.2633056133056133,141,72,69,0.2968421052631579,0.3130434782608696,0.2816326530612245,212,55,157,530.0,137.5,392.5,0,0,0,0,0.5,0.5,"psych_curve(xdata=array([-70.,  -8.,  -4.,  -2.,   0.,   2.,   4.,   8.,  70.]), ydata=[0.55, 0.733, 1.0, 0.75, 0.85, 0.842, 0.769, 0.895, 0.92], fit=[0.81, 0.81, 0.81, 0.81, 0.81, 0.81, 0.81, 0.81, 0.81, 0.81, 0.81, 0.81, 0.81, 0.81, 0.81, 0.81, 0.81, 0.81, 0.81, 0.81, 0.81, 0.81, 0.81, 0.81, 0.81, 0.81, 0.81, 0.81, 0.81, 0.81, 0.81, 0.81, 0.81, 0.81, 0.81, 0.81, 0.81, 0.81, 0.81, 0.81, 0.81, 0.81, 0.81, 0.81, 0.81, 0.81, 0.81, 0.81, 0.81, 0.81, 0.81, 0.81, 0.81, 0.81, 0.81, 0.81, 0.81, 0.81, 0.81, 0.81, 0.81, 0.81, 0.81, 0.81, 0.81, 0.81, 0.81, 0.81, 0.81, 0.81, 0.81, 0.81, 0.81, 0.81, 0.81, 0.81, 0.81, 0.81, 0.81, 0.81, 0.81, 0.81, 0.81, 0.81, 0.81, 0.81, 0.81, 0.81, 0.81, 0.81, 0.81, 0.81, 0.81, 0.81, 0.81, 0.81, 0.81, 0.81, 0.81, 0.81], params=[0.0, -0.58, -0.83, -1.45], fit_error=[0.05, 0.118, 0.0, 0.099, 0.082, 0.086, 0.122, 0.072, 0.026])",[-70.  -8.  -4.  -2.   0.   2.   4.   8.  70.],"[0.55, 0.733, 1.0, 0.75, 0.85, 0.842, 0.769, 0.895, 0.92]","[0.81, 0.81, 0.81, 0.81, 0.81, 0.81, 0.81, 0.81, 0.81, 0.81, 0.81, 0.81, 0.81, 0.81, 0.81, 0.81, 0.81, 0.81, 0.81, 0.81, 0.81, 0.81, 0.81, 0.81, 0.81, 0.81, 0.81, 0.81, 0.81, 0.81, 0.81, 0.81, 0.81, 0.81, 0.81, 0.81, 0.81, 0.81, 0.81, 0.81, 0.81, 0.81, 0.81, 0.81, 0.81, 0.81, 0.81, 0.81, 0.81, 0.81, 0.81, 0.81, 0.81, 0.81, 0.81, 0.81, 0.81, 0.81, 0.81, 0.81, 0.81, 0.81, 0.81, 0.81, 0.81, 0.81, 0.81, 0.81, 0.81, 0.81, 0.81, 0.81, 0.81, 0.81, 0.81, 0.81, 0.81, 0.81, 0.81, 0.81, 0.81, 0.81, 0.81, 0.81, 0.81, 0.81, 0.81, 0.81, 0.81, 0.81, 0.81, 0.81, 0.81, 0.81, 0.81, 0.81, 0.81, 0.81, 0.81, 0.81]","[0.05, 0.118, 0.0, 0.099, 0.082, 0.086, 0.122, 0.072, 0.026]","[0.0, -0.58, -0.83, -1.45]",0.0,-0.58,-0.83,-1.45,"psych_curve(xdata=array([-70.,  -8.,  -4.,  -2.,  -0.,   2.,   4.,   8.,  70.]), ydata=[0.535, 0.688, 1.0, 0.812, 0.882, 0.882, 0.889, 0.929, 0.94], fit=[nan, nan, nan, nan, nan, nan, nan, nan, nan, nan, nan, nan, nan, nan, nan, nan, nan, nan, nan, nan, nan, nan, nan, nan, nan, nan, nan, nan, nan, nan, nan, nan, nan, nan, nan, nan, nan, nan, nan, nan, nan, nan, nan, nan, nan, nan, nan, nan, nan, nan, nan, nan, nan, nan, nan, nan, nan, nan, nan, nan, nan, nan, nan, nan, nan, nan, nan, nan, nan, nan, nan, nan, nan, nan, nan, nan, nan, nan, nan, nan, nan, nan, nan, nan, nan, nan, nan, nan, nan, nan, nan, nan, nan, nan, nan, nan, nan, nan, nan, nan], params=[4.1, -7.91, 0.54, 0.1], fit_error=[0.054, 0.12, 0.0, 0.101, 0.081, 0.081, 0.111, 0.071, 0.026])",[-70.  -8.  -4.  -2.   0.   2.   4.   8.  70.],"[0.55, 0.733, 1.0, 0.75, 0.85, 0.842, 0.769, 0.895, 0.92]","[0.81, 0.81, 0.81, 0.81, 0.81, 0.81, 0.81, 0.81, 0.81, 0.81, 0.81, 0.81, 0.81, 0.81, 0.81, 0.81, 0.81, 0.81, 0.81, 0.81, 0.81, 0.81, 0.81, 0.81, 0.81, 0.81, 0.81, 0.81, 0.81, 0.81, 0.81, 0.81, 0.81, 0.81, 0.81, 0.81, 0.81, 0.81, 0.81, 0.81, 0.81, 0.81, 0.81, 0.81, 0.81, 0.81, 0.81, 0.81, 0.81, 0.81, 0.81, 0.81, 0.81, 0.81, 0.81, 0.81, 0.81, 0.81, 0.81, 0.81, 0.81, 0.81, 0.81, 0.81, 0.81, 0.81, 0.81, 0.81, 0.81, 0.81, 0.81, 0.81, 0.81, 0.81, 0.81, 0.81, 0.81, 0.81, 0.81, 0.81, 0.81, 0.81, 0.81, 0.81, 0.81, 0.81, 0.81, 0.81, 0.81, 0.81, 0.81, 0.81, 0.81, 0.81, 0.81, 0.81, 0.81, 0.81, 0.81, 0.81]","[0.05, 0.118, 0.0, 0.099, 0.082, 0.086, 0.122, 0.072, 0.026]","[4.1, -7.91, 0.54, 0.1]",4.1,-7.91,0.54,0.1
2023-07-14,4,139,907,['Bpod5'],808,422,386,506,278,583,357,226,315,255,201,52,149,0.7215346534653465,0.8459715639810427,0.5854922279792746,784,409,375,429,322,107,0.6363636363636364,0.38489208633093525,339,170,169,0.3359683794466403,0.6079136690647482,0.7436224489795918,0.8728606356968215,0.6026666666666667,0.7947154471544715,-0.2701939690301548,0.7342657342657343,0.7522123893805309,-0.01794665511479665,0.5106278613472858,0.4719410242556943,24,13,11,0.0297029702970297,0.030805687203791468,0.02849740932642487,583,357,226,1457.5,892.5,565.0,0,0,0,0,0.5,0.5,"psych_curve(xdata=array([-70.,  -8.,  -4.,  -2.,   0.,   2.,   4.,   8.,  70.]), ydata=[0.105, 0.082, 0.194, 0.17, 0.366, 0.37, 0.419, 0.619, 0.685], fit=[0.09, 0.09, 0.09, 0.09, 0.09, 0.09, 0.09, 0.09, 0.09, 0.09, 0.09, 0.09, 0.09, 0.09, 0.09, 0.09, 0.09, 0.09, 0.09, 0.09, 0.09, 0.09, 0.09, 0.09, 0.09, 0.09, 0.09, 0.09, 0.09, 0.09, 0.09, 0.09, 0.09, 0.09, 0.091, 0.091, 0.091, 0.092, 0.093, 0.094, 0.096, 0.099, 0.104, 0.111, 0.121, 0.136, 0.156, 0.184, 0.222, 0.269, 0.324, 0.384, 0.445, 0.502, 0.55, 0.589, 0.619, 0.641, 0.657, 0.667, 0.675, 0.68, 0.683, 0.685, 0.687, 0.688, 0.689, 0.689, 0.689, 0.69, 0.69, 0.69, 0.69, 0.69, 0.69, 0.69, 0.69, 0.69, 0.69, 0.69, 0.69, 0.69, 0.69, 0.69, 0.69, 0.69, 0.69, 0.69, 0.69, 0.69, 0.69, 0.69, 0.69, 0.69, 0.69, 0.69, 0.69, 0.69, 0.69, 0.69], params=[0.29, 2.25, 0.09, 0.31], fit_error=[0.019, 0.04, 0.067, 0.055, 0.076, 0.072, 0.09, 0.076, 0.03])",[-70.  -8.  -4.  -2.   0.   2.   4.   8.  70.],"[0.105, 0.082, 0.194, 0.17, 0.366, 0.37, 0.419, 0.619, 0.685]","[0.09, 0.09, 0.09, 0.09, 0.09, 0.09, 0.09, 0.09, 0.09, 0.09, 0.09, 0.09, 0.09, 0.09, 0.09, 0.09, 0.09, 0.09, 0.09, 0.09, 0.09, 0.09, 0.09, 0.09, 0.09, 0.09, 0.09, 0.09, 0.09, 0.09, 0.09, 0.09, 0.09, 0.09, 0.091, 0.091, 0.091, 0.092, 0.093, 0.094, 0.096, 0.099, 0.104, 0.111, 0.121, 0.136, 0.156, 0.184, 0.222, 0.269, 0.324, 0.384, 0.445, 0.502, 0.55, 0.589, 0.619, 0.641, 0.657, 0.667, 0.675, 0.68, 0.683, 0.685, 0.687, 0.688, 0.689, 0.689, 0.689, 0.69, 0.69, 0.69, 0.69, 0.69, 0.69, 0.69, 0.69, 0.69, 0.69, 0.69, 0.69, 0.69, 0.69, 0.69, 0.69, 0.69, 0.69, 0.69, 0.69, 0.69, 0.69, 0.69, 0.69, 0.69, 0.69, 0.69, 0.69, 0.69, 0.69, 0.69]","[0.019, 0.04, 0.067, 0.055, 0.076, 0.072, 0.09, 0.076, 0.03]","[0.29, 2.25, 0.09, 0.31]",0.29,2.25,0.09,0.31,"psych_curve(xdata=array([-70.,  -8.,  -4.,  -2.,  -0.,   2.,   4.,   8.,  70.]), ydata=[0.275, 0.238, 0.429, 0.429, 0.537, 0.612, 0.658, 0.818, 0.861], fit=[nan, nan, nan, nan, nan, nan, nan, nan, nan, nan, nan, nan, nan, nan, nan, nan, nan, nan, nan, nan, nan, nan, nan, nan, nan, nan, nan, nan, nan, nan, nan, nan, nan, nan, nan, nan, nan, nan, nan, nan, nan, nan, nan, nan, nan, nan, nan, nan, nan, nan, nan, nan, nan, nan, nan, nan, nan, nan, nan, nan, nan, nan, nan, nan, nan, nan, nan, nan, nan, nan, nan, nan, nan, nan, nan, nan, nan, nan, nan, nan, nan, nan, nan, nan, nan, nan, nan, nan, nan, nan, nan, nan, nan, nan, nan, nan, nan, nan, nan, nan], params=[0.28, 0.77, 0.25, 0.13], fit_error=[0.029, 0.067, 0.095, 0.077, 0.079, 0.07, 0.078, 0.059, 0.022])",[-70.  -8.  -4.  -2.   0.   2.   4.   8.  70.],"[0.105, 0.082, 0.194, 0.17, 0.366, 0.37, 0.419, 0.619, 0.685]","[0.09, 0.09, 0.09, 0.09, 0.09, 0.09, 0.09, 0.09, 0.09, 0.09, 0.09, 0.09, 0.09, 0.09, 0.09, 0.09, 0.09, 0.09, 0.09, 0.09, 0.09, 0.09, 0.09, 0.09, 0.09, 0.09, 0.09, 0.09, 0.09, 0.09, 0.09, 0.09, 0.09, 0.09, 0.091, 0.091, 0.091, 0.092, 0.093, 0.094, 0.096, 0.099, 0.104, 0.111, 0.121, 0.136, 0.156, 0.184, 0.222, 0.269, 0.324, 0.384, 0.445, 0.502, 0.55, 0.589, 0.619, 0.641, 0.657, 0.667, 0.675, 0.68, 0.683, 0.685, 0.687, 0.688, 0.689, 0.689, 0.689, 0.69, 0.69, 0.69, 0.69, 0.69, 0.69, 0.69, 0.69, 0.69, 0.69, 0.69, 0.69, 0.69, 0.69, 0.69, 0.69, 0.69, 0.69, 0.69, 0.69, 0.69, 0.69, 0.69, 0.69, 0.69, 0.69, 0.69, 0.69, 0.69, 0.69, 0.69]","[0.019, 0.04, 0.067, 0.055, 0.076, 0.072, 0.09, 0.076, 0.03]","[0.28, 0.77, 0.25, 0.13]",0.28,0.77,0.25,0.13
2023-07-17,0,142,907,['Bpod5'],872,440,432,566,287,630,386,244,369,256,223,43,180,0.7224770642201835,0.8772727272727273,0.5648148148148148,853,429,424,523,397,126,0.7014134275618374,0.43902439024390244,322,161,161,0.284452296819788,0.5609756097560976,0.738569753810082,0.8997668997668997,0.5754716981132075,0.7894736842105263,-0.3242952016536922,0.7055449330783938,0.7950310559006211,-0.08948612282222723,0.57021890890287,0.4227139532879428,19,11,8,0.021788990825688075,0.025,0.018518518518518517,630,386,244,1575.0,965.0,610.0,0,0,0,0,0.5,0.5,"psych_curve(xdata=array([-70.,  -8.,  -4.,  -2.,   0.,   2.,   4.,   8.,  70.]), ydata=[0.08, 0.0, 0.073, 0.279, 0.224, 0.382, 0.442, 0.655, 0.651], fit=[0.04, 0.04, 0.04, 0.04, 0.04, 0.04, 0.04, 0.04, 0.04, 0.04, 0.04, 0.04, 0.04, 0.04, 0.04, 0.04, 0.04, 0.04, 0.04, 0.04, 0.04, 0.04, 0.04, 0.04, 0.04, 0.04, 0.04, 0.04, 0.04, 0.04, 0.04, 0.04, 0.04, 0.04, 0.04, 0.04, 0.04, 0.041, 0.041, 0.042, 0.043, 0.045, 0.049, 0.054, 0.062, 0.076, 0.097, 0.128, 0.173, 0.232, 0.303, 0.381, 0.455, 0.519, 0.568, 0.604, 0.628, 0.644, 0.654, 0.66, 0.664, 0.666, 0.668, 0.669, 0.669, 0.669, 0.67, 0.67, 0.67, 0.67, 0.67, 0.67, 0.67, 0.67, 0.67, 0.67, 0.67, 0.67, 0.67, 0.67, 0.67, 0.67, 0.67, 0.67, 0.67, 0.67, 0.67, 0.67, 0.67, 0.67, 0.67, 0.67, 0.67, 0.67, 0.67, 0.67, 0.67, 0.67, 0.67, 0.67], params=[0.35, 1.65, 0.04, 0.33], fit_error=[0.017, 0.0, 0.041, 0.069, 0.06, 0.066, 0.077, 0.063, 0.03])",[-70.  -8.  -4.  -2.   0.   2.   4.   8.  70.],"[0.08, 0.0, 0.073, 0.279, 0.224, 0.382, 0.442, 0.655, 0.651]","[0.04, 0.04, 0.04, 0.04, 0.04, 0.04, 0.04, 0.04, 0.04, 0.04, 0.04, 0.04, 0.04, 0.04, 0.04, 0.04, 0.04, 0.04, 0.04, 0.04, 0.04, 0.04, 0.04, 0.04, 0.04, 0.04, 0.04, 0.04, 0.04, 0.04, 0.04, 0.04, 0.04, 0.04, 0.04, 0.04, 0.04, 0.041, 0.041, 0.042, 0.043, 0.045, 0.049, 0.054, 0.062, 0.076, 0.097, 0.128, 0.173, 0.232, 0.303, 0.381, 0.455, 0.519, 0.568, 0.604, 0.628, 0.644, 0.654, 0.66, 0.664, 0.666, 0.668, 0.669, 0.669, 0.669, 0.67, 0.67, 0.67, 0.67, 0.67, 0.67, 0.67, 0.67, 0.67, 0.67, 0.67, 0.67, 0.67, 0.67, 0.67, 0.67, 0.67, 0.67, 0.67, 0.67, 0.67, 0.67, 0.67, 0.67, 0.67, 0.67, 0.67, 0.67, 0.67, 0.67, 0.67, 0.67, 0.67, 0.67]","[0.017, 0.0, 0.041, 0.069, 0.06, 0.066, 0.077, 0.063, 0.03]","[0.35, 1.65, 0.04, 0.33]",0.35,1.65,0.04,0.33,"psych_curve(xdata=array([-70.,  -8.,  -4.,  -2.,  -0.,   2.,   4.,   8.,  70.]), ydata=[0.327, 0.364, 0.302, 0.562, 0.735, 0.62, 0.659, 0.938, 0.913], fit=[nan, nan, nan, nan, nan, nan, nan, nan, nan, nan, nan, nan, nan, nan, nan, nan, nan, nan, nan, nan, nan, nan, nan, nan, nan, nan, nan, nan, nan, nan, nan, nan, nan, nan, nan, nan, nan, nan, nan, nan, nan, nan, nan, nan, nan, nan, nan, nan, nan, nan, nan, nan, nan, nan, nan, nan, nan, nan, nan, nan, nan, nan, nan, nan, nan, nan, nan, nan, nan, nan, nan, nan, nan, nan, nan, nan, nan, nan, nan, nan, nan, nan, nan, nan, nan, nan, nan, nan, nan, nan, nan, nan, nan, nan, nan, nan, nan, nan, nan, nan], params=[0.29, 0.59, 0.31, 0.07], fit_error=[0.029, 0.073, 0.071, 0.072, 0.064, 0.069, 0.075, 0.03, 0.018])",[-70.  -8.  -4.  -2.   0.   2.   4.   8.  70.],"[0.08, 0.0, 0.073, 0.279, 0.224, 0.382, 0.442, 0.655, 0.651]","[0.04, 0.04, 0.04, 0.04, 0.04, 0.04, 0.04, 0.04, 0.04, 0.04, 0.04, 0.04, 0.04, 0.04, 0.04, 0.04, 0.04, 0.04, 0.04, 0.04, 0.04, 0.04, 0.04, 0.04, 0.04, 0.04, 0.04, 0.04, 0.04, 0.04, 0.04, 0.04, 0.04, 0.04, 0.04, 0.04, 0.04, 0.041, 0.041, 0.042, 0.043, 0.045, 0.049, 0.054, 0.062, 0.076, 0.097, 0.128, 0.173, 0.232, 0.303, 0.381, 0.455, 0.519, 0.568, 0.604, 0.628, 0.644, 0.654, 0.66, 0.664, 0.666, 0.668, 0.669, 0.669, 0.669, 0.67, 0.67, 0.67, 0.67, 0.67, 0.67, 0.67, 0.67, 0.67, 0.67, 0.67, 0.67, 0.67, 0.67, 0.67, 0.67, 0.67, 0.67, 0.67, 0.67, 0.67, 0.67, 0.67, 0.67, 0.67, 0.67, 0.67, 0.67, 0.67, 0.67, 0.67, 0.67, 0.67, 0.67]","[0.017, 0.0, 0.041, 0.069, 0.06, 0.066, 0.077, 0.063, 0.03]","[0.29, 0.59, 0.31, 0.07]",0.29,0.59,0.31,0.07
2023-07-18,1,143,907,['Bpod5'],672,325,347,378,267,472,261,211,279,177,173,56,117,0.7023809523809523,0.803076923076923,0.6080691642651297,645,317,328,407,250,157,0.6613756613756614,0.5880149812734082,218,110,108,0.291005291005291,0.4044943820224719,0.7317829457364341,0.8233438485804416,0.6432926829268293,0.7839805825242718,-0.18005116565361234,0.6855036855036855,0.8119266055045872,-0.12642292000090172,0.6246953213245348,0.34774983651388147,27,8,19,0.04017857142857143,0.024615384615384615,0.05475504322766571,472,261,211,1180.0,652.5,527.5,0,0,0,0,0.5,0.5,"psych_curve(xdata=array([-70.,  -8.,  -4.,  -2.,   0.,   2.,   4.,   8.,  70.]), ydata=[0.139, 0.16, 0.143, 0.317, 0.375, 0.548, 0.5, 0.636, 0.71], fit=[0.12, 0.12, 0.12, 0.12, 0.12, 0.12, 0.12, 0.12, 0.12, 0.12, 0.12, 0.12, 0.12, 0.12, 0.12, 0.12, 0.12, 0.12, 0.12, 0.12, 0.12, 0.12, 0.12, 0.12, 0.12, 0.12, 0.12, 0.12, 0.12, 0.12, 0.12, 0.12, 0.12, 0.12, 0.12, 0.12, 0.12, 0.121, 0.121, 0.122, 0.123, 0.126, 0.129, 0.135, 0.146, 0.162, 0.187, 0.225, 0.277, 0.342, 0.414, 0.485, 0.545, 0.591, 0.624, 0.645, 0.659, 0.667, 0.672, 0.675, 0.677, 0.678, 0.679, 0.679, 0.68, 0.68, 0.68, 0.68, 0.68, 0.68, 0.68, 0.68, 0.68, 0.68, 0.68, 0.68, 0.68, 0.68, 0.68, 0.68, 0.68, 0.68, 0.68, 0.68, 0.68, 0.68, 0.68, 0.68, 0.68, 0.68, 0.68, 0.68, 0.68, 0.68, 0.68, 0.68, 0.68, 0.68, 0.68, 0.68], params=[0.37, 0.43, 0.12, 0.32], fit_error=[0.024, 0.075, 0.06, 0.074, 0.087, 0.091, 0.085, 0.085, 0.031])",[-70.  -8.  -4.  -2.   0.   2.   4.   8.  70.],"[0.139, 0.16, 0.143, 0.317, 0.375, 0.548, 0.5, 0.636, 0.71]","[0.12, 0.12, 0.12, 0.12, 0.12, 0.12, 0.12, 0.12, 0.12, 0.12, 0.12, 0.12, 0.12, 0.12, 0.12, 0.12, 0.12, 0.12, 0.12, 0.12, 0.12, 0.12, 0.12, 0.12, 0.12, 0.12, 0.12, 0.12, 0.12, 0.12, 0.12, 0.12, 0.12, 0.12, 0.12, 0.12, 0.12, 0.121, 0.121, 0.122, 0.123, 0.126, 0.129, 0.135, 0.146, 0.162, 0.187, 0.225, 0.277, 0.342, 0.414, 0.485, 0.545, 0.591, 0.624, 0.645, 0.659, 0.667, 0.672, 0.675, 0.677, 0.678, 0.679, 0.679, 0.68, 0.68, 0.68, 0.68, 0.68, 0.68, 0.68, 0.68, 0.68, 0.68, 0.68, 0.68, 0.68, 0.68, 0.68, 0.68, 0.68, 0.68, 0.68, 0.68, 0.68, 0.68, 0.68, 0.68, 0.68, 0.68, 0.68, 0.68, 0.68, 0.68, 0.68, 0.68, 0.68, 0.68, 0.68, 0.68]","[0.024, 0.075, 0.06, 0.074, 0.087, 0.091, 0.085, 0.085, 0.031]","[0.37, 0.43, 0.12, 0.32]",0.37,0.43,0.12,0.32,"psych_curve(xdata=array([-70.,  -8.,  -4.,  -2.,   0.,   2.,   4.,   8.,  70.]), ydata=[0.337, 0.5, 0.543, 0.562, 0.677, 0.789, 0.879, 0.926, 0.894], fit=[nan, nan, nan, nan, nan, nan, nan, nan, nan, nan, nan, nan, nan, nan, nan, nan, nan, nan, nan, nan, nan, nan, nan, nan, nan, nan, nan, nan, nan, nan, nan, nan, nan, nan, nan, nan, nan, nan, nan, nan, nan, nan, nan, nan, nan, nan, nan, nan, nan, nan, nan, nan, nan, nan, nan, nan, nan, nan, nan, nan, nan, nan, nan, nan, nan, nan, nan, nan, nan, nan, nan, nan, nan, nan, nan, nan, nan, nan, nan, nan, nan, nan, nan, nan, nan, nan, nan, nan, nan, nan, nan, nan, nan, nan, nan, nan, nan, nan, nan, nan], params=[0.33, -0.89, 0.38, 0.07], fit_error=[0.034, 0.096, 0.085, 0.089, 0.085, 0.067, 0.058, 0.051, 0.021])",[-70.  -8.  -4.  -2.   0.   2.   4.   8.  70.],"[0.139, 0.16, 0.143, 0.317, 0.375, 0.548, 0.5, 0.636, 0.71]","[0.12, 0.12, 0.12, 0.12, 0.12, 0.12, 0.12, 0.12, 0.12, 0.12, 0.12, 0.12, 0.12, 0.12, 0.12, 0.12, 0.12, 0.12, 0.12, 0.12, 0.12, 0.12, 0.12, 0.12, 0.12, 0.12, 0.12, 0.12, 0.12, 0.12, 0.12, 0.12, 0.12, 0.12, 0.12, 0.12, 0.12, 0.121, 0.121, 0.122, 0.123, 0.126, 0.129, 0.135, 0.146, 0.162, 0.187, 0.225, 0.277, 0.342, 0.414, 0.485, 0.545, 0.591, 0.624, 0.645, 0.659, 0.667, 0.672, 0.675, 0.677, 0.678, 0.679, 0.679, 0.68, 0.68, 0.68, 0.68, 0.68, 0.68, 0.68, 0.68, 0.68, 0.68, 0.68, 0.68, 0.68, 0.68, 0.68, 0.68, 0.68, 0.68, 0.68, 0.68, 0.68, 0.68, 0.68, 0.68, 0.68, 0.68, 0.68, 0.68, 0.68, 0.68, 0.68, 0.68, 0.68, 0.68, 0.68, 0.68]","[0.024, 0.075, 0.06, 0.074, 0.087, 0.091, 0.085, 0.085, 0.031]","[0.33, -0.89, 0.38, 0.07]",0.33,-0.89,0.38,0.07
2023-07-19,2,144,907,['Bpod5'],720,370,350,462,234,528,326,202,281,237,168,32,136,0.7333333333333333,0.8810810810810811,0.5771428571428572,696,358,338,404,311,93,0.6731601731601732,0.3974358974358974,279,141,138,0.3051948051948052,0.5897435897435898,0.7586206896551724,0.9106145251396648,0.5976331360946746,0.8082788671023965,-0.3129813890449902,0.6955445544554455,0.8494623655913979,-0.15391781113595238,0.5352980352980353,0.44746919746919744,24,12,12,0.03333333333333333,0.032432432432432434,0.03428571428571429,528,326,202,1320.0,815.0,505.0,0,0,0,0,0.5,0.5,"psych_curve(xdata=array([-70.,  -8.,  -4.,  -2.,   0.,   2.,   4.,   8.,  70.]), ydata=[0.068, 0.088, 0.111, 0.182, 0.194, 0.325, 0.387, 0.667, 0.68], fit=[0.09, 0.09, 0.09, 0.09, 0.09, 0.09, 0.09, 0.09, 0.09, 0.09, 0.09, 0.09, 0.09, 0.09, 0.09, 0.09, 0.09, 0.09, 0.09, 0.09, 0.09, 0.09, 0.09, 0.09, 0.09, 0.09, 0.09, 0.09, 0.09, 0.09, 0.09, 0.09, 0.09, 0.09, 0.09, 0.09, 0.09, 0.09, 0.09, 0.09, 0.091, 0.091, 0.092, 0.093, 0.095, 0.1, 0.108, 0.121, 0.144, 0.181, 0.237, 0.313, 0.402, 0.489, 0.562, 0.615, 0.65, 0.671, 0.684, 0.691, 0.695, 0.697, 0.698, 0.699, 0.7, 0.7, 0.7, 0.7, 0.7, 0.7, 0.7, 0.7, 0.7, 0.7, 0.7, 0.7, 0.7, 0.7, 0.7, 0.7, 0.7, 0.7, 0.7, 0.7, 0.7, 0.7, 0.7, 0.7, 0.7, 0.7, 0.7, 0.7, 0.7, 0.7, 0.7, 0.7, 0.7, 0.7, 0.7, 0.7], params=[0.42, 3.43, 0.09, 0.3], fit_error=[0.017, 0.049, 0.062, 0.059, 0.072, 0.075, 0.089, 0.088, 0.031])",[-70.  -8.  -4.  -2.   0.   2.   4.   8.  70.],"[0.068, 0.088, 0.111, 0.182, 0.194, 0.325, 0.387, 0.667, 0.68]","[0.09, 0.09, 0.09, 0.09, 0.09, 0.09, 0.09, 0.09, 0.09, 0.09, 0.09, 0.09, 0.09, 0.09, 0.09, 0.09, 0.09, 0.09, 0.09, 0.09, 0.09, 0.09, 0.09, 0.09, 0.09, 0.09, 0.09, 0.09, 0.09, 0.09, 0.09, 0.09, 0.09, 0.09, 0.09, 0.09, 0.09, 0.09, 0.09, 0.09, 0.091, 0.091, 0.092, 0.093, 0.095, 0.1, 0.108, 0.121, 0.144, 0.181, 0.237, 0.313, 0.402, 0.489, 0.562, 0.615, 0.65, 0.671, 0.684, 0.691, 0.695, 0.697, 0.698, 0.699, 0.7, 0.7, 0.7, 0.7, 0.7, 0.7, 0.7, 0.7, 0.7, 0.7, 0.7, 0.7, 0.7, 0.7, 0.7, 0.7, 0.7, 0.7, 0.7, 0.7, 0.7, 0.7, 0.7, 0.7, 0.7, 0.7, 0.7, 0.7, 0.7, 0.7, 0.7, 0.7, 0.7, 0.7, 0.7, 0.7]","[0.017, 0.049, 0.062, 0.059, 0.072, 0.075, 0.089, 0.088, 0.031]","[0.42, 3.43, 0.09, 0.3]",0.42,3.43,0.09,0.3,"psych_curve(xdata=array([-70.,  -8.,  -4.,  -2.,  -0.,   2.,   4.,   8.,  70.]), ydata=[0.274, 0.273, 0.545, 0.556, 0.677, 0.737, 0.875, 0.871, 0.9], fit=[nan, nan, nan, nan, nan, nan, nan, nan, nan, nan, nan, nan, nan, nan, nan, nan, nan, nan, nan, nan, nan, nan, nan, nan, nan, nan, nan, nan, nan, nan, nan, nan, nan, nan, nan, nan, nan, nan, nan, nan, nan, nan, nan, nan, nan, nan, nan, nan, nan, nan, nan, nan, nan, nan, nan, nan, nan, nan, nan, nan, nan, nan, nan, nan, nan, nan, nan, nan, nan, nan, nan, nan, nan, nan, nan, nan, nan, nan, nan, nan, nan, nan, nan, nan, nan, nan, nan, nan, nan, nan, nan, nan, nan, nan, nan, nan, nan, nan, nan, nan], params=[0.34, -2.09, 0.25, 0.1], fit_error=[0.029, 0.079, 0.088, 0.075, 0.085, 0.072, 0.069, 0.061, 0.021])",[-70.  -8.  -4.  -2.   0.   2.   4.   8.  70.],"[0.068, 0.088, 0.111, 0.182, 0.194, 0.325, 0.387, 0.667, 0.68]","[0.09, 0.09, 0.09, 0.09, 0.09, 0.09, 0.09, 0.09, 0.09, 0.09, 0.09, 0.09, 0.09, 0.09, 0.09, 0.09, 0.09, 0.09, 0.09, 0.09, 0.09, 0.09, 0.09, 0.09, 0.09, 0.09, 0.09, 0.09, 0.09, 0.09, 0.09, 0.09, 0.09, 0.09, 0.09, 0.09, 0.09, 0.09, 0.09, 0.09, 0.091, 0.091, 0.092, 0.093, 0.095, 0.1, 0.108, 0.121, 0.144, 0.181, 0.237, 0.313, 0.402, 0.489, 0.562, 0.615, 0.65, 0.671, 0.684, 0.691, 0.695, 0.697, 0.698, 0.699, 0.7, 0.7, 0.7, 0.7, 0.7, 0.7, 0.7, 0.7, 0.7, 0.7, 0.7, 0.7, 0.7, 0.7, 0.7, 0.7, 0.7, 0.7, 0.7, 0.7, 0.7, 0.7, 0.7, 0.7, 0.7, 0.7, 0.7, 0.7, 0.7, 0.7, 0.7, 0.7, 0.7, 0.7, 0.7, 0.7]","[0.017, 0.049, 0.062, 0.059, 0.072, 0.075, 0.089, 0.088, 0.031]","[0.34, -2.09, 0.25, 0.1]",0.34,-2.09,0.25,0.1
2023-07-20,3,145,907,['Bpod5'],751,368,383,450,282,536,307,229,278,251,196,53,143,0.7137150466045273,0.8342391304347826,0.597911227154047,732,360,372,396,277,119,0.6155555555555555,0.4219858156028369,326,163,163,0.3622222222222222,0.5780141843971631,0.73224043715847,0.8527777777777777,0.6155913978494624,0.813953488372093,-0.23718637992831537,0.702020202020202,0.7699386503067485,-0.06791844828654647,0.5187706855791963,0.4701182033096927,19,8,11,0.02529960053262317,0.021739130434782608,0.028720626631853787,536,307,229,1340.0,767.5,572.5,0,0,0,0,0.5,0.5,"psych_curve(xdata=array([-70.,  -8.,  -4.,  -2.,   0.,   2.,   4.,   8.,  70.]), ydata=[0.094, 0.185, 0.162, 0.382, 0.382, 0.341, 0.366, 0.667, 0.716], fit=[0.11, 0.11, 0.11, 0.11, 0.11, 0.11, 0.11, 0.11, 0.11, 0.11, 0.11, 0.11, 0.11, 0.11, 0.11, 0.11, 0.11, 0.11, 0.11, 0.11, 0.11, 0.11, 0.11, 0.11, 0.11, 0.11, 0.11, 0.11, 0.111, 0.111, 0.111, 0.111, 0.112, 0.113, 0.114, 0.115, 0.116, 0.119, 0.121, 0.125, 0.13, 0.137, 0.146, 0.157, 0.172, 0.191, 0.214, 0.242, 0.276, 0.314, 0.357, 0.402, 0.448, 0.493, 0.535, 0.572, 0.604, 0.631, 0.654, 0.671, 0.685, 0.696, 0.705, 0.711, 0.716, 0.719, 0.722, 0.724, 0.726, 0.727, 0.728, 0.728, 0.729, 0.729, 0.729, 0.729, 0.73, 0.73, 0.73, 0.73, 0.73, 0.73, 0.73, 0.73, 0.73, 0.73, 0.73, 0.73, 0.73, 0.73, 0.73, 0.73, 0.73, 0.73, 0.73, 0.73, 0.73, 0.73, 0.73, 0.73], params=[0.21, 2.67, 0.11, 0.27], fit_error=[0.019, 0.076, 0.061, 0.085, 0.085, 0.072, 0.076, 0.074, 0.03])",[-70.  -8.  -4.  -2.   0.   2.   4.   8.  70.],"[0.094, 0.185, 0.162, 0.382, 0.382, 0.341, 0.366, 0.667, 0.716]","[0.11, 0.11, 0.11, 0.11, 0.11, 0.11, 0.11, 0.11, 0.11, 0.11, 0.11, 0.11, 0.11, 0.11, 0.11, 0.11, 0.11, 0.11, 0.11, 0.11, 0.11, 0.11, 0.11, 0.11, 0.11, 0.11, 0.11, 0.11, 0.111, 0.111, 0.111, 0.111, 0.112, 0.113, 0.114, 0.115, 0.116, 0.119, 0.121, 0.125, 0.13, 0.137, 0.146, 0.157, 0.172, 0.191, 0.214, 0.242, 0.276, 0.314, 0.357, 0.402, 0.448, 0.493, 0.535, 0.572, 0.604, 0.631, 0.654, 0.671, 0.685, 0.696, 0.705, 0.711, 0.716, 0.719, 0.722, 0.724, 0.726, 0.727, 0.728, 0.728, 0.729, 0.729, 0.729, 0.729, 0.73, 0.73, 0.73, 0.73, 0.73, 0.73, 0.73, 0.73, 0.73, 0.73, 0.73, 0.73, 0.73, 0.73, 0.73, 0.73, 0.73, 0.73, 0.73, 0.73, 0.73, 0.73, 0.73, 0.73]","[0.019, 0.076, 0.061, 0.085, 0.085, 0.072, 0.076, 0.074, 0.03]","[0.21, 2.67, 0.11, 0.27]",0.21,2.67,0.11,0.27,"psych_curve(xdata=array([-70.,  -8.,  -4.,  -2.,   0.,   2.,   4.,   8.,  70.]), ydata=[0.24, 0.294, 0.5, 0.615, 0.5, 0.526, 0.651, 0.758, 0.876], fit=[nan, nan, nan, nan, nan, nan, nan, nan, nan, nan, nan, nan, nan, nan, nan, nan, nan, nan, nan, nan, nan, nan, nan, nan, nan, nan, nan, nan, nan, nan, nan, nan, nan, nan, nan, nan, nan, nan, nan, nan, nan, nan, nan, nan, nan, nan, nan, nan, nan, nan, nan, nan, nan, nan, nan, nan, nan, nan, nan, nan, nan, nan, nan, nan, nan, nan, nan, nan, nan, nan, nan, nan, nan, nan, nan, nan, nan, nan, nan, nan, nan, nan, nan, nan, nan, nan, nan, nan, nan, nan, nan, nan, nan, nan, nan, nan, nan, nan, nan, nan], params=[0.16, 0.11, 0.23, 0.12], fit_error=[0.027, 0.079, 0.087, 0.079, 0.087, 0.082, 0.074, 0.076, 0.022])",[-70.  -8.  -4.  -2.   0.   2.   4.   8.  70.],"[0.094, 0.185, 0.162, 0.382, 0.382, 0.341, 0.366, 0.667, 0.716]","[0.11, 0.11, 0.11, 0.11, 0.11, 0.11, 0.11, 0.11, 0.11, 0.11, 0.11, 0.11, 0.11, 0.11, 0.11, 0.11, 0.11, 0.11, 0.11, 0.11, 0.11, 0.11, 0.11, 0.11, 0.11, 0.11, 0.11, 0.11, 0.111, 0.111, 0.111, 0.111, 0.112, 0.113, 0.114, 0.115, 0.116, 0.119, 0.121, 0.125, 0.13, 0.137, 0.146, 0.157, 0.172, 0.191, 0.214, 0.242, 0.276, 0.314, 0.357, 0.402, 0.448, 0.493, 0.535, 0.572, 0.604, 0.631, 0.654, 0.671, 0.685, 0.696, 0.705, 0.711, 0.716, 0.719, 0.722, 0.724, 0.726, 0.727, 0.728, 0.728, 0.729, 0.729, 0.729, 0.729, 0.73, 0.73, 0.73, 0.73, 0.73, 0.73, 0.73, 0.73, 0.73, 0.73, 0.73, 0.73, 0.73, 0.73, 0.73, 0.73, 0.73, 0.73, 0.73, 0.73, 0.73, 0.73, 0.73, 0.73]","[0.019, 0.076, 0.061, 0.085, 0.085, 0.072, 0.076, 0.074, 0.03]","[0.16, 0.11, 0.23, 0.12]",0.16,0.11,0.23,0.12
2023-07-21,4,146,907,['Bpod8'],476,238,238,332,121,266,186,80,162,97,187,41,146,0.5588235294117647,0.7815126050420168,0.33613445378151263,453,227,226,294,248,46,0.7469879518072289,0.38016528925619836,145,73,72,0.21987951807228914,0.5950413223140496,0.58719646799117,0.8193832599118943,0.35398230088495575,0.6123188405797102,-0.46540095902693857,0.5510204081632653,0.6689655172413793,-0.11794510907811406,0.5635766205317136,0.40746042019316936,23,11,12,0.04831932773109244,0.046218487394957986,0.05042016806722689,266,186,80,665.0,465.0,200.0,0,0,0,0,0.5,0.5,"psych_curve(xdata=array([-70.,  -8.,  -4.,  -2.,   0.,   2.,   4.,   8.,  70.]), ydata=[0.185, 0.138, 0.188, 0.206, 0.08, 0.333, 0.222, 0.316, 0.418], fit=[0.16, 0.16, 0.16, 0.16, 0.16, 0.16, 0.16, 0.16, 0.16, 0.16, 0.16, 0.16, 0.16, 0.16, 0.16, 0.16, 0.16, 0.16, 0.16, 0.16, 0.16, 0.16, 0.16, 0.16, 0.16, 0.16, 0.16, 0.16, 0.16, 0.16, 0.16, 0.16, 0.16, 0.16, 0.16, 0.16, 0.16, 0.16, 0.16, 0.16, 0.16, 0.16, 0.16, 0.16, 0.16, 0.16, 0.16, 0.16, 0.16, 0.16, 0.16, 0.32, 0.32, 0.32, 0.32, 0.32, 0.32, 0.32, 0.32, 0.32, 0.32, 0.32, 0.32, 0.32, 0.32, 0.32, 0.32, 0.32, 0.32, 0.32, 0.32, 0.32, 0.32, 0.32, 0.32, 0.32, 0.32, 0.32, 0.32, 0.32, 0.32, 0.32, 0.32, 0.32, 0.32, 0.32, 0.32, 0.32, 0.32, 0.32, 0.32, 0.32, 0.32, 0.32, 0.32, 0.32, 0.32, 0.32, 0.32, 0.32], params=[12.76, 1.17, 0.16, 0.68], fit_error=[0.034, 0.065, 0.101, 0.07, 0.055, 0.092, 0.082, 0.11, 0.042])",[-70.  -8.  -4.  -2.   0.   2.   4.   8.  70.],"[0.185, 0.138, 0.188, 0.206, 0.08, 0.333, 0.222, 0.316, 0.418]","[0.16, 0.16, 0.16, 0.16, 0.16, 0.16, 0.16, 0.16, 0.16, 0.16, 0.16, 0.16, 0.16, 0.16, 0.16, 0.16, 0.16, 0.16, 0.16, 0.16, 0.16, 0.16, 0.16, 0.16, 0.16, 0.16, 0.16, 0.16, 0.16, 0.16, 0.16, 0.16, 0.16, 0.16, 0.16, 0.16, 0.16, 0.16, 0.16, 0.16, 0.16, 0.16, 0.16, 0.16, 0.16, 0.16, 0.16, 0.16, 0.16, 0.16, 0.16, 0.32, 0.32, 0.32, 0.32, 0.32, 0.32, 0.32, 0.32, 0.32, 0.32, 0.32, 0.32, 0.32, 0.32, 0.32, 0.32, 0.32, 0.32, 0.32, 0.32, 0.32, 0.32, 0.32, 0.32, 0.32, 0.32, 0.32, 0.32, 0.32, 0.32, 0.32, 0.32, 0.32, 0.32, 0.32, 0.32, 0.32, 0.32, 0.32, 0.32, 0.32, 0.32, 0.32, 0.32, 0.32, 0.32, 0.32, 0.32, 0.32]","[0.034, 0.065, 0.101, 0.07, 0.055, 0.092, 0.082, 0.11, 0.042]","[12.76, 1.17, 0.16, 0.68]",12.76,1.17,0.16,0.68,"psych_curve(xdata=array([-70.,  -8.,  -4.,  -2.,   0.,   2.,   4.,   8.,  70.]), ydata=[0.538, 0.524, 0.692, 0.679, 0.542, 0.839, 0.647, 0.76, 0.811], fit=[nan, nan, nan, nan, nan, nan, nan, nan, nan, nan, nan, nan, nan, nan, nan, nan, nan, nan, nan, nan, nan, nan, nan, nan, nan, nan, nan, nan, nan, nan, nan, nan, nan, nan, nan, nan, nan, nan, nan, nan, nan, nan, nan, nan, nan, nan, nan, nan, nan, nan, nan, nan, nan, nan, nan, nan, nan, nan, nan, nan, nan, nan, nan, nan, nan, nan, nan, nan, nan, nan, nan, nan, nan, nan, nan, nan, nan, nan, nan, nan, nan, nan, nan, nan, nan, nan, nan, nan, nan, nan, nan, nan, nan, nan, nan, nan, nan, nan, nan, nan], params=[15.34, 0.67, 0.59, 0.24], fit_error=[0.042, 0.112, 0.092, 0.09, 0.104, 0.067, 0.119, 0.087, 0.036])",[-70.  -8.  -4.  -2.   0.   2.   4.   8.  70.],"[0.185, 0.138, 0.188, 0.206, 0.08, 0.333, 0.222, 0.316, 0.418]","[0.16, 0.16, 0.16, 0.16, 0.16, 0.16, 0.16, 0.16, 0.16, 0.16, 0.16, 0.16, 0.16, 0.16, 0.16, 0.16, 0.16, 0.16, 0.16, 0.16, 0.16, 0.16, 0.16, 0.16, 0.16, 0.16, 0.16, 0.16, 0.16, 0.16, 0.16, 0.16, 0.16, 0.16, 0.16, 0.16, 0.16, 0.16, 0.16, 0.16, 0.16, 0.16, 0.16, 0.16, 0.16, 0.16, 0.16, 0.16, 0.16, 0.16, 0.16, 0.32, 0.32, 0.32, 0.32, 0.32, 0.32, 0.32, 0.32, 0.32, 0.32, 0.32, 0.32, 0.32, 0.32, 0.32, 0.32, 0.32, 0.32, 0.32, 0.32, 0.32, 0.32, 0.32, 0.32, 0.32, 0.32, 0.32, 0.32, 0.32, 0.32, 0.32, 0.32, 0.32, 0.32, 0.32, 0.32, 0.32, 0.32, 0.32, 0.32, 0.32, 0.32, 0.32, 0.32, 0.32, 0.32, 0.32, 0.32, 0.32]","[0.034, 0.065, 0.101, 0.07, 0.055, 0.092, 0.082, 0.11, 0.042]","[15.34, 0.67, 0.59, 0.24]",15.34,0.67,0.59,0.24
2023-07-24,0,149,907,['Bpod5'],865,403,462,507,345,591,321,270,345,243,261,75,186,0.6832369942196532,0.7965260545905707,0.5844155844155844,852,396,456,537,347,190,0.6844181459566075,0.5507246376811594,309,154,155,0.3037475345167653,0.4492753623188406,0.6936619718309859,0.8106060606060606,0.5921052631578947,0.7565543071161048,-0.21850079744816586,0.6424581005586593,0.7864077669902912,-0.14394966643163198,0.6175713918188834,0.37651144841780293,13,7,6,0.015028901734104046,0.017369727047146403,0.012987012987012988,591,321,270,1477.5,802.5,675.0,0,0,0,0,0.5,0.5,"psych_curve(xdata=array([-70.,  -8.,  -4.,  -2.,   0.,   2.,   4.,   8.,  70.]), ydata=[0.156, 0.091, 0.256, 0.314, 0.295, 0.46, 0.5, 0.553, 0.675], fit=[0.12, 0.12, 0.12, 0.12, 0.12, 0.12, 0.12, 0.12, 0.12, 0.12, 0.12, 0.12, 0.12, 0.12, 0.12, 0.12, 0.12, 0.12, 0.12, 0.12, 0.12, 0.12, 0.12, 0.12, 0.12, 0.12, 0.12, 0.12, 0.12, 0.12, 0.12, 0.12, 0.12, 0.121, 0.121, 0.121, 0.122, 0.123, 0.124, 0.126, 0.129, 0.133, 0.14, 0.149, 0.162, 0.18, 0.204, 0.237, 0.277, 0.324, 0.376, 0.429, 0.48, 0.524, 0.56, 0.588, 0.61, 0.625, 0.636, 0.644, 0.649, 0.652, 0.655, 0.657, 0.658, 0.658, 0.659, 0.659, 0.66, 0.66, 0.66, 0.66, 0.66, 0.66, 0.66, 0.66, 0.66, 0.66, 0.66, 0.66, 0.66, 0.66, 0.66, 0.66, 0.66, 0.66, 0.66, 0.66, 0.66, 0.66, 0.66, 0.66, 0.66, 0.66, 0.66, 0.66, 0.66, 0.66, 0.66, 0.66], params=[0.28, 1.07, 0.12, 0.34], fit_error=[0.023, 0.051, 0.071, 0.066, 0.07, 0.071, 0.069, 0.073, 0.028])",[-70.  -8.  -4.  -2.   0.   2.   4.   8.  70.],"[0.156, 0.091, 0.256, 0.314, 0.295, 0.46, 0.5, 0.553, 0.675]","[0.12, 0.12, 0.12, 0.12, 0.12, 0.12, 0.12, 0.12, 0.12, 0.12, 0.12, 0.12, 0.12, 0.12, 0.12, 0.12, 0.12, 0.12, 0.12, 0.12, 0.12, 0.12, 0.12, 0.12, 0.12, 0.12, 0.12, 0.12, 0.12, 0.12, 0.12, 0.12, 0.12, 0.121, 0.121, 0.121, 0.122, 0.123, 0.124, 0.126, 0.129, 0.133, 0.14, 0.149, 0.162, 0.18, 0.204, 0.237, 0.277, 0.324, 0.376, 0.429, 0.48, 0.524, 0.56, 0.588, 0.61, 0.625, 0.636, 0.644, 0.649, 0.652, 0.655, 0.657, 0.658, 0.658, 0.659, 0.659, 0.66, 0.66, 0.66, 0.66, 0.66, 0.66, 0.66, 0.66, 0.66, 0.66, 0.66, 0.66, 0.66, 0.66, 0.66, 0.66, 0.66, 0.66, 0.66, 0.66, 0.66, 0.66, 0.66, 0.66, 0.66, 0.66, 0.66, 0.66, 0.66, 0.66, 0.66, 0.66]","[0.023, 0.051, 0.071, 0.066, 0.07, 0.071, 0.069, 0.073, 0.028]","[0.28, 1.07, 0.12, 0.34]",0.28,1.07,0.12,0.34,"psych_curve(xdata=array([-70.,  -8.,  -4.,  -2.,   0.,   2.,   4.,   8.,  70.]), ydata=[0.365, 0.538, 0.5, 0.578, 0.682, 0.696, 0.732, 0.927, 0.894], fit=[nan, nan, nan, nan, nan, nan, nan, nan, nan, nan, nan, nan, nan, nan, nan, nan, nan, nan, nan, nan, nan, nan, nan, nan, nan, nan, nan, nan, nan, nan, nan, nan, nan, nan, nan, nan, nan, nan, nan, nan, nan, nan, nan, nan, nan, nan, nan, nan, nan, nan, nan, nan, nan, nan, nan, nan, nan, nan, nan, nan, nan, nan, nan, nan, nan, nan, nan, nan, nan, nan, nan, nan, nan, nan, nan, nan, nan, nan, nan, nan, nan, nan, nan, nan, nan, nan, nan, nan, nan, nan, nan, nan, nan, nan, nan, nan, nan, nan, nan, nan], params=[0.24, 0.26, 0.4, 0.07], fit_error=[0.029, 0.081, 0.07, 0.074, 0.071, 0.062, 0.07, 0.041, 0.019])",[-70.  -8.  -4.  -2.   0.   2.   4.   8.  70.],"[0.156, 0.091, 0.256, 0.314, 0.295, 0.46, 0.5, 0.553, 0.675]","[0.12, 0.12, 0.12, 0.12, 0.12, 0.12, 0.12, 0.12, 0.12, 0.12, 0.12, 0.12, 0.12, 0.12, 0.12, 0.12, 0.12, 0.12, 0.12, 0.12, 0.12, 0.12, 0.12, 0.12, 0.12, 0.12, 0.12, 0.12, 0.12, 0.12, 0.12, 0.12, 0.12, 0.121, 0.121, 0.121, 0.122, 0.123, 0.124, 0.126, 0.129, 0.133, 0.14, 0.149, 0.162, 0.18, 0.204, 0.237, 0.277, 0.324, 0.376, 0.429, 0.48, 0.524, 0.56, 0.588, 0.61, 0.625, 0.636, 0.644, 0.649, 0.652, 0.655, 0.657, 0.658, 0.658, 0.659, 0.659, 0.66, 0.66, 0.66, 0.66, 0.66, 0.66, 0.66, 0.66, 0.66, 0.66, 0.66, 0.66, 0.66, 0.66, 0.66, 0.66, 0.66, 0.66, 0.66, 0.66, 0.66, 0.66, 0.66, 0.66, 0.66, 0.66, 0.66, 0.66, 0.66, 0.66, 0.66, 0.66]","[0.023, 0.051, 0.071, 0.066, 0.07, 0.071, 0.069, 0.073, 0.028]","[0.24, 0.26, 0.4, 0.07]",0.24,0.26,0.4,0.07
2023-07-25,1,150,907,['Bpod5'],686,341,345,449,212,462,290,172,262,190,199,40,159,0.673469387755102,0.8504398826979472,0.4985507246376812,661,330,331,417,319,98,0.7104677060133631,0.46226415094339623,224,111,113,0.24721603563474387,0.5330188679245284,0.6989409984871406,0.8787878787878788,0.5196374622356495,0.7475490196078431,-0.35915041655222923,0.6282973621103117,0.8482142857142857,-0.21991692360397397,0.5863659284783796,0.3901174517796361,25,11,14,0.03644314868804665,0.03225806451612903,0.04057971014492753,462,290,172,1155.0,725.0,430.0,0,0,0,0,0.5,0.5,"psych_curve(xdata=array([-70.,  -8.,  -4.,  -2.,   0.,   2.,   4.,   8.,  70.]), ydata=[0.084, 0.159, 0.057, 0.294, 0.276, 0.385, 0.351, 0.571, 0.583], fit=[0.09, 0.09, 0.09, 0.09, 0.09, 0.09, 0.09, 0.09, 0.09, 0.09, 0.09, 0.09, 0.09, 0.09, 0.09, 0.09, 0.09, 0.09, 0.09, 0.09, 0.09, 0.09, 0.09, 0.09, 0.09, 0.09, 0.09, 0.09, 0.09, 0.09, 0.09, 0.09, 0.09, 0.09, 0.09, 0.091, 0.091, 0.091, 0.092, 0.093, 0.095, 0.098, 0.102, 0.108, 0.117, 0.13, 0.149, 0.174, 0.208, 0.251, 0.3, 0.353, 0.404, 0.451, 0.489, 0.519, 0.541, 0.557, 0.568, 0.575, 0.58, 0.584, 0.586, 0.587, 0.588, 0.589, 0.589, 0.589, 0.59, 0.59, 0.59, 0.59, 0.59, 0.59, 0.59, 0.59, 0.59, 0.59, 0.59, 0.59, 0.59, 0.59, 0.59, 0.59, 0.59, 0.59, 0.59, 0.59, 0.59, 0.59, 0.59, 0.59, 0.59, 0.59, 0.59, 0.59, 0.59, 0.59, 0.59, 0.59], params=[0.3, 1.78, 0.09, 0.41], fit_error=[0.02, 0.056, 0.04, 0.079, 0.084, 0.079, 0.08, 0.085, 0.034])",[-70.  -8.  -4.  -2.   0.   2.   4.   8.  70.],"[0.084, 0.159, 0.057, 0.294, 0.276, 0.385, 0.351, 0.571, 0.583]","[0.09, 0.09, 0.09, 0.09, 0.09, 0.09, 0.09, 0.09, 0.09, 0.09, 0.09, 0.09, 0.09, 0.09, 0.09, 0.09, 0.09, 0.09, 0.09, 0.09, 0.09, 0.09, 0.09, 0.09, 0.09, 0.09, 0.09, 0.09, 0.09, 0.09, 0.09, 0.09, 0.09, 0.09, 0.09, 0.091, 0.091, 0.091, 0.092, 0.093, 0.095, 0.098, 0.102, 0.108, 0.117, 0.13, 0.149, 0.174, 0.208, 0.251, 0.3, 0.353, 0.404, 0.451, 0.489, 0.519, 0.541, 0.557, 0.568, 0.575, 0.58, 0.584, 0.586, 0.587, 0.588, 0.589, 0.589, 0.589, 0.59, 0.59, 0.59, 0.59, 0.59, 0.59, 0.59, 0.59, 0.59, 0.59, 0.59, 0.59, 0.59, 0.59, 0.59, 0.59, 0.59, 0.59, 0.59, 0.59, 0.59, 0.59, 0.59, 0.59, 0.59, 0.59, 0.59, 0.59, 0.59, 0.59, 0.59, 0.59]","[0.02, 0.056, 0.04, 0.079, 0.084, 0.079, 0.08, 0.085, 0.034]","[0.3, 1.78, 0.09, 0.41]",0.3,1.78,0.09,0.41,"psych_curve(xdata=array([-70.,  -8.,  -4.,  -2.,  -0.,   2.,   4.,   8.,  70.]), ydata=[0.397, 0.421, 0.55, 0.579, 0.714, 0.676, 0.9, 0.875, 0.933], fit=[nan, nan, nan, nan, nan, nan, nan, nan, nan, nan, nan, nan, nan, nan, nan, nan, nan, nan, nan, nan, nan, nan, nan, nan, nan, nan, nan, nan, nan, nan, nan, nan, nan, nan, nan, nan, nan, nan, nan, nan, nan, nan, nan, nan, nan, nan, nan, nan, nan, nan, nan, nan, nan, nan, nan, nan, nan, nan, nan, nan, nan, nan, nan, nan, nan, nan, nan, nan, nan, nan, nan, nan, nan, nan, nan, nan, nan, nan, nan, nan, nan, nan, nan, nan, nan, nan, nan, nan, nan, nan, nan, nan, nan, nan, nan, nan, nan, nan, nan, nan], params=[0.32, -0.43, 0.39, 0.07], fit_error=[0.034, 0.081, 0.08, 0.081, 0.087, 0.081, 0.056, 0.053, 0.019])",[-70.  -8.  -4.  -2.   0.   2.   4.   8.  70.],"[0.084, 0.159, 0.057, 0.294, 0.276, 0.385, 0.351, 0.571, 0.583]","[0.09, 0.09, 0.09, 0.09, 0.09, 0.09, 0.09, 0.09, 0.09, 0.09, 0.09, 0.09, 0.09, 0.09, 0.09, 0.09, 0.09, 0.09, 0.09, 0.09, 0.09, 0.09, 0.09, 0.09, 0.09, 0.09, 0.09, 0.09, 0.09, 0.09, 0.09, 0.09, 0.09, 0.09, 0.09, 0.091, 0.091, 0.091, 0.092, 0.093, 0.095, 0.098, 0.102, 0.108, 0.117, 0.13, 0.149, 0.174, 0.208, 0.251, 0.3, 0.353, 0.404, 0.451, 0.489, 0.519, 0.541, 0.557, 0.568, 0.575, 0.58, 0.584, 0.586, 0.587, 0.588, 0.589, 0.589, 0.589, 0.59, 0.59, 0.59, 0.59, 0.59, 0.59, 0.59, 0.59, 0.59, 0.59, 0.59, 0.59, 0.59, 0.59, 0.59, 0.59, 0.59, 0.59, 0.59, 0.59, 0.59, 0.59, 0.59, 0.59, 0.59, 0.59, 0.59, 0.59, 0.59, 0.59, 0.59, 0.59]","[0.02, 0.056, 0.04, 0.079, 0.084, 0.079, 0.08, 0.085, 0.034]","[0.32, -0.43, 0.39, 0.07]",0.32,-0.43,0.39,0.07
2023-07-26,2,151,907,['Bpod5'],702,364,338,405,270,518,302,216,255,252,157,54,103,0.7378917378917379,0.8296703296703297,0.6390532544378699,675,356,319,351,237,114,0.5851851851851851,0.4222222222222222,310,155,155,0.38271604938271603,0.5740740740740741,0.7674074074074074,0.848314606741573,0.677115987460815,0.8541176470588235,-0.17119861928075797,0.7264957264957265,0.8129032258064516,-0.08640749931072511,0.5037037037037037,0.4783950617283951,27,8,19,0.038461538461538464,0.02197802197802198,0.05621301775147929,518,302,216,1295.0,755.0,540.0,0,0,1,0,0.5,0.5,"psych_curve(xdata=array([-70.,  -8.,  -4.,  -2.,   0.,   2.,   4.,   8.,  70.]), ydata=[0.087, 0.143, 0.238, 0.387, 0.429, 0.4, 0.489, 0.75, 0.784], fit=[0.09, 0.09, 0.09, 0.09, 0.09, 0.09, 0.09, 0.09, 0.09, 0.09, 0.09, 0.09, 0.09, 0.09, 0.09, 0.09, 0.09, 0.09, 0.09, 0.09, 0.09, 0.09, 0.09, 0.09, 0.09, 0.09, 0.09, 0.09, 0.091, 0.091, 0.091, 0.092, 0.092, 0.093, 0.094, 0.096, 0.098, 0.101, 0.105, 0.11, 0.117, 0.126, 0.138, 0.154, 0.174, 0.2, 0.233, 0.271, 0.316, 0.367, 0.421, 0.476, 0.529, 0.579, 0.624, 0.662, 0.693, 0.718, 0.738, 0.754, 0.765, 0.774, 0.781, 0.786, 0.79, 0.792, 0.794, 0.796, 0.797, 0.798, 0.798, 0.799, 0.799, 0.799, 0.8, 0.8, 0.8, 0.8, 0.8, 0.8, 0.8, 0.8, 0.8, 0.8, 0.8, 0.8, 0.8, 0.8, 0.8, 0.8, 0.8, 0.8, 0.8, 0.8, 0.8, 0.8, 0.8, 0.8, 0.8, 0.8], params=[0.22, 1.33, 0.09, 0.2], fit_error=[0.019, 0.055, 0.067, 0.089, 0.095, 0.091, 0.075, 0.078, 0.03])",[-70.  -8.  -4.  -2.   0.   2.   4.   8.  70.],"[0.087, 0.143, 0.238, 0.387, 0.429, 0.4, 0.489, 0.75, 0.784]","[0.09, 0.09, 0.09, 0.09, 0.09, 0.09, 0.09, 0.09, 0.09, 0.09, 0.09, 0.09, 0.09, 0.09, 0.09, 0.09, 0.09, 0.09, 0.09, 0.09, 0.09, 0.09, 0.09, 0.09, 0.09, 0.09, 0.09, 0.09, 0.091, 0.091, 0.091, 0.092, 0.092, 0.093, 0.094, 0.096, 0.098, 0.101, 0.105, 0.11, 0.117, 0.126, 0.138, 0.154, 0.174, 0.2, 0.233, 0.271, 0.316, 0.367, 0.421, 0.476, 0.529, 0.579, 0.624, 0.662, 0.693, 0.718, 0.738, 0.754, 0.765, 0.774, 0.781, 0.786, 0.79, 0.792, 0.794, 0.796, 0.797, 0.798, 0.798, 0.799, 0.799, 0.799, 0.8, 0.8, 0.8, 0.8, 0.8, 0.8, 0.8, 0.8, 0.8, 0.8, 0.8, 0.8, 0.8, 0.8, 0.8, 0.8, 0.8, 0.8, 0.8, 0.8, 0.8, 0.8, 0.8, 0.8, 0.8, 0.8]","[0.019, 0.055, 0.067, 0.089, 0.095, 0.091, 0.075, 0.078, 0.03]","[0.22, 1.33, 0.09, 0.2]",0.22,1.33,0.09,0.2,"psych_curve(xdata=array([-70.,  -8.,  -4.,  -2.,  -0.,   2.,   4.,   8.,  70.]), ydata=[0.188, 0.211, 0.5, 0.581, 0.393, 0.63, 0.705, 0.833, 0.902], fit=[nan, nan, nan, nan, nan, nan, nan, nan, nan, nan, nan, nan, nan, nan, nan, nan, nan, nan, nan, nan, nan, nan, nan, nan, nan, nan, nan, nan, nan, nan, nan, nan, nan, nan, nan, nan, nan, nan, nan, nan, nan, nan, nan, nan, nan, nan, nan, nan, nan, nan, nan, nan, nan, nan, nan, nan, nan, nan, nan, nan, nan, nan, nan, nan, nan, nan, nan, nan, nan, nan, nan, nan, nan, nan, nan, nan, nan, nan, nan, nan, nan, nan, nan, nan, nan, nan, nan, nan, nan, nan, nan, nan, nan, nan, nan, nan, nan, nan, nan, nan], params=[0.21, -0.26, 0.17, 0.09], fit_error=[0.026, 0.067, 0.08, 0.09, 0.094, 0.095, 0.07, 0.063, 0.022])",[-70.  -8.  -4.  -2.   0.   2.   4.   8.  70.],"[0.087, 0.143, 0.238, 0.387, 0.429, 0.4, 0.489, 0.75, 0.784]","[0.09, 0.09, 0.09, 0.09, 0.09, 0.09, 0.09, 0.09, 0.09, 0.09, 0.09, 0.09, 0.09, 0.09, 0.09, 0.09, 0.09, 0.09, 0.09, 0.09, 0.09, 0.09, 0.09, 0.09, 0.09, 0.09, 0.09, 0.09, 0.091, 0.091, 0.091, 0.092, 0.092, 0.093, 0.094, 0.096, 0.098, 0.101, 0.105, 0.11, 0.117, 0.126, 0.138, 0.154, 0.174, 0.2, 0.233, 0.271, 0.316, 0.367, 0.421, 0.476, 0.529, 0.579, 0.624, 0.662, 0.693, 0.718, 0.738, 0.754, 0.765, 0.774, 0.781, 0.786, 0.79, 0.792, 0.794, 0.796, 0.797, 0.798, 0.798, 0.799, 0.799, 0.799, 0.8, 0.8, 0.8, 0.8, 0.8, 0.8, 0.8, 0.8, 0.8, 0.8, 0.8, 0.8, 0.8, 0.8, 0.8, 0.8, 0.8, 0.8, 0.8, 0.8, 0.8, 0.8, 0.8, 0.8, 0.8, 0.8]","[0.019, 0.055, 0.067, 0.089, 0.095, 0.091, 0.075, 0.078, 0.03]","[0.21, -0.26, 0.17, 0.09]",0.21,-0.26,0.17,0.09
2023-07-27,3,152,907,['Bpod5'],687,335,352,419,245,474,277,197,284,185,190,48,142,0.6899563318777293,0.826865671641791,0.5596590909090909,664,325,339,426,295,131,0.7040572792362768,0.5346938775510204,227,113,114,0.26968973747016706,0.46530612244897956,0.713855421686747,0.8523076923076923,0.5811209439528023,0.8,-0.27118674835489,0.6666666666666666,0.8149779735682819,-0.14831130690161531,0.6193755783936485,0.3674979299595733,23,10,13,0.033478893740902474,0.029850746268656716,0.036931818181818184,474,277,197,1185.0,692.5,492.5,0,0,0,0,0.5,0.5,"psych_curve(xdata=array([-70.,  -8.,  -4.,  -2.,   0.,   2.,   4.,   8.,  70.]), ydata=[0.095, 0.139, 0.241, 0.143, 0.419, 0.41, 0.303, 0.531, 0.7], fit=[0.09, 0.09, 0.09, 0.09, 0.09, 0.09, 0.09, 0.09, 0.09, 0.09, 0.09, 0.09, 0.09, 0.09, 0.09, 0.09, 0.09, 0.09, 0.09, 0.09, 0.09, 0.09, 0.09, 0.09, 0.09, 0.091, 0.091, 0.091, 0.091, 0.092, 0.092, 0.093, 0.094, 0.095, 0.096, 0.098, 0.1, 0.103, 0.107, 0.112, 0.118, 0.125, 0.135, 0.147, 0.161, 0.179, 0.2, 0.225, 0.253, 0.285, 0.321, 0.358, 0.397, 0.435, 0.473, 0.508, 0.54, 0.568, 0.592, 0.613, 0.63, 0.645, 0.656, 0.665, 0.673, 0.679, 0.683, 0.687, 0.69, 0.692, 0.694, 0.695, 0.696, 0.697, 0.698, 0.698, 0.699, 0.699, 0.699, 0.699, 0.7, 0.7, 0.7, 0.7, 0.7, 0.7, 0.7, 0.7, 0.7, 0.7, 0.7, 0.7, 0.7, 0.7, 0.7, 0.7, 0.7, 0.7, 0.7, 0.7], params=[0.18, 3.47, 0.09, 0.3], fit_error=[0.021, 0.058, 0.081, 0.055, 0.076, 0.08, 0.081, 0.09, 0.032])",[-70.  -8.  -4.  -2.   0.   2.   4.   8.  70.],"[0.095, 0.139, 0.241, 0.143, 0.419, 0.41, 0.303, 0.531, 0.7]","[0.09, 0.09, 0.09, 0.09, 0.09, 0.09, 0.09, 0.09, 0.09, 0.09, 0.09, 0.09, 0.09, 0.09, 0.09, 0.09, 0.09, 0.09, 0.09, 0.09, 0.09, 0.09, 0.09, 0.09, 0.09, 0.091, 0.091, 0.091, 0.091, 0.092, 0.092, 0.093, 0.094, 0.095, 0.096, 0.098, 0.1, 0.103, 0.107, 0.112, 0.118, 0.125, 0.135, 0.147, 0.161, 0.179, 0.2, 0.225, 0.253, 0.285, 0.321, 0.358, 0.397, 0.435, 0.473, 0.508, 0.54, 0.568, 0.592, 0.613, 0.63, 0.645, 0.656, 0.665, 0.673, 0.679, 0.683, 0.687, 0.69, 0.692, 0.694, 0.695, 0.696, 0.697, 0.698, 0.698, 0.699, 0.699, 0.699, 0.699, 0.7, 0.7, 0.7, 0.7, 0.7, 0.7, 0.7, 0.7, 0.7, 0.7, 0.7, 0.7, 0.7, 0.7, 0.7, 0.7, 0.7, 0.7, 0.7, 0.7]","[0.021, 0.058, 0.081, 0.055, 0.076, 0.08, 0.081, 0.09, 0.032]","[0.18, 3.47, 0.09, 0.3]",0.18,3.47,0.09,0.3,"psych_curve(xdata=array([-70.,  -8.,  -4.,  -2.,  -0.,   2.,   4.,   8.,  70.]), ydata=[0.328, 0.472, 0.742, 0.5, 0.628, 0.767, 0.821, 0.906, 0.932], fit=[nan, nan, nan, nan, nan, nan, nan, nan, nan, nan, nan, nan, nan, nan, nan, nan, nan, nan, nan, nan, nan, nan, nan, nan, nan, nan, nan, nan, nan, nan, nan, nan, nan, nan, nan, nan, nan, nan, nan, nan, nan, nan, nan, nan, nan, nan, nan, nan, nan, nan, nan, nan, nan, nan, nan, nan, nan, nan, nan, nan, nan, nan, nan, nan, nan, nan, nan, nan, nan, nan, nan, nan, nan, nan, nan, nan, nan, nan, nan, nan, nan, nan, nan, nan, nan, nan, nan, nan, nan, nan, nan, nan, nan, nan, nan, nan, nan, nan, nan, nan], params=[0.18, -1.73, 0.34, 0.05], fit_error=[0.033, 0.084, 0.08, 0.087, 0.075, 0.065, 0.074, 0.052, 0.018])",[-70.  -8.  -4.  -2.   0.   2.   4.   8.  70.],"[0.095, 0.139, 0.241, 0.143, 0.419, 0.41, 0.303, 0.531, 0.7]","[0.09, 0.09, 0.09, 0.09, 0.09, 0.09, 0.09, 0.09, 0.09, 0.09, 0.09, 0.09, 0.09, 0.09, 0.09, 0.09, 0.09, 0.09, 0.09, 0.09, 0.09, 0.09, 0.09, 0.09, 0.09, 0.091, 0.091, 0.091, 0.091, 0.092, 0.092, 0.093, 0.094, 0.095, 0.096, 0.098, 0.1, 0.103, 0.107, 0.112, 0.118, 0.125, 0.135, 0.147, 0.161, 0.179, 0.2, 0.225, 0.253, 0.285, 0.321, 0.358, 0.397, 0.435, 0.473, 0.508, 0.54, 0.568, 0.592, 0.613, 0.63, 0.645, 0.656, 0.665, 0.673, 0.679, 0.683, 0.687, 0.69, 0.692, 0.694, 0.695, 0.696, 0.697, 0.698, 0.698, 0.699, 0.699, 0.699, 0.699, 0.7, 0.7, 0.7, 0.7, 0.7, 0.7, 0.7, 0.7, 0.7, 0.7, 0.7, 0.7, 0.7, 0.7, 0.7, 0.7, 0.7, 0.7, 0.7, 0.7]","[0.021, 0.058, 0.081, 0.055, 0.076, 0.08, 0.081, 0.09, 0.032]","[0.18, -1.73, 0.34, 0.05]",0.18,-1.73,0.34,0.05
2023-07-28,4,153,907,['Bpod5'],568,282,286,410,147,396,264,132,231,163,161,15,146,0.6971830985915493,0.9361702127659575,0.46153846153846156,557,279,278,348,304,44,0.7414634146341463,0.29931972789115646,206,103,103,0.25121951219512195,0.7006802721088435,0.7109515260323159,0.946236559139785,0.4748201438848921,0.7701492537313432,-0.4714164152548929,0.6637931034482759,0.7912621359223301,-0.12746903247405417,0.5203915712626515,0.47594989215198275,11,3,8,0.01936619718309859,0.010638297872340425,0.027972027972027972,396,264,132,990.0,660.0,330.0,0,0,0,0,0.5,0.5,"psych_curve(xdata=array([-70.,  -8.,  -4.,  -2.,   0.,   2.,   4.,   8.,  70.]), ydata=[0.061, 0.034, 0.025, 0.037, 0.086, 0.324, 0.31, 0.214, 0.61], fit=[0.04, 0.04, 0.04, 0.04, 0.04, 0.04, 0.04, 0.04, 0.04, 0.04, 0.04, 0.04, 0.04, 0.04, 0.04, 0.04, 0.04, 0.04, 0.04, 0.04, 0.04, 0.04, 0.04, 0.04, 0.04, 0.04, 0.04, 0.04, 0.04, 0.04, 0.04, 0.04, 0.04, 0.04, 0.04, 0.04, 0.04, 0.04, 0.04, 0.04, 0.04, 0.04, 0.04, 0.04, 0.04, 0.04, 0.04, 0.04, 0.042, 0.059, 0.16, 0.324, 0.373, 0.379, 0.38, 0.38, 0.38, 0.38, 0.38, 0.38, 0.38, 0.38, 0.38, 0.38, 0.38, 0.38, 0.38, 0.38, 0.38, 0.38, 0.38, 0.38, 0.38, 0.38, 0.38, 0.38, 0.38, 0.38, 0.38, 0.38, 0.38, 0.38, 0.38, 0.38, 0.38, 0.38, 0.38, 0.38, 0.38, 0.38, 0.38, 0.38, 0.38, 0.38, 0.38, 0.38, 0.38, 0.38, 0.38, 0.38], params=[1.57, 1.09, 0.04, 0.62], fit_error=[0.019, 0.034, 0.025, 0.037, 0.048, 0.081, 0.087, 0.079, 0.037])",[-70.  -8.  -4.  -2.   0.   2.   4.   8.  70.],"[0.061, 0.034, 0.025, 0.037, 0.086, 0.324, 0.31, 0.214, 0.61]","[0.04, 0.04, 0.04, 0.04, 0.04, 0.04, 0.04, 0.04, 0.04, 0.04, 0.04, 0.04, 0.04, 0.04, 0.04, 0.04, 0.04, 0.04, 0.04, 0.04, 0.04, 0.04, 0.04, 0.04, 0.04, 0.04, 0.04, 0.04, 0.04, 0.04, 0.04, 0.04, 0.04, 0.04, 0.04, 0.04, 0.04, 0.04, 0.04, 0.04, 0.04, 0.04, 0.04, 0.04, 0.04, 0.04, 0.04, 0.04, 0.042, 0.059, 0.16, 0.324, 0.373, 0.379, 0.38, 0.38, 0.38, 0.38, 0.38, 0.38, 0.38, 0.38, 0.38, 0.38, 0.38, 0.38, 0.38, 0.38, 0.38, 0.38, 0.38, 0.38, 0.38, 0.38, 0.38, 0.38, 0.38, 0.38, 0.38, 0.38, 0.38, 0.38, 0.38, 0.38, 0.38, 0.38, 0.38, 0.38, 0.38, 0.38, 0.38, 0.38, 0.38, 0.38, 0.38, 0.38, 0.38, 0.38, 0.38, 0.38]","[0.019, 0.034, 0.025, 0.037, 0.048, 0.081, 0.087, 0.079, 0.037]","[1.57, 1.09, 0.04, 0.62]",1.57,1.09,0.04,0.62,"psych_curve(xdata=array([-70.,  -8.,  -4.,  -2.,   0.,   2.,   4.,   8.,  70.]), ydata=[0.322, 0.81, 0.448, 0.486, 0.8, 0.731, 0.795, 0.857, 0.877], fit=[nan, nan, nan, nan, nan, nan, nan, nan, nan, nan, nan, nan, nan, nan, nan, nan, nan, nan, nan, nan, nan, nan, nan, nan, nan, nan, nan, nan, nan, nan, nan, nan, nan, nan, nan, nan, nan, nan, nan, nan, nan, nan, nan, nan, nan, nan, nan, nan, nan, nan, nan, nan, nan, nan, nan, nan, nan, nan, nan, nan, nan, nan, nan, nan, nan, nan, nan, nan, nan, nan, nan, nan, nan, nan, nan, nan, nan, nan, nan, nan, nan, nan, nan, nan, nan, nan, nan, nan, nan, nan, nan, nan, nan, nan, nan, nan, nan, nan, nan, nan], params=[7.82, -0.38, 0.52, 0.19], fit_error=[0.035, 0.088, 0.094, 0.086, 0.069, 0.089, 0.066, 0.06, 0.027])",[-70.  -8.  -4.  -2.   0.   2.   4.   8.  70.],"[0.061, 0.034, 0.025, 0.037, 0.086, 0.324, 0.31, 0.214, 0.61]","[0.04, 0.04, 0.04, 0.04, 0.04, 0.04, 0.04, 0.04, 0.04, 0.04, 0.04, 0.04, 0.04, 0.04, 0.04, 0.04, 0.04, 0.04, 0.04, 0.04, 0.04, 0.04, 0.04, 0.04, 0.04, 0.04, 0.04, 0.04, 0.04, 0.04, 0.04, 0.04, 0.04, 0.04, 0.04, 0.04, 0.04, 0.04, 0.04, 0.04, 0.04, 0.04, 0.04, 0.04, 0.04, 0.04, 0.04, 0.04, 0.042, 0.059, 0.16, 0.324, 0.373, 0.379, 0.38, 0.38, 0.38, 0.38, 0.38, 0.38, 0.38, 0.38, 0.38, 0.38, 0.38, 0.38, 0.38, 0.38, 0.38, 0.38, 0.38, 0.38, 0.38, 0.38, 0.38, 0.38, 0.38, 0.38, 0.38, 0.38, 0.38, 0.38, 0.38, 0.38, 0.38, 0.38, 0.38, 0.38, 0.38, 0.38, 0.38, 0.38, 0.38, 0.38, 0.38, 0.38, 0.38, 0.38, 0.38, 0.38]","[0.019, 0.034, 0.025, 0.037, 0.048, 0.081, 0.087, 0.079, 0.037]","[7.82, -0.38, 0.52, 0.19]",7.82,-0.38,0.52,0.19
2023-07-31,0,156,907,['Bpod5'],816,406,410,543,230,535,349,186,322,194,238,44,194,0.6556372549019608,0.8596059113300493,0.45365853658536587,773,393,380,499,391,108,0.7200736648250461,0.46956521739130436,242,121,121,0.22283609576427257,0.5260869565217391,0.6921086675291074,0.8880407124681934,0.48947368421052634,0.7637130801687764,-0.39856702825766704,0.6452905811623246,0.8016528925619835,-0.15636231139965884,0.5948194411081752,0.3744615261430058,43,13,30,0.05269607843137255,0.03201970443349754,0.07317073170731707,535,349,186,1337.5,872.5,465.0,0,0,0,0,0.5,0.5,"psych_curve(xdata=array([-70.,  -8.,  -4.,  -2.,   0.,   2.,   4.,   8.,  70.]), ydata=[0.093, 0.028, 0.167, 0.205, 0.149, 0.243, 0.439, 0.353, 0.608], fit=[0.06, 0.06, 0.06, 0.06, 0.06, 0.06, 0.06, 0.06, 0.06, 0.06, 0.06, 0.06, 0.06, 0.06, 0.06, 0.06, 0.06, 0.06, 0.06, 0.06, 0.06, 0.06, 0.06, 0.06, 0.06, 0.06, 0.06, 0.06, 0.061, 0.061, 0.061, 0.061, 0.062, 0.062, 0.063, 0.064, 0.065, 0.067, 0.069, 0.072, 0.075, 0.08, 0.086, 0.094, 0.104, 0.117, 0.134, 0.154, 0.177, 0.206, 0.237, 0.273, 0.31, 0.348, 0.385, 0.421, 0.453, 0.481, 0.505, 0.525, 0.542, 0.555, 0.565, 0.573, 0.58, 0.585, 0.588, 0.591, 0.593, 0.595, 0.596, 0.597, 0.598, 0.598, 0.599, 0.599, 0.599, 0.599, 0.6, 0.6, 0.6, 0.6, 0.6, 0.6, 0.6, 0.6, 0.6, 0.6, 0.6, 0.6, 0.6, 0.6, 0.6, 0.6, 0.6, 0.6, 0.6, 0.6, 0.6, 0.6], params=[0.2, 4.28, 0.06, 0.4], fit_error=[0.019, 0.028, 0.054, 0.066, 0.052, 0.072, 0.078, 0.068, 0.032])",[-70.  -8.  -4.  -2.   0.   2.   4.   8.  70.],"[0.093, 0.028, 0.167, 0.205, 0.149, 0.243, 0.439, 0.353, 0.608]","[0.06, 0.06, 0.06, 0.06, 0.06, 0.06, 0.06, 0.06, 0.06, 0.06, 0.06, 0.06, 0.06, 0.06, 0.06, 0.06, 0.06, 0.06, 0.06, 0.06, 0.06, 0.06, 0.06, 0.06, 0.06, 0.06, 0.06, 0.06, 0.061, 0.061, 0.061, 0.061, 0.062, 0.062, 0.063, 0.064, 0.065, 0.067, 0.069, 0.072, 0.075, 0.08, 0.086, 0.094, 0.104, 0.117, 0.134, 0.154, 0.177, 0.206, 0.237, 0.273, 0.31, 0.348, 0.385, 0.421, 0.453, 0.481, 0.505, 0.525, 0.542, 0.555, 0.565, 0.573, 0.58, 0.585, 0.588, 0.591, 0.593, 0.595, 0.596, 0.597, 0.598, 0.598, 0.599, 0.599, 0.599, 0.599, 0.6, 0.6, 0.6, 0.6, 0.6, 0.6, 0.6, 0.6, 0.6, 0.6, 0.6, 0.6, 0.6, 0.6, 0.6, 0.6, 0.6, 0.6, 0.6, 0.6, 0.6, 0.6]","[0.019, 0.028, 0.054, 0.066, 0.052, 0.072, 0.078, 0.068, 0.032]","[0.2, 4.28, 0.06, 0.4]",0.2,4.28,0.06,0.4,"psych_curve(xdata=array([-70.,  -8.,  -4.,  -2.,  -0.,   2.,   4.,   8.,  70.]), ydata=[0.379, 0.61, 0.59, 0.659, 0.651, 0.781, 0.87, 0.791, 0.914], fit=[nan, nan, nan, nan, nan, nan, nan, nan, nan, nan, nan, nan, nan, nan, nan, nan, nan, nan, nan, nan, nan, nan, nan, nan, nan, nan, nan, nan, nan, nan, nan, nan, nan, nan, nan, nan, nan, nan, nan, nan, nan, nan, nan, nan, nan, nan, nan, nan, nan, nan, nan, nan, nan, nan, nan, nan, nan, nan, nan, nan, nan, nan, nan, nan, nan, nan, nan, nan, nan, nan, nan, nan, nan, nan, nan, nan, nan, nan, nan, nan, nan, nan, nan, nan, nan, nan, nan, nan, nan, nan, nan, nan, nan, nan, nan, nan, nan, nan, nan, nan], params=[0.15, -3.18, 0.39, 0.08], fit_error=[0.032, 0.077, 0.08, 0.075, 0.074, 0.074, 0.05, 0.063, 0.018])",[-70.  -8.  -4.  -2.   0.   2.   4.   8.  70.],"[0.093, 0.028, 0.167, 0.205, 0.149, 0.243, 0.439, 0.353, 0.608]","[0.06, 0.06, 0.06, 0.06, 0.06, 0.06, 0.06, 0.06, 0.06, 0.06, 0.06, 0.06, 0.06, 0.06, 0.06, 0.06, 0.06, 0.06, 0.06, 0.06, 0.06, 0.06, 0.06, 0.06, 0.06, 0.06, 0.06, 0.06, 0.061, 0.061, 0.061, 0.061, 0.062, 0.062, 0.063, 0.064, 0.065, 0.067, 0.069, 0.072, 0.075, 0.08, 0.086, 0.094, 0.104, 0.117, 0.134, 0.154, 0.177, 0.206, 0.237, 0.273, 0.31, 0.348, 0.385, 0.421, 0.453, 0.481, 0.505, 0.525, 0.542, 0.555, 0.565, 0.573, 0.58, 0.585, 0.588, 0.591, 0.593, 0.595, 0.596, 0.597, 0.598, 0.598, 0.599, 0.599, 0.599, 0.599, 0.6, 0.6, 0.6, 0.6, 0.6, 0.6, 0.6, 0.6, 0.6, 0.6, 0.6, 0.6, 0.6, 0.6, 0.6, 0.6, 0.6, 0.6, 0.6, 0.6, 0.6, 0.6]","[0.019, 0.028, 0.054, 0.066, 0.052, 0.072, 0.078, 0.068, 0.032]","[0.15, -3.18, 0.39, 0.08]",0.15,-3.18,0.39,0.08
2023-08-01,1,157,907,['Bpod5'],330,174,156,170,138,232,126,106,131,89,76,32,44,0.703030303030303,0.7241379310344828,0.6794871794871795,308,158,150,185,107,78,0.6294117647058823,0.5652173913043478,110,56,54,0.32941176470588235,0.391304347826087,0.7532467532467533,0.7974683544303798,0.7066666666666667,0.8085106382978723,-0.09080168776371311,0.7081081081081081,0.8090909090909091,-0.10098280098280099,0.597314578005115,0.36035805626598466,22,16,6,0.06666666666666667,0.09195402298850575,0.038461538461538464,232,126,106,580.0,315.0,265.0,0,0,0,0,0.5,0.5,"psych_curve(xdata=array([-70.,  -8.,  -4.,  -2.,   0.,   2.,   4.,   8.,  70.]), ydata=[0.172, 0.2, 0.294, 0.273, 0.273, 0.625, 0.619, 0.462, 0.789], fit=[0.23, 0.23, 0.23, 0.23, 0.23, 0.23, 0.23, 0.23, 0.23, 0.23, 0.23, 0.23, 0.23, 0.23, 0.23, 0.23, 0.23, 0.23, 0.23, 0.23, 0.23, 0.23, 0.23, 0.23, 0.23, 0.23, 0.23, 0.23, 0.23, 0.23, 0.23, 0.23, 0.23, 0.23, 0.23, 0.23, 0.23, 0.23, 0.23, 0.23, 0.23, 0.23, 0.23, 0.23, 0.23, 0.23, 0.23, 0.23, 0.23, 0.231, 0.565, 0.62, 0.62, 0.62, 0.62, 0.62, 0.62, 0.62, 0.62, 0.62, 0.62, 0.62, 0.62, 0.62, 0.62, 0.62, 0.62, 0.62, 0.62, 0.62, 0.62, 0.62, 0.62, 0.62, 0.62, 0.62, 0.62, 0.62, 0.62, 0.62, 0.62, 0.62, 0.62, 0.62, 0.62, 0.62, 0.62, 0.62, 0.62, 0.62, 0.62, 0.62, 0.62, 0.62, 0.62, 0.62, 0.62, 0.62, 0.62, 0.62], params=[5.72, 0.39, 0.23, 0.38], fit_error=[0.039, 0.092, 0.114, 0.097, 0.141, 0.125, 0.109, 0.144, 0.042])",[-70.  -8.  -4.  -2.   0.   2.   4.   8.  70.],"[0.172, 0.2, 0.294, 0.273, 0.273, 0.625, 0.619, 0.462, 0.789]","[0.23, 0.23, 0.23, 0.23, 0.23, 0.23, 0.23, 0.23, 0.23, 0.23, 0.23, 0.23, 0.23, 0.23, 0.23, 0.23, 0.23, 0.23, 0.23, 0.23, 0.23, 0.23, 0.23, 0.23, 0.23, 0.23, 0.23, 0.23, 0.23, 0.23, 0.23, 0.23, 0.23, 0.23, 0.23, 0.23, 0.23, 0.23, 0.23, 0.23, 0.23, 0.23, 0.23, 0.23, 0.23, 0.23, 0.23, 0.23, 0.23, 0.231, 0.565, 0.62, 0.62, 0.62, 0.62, 0.62, 0.62, 0.62, 0.62, 0.62, 0.62, 0.62, 0.62, 0.62, 0.62, 0.62, 0.62, 0.62, 0.62, 0.62, 0.62, 0.62, 0.62, 0.62, 0.62, 0.62, 0.62, 0.62, 0.62, 0.62, 0.62, 0.62, 0.62, 0.62, 0.62, 0.62, 0.62, 0.62, 0.62, 0.62, 0.62, 0.62, 0.62, 0.62, 0.62, 0.62, 0.62, 0.62, 0.62, 0.62]","[0.039, 0.092, 0.114, 0.097, 0.141, 0.125, 0.109, 0.144, 0.042]","[5.72, 0.39, 0.23, 0.38]",5.72,0.39,0.23,0.38,"psych_curve(xdata=array([-70.,  -8.,  -4.,  -2.,  -0.,   2.,   4.,   8.,  70.]), ydata=[0.311, 0.778, 0.692, 0.357, 0.333, 0.708, 0.87, 0.826, 0.948], fit=[nan, nan, nan, nan, nan, nan, nan, nan, nan, nan, nan, nan, nan, nan, nan, nan, nan, nan, nan, nan, nan, nan, nan, nan, nan, nan, nan, nan, nan, nan, nan, nan, nan, nan, nan, nan, nan, nan, nan, nan, nan, nan, nan, nan, nan, nan, nan, nan, nan, nan, nan, nan, nan, nan, nan, nan, nan, nan, nan, nan, nan, nan, nan, nan, nan, nan, nan, nan, nan, nan, nan, nan, nan, nan, nan, nan, nan, nan, nan, nan, nan, nan, nan, nan, nan, nan, nan, nan, nan, nan, nan, nan, nan, nan, nan, nan, nan, nan, nan, nan], params=[7.55, 1.97, 0.49, 0.12], fit_error=[0.046, 0.147, 0.133, 0.133, 0.167, 0.095, 0.072, 0.081, 0.025])",[-70.  -8.  -4.  -2.   0.   2.   4.   8.  70.],"[0.172, 0.2, 0.294, 0.273, 0.273, 0.625, 0.619, 0.462, 0.789]","[0.23, 0.23, 0.23, 0.23, 0.23, 0.23, 0.23, 0.23, 0.23, 0.23, 0.23, 0.23, 0.23, 0.23, 0.23, 0.23, 0.23, 0.23, 0.23, 0.23, 0.23, 0.23, 0.23, 0.23, 0.23, 0.23, 0.23, 0.23, 0.23, 0.23, 0.23, 0.23, 0.23, 0.23, 0.23, 0.23, 0.23, 0.23, 0.23, 0.23, 0.23, 0.23, 0.23, 0.23, 0.23, 0.23, 0.23, 0.23, 0.23, 0.231, 0.565, 0.62, 0.62, 0.62, 0.62, 0.62, 0.62, 0.62, 0.62, 0.62, 0.62, 0.62, 0.62, 0.62, 0.62, 0.62, 0.62, 0.62, 0.62, 0.62, 0.62, 0.62, 0.62, 0.62, 0.62, 0.62, 0.62, 0.62, 0.62, 0.62, 0.62, 0.62, 0.62, 0.62, 0.62, 0.62, 0.62, 0.62, 0.62, 0.62, 0.62, 0.62, 0.62, 0.62, 0.62, 0.62, 0.62, 0.62, 0.62, 0.62]","[0.039, 0.092, 0.114, 0.097, 0.141, 0.125, 0.109, 0.144, 0.042]","[7.55, 1.97, 0.49, 0.12]",7.55,1.97,0.49,0.12
2023-08-02,2,158,907,['Bpod5'],551,263,288,244,280,389,182,207,195,180,135,73,62,0.705989110707804,0.6920152091254753,0.71875,524,255,269,279,117,162,0.47950819672131145,0.5785714285714286,225,113,112,0.46311475409836067,0.4,0.7423664122137404,0.7137254901960784,0.7695167286245354,0.7899686520376176,0.0557912384284569,0.6989247311827957,0.8,-0.1010752688172043,0.52903981264637,0.43155737704918035,27,8,19,0.04900181488203267,0.030418250950570342,0.06597222222222222,389,182,207,972.5,455.0,517.5,0,0,0,0,0.5,0.5,"psych_curve(xdata=array([-70.,  -8.,  -4.,  -2.,   0.,   2.,   4.,   8.,  70.]), ydata=[0.259, 0.281, 0.263, 0.378, 0.72, 0.605, 0.556, 0.741, 0.839], fit=[0.23, 0.23, 0.23, 0.23, 0.23, 0.23, 0.23, 0.23, 0.23, 0.23, 0.23, 0.23, 0.23, 0.23, 0.23, 0.23, 0.23, 0.23, 0.23, 0.23, 0.23, 0.23, 0.23, 0.23, 0.23, 0.23, 0.23, 0.23, 0.23, 0.23, 0.23, 0.23, 0.23, 0.23, 0.23, 0.231, 0.231, 0.232, 0.233, 0.235, 0.237, 0.241, 0.248, 0.258, 0.274, 0.296, 0.329, 0.373, 0.427, 0.49, 0.555, 0.615, 0.666, 0.705, 0.734, 0.753, 0.766, 0.775, 0.78, 0.784, 0.786, 0.788, 0.789, 0.789, 0.789, 0.79, 0.79, 0.79, 0.79, 0.79, 0.79, 0.79, 0.79, 0.79, 0.79, 0.79, 0.79, 0.79, 0.79, 0.79, 0.79, 0.79, 0.79, 0.79, 0.79, 0.79, 0.79, 0.79, 0.79, 0.79, 0.79, 0.79, 0.79, 0.79, 0.79, 0.79, 0.79, 0.79, 0.79, 0.79], params=[0.33, -0.28, 0.23, 0.21], fit_error=[0.035, 0.081, 0.104, 0.081, 0.092, 0.08, 0.097, 0.086, 0.029])",[-70.  -8.  -4.  -2.   0.   2.   4.   8.  70.],"[0.259, 0.281, 0.263, 0.378, 0.72, 0.605, 0.556, 0.741, 0.839]","[0.23, 0.23, 0.23, 0.23, 0.23, 0.23, 0.23, 0.23, 0.23, 0.23, 0.23, 0.23, 0.23, 0.23, 0.23, 0.23, 0.23, 0.23, 0.23, 0.23, 0.23, 0.23, 0.23, 0.23, 0.23, 0.23, 0.23, 0.23, 0.23, 0.23, 0.23, 0.23, 0.23, 0.23, 0.23, 0.231, 0.231, 0.232, 0.233, 0.235, 0.237, 0.241, 0.248, 0.258, 0.274, 0.296, 0.329, 0.373, 0.427, 0.49, 0.555, 0.615, 0.666, 0.705, 0.734, 0.753, 0.766, 0.775, 0.78, 0.784, 0.786, 0.788, 0.789, 0.789, 0.789, 0.79, 0.79, 0.79, 0.79, 0.79, 0.79, 0.79, 0.79, 0.79, 0.79, 0.79, 0.79, 0.79, 0.79, 0.79, 0.79, 0.79, 0.79, 0.79, 0.79, 0.79, 0.79, 0.79, 0.79, 0.79, 0.79, 0.79, 0.79, 0.79, 0.79, 0.79, 0.79, 0.79, 0.79, 0.79]","[0.035, 0.081, 0.104, 0.081, 0.092, 0.08, 0.097, 0.086, 0.029]","[0.33, -0.28, 0.23, 0.21]",0.33,-0.28,0.23,0.21,"psych_curve(xdata=array([-70.,  -8.,  -4.,  -2.,   0.,   2.,   4.,   8.,  70.]), ydata=[0.304, 0.357, 0.37, 0.316, 0.583, 0.571, 0.647, 0.852, 0.884], fit=[nan, nan, nan, nan, nan, nan, nan, nan, nan, nan, nan, nan, nan, nan, nan, nan, nan, nan, nan, nan, nan, nan, nan, nan, nan, nan, nan, nan, nan, nan, nan, nan, nan, nan, nan, nan, nan, nan, nan, nan, nan, nan, nan, nan, nan, nan, nan, nan, nan, nan, nan, nan, nan, nan, nan, nan, nan, nan, nan, nan, nan, nan, nan, nan, nan, nan, nan, nan, nan, nan, nan, nan, nan, nan, nan, nan, nan, nan, nan, nan, nan, nan, nan, nan, nan, nan, nan, nan, nan, nan, nan, nan, nan, nan, nan, nan, nan, nan, nan, nan], params=[0.37, 2.42, 0.31, 0.11], fit_error=[0.036, 0.092, 0.095, 0.076, 0.103, 0.085, 0.119, 0.07, 0.026])",[-70.  -8.  -4.  -2.   0.   2.   4.   8.  70.],"[0.259, 0.281, 0.263, 0.378, 0.72, 0.605, 0.556, 0.741, 0.839]","[0.23, 0.23, 0.23, 0.23, 0.23, 0.23, 0.23, 0.23, 0.23, 0.23, 0.23, 0.23, 0.23, 0.23, 0.23, 0.23, 0.23, 0.23, 0.23, 0.23, 0.23, 0.23, 0.23, 0.23, 0.23, 0.23, 0.23, 0.23, 0.23, 0.23, 0.23, 0.23, 0.23, 0.23, 0.23, 0.231, 0.231, 0.232, 0.233, 0.235, 0.237, 0.241, 0.248, 0.258, 0.274, 0.296, 0.329, 0.373, 0.427, 0.49, 0.555, 0.615, 0.666, 0.705, 0.734, 0.753, 0.766, 0.775, 0.78, 0.784, 0.786, 0.788, 0.789, 0.789, 0.789, 0.79, 0.79, 0.79, 0.79, 0.79, 0.79, 0.79, 0.79, 0.79, 0.79, 0.79, 0.79, 0.79, 0.79, 0.79, 0.79, 0.79, 0.79, 0.79, 0.79, 0.79, 0.79, 0.79, 0.79, 0.79, 0.79, 0.79, 0.79, 0.79, 0.79, 0.79, 0.79, 0.79, 0.79, 0.79]","[0.035, 0.081, 0.104, 0.081, 0.092, 0.08, 0.097, 0.086, 0.029]","[0.37, 2.42, 0.31, 0.11]",0.37,2.42,0.31,0.11
2023-08-03,3,159,907,['Bpod5'],477,238,239,182,265,333,147,186,175,143,114,79,35,0.6981132075471698,0.6176470588235294,0.7782426778242678,447,226,221,256,84,172,0.46153846153846156,0.6490566037735849,171,85,86,0.46703296703296704,0.32452830188679244,0.7449664429530202,0.6504424778761062,0.8416289592760181,0.8262548262548263,0.1911864813999119,0.68359375,0.8362573099415205,-0.15266355994152048,0.5552975326560232,0.39578063445987977,30,12,18,0.06289308176100629,0.05042016806722689,0.07531380753138076,333,147,186,832.5,367.5,465.0,0,0,0,0,0.5,0.5,"psych_curve(xdata=array([-70.,  -8.,  -4.,  -2.,   0.,   2.,   4.,   8.,  70.]), ydata=[0.263, 0.189, 0.55, 0.783, 0.6, 0.7, 0.696, 0.857, 0.921], fit=[0.23, 0.23, 0.23, 0.23, 0.23, 0.23, 0.23, 0.23, 0.23, 0.23, 0.23, 0.23, 0.23, 0.23, 0.23, 0.23, 0.23, 0.23, 0.23, 0.23, 0.23, 0.23, 0.23, 0.23, 0.23, 0.23, 0.23, 0.23, 0.23, 0.23, 0.23, 0.23, 0.23, 0.23, 0.23, 0.23, 0.23, 0.23, 0.23, 0.23, 0.23, 0.23, 0.23, 0.23, 0.23, 0.23, 0.232, 0.743, 0.76, 0.76, 0.76, 0.76, 0.76, 0.76, 0.76, 0.76, 0.76, 0.76, 0.76, 0.76, 0.76, 0.76, 0.76, 0.76, 0.76, 0.76, 0.76, 0.76, 0.76, 0.76, 0.76, 0.76, 0.76, 0.76, 0.76, 0.76, 0.76, 0.76, 0.76, 0.76, 0.76, 0.76, 0.76, 0.76, 0.76, 0.76, 0.76, 0.76, 0.76, 0.76, 0.76, 0.76, 0.76, 0.76, 0.76, 0.76, 0.76, 0.76, 0.76, 0.76], params=[6.4, -4.07, 0.23, 0.24], fit_error=[0.038, 0.065, 0.114, 0.088, 0.091, 0.105, 0.098, 0.06, 0.024])",[-70.  -8.  -4.  -2.   0.   2.   4.   8.  70.],"[0.263, 0.189, 0.55, 0.783, 0.6, 0.7, 0.696, 0.857, 0.921]","[0.23, 0.23, 0.23, 0.23, 0.23, 0.23, 0.23, 0.23, 0.23, 0.23, 0.23, 0.23, 0.23, 0.23, 0.23, 0.23, 0.23, 0.23, 0.23, 0.23, 0.23, 0.23, 0.23, 0.23, 0.23, 0.23, 0.23, 0.23, 0.23, 0.23, 0.23, 0.23, 0.23, 0.23, 0.23, 0.23, 0.23, 0.23, 0.23, 0.23, 0.23, 0.23, 0.23, 0.23, 0.23, 0.23, 0.232, 0.743, 0.76, 0.76, 0.76, 0.76, 0.76, 0.76, 0.76, 0.76, 0.76, 0.76, 0.76, 0.76, 0.76, 0.76, 0.76, 0.76, 0.76, 0.76, 0.76, 0.76, 0.76, 0.76, 0.76, 0.76, 0.76, 0.76, 0.76, 0.76, 0.76, 0.76, 0.76, 0.76, 0.76, 0.76, 0.76, 0.76, 0.76, 0.76, 0.76, 0.76, 0.76, 0.76, 0.76, 0.76, 0.76, 0.76, 0.76, 0.76, 0.76, 0.76, 0.76, 0.76]","[0.038, 0.065, 0.114, 0.088, 0.091, 0.105, 0.098, 0.06, 0.024]","[6.4, -4.07, 0.23, 0.24]",6.4,-4.07,0.23,0.24,"psych_curve(xdata=array([-70.,  -8.,  -4.,  -2.,   0.,   2.,   4.,   8.,  70.]), ydata=[0.261, 0.25, 0.6, 0.708, 0.655, 0.632, 0.714, 0.895, 0.945], fit=[nan, nan, nan, nan, nan, nan, nan, nan, nan, nan, nan, nan, nan, nan, nan, nan, nan, nan, nan, nan, nan, nan, nan, nan, nan, nan, nan, nan, nan, nan, nan, nan, nan, nan, nan, nan, nan, nan, nan, nan, nan, nan, nan, nan, nan, nan, nan, nan, nan, nan, nan, nan, nan, nan, nan, nan, nan, nan, nan, nan, nan, nan, nan, nan, nan, nan, nan, nan, nan, nan, nan, nan, nan, nan, nan, nan, nan, nan, nan, nan, nan, nan, nan, nan, nan, nan, nan, nan, nan, nan, nan, nan, nan, nan, nan, nan, nan, nan, nan, nan], params=[0.21, -2.22, 0.23, 0.07], fit_error=[0.038, 0.078, 0.112, 0.095, 0.09, 0.114, 0.101, 0.05, 0.022])",[-70.  -8.  -4.  -2.   0.   2.   4.   8.  70.],"[0.263, 0.189, 0.55, 0.783, 0.6, 0.7, 0.696, 0.857, 0.921]","[0.23, 0.23, 0.23, 0.23, 0.23, 0.23, 0.23, 0.23, 0.23, 0.23, 0.23, 0.23, 0.23, 0.23, 0.23, 0.23, 0.23, 0.23, 0.23, 0.23, 0.23, 0.23, 0.23, 0.23, 0.23, 0.23, 0.23, 0.23, 0.23, 0.23, 0.23, 0.23, 0.23, 0.23, 0.23, 0.23, 0.23, 0.23, 0.23, 0.23, 0.23, 0.23, 0.23, 0.23, 0.23, 0.23, 0.232, 0.743, 0.76, 0.76, 0.76, 0.76, 0.76, 0.76, 0.76, 0.76, 0.76, 0.76, 0.76, 0.76, 0.76, 0.76, 0.76, 0.76, 0.76, 0.76, 0.76, 0.76, 0.76, 0.76, 0.76, 0.76, 0.76, 0.76, 0.76, 0.76, 0.76, 0.76, 0.76, 0.76, 0.76, 0.76, 0.76, 0.76, 0.76, 0.76, 0.76, 0.76, 0.76, 0.76, 0.76, 0.76, 0.76, 0.76, 0.76, 0.76, 0.76, 0.76, 0.76, 0.76]","[0.038, 0.065, 0.114, 0.088, 0.091, 0.105, 0.098, 0.06, 0.024]","[0.21, -2.22, 0.23, 0.07]",0.21,-2.22,0.23,0.07
2023-08-04,4,160,907,['Bpod5'],639,316,323,381,247,460,263,197,255,203,168,50,118,0.7198748043818466,0.8322784810126582,0.6099071207430341,628,313,315,386,259,127,0.6797900262467191,0.5141700404858299,239,120,119,0.31496062992125984,0.4817813765182186,0.732484076433121,0.8402555910543131,0.6253968253968254,0.8110236220472441,-0.21485876565748774,0.6606217616580311,0.8493723849372385,-0.18875062327920744,0.5969800333662745,0.39837100321973923,11,3,8,0.017214397496087636,0.00949367088607595,0.02476780185758514,460,263,197,1150.0,657.5,492.5,0,0,0,0,0.5,0.5,"psych_curve(xdata=array([-70.,  -8.,  -4.,  -2.,   0.,   2.,   4.,   8.,  70.]), ydata=[0.1, 0.13, 0.324, 0.233, 0.438, 0.5, 0.487, 0.5, 0.723], fit=[0.08, 0.08, 0.08, 0.08, 0.08, 0.08, 0.08, 0.08, 0.08, 0.08, 0.08, 0.08, 0.08, 0.08, 0.08, 0.08, 0.08, 0.08, 0.08, 0.08, 0.08, 0.08, 0.081, 0.081, 0.081, 0.081, 0.081, 0.082, 0.082, 0.083, 0.084, 0.085, 0.087, 0.089, 0.091, 0.094, 0.098, 0.103, 0.11, 0.118, 0.128, 0.14, 0.156, 0.175, 0.197, 0.223, 0.253, 0.286, 0.322, 0.361, 0.4, 0.439, 0.477, 0.512, 0.543, 0.571, 0.595, 0.616, 0.633, 0.646, 0.658, 0.667, 0.674, 0.679, 0.684, 0.688, 0.69, 0.692, 0.694, 0.695, 0.696, 0.697, 0.698, 0.698, 0.699, 0.699, 0.699, 0.699, 0.7, 0.7, 0.7, 0.7, 0.7, 0.7, 0.7, 0.7, 0.7, 0.7, 0.7, 0.7, 0.7, 0.7, 0.7, 0.7, 0.7, 0.7, 0.7, 0.7, 0.7, 0.7], params=[0.18, 0.34, 0.08, 0.3], fit_error=[0.022, 0.05, 0.081, 0.079, 0.089, 0.082, 0.081, 0.096, 0.032])",[-70.  -8.  -4.  -2.   0.   2.   4.   8.  70.],"[0.1, 0.13, 0.324, 0.233, 0.438, 0.5, 0.487, 0.5, 0.723]","[0.08, 0.08, 0.08, 0.08, 0.08, 0.08, 0.08, 0.08, 0.08, 0.08, 0.08, 0.08, 0.08, 0.08, 0.08, 0.08, 0.08, 0.08, 0.08, 0.08, 0.08, 0.08, 0.081, 0.081, 0.081, 0.081, 0.081, 0.082, 0.082, 0.083, 0.084, 0.085, 0.087, 0.089, 0.091, 0.094, 0.098, 0.103, 0.11, 0.118, 0.128, 0.14, 0.156, 0.175, 0.197, 0.223, 0.253, 0.286, 0.322, 0.361, 0.4, 0.439, 0.477, 0.512, 0.543, 0.571, 0.595, 0.616, 0.633, 0.646, 0.658, 0.667, 0.674, 0.679, 0.684, 0.688, 0.69, 0.692, 0.694, 0.695, 0.696, 0.697, 0.698, 0.698, 0.699, 0.699, 0.699, 0.699, 0.7, 0.7, 0.7, 0.7, 0.7, 0.7, 0.7, 0.7, 0.7, 0.7, 0.7, 0.7, 0.7, 0.7, 0.7, 0.7, 0.7, 0.7, 0.7, 0.7, 0.7, 0.7]","[0.022, 0.05, 0.081, 0.079, 0.089, 0.082, 0.081, 0.096, 0.032]","[0.18, 0.34, 0.08, 0.3]",0.18,0.34,0.08,0.3,"psych_curve(xdata=array([-70.,  -8.,  -4.,  -2.,  -0.,   2.,   4.,   8.,  70.]), ydata=[0.296, 0.422, 0.541, 0.588, 0.625, 0.824, 0.714, 0.966, 0.928], fit=[nan, nan, nan, nan, nan, nan, nan, nan, nan, nan, nan, nan, nan, nan, nan, nan, nan, nan, nan, nan, nan, nan, nan, nan, nan, nan, nan, nan, nan, nan, nan, nan, nan, nan, nan, nan, nan, nan, nan, nan, nan, nan, nan, nan, nan, nan, nan, nan, nan, nan, nan, nan, nan, nan, nan, nan, nan, nan, nan, nan, nan, nan, nan, nan, nan, nan, nan, nan, nan, nan, nan, nan, nan, nan, nan, nan, nan, nan, nan, nan, nan, nan, nan, nan, nan, nan, nan, nan, nan, nan, nan, nan, nan, nan, nan, nan, nan, nan, nan, nan], params=[0.24, -1.09, 0.31, 0.04], fit_error=[0.032, 0.074, 0.083, 0.086, 0.087, 0.066, 0.077, 0.034, 0.019])",[-70.  -8.  -4.  -2.   0.   2.   4.   8.  70.],"[0.1, 0.13, 0.324, 0.233, 0.438, 0.5, 0.487, 0.5, 0.723]","[0.08, 0.08, 0.08, 0.08, 0.08, 0.08, 0.08, 0.08, 0.08, 0.08, 0.08, 0.08, 0.08, 0.08, 0.08, 0.08, 0.08, 0.08, 0.08, 0.08, 0.08, 0.08, 0.081, 0.081, 0.081, 0.081, 0.081, 0.082, 0.082, 0.083, 0.084, 0.085, 0.087, 0.089, 0.091, 0.094, 0.098, 0.103, 0.11, 0.118, 0.128, 0.14, 0.156, 0.175, 0.197, 0.223, 0.253, 0.286, 0.322, 0.361, 0.4, 0.439, 0.477, 0.512, 0.543, 0.571, 0.595, 0.616, 0.633, 0.646, 0.658, 0.667, 0.674, 0.679, 0.684, 0.688, 0.69, 0.692, 0.694, 0.695, 0.696, 0.697, 0.698, 0.698, 0.699, 0.699, 0.699, 0.699, 0.7, 0.7, 0.7, 0.7, 0.7, 0.7, 0.7, 0.7, 0.7, 0.7, 0.7, 0.7, 0.7, 0.7, 0.7, 0.7, 0.7, 0.7, 0.7, 0.7, 0.7, 0.7]","[0.022, 0.05, 0.081, 0.079, 0.089, 0.082, 0.081, 0.096, 0.032]","[0.24, -1.09, 0.31, 0.04]",0.24,-1.09,0.31,0.04
2023-08-07,0,163,907,['Bpod5'],603,326,277,337,244,452,264,188,233,206,129,56,73,0.7495854063018242,0.8098159509202454,0.6787003610108303,581,320,261,307,196,111,0.5816023738872403,0.45491803278688525,256,126,130,0.37388724035608306,0.5327868852459017,0.7779690189328744,0.825,0.7203065134099617,0.8513513513513513,-0.1046934865900383,0.758957654723127,0.8046875,-0.04572984527687296,0.5182602033370628,0.4533370628009924,22,6,16,0.03648424543946932,0.018404907975460124,0.05776173285198556,452,264,188,1130.0,660.0,470.0,0,0,0,0,0.5,0.5,"psych_curve(xdata=array([-70.,  -8.,  -4.,  -2.,   0.,   2.,   4.,   8.,  70.]), ydata=[0.112, 0.167, 0.258, 0.368, 0.368, 0.576, 0.593, 0.667, 0.806], fit=[0.1, 0.1, 0.1, 0.1, 0.1, 0.1, 0.1, 0.1, 0.1, 0.1, 0.1, 0.1, 0.1, 0.1, 0.1, 0.1, 0.1, 0.1, 0.1, 0.1, 0.1, 0.1, 0.1, 0.1, 0.1, 0.1, 0.1, 0.1, 0.1, 0.1, 0.1, 0.101, 0.101, 0.101, 0.102, 0.103, 0.104, 0.106, 0.109, 0.113, 0.118, 0.126, 0.137, 0.152, 0.172, 0.199, 0.235, 0.279, 0.332, 0.392, 0.455, 0.517, 0.575, 0.625, 0.667, 0.7, 0.725, 0.744, 0.757, 0.767, 0.774, 0.779, 0.782, 0.785, 0.786, 0.787, 0.788, 0.789, 0.789, 0.789, 0.79, 0.79, 0.79, 0.79, 0.79, 0.79, 0.79, 0.79, 0.79, 0.79, 0.79, 0.79, 0.79, 0.79, 0.79, 0.79, 0.79, 0.79, 0.79, 0.79, 0.79, 0.79, 0.79, 0.79, 0.79, 0.79, 0.79, 0.79, 0.79, 0.79], params=[0.26, 0.49, 0.1, 0.21], fit_error=[0.022, 0.063, 0.08, 0.079, 0.114, 0.087, 0.096, 0.092, 0.031])",[-70.  -8.  -4.  -2.   0.   2.   4.   8.  70.],"[0.112, 0.167, 0.258, 0.368, 0.368, 0.576, 0.593, 0.667, 0.806]","[0.1, 0.1, 0.1, 0.1, 0.1, 0.1, 0.1, 0.1, 0.1, 0.1, 0.1, 0.1, 0.1, 0.1, 0.1, 0.1, 0.1, 0.1, 0.1, 0.1, 0.1, 0.1, 0.1, 0.1, 0.1, 0.1, 0.1, 0.1, 0.1, 0.1, 0.1, 0.101, 0.101, 0.101, 0.102, 0.103, 0.104, 0.106, 0.109, 0.113, 0.118, 0.126, 0.137, 0.152, 0.172, 0.199, 0.235, 0.279, 0.332, 0.392, 0.455, 0.517, 0.575, 0.625, 0.667, 0.7, 0.725, 0.744, 0.757, 0.767, 0.774, 0.779, 0.782, 0.785, 0.786, 0.787, 0.788, 0.789, 0.789, 0.789, 0.79, 0.79, 0.79, 0.79, 0.79, 0.79, 0.79, 0.79, 0.79, 0.79, 0.79, 0.79, 0.79, 0.79, 0.79, 0.79, 0.79, 0.79, 0.79, 0.79, 0.79, 0.79, 0.79, 0.79, 0.79, 0.79, 0.79, 0.79, 0.79, 0.79]","[0.022, 0.063, 0.08, 0.079, 0.114, 0.087, 0.096, 0.092, 0.031]","[0.26, 0.49, 0.1, 0.21]",0.26,0.49,0.1,0.21,"psych_curve(xdata=array([-70.,  -8.,  -4.,  -2.,  -0.,   2.,   4.,   8.,  70.]), ydata=[0.185, 0.273, 0.407, 0.424, 0.737, 0.639, 0.759, 0.775, 0.899], fit=[nan, nan, nan, nan, nan, nan, nan, nan, nan, nan, nan, nan, nan, nan, nan, nan, nan, nan, nan, nan, nan, nan, nan, nan, nan, nan, nan, nan, nan, nan, nan, nan, nan, nan, nan, nan, nan, nan, nan, nan, nan, nan, nan, nan, nan, nan, nan, nan, nan, nan, nan, nan, nan, nan, nan, nan, nan, nan, nan, nan, nan, nan, nan, nan, nan, nan, nan, nan, nan, nan, nan, nan, nan, nan, nan, nan, nan, nan, nan, nan, nan, nan, nan, nan, nan, nan, nan, nan, nan, nan, nan, nan, nan, nan, nan, nan, nan, nan, nan, nan], params=[0.3, -1.66, 0.18, 0.14], fit_error=[0.028, 0.097, 0.096, 0.087, 0.104, 0.081, 0.081, 0.067, 0.023])",[-70.  -8.  -4.  -2.   0.   2.   4.   8.  70.],"[0.112, 0.167, 0.258, 0.368, 0.368, 0.576, 0.593, 0.667, 0.806]","[0.1, 0.1, 0.1, 0.1, 0.1, 0.1, 0.1, 0.1, 0.1, 0.1, 0.1, 0.1, 0.1, 0.1, 0.1, 0.1, 0.1, 0.1, 0.1, 0.1, 0.1, 0.1, 0.1, 0.1, 0.1, 0.1, 0.1, 0.1, 0.1, 0.1, 0.1, 0.101, 0.101, 0.101, 0.102, 0.103, 0.104, 0.106, 0.109, 0.113, 0.118, 0.126, 0.137, 0.152, 0.172, 0.199, 0.235, 0.279, 0.332, 0.392, 0.455, 0.517, 0.575, 0.625, 0.667, 0.7, 0.725, 0.744, 0.757, 0.767, 0.774, 0.779, 0.782, 0.785, 0.786, 0.787, 0.788, 0.789, 0.789, 0.789, 0.79, 0.79, 0.79, 0.79, 0.79, 0.79, 0.79, 0.79, 0.79, 0.79, 0.79, 0.79, 0.79, 0.79, 0.79, 0.79, 0.79, 0.79, 0.79, 0.79, 0.79, 0.79, 0.79, 0.79, 0.79, 0.79, 0.79, 0.79, 0.79, 0.79]","[0.022, 0.063, 0.08, 0.079, 0.114, 0.087, 0.096, 0.092, 0.031]","[0.3, -1.66, 0.18, 0.14]",0.3,-1.66,0.18,0.14
2023-08-08,1,164,907,['Bpod5'],483,229,254,326,156,349,211,138,182,166,133,18,115,0.722567287784679,0.9213973799126638,0.5433070866141733,482,229,253,277,223,54,0.6840490797546013,0.34615384615384615,203,101,102,0.3098159509202454,0.6538461538461539,0.7240663900414938,0.9213973799126638,0.5454545454545454,0.7653061224489796,-0.3759428344581184,0.6570397111913358,0.8177339901477833,-0.1606942789564475,0.5151014629542237,0.4818310523831996,1,0,1,0.002070393374741201,0.0,0.003937007874015748,349,211,138,872.5,527.5,345.0,0,0,0,0,0.5,0.49999999999999994,"psych_curve(xdata=array([-70.,  -8.,  -4.,  -2.,   0.,   2.,   4.,   8.,  70.]), ydata=[0.075, 0.0, 0.121, 0.143, 0.154, 0.393, 0.409, 0.483, 0.631], fit=[0.03, 0.03, 0.03, 0.03, 0.03, 0.03, 0.03, 0.03, 0.03, 0.03, 0.03, 0.03, 0.03, 0.03, 0.03, 0.03, 0.03, 0.03, 0.03, 0.03, 0.03, 0.03, 0.03, 0.03, 0.03, 0.03, 0.03, 0.03, 0.03, 0.03, 0.03, 0.03, 0.03, 0.03, 0.03, 0.03, 0.03, 0.031, 0.031, 0.032, 0.033, 0.035, 0.038, 0.042, 0.049, 0.061, 0.078, 0.104, 0.141, 0.19, 0.25, 0.317, 0.385, 0.444, 0.493, 0.528, 0.554, 0.57, 0.581, 0.588, 0.593, 0.595, 0.597, 0.598, 0.599, 0.599, 0.6, 0.6, 0.6, 0.6, 0.6, 0.6, 0.6, 0.6, 0.6, 0.6, 0.6, 0.6, 0.6, 0.6, 0.6, 0.6, 0.6, 0.6, 0.6, 0.6, 0.6, 0.6, 0.6, 0.6, 0.6, 0.6, 0.6, 0.6, 0.6, 0.6, 0.6, 0.6, 0.6, 0.6], params=[0.34, 2.07, 0.03, 0.4], fit_error=[0.023, 0.0, 0.058, 0.078, 0.072, 0.094, 0.107, 0.094, 0.038])",[-70.  -8.  -4.  -2.   0.   2.   4.   8.  70.],"[0.075, 0.0, 0.121, 0.143, 0.154, 0.393, 0.409, 0.483, 0.631]","[0.03, 0.03, 0.03, 0.03, 0.03, 0.03, 0.03, 0.03, 0.03, 0.03, 0.03, 0.03, 0.03, 0.03, 0.03, 0.03, 0.03, 0.03, 0.03, 0.03, 0.03, 0.03, 0.03, 0.03, 0.03, 0.03, 0.03, 0.03, 0.03, 0.03, 0.03, 0.03, 0.03, 0.03, 0.03, 0.03, 0.03, 0.031, 0.031, 0.032, 0.033, 0.035, 0.038, 0.042, 0.049, 0.061, 0.078, 0.104, 0.141, 0.19, 0.25, 0.317, 0.385, 0.444, 0.493, 0.528, 0.554, 0.57, 0.581, 0.588, 0.593, 0.595, 0.597, 0.598, 0.599, 0.599, 0.6, 0.6, 0.6, 0.6, 0.6, 0.6, 0.6, 0.6, 0.6, 0.6, 0.6, 0.6, 0.6, 0.6, 0.6, 0.6, 0.6, 0.6, 0.6, 0.6, 0.6, 0.6, 0.6, 0.6, 0.6, 0.6, 0.6, 0.6, 0.6, 0.6, 0.6, 0.6, 0.6, 0.6]","[0.023, 0.0, 0.058, 0.078, 0.072, 0.094, 0.107, 0.094, 0.038]","[0.34, 2.07, 0.03, 0.4]",0.34,2.07,0.03,0.4,"psych_curve(xdata=array([-70.,  -8.,  -4.,  -2.,  -0.,   2.,   4.,   8.,  70.]), ydata=[0.327, 0.344, 0.481, 0.429, 0.538, 0.619, 0.857, 0.846, 0.885], fit=[nan, nan, nan, nan, nan, nan, nan, nan, nan, nan, nan, nan, nan, nan, nan, nan, nan, nan, nan, nan, nan, nan, nan, nan, nan, nan, nan, nan, nan, nan, nan, nan, nan, nan, nan, nan, nan, nan, nan, nan, nan, nan, nan, nan, nan, nan, nan, nan, nan, nan, nan, nan, nan, nan, nan, nan, nan, nan, nan, nan, nan, nan, nan, nan, nan, nan, nan, nan, nan, nan, nan, nan, nan, nan, nan, nan, nan, nan, nan, nan, nan, nan, nan, nan, nan, nan, nan, nan, nan, nan, nan, nan, nan, nan, nan, nan, nan, nan, nan, nan], params=[0.51, 1.29, 0.36, 0.11], fit_error=[0.037, 0.085, 0.098, 0.095, 0.1, 0.109, 0.067, 0.072, 0.028])",[-70.  -8.  -4.  -2.   0.   2.   4.   8.  70.],"[0.075, 0.0, 0.121, 0.143, 0.154, 0.393, 0.409, 0.483, 0.631]","[0.03, 0.03, 0.03, 0.03, 0.03, 0.03, 0.03, 0.03, 0.03, 0.03, 0.03, 0.03, 0.03, 0.03, 0.03, 0.03, 0.03, 0.03, 0.03, 0.03, 0.03, 0.03, 0.03, 0.03, 0.03, 0.03, 0.03, 0.03, 0.03, 0.03, 0.03, 0.03, 0.03, 0.03, 0.03, 0.03, 0.03, 0.031, 0.031, 0.032, 0.033, 0.035, 0.038, 0.042, 0.049, 0.061, 0.078, 0.104, 0.141, 0.19, 0.25, 0.317, 0.385, 0.444, 0.493, 0.528, 0.554, 0.57, 0.581, 0.588, 0.593, 0.595, 0.597, 0.598, 0.599, 0.599, 0.6, 0.6, 0.6, 0.6, 0.6, 0.6, 0.6, 0.6, 0.6, 0.6, 0.6, 0.6, 0.6, 0.6, 0.6, 0.6, 0.6, 0.6, 0.6, 0.6, 0.6, 0.6, 0.6, 0.6, 0.6, 0.6, 0.6, 0.6, 0.6, 0.6, 0.6, 0.6, 0.6, 0.6]","[0.023, 0.0, 0.058, 0.078, 0.072, 0.094, 0.107, 0.094, 0.038]","[0.51, 1.29, 0.36, 0.11]",0.51,1.29,0.36,0.11
2023-08-09,2,165,907,['Bpod5'],332,155,177,105,202,219,79,140,115,97,88,62,26,0.6596385542168675,0.5096774193548387,0.7909604519774012,307,141,166,174,41,133,0.3904761904761905,0.6584158415841584,124,61,63,0.580952380952381,0.3118811881188119,0.7133550488599348,0.5602836879432624,0.8433734939759037,0.7794871794871795,0.2830898060326412,0.6609195402298851,0.782258064516129,-0.12133852428624392,0.5244460160301745,0.4464167845355964,25,14,11,0.07530120481927711,0.09032258064516129,0.062146892655367235,219,79,140,547.5,197.5,350.0,0,0,0,0,0.5,0.4999999999999999,"psych_curve(xdata=array([-70.,  -8.,  -4.,  -2.,   0.,   2.,   4.,   8.,  70.]), ydata=[0.374, 0.529, 0.6, 0.615, 0.4, 0.7, 0.688, 0.857, 0.913], fit=[0.42, 0.42, 0.42, 0.42, 0.42, 0.42, 0.42, 0.42, 0.42, 0.42, 0.42, 0.42, 0.42, 0.42, 0.42, 0.42, 0.42, 0.42, 0.42, 0.42, 0.42, 0.42, 0.42, 0.42, 0.42, 0.42, 0.421, 0.421, 0.421, 0.421, 0.422, 0.422, 0.423, 0.423, 0.425, 0.426, 0.428, 0.43, 0.433, 0.437, 0.442, 0.448, 0.457, 0.467, 0.48, 0.495, 0.514, 0.537, 0.563, 0.592, 0.624, 0.657, 0.691, 0.725, 0.757, 0.786, 0.812, 0.835, 0.854, 0.87, 0.883, 0.893, 0.901, 0.908, 0.913, 0.917, 0.92, 0.922, 0.924, 0.925, 0.926, 0.927, 0.928, 0.928, 0.929, 0.929, 0.929, 0.929, 0.93, 0.93, 0.93, 0.93, 0.93, 0.93, 0.93, 0.93, 0.93, 0.93, 0.93, 0.93, 0.93, 0.93, 0.93, 0.93, 0.93, 0.93, 0.93, 0.93, 0.93, 0.93], params=[0.19, 2.86, 0.42, 0.07], fit_error=[0.051, 0.125, 0.131, 0.14, 0.163, 0.105, 0.12, 0.078, 0.028])",[-70.  -8.  -4.  -2.   0.   2.   4.   8.  70.],"[0.374, 0.529, 0.6, 0.615, 0.4, 0.7, 0.688, 0.857, 0.913]","[0.42, 0.42, 0.42, 0.42, 0.42, 0.42, 0.42, 0.42, 0.42, 0.42, 0.42, 0.42, 0.42, 0.42, 0.42, 0.42, 0.42, 0.42, 0.42, 0.42, 0.42, 0.42, 0.42, 0.42, 0.42, 0.42, 0.421, 0.421, 0.421, 0.421, 0.422, 0.422, 0.423, 0.423, 0.425, 0.426, 0.428, 0.43, 0.433, 0.437, 0.442, 0.448, 0.457, 0.467, 0.48, 0.495, 0.514, 0.537, 0.563, 0.592, 0.624, 0.657, 0.691, 0.725, 0.757, 0.786, 0.812, 0.835, 0.854, 0.87, 0.883, 0.893, 0.901, 0.908, 0.913, 0.917, 0.92, 0.922, 0.924, 0.925, 0.926, 0.927, 0.928, 0.928, 0.929, 0.929, 0.929, 0.929, 0.93, 0.93, 0.93, 0.93, 0.93, 0.93, 0.93, 0.93, 0.93, 0.93, 0.93, 0.93, 0.93, 0.93, 0.93, 0.93, 0.93, 0.93, 0.93, 0.93, 0.93, 0.93]","[0.051, 0.125, 0.131, 0.14, 0.163, 0.105, 0.12, 0.078, 0.028]","[0.19, 2.86, 0.42, 0.07]",0.19,2.86,0.42,0.07,"psych_curve(xdata=array([-70.,  -8.,  -4.,  -2.,   0.,   2.,   4.,   8.,  70.]), ydata=[0.292, 0.429, 0.688, 0.474, 0.5, 0.643, 0.8, 0.867, 0.848], fit=[nan, nan, nan, nan, nan, nan, nan, nan, nan, nan, nan, nan, nan, nan, nan, nan, nan, nan, nan, nan, nan, nan, nan, nan, nan, nan, nan, nan, nan, nan, nan, nan, nan, nan, nan, nan, nan, nan, nan, nan, nan, nan, nan, nan, nan, nan, nan, nan, nan, nan, nan, nan, nan, nan, nan, nan, nan, nan, nan, nan, nan, nan, nan, nan, nan, nan, nan, nan, nan, nan, nan, nan, nan, nan, nan, nan, nan, nan, nan, nan, nan, nan, nan, nan, nan, nan, nan, nan, nan, nan, nan, nan, nan, nan, nan, nan, nan, nan, nan, nan], params=[0.19, -0.95, 0.31, 0.11], fit_error=[0.047, 0.111, 0.12, 0.118, 0.167, 0.133, 0.107, 0.091, 0.038])",[-70.  -8.  -4.  -2.   0.   2.   4.   8.  70.],"[0.374, 0.529, 0.6, 0.615, 0.4, 0.7, 0.688, 0.857, 0.913]","[0.42, 0.42, 0.42, 0.42, 0.42, 0.42, 0.42, 0.42, 0.42, 0.42, 0.42, 0.42, 0.42, 0.42, 0.42, 0.42, 0.42, 0.42, 0.42, 0.42, 0.42, 0.42, 0.42, 0.42, 0.42, 0.42, 0.421, 0.421, 0.421, 0.421, 0.422, 0.422, 0.423, 0.423, 0.425, 0.426, 0.428, 0.43, 0.433, 0.437, 0.442, 0.448, 0.457, 0.467, 0.48, 0.495, 0.514, 0.537, 0.563, 0.592, 0.624, 0.657, 0.691, 0.725, 0.757, 0.786, 0.812, 0.835, 0.854, 0.87, 0.883, 0.893, 0.901, 0.908, 0.913, 0.917, 0.92, 0.922, 0.924, 0.925, 0.926, 0.927, 0.928, 0.928, 0.929, 0.929, 0.929, 0.929, 0.93, 0.93, 0.93, 0.93, 0.93, 0.93, 0.93, 0.93, 0.93, 0.93, 0.93, 0.93, 0.93, 0.93, 0.93, 0.93, 0.93, 0.93, 0.93, 0.93, 0.93, 0.93]","[0.051, 0.125, 0.131, 0.14, 0.163, 0.105, 0.12, 0.078, 0.028]","[0.19, -0.95, 0.31, 0.11]",0.19,-0.95,0.31,0.11
2023-08-10,3,166,907,['Bpod5'],382,193,189,176,181,264,133,131,145,108,93,50,43,0.6910994764397905,0.689119170984456,0.6931216931216931,357,183,174,212,104,108,0.5909090909090909,0.5966850828729282,131,63,68,0.35795454545454547,0.3756906077348066,0.7394957983193278,0.726775956284153,0.7528735632183908,0.8,0.026097606934237794,0.6839622641509434,0.8244274809160306,-0.14046521676508716,0.5937970868910096,0.36682257659467604,25,10,15,0.06544502617801047,0.05181347150259067,0.07936507936507936,264,133,131,660.0,332.5,327.5,0,0,0,0,0.5,0.5,"psych_curve(xdata=array([-70.,  -8.,  -4.,  -2.,   0.,   2.,   4.,   8.,  70.]), ydata=[0.22, 0.222, 0.471, 0.417, 0.45, 0.615, 0.682, 0.6, 0.821], fit=[0.2, 0.2, 0.2, 0.2, 0.2, 0.2, 0.2, 0.2, 0.2, 0.2, 0.2, 0.2, 0.2, 0.2, 0.2, 0.2, 0.2, 0.2, 0.2, 0.2, 0.2, 0.2, 0.2, 0.2, 0.2, 0.2, 0.201, 0.201, 0.201, 0.201, 0.202, 0.203, 0.204, 0.205, 0.206, 0.209, 0.211, 0.215, 0.22, 0.227, 0.236, 0.247, 0.262, 0.28, 0.303, 0.331, 0.364, 0.401, 0.442, 0.485, 0.529, 0.571, 0.61, 0.645, 0.675, 0.7, 0.721, 0.737, 0.75, 0.759, 0.767, 0.773, 0.777, 0.78, 0.783, 0.785, 0.786, 0.787, 0.788, 0.788, 0.789, 0.789, 0.789, 0.789, 0.79, 0.79, 0.79, 0.79, 0.79, 0.79, 0.79, 0.79, 0.79, 0.79, 0.79, 0.79, 0.79, 0.79, 0.79, 0.79, 0.79, 0.79, 0.79, 0.79, 0.79, 0.79, 0.79, 0.79, 0.79, 0.79], params=[0.21, -0.4, 0.2, 0.21], fit_error=[0.037, 0.101, 0.125, 0.149, 0.114, 0.14, 0.102, 0.131, 0.036])",[-70.  -8.  -4.  -2.   0.   2.   4.   8.  70.],"[0.22, 0.222, 0.471, 0.417, 0.45, 0.615, 0.682, 0.6, 0.821]","[0.2, 0.2, 0.2, 0.2, 0.2, 0.2, 0.2, 0.2, 0.2, 0.2, 0.2, 0.2, 0.2, 0.2, 0.2, 0.2, 0.2, 0.2, 0.2, 0.2, 0.2, 0.2, 0.2, 0.2, 0.2, 0.2, 0.201, 0.201, 0.201, 0.201, 0.202, 0.203, 0.204, 0.205, 0.206, 0.209, 0.211, 0.215, 0.22, 0.227, 0.236, 0.247, 0.262, 0.28, 0.303, 0.331, 0.364, 0.401, 0.442, 0.485, 0.529, 0.571, 0.61, 0.645, 0.675, 0.7, 0.721, 0.737, 0.75, 0.759, 0.767, 0.773, 0.777, 0.78, 0.783, 0.785, 0.786, 0.787, 0.788, 0.788, 0.789, 0.789, 0.789, 0.789, 0.79, 0.79, 0.79, 0.79, 0.79, 0.79, 0.79, 0.79, 0.79, 0.79, 0.79, 0.79, 0.79, 0.79, 0.79, 0.79, 0.79, 0.79, 0.79, 0.79, 0.79, 0.79, 0.79, 0.79, 0.79, 0.79]","[0.037, 0.101, 0.125, 0.149, 0.114, 0.14, 0.102, 0.131, 0.036]","[0.21, -0.4, 0.2, 0.21]",0.21,-0.4,0.2,0.21,"psych_curve(xdata=array([-70.,  -8.,  -4.,  -2.,   0.,   2.,   4.,   8.,  70.]), ydata=[0.299, 0.538, 0.533, 0.5, 0.9, 0.692, 0.739, 0.833, 0.922], fit=[nan, nan, nan, nan, nan, nan, nan, nan, nan, nan, nan, nan, nan, nan, nan, nan, nan, nan, nan, nan, nan, nan, nan, nan, nan, nan, nan, nan, nan, nan, nan, nan, nan, nan, nan, nan, nan, nan, nan, nan, nan, nan, nan, nan, nan, nan, nan, nan, nan, nan, nan, nan, nan, nan, nan, nan, nan, nan, nan, nan, nan, nan, nan, nan, nan, nan, nan, nan, nan, nan, nan, nan, nan, nan, nan, nan, nan, nan, nan, nan, nan, nan, nan, nan, nan, nan, nan, nan, nan, nan, nan, nan, nan, nan, nan, nan, nan, nan, nan, nan], params=[0.16, -2.92, 0.3, 0.08], fit_error=[0.041, 0.144, 0.133, 0.151, 0.069, 0.133, 0.094, 0.09, 0.027])",[-70.  -8.  -4.  -2.   0.   2.   4.   8.  70.],"[0.22, 0.222, 0.471, 0.417, 0.45, 0.615, 0.682, 0.6, 0.821]","[0.2, 0.2, 0.2, 0.2, 0.2, 0.2, 0.2, 0.2, 0.2, 0.2, 0.2, 0.2, 0.2, 0.2, 0.2, 0.2, 0.2, 0.2, 0.2, 0.2, 0.2, 0.2, 0.2, 0.2, 0.2, 0.2, 0.201, 0.201, 0.201, 0.201, 0.202, 0.203, 0.204, 0.205, 0.206, 0.209, 0.211, 0.215, 0.22, 0.227, 0.236, 0.247, 0.262, 0.28, 0.303, 0.331, 0.364, 0.401, 0.442, 0.485, 0.529, 0.571, 0.61, 0.645, 0.675, 0.7, 0.721, 0.737, 0.75, 0.759, 0.767, 0.773, 0.777, 0.78, 0.783, 0.785, 0.786, 0.787, 0.788, 0.788, 0.789, 0.789, 0.789, 0.789, 0.79, 0.79, 0.79, 0.79, 0.79, 0.79, 0.79, 0.79, 0.79, 0.79, 0.79, 0.79, 0.79, 0.79, 0.79, 0.79, 0.79, 0.79, 0.79, 0.79, 0.79, 0.79, 0.79, 0.79, 0.79, 0.79]","[0.037, 0.101, 0.125, 0.149, 0.114, 0.14, 0.102, 0.131, 0.036]","[0.16, -2.92, 0.3, 0.08]",0.16,-2.92,0.3,0.08
2023-08-16,2,172,907,['Bpod5'],314,154,160,200,113,206,123,83,120,86,107,30,77,0.6560509554140127,0.7987012987012987,0.51875,313,153,160,202,144,58,0.72,0.5132743362831859,110,55,55,0.275,0.48672566371681414,0.65814696485623,0.803921568627451,0.51875,0.7053140096618358,-0.28517156862745097,0.594059405940594,0.7818181818181819,-0.18775877587758782,0.616637168141593,0.3808628318584071,1,1,0,0.0031847133757961785,0.006493506493506494,0.0,206,123,83,515.0,307.5,207.5,0,0,0,0,0.5,0.4999999999999999,"psych_curve(xdata=array([-70.,  -8.,  -4.,  -2.,   0.,   2.,   4.,   8.,  70.]), ydata=[0.181, 0.286, 0.182, 0.167, 0.182, 0.2, 0.611, 0.474, 0.588], fit=[0.2, 0.2, 0.2, 0.2, 0.2, 0.2, 0.2, 0.2, 0.2, 0.2, 0.2, 0.2, 0.2, 0.2, 0.2, 0.2, 0.2, 0.2, 0.2, 0.2, 0.2, 0.2, 0.2, 0.2, 0.2, 0.2, 0.2, 0.2, 0.2, 0.2, 0.2, 0.2, 0.2, 0.2, 0.2, 0.2, 0.2, 0.2, 0.2, 0.2, 0.2, 0.2, 0.2, 0.2, 0.2, 0.2, 0.2, 0.2, 0.2, 0.2, 0.2, 0.204, 0.56, 0.56, 0.56, 0.56, 0.56, 0.56, 0.56, 0.56, 0.56, 0.56, 0.56, 0.56, 0.56, 0.56, 0.56, 0.56, 0.56, 0.56, 0.56, 0.56, 0.56, 0.56, 0.56, 0.56, 0.56, 0.56, 0.56, 0.56, 0.56, 0.56, 0.56, 0.56, 0.56, 0.56, 0.56, 0.56, 0.56, 0.56, 0.56, 0.56, 0.56, 0.56, 0.56, 0.56, 0.56, 0.56, 0.56, 0.56], params=[14.75, 2.43, 0.2, 0.44], fit_error=[0.038, 0.125, 0.122, 0.09, 0.122, 0.107, 0.118, 0.118, 0.049])",[-70.  -8.  -4.  -2.   0.   2.   4.   8.  70.],"[0.181, 0.286, 0.182, 0.167, 0.182, 0.2, 0.611, 0.474, 0.588]","[0.2, 0.2, 0.2, 0.2, 0.2, 0.2, 0.2, 0.2, 0.2, 0.2, 0.2, 0.2, 0.2, 0.2, 0.2, 0.2, 0.2, 0.2, 0.2, 0.2, 0.2, 0.2, 0.2, 0.2, 0.2, 0.2, 0.2, 0.2, 0.2, 0.2, 0.2, 0.2, 0.2, 0.2, 0.2, 0.2, 0.2, 0.2, 0.2, 0.2, 0.2, 0.2, 0.2, 0.2, 0.2, 0.2, 0.2, 0.2, 0.2, 0.2, 0.2, 0.204, 0.56, 0.56, 0.56, 0.56, 0.56, 0.56, 0.56, 0.56, 0.56, 0.56, 0.56, 0.56, 0.56, 0.56, 0.56, 0.56, 0.56, 0.56, 0.56, 0.56, 0.56, 0.56, 0.56, 0.56, 0.56, 0.56, 0.56, 0.56, 0.56, 0.56, 0.56, 0.56, 0.56, 0.56, 0.56, 0.56, 0.56, 0.56, 0.56, 0.56, 0.56, 0.56, 0.56, 0.56, 0.56, 0.56, 0.56, 0.56]","[0.038, 0.125, 0.122, 0.09, 0.122, 0.107, 0.118, 0.118, 0.049]","[14.75, 2.43, 0.2, 0.44]",14.75,2.43,0.2,0.44,"psych_curve(xdata=array([-70.,  -8.,  -4.,  -2.,   0.,   2.,   4.,   8.,  70.]), ydata=[0.419, 0.588, 0.467, 0.769, 0.818, 0.75, 0.857, 0.75, 0.876], fit=[nan, nan, nan, nan, nan, nan, nan, nan, nan, nan, nan, nan, nan, nan, nan, nan, nan, nan, nan, nan, nan, nan, nan, nan, nan, nan, nan, nan, nan, nan, nan, nan, nan, nan, nan, nan, nan, nan, nan, nan, nan, nan, nan, nan, nan, nan, nan, nan, nan, nan, nan, nan, nan, nan, nan, nan, nan, nan, nan, nan, nan, nan, nan, nan, nan, nan, nan, nan, nan, nan, nan, nan, nan, nan, nan, nan, nan, nan, nan, nan, nan, nan, nan, nan, nan, nan, nan, nan, nan, nan, nan, nan, nan, nan, nan, nan, nan, nan, nan, nan], params=[7.16, -2.27, 0.49, 0.19], fit_error=[0.046, 0.123, 0.133, 0.122, 0.122, 0.099, 0.097, 0.112, 0.035])",[-70.  -8.  -4.  -2.   0.   2.   4.   8.  70.],"[0.181, 0.286, 0.182, 0.167, 0.182, 0.2, 0.611, 0.474, 0.588]","[0.2, 0.2, 0.2, 0.2, 0.2, 0.2, 0.2, 0.2, 0.2, 0.2, 0.2, 0.2, 0.2, 0.2, 0.2, 0.2, 0.2, 0.2, 0.2, 0.2, 0.2, 0.2, 0.2, 0.2, 0.2, 0.2, 0.2, 0.2, 0.2, 0.2, 0.2, 0.2, 0.2, 0.2, 0.2, 0.2, 0.2, 0.2, 0.2, 0.2, 0.2, 0.2, 0.2, 0.2, 0.2, 0.2, 0.2, 0.2, 0.2, 0.2, 0.2, 0.204, 0.56, 0.56, 0.56, 0.56, 0.56, 0.56, 0.56, 0.56, 0.56, 0.56, 0.56, 0.56, 0.56, 0.56, 0.56, 0.56, 0.56, 0.56, 0.56, 0.56, 0.56, 0.56, 0.56, 0.56, 0.56, 0.56, 0.56, 0.56, 0.56, 0.56, 0.56, 0.56, 0.56, 0.56, 0.56, 0.56, 0.56, 0.56, 0.56, 0.56, 0.56, 0.56, 0.56, 0.56, 0.56, 0.56, 0.56, 0.56]","[0.038, 0.125, 0.122, 0.09, 0.122, 0.107, 0.118, 0.118, 0.049]","[7.16, -2.27, 0.49, 0.19]",7.16,-2.27,0.49,0.19
2023-08-17,3,173,907,['Bpod5'],468,235,233,288,160,319,194,125,181,127,129,35,94,0.6816239316239316,0.825531914893617,0.5364806866952789,448,229,219,265,196,69,0.6805555555555556,0.43125,169,84,85,0.2916666666666667,0.53125,0.7120535714285714,0.8471615720524017,0.5707762557077626,0.7324414715719063,-0.27638531634463914,0.6830188679245283,0.7514792899408284,-0.0684604220163001,0.5559027777777779,0.41145833333333337,20,6,14,0.042735042735042736,0.02553191489361702,0.060085836909871244,319,194,125,797.5,485.0,312.5,0,0,0,0,0.5,0.5,"psych_curve(xdata=array([-70.,  -8.,  -4.,  -2.,   0.,   2.,   4.,   8.,  70.]), ydata=[0.158, 0.12, 0.111, 0.105, 0.3, 0.476, 0.375, 0.524, 0.627], fit=[0.11, 0.11, 0.11, 0.11, 0.11, 0.11, 0.11, 0.11, 0.11, 0.11, 0.11, 0.11, 0.11, 0.11, 0.11, 0.11, 0.11, 0.11, 0.11, 0.11, 0.11, 0.11, 0.11, 0.11, 0.11, 0.11, 0.11, 0.11, 0.11, 0.11, 0.11, 0.11, 0.11, 0.11, 0.11, 0.11, 0.11, 0.11, 0.11, 0.11, 0.11, 0.11, 0.111, 0.112, 0.114, 0.119, 0.128, 0.146, 0.18, 0.235, 0.311, 0.395, 0.465, 0.513, 0.541, 0.556, 0.563, 0.567, 0.568, 0.569, 0.57, 0.57, 0.57, 0.57, 0.57, 0.57, 0.57, 0.57, 0.57, 0.57, 0.57, 0.57, 0.57, 0.57, 0.57, 0.57, 0.57, 0.57, 0.57, 0.57, 0.57, 0.57, 0.57, 0.57, 0.57, 0.57, 0.57, 0.57, 0.57, 0.57, 0.57, 0.57, 0.57, 0.57, 0.57, 0.57, 0.57, 0.57, 0.57, 0.57], params=[0.52, 1.19, 0.11, 0.43], fit_error=[0.03, 0.066, 0.062, 0.072, 0.105, 0.112, 0.125, 0.112, 0.039])",[-70.  -8.  -4.  -2.   0.   2.   4.   8.  70.],"[0.158, 0.12, 0.111, 0.105, 0.3, 0.476, 0.375, 0.524, 0.627]","[0.11, 0.11, 0.11, 0.11, 0.11, 0.11, 0.11, 0.11, 0.11, 0.11, 0.11, 0.11, 0.11, 0.11, 0.11, 0.11, 0.11, 0.11, 0.11, 0.11, 0.11, 0.11, 0.11, 0.11, 0.11, 0.11, 0.11, 0.11, 0.11, 0.11, 0.11, 0.11, 0.11, 0.11, 0.11, 0.11, 0.11, 0.11, 0.11, 0.11, 0.11, 0.11, 0.111, 0.112, 0.114, 0.119, 0.128, 0.146, 0.18, 0.235, 0.311, 0.395, 0.465, 0.513, 0.541, 0.556, 0.563, 0.567, 0.568, 0.569, 0.57, 0.57, 0.57, 0.57, 0.57, 0.57, 0.57, 0.57, 0.57, 0.57, 0.57, 0.57, 0.57, 0.57, 0.57, 0.57, 0.57, 0.57, 0.57, 0.57, 0.57, 0.57, 0.57, 0.57, 0.57, 0.57, 0.57, 0.57, 0.57, 0.57, 0.57, 0.57, 0.57, 0.57, 0.57, 0.57, 0.57, 0.57, 0.57, 0.57]","[0.03, 0.066, 0.062, 0.072, 0.105, 0.112, 0.125, 0.112, 0.039]","[0.52, 1.19, 0.11, 0.43]",0.52,1.19,0.11,0.43,"psych_curve(xdata=array([-70.,  -8.,  -4.,  -2.,   0.,   2.,   4.,   8.,  70.]), ydata=[0.374, 0.4, 0.474, 0.444, 0.5, 0.762, 0.81, 0.9, 0.828], fit=[nan, nan, nan, nan, nan, nan, nan, nan, nan, nan, nan, nan, nan, nan, nan, nan, nan, nan, nan, nan, nan, nan, nan, nan, nan, nan, nan, nan, nan, nan, nan, nan, nan, nan, nan, nan, nan, nan, nan, nan, nan, nan, nan, nan, nan, nan, nan, nan, nan, nan, nan, nan, nan, nan, nan, nan, nan, nan, nan, nan, nan, nan, nan, nan, nan, nan, nan, nan, nan, nan, nan, nan, nan, nan, nan, nan, nan, nan, nan, nan, nan, nan, nan, nan, nan, nan, nan, nan, nan, nan, nan, nan, nan, nan, nan, nan, nan, nan, nan, nan], params=[1.26, 1.05, 0.42, 0.15], fit_error=[0.041, 0.1, 0.118, 0.121, 0.115, 0.095, 0.088, 0.069, 0.031])",[-70.  -8.  -4.  -2.   0.   2.   4.   8.  70.],"[0.158, 0.12, 0.111, 0.105, 0.3, 0.476, 0.375, 0.524, 0.627]","[0.11, 0.11, 0.11, 0.11, 0.11, 0.11, 0.11, 0.11, 0.11, 0.11, 0.11, 0.11, 0.11, 0.11, 0.11, 0.11, 0.11, 0.11, 0.11, 0.11, 0.11, 0.11, 0.11, 0.11, 0.11, 0.11, 0.11, 0.11, 0.11, 0.11, 0.11, 0.11, 0.11, 0.11, 0.11, 0.11, 0.11, 0.11, 0.11, 0.11, 0.11, 0.11, 0.111, 0.112, 0.114, 0.119, 0.128, 0.146, 0.18, 0.235, 0.311, 0.395, 0.465, 0.513, 0.541, 0.556, 0.563, 0.567, 0.568, 0.569, 0.57, 0.57, 0.57, 0.57, 0.57, 0.57, 0.57, 0.57, 0.57, 0.57, 0.57, 0.57, 0.57, 0.57, 0.57, 0.57, 0.57, 0.57, 0.57, 0.57, 0.57, 0.57, 0.57, 0.57, 0.57, 0.57, 0.57, 0.57, 0.57, 0.57, 0.57, 0.57, 0.57, 0.57, 0.57, 0.57, 0.57, 0.57, 0.57, 0.57]","[0.03, 0.066, 0.062, 0.072, 0.105, 0.112, 0.125, 0.112, 0.039]","[1.26, 1.05, 0.42, 0.15]",1.26,1.05,0.42,0.15
2023-08-18,4,174,907,['Bpod5'],506,250,256,278,213,335,183,152,189,143,156,61,95,0.6620553359683794,0.732,0.59375,491,244,247,286,175,111,0.6294964028776978,0.5211267605633803,200,99,101,0.35611510791366907,0.47417840375586856,0.6822810590631364,0.75,0.6153846153846154,0.7672131147540984,-0.13461538461538458,0.6608391608391608,0.715,-0.054160839160839136,0.575311581720539,0.4151467558347688,15,6,9,0.029644268774703556,0.024,0.03515625,335,183,152,837.5,457.5,380.0,0,0,0,0,0.5,0.5,"psych_curve(xdata=array([-70.,  -8.,  -4.,  -2.,   0.,   2.,   4.,   8.,  70.]), ydata=[0.222, 0.25, 0.4, 0.222, 0.258, 0.32, 0.5, 0.484, 0.757], fit=[0.24, 0.24, 0.24, 0.24, 0.24, 0.24, 0.24, 0.24, 0.24, 0.24, 0.24, 0.24, 0.24, 0.24, 0.24, 0.24, 0.24, 0.24, 0.24, 0.24, 0.24, 0.24, 0.24, 0.24, 0.24, 0.24, 0.24, 0.24, 0.24, 0.24, 0.24, 0.24, 0.241, 0.241, 0.241, 0.241, 0.242, 0.243, 0.244, 0.245, 0.246, 0.248, 0.251, 0.255, 0.26, 0.267, 0.275, 0.287, 0.301, 0.319, 0.341, 0.367, 0.398, 0.432, 0.469, 0.508, 0.546, 0.582, 0.615, 0.644, 0.668, 0.689, 0.705, 0.718, 0.728, 0.736, 0.742, 0.746, 0.75, 0.752, 0.754, 0.756, 0.757, 0.758, 0.758, 0.759, 0.759, 0.759, 0.759, 0.76, 0.76, 0.76, 0.76, 0.76, 0.76, 0.76, 0.76, 0.76, 0.76, 0.76, 0.76, 0.76, 0.76, 0.76, 0.76, 0.76, 0.76, 0.76, 0.76, 0.76], params=[0.21, 7.5, 0.24, 0.24], fit_error=[0.034, 0.083, 0.112, 0.082, 0.08, 0.095, 0.104, 0.091, 0.035])",[-70.  -8.  -4.  -2.   0.   2.   4.   8.  70.],"[0.222, 0.25, 0.4, 0.222, 0.258, 0.32, 0.5, 0.484, 0.757]","[0.24, 0.24, 0.24, 0.24, 0.24, 0.24, 0.24, 0.24, 0.24, 0.24, 0.24, 0.24, 0.24, 0.24, 0.24, 0.24, 0.24, 0.24, 0.24, 0.24, 0.24, 0.24, 0.24, 0.24, 0.24, 0.24, 0.24, 0.24, 0.24, 0.24, 0.24, 0.24, 0.241, 0.241, 0.241, 0.241, 0.242, 0.243, 0.244, 0.245, 0.246, 0.248, 0.251, 0.255, 0.26, 0.267, 0.275, 0.287, 0.301, 0.319, 0.341, 0.367, 0.398, 0.432, 0.469, 0.508, 0.546, 0.582, 0.615, 0.644, 0.668, 0.689, 0.705, 0.718, 0.728, 0.736, 0.742, 0.746, 0.75, 0.752, 0.754, 0.756, 0.757, 0.758, 0.758, 0.759, 0.759, 0.759, 0.759, 0.76, 0.76, 0.76, 0.76, 0.76, 0.76, 0.76, 0.76, 0.76, 0.76, 0.76, 0.76, 0.76, 0.76, 0.76, 0.76, 0.76, 0.76, 0.76, 0.76, 0.76]","[0.034, 0.083, 0.112, 0.082, 0.08, 0.095, 0.104, 0.091, 0.035]","[0.21, 7.5, 0.24, 0.24]",0.21,7.5,0.24,0.24,"psych_curve(xdata=array([-70.,  -8.,  -4.,  -2.,   0.,   2.,   4.,   8.,  70.]), ydata=[0.281, 0.571, 0.586, 0.611, 0.645, 0.647, 0.8, 0.774, 0.823], fit=[nan, nan, nan, nan, nan, nan, nan, nan, nan, nan, nan, nan, nan, nan, nan, nan, nan, nan, nan, nan, nan, nan, nan, nan, nan, nan, nan, nan, nan, nan, nan, nan, nan, nan, nan, nan, nan, nan, nan, nan, nan, nan, nan, nan, nan, nan, nan, nan, nan, nan, nan, nan, nan, nan, nan, nan, nan, nan, nan, nan, nan, nan, nan, nan, nan, nan, nan, nan, nan, nan, nan, nan, nan, nan, nan, nan, nan, nan, nan, nan, nan, nan, nan, nan, nan, nan, nan, nan, nan, nan, nan, nan, nan, nan, nan, nan, nan, nan, nan, nan], params=[0.13, -6.45, 0.28, 0.16], fit_error=[0.036, 0.095, 0.093, 0.118, 0.087, 0.083, 0.107, 0.076, 0.032])",[-70.  -8.  -4.  -2.   0.   2.   4.   8.  70.],"[0.222, 0.25, 0.4, 0.222, 0.258, 0.32, 0.5, 0.484, 0.757]","[0.24, 0.24, 0.24, 0.24, 0.24, 0.24, 0.24, 0.24, 0.24, 0.24, 0.24, 0.24, 0.24, 0.24, 0.24, 0.24, 0.24, 0.24, 0.24, 0.24, 0.24, 0.24, 0.24, 0.24, 0.24, 0.24, 0.24, 0.24, 0.24, 0.24, 0.24, 0.24, 0.241, 0.241, 0.241, 0.241, 0.242, 0.243, 0.244, 0.245, 0.246, 0.248, 0.251, 0.255, 0.26, 0.267, 0.275, 0.287, 0.301, 0.319, 0.341, 0.367, 0.398, 0.432, 0.469, 0.508, 0.546, 0.582, 0.615, 0.644, 0.668, 0.689, 0.705, 0.718, 0.728, 0.736, 0.742, 0.746, 0.75, 0.752, 0.754, 0.756, 0.757, 0.758, 0.758, 0.759, 0.759, 0.759, 0.759, 0.76, 0.76, 0.76, 0.76, 0.76, 0.76, 0.76, 0.76, 0.76, 0.76, 0.76, 0.76, 0.76, 0.76, 0.76, 0.76, 0.76, 0.76, 0.76, 0.76, 0.76]","[0.034, 0.083, 0.112, 0.082, 0.08, 0.095, 0.104, 0.091, 0.035]","[0.13, -6.45, 0.28, 0.16]",0.13,-6.45,0.28,0.16
2023-08-21,0,177,907,['Bpod5'],416,211,205,221,195,340,178,162,165,174,76,33,43,0.8173076923076923,0.8436018957345972,0.7902439024390244,416,211,205,201,113,88,0.5113122171945701,0.4512820512820513,214,107,107,0.4841628959276018,0.5487179487179488,0.8173076923076923,0.8436018957345972,0.7902439024390244,0.8679245283018868,-0.05335799329557278,0.8208955223880597,0.8130841121495327,0.00781141023852705,0.48129713423831066,0.5164404223227753,0,0,0,0.0,0.0,0.0,340,178,162,850.0,445.0,405.0,0,0,0,0,0.5,0.5,"psych_curve(xdata=array([-70.,  -8.,  -4.,  -2.,   0.,   2.,   4.,   8.,  70.]), ydata=[0.154, 0.129, 0.174, 0.143, 0.182, 0.45, 0.714, 0.85, 0.889], fit=[0.14, 0.14, 0.14, 0.14, 0.14, 0.14, 0.14, 0.14, 0.14, 0.14, 0.14, 0.14, 0.14, 0.14, 0.14, 0.14, 0.14, 0.14, 0.14, 0.14, 0.14, 0.14, 0.14, 0.14, 0.14, 0.14, 0.14, 0.14, 0.14, 0.14, 0.14, 0.14, 0.14, 0.14, 0.14, 0.14, 0.14, 0.14, 0.14, 0.14, 0.14, 0.14, 0.14, 0.14, 0.14, 0.14, 0.141, 0.143, 0.15, 0.176, 0.26, 0.448, 0.674, 0.804, 0.851, 0.865, 0.869, 0.87, 0.87, 0.87, 0.87, 0.87, 0.87, 0.87, 0.87, 0.87, 0.87, 0.87, 0.87, 0.87, 0.87, 0.87, 0.87, 0.87, 0.87, 0.87, 0.87, 0.87, 0.87, 0.87, 0.87, 0.87, 0.87, 0.87, 0.87, 0.87, 0.87, 0.87, 0.87, 0.87, 0.87, 0.87, 0.87, 0.87, 0.87, 0.87, 0.87, 0.87, 0.87, 0.87], params=[0.93, 2.46, 0.14, 0.13], fit_error=[0.032, 0.061, 0.081, 0.097, 0.084, 0.114, 0.101, 0.082, 0.027])",[-70.  -8.  -4.  -2.   0.   2.   4.   8.  70.],"[0.154, 0.129, 0.174, 0.143, 0.182, 0.45, 0.714, 0.85, 0.889]","[0.14, 0.14, 0.14, 0.14, 0.14, 0.14, 0.14, 0.14, 0.14, 0.14, 0.14, 0.14, 0.14, 0.14, 0.14, 0.14, 0.14, 0.14, 0.14, 0.14, 0.14, 0.14, 0.14, 0.14, 0.14, 0.14, 0.14, 0.14, 0.14, 0.14, 0.14, 0.14, 0.14, 0.14, 0.14, 0.14, 0.14, 0.14, 0.14, 0.14, 0.14, 0.14, 0.14, 0.14, 0.14, 0.14, 0.141, 0.143, 0.15, 0.176, 0.26, 0.448, 0.674, 0.804, 0.851, 0.865, 0.869, 0.87, 0.87, 0.87, 0.87, 0.87, 0.87, 0.87, 0.87, 0.87, 0.87, 0.87, 0.87, 0.87, 0.87, 0.87, 0.87, 0.87, 0.87, 0.87, 0.87, 0.87, 0.87, 0.87, 0.87, 0.87, 0.87, 0.87, 0.87, 0.87, 0.87, 0.87, 0.87, 0.87, 0.87, 0.87, 0.87, 0.87, 0.87, 0.87, 0.87, 0.87, 0.87, 0.87]","[0.032, 0.061, 0.081, 0.097, 0.084, 0.114, 0.101, 0.082, 0.027]","[0.93, 2.46, 0.14, 0.13]",0.93,2.46,0.14,0.13,"psych_curve(xdata=array([-70.,  -8.,  -4.,  -2.,  -0.,   2.,   4.,   8.,  70.]), ydata=[0.142, 0.136, 0.2, 0.267, 0.545, 0.526, 0.737, 0.862, 0.878], fit=[nan, nan, nan, nan, nan, nan, nan, nan, nan, nan, nan, nan, nan, nan, nan, nan, nan, nan, nan, nan, nan, nan, nan, nan, nan, nan, nan, nan, nan, nan, nan, nan, nan, nan, nan, nan, nan, nan, nan, nan, nan, nan, nan, nan, nan, nan, nan, nan, nan, nan, nan, nan, nan, nan, nan, nan, nan, nan, nan, nan, nan, nan, nan, nan, nan, nan, nan, nan, nan, nan, nan, nan, nan, nan, nan, nan, nan, nan, nan, nan, nan, nan, nan, nan, nan, nan, nan, nan, nan, nan, nan, nan, nan, nan, nan, nan, nan, nan, nan, nan], params=[0.42, 0.74, 0.12, 0.12], fit_error=[0.029, 0.075, 0.082, 0.118, 0.109, 0.118, 0.104, 0.065, 0.03])",[-70.  -8.  -4.  -2.   0.   2.   4.   8.  70.],"[0.154, 0.129, 0.174, 0.143, 0.182, 0.45, 0.714, 0.85, 0.889]","[0.14, 0.14, 0.14, 0.14, 0.14, 0.14, 0.14, 0.14, 0.14, 0.14, 0.14, 0.14, 0.14, 0.14, 0.14, 0.14, 0.14, 0.14, 0.14, 0.14, 0.14, 0.14, 0.14, 0.14, 0.14, 0.14, 0.14, 0.14, 0.14, 0.14, 0.14, 0.14, 0.14, 0.14, 0.14, 0.14, 0.14, 0.14, 0.14, 0.14, 0.14, 0.14, 0.14, 0.14, 0.14, 0.14, 0.141, 0.143, 0.15, 0.176, 0.26, 0.448, 0.674, 0.804, 0.851, 0.865, 0.869, 0.87, 0.87, 0.87, 0.87, 0.87, 0.87, 0.87, 0.87, 0.87, 0.87, 0.87, 0.87, 0.87, 0.87, 0.87, 0.87, 0.87, 0.87, 0.87, 0.87, 0.87, 0.87, 0.87, 0.87, 0.87, 0.87, 0.87, 0.87, 0.87, 0.87, 0.87, 0.87, 0.87, 0.87, 0.87, 0.87, 0.87, 0.87, 0.87, 0.87, 0.87, 0.87, 0.87]","[0.032, 0.061, 0.081, 0.097, 0.084, 0.114, 0.101, 0.082, 0.027]","[0.42, 0.74, 0.12, 0.12]",0.42,0.74,0.12,0.12
2023-08-22,1,178,907,['Bpod5'],159,73,86,103,46,104,64,40,50,52,45,6,39,0.6540880503144654,0.8767123287671232,0.46511627906976744,149,70,79,77,66,11,0.6407766990291263,0.2391304347826087,70,35,35,0.33980582524271846,0.7608695652173914,0.697986577181208,0.9142857142857143,0.5063291139240507,0.7222222222222222,-0.4079566003616636,0.6493506493506493,0.7428571428571429,-0.09350649350649354,0.4399535669058675,0.5503376952300549,10,3,7,0.06289308176100629,0.0410958904109589,0.08139534883720931,104,64,40,260.0,160.0,100.0,0,0,0,0,0.5,0.5,"psych_curve(xdata=array([-70.,  -8.,  -4.,  -2.,   0.,   2.,   4.,   8.,  70.]), ydata=[0.096, 0.0, 0.0, 0.111, 0.125, 0.333, 0.429, 0.6, 0.554], fit=[0.04, 0.04, 0.04, 0.04, 0.04, 0.04, 0.04, 0.04, 0.04, 0.04, 0.04, 0.04, 0.04, 0.04, 0.04, 0.04, 0.04, 0.04, 0.04, 0.04, 0.04, 0.04, 0.04, 0.04, 0.04, 0.04, 0.04, 0.04, 0.04, 0.04, 0.04, 0.04, 0.04, 0.04, 0.04, 0.04, 0.04, 0.04, 0.04, 0.04, 0.04, 0.04, 0.04, 0.04, 0.041, 0.043, 0.046, 0.055, 0.076, 0.12, 0.203, 0.319, 0.432, 0.508, 0.548, 0.567, 0.575, 0.578, 0.579, 0.58, 0.58, 0.58, 0.58, 0.58, 0.58, 0.58, 0.58, 0.58, 0.58, 0.58, 0.58, 0.58, 0.58, 0.58, 0.58, 0.58, 0.58, 0.58, 0.58, 0.58, 0.58, 0.58, 0.58, 0.58, 0.58, 0.58, 0.58, 0.58, 0.58, 0.58, 0.58, 0.58, 0.58, 0.58, 0.58, 0.58, 0.58, 0.58, 0.58, 0.58], params=[0.64, 2.02, 0.04, 0.42], fit_error=[0.041, nan, 0.0, 0.111, 0.125, 0.211, 0.202, 0.245, 0.067])",[-70.  -8.  -4.  -2.   0.   2.   4.   8.  70.],"[0.096, 0.0, 0.0, 0.111, 0.125, 0.333, 0.429, 0.6, 0.554]","[0.04, 0.04, 0.04, 0.04, 0.04, 0.04, 0.04, 0.04, 0.04, 0.04, 0.04, 0.04, 0.04, 0.04, 0.04, 0.04, 0.04, 0.04, 0.04, 0.04, 0.04, 0.04, 0.04, 0.04, 0.04, 0.04, 0.04, 0.04, 0.04, 0.04, 0.04, 0.04, 0.04, 0.04, 0.04, 0.04, 0.04, 0.04, 0.04, 0.04, 0.04, 0.04, 0.04, 0.04, 0.041, 0.043, 0.046, 0.055, 0.076, 0.12, 0.203, 0.319, 0.432, 0.508, 0.548, 0.567, 0.575, 0.578, 0.579, 0.58, 0.58, 0.58, 0.58, 0.58, 0.58, 0.58, 0.58, 0.58, 0.58, 0.58, 0.58, 0.58, 0.58, 0.58, 0.58, 0.58, 0.58, 0.58, 0.58, 0.58, 0.58, 0.58, 0.58, 0.58, 0.58, 0.58, 0.58, 0.58, 0.58, 0.58, 0.58, 0.58, 0.58, 0.58, 0.58, 0.58, 0.58, 0.58, 0.58, 0.58]","[0.041, nan, 0.0, 0.111, 0.125, 0.211, 0.202, 0.245, 0.067]","[0.64, 2.02, 0.04, 0.42]",0.64,2.02,0.04,0.42,"psych_curve(xdata=array([-70.,  -8.,  -4.,  -2.,  -0.,   2.,   4.,   8.,  70.]), ydata=[0.317, 0.5, 0.0, 0.6, 0.375, 0.8, 0.6, 0.75, 0.767], fit=[nan, nan, nan, nan, nan, nan, nan, nan, nan, nan, nan, nan, nan, nan, nan, nan, nan, nan, nan, nan, nan, nan, nan, nan, nan, nan, nan, nan, nan, nan, nan, nan, nan, nan, nan, nan, nan, nan, nan, nan, nan, nan, nan, nan, nan, nan, nan, nan, nan, nan, nan, nan, nan, nan, nan, nan, nan, nan, nan, nan, nan, nan, nan, nan, nan, nan, nan, nan, nan, nan, nan, nan, nan, nan, nan, nan, nan, nan, nan, nan, nan, nan, nan, nan, nan, nan, nan, nan, nan, nan, nan, nan, nan, nan, nan, nan, nan, nan, nan, nan], params=[8.87, 0.32, 0.35, 0.27], fit_error=[0.059, 0.5, 0.0, 0.245, 0.183, 0.133, 0.163, 0.25, 0.065])",[-70.  -8.  -4.  -2.   0.   2.   4.   8.  70.],"[0.096, 0.0, 0.0, 0.111, 0.125, 0.333, 0.429, 0.6, 0.554]","[0.04, 0.04, 0.04, 0.04, 0.04, 0.04, 0.04, 0.04, 0.04, 0.04, 0.04, 0.04, 0.04, 0.04, 0.04, 0.04, 0.04, 0.04, 0.04, 0.04, 0.04, 0.04, 0.04, 0.04, 0.04, 0.04, 0.04, 0.04, 0.04, 0.04, 0.04, 0.04, 0.04, 0.04, 0.04, 0.04, 0.04, 0.04, 0.04, 0.04, 0.04, 0.04, 0.04, 0.04, 0.041, 0.043, 0.046, 0.055, 0.076, 0.12, 0.203, 0.319, 0.432, 0.508, 0.548, 0.567, 0.575, 0.578, 0.579, 0.58, 0.58, 0.58, 0.58, 0.58, 0.58, 0.58, 0.58, 0.58, 0.58, 0.58, 0.58, 0.58, 0.58, 0.58, 0.58, 0.58, 0.58, 0.58, 0.58, 0.58, 0.58, 0.58, 0.58, 0.58, 0.58, 0.58, 0.58, 0.58, 0.58, 0.58, 0.58, 0.58, 0.58, 0.58, 0.58, 0.58, 0.58, 0.58, 0.58, 0.58]","[0.041, nan, 0.0, 0.111, 0.125, 0.211, 0.202, 0.245, 0.067]","[8.87, 0.32, 0.35, 0.27]",8.87,0.32,0.35,0.27
2023-08-23,2,179,907,['Bpod5'],717,367,350,396,297,494,278,216,269,218,199,81,118,0.6889818688981869,0.7574931880108992,0.6171428571428571,693,359,334,386,239,147,0.6035353535353535,0.494949494949495,293,147,146,0.3712121212121212,0.49158249158249157,0.7128427128427128,0.7743732590529248,0.6467065868263473,0.7801268498942917,-0.12766667222657746,0.6968911917098446,0.7440273037542662,-0.047136112044421585,0.5492424242424242,0.4313973063973064,24,8,16,0.03347280334728033,0.021798365122615803,0.045714285714285714,494,278,216,1235.0,695.0,540.0,0,0,0,0,0.5,0.5,"psych_curve(xdata=array([-70.,  -8.,  -4.,  -2.,   0.,   2.,   4.,   8.,  70.]), ydata=[0.173, 0.16, 0.414, 0.324, 0.424, 0.353, 0.552, 0.606, 0.729], fit=[0.16, 0.16, 0.16, 0.16, 0.16, 0.16, 0.16, 0.16, 0.16, 0.16, 0.16, 0.16, 0.16, 0.16, 0.16, 0.16, 0.16, 0.16, 0.16, 0.16, 0.16, 0.16, 0.16, 0.16, 0.16, 0.161, 0.161, 0.161, 0.161, 0.162, 0.162, 0.163, 0.164, 0.165, 0.166, 0.168, 0.171, 0.174, 0.178, 0.183, 0.19, 0.199, 0.21, 0.224, 0.241, 0.261, 0.285, 0.313, 0.345, 0.38, 0.418, 0.456, 0.494, 0.53, 0.563, 0.593, 0.619, 0.641, 0.659, 0.674, 0.687, 0.696, 0.704, 0.71, 0.714, 0.718, 0.721, 0.723, 0.725, 0.726, 0.727, 0.728, 0.728, 0.729, 0.729, 0.729, 0.729, 0.73, 0.73, 0.73, 0.73, 0.73, 0.73, 0.73, 0.73, 0.73, 0.73, 0.73, 0.73, 0.73, 0.73, 0.73, 0.73, 0.73, 0.73, 0.73, 0.73, 0.73, 0.73, 0.73], params=[0.19, 1.72, 0.16, 0.27], fit_error=[0.024, 0.075, 0.093, 0.078, 0.087, 0.083, 0.094, 0.086, 0.03])",[-70.  -8.  -4.  -2.   0.   2.   4.   8.  70.],"[0.173, 0.16, 0.414, 0.324, 0.424, 0.353, 0.552, 0.606, 0.729]","[0.16, 0.16, 0.16, 0.16, 0.16, 0.16, 0.16, 0.16, 0.16, 0.16, 0.16, 0.16, 0.16, 0.16, 0.16, 0.16, 0.16, 0.16, 0.16, 0.16, 0.16, 0.16, 0.16, 0.16, 0.16, 0.161, 0.161, 0.161, 0.161, 0.162, 0.162, 0.163, 0.164, 0.165, 0.166, 0.168, 0.171, 0.174, 0.178, 0.183, 0.19, 0.199, 0.21, 0.224, 0.241, 0.261, 0.285, 0.313, 0.345, 0.38, 0.418, 0.456, 0.494, 0.53, 0.563, 0.593, 0.619, 0.641, 0.659, 0.674, 0.687, 0.696, 0.704, 0.71, 0.714, 0.718, 0.721, 0.723, 0.725, 0.726, 0.727, 0.728, 0.728, 0.729, 0.729, 0.729, 0.729, 0.73, 0.73, 0.73, 0.73, 0.73, 0.73, 0.73, 0.73, 0.73, 0.73, 0.73, 0.73, 0.73, 0.73, 0.73, 0.73, 0.73, 0.73, 0.73, 0.73, 0.73, 0.73, 0.73]","[0.024, 0.075, 0.093, 0.078, 0.087, 0.083, 0.094, 0.086, 0.03]","[0.19, 1.72, 0.16, 0.27]",0.19,1.72,0.16,0.27,"psych_curve(xdata=array([-70.,  -8.,  -4.,  -2.,   0.,   2.,   4.,   8.,  70.]), ydata=[0.265, 0.348, 0.538, 0.611, 0.606, 0.647, 0.677, 0.781, 0.835], fit=[nan, nan, nan, nan, nan, nan, nan, nan, nan, nan, nan, nan, nan, nan, nan, nan, nan, nan, nan, nan, nan, nan, nan, nan, nan, nan, nan, nan, nan, nan, nan, nan, nan, nan, nan, nan, nan, nan, nan, nan, nan, nan, nan, nan, nan, nan, nan, nan, nan, nan, nan, nan, nan, nan, nan, nan, nan, nan, nan, nan, nan, nan, nan, nan, nan, nan, nan, nan, nan, nan, nan, nan, nan, nan, nan, nan, nan, nan, nan, nan, nan, nan, nan, nan, nan, nan, nan, nan, nan, nan, nan, nan, nan, nan, nan, nan, nan, nan, nan, nan], params=[0.2, -2.73, 0.25, 0.17], fit_error=[0.029, 0.102, 0.1, 0.082, 0.086, 0.083, 0.085, 0.074, 0.025])",[-70.  -8.  -4.  -2.   0.   2.   4.   8.  70.],"[0.173, 0.16, 0.414, 0.324, 0.424, 0.353, 0.552, 0.606, 0.729]","[0.16, 0.16, 0.16, 0.16, 0.16, 0.16, 0.16, 0.16, 0.16, 0.16, 0.16, 0.16, 0.16, 0.16, 0.16, 0.16, 0.16, 0.16, 0.16, 0.16, 0.16, 0.16, 0.16, 0.16, 0.16, 0.161, 0.161, 0.161, 0.161, 0.162, 0.162, 0.163, 0.164, 0.165, 0.166, 0.168, 0.171, 0.174, 0.178, 0.183, 0.19, 0.199, 0.21, 0.224, 0.241, 0.261, 0.285, 0.313, 0.345, 0.38, 0.418, 0.456, 0.494, 0.53, 0.563, 0.593, 0.619, 0.641, 0.659, 0.674, 0.687, 0.696, 0.704, 0.71, 0.714, 0.718, 0.721, 0.723, 0.725, 0.726, 0.727, 0.728, 0.728, 0.729, 0.729, 0.729, 0.729, 0.73, 0.73, 0.73, 0.73, 0.73, 0.73, 0.73, 0.73, 0.73, 0.73, 0.73, 0.73, 0.73, 0.73, 0.73, 0.73, 0.73, 0.73, 0.73, 0.73, 0.73, 0.73, 0.73]","[0.024, 0.075, 0.093, 0.078, 0.087, 0.083, 0.094, 0.086, 0.03]","[0.2, -2.73, 0.25, 0.17]",0.2,-2.73,0.25,0.17
2023-08-24,3,180,907,['Bpod5'],155,69,86,102,49,89,54,35,54,34,62,14,48,0.5741935483870968,0.782608695652174,0.4069767441860465,151,68,83,96,74,22,0.7254901960784313,0.4489795918367347,53,27,26,0.2647058823529412,0.5306122448979592,0.5894039735099338,0.7941176470588235,0.42168674698795183,0.6106194690265486,-0.37243090007087165,0.5625,0.6415094339622641,-0.07900943396226412,0.587234893957583,0.3976590636254502,4,1,3,0.025806451612903226,0.014492753623188406,0.03488372093023256,89,54,35,222.5,135.0,87.5,0,0,0,0,0.5,0.4999999999999999,"psych_curve(xdata=array([-70.,  -8.,  -4.,  -2.,   0.,   2.,   4.,   8.,  70.]), ydata=[0.18, 0.0, 0.222, 0.5, 0.0, 0.5, 0.2, 0.571, 0.444], fit=[0.12, 0.12, 0.12, 0.12, 0.12, 0.12, 0.12, 0.12, 0.12, 0.12, 0.12, 0.12, 0.12, 0.12, 0.12, 0.12, 0.12, 0.12, 0.12, 0.12, 0.12, 0.12, 0.12, 0.12, 0.12, 0.12, 0.12, 0.12, 0.12, 0.12, 0.12, 0.12, 0.12, 0.12, 0.121, 0.121, 0.121, 0.122, 0.123, 0.124, 0.126, 0.129, 0.134, 0.14, 0.149, 0.162, 0.179, 0.201, 0.229, 0.261, 0.297, 0.334, 0.368, 0.398, 0.422, 0.442, 0.456, 0.466, 0.474, 0.479, 0.482, 0.485, 0.487, 0.488, 0.488, 0.489, 0.489, 0.49, 0.49, 0.49, 0.49, 0.49, 0.49, 0.49, 0.49, 0.49, 0.49, 0.49, 0.49, 0.49, 0.49, 0.49, 0.49, 0.49, 0.49, 0.49, 0.49, 0.49, 0.49, 0.49, 0.49, 0.49, 0.49, 0.49, 0.49, 0.49, 0.49, 0.49, 0.49, 0.49], params=[0.28, 1.01, 0.12, 0.51], fit_error=[0.055, 0.0, 0.147, 0.224, 0.0, 0.289, 0.2, 0.202, 0.063])",[-70.  -8.  -4.  -2.   0.   2.   4.   8.  70.],"[0.18, 0.0, 0.222, 0.5, 0.0, 0.5, 0.2, 0.571, 0.444]","[0.12, 0.12, 0.12, 0.12, 0.12, 0.12, 0.12, 0.12, 0.12, 0.12, 0.12, 0.12, 0.12, 0.12, 0.12, 0.12, 0.12, 0.12, 0.12, 0.12, 0.12, 0.12, 0.12, 0.12, 0.12, 0.12, 0.12, 0.12, 0.12, 0.12, 0.12, 0.12, 0.12, 0.12, 0.121, 0.121, 0.121, 0.122, 0.123, 0.124, 0.126, 0.129, 0.134, 0.14, 0.149, 0.162, 0.179, 0.201, 0.229, 0.261, 0.297, 0.334, 0.368, 0.398, 0.422, 0.442, 0.456, 0.466, 0.474, 0.479, 0.482, 0.485, 0.487, 0.488, 0.488, 0.489, 0.489, 0.49, 0.49, 0.49, 0.49, 0.49, 0.49, 0.49, 0.49, 0.49, 0.49, 0.49, 0.49, 0.49, 0.49, 0.49, 0.49, 0.49, 0.49, 0.49, 0.49, 0.49, 0.49, 0.49, 0.49, 0.49, 0.49, 0.49, 0.49, 0.49, 0.49, 0.49, 0.49, 0.49]","[0.055, 0.0, 0.147, 0.224, 0.0, 0.289, 0.2, 0.202, 0.063]","[0.28, 1.01, 0.12, 0.51]",0.28,1.01,0.12,0.51,"psych_curve(xdata=array([-70.,  -8.,  -4.,  -2.,   0.,   2.,   4.,   8.,  70.]), ydata=[0.527, 0.6, 0.571, 0.5, 0.8, 0.5, 0.714, 1.0, 0.754], fit=[nan, nan, nan, nan, nan, nan, nan, nan, nan, nan, nan, nan, nan, nan, nan, nan, nan, nan, nan, nan, nan, nan, nan, nan, nan, nan, nan, nan, nan, nan, nan, nan, nan, nan, nan, nan, nan, nan, nan, nan, nan, nan, nan, nan, nan, nan, nan, nan, nan, nan, nan, nan, nan, nan, nan, nan, nan, nan, nan, nan, nan, nan, nan, nan, nan, nan, nan, nan, nan, nan, nan, nan, nan, nan, nan, nan, nan, nan, nan, nan, nan, nan, nan, nan, nan, nan, nan, nan, nan, nan, nan, nan, nan, nan, nan, nan, nan, nan, nan, nan], params=[6.71, 4.03, 0.58, 0.12], fit_error=[0.068, 0.245, 0.202, 0.224, 0.2, 0.289, 0.184, 0.0, 0.058])",[-70.  -8.  -4.  -2.   0.   2.   4.   8.  70.],"[0.18, 0.0, 0.222, 0.5, 0.0, 0.5, 0.2, 0.571, 0.444]","[0.12, 0.12, 0.12, 0.12, 0.12, 0.12, 0.12, 0.12, 0.12, 0.12, 0.12, 0.12, 0.12, 0.12, 0.12, 0.12, 0.12, 0.12, 0.12, 0.12, 0.12, 0.12, 0.12, 0.12, 0.12, 0.12, 0.12, 0.12, 0.12, 0.12, 0.12, 0.12, 0.12, 0.12, 0.121, 0.121, 0.121, 0.122, 0.123, 0.124, 0.126, 0.129, 0.134, 0.14, 0.149, 0.162, 0.179, 0.201, 0.229, 0.261, 0.297, 0.334, 0.368, 0.398, 0.422, 0.442, 0.456, 0.466, 0.474, 0.479, 0.482, 0.485, 0.487, 0.488, 0.488, 0.489, 0.489, 0.49, 0.49, 0.49, 0.49, 0.49, 0.49, 0.49, 0.49, 0.49, 0.49, 0.49, 0.49, 0.49, 0.49, 0.49, 0.49, 0.49, 0.49, 0.49, 0.49, 0.49, 0.49, 0.49, 0.49, 0.49, 0.49, 0.49, 0.49, 0.49, 0.49, 0.49, 0.49, 0.49]","[0.055, 0.0, 0.147, 0.224, 0.0, 0.289, 0.2, 0.202, 0.063]","[6.71, 4.03, 0.58, 0.12]",6.71,4.03,0.58,0.12
2023-08-25,4,181,907,['Bpod5'],162,78,84,100,35,67,49,18,42,12,68,17,51,0.41358024691358025,0.6282051282051282,0.21428571428571427,135,66,69,95,73,22,0.73,0.6285714285714286,20,10,10,0.1,0.2857142857142857,0.4962962962962963,0.7424242424242424,0.2608695652173913,0.5104166666666666,-0.48155467720685113,0.4421052631578947,0.6,-0.15789473684210525,0.6792857142857143,0.19285714285714284,27,12,15,0.16666666666666666,0.15384615384615385,0.17857142857142858,67,49,18,167.5,122.5,45.0,0,0,0,0,0.5,0.5,"psych_curve(xdata=array([-70.,  -8.,  -4.,  -2.,   0.,   2.,   4.,   8.,  70.]), ydata=[0.333, 0.143, 0.0, 0.0, 0.0, 0.0, 0.125, 0.0, 0.354], fit=[0.08, 0.08, 0.08, 0.08, 0.08, 0.08, 0.08, 0.08, 0.08, 0.08, 0.08, 0.08, 0.08, 0.08, 0.08, 0.08, 0.08, 0.08, 0.08, 0.08, 0.08, 0.08, 0.08, 0.08, 0.08, 0.08, 0.08, 0.08, 0.08, 0.08, 0.08, 0.08, 0.08, 0.08, 0.08, 0.08, 0.08, 0.08, 0.08, 0.08, 0.08, 0.08, 0.08, 0.08, 0.08, 0.08, 0.08, 0.08, 0.08, 0.08, 0.08, 0.08, 0.085, 0.18, 0.18, 0.18, 0.18, 0.18, 0.18, 0.18, 0.18, 0.18, 0.18, 0.18, 0.18, 0.18, 0.18, 0.18, 0.18, 0.18, 0.18, 0.18, 0.18, 0.18, 0.18, 0.18, 0.18, 0.18, 0.18, 0.18, 0.18, 0.18, 0.18, 0.18, 0.18, 0.18, 0.18, 0.18, 0.18, 0.18, 0.18, 0.18, 0.18, 0.18, 0.18, 0.18, 0.18, 0.18, 0.18, 0.18], params=[6.28, 4.02, 0.08, 0.82], fit_error=[0.069, 0.143, 0.0, 0.0, 0.0, 0.0, 0.125, 0.0, 0.07])",[-70.  -8.  -4.  -2.   0.   2.   4.   8.  70.],"[0.333, 0.143, 0.0, 0.0, 0.0, 0.0, 0.125, 0.0, 0.354]","[0.08, 0.08, 0.08, 0.08, 0.08, 0.08, 0.08, 0.08, 0.08, 0.08, 0.08, 0.08, 0.08, 0.08, 0.08, 0.08, 0.08, 0.08, 0.08, 0.08, 0.08, 0.08, 0.08, 0.08, 0.08, 0.08, 0.08, 0.08, 0.08, 0.08, 0.08, 0.08, 0.08, 0.08, 0.08, 0.08, 0.08, 0.08, 0.08, 0.08, 0.08, 0.08, 0.08, 0.08, 0.08, 0.08, 0.08, 0.08, 0.08, 0.08, 0.08, 0.08, 0.085, 0.18, 0.18, 0.18, 0.18, 0.18, 0.18, 0.18, 0.18, 0.18, 0.18, 0.18, 0.18, 0.18, 0.18, 0.18, 0.18, 0.18, 0.18, 0.18, 0.18, 0.18, 0.18, 0.18, 0.18, 0.18, 0.18, 0.18, 0.18, 0.18, 0.18, 0.18, 0.18, 0.18, 0.18, 0.18, 0.18, 0.18, 0.18, 0.18, 0.18, 0.18, 0.18, 0.18, 0.18, 0.18, 0.18, 0.18]","[0.069, 0.143, 0.0, 0.0, 0.0, 0.0, 0.125, 0.0, 0.07]","[6.28, 4.02, 0.08, 0.82]",6.28,4.02,0.08,0.82,"psych_curve(xdata=array([-70.,  -8.,  -4.,  -2.,  -0.,   2.,   4.,   8.,  70.]), ydata=[0.78, 0.8, 1.0, 1.0, 1.0, 1.0, 0.714, 0.667, 0.886], fit=[nan, nan, nan, nan, nan, nan, nan, nan, nan, nan, nan, nan, nan, nan, nan, nan, nan, nan, nan, nan, nan, nan, nan, nan, nan, nan, nan, nan, nan, nan, nan, nan, nan, nan, nan, nan, nan, nan, nan, nan, nan, nan, nan, nan, nan, nan, nan, nan, nan, nan, nan, nan, nan, nan, nan, nan, nan, nan, nan, nan, nan, nan, nan, nan, nan, nan, nan, nan, nan, nan, nan, nan, nan, nan, nan, nan, nan, nan, nan, nan, nan, nan, nan, nan, nan, nan, nan, nan, nan, nan, nan, nan, nan, nan, nan, nan, nan, nan, nan, nan], params=[15.01, 2.9, 0.93, 0.24], fit_error=[0.059, 0.2, 0.0, 0.0, 0.0, 0.0, 0.184, 0.211, 0.055])",[-70.  -8.  -4.  -2.   0.   2.   4.   8.  70.],"[0.333, 0.143, 0.0, 0.0, 0.0, 0.0, 0.125, 0.0, 0.354]","[0.08, 0.08, 0.08, 0.08, 0.08, 0.08, 0.08, 0.08, 0.08, 0.08, 0.08, 0.08, 0.08, 0.08, 0.08, 0.08, 0.08, 0.08, 0.08, 0.08, 0.08, 0.08, 0.08, 0.08, 0.08, 0.08, 0.08, 0.08, 0.08, 0.08, 0.08, 0.08, 0.08, 0.08, 0.08, 0.08, 0.08, 0.08, 0.08, 0.08, 0.08, 0.08, 0.08, 0.08, 0.08, 0.08, 0.08, 0.08, 0.08, 0.08, 0.08, 0.08, 0.085, 0.18, 0.18, 0.18, 0.18, 0.18, 0.18, 0.18, 0.18, 0.18, 0.18, 0.18, 0.18, 0.18, 0.18, 0.18, 0.18, 0.18, 0.18, 0.18, 0.18, 0.18, 0.18, 0.18, 0.18, 0.18, 0.18, 0.18, 0.18, 0.18, 0.18, 0.18, 0.18, 0.18, 0.18, 0.18, 0.18, 0.18, 0.18, 0.18, 0.18, 0.18, 0.18, 0.18, 0.18, 0.18, 0.18, 0.18]","[0.069, 0.143, 0.0, 0.0, 0.0, 0.0, 0.125, 0.0, 0.07]","[15.01, 2.9, 0.93, 0.24]",15.01,2.9,0.93,0.24
2023-08-28,0,184,907,['Bpod5'],693,342,351,403,279,521,288,233,271,247,161,46,115,0.7518037518037518,0.8421052631578947,0.6638176638176638,682,334,348,370,247,123,0.6129032258064516,0.44086021505376344,309,155,154,0.38461538461538464,0.5519713261648745,0.7639296187683284,0.8622754491017964,0.6695402298850575,0.8165137614678899,-0.19273521921673897,0.7324324324324324,0.7993527508090615,-0.06692031837662915,0.5268817204301075,0.4682933553901296,11,8,3,0.015873015873015872,0.023391812865497075,0.008547008547008548,521,288,233,1302.5,720.0,582.5,0,0,0,0,0.5,0.5,"psych_curve(xdata=array([-70.,  -8.,  -4.,  -2.,   0.,   2.,   4.,   8.,  70.]), ydata=[0.089, 0.167, 0.27, 0.192, 0.364, 0.5, 0.471, 0.625, 0.734], fit=[0.1, 0.1, 0.1, 0.1, 0.1, 0.1, 0.1, 0.1, 0.1, 0.1, 0.1, 0.1, 0.1, 0.1, 0.1, 0.1, 0.1, 0.1, 0.1, 0.1, 0.1, 0.1, 0.1, 0.1, 0.1, 0.1, 0.1, 0.1, 0.1, 0.1, 0.1, 0.101, 0.101, 0.101, 0.102, 0.103, 0.104, 0.105, 0.107, 0.11, 0.114, 0.12, 0.129, 0.14, 0.156, 0.176, 0.203, 0.237, 0.279, 0.328, 0.381, 0.437, 0.491, 0.541, 0.584, 0.62, 0.648, 0.67, 0.687, 0.699, 0.708, 0.714, 0.719, 0.722, 0.725, 0.726, 0.727, 0.728, 0.729, 0.729, 0.729, 0.73, 0.73, 0.73, 0.73, 0.73, 0.73, 0.73, 0.73, 0.73, 0.73, 0.73, 0.73, 0.73, 0.73, 0.73, 0.73, 0.73, 0.73, 0.73, 0.73, 0.73, 0.73, 0.73, 0.73, 0.73, 0.73, 0.73, 0.73, 0.73], params=[0.25, 1.57, 0.1, 0.27], fit_error=[0.02, 0.054, 0.074, 0.079, 0.085, 0.096, 0.087, 0.078, 0.029])",[-70.  -8.  -4.  -2.   0.   2.   4.   8.  70.],"[0.089, 0.167, 0.27, 0.192, 0.364, 0.5, 0.471, 0.625, 0.734]","[0.1, 0.1, 0.1, 0.1, 0.1, 0.1, 0.1, 0.1, 0.1, 0.1, 0.1, 0.1, 0.1, 0.1, 0.1, 0.1, 0.1, 0.1, 0.1, 0.1, 0.1, 0.1, 0.1, 0.1, 0.1, 0.1, 0.1, 0.1, 0.1, 0.1, 0.1, 0.101, 0.101, 0.101, 0.102, 0.103, 0.104, 0.105, 0.107, 0.11, 0.114, 0.12, 0.129, 0.14, 0.156, 0.176, 0.203, 0.237, 0.279, 0.328, 0.381, 0.437, 0.491, 0.541, 0.584, 0.62, 0.648, 0.67, 0.687, 0.699, 0.708, 0.714, 0.719, 0.722, 0.725, 0.726, 0.727, 0.728, 0.729, 0.729, 0.729, 0.73, 0.73, 0.73, 0.73, 0.73, 0.73, 0.73, 0.73, 0.73, 0.73, 0.73, 0.73, 0.73, 0.73, 0.73, 0.73, 0.73, 0.73, 0.73, 0.73, 0.73, 0.73, 0.73, 0.73, 0.73, 0.73, 0.73, 0.73, 0.73]","[0.02, 0.054, 0.074, 0.079, 0.085, 0.096, 0.087, 0.078, 0.029]","[0.25, 1.57, 0.1, 0.27]",0.25,1.57,0.1,0.27,"psych_curve(xdata=array([-70.,  -8.,  -4.,  -2.,  -0.,   2.,   4.,   8.,  70.]), ydata=[0.231, 0.311, 0.467, 0.48, 0.5, 0.759, 0.659, 0.791, 0.868], fit=[nan, nan, nan, nan, nan, nan, nan, nan, nan, nan, nan, nan, nan, nan, nan, nan, nan, nan, nan, nan, nan, nan, nan, nan, nan, nan, nan, nan, nan, nan, nan, nan, nan, nan, nan, nan, nan, nan, nan, nan, nan, nan, nan, nan, nan, nan, nan, nan, nan, nan, nan, nan, nan, nan, nan, nan, nan, nan, nan, nan, nan, nan, nan, nan, nan, nan, nan, nan, nan, nan, nan, nan, nan, nan, nan, nan, nan, nan, nan, nan, nan, nan, nan, nan, nan, nan, nan, nan, nan, nan, nan, nan, nan, nan, nan, nan, nan, nan, nan, nan], params=[0.24, -0.71, 0.23, 0.14], fit_error=[0.028, 0.07, 0.093, 0.102, 0.09, 0.081, 0.075, 0.063, 0.024])",[-70.  -8.  -4.  -2.   0.   2.   4.   8.  70.],"[0.089, 0.167, 0.27, 0.192, 0.364, 0.5, 0.471, 0.625, 0.734]","[0.1, 0.1, 0.1, 0.1, 0.1, 0.1, 0.1, 0.1, 0.1, 0.1, 0.1, 0.1, 0.1, 0.1, 0.1, 0.1, 0.1, 0.1, 0.1, 0.1, 0.1, 0.1, 0.1, 0.1, 0.1, 0.1, 0.1, 0.1, 0.1, 0.1, 0.1, 0.101, 0.101, 0.101, 0.102, 0.103, 0.104, 0.105, 0.107, 0.11, 0.114, 0.12, 0.129, 0.14, 0.156, 0.176, 0.203, 0.237, 0.279, 0.328, 0.381, 0.437, 0.491, 0.541, 0.584, 0.62, 0.648, 0.67, 0.687, 0.699, 0.708, 0.714, 0.719, 0.722, 0.725, 0.726, 0.727, 0.728, 0.729, 0.729, 0.729, 0.73, 0.73, 0.73, 0.73, 0.73, 0.73, 0.73, 0.73, 0.73, 0.73, 0.73, 0.73, 0.73, 0.73, 0.73, 0.73, 0.73, 0.73, 0.73, 0.73, 0.73, 0.73, 0.73, 0.73, 0.73, 0.73, 0.73, 0.73, 0.73]","[0.02, 0.054, 0.074, 0.079, 0.085, 0.096, 0.087, 0.078, 0.029]","[0.24, -0.71, 0.23, 0.14]",0.24,-0.71,0.23,0.14
2023-08-29,1,185,907,['Bpod5'],522,260,262,309,197,372,215,157,188,181,134,40,94,0.7126436781609196,0.8269230769230769,0.5992366412213741,506,255,251,266,188,78,0.6084142394822006,0.39593908629441626,231,116,115,0.37540453074433655,0.583756345177665,0.7351778656126482,0.8431372549019608,0.6254980079681275,0.7920489296636085,-0.2176392469338333,0.706766917293233,0.7835497835497836,-0.07678286625655051,0.5021766628883084,0.47958043796100075,16,5,11,0.03065134099616858,0.019230769230769232,0.04198473282442748,372,215,157,930.0,537.5,392.5,0,0,0,0,0.5,0.5,"psych_curve(xdata=array([-70.,  -8.,  -4.,  -2.,   0.,   2.,   4.,   8.,  70.]), ydata=[0.103, 0.0, 0.217, 0.44, 0.387, 0.36, 0.64, 0.667, 0.685], fit=[0.05, 0.05, 0.05, 0.05, 0.05, 0.05, 0.05, 0.05, 0.05, 0.05, 0.05, 0.05, 0.05, 0.05, 0.05, 0.05, 0.05, 0.05, 0.05, 0.05, 0.05, 0.05, 0.05, 0.05, 0.05, 0.05, 0.05, 0.05, 0.05, 0.05, 0.05, 0.05, 0.05, 0.051, 0.051, 0.051, 0.052, 0.053, 0.055, 0.058, 0.062, 0.069, 0.079, 0.094, 0.115, 0.146, 0.187, 0.24, 0.303, 0.372, 0.441, 0.504, 0.556, 0.597, 0.626, 0.648, 0.662, 0.672, 0.678, 0.682, 0.685, 0.687, 0.688, 0.689, 0.689, 0.689, 0.69, 0.69, 0.69, 0.69, 0.69, 0.69, 0.69, 0.69, 0.69, 0.69, 0.69, 0.69, 0.69, 0.69, 0.69, 0.69, 0.69, 0.69, 0.69, 0.69, 0.69, 0.69, 0.69, 0.69, 0.69, 0.69, 0.69, 0.69, 0.69, 0.69, 0.69, 0.69, 0.69, 0.69], params=[0.31, -0.75, 0.05, 0.31], fit_error=[0.024, 0.0, 0.088, 0.101, 0.089, 0.098, 0.098, 0.098, 0.037])",[-70.  -8.  -4.  -2.   0.   2.   4.   8.  70.],"[0.103, 0.0, 0.217, 0.44, 0.387, 0.36, 0.64, 0.667, 0.685]","[0.05, 0.05, 0.05, 0.05, 0.05, 0.05, 0.05, 0.05, 0.05, 0.05, 0.05, 0.05, 0.05, 0.05, 0.05, 0.05, 0.05, 0.05, 0.05, 0.05, 0.05, 0.05, 0.05, 0.05, 0.05, 0.05, 0.05, 0.05, 0.05, 0.05, 0.05, 0.05, 0.05, 0.051, 0.051, 0.051, 0.052, 0.053, 0.055, 0.058, 0.062, 0.069, 0.079, 0.094, 0.115, 0.146, 0.187, 0.24, 0.303, 0.372, 0.441, 0.504, 0.556, 0.597, 0.626, 0.648, 0.662, 0.672, 0.678, 0.682, 0.685, 0.687, 0.688, 0.689, 0.689, 0.689, 0.69, 0.69, 0.69, 0.69, 0.69, 0.69, 0.69, 0.69, 0.69, 0.69, 0.69, 0.69, 0.69, 0.69, 0.69, 0.69, 0.69, 0.69, 0.69, 0.69, 0.69, 0.69, 0.69, 0.69, 0.69, 0.69, 0.69, 0.69, 0.69, 0.69, 0.69, 0.69, 0.69, 0.69]","[0.024, 0.0, 0.088, 0.101, 0.089, 0.098, 0.098, 0.098, 0.037]","[0.31, -0.75, 0.05, 0.31]",0.31,-0.75,0.05,0.31,"psych_curve(xdata=array([-70.,  -8.,  -4.,  -2.,  -0.,   2.,   4.,   8.,  70.]), ydata=[0.257, 0.24, 0.333, 0.478, 0.484, 0.44, 0.719, 0.92, 0.87], fit=[nan, nan, nan, nan, nan, nan, nan, nan, nan, nan, nan, nan, nan, nan, nan, nan, nan, nan, nan, nan, nan, nan, nan, nan, nan, nan, nan, nan, nan, nan, nan, nan, nan, nan, nan, nan, nan, nan, nan, nan, nan, nan, nan, nan, nan, nan, nan, nan, nan, nan, nan, nan, nan, nan, nan, nan, nan, nan, nan, nan, nan, nan, nan, nan, nan, nan, nan, nan, nan, nan, nan, nan, nan, nan, nan, nan, nan, nan, nan, nan, nan, nan, nan, nan, nan, nan, nan, nan, nan, nan, nan, nan, nan, nan, nan, nan, nan, nan, nan, nan], params=[0.37, 2.36, 0.27, 0.08], fit_error=[0.033, 0.087, 0.126, 0.106, 0.091, 0.101, 0.081, 0.055, 0.028])",[-70.  -8.  -4.  -2.   0.   2.   4.   8.  70.],"[0.103, 0.0, 0.217, 0.44, 0.387, 0.36, 0.64, 0.667, 0.685]","[0.05, 0.05, 0.05, 0.05, 0.05, 0.05, 0.05, 0.05, 0.05, 0.05, 0.05, 0.05, 0.05, 0.05, 0.05, 0.05, 0.05, 0.05, 0.05, 0.05, 0.05, 0.05, 0.05, 0.05, 0.05, 0.05, 0.05, 0.05, 0.05, 0.05, 0.05, 0.05, 0.05, 0.051, 0.051, 0.051, 0.052, 0.053, 0.055, 0.058, 0.062, 0.069, 0.079, 0.094, 0.115, 0.146, 0.187, 0.24, 0.303, 0.372, 0.441, 0.504, 0.556, 0.597, 0.626, 0.648, 0.662, 0.672, 0.678, 0.682, 0.685, 0.687, 0.688, 0.689, 0.689, 0.689, 0.69, 0.69, 0.69, 0.69, 0.69, 0.69, 0.69, 0.69, 0.69, 0.69, 0.69, 0.69, 0.69, 0.69, 0.69, 0.69, 0.69, 0.69, 0.69, 0.69, 0.69, 0.69, 0.69, 0.69, 0.69, 0.69, 0.69, 0.69, 0.69, 0.69, 0.69, 0.69, 0.69, 0.69]","[0.024, 0.0, 0.088, 0.101, 0.089, 0.098, 0.098, 0.098, 0.037]","[0.37, 2.36, 0.27, 0.08]",0.37,2.36,0.27,0.08
2023-08-30,2,186,907,['Bpod5'],766,389,377,358,397,591,289,302,273,316,164,95,69,0.7715404699738904,0.7429305912596401,0.8010610079575596,755,384,371,371,165,206,0.46089385474860334,0.5188916876574308,381,191,190,0.5335195530726257,0.47858942065491183,0.7827814569536424,0.7526041666666666,0.8140161725067385,0.8373015873015873,0.06141200584007189,0.7358490566037735,0.8293963254593176,-0.0935472688555441,0.48989277120301705,0.5060544868637687,11,5,6,0.014360313315926894,0.012853470437017995,0.015915119363395226,591,289,302,1477.5,722.5,755.0,0,0,0,0,0.5,0.5,"psych_curve(xdata=array([-70.,  -8.,  -4.,  -2.,   0.,   2.,   4.,   8.,  70.]), ydata=[0.212, 0.195, 0.412, 0.393, 0.378, 0.548, 0.793, 0.8, 0.889], fit=[0.22, 0.22, 0.22, 0.22, 0.22, 0.22, 0.22, 0.22, 0.22, 0.22, 0.22, 0.22, 0.22, 0.22, 0.22, 0.22, 0.22, 0.22, 0.22, 0.22, 0.22, 0.22, 0.22, 0.22, 0.22, 0.22, 0.22, 0.22, 0.22, 0.22, 0.22, 0.22, 0.22, 0.22, 0.22, 0.22, 0.22, 0.221, 0.221, 0.222, 0.223, 0.225, 0.228, 0.234, 0.243, 0.257, 0.28, 0.314, 0.363, 0.428, 0.508, 0.592, 0.673, 0.74, 0.791, 0.827, 0.85, 0.866, 0.875, 0.881, 0.885, 0.887, 0.888, 0.889, 0.889, 0.89, 0.89, 0.89, 0.89, 0.89, 0.89, 0.89, 0.89, 0.89, 0.89, 0.89, 0.89, 0.89, 0.89, 0.89, 0.89, 0.89, 0.89, 0.89, 0.89, 0.89, 0.89, 0.89, 0.89, 0.89, 0.89, 0.89, 0.89, 0.89, 0.89, 0.89, 0.89, 0.89, 0.89, 0.89], params=[0.36, 1.5, 0.22, 0.11], fit_error=[0.025, 0.063, 0.086, 0.094, 0.081, 0.078, 0.077, 0.064, 0.02])",[-70.  -8.  -4.  -2.   0.   2.   4.   8.  70.],"[0.212, 0.195, 0.412, 0.393, 0.378, 0.548, 0.793, 0.8, 0.889]","[0.22, 0.22, 0.22, 0.22, 0.22, 0.22, 0.22, 0.22, 0.22, 0.22, 0.22, 0.22, 0.22, 0.22, 0.22, 0.22, 0.22, 0.22, 0.22, 0.22, 0.22, 0.22, 0.22, 0.22, 0.22, 0.22, 0.22, 0.22, 0.22, 0.22, 0.22, 0.22, 0.22, 0.22, 0.22, 0.22, 0.22, 0.221, 0.221, 0.222, 0.223, 0.225, 0.228, 0.234, 0.243, 0.257, 0.28, 0.314, 0.363, 0.428, 0.508, 0.592, 0.673, 0.74, 0.791, 0.827, 0.85, 0.866, 0.875, 0.881, 0.885, 0.887, 0.888, 0.889, 0.889, 0.89, 0.89, 0.89, 0.89, 0.89, 0.89, 0.89, 0.89, 0.89, 0.89, 0.89, 0.89, 0.89, 0.89, 0.89, 0.89, 0.89, 0.89, 0.89, 0.89, 0.89, 0.89, 0.89, 0.89, 0.89, 0.89, 0.89, 0.89, 0.89, 0.89, 0.89, 0.89, 0.89, 0.89, 0.89]","[0.025, 0.063, 0.086, 0.094, 0.081, 0.078, 0.077, 0.064, 0.02]","[0.36, 1.5, 0.22, 0.11]",0.36,1.5,0.22,0.11,"psych_curve(xdata=array([-70.,  -8.,  -4.,  -2.,   0.,   2.,   4.,   8.,  70.]), ydata=[0.186, 0.186, 0.394, 0.486, 0.459, 0.629, 0.767, 0.784, 0.871], fit=[nan, nan, nan, nan, nan, nan, nan, nan, nan, nan, nan, nan, nan, nan, nan, nan, nan, nan, nan, nan, nan, nan, nan, nan, nan, nan, nan, nan, nan, nan, nan, nan, nan, nan, nan, nan, nan, nan, nan, nan, nan, nan, nan, nan, nan, nan, nan, nan, nan, nan, nan, nan, nan, nan, nan, nan, nan, nan, nan, nan, nan, nan, nan, nan, nan, nan, nan, nan, nan, nan, nan, nan, nan, nan, nan, nan, nan, nan, nan, nan, nan, nan, nan, nan, nan, nan, nan, nan, nan, nan, nan, nan, nan, nan, nan, nan, nan, nan, nan, nan], params=[0.29, -0.45, 0.17, 0.14], fit_error=[0.023, 0.06, 0.086, 0.086, 0.083, 0.083, 0.079, 0.069, 0.023])",[-70.  -8.  -4.  -2.   0.   2.   4.   8.  70.],"[0.212, 0.195, 0.412, 0.393, 0.378, 0.548, 0.793, 0.8, 0.889]","[0.22, 0.22, 0.22, 0.22, 0.22, 0.22, 0.22, 0.22, 0.22, 0.22, 0.22, 0.22, 0.22, 0.22, 0.22, 0.22, 0.22, 0.22, 0.22, 0.22, 0.22, 0.22, 0.22, 0.22, 0.22, 0.22, 0.22, 0.22, 0.22, 0.22, 0.22, 0.22, 0.22, 0.22, 0.22, 0.22, 0.22, 0.221, 0.221, 0.222, 0.223, 0.225, 0.228, 0.234, 0.243, 0.257, 0.28, 0.314, 0.363, 0.428, 0.508, 0.592, 0.673, 0.74, 0.791, 0.827, 0.85, 0.866, 0.875, 0.881, 0.885, 0.887, 0.888, 0.889, 0.889, 0.89, 0.89, 0.89, 0.89, 0.89, 0.89, 0.89, 0.89, 0.89, 0.89, 0.89, 0.89, 0.89, 0.89, 0.89, 0.89, 0.89, 0.89, 0.89, 0.89, 0.89, 0.89, 0.89, 0.89, 0.89, 0.89, 0.89, 0.89, 0.89, 0.89, 0.89, 0.89, 0.89, 0.89, 0.89]","[0.025, 0.063, 0.086, 0.094, 0.081, 0.078, 0.077, 0.064, 0.02]","[0.29, -0.45, 0.17, 0.14]",0.29,-0.45,0.17,0.14
2023-08-31,3,187,907,['Bpod5'],675,319,356,341,316,502,249,253,270,229,155,63,92,0.7437037037037038,0.780564263322884,0.7106741573033708,657,312,345,356,187,169,0.5483870967741935,0.5348101265822784,292,146,146,0.4281524926686217,0.4620253164556962,0.7640791476407914,0.7980769230769231,0.7333333333333333,0.8441247002398081,-0.06474358974358985,0.7584269662921348,0.7842465753424658,-0.025819609050330983,0.541598611678236,0.445088904562159,18,7,11,0.02666666666666667,0.0219435736677116,0.03089887640449438,502,249,253,1255.0,622.5,632.5,0,0,0,0,0.5,0.5,"psych_curve(xdata=array([-70.,  -8.,  -4.,  -2.,   0.,   2.,   4.,   8.,  70.]), ydata=[0.144, 0.185, 0.333, 0.419, 0.438, 0.479, 0.644, 0.758, 0.832], fit=[0.14, 0.14, 0.14, 0.14, 0.14, 0.14, 0.14, 0.14, 0.14, 0.14, 0.14, 0.14, 0.14, 0.14, 0.14, 0.14, 0.14, 0.14, 0.14, 0.14, 0.14, 0.14, 0.14, 0.14, 0.14, 0.14, 0.14, 0.14, 0.14, 0.141, 0.141, 0.141, 0.142, 0.142, 0.143, 0.144, 0.146, 0.148, 0.151, 0.156, 0.162, 0.171, 0.182, 0.198, 0.219, 0.246, 0.28, 0.322, 0.371, 0.427, 0.485, 0.544, 0.6, 0.651, 0.694, 0.729, 0.757, 0.779, 0.795, 0.808, 0.817, 0.823, 0.828, 0.831, 0.834, 0.836, 0.837, 0.838, 0.838, 0.839, 0.839, 0.839, 0.84, 0.84, 0.84, 0.84, 0.84, 0.84, 0.84, 0.84, 0.84, 0.84, 0.84, 0.84, 0.84, 0.84, 0.84, 0.84, 0.84, 0.84, 0.84, 0.84, 0.84, 0.84, 0.84, 0.84, 0.84, 0.84, 0.84, 0.84], params=[0.24, 0.82, 0.14, 0.16], fit_error=[0.024, 0.076, 0.098, 0.09, 0.089, 0.073, 0.072, 0.076, 0.026])",[-70.  -8.  -4.  -2.   0.   2.   4.   8.  70.],"[0.144, 0.185, 0.333, 0.419, 0.438, 0.479, 0.644, 0.758, 0.832]","[0.14, 0.14, 0.14, 0.14, 0.14, 0.14, 0.14, 0.14, 0.14, 0.14, 0.14, 0.14, 0.14, 0.14, 0.14, 0.14, 0.14, 0.14, 0.14, 0.14, 0.14, 0.14, 0.14, 0.14, 0.14, 0.14, 0.14, 0.14, 0.14, 0.141, 0.141, 0.141, 0.142, 0.142, 0.143, 0.144, 0.146, 0.148, 0.151, 0.156, 0.162, 0.171, 0.182, 0.198, 0.219, 0.246, 0.28, 0.322, 0.371, 0.427, 0.485, 0.544, 0.6, 0.651, 0.694, 0.729, 0.757, 0.779, 0.795, 0.808, 0.817, 0.823, 0.828, 0.831, 0.834, 0.836, 0.837, 0.838, 0.838, 0.839, 0.839, 0.839, 0.84, 0.84, 0.84, 0.84, 0.84, 0.84, 0.84, 0.84, 0.84, 0.84, 0.84, 0.84, 0.84, 0.84, 0.84, 0.84, 0.84, 0.84, 0.84, 0.84, 0.84, 0.84, 0.84, 0.84, 0.84, 0.84, 0.84, 0.84]","[0.024, 0.076, 0.098, 0.09, 0.089, 0.073, 0.072, 0.076, 0.026]","[0.24, 0.82, 0.14, 0.16]",0.24,0.82,0.14,0.16,"psych_curve(xdata=array([-70.,  -8.,  -4.,  -2.,  -0.,   2.,   4.,   8.,  70.]), ydata=[0.198, 0.25, 0.343, 0.486, 0.656, 0.525, 0.656, 0.846, 0.894], fit=[nan, nan, nan, nan, nan, nan, nan, nan, nan, nan, nan, nan, nan, nan, nan, nan, nan, nan, nan, nan, nan, nan, nan, nan, nan, nan, nan, nan, nan, nan, nan, nan, nan, nan, nan, nan, nan, nan, nan, nan, nan, nan, nan, nan, nan, nan, nan, nan, nan, nan, nan, nan, nan, nan, nan, nan, nan, nan, nan, nan, nan, nan, nan, nan, nan, nan, nan, nan, nan, nan, nan, nan, nan, nan, nan, nan, nan, nan, nan, nan, nan, nan, nan, nan, nan, nan, nan, nan, nan, nan, nan, nan, nan, nan, nan, nan, nan, nan, nan, nan], params=[0.24, 0.07, 0.18, 0.1], fit_error=[0.028, 0.078, 0.081, 0.083, 0.085, 0.08, 0.085, 0.072, 0.021])",[-70.  -8.  -4.  -2.   0.   2.   4.   8.  70.],"[0.144, 0.185, 0.333, 0.419, 0.438, 0.479, 0.644, 0.758, 0.832]","[0.14, 0.14, 0.14, 0.14, 0.14, 0.14, 0.14, 0.14, 0.14, 0.14, 0.14, 0.14, 0.14, 0.14, 0.14, 0.14, 0.14, 0.14, 0.14, 0.14, 0.14, 0.14, 0.14, 0.14, 0.14, 0.14, 0.14, 0.14, 0.14, 0.141, 0.141, 0.141, 0.142, 0.142, 0.143, 0.144, 0.146, 0.148, 0.151, 0.156, 0.162, 0.171, 0.182, 0.198, 0.219, 0.246, 0.28, 0.322, 0.371, 0.427, 0.485, 0.544, 0.6, 0.651, 0.694, 0.729, 0.757, 0.779, 0.795, 0.808, 0.817, 0.823, 0.828, 0.831, 0.834, 0.836, 0.837, 0.838, 0.838, 0.839, 0.839, 0.839, 0.84, 0.84, 0.84, 0.84, 0.84, 0.84, 0.84, 0.84, 0.84, 0.84, 0.84, 0.84, 0.84, 0.84, 0.84, 0.84, 0.84, 0.84, 0.84, 0.84, 0.84, 0.84, 0.84, 0.84, 0.84, 0.84, 0.84, 0.84]","[0.024, 0.076, 0.098, 0.09, 0.089, 0.073, 0.072, 0.076, 0.026]","[0.24, 0.07, 0.18, 0.1]",0.24,0.07,0.18,0.1
2023-09-01,4,188,907,['Bpod5'],679,330,349,362,298,527,275,252,299,221,133,46,87,0.7761413843888071,0.8333333333333334,0.7220630372492837,660,321,339,382,217,165,0.5994475138121547,0.5536912751677853,266,133,133,0.3674033149171271,0.4463087248322148,0.7984848484848485,0.8566978193146417,0.7433628318584071,0.8474178403755869,-0.1133349874562346,0.7827225130890052,0.8308270676691729,-0.04810455458016771,0.5765693944899699,0.4068560198746709,19,9,10,0.027982326951399118,0.02727272727272727,0.02865329512893983,527,275,252,1317.5,687.5,630.0,0,0,0,0,0.5,0.5,"psych_curve(xdata=array([-70.,  -8.,  -4.,  -2.,   0.,   2.,   4.,   8.,  70.]), ydata=[0.106, 0.154, 0.143, 0.28, 0.324, 0.533, 0.763, 0.818, 0.803], fit=[0.14, 0.14, 0.14, 0.14, 0.14, 0.14, 0.14, 0.14, 0.14, 0.14, 0.14, 0.14, 0.14, 0.14, 0.14, 0.14, 0.14, 0.14, 0.14, 0.14, 0.14, 0.14, 0.14, 0.14, 0.14, 0.14, 0.14, 0.14, 0.14, 0.14, 0.14, 0.14, 0.14, 0.14, 0.14, 0.14, 0.14, 0.14, 0.14, 0.14, 0.14, 0.14, 0.14, 0.141, 0.142, 0.146, 0.153, 0.172, 0.212, 0.293, 0.423, 0.574, 0.696, 0.768, 0.803, 0.819, 0.825, 0.828, 0.829, 0.83, 0.83, 0.83, 0.83, 0.83, 0.83, 0.83, 0.83, 0.83, 0.83, 0.83, 0.83, 0.83, 0.83, 0.83, 0.83, 0.83, 0.83, 0.83, 0.83, 0.83, 0.83, 0.83, 0.83, 0.83, 0.83, 0.83, 0.83, 0.83, 0.83, 0.83, 0.83, 0.83, 0.83, 0.83, 0.83, 0.83, 0.83, 0.83, 0.83, 0.83], params=[0.63, 1.28, 0.14, 0.17], fit_error=[0.021, 0.059, 0.06, 0.092, 0.081, 0.093, 0.07, 0.068, 0.027])",[-70.  -8.  -4.  -2.   0.   2.   4.   8.  70.],"[0.106, 0.154, 0.143, 0.28, 0.324, 0.533, 0.763, 0.818, 0.803]","[0.14, 0.14, 0.14, 0.14, 0.14, 0.14, 0.14, 0.14, 0.14, 0.14, 0.14, 0.14, 0.14, 0.14, 0.14, 0.14, 0.14, 0.14, 0.14, 0.14, 0.14, 0.14, 0.14, 0.14, 0.14, 0.14, 0.14, 0.14, 0.14, 0.14, 0.14, 0.14, 0.14, 0.14, 0.14, 0.14, 0.14, 0.14, 0.14, 0.14, 0.14, 0.14, 0.14, 0.141, 0.142, 0.146, 0.153, 0.172, 0.212, 0.293, 0.423, 0.574, 0.696, 0.768, 0.803, 0.819, 0.825, 0.828, 0.829, 0.83, 0.83, 0.83, 0.83, 0.83, 0.83, 0.83, 0.83, 0.83, 0.83, 0.83, 0.83, 0.83, 0.83, 0.83, 0.83, 0.83, 0.83, 0.83, 0.83, 0.83, 0.83, 0.83, 0.83, 0.83, 0.83, 0.83, 0.83, 0.83, 0.83, 0.83, 0.83, 0.83, 0.83, 0.83, 0.83, 0.83, 0.83, 0.83, 0.83, 0.83]","[0.021, 0.059, 0.06, 0.092, 0.081, 0.093, 0.07, 0.068, 0.027]","[0.63, 1.28, 0.14, 0.17]",0.63,1.28,0.14,0.17,"psych_curve(xdata=array([-70.,  -8.,  -4.,  -2.,   0.,   2.,   4.,   8.,  70.]), ydata=[0.207, 0.242, 0.278, 0.52, 0.588, 0.733, 0.886, 0.897, 0.91], fit=[nan, nan, nan, nan, nan, nan, nan, nan, nan, nan, nan, nan, nan, nan, nan, nan, nan, nan, nan, nan, nan, nan, nan, nan, nan, nan, nan, nan, nan, nan, nan, nan, nan, nan, nan, nan, nan, nan, nan, nan, nan, nan, nan, nan, nan, nan, nan, nan, nan, nan, nan, nan, nan, nan, nan, nan, nan, nan, nan, nan, nan, nan, nan, nan, nan, nan, nan, nan, nan, nan, nan, nan, nan, nan, nan, nan, nan, nan, nan, nan, nan, nan, nan, nan, nan, nan, nan, nan, nan, nan, nan, nan, nan, nan, nan, nan, nan, nan, nan, nan], params=[0.47, -0.67, 0.21, 0.08], fit_error=[0.029, 0.076, 0.076, 0.102, 0.086, 0.082, 0.055, 0.049, 0.019])",[-70.  -8.  -4.  -2.   0.   2.   4.   8.  70.],"[0.106, 0.154, 0.143, 0.28, 0.324, 0.533, 0.763, 0.818, 0.803]","[0.14, 0.14, 0.14, 0.14, 0.14, 0.14, 0.14, 0.14, 0.14, 0.14, 0.14, 0.14, 0.14, 0.14, 0.14, 0.14, 0.14, 0.14, 0.14, 0.14, 0.14, 0.14, 0.14, 0.14, 0.14, 0.14, 0.14, 0.14, 0.14, 0.14, 0.14, 0.14, 0.14, 0.14, 0.14, 0.14, 0.14, 0.14, 0.14, 0.14, 0.14, 0.14, 0.14, 0.141, 0.142, 0.146, 0.153, 0.172, 0.212, 0.293, 0.423, 0.574, 0.696, 0.768, 0.803, 0.819, 0.825, 0.828, 0.829, 0.83, 0.83, 0.83, 0.83, 0.83, 0.83, 0.83, 0.83, 0.83, 0.83, 0.83, 0.83, 0.83, 0.83, 0.83, 0.83, 0.83, 0.83, 0.83, 0.83, 0.83, 0.83, 0.83, 0.83, 0.83, 0.83, 0.83, 0.83, 0.83, 0.83, 0.83, 0.83, 0.83, 0.83, 0.83, 0.83, 0.83, 0.83, 0.83, 0.83, 0.83]","[0.021, 0.059, 0.06, 0.092, 0.081, 0.093, 0.07, 0.068, 0.027]","[0.47, -0.67, 0.21, 0.08]",0.47,-0.67,0.21,0.08
2023-09-04,0,191,907,['Bpod5'],999,495,504,463,516,781,378,403,404,367,198,113,85,0.7817817817817818,0.7636363636363637,0.7996031746031746,979,491,488,503,221,282,0.4773218142548596,0.5465116279069767,461,229,232,0.4946004319654428,0.4496124031007752,0.797752808988764,0.769857433808554,0.8258196721311475,0.8686371100164204,0.055962238322593505,0.8031809145129225,0.7960954446854663,0.00708546982745617,0.5119167210809181,0.472106417533109,20,4,16,0.02002002002002002,0.00808080808080808,0.031746031746031744,781,378,403,1952.5,945.0,1007.5,0,0,0,0,0.5,0.5,"psych_curve(xdata=array([-70.,  -8.,  -4.,  -2.,   0.,   2.,   4.,   8.,  70.]), ydata=[0.153, 0.25, 0.277, 0.459, 0.474, 0.609, 0.756, 0.828, 0.889], fit=[0.17, 0.17, 0.17, 0.17, 0.17, 0.17, 0.17, 0.17, 0.17, 0.17, 0.17, 0.17, 0.17, 0.17, 0.17, 0.17, 0.17, 0.17, 0.17, 0.17, 0.17, 0.17, 0.17, 0.17, 0.17, 0.17, 0.17, 0.17, 0.17, 0.17, 0.17, 0.17, 0.17, 0.17, 0.171, 0.171, 0.171, 0.172, 0.174, 0.176, 0.179, 0.184, 0.191, 0.203, 0.22, 0.246, 0.283, 0.332, 0.396, 0.471, 0.552, 0.631, 0.7, 0.757, 0.799, 0.829, 0.85, 0.864, 0.873, 0.879, 0.883, 0.886, 0.887, 0.888, 0.889, 0.889, 0.89, 0.89, 0.89, 0.89, 0.89, 0.89, 0.89, 0.89, 0.89, 0.89, 0.89, 0.89, 0.89, 0.89, 0.89, 0.89, 0.89, 0.89, 0.89, 0.89, 0.89, 0.89, 0.89, 0.89, 0.89, 0.89, 0.89, 0.89, 0.89, 0.89, 0.89, 0.89, 0.89, 0.89], params=[0.32, 0.32, 0.17, 0.11], fit_error=[0.021, 0.058, 0.066, 0.064, 0.067, 0.073, 0.065, 0.05, 0.018])",[-70.  -8.  -4.  -2.   0.   2.   4.   8.  70.],"[0.153, 0.25, 0.277, 0.459, 0.474, 0.609, 0.756, 0.828, 0.889]","[0.17, 0.17, 0.17, 0.17, 0.17, 0.17, 0.17, 0.17, 0.17, 0.17, 0.17, 0.17, 0.17, 0.17, 0.17, 0.17, 0.17, 0.17, 0.17, 0.17, 0.17, 0.17, 0.17, 0.17, 0.17, 0.17, 0.17, 0.17, 0.17, 0.17, 0.17, 0.17, 0.17, 0.17, 0.171, 0.171, 0.171, 0.172, 0.174, 0.176, 0.179, 0.184, 0.191, 0.203, 0.22, 0.246, 0.283, 0.332, 0.396, 0.471, 0.552, 0.631, 0.7, 0.757, 0.799, 0.829, 0.85, 0.864, 0.873, 0.879, 0.883, 0.886, 0.887, 0.888, 0.889, 0.889, 0.89, 0.89, 0.89, 0.89, 0.89, 0.89, 0.89, 0.89, 0.89, 0.89, 0.89, 0.89, 0.89, 0.89, 0.89, 0.89, 0.89, 0.89, 0.89, 0.89, 0.89, 0.89, 0.89, 0.89, 0.89, 0.89, 0.89, 0.89, 0.89, 0.89, 0.89, 0.89, 0.89, 0.89]","[0.021, 0.058, 0.066, 0.064, 0.067, 0.073, 0.065, 0.05, 0.018]","[0.32, 0.32, 0.17, 0.11]",0.32,0.32,0.17,0.11,"psych_curve(xdata=array([-70.,  -8.,  -4.,  -2.,   0.,   2.,   4.,   8.,  70.]), ydata=[0.156, 0.145, 0.25, 0.52, 0.456, 0.649, 0.717, 0.732, 0.902], fit=[nan, nan, nan, nan, nan, nan, nan, nan, nan, nan, nan, nan, nan, nan, nan, nan, nan, nan, nan, nan, nan, nan, nan, nan, nan, nan, nan, nan, nan, nan, nan, nan, nan, nan, nan, nan, nan, nan, nan, nan, nan, nan, nan, nan, nan, nan, nan, nan, nan, nan, nan, nan, nan, nan, nan, nan, nan, nan, nan, nan, nan, nan, nan, nan, nan, nan, nan, nan, nan, nan, nan, nan, nan, nan, nan, nan, nan, nan, nan, nan, nan, nan, nan, nan, nan, nan, nan, nan, nan, nan, nan, nan, nan, nan, nan, nan, nan, nan, nan, nan], params=[0.31, -0.53, 0.12, 0.15], fit_error=[0.021, 0.048, 0.066, 0.071, 0.067, 0.064, 0.067, 0.06, 0.017])",[-70.  -8.  -4.  -2.   0.   2.   4.   8.  70.],"[0.153, 0.25, 0.277, 0.459, 0.474, 0.609, 0.756, 0.828, 0.889]","[0.17, 0.17, 0.17, 0.17, 0.17, 0.17, 0.17, 0.17, 0.17, 0.17, 0.17, 0.17, 0.17, 0.17, 0.17, 0.17, 0.17, 0.17, 0.17, 0.17, 0.17, 0.17, 0.17, 0.17, 0.17, 0.17, 0.17, 0.17, 0.17, 0.17, 0.17, 0.17, 0.17, 0.17, 0.171, 0.171, 0.171, 0.172, 0.174, 0.176, 0.179, 0.184, 0.191, 0.203, 0.22, 0.246, 0.283, 0.332, 0.396, 0.471, 0.552, 0.631, 0.7, 0.757, 0.799, 0.829, 0.85, 0.864, 0.873, 0.879, 0.883, 0.886, 0.887, 0.888, 0.889, 0.889, 0.89, 0.89, 0.89, 0.89, 0.89, 0.89, 0.89, 0.89, 0.89, 0.89, 0.89, 0.89, 0.89, 0.89, 0.89, 0.89, 0.89, 0.89, 0.89, 0.89, 0.89, 0.89, 0.89, 0.89, 0.89, 0.89, 0.89, 0.89, 0.89, 0.89, 0.89, 0.89, 0.89, 0.89]","[0.021, 0.058, 0.066, 0.064, 0.067, 0.073, 0.065, 0.05, 0.018]","[0.31, -0.53, 0.12, 0.15]",0.31,-0.53,0.12,0.15
2023-09-05,1,192,907,['Bpod5'],763,378,385,500,248,545,334,211,304,236,203,37,166,0.7142857142857143,0.8835978835978836,0.548051948051948,748,371,377,444,346,98,0.692,0.3951612903225806,296,148,148,0.296,0.5967741935483871,0.7286096256684492,0.9002695417789758,0.5596816976127321,0.809322033898305,-0.34058784416624366,0.6846846846846847,0.7972972972972973,-0.11261261261261257,0.5435806451612903,0.4463870967741935,15,7,8,0.019659239842726082,0.018518518518518517,0.02077922077922078,545,334,211,1362.5,835.0,527.5,0,0,0,0,0.5,0.5,"psych_curve(xdata=array([-70.,  -8.,  -4.,  -2.,   0.,   2.,   4.,   8.,  70.]), ydata=[0.066, 0.103, 0.081, 0.195, 0.25, 0.35, 0.383, 0.6, 0.677], fit=[0.07, 0.07, 0.07, 0.07, 0.07, 0.07, 0.07, 0.07, 0.07, 0.07, 0.07, 0.07, 0.07, 0.07, 0.07, 0.07, 0.07, 0.07, 0.07, 0.07, 0.07, 0.07, 0.07, 0.07, 0.07, 0.07, 0.07, 0.07, 0.07, 0.07, 0.07, 0.07, 0.07, 0.07, 0.07, 0.07, 0.071, 0.071, 0.071, 0.072, 0.073, 0.075, 0.078, 0.082, 0.089, 0.099, 0.115, 0.138, 0.17, 0.214, 0.269, 0.334, 0.403, 0.468, 0.526, 0.572, 0.607, 0.631, 0.648, 0.659, 0.667, 0.671, 0.675, 0.677, 0.678, 0.679, 0.679, 0.679, 0.68, 0.68, 0.68, 0.68, 0.68, 0.68, 0.68, 0.68, 0.68, 0.68, 0.68, 0.68, 0.68, 0.68, 0.68, 0.68, 0.68, 0.68, 0.68, 0.68, 0.68, 0.68, 0.68, 0.68, 0.68, 0.68, 0.68, 0.68, 0.68, 0.68, 0.68, 0.68], params=[0.32, 2.97, 0.07, 0.32], fit_error=[0.016, 0.058, 0.045, 0.063, 0.061, 0.076, 0.072, 0.091, 0.031])",[-70.  -8.  -4.  -2.   0.   2.   4.   8.  70.],"[0.066, 0.103, 0.081, 0.195, 0.25, 0.35, 0.383, 0.6, 0.677]","[0.07, 0.07, 0.07, 0.07, 0.07, 0.07, 0.07, 0.07, 0.07, 0.07, 0.07, 0.07, 0.07, 0.07, 0.07, 0.07, 0.07, 0.07, 0.07, 0.07, 0.07, 0.07, 0.07, 0.07, 0.07, 0.07, 0.07, 0.07, 0.07, 0.07, 0.07, 0.07, 0.07, 0.07, 0.07, 0.07, 0.071, 0.071, 0.071, 0.072, 0.073, 0.075, 0.078, 0.082, 0.089, 0.099, 0.115, 0.138, 0.17, 0.214, 0.269, 0.334, 0.403, 0.468, 0.526, 0.572, 0.607, 0.631, 0.648, 0.659, 0.667, 0.671, 0.675, 0.677, 0.678, 0.679, 0.679, 0.679, 0.68, 0.68, 0.68, 0.68, 0.68, 0.68, 0.68, 0.68, 0.68, 0.68, 0.68, 0.68, 0.68, 0.68, 0.68, 0.68, 0.68, 0.68, 0.68, 0.68, 0.68, 0.68, 0.68, 0.68, 0.68, 0.68, 0.68, 0.68, 0.68, 0.68, 0.68, 0.68]","[0.016, 0.058, 0.045, 0.063, 0.061, 0.076, 0.072, 0.091, 0.031]","[0.32, 2.97, 0.07, 0.32]",0.32,2.97,0.07,0.32,"psych_curve(xdata=array([-70.,  -8.,  -4.,  -2.,  -0.,   2.,   4.,   8.,  70.]), ydata=[0.267, 0.357, 0.568, 0.523, 0.627, 0.686, 0.821, 0.867, 0.886], fit=[nan, nan, nan, nan, nan, nan, nan, nan, nan, nan, nan, nan, nan, nan, nan, nan, nan, nan, nan, nan, nan, nan, nan, nan, nan, nan, nan, nan, nan, nan, nan, nan, nan, nan, nan, nan, nan, nan, nan, nan, nan, nan, nan, nan, nan, nan, nan, nan, nan, nan, nan, nan, nan, nan, nan, nan, nan, nan, nan, nan, nan, nan, nan, nan, nan, nan, nan, nan, nan, nan, nan, nan, nan, nan, nan, nan, nan, nan, nan, nan, nan, nan, nan, nan, nan, nan, nan, nan, nan, nan, nan, nan, nan, nan, nan, nan, nan, nan, nan, nan], params=[0.25, -1.56, 0.27, 0.1], fit_error=[0.029, 0.092, 0.076, 0.076, 0.068, 0.08, 0.062, 0.063, 0.021])",[-70.  -8.  -4.  -2.   0.   2.   4.   8.  70.],"[0.066, 0.103, 0.081, 0.195, 0.25, 0.35, 0.383, 0.6, 0.677]","[0.07, 0.07, 0.07, 0.07, 0.07, 0.07, 0.07, 0.07, 0.07, 0.07, 0.07, 0.07, 0.07, 0.07, 0.07, 0.07, 0.07, 0.07, 0.07, 0.07, 0.07, 0.07, 0.07, 0.07, 0.07, 0.07, 0.07, 0.07, 0.07, 0.07, 0.07, 0.07, 0.07, 0.07, 0.07, 0.07, 0.071, 0.071, 0.071, 0.072, 0.073, 0.075, 0.078, 0.082, 0.089, 0.099, 0.115, 0.138, 0.17, 0.214, 0.269, 0.334, 0.403, 0.468, 0.526, 0.572, 0.607, 0.631, 0.648, 0.659, 0.667, 0.671, 0.675, 0.677, 0.678, 0.679, 0.679, 0.679, 0.68, 0.68, 0.68, 0.68, 0.68, 0.68, 0.68, 0.68, 0.68, 0.68, 0.68, 0.68, 0.68, 0.68, 0.68, 0.68, 0.68, 0.68, 0.68, 0.68, 0.68, 0.68, 0.68, 0.68, 0.68, 0.68, 0.68, 0.68, 0.68, 0.68, 0.68, 0.68]","[0.016, 0.058, 0.045, 0.063, 0.061, 0.076, 0.072, 0.091, 0.031]","[0.25, -1.56, 0.27, 0.1]",0.25,-1.56,0.27,0.1
2023-09-06,2,193,907,['Bpod5'],734,368,366,474,233,528,325,203,271,249,179,30,149,0.7193460490463215,0.8831521739130435,0.5546448087431693,707,355,352,388,307,81,0.6476793248945147,0.34763948497854075,303,151,152,0.31856540084388185,0.6523605150214592,0.7468175388967468,0.9154929577464789,0.5767045454545454,0.826879271070615,-0.33878841229193346,0.6984536082474226,0.8217821782178217,-0.1233285699703991,0.4976594049365277,0.4854629579326705,27,13,14,0.03678474114441417,0.035326086956521736,0.03825136612021858,528,325,203,1320.0,812.5,507.5,0,0,0,0,0.5,0.5,"psych_curve(xdata=array([-70.,  -8.,  -4.,  -2.,   0.,   2.,   4.,   8.,  70.]), ydata=[0.041, 0.083, 0.162, 0.222, 0.194, 0.243, 0.316, 0.585, 0.698], fit=[0.08, 0.08, 0.08, 0.08, 0.08, 0.08, 0.08, 0.08, 0.08, 0.08, 0.08, 0.08, 0.08, 0.08, 0.08, 0.08, 0.08, 0.08, 0.08, 0.08, 0.08, 0.08, 0.08, 0.08, 0.08, 0.08, 0.08, 0.08, 0.08, 0.08, 0.08, 0.08, 0.08, 0.08, 0.08, 0.08, 0.08, 0.081, 0.081, 0.082, 0.083, 0.084, 0.086, 0.089, 0.094, 0.101, 0.112, 0.128, 0.15, 0.181, 0.222, 0.274, 0.335, 0.402, 0.467, 0.527, 0.577, 0.616, 0.645, 0.666, 0.68, 0.69, 0.697, 0.701, 0.704, 0.706, 0.708, 0.708, 0.709, 0.709, 0.71, 0.71, 0.71, 0.71, 0.71, 0.71, 0.71, 0.71, 0.71, 0.71, 0.71, 0.71, 0.71, 0.71, 0.71, 0.71, 0.71, 0.71, 0.71, 0.71, 0.71, 0.71, 0.71, 0.71, 0.71, 0.71, 0.71, 0.71, 0.71, 0.71], params=[0.3, 4.81, 0.08, 0.29], fit_error=[0.014, 0.04, 0.061, 0.07, 0.072, 0.072, 0.076, 0.078, 0.031])",[-70.  -8.  -4.  -2.   0.   2.   4.   8.  70.],"[0.041, 0.083, 0.162, 0.222, 0.194, 0.243, 0.316, 0.585, 0.698]","[0.08, 0.08, 0.08, 0.08, 0.08, 0.08, 0.08, 0.08, 0.08, 0.08, 0.08, 0.08, 0.08, 0.08, 0.08, 0.08, 0.08, 0.08, 0.08, 0.08, 0.08, 0.08, 0.08, 0.08, 0.08, 0.08, 0.08, 0.08, 0.08, 0.08, 0.08, 0.08, 0.08, 0.08, 0.08, 0.08, 0.08, 0.081, 0.081, 0.082, 0.083, 0.084, 0.086, 0.089, 0.094, 0.101, 0.112, 0.128, 0.15, 0.181, 0.222, 0.274, 0.335, 0.402, 0.467, 0.527, 0.577, 0.616, 0.645, 0.666, 0.68, 0.69, 0.697, 0.701, 0.704, 0.706, 0.708, 0.708, 0.709, 0.709, 0.71, 0.71, 0.71, 0.71, 0.71, 0.71, 0.71, 0.71, 0.71, 0.71, 0.71, 0.71, 0.71, 0.71, 0.71, 0.71, 0.71, 0.71, 0.71, 0.71, 0.71, 0.71, 0.71, 0.71, 0.71, 0.71, 0.71, 0.71, 0.71, 0.71]","[0.014, 0.04, 0.061, 0.07, 0.072, 0.072, 0.076, 0.078, 0.031]","[0.3, 4.81, 0.08, 0.29]",0.3,4.81,0.08,0.29,"psych_curve(xdata=array([-70.,  -8.,  -4.,  -2.,  -0.,   2.,   4.,   8.,  70.]), ydata=[0.214, 0.302, 0.561, 0.611, 0.677, 0.622, 0.727, 0.886, 0.896], fit=[nan, nan, nan, nan, nan, nan, nan, nan, nan, nan, nan, nan, nan, nan, nan, nan, nan, nan, nan, nan, nan, nan, nan, nan, nan, nan, nan, nan, nan, nan, nan, nan, nan, nan, nan, nan, nan, nan, nan, nan, nan, nan, nan, nan, nan, nan, nan, nan, nan, nan, nan, nan, nan, nan, nan, nan, nan, nan, nan, nan, nan, nan, nan, nan, nan, nan, nan, nan, nan, nan, nan, nan, nan, nan, nan, nan, nan, nan, nan, nan, nan, nan, nan, nan, nan, nan, nan, nan, nan, nan, nan, nan, nan, nan, nan, nan, nan, nan, nan, nan], params=[0.21, -2.68, 0.2, 0.1], fit_error=[0.027, 0.064, 0.078, 0.082, 0.085, 0.081, 0.079, 0.055, 0.022])",[-70.  -8.  -4.  -2.   0.   2.   4.   8.  70.],"[0.041, 0.083, 0.162, 0.222, 0.194, 0.243, 0.316, 0.585, 0.698]","[0.08, 0.08, 0.08, 0.08, 0.08, 0.08, 0.08, 0.08, 0.08, 0.08, 0.08, 0.08, 0.08, 0.08, 0.08, 0.08, 0.08, 0.08, 0.08, 0.08, 0.08, 0.08, 0.08, 0.08, 0.08, 0.08, 0.08, 0.08, 0.08, 0.08, 0.08, 0.08, 0.08, 0.08, 0.08, 0.08, 0.08, 0.081, 0.081, 0.082, 0.083, 0.084, 0.086, 0.089, 0.094, 0.101, 0.112, 0.128, 0.15, 0.181, 0.222, 0.274, 0.335, 0.402, 0.467, 0.527, 0.577, 0.616, 0.645, 0.666, 0.68, 0.69, 0.697, 0.701, 0.704, 0.706, 0.708, 0.708, 0.709, 0.709, 0.71, 0.71, 0.71, 0.71, 0.71, 0.71, 0.71, 0.71, 0.71, 0.71, 0.71, 0.71, 0.71, 0.71, 0.71, 0.71, 0.71, 0.71, 0.71, 0.71, 0.71, 0.71, 0.71, 0.71, 0.71, 0.71, 0.71, 0.71, 0.71, 0.71]","[0.014, 0.04, 0.061, 0.07, 0.072, 0.072, 0.076, 0.078, 0.031]","[0.21, -2.68, 0.2, 0.1]",0.21,-2.68,0.2,0.1
2023-09-07,3,194,907,['Bpod5'],632,309,323,376,232,464,268,196,239,214,144,36,108,0.7341772151898734,0.8673139158576052,0.6068111455108359,608,304,304,323,226,97,0.601063829787234,0.41810344827586204,268,135,133,0.35904255319148937,0.5732758620689655,0.7631578947368421,0.881578947368421,0.6447368421052632,0.8346055979643766,-0.23684210526315785,0.739938080495356,0.7985074626865671,-0.058569382191211106,0.509583639031548,0.46615920763022745,24,5,19,0.0379746835443038,0.016181229773462782,0.058823529411764705,464,268,196,1160.0,670.0,490.0,0,0,0,0,0.5,0.5,"psych_curve(xdata=array([-70.,  -8.,  -4.,  -2.,   0.,   2.,   4.,   8.,  70.]), ydata=[0.088, 0.105, 0.214, 0.156, 0.269, 0.344, 0.429, 0.613, 0.759], fit=[0.09, 0.09, 0.09, 0.09, 0.09, 0.09, 0.09, 0.09, 0.09, 0.09, 0.09, 0.09, 0.09, 0.09, 0.09, 0.09, 0.09, 0.09, 0.09, 0.09, 0.09, 0.09, 0.09, 0.09, 0.09, 0.09, 0.09, 0.09, 0.09, 0.09, 0.09, 0.09, 0.09, 0.09, 0.09, 0.091, 0.091, 0.091, 0.092, 0.093, 0.094, 0.097, 0.1, 0.105, 0.112, 0.123, 0.139, 0.161, 0.191, 0.231, 0.282, 0.343, 0.41, 0.478, 0.542, 0.598, 0.643, 0.677, 0.703, 0.721, 0.734, 0.742, 0.748, 0.752, 0.755, 0.756, 0.758, 0.758, 0.759, 0.759, 0.76, 0.76, 0.76, 0.76, 0.76, 0.76, 0.76, 0.76, 0.76, 0.76, 0.76, 0.76, 0.76, 0.76, 0.76, 0.76, 0.76, 0.76, 0.76, 0.76, 0.76, 0.76, 0.76, 0.76, 0.76, 0.76, 0.76, 0.76, 0.76, 0.76], params=[0.29, 3.84, 0.09, 0.24], fit_error=[0.02, 0.05, 0.079, 0.065, 0.089, 0.085, 0.095, 0.089, 0.03])",[-70.  -8.  -4.  -2.   0.   2.   4.   8.  70.],"[0.088, 0.105, 0.214, 0.156, 0.269, 0.344, 0.429, 0.613, 0.759]","[0.09, 0.09, 0.09, 0.09, 0.09, 0.09, 0.09, 0.09, 0.09, 0.09, 0.09, 0.09, 0.09, 0.09, 0.09, 0.09, 0.09, 0.09, 0.09, 0.09, 0.09, 0.09, 0.09, 0.09, 0.09, 0.09, 0.09, 0.09, 0.09, 0.09, 0.09, 0.09, 0.09, 0.09, 0.09, 0.091, 0.091, 0.091, 0.092, 0.093, 0.094, 0.097, 0.1, 0.105, 0.112, 0.123, 0.139, 0.161, 0.191, 0.231, 0.282, 0.343, 0.41, 0.478, 0.542, 0.598, 0.643, 0.677, 0.703, 0.721, 0.734, 0.742, 0.748, 0.752, 0.755, 0.756, 0.758, 0.758, 0.759, 0.759, 0.76, 0.76, 0.76, 0.76, 0.76, 0.76, 0.76, 0.76, 0.76, 0.76, 0.76, 0.76, 0.76, 0.76, 0.76, 0.76, 0.76, 0.76, 0.76, 0.76, 0.76, 0.76, 0.76, 0.76, 0.76, 0.76, 0.76, 0.76, 0.76, 0.76]","[0.02, 0.05, 0.079, 0.065, 0.089, 0.085, 0.095, 0.089, 0.03]","[0.29, 3.84, 0.09, 0.24]",0.29,3.84,0.09,0.24,"psych_curve(xdata=array([-70.,  -8.,  -4.,  -2.,   0.,   2.,   4.,   8.,  70.]), ydata=[0.203, 0.4, 0.409, 0.4, 0.577, 0.586, 0.618, 0.889, 0.896], fit=[nan, nan, nan, nan, nan, nan, nan, nan, nan, nan, nan, nan, nan, nan, nan, nan, nan, nan, nan, nan, nan, nan, nan, nan, nan, nan, nan, nan, nan, nan, nan, nan, nan, nan, nan, nan, nan, nan, nan, nan, nan, nan, nan, nan, nan, nan, nan, nan, nan, nan, nan, nan, nan, nan, nan, nan, nan, nan, nan, nan, nan, nan, nan, nan, nan, nan, nan, nan, nan, nan, nan, nan, nan, nan, nan, nan, nan, nan, nan, nan, nan, nan, nan, nan, nan, nan, nan, nan, nan, nan, nan, nan, nan, nan, nan, nan, nan, nan, nan, nan], params=[0.22, 1.44, 0.25, 0.07], fit_error=[0.029, 0.091, 0.107, 0.084, 0.099, 0.093, 0.085, 0.053, 0.023])",[-70.  -8.  -4.  -2.   0.   2.   4.   8.  70.],"[0.088, 0.105, 0.214, 0.156, 0.269, 0.344, 0.429, 0.613, 0.759]","[0.09, 0.09, 0.09, 0.09, 0.09, 0.09, 0.09, 0.09, 0.09, 0.09, 0.09, 0.09, 0.09, 0.09, 0.09, 0.09, 0.09, 0.09, 0.09, 0.09, 0.09, 0.09, 0.09, 0.09, 0.09, 0.09, 0.09, 0.09, 0.09, 0.09, 0.09, 0.09, 0.09, 0.09, 0.09, 0.091, 0.091, 0.091, 0.092, 0.093, 0.094, 0.097, 0.1, 0.105, 0.112, 0.123, 0.139, 0.161, 0.191, 0.231, 0.282, 0.343, 0.41, 0.478, 0.542, 0.598, 0.643, 0.677, 0.703, 0.721, 0.734, 0.742, 0.748, 0.752, 0.755, 0.756, 0.758, 0.758, 0.759, 0.759, 0.76, 0.76, 0.76, 0.76, 0.76, 0.76, 0.76, 0.76, 0.76, 0.76, 0.76, 0.76, 0.76, 0.76, 0.76, 0.76, 0.76, 0.76, 0.76, 0.76, 0.76, 0.76, 0.76, 0.76, 0.76, 0.76, 0.76, 0.76, 0.76, 0.76]","[0.02, 0.05, 0.079, 0.065, 0.089, 0.085, 0.095, 0.089, 0.03]","[0.22, 1.44, 0.25, 0.07]",0.22,1.44,0.25,0.07
2023-09-08,4,195,907,['Bpod5'],552,288,264,288,247,378,205,173,186,187,157,74,83,0.6847826086956522,0.7118055555555556,0.6553030303030303,535,279,256,292,164,128,0.5694444444444444,0.5182186234817814,235,117,118,0.40625,0.4777327935222672,0.7065420560747664,0.7347670250896058,0.67578125,0.7557471264367817,-0.058985775089605785,0.636986301369863,0.7957446808510639,-0.15875837948120086,0.5438315339631129,0.44199139676113364,17,9,8,0.030797101449275364,0.03125,0.030303030303030304,378,205,173,945.0,512.5,432.5,0,0,0,0,0.5,0.5,"psych_curve(xdata=array([-70.,  -8.,  -4.,  -2.,   0.,   2.,   4.,   8.,  70.]), ydata=[0.234, 0.267, 0.276, 0.44, 0.333, 0.483, 0.556, 0.731, 0.744], fit=[0.25, 0.25, 0.25, 0.25, 0.25, 0.25, 0.25, 0.25, 0.25, 0.25, 0.25, 0.25, 0.25, 0.25, 0.25, 0.25, 0.25, 0.25, 0.25, 0.25, 0.25, 0.25, 0.25, 0.25, 0.25, 0.25, 0.25, 0.25, 0.25, 0.25, 0.25, 0.25, 0.25, 0.25, 0.25, 0.25, 0.25, 0.25, 0.251, 0.251, 0.252, 0.253, 0.255, 0.258, 0.263, 0.271, 0.284, 0.304, 0.332, 0.372, 0.424, 0.484, 0.547, 0.605, 0.653, 0.689, 0.714, 0.731, 0.742, 0.749, 0.753, 0.756, 0.757, 0.758, 0.759, 0.759, 0.76, 0.76, 0.76, 0.76, 0.76, 0.76, 0.76, 0.76, 0.76, 0.76, 0.76, 0.76, 0.76, 0.76, 0.76, 0.76, 0.76, 0.76, 0.76, 0.76, 0.76, 0.76, 0.76, 0.76, 0.76, 0.76, 0.76, 0.76, 0.76, 0.76, 0.76, 0.76, 0.76, 0.76], params=[0.35, 2.59, 0.25, 0.24], fit_error=[0.031, 0.082, 0.084, 0.101, 0.105, 0.094, 0.097, 0.089, 0.034])",[-70.  -8.  -4.  -2.   0.   2.   4.   8.  70.],"[0.234, 0.267, 0.276, 0.44, 0.333, 0.483, 0.556, 0.731, 0.744]","[0.25, 0.25, 0.25, 0.25, 0.25, 0.25, 0.25, 0.25, 0.25, 0.25, 0.25, 0.25, 0.25, 0.25, 0.25, 0.25, 0.25, 0.25, 0.25, 0.25, 0.25, 0.25, 0.25, 0.25, 0.25, 0.25, 0.25, 0.25, 0.25, 0.25, 0.25, 0.25, 0.25, 0.25, 0.25, 0.25, 0.25, 0.25, 0.251, 0.251, 0.252, 0.253, 0.255, 0.258, 0.263, 0.271, 0.284, 0.304, 0.332, 0.372, 0.424, 0.484, 0.547, 0.605, 0.653, 0.689, 0.714, 0.731, 0.742, 0.749, 0.753, 0.756, 0.757, 0.758, 0.759, 0.759, 0.76, 0.76, 0.76, 0.76, 0.76, 0.76, 0.76, 0.76, 0.76, 0.76, 0.76, 0.76, 0.76, 0.76, 0.76, 0.76, 0.76, 0.76, 0.76, 0.76, 0.76, 0.76, 0.76, 0.76, 0.76, 0.76, 0.76, 0.76, 0.76, 0.76, 0.76, 0.76, 0.76, 0.76]","[0.031, 0.082, 0.084, 0.101, 0.105, 0.094, 0.097, 0.089, 0.034]","[0.35, 2.59, 0.25, 0.24]",0.35,2.59,0.25,0.24,"psych_curve(xdata=array([-70.,  -8.,  -4.,  -2.,  -0.,   2.,   4.,   8.,  70.]), ydata=[0.317, 0.324, 0.469, 0.519, 0.476, 0.556, 0.792, 0.818, 0.851], fit=[nan, nan, nan, nan, nan, nan, nan, nan, nan, nan, nan, nan, nan, nan, nan, nan, nan, nan, nan, nan, nan, nan, nan, nan, nan, nan, nan, nan, nan, nan, nan, nan, nan, nan, nan, nan, nan, nan, nan, nan, nan, nan, nan, nan, nan, nan, nan, nan, nan, nan, nan, nan, nan, nan, nan, nan, nan, nan, nan, nan, nan, nan, nan, nan, nan, nan, nan, nan, nan, nan, nan, nan, nan, nan, nan, nan, nan, nan, nan, nan, nan, nan, nan, nan, nan, nan, nan, nan, nan, nan, nan, nan, nan, nan, nan, nan, nan, nan, nan, nan], params=[0.32, 1.3, 0.33, 0.13], fit_error=[0.034, 0.081, 0.09, 0.098, 0.112, 0.097, 0.085, 0.084, 0.029])",[-70.  -8.  -4.  -2.   0.   2.   4.   8.  70.],"[0.234, 0.267, 0.276, 0.44, 0.333, 0.483, 0.556, 0.731, 0.744]","[0.25, 0.25, 0.25, 0.25, 0.25, 0.25, 0.25, 0.25, 0.25, 0.25, 0.25, 0.25, 0.25, 0.25, 0.25, 0.25, 0.25, 0.25, 0.25, 0.25, 0.25, 0.25, 0.25, 0.25, 0.25, 0.25, 0.25, 0.25, 0.25, 0.25, 0.25, 0.25, 0.25, 0.25, 0.25, 0.25, 0.25, 0.25, 0.251, 0.251, 0.252, 0.253, 0.255, 0.258, 0.263, 0.271, 0.284, 0.304, 0.332, 0.372, 0.424, 0.484, 0.547, 0.605, 0.653, 0.689, 0.714, 0.731, 0.742, 0.749, 0.753, 0.756, 0.757, 0.758, 0.759, 0.759, 0.76, 0.76, 0.76, 0.76, 0.76, 0.76, 0.76, 0.76, 0.76, 0.76, 0.76, 0.76, 0.76, 0.76, 0.76, 0.76, 0.76, 0.76, 0.76, 0.76, 0.76, 0.76, 0.76, 0.76, 0.76, 0.76, 0.76, 0.76, 0.76, 0.76, 0.76, 0.76, 0.76, 0.76]","[0.031, 0.082, 0.084, 0.101, 0.105, 0.094, 0.097, 0.089, 0.034]","[0.32, 1.3, 0.33, 0.13]",0.32,1.3,0.33,0.13
2023-09-12,1,199,907,['Bpod5'],804,395,409,426,369,655,339,316,326,328,140,53,87,0.8146766169154229,0.8582278481012658,0.7726161369193154,795,392,403,399,228,171,0.5352112676056338,0.4634146341463415,395,197,198,0.4624413145539906,0.5365853658536586,0.8238993710691824,0.8647959183673469,0.7841191066997518,0.8807157057654076,-0.0806768116675951,0.8170426065162907,0.830379746835443,-0.01333714031915234,0.4993129508759876,0.4995133402038246,9,3,6,0.011194029850746268,0.007594936708860759,0.014669926650366748,655,339,316,1637.5,847.5,790.0,0,0,0,0,0.5,0.5,"psych_curve(xdata=array([-70.,  -8.,  -4.,  -2.,   0.,   2.,   4.,   8.,  70.]), ydata=[0.111, 0.057, 0.209, 0.235, 0.289, 0.595, 0.707, 0.739, 0.873], fit=[0.1, 0.1, 0.1, 0.1, 0.1, 0.1, 0.1, 0.1, 0.1, 0.1, 0.1, 0.1, 0.1, 0.1, 0.1, 0.1, 0.1, 0.1, 0.1, 0.1, 0.1, 0.1, 0.1, 0.1, 0.1, 0.1, 0.1, 0.1, 0.1, 0.1, 0.1, 0.1, 0.1, 0.1, 0.1, 0.1, 0.1, 0.1, 0.1, 0.1, 0.1, 0.101, 0.101, 0.103, 0.107, 0.114, 0.128, 0.157, 0.212, 0.302, 0.426, 0.561, 0.672, 0.746, 0.788, 0.809, 0.82, 0.825, 0.828, 0.829, 0.829, 0.83, 0.83, 0.83, 0.83, 0.83, 0.83, 0.83, 0.83, 0.83, 0.83, 0.83, 0.83, 0.83, 0.83, 0.83, 0.83, 0.83, 0.83, 0.83, 0.83, 0.83, 0.83, 0.83, 0.83, 0.83, 0.83, 0.83, 0.83, 0.83, 0.83, 0.83, 0.83, 0.83, 0.83, 0.83, 0.83, 0.83, 0.83, 0.83], params=[0.53, 1.11, 0.1, 0.17], fit_error=[0.02, 0.032, 0.063, 0.074, 0.075, 0.082, 0.072, 0.065, 0.021])",[-70.  -8.  -4.  -2.   0.   2.   4.   8.  70.],"[0.111, 0.057, 0.209, 0.235, 0.289, 0.595, 0.707, 0.739, 0.873]","[0.1, 0.1, 0.1, 0.1, 0.1, 0.1, 0.1, 0.1, 0.1, 0.1, 0.1, 0.1, 0.1, 0.1, 0.1, 0.1, 0.1, 0.1, 0.1, 0.1, 0.1, 0.1, 0.1, 0.1, 0.1, 0.1, 0.1, 0.1, 0.1, 0.1, 0.1, 0.1, 0.1, 0.1, 0.1, 0.1, 0.1, 0.1, 0.1, 0.1, 0.1, 0.101, 0.101, 0.103, 0.107, 0.114, 0.128, 0.157, 0.212, 0.302, 0.426, 0.561, 0.672, 0.746, 0.788, 0.809, 0.82, 0.825, 0.828, 0.829, 0.829, 0.83, 0.83, 0.83, 0.83, 0.83, 0.83, 0.83, 0.83, 0.83, 0.83, 0.83, 0.83, 0.83, 0.83, 0.83, 0.83, 0.83, 0.83, 0.83, 0.83, 0.83, 0.83, 0.83, 0.83, 0.83, 0.83, 0.83, 0.83, 0.83, 0.83, 0.83, 0.83, 0.83, 0.83, 0.83, 0.83, 0.83, 0.83, 0.83]","[0.02, 0.032, 0.063, 0.074, 0.075, 0.082, 0.072, 0.065, 0.021]","[0.53, 1.11, 0.1, 0.17]",0.53,1.11,0.1,0.17,"psych_curve(xdata=array([-70.,  -8.,  -4.,  -2.,  -0.,   2.,   4.,   8.,  70.]), ydata=[0.119, 0.184, 0.244, 0.341, 0.526, 0.7, 0.744, 0.88, 0.88], fit=[nan, nan, nan, nan, nan, nan, nan, nan, nan, nan, nan, nan, nan, nan, nan, nan, nan, nan, nan, nan, nan, nan, nan, nan, nan, nan, nan, nan, nan, nan, nan, nan, nan, nan, nan, nan, nan, nan, nan, nan, nan, nan, nan, nan, nan, nan, nan, nan, nan, nan, nan, nan, nan, nan, nan, nan, nan, nan, nan, nan, nan, nan, nan, nan, nan, nan, nan, nan, nan, nan, nan, nan, nan, nan, nan, nan, nan, nan, nan, nan, nan, nan, nan, nan, nan, nan, nan, nan, nan, nan, nan, nan, nan, nan, nan, nan, nan, nan, nan, nan], params=[0.45, -0.1, 0.14, 0.12], fit_error=[0.02, 0.056, 0.068, 0.075, 0.082, 0.085, 0.067, 0.046, 0.021])",[-70.  -8.  -4.  -2.   0.   2.   4.   8.  70.],"[0.111, 0.057, 0.209, 0.235, 0.289, 0.595, 0.707, 0.739, 0.873]","[0.1, 0.1, 0.1, 0.1, 0.1, 0.1, 0.1, 0.1, 0.1, 0.1, 0.1, 0.1, 0.1, 0.1, 0.1, 0.1, 0.1, 0.1, 0.1, 0.1, 0.1, 0.1, 0.1, 0.1, 0.1, 0.1, 0.1, 0.1, 0.1, 0.1, 0.1, 0.1, 0.1, 0.1, 0.1, 0.1, 0.1, 0.1, 0.1, 0.1, 0.1, 0.101, 0.101, 0.103, 0.107, 0.114, 0.128, 0.157, 0.212, 0.302, 0.426, 0.561, 0.672, 0.746, 0.788, 0.809, 0.82, 0.825, 0.828, 0.829, 0.829, 0.83, 0.83, 0.83, 0.83, 0.83, 0.83, 0.83, 0.83, 0.83, 0.83, 0.83, 0.83, 0.83, 0.83, 0.83, 0.83, 0.83, 0.83, 0.83, 0.83, 0.83, 0.83, 0.83, 0.83, 0.83, 0.83, 0.83, 0.83, 0.83, 0.83, 0.83, 0.83, 0.83, 0.83, 0.83, 0.83, 0.83, 0.83, 0.83]","[0.02, 0.032, 0.063, 0.074, 0.075, 0.082, 0.072, 0.065, 0.021]","[0.45, -0.1, 0.14, 0.12]",0.45,-0.1,0.14,0.12
2023-09-20,2,207,907,['Bpod5'],605,274,331,334,259,439,226,213,216,219,154,46,108,0.7256198347107438,0.8248175182481752,0.6435045317220544,593,272,321,297,183,114,0.5479041916167665,0.44015444015444016,290,145,145,0.4341317365269461,0.5598455598455598,0.7403035413153457,0.8308823529411765,0.6635514018691588,0.8047493403693932,-0.16733095107201768,0.7272727272727273,0.7551724137931034,-0.02789968652037611,0.49402931588560334,0.496988648186253,12,2,10,0.019834710743801654,0.0072992700729927005,0.030211480362537766,439,226,213,1097.5,565.0,532.5,0,0,0,0,0.5,0.5,"psych_curve(xdata=array([-70.,  -8.,  -4.,  -2.,   0.,   2.,   4.,   8.,  70.]), ydata=[0.117, 0.087, 0.368, 0.286, 0.355, 0.556, 0.529, 0.644, 0.734], fit=[0.09, 0.09, 0.09, 0.09, 0.09, 0.09, 0.09, 0.09, 0.09, 0.09, 0.09, 0.09, 0.09, 0.09, 0.09, 0.09, 0.09, 0.09, 0.09, 0.09, 0.09, 0.09, 0.09, 0.09, 0.09, 0.09, 0.09, 0.09, 0.09, 0.09, 0.09, 0.091, 0.091, 0.091, 0.092, 0.093, 0.094, 0.096, 0.099, 0.103, 0.109, 0.117, 0.128, 0.143, 0.164, 0.192, 0.227, 0.271, 0.322, 0.379, 0.437, 0.494, 0.546, 0.59, 0.626, 0.654, 0.676, 0.691, 0.703, 0.711, 0.717, 0.721, 0.724, 0.726, 0.727, 0.728, 0.729, 0.729, 0.729, 0.73, 0.73, 0.73, 0.73, 0.73, 0.73, 0.73, 0.73, 0.73, 0.73, 0.73, 0.73, 0.73, 0.73, 0.73, 0.73, 0.73, 0.73, 0.73, 0.73, 0.73, 0.73, 0.73, 0.73, 0.73, 0.73, 0.73, 0.73, 0.73, 0.73, 0.73], params=[0.26, 0.05, 0.09, 0.27], fit_error=[0.024, 0.06, 0.114, 0.077, 0.087, 0.097, 0.087, 0.072, 0.031])",[-70.  -8.  -4.  -2.   0.   2.   4.   8.  70.],"[0.117, 0.087, 0.368, 0.286, 0.355, 0.556, 0.529, 0.644, 0.734]","[0.09, 0.09, 0.09, 0.09, 0.09, 0.09, 0.09, 0.09, 0.09, 0.09, 0.09, 0.09, 0.09, 0.09, 0.09, 0.09, 0.09, 0.09, 0.09, 0.09, 0.09, 0.09, 0.09, 0.09, 0.09, 0.09, 0.09, 0.09, 0.09, 0.09, 0.09, 0.091, 0.091, 0.091, 0.092, 0.093, 0.094, 0.096, 0.099, 0.103, 0.109, 0.117, 0.128, 0.143, 0.164, 0.192, 0.227, 0.271, 0.322, 0.379, 0.437, 0.494, 0.546, 0.59, 0.626, 0.654, 0.676, 0.691, 0.703, 0.711, 0.717, 0.721, 0.724, 0.726, 0.727, 0.728, 0.729, 0.729, 0.729, 0.73, 0.73, 0.73, 0.73, 0.73, 0.73, 0.73, 0.73, 0.73, 0.73, 0.73, 0.73, 0.73, 0.73, 0.73, 0.73, 0.73, 0.73, 0.73, 0.73, 0.73, 0.73, 0.73, 0.73, 0.73, 0.73, 0.73, 0.73, 0.73, 0.73, 0.73]","[0.024, 0.06, 0.114, 0.077, 0.087, 0.097, 0.087, 0.072, 0.031]","[0.26, 0.05, 0.09, 0.27]",0.26,0.05,0.09,0.27,"psych_curve(xdata=array([-70.,  -8.,  -4.,  -2.,   0.,   2.,   4.,   8.,  70.]), ydata=[0.229, 0.25, 0.464, 0.341, 0.29, 0.619, 0.6, 0.714, 0.844], fit=[nan, nan, nan, nan, nan, nan, nan, nan, nan, nan, nan, nan, nan, nan, nan, nan, nan, nan, nan, nan, nan, nan, nan, nan, nan, nan, nan, nan, nan, nan, nan, nan, nan, nan, nan, nan, nan, nan, nan, nan, nan, nan, nan, nan, nan, nan, nan, nan, nan, nan, nan, nan, nan, nan, nan, nan, nan, nan, nan, nan, nan, nan, nan, nan, nan, nan, nan, nan, nan, nan, nan, nan, nan, nan, nan, nan, nan, nan, nan, nan, nan, nan, nan, nan, nan, nan, nan, nan, nan, nan, nan, nan, nan, nan, nan, nan, nan, nan, nan, nan], params=[0.26, 2.68, 0.24, 0.16], fit_error=[0.031, 0.078, 0.096, 0.075, 0.083, 0.109, 0.1, 0.077, 0.027])",[-70.  -8.  -4.  -2.   0.   2.   4.   8.  70.],"[0.117, 0.087, 0.368, 0.286, 0.355, 0.556, 0.529, 0.644, 0.734]","[0.09, 0.09, 0.09, 0.09, 0.09, 0.09, 0.09, 0.09, 0.09, 0.09, 0.09, 0.09, 0.09, 0.09, 0.09, 0.09, 0.09, 0.09, 0.09, 0.09, 0.09, 0.09, 0.09, 0.09, 0.09, 0.09, 0.09, 0.09, 0.09, 0.09, 0.09, 0.091, 0.091, 0.091, 0.092, 0.093, 0.094, 0.096, 0.099, 0.103, 0.109, 0.117, 0.128, 0.143, 0.164, 0.192, 0.227, 0.271, 0.322, 0.379, 0.437, 0.494, 0.546, 0.59, 0.626, 0.654, 0.676, 0.691, 0.703, 0.711, 0.717, 0.721, 0.724, 0.726, 0.727, 0.728, 0.729, 0.729, 0.729, 0.73, 0.73, 0.73, 0.73, 0.73, 0.73, 0.73, 0.73, 0.73, 0.73, 0.73, 0.73, 0.73, 0.73, 0.73, 0.73, 0.73, 0.73, 0.73, 0.73, 0.73, 0.73, 0.73, 0.73, 0.73, 0.73, 0.73, 0.73, 0.73, 0.73, 0.73]","[0.024, 0.06, 0.114, 0.077, 0.087, 0.097, 0.087, 0.072, 0.031]","[0.26, 2.68, 0.24, 0.16]",0.26,2.68,0.24,0.16
2023-09-21,3,208,907,['Bpod5'],688,374,314,362,316,518,284,234,226,292,160,82,78,0.752906976744186,0.7593582887700535,0.7452229299363057,678,366,312,287,166,121,0.4585635359116022,0.3829113924050633,390,195,195,0.5386740331491713,0.6170886075949367,0.7640117994100295,0.7759562841530054,0.75,0.8160377358490566,-0.025956284153005438,0.7874564459930313,0.7487179487179487,0.038738497275082606,0.42073746415833274,0.577881320372054,10,8,2,0.014534883720930232,0.0213903743315508,0.006369426751592357,518,284,234,1295.0,710.0,585.0,0,0,0,0,0.5,0.5,"psych_curve(xdata=array([-70.,  -8.,  -4.,  -2.,   0.,   2.,   4.,   8.,  70.]), ydata=[0.225, 0.176, 0.178, 0.3, 0.231, 0.344, 0.571, 0.812, 0.861], fit=[0.21, 0.21, 0.21, 0.21, 0.21, 0.21, 0.21, 0.21, 0.21, 0.21, 0.21, 0.21, 0.21, 0.21, 0.21, 0.21, 0.21, 0.21, 0.21, 0.21, 0.21, 0.21, 0.21, 0.21, 0.21, 0.21, 0.21, 0.21, 0.21, 0.21, 0.21, 0.21, 0.21, 0.21, 0.21, 0.21, 0.21, 0.21, 0.21, 0.21, 0.21, 0.21, 0.21, 0.21, 0.21, 0.21, 0.211, 0.213, 0.219, 0.235, 0.275, 0.362, 0.506, 0.661, 0.766, 0.817, 0.838, 0.845, 0.848, 0.849, 0.85, 0.85, 0.85, 0.85, 0.85, 0.85, 0.85, 0.85, 0.85, 0.85, 0.85, 0.85, 0.85, 0.85, 0.85, 0.85, 0.85, 0.85, 0.85, 0.85, 0.85, 0.85, 0.85, 0.85, 0.85, 0.85, 0.85, 0.85, 0.85, 0.85, 0.85, 0.85, 0.85, 0.85, 0.85, 0.85, 0.85, 0.85, 0.85, 0.85], params=[0.72, 3.74, 0.21, 0.15], fit_error=[0.028, 0.066, 0.058, 0.065, 0.084, 0.085, 0.085, 0.07, 0.024])",[-70.  -8.  -4.  -2.   0.   2.   4.   8.  70.],"[0.225, 0.176, 0.178, 0.3, 0.231, 0.344, 0.571, 0.812, 0.861]","[0.21, 0.21, 0.21, 0.21, 0.21, 0.21, 0.21, 0.21, 0.21, 0.21, 0.21, 0.21, 0.21, 0.21, 0.21, 0.21, 0.21, 0.21, 0.21, 0.21, 0.21, 0.21, 0.21, 0.21, 0.21, 0.21, 0.21, 0.21, 0.21, 0.21, 0.21, 0.21, 0.21, 0.21, 0.21, 0.21, 0.21, 0.21, 0.21, 0.21, 0.21, 0.21, 0.21, 0.21, 0.21, 0.21, 0.211, 0.213, 0.219, 0.235, 0.275, 0.362, 0.506, 0.661, 0.766, 0.817, 0.838, 0.845, 0.848, 0.849, 0.85, 0.85, 0.85, 0.85, 0.85, 0.85, 0.85, 0.85, 0.85, 0.85, 0.85, 0.85, 0.85, 0.85, 0.85, 0.85, 0.85, 0.85, 0.85, 0.85, 0.85, 0.85, 0.85, 0.85, 0.85, 0.85, 0.85, 0.85, 0.85, 0.85, 0.85, 0.85, 0.85, 0.85, 0.85, 0.85, 0.85, 0.85, 0.85, 0.85]","[0.028, 0.066, 0.058, 0.065, 0.084, 0.085, 0.085, 0.07, 0.024]","[0.72, 3.74, 0.21, 0.15]",0.72,3.74,0.21,0.15,"psych_curve(xdata=array([-70.,  -8.,  -4.,  -2.,  -0.,   2.,   4.,   8.,  70.]), ydata=[0.132, 0.074, 0.139, 0.432, 0.385, 0.556, 0.591, 0.744, 0.757], fit=[nan, nan, nan, nan, nan, nan, nan, nan, nan, nan, nan, nan, nan, nan, nan, nan, nan, nan, nan, nan, nan, nan, nan, nan, nan, nan, nan, nan, nan, nan, nan, nan, nan, nan, nan, nan, nan, nan, nan, nan, nan, nan, nan, nan, nan, nan, nan, nan, nan, nan, nan, nan, nan, nan, nan, nan, nan, nan, nan, nan, nan, nan, nan, nan, nan, nan, nan, nan, nan, nan, nan, nan, nan, nan, nan, nan, nan, nan, nan, nan, nan, nan, nan, nan, nan, nan, nan, nan, nan, nan, nan, nan, nan, nan, nan, nan, nan, nan, nan, nan], params=[0.37, -0.12, 0.09, 0.25], fit_error=[0.022, 0.051, 0.058, 0.083, 0.097, 0.075, 0.075, 0.071, 0.031])",[-70.  -8.  -4.  -2.   0.   2.   4.   8.  70.],"[0.225, 0.176, 0.178, 0.3, 0.231, 0.344, 0.571, 0.812, 0.861]","[0.21, 0.21, 0.21, 0.21, 0.21, 0.21, 0.21, 0.21, 0.21, 0.21, 0.21, 0.21, 0.21, 0.21, 0.21, 0.21, 0.21, 0.21, 0.21, 0.21, 0.21, 0.21, 0.21, 0.21, 0.21, 0.21, 0.21, 0.21, 0.21, 0.21, 0.21, 0.21, 0.21, 0.21, 0.21, 0.21, 0.21, 0.21, 0.21, 0.21, 0.21, 0.21, 0.21, 0.21, 0.21, 0.21, 0.211, 0.213, 0.219, 0.235, 0.275, 0.362, 0.506, 0.661, 0.766, 0.817, 0.838, 0.845, 0.848, 0.849, 0.85, 0.85, 0.85, 0.85, 0.85, 0.85, 0.85, 0.85, 0.85, 0.85, 0.85, 0.85, 0.85, 0.85, 0.85, 0.85, 0.85, 0.85, 0.85, 0.85, 0.85, 0.85, 0.85, 0.85, 0.85, 0.85, 0.85, 0.85, 0.85, 0.85, 0.85, 0.85, 0.85, 0.85, 0.85, 0.85, 0.85, 0.85, 0.85, 0.85]","[0.028, 0.066, 0.058, 0.065, 0.084, 0.085, 0.085, 0.07, 0.024]","[0.37, -0.12, 0.09, 0.25]",0.37,-0.12,0.09,0.25
2023-09-22,4,209,907,['Bpod5'],620,320,300,336,265,436,242,194,206,225,165,71,94,0.7032258064516129,0.75625,0.6466666666666666,601,313,288,300,181,119,0.5386904761904762,0.4490566037735849,291,145,146,0.43154761904761907,0.5509433962264151,0.7254575707154742,0.7731629392971247,0.6736111111111112,0.7789203084832905,-0.09955182818601349,0.6866666666666666,0.7731958762886598,-0.08652920962199318,0.49387353998203054,0.4912455076370171,19,7,12,0.03064516129032258,0.021875,0.04,436,242,194,1090.0,605.0,485.0,0,0,0,0,0.5,0.5,"psych_curve(xdata=array([-70.,  -8.,  -4.,  -2.,   0.,   2.,   4.,   8.,  70.]), ydata=[0.197, 0.25, 0.324, 0.2, 0.419, 0.429, 0.458, 0.692, 0.754], fit=[0.22, 0.22, 0.22, 0.22, 0.22, 0.22, 0.22, 0.22, 0.22, 0.22, 0.22, 0.22, 0.22, 0.22, 0.22, 0.22, 0.22, 0.22, 0.22, 0.22, 0.22, 0.22, 0.22, 0.22, 0.22, 0.22, 0.22, 0.22, 0.22, 0.22, 0.22, 0.22, 0.22, 0.22, 0.22, 0.22, 0.22, 0.221, 0.221, 0.221, 0.222, 0.224, 0.226, 0.229, 0.234, 0.241, 0.253, 0.27, 0.294, 0.328, 0.373, 0.428, 0.489, 0.55, 0.606, 0.653, 0.69, 0.716, 0.734, 0.747, 0.755, 0.76, 0.764, 0.766, 0.767, 0.768, 0.769, 0.769, 0.77, 0.77, 0.77, 0.77, 0.77, 0.77, 0.77, 0.77, 0.77, 0.77, 0.77, 0.77, 0.77, 0.77, 0.77, 0.77, 0.77, 0.77, 0.77, 0.77, 0.77, 0.77, 0.77, 0.77, 0.77, 0.77, 0.77, 0.77, 0.77, 0.77, 0.77, 0.77], params=[0.32, 3.68, 0.22, 0.23], fit_error=[0.028, 0.078, 0.081, 0.074, 0.09, 0.085, 0.104, 0.092, 0.031])",[-70.  -8.  -4.  -2.   0.   2.   4.   8.  70.],"[0.197, 0.25, 0.324, 0.2, 0.419, 0.429, 0.458, 0.692, 0.754]","[0.22, 0.22, 0.22, 0.22, 0.22, 0.22, 0.22, 0.22, 0.22, 0.22, 0.22, 0.22, 0.22, 0.22, 0.22, 0.22, 0.22, 0.22, 0.22, 0.22, 0.22, 0.22, 0.22, 0.22, 0.22, 0.22, 0.22, 0.22, 0.22, 0.22, 0.22, 0.22, 0.22, 0.22, 0.22, 0.22, 0.22, 0.221, 0.221, 0.221, 0.222, 0.224, 0.226, 0.229, 0.234, 0.241, 0.253, 0.27, 0.294, 0.328, 0.373, 0.428, 0.489, 0.55, 0.606, 0.653, 0.69, 0.716, 0.734, 0.747, 0.755, 0.76, 0.764, 0.766, 0.767, 0.768, 0.769, 0.769, 0.77, 0.77, 0.77, 0.77, 0.77, 0.77, 0.77, 0.77, 0.77, 0.77, 0.77, 0.77, 0.77, 0.77, 0.77, 0.77, 0.77, 0.77, 0.77, 0.77, 0.77, 0.77, 0.77, 0.77, 0.77, 0.77, 0.77, 0.77, 0.77, 0.77, 0.77, 0.77]","[0.028, 0.078, 0.081, 0.074, 0.09, 0.085, 0.104, 0.092, 0.031]","[0.32, 3.68, 0.22, 0.23]",0.32,3.68,0.22,0.23,"psych_curve(xdata=array([-70.,  -8.,  -4.,  -2.,   0.,   2.,   4.,   8.,  70.]), ydata=[0.258, 0.25, 0.308, 0.571, 0.387, 0.75, 0.5, 0.692, 0.838], fit=[nan, nan, nan, nan, nan, nan, nan, nan, nan, nan, nan, nan, nan, nan, nan, nan, nan, nan, nan, nan, nan, nan, nan, nan, nan, nan, nan, nan, nan, nan, nan, nan, nan, nan, nan, nan, nan, nan, nan, nan, nan, nan, nan, nan, nan, nan, nan, nan, nan, nan, nan, nan, nan, nan, nan, nan, nan, nan, nan, nan, nan, nan, nan, nan, nan, nan, nan, nan, nan, nan, nan, nan, nan, nan, nan, nan, nan, nan, nan, nan, nan, nan, nan, nan, nan, nan, nan, nan, nan, nan, nan, nan, nan, nan, nan, nan, nan, nan, nan, nan], params=[0.22, 0.73, 0.22, 0.18], fit_error=[0.03, 0.078, 0.092, 0.095, 0.089, 0.073, 0.09, 0.092, 0.029])",[-70.  -8.  -4.  -2.   0.   2.   4.   8.  70.],"[0.197, 0.25, 0.324, 0.2, 0.419, 0.429, 0.458, 0.692, 0.754]","[0.22, 0.22, 0.22, 0.22, 0.22, 0.22, 0.22, 0.22, 0.22, 0.22, 0.22, 0.22, 0.22, 0.22, 0.22, 0.22, 0.22, 0.22, 0.22, 0.22, 0.22, 0.22, 0.22, 0.22, 0.22, 0.22, 0.22, 0.22, 0.22, 0.22, 0.22, 0.22, 0.22, 0.22, 0.22, 0.22, 0.22, 0.221, 0.221, 0.221, 0.222, 0.224, 0.226, 0.229, 0.234, 0.241, 0.253, 0.27, 0.294, 0.328, 0.373, 0.428, 0.489, 0.55, 0.606, 0.653, 0.69, 0.716, 0.734, 0.747, 0.755, 0.76, 0.764, 0.766, 0.767, 0.768, 0.769, 0.769, 0.77, 0.77, 0.77, 0.77, 0.77, 0.77, 0.77, 0.77, 0.77, 0.77, 0.77, 0.77, 0.77, 0.77, 0.77, 0.77, 0.77, 0.77, 0.77, 0.77, 0.77, 0.77, 0.77, 0.77, 0.77, 0.77, 0.77, 0.77, 0.77, 0.77, 0.77, 0.77]","[0.028, 0.078, 0.081, 0.074, 0.09, 0.085, 0.104, 0.092, 0.031]","[0.22, 0.73, 0.22, 0.18]",0.22,0.73,0.22,0.18
2023-09-28,3,215,907,['Bpod5'],261,118,143,202,38,124,99,25,89,29,116,13,103,0.47509578544061304,0.8389830508474576,0.17482517482517482,240,112,128,184,172,12,0.8514851485148515,0.3157894736842105,49,25,24,0.12376237623762376,0.631578947368421,0.5166666666666667,0.8839285714285714,0.1953125,0.5502645502645502,-0.6886160714285714,0.483695652173913,0.5918367346938775,-0.10814108251996452,0.583637311099531,0.3776706618030224,21,6,15,0.08045977011494253,0.05084745762711865,0.1048951048951049,124,99,25,310.0,247.5,62.5,0,0,0,0,0.5,0.5,"psych_curve(xdata=array([-70.,  -8.,  -4.,  -2.,   0.,   2.,   4.,   8.,  70.]), ydata=[0.087, 0.667, 0.25, 0.333, 0.0, 0.0, 0.083, 0.4, 0.206], fit=[0.33, 0.33, 0.33, 0.33, 0.33, 0.33, 0.33, 0.33, 0.33, 0.33, 0.33, 0.33, 0.33, 0.33, 0.33, 0.33, 0.33, 0.33, 0.33, 0.33, 0.33, 0.33, 0.33, 0.33, 0.33, 0.33, 0.33, 0.33, 0.33, 0.33, 0.33, 0.33, 0.33, 0.33, 0.33, 0.33, 0.33, 0.33, 0.33, 0.33, 0.33, 0.33, 0.33, 0.33, 0.33, 0.33, 0.33, 0.33, 0.33, 0.195, 0.14, 0.14, 0.14, 0.14, 0.14, 0.14, 0.14, 0.14, 0.14, 0.14, 0.14, 0.14, 0.14, 0.14, 0.14, 0.14, 0.14, 0.14, 0.14, 0.14, 0.14, 0.14, 0.14, 0.14, 0.14, 0.14, 0.14, 0.14, 0.14, 0.14, 0.14, 0.14, 0.14, 0.14, 0.14, 0.14, 0.14, 0.14, 0.14, 0.14, 0.14, 0.14, 0.14, 0.14, 0.14, 0.14, 0.14, 0.14, 0.14, 0.14], params=[14.39, -0.77, 0.33, 0.86], fit_error=[0.03, 0.333, 0.25, 0.211, 0.0, 0.0, 0.083, 0.163, 0.041])",[-70.  -8.  -4.  -2.   0.   2.   4.   8.  70.],"[0.087, 0.667, 0.25, 0.333, 0.0, 0.0, 0.083, 0.4, 0.206]","[0.33, 0.33, 0.33, 0.33, 0.33, 0.33, 0.33, 0.33, 0.33, 0.33, 0.33, 0.33, 0.33, 0.33, 0.33, 0.33, 0.33, 0.33, 0.33, 0.33, 0.33, 0.33, 0.33, 0.33, 0.33, 0.33, 0.33, 0.33, 0.33, 0.33, 0.33, 0.33, 0.33, 0.33, 0.33, 0.33, 0.33, 0.33, 0.33, 0.33, 0.33, 0.33, 0.33, 0.33, 0.33, 0.33, 0.33, 0.33, 0.33, 0.195, 0.14, 0.14, 0.14, 0.14, 0.14, 0.14, 0.14, 0.14, 0.14, 0.14, 0.14, 0.14, 0.14, 0.14, 0.14, 0.14, 0.14, 0.14, 0.14, 0.14, 0.14, 0.14, 0.14, 0.14, 0.14, 0.14, 0.14, 0.14, 0.14, 0.14, 0.14, 0.14, 0.14, 0.14, 0.14, 0.14, 0.14, 0.14, 0.14, 0.14, 0.14, 0.14, 0.14, 0.14, 0.14, 0.14, 0.14, 0.14, 0.14, 0.14]","[0.03, 0.333, 0.25, 0.211, 0.0, 0.0, 0.083, 0.163, 0.041]","[14.39, -0.77, 0.33, 0.86]",14.39,-0.77,0.33,0.86,"psych_curve(xdata=array([-70.,  -8.,  -4.,  -2.,  -0.,   2.,   4.,   8.,  70.]), ydata=[0.755, 0.625, 0.818, 0.833, 1.0, 0.75, 0.4, 0.25, 0.854], fit=[nan, nan, nan, nan, nan, nan, nan, nan, nan, nan, nan, nan, nan, nan, nan, nan, nan, nan, nan, nan, nan, nan, nan, nan, nan, nan, nan, nan, nan, nan, nan, nan, nan, nan, nan, nan, nan, nan, nan, nan, nan, nan, nan, nan, nan, nan, nan, nan, nan, nan, nan, nan, nan, nan, nan, nan, nan, nan, nan, nan, nan, nan, nan, nan, nan, nan, nan, nan, nan, nan, nan, nan, nan, nan, nan, nan, nan, nan, nan, nan, nan, nan, nan, nan, nan, nan, nan, nan, nan, nan, nan, nan, nan, nan, nan, nan, nan, nan, nan, nan], params=[7.99, 2.19, 0.81, 0.5], fit_error=[0.045, 0.183, 0.122, 0.167, 0.0, 0.25, 0.245, 0.25, 0.038])",[-70.  -8.  -4.  -2.   0.   2.   4.   8.  70.],"[0.087, 0.667, 0.25, 0.333, 0.0, 0.0, 0.083, 0.4, 0.206]","[0.33, 0.33, 0.33, 0.33, 0.33, 0.33, 0.33, 0.33, 0.33, 0.33, 0.33, 0.33, 0.33, 0.33, 0.33, 0.33, 0.33, 0.33, 0.33, 0.33, 0.33, 0.33, 0.33, 0.33, 0.33, 0.33, 0.33, 0.33, 0.33, 0.33, 0.33, 0.33, 0.33, 0.33, 0.33, 0.33, 0.33, 0.33, 0.33, 0.33, 0.33, 0.33, 0.33, 0.33, 0.33, 0.33, 0.33, 0.33, 0.33, 0.195, 0.14, 0.14, 0.14, 0.14, 0.14, 0.14, 0.14, 0.14, 0.14, 0.14, 0.14, 0.14, 0.14, 0.14, 0.14, 0.14, 0.14, 0.14, 0.14, 0.14, 0.14, 0.14, 0.14, 0.14, 0.14, 0.14, 0.14, 0.14, 0.14, 0.14, 0.14, 0.14, 0.14, 0.14, 0.14, 0.14, 0.14, 0.14, 0.14, 0.14, 0.14, 0.14, 0.14, 0.14, 0.14, 0.14, 0.14, 0.14, 0.14, 0.14]","[0.03, 0.333, 0.25, 0.211, 0.0, 0.0, 0.083, 0.163, 0.041]","[7.99, 2.19, 0.81, 0.5]",7.99,2.19,0.81,0.5
2023-09-29,4,216,907,['Bpod5'],473,232,241,288,170,299,178,121,157,137,159,49,110,0.6321353065539113,0.7672413793103449,0.5020746887966805,458,227,231,257,185,72,0.6423611111111112,0.4235294117647059,194,97,97,0.3368055555555556,0.5705882352941176,0.6528384279475983,0.7841409691629956,0.5238095238095238,0.7046979865771812,-0.26033144535347175,0.6108949416342413,0.7061855670103093,-0.09529062537606803,0.5329452614379085,0.4536968954248366,15,5,10,0.03171247357293869,0.021551724137931036,0.04149377593360996,299,178,121,747.5,445.0,302.5,0,0,0,0,0.5,0.49999999999999994,"psych_curve(xdata=array([-70.,  -8.,  -4.,  -2.,   0.,   2.,   4.,   8.,  70.]), ydata=[0.192, 0.261, 0.2, 0.273, 0.333, 0.24, 0.467, 0.619, 0.592], fit=[0.25, 0.25, 0.25, 0.25, 0.25, 0.25, 0.25, 0.25, 0.25, 0.25, 0.25, 0.25, 0.25, 0.25, 0.25, 0.25, 0.25, 0.25, 0.25, 0.25, 0.25, 0.25, 0.25, 0.25, 0.25, 0.25, 0.25, 0.25, 0.25, 0.25, 0.25, 0.25, 0.25, 0.25, 0.25, 0.25, 0.25, 0.25, 0.25, 0.25, 0.25, 0.25, 0.25, 0.25, 0.25, 0.25, 0.25, 0.25, 0.25, 0.25, 0.25, 0.25, 0.279, 0.609, 0.61, 0.61, 0.61, 0.61, 0.61, 0.61, 0.61, 0.61, 0.61, 0.61, 0.61, 0.61, 0.61, 0.61, 0.61, 0.61, 0.61, 0.61, 0.61, 0.61, 0.61, 0.61, 0.61, 0.61, 0.61, 0.61, 0.61, 0.61, 0.61, 0.61, 0.61, 0.61, 0.61, 0.61, 0.61, 0.61, 0.61, 0.61, 0.61, 0.61, 0.61, 0.61, 0.61, 0.61, 0.61, 0.61], params=[6.17, 3.93, 0.25, 0.39], fit_error=[0.032, 0.094, 0.107, 0.097, 0.098, 0.087, 0.093, 0.109, 0.041])",[-70.  -8.  -4.  -2.   0.   2.   4.   8.  70.],"[0.192, 0.261, 0.2, 0.273, 0.333, 0.24, 0.467, 0.619, 0.592]","[0.25, 0.25, 0.25, 0.25, 0.25, 0.25, 0.25, 0.25, 0.25, 0.25, 0.25, 0.25, 0.25, 0.25, 0.25, 0.25, 0.25, 0.25, 0.25, 0.25, 0.25, 0.25, 0.25, 0.25, 0.25, 0.25, 0.25, 0.25, 0.25, 0.25, 0.25, 0.25, 0.25, 0.25, 0.25, 0.25, 0.25, 0.25, 0.25, 0.25, 0.25, 0.25, 0.25, 0.25, 0.25, 0.25, 0.25, 0.25, 0.25, 0.25, 0.25, 0.25, 0.279, 0.609, 0.61, 0.61, 0.61, 0.61, 0.61, 0.61, 0.61, 0.61, 0.61, 0.61, 0.61, 0.61, 0.61, 0.61, 0.61, 0.61, 0.61, 0.61, 0.61, 0.61, 0.61, 0.61, 0.61, 0.61, 0.61, 0.61, 0.61, 0.61, 0.61, 0.61, 0.61, 0.61, 0.61, 0.61, 0.61, 0.61, 0.61, 0.61, 0.61, 0.61, 0.61, 0.61, 0.61, 0.61, 0.61, 0.61]","[0.032, 0.094, 0.107, 0.097, 0.098, 0.087, 0.093, 0.109, 0.041]","[6.17, 3.93, 0.25, 0.39]",6.17,3.93,0.25,0.39,"psych_curve(xdata=array([-70.,  -8.,  -4.,  -2.,  -0.,   2.,   4.,   8.,  70.]), ydata=[0.379, 0.25, 0.444, 0.667, 0.625, 0.65, 0.611, 0.632, 0.782], fit=[nan, nan, nan, nan, nan, nan, nan, nan, nan, nan, nan, nan, nan, nan, nan, nan, nan, nan, nan, nan, nan, nan, nan, nan, nan, nan, nan, nan, nan, nan, nan, nan, nan, nan, nan, nan, nan, nan, nan, nan, nan, nan, nan, nan, nan, nan, nan, nan, nan, nan, nan, nan, nan, nan, nan, nan, nan, nan, nan, nan, nan, nan, nan, nan, nan, nan, nan, nan, nan, nan, nan, nan, nan, nan, nan, nan, nan, nan, nan, nan, nan, nan, nan, nan, nan, nan, nan, nan, nan, nan, nan, nan, nan, nan, nan, nan, nan, nan, nan, nan], params=[6.0, -3.91, 0.31, 0.34], fit_error=[0.04, 0.09, 0.097, 0.092, 0.101, 0.109, 0.118, 0.114, 0.034])",[-70.  -8.  -4.  -2.   0.   2.   4.   8.  70.],"[0.192, 0.261, 0.2, 0.273, 0.333, 0.24, 0.467, 0.619, 0.592]","[0.25, 0.25, 0.25, 0.25, 0.25, 0.25, 0.25, 0.25, 0.25, 0.25, 0.25, 0.25, 0.25, 0.25, 0.25, 0.25, 0.25, 0.25, 0.25, 0.25, 0.25, 0.25, 0.25, 0.25, 0.25, 0.25, 0.25, 0.25, 0.25, 0.25, 0.25, 0.25, 0.25, 0.25, 0.25, 0.25, 0.25, 0.25, 0.25, 0.25, 0.25, 0.25, 0.25, 0.25, 0.25, 0.25, 0.25, 0.25, 0.25, 0.25, 0.25, 0.25, 0.279, 0.609, 0.61, 0.61, 0.61, 0.61, 0.61, 0.61, 0.61, 0.61, 0.61, 0.61, 0.61, 0.61, 0.61, 0.61, 0.61, 0.61, 0.61, 0.61, 0.61, 0.61, 0.61, 0.61, 0.61, 0.61, 0.61, 0.61, 0.61, 0.61, 0.61, 0.61, 0.61, 0.61, 0.61, 0.61, 0.61, 0.61, 0.61, 0.61, 0.61, 0.61, 0.61, 0.61, 0.61, 0.61, 0.61, 0.61]","[0.032, 0.094, 0.107, 0.097, 0.098, 0.087, 0.093, 0.109, 0.041]","[6.0, -3.91, 0.31, 0.34]",6.0,-3.91,0.31,0.34
2023-10-02,0,219,907,['Bpod5'],698,350,348,389,283,494,276,218,263,222,178,65,113,0.7077363896848138,0.7885714285714286,0.6264367816091954,672,341,331,372,232,140,0.596401028277635,0.49469964664310956,282,140,142,0.35989717223650386,0.5017667844522968,0.7351190476190477,0.8093841642228738,0.6586102719033232,0.7630331753554502,-0.15077389231955063,0.706989247311828,0.7872340425531915,-0.08024479524136352,0.5455503374603723,0.43083197834440035,26,9,17,0.03724928366762178,0.025714285714285714,0.04885057471264368,494,276,218,1235.0,690.0,545.0,0,0,0,0,0.5,0.5,"psych_curve(xdata=array([-70.,  -8.,  -4.,  -2.,   0.,   2.,   4.,   8.,  70.]), ydata=[0.156, 0.167, 0.206, 0.438, 0.356, 0.541, 0.725, 0.781, 0.67], fit=[0.16, 0.16, 0.16, 0.16, 0.16, 0.16, 0.16, 0.16, 0.16, 0.16, 0.16, 0.16, 0.16, 0.16, 0.16, 0.16, 0.16, 0.16, 0.16, 0.16, 0.16, 0.16, 0.16, 0.16, 0.16, 0.16, 0.16, 0.16, 0.16, 0.16, 0.16, 0.16, 0.16, 0.16, 0.16, 0.16, 0.16, 0.16, 0.16, 0.161, 0.161, 0.162, 0.164, 0.168, 0.175, 0.188, 0.212, 0.252, 0.315, 0.398, 0.492, 0.577, 0.642, 0.684, 0.709, 0.724, 0.731, 0.735, 0.738, 0.739, 0.739, 0.74, 0.74, 0.74, 0.74, 0.74, 0.74, 0.74, 0.74, 0.74, 0.74, 0.74, 0.74, 0.74, 0.74, 0.74, 0.74, 0.74, 0.74, 0.74, 0.74, 0.74, 0.74, 0.74, 0.74, 0.74, 0.74, 0.74, 0.74, 0.74, 0.74, 0.74, 0.74, 0.74, 0.74, 0.74, 0.74, 0.74, 0.74, 0.74], params=[0.46, 0.08, 0.16, 0.26], fit_error=[0.024, 0.069, 0.07, 0.089, 0.072, 0.083, 0.071, 0.074, 0.034])",[-70.  -8.  -4.  -2.   0.   2.   4.   8.  70.],"[0.156, 0.167, 0.206, 0.438, 0.356, 0.541, 0.725, 0.781, 0.67]","[0.16, 0.16, 0.16, 0.16, 0.16, 0.16, 0.16, 0.16, 0.16, 0.16, 0.16, 0.16, 0.16, 0.16, 0.16, 0.16, 0.16, 0.16, 0.16, 0.16, 0.16, 0.16, 0.16, 0.16, 0.16, 0.16, 0.16, 0.16, 0.16, 0.16, 0.16, 0.16, 0.16, 0.16, 0.16, 0.16, 0.16, 0.16, 0.16, 0.161, 0.161, 0.162, 0.164, 0.168, 0.175, 0.188, 0.212, 0.252, 0.315, 0.398, 0.492, 0.577, 0.642, 0.684, 0.709, 0.724, 0.731, 0.735, 0.738, 0.739, 0.739, 0.74, 0.74, 0.74, 0.74, 0.74, 0.74, 0.74, 0.74, 0.74, 0.74, 0.74, 0.74, 0.74, 0.74, 0.74, 0.74, 0.74, 0.74, 0.74, 0.74, 0.74, 0.74, 0.74, 0.74, 0.74, 0.74, 0.74, 0.74, 0.74, 0.74, 0.74, 0.74, 0.74, 0.74, 0.74, 0.74, 0.74, 0.74, 0.74]","[0.024, 0.069, 0.07, 0.089, 0.072, 0.083, 0.071, 0.074, 0.034]","[0.46, 0.08, 0.16, 0.26]",0.46,0.08,0.16,0.26,"psych_curve(xdata=array([-70.,  -8.,  -4.,  -2.,   0.,   2.,   4.,   8.,  70.]), ydata=[0.293, 0.185, 0.343, 0.6, 0.5, 0.727, 0.886, 0.8, 0.832], fit=[nan, nan, nan, nan, nan, nan, nan, nan, nan, nan, nan, nan, nan, nan, nan, nan, nan, nan, nan, nan, nan, nan, nan, nan, nan, nan, nan, nan, nan, nan, nan, nan, nan, nan, nan, nan, nan, nan, nan, nan, nan, nan, nan, nan, nan, nan, nan, nan, nan, nan, nan, nan, nan, nan, nan, nan, nan, nan, nan, nan, nan, nan, nan, nan, nan, nan, nan, nan, nan, nan, nan, nan, nan, nan, nan, nan, nan, nan, nan, nan, nan, nan, nan, nan, nan, nan, nan, nan, nan, nan, nan, nan, nan, nan, nan, nan, nan, nan, nan, nan], params=[0.47, -1.17, 0.24, 0.16], fit_error=[0.032, 0.076, 0.081, 0.084, 0.076, 0.079, 0.055, 0.069, 0.026])",[-70.  -8.  -4.  -2.   0.   2.   4.   8.  70.],"[0.156, 0.167, 0.206, 0.438, 0.356, 0.541, 0.725, 0.781, 0.67]","[0.16, 0.16, 0.16, 0.16, 0.16, 0.16, 0.16, 0.16, 0.16, 0.16, 0.16, 0.16, 0.16, 0.16, 0.16, 0.16, 0.16, 0.16, 0.16, 0.16, 0.16, 0.16, 0.16, 0.16, 0.16, 0.16, 0.16, 0.16, 0.16, 0.16, 0.16, 0.16, 0.16, 0.16, 0.16, 0.16, 0.16, 0.16, 0.16, 0.161, 0.161, 0.162, 0.164, 0.168, 0.175, 0.188, 0.212, 0.252, 0.315, 0.398, 0.492, 0.577, 0.642, 0.684, 0.709, 0.724, 0.731, 0.735, 0.738, 0.739, 0.739, 0.74, 0.74, 0.74, 0.74, 0.74, 0.74, 0.74, 0.74, 0.74, 0.74, 0.74, 0.74, 0.74, 0.74, 0.74, 0.74, 0.74, 0.74, 0.74, 0.74, 0.74, 0.74, 0.74, 0.74, 0.74, 0.74, 0.74, 0.74, 0.74, 0.74, 0.74, 0.74, 0.74, 0.74, 0.74, 0.74, 0.74, 0.74, 0.74]","[0.024, 0.069, 0.07, 0.089, 0.072, 0.083, 0.071, 0.074, 0.034]","[0.47, -1.17, 0.24, 0.16]",0.47,-1.17,0.24,0.16
2023-10-20,4,237,907,['Bpod5'],397,187,210,242,133,248,147,101,114,126,127,32,95,0.6246851385390428,0.786096256684492,0.48095238095238096,375,179,196,176,138,38,0.5702479338842975,0.2857142857142857,185,91,94,0.3760330578512397,0.706766917293233,0.6613333333333333,0.8212290502793296,0.5153061224489796,0.7261410788381742,-0.30592292783035,0.6477272727272727,0.6810810810810811,-0.03335380835380841,0.4279811097992916,0.5413999875722364,22,8,14,0.055415617128463476,0.0427807486631016,0.06666666666666667,248,147,101,620.0,367.5,252.5,0,0,0,0,0.5,0.5,"psych_curve(xdata=array([-70.,  -8.,  -4.,  -2.,   0.,   2.,   4.,   8.,  70.]), ydata=[0.142, 0.133, 0.067, 0.3, 0.55, 0.391, 0.471, 0.292, 0.595], fit=[0.11, 0.11, 0.11, 0.11, 0.11, 0.11, 0.11, 0.11, 0.11, 0.11, 0.11, 0.11, 0.11, 0.11, 0.11, 0.11, 0.11, 0.11, 0.11, 0.11, 0.11, 0.11, 0.11, 0.11, 0.11, 0.11, 0.11, 0.11, 0.11, 0.11, 0.11, 0.11, 0.11, 0.11, 0.11, 0.11, 0.11, 0.11, 0.11, 0.11, 0.11, 0.11, 0.11, 0.11, 0.11, 0.11, 0.11, 0.11, 0.22, 0.46, 0.46, 0.46, 0.46, 0.46, 0.46, 0.46, 0.46, 0.46, 0.46, 0.46, 0.46, 0.46, 0.46, 0.46, 0.46, 0.46, 0.46, 0.46, 0.46, 0.46, 0.46, 0.46, 0.46, 0.46, 0.46, 0.46, 0.46, 0.46, 0.46, 0.46, 0.46, 0.46, 0.46, 0.46, 0.46, 0.46, 0.46, 0.46, 0.46, 0.46, 0.46, 0.46, 0.46, 0.46, 0.46, 0.46, 0.46, 0.46, 0.46, 0.46], params=[7.66, -2.02, 0.11, 0.54], fit_error=[0.032, 0.091, 0.067, 0.105, 0.114, 0.104, 0.125, 0.095, 0.045])",[-70.  -8.  -4.  -2.   0.   2.   4.   8.  70.],"[0.142, 0.133, 0.067, 0.3, 0.55, 0.391, 0.471, 0.292, 0.595]","[0.11, 0.11, 0.11, 0.11, 0.11, 0.11, 0.11, 0.11, 0.11, 0.11, 0.11, 0.11, 0.11, 0.11, 0.11, 0.11, 0.11, 0.11, 0.11, 0.11, 0.11, 0.11, 0.11, 0.11, 0.11, 0.11, 0.11, 0.11, 0.11, 0.11, 0.11, 0.11, 0.11, 0.11, 0.11, 0.11, 0.11, 0.11, 0.11, 0.11, 0.11, 0.11, 0.11, 0.11, 0.11, 0.11, 0.11, 0.11, 0.22, 0.46, 0.46, 0.46, 0.46, 0.46, 0.46, 0.46, 0.46, 0.46, 0.46, 0.46, 0.46, 0.46, 0.46, 0.46, 0.46, 0.46, 0.46, 0.46, 0.46, 0.46, 0.46, 0.46, 0.46, 0.46, 0.46, 0.46, 0.46, 0.46, 0.46, 0.46, 0.46, 0.46, 0.46, 0.46, 0.46, 0.46, 0.46, 0.46, 0.46, 0.46, 0.46, 0.46, 0.46, 0.46, 0.46, 0.46, 0.46, 0.46, 0.46, 0.46]","[0.032, 0.091, 0.067, 0.105, 0.114, 0.104, 0.125, 0.095, 0.045]","[7.66, -2.02, 0.11, 0.54]",7.66,-2.02,0.11,0.54,"psych_curve(xdata=array([-70.,  -8.,  -4.,  -2.,  -0.,   2.,   4.,   8.,  70.]), ydata=[0.241, 0.458, 0.4, 0.478, 0.35, 0.55, 0.818, 0.462, 0.713], fit=[nan, nan, nan, nan, nan, nan, nan, nan, nan, nan, nan, nan, nan, nan, nan, nan, nan, nan, nan, nan, nan, nan, nan, nan, nan, nan, nan, nan, nan, nan, nan, nan, nan, nan, nan, nan, nan, nan, nan, nan, nan, nan, nan, nan, nan, nan, nan, nan, nan, nan, nan, nan, nan, nan, nan, nan, nan, nan, nan, nan, nan, nan, nan, nan, nan, nan, nan, nan, nan, nan, nan, nan, nan, nan, nan, nan, nan, nan, nan, nan, nan, nan, nan, nan, nan, nan, nan, nan, nan, nan, nan, nan, nan, nan, nan, nan, nan, nan, nan, nan], params=[6.45, 1.94, 0.39, 0.34], fit_error=[0.041, 0.104, 0.112, 0.106, 0.109, 0.114, 0.122, 0.144, 0.041])",[-70.  -8.  -4.  -2.   0.   2.   4.   8.  70.],"[0.142, 0.133, 0.067, 0.3, 0.55, 0.391, 0.471, 0.292, 0.595]","[0.11, 0.11, 0.11, 0.11, 0.11, 0.11, 0.11, 0.11, 0.11, 0.11, 0.11, 0.11, 0.11, 0.11, 0.11, 0.11, 0.11, 0.11, 0.11, 0.11, 0.11, 0.11, 0.11, 0.11, 0.11, 0.11, 0.11, 0.11, 0.11, 0.11, 0.11, 0.11, 0.11, 0.11, 0.11, 0.11, 0.11, 0.11, 0.11, 0.11, 0.11, 0.11, 0.11, 0.11, 0.11, 0.11, 0.11, 0.11, 0.22, 0.46, 0.46, 0.46, 0.46, 0.46, 0.46, 0.46, 0.46, 0.46, 0.46, 0.46, 0.46, 0.46, 0.46, 0.46, 0.46, 0.46, 0.46, 0.46, 0.46, 0.46, 0.46, 0.46, 0.46, 0.46, 0.46, 0.46, 0.46, 0.46, 0.46, 0.46, 0.46, 0.46, 0.46, 0.46, 0.46, 0.46, 0.46, 0.46, 0.46, 0.46, 0.46, 0.46, 0.46, 0.46, 0.46, 0.46, 0.46, 0.46, 0.46, 0.46]","[0.032, 0.091, 0.067, 0.105, 0.114, 0.104, 0.125, 0.095, 0.045]","[6.45, 1.94, 0.39, 0.34]",6.45,1.94,0.39,0.34
