Dates,DoW,Age,Subject,Board,Trials,TrialsLeft,TrialsRight,ChoseLeft,ChoseRight,Hits,HitsLeft,HitsRight,HitsRep,HitsAlt,Errors,ErrorsLeft,ErrorsRight,Performance,PerformanceLeft,PerformanceRight,Responses,ResponsesLeft,ResponsesRight,Repetitions,RepsLeft,RepsRight,RepRateLeft,RepRateRight,Alternations,AltsLeft,AltsRight,AltRateLeft,AltRateRight,Accuracy,AccuracyLeft,AccuracyRight,AccMaxEvi,LateralBias,AccuracyRep,AccuracyAlt,RepBias,CorrRepBias,CorrAltBias,Misses,MissesLeft,MissesRight,MissRate,MissRateLeft,MissRateRight,Rewards,RewardsLeft,RewardsRight,Water,WaterLeft,WaterRight,Stage,SoundsMismatch,NoSound,MessageCount,P,VarDelay,PCRight,xPCRight,yPCRight,FitPCRight,FitErrorPCRight,ParamsPCRight,SensitivityPCRight,BiasPCRight,LapseRight,LapseLeft,PCRep,xPCRep,yPCRep,FitPCRep,FitErrorPCRep,ParamsPCRep,SensitivityPCRep,BiasPCRep,LapseRep,LapseAlt
2025-05-19,0,,15,['Bpod4'],347,172,175,99,3,60,60,0,22,0,42,3,39,0.1729106628242075,0.3488372093023256,0.0,102,63,39,48,48,0,0.48484848484848486,0.0,3,1,2,0.010101010101010102,0.6666666666666666,0.5882352941176471,0.9523809523809523,0.0,0.5882352941176471,-0.9523809523809523,0.4583333333333333,0.0,0.4583333333333333,0.24242424242424243,0.33838383838383834,245,109,136,0.7060518731988472,0.6337209302325582,0.7771428571428571,60,60,0,150.0,150.0,0.0,0.0,0,154,0,0.0,9.999999999976694e-05,"psych_curve(xdata=array([-70.,  70.]), ydata=[0.048, 0.0], fit=[0.05, 0.05, 0.05, 0.05, 0.05, 0.05, 0.05, 0.05, 0.05, 0.05, 0.05, 0.05, 0.05, 0.05, 0.05, 0.05, 0.05, 0.05, 0.05, 0.05, 0.05, 0.05, 0.05, 0.05, 0.05, 0.05, 0.05, 0.05, 0.05, 0.05, 0.05, 0.05, 0.05, 0.05, 0.05, 0.05, 0.05, 0.05, 0.05, 0.05, 0.05, 0.05, 0.05, 0.05, 0.05, 0.05, 0.05, 0.049, 0.048, 0.042, 0.029, 0.012, 0.004, 0.001, 0.0, 0.0, 0.0, 0.0, 0.0, 0.0, 0.0, 0.0, 0.0, 0.0, 0.0, 0.0, 0.0, 0.0, 0.0, 0.0, 0.0, 0.0, 0.0, 0.0, 0.0, -0.0, -0.0, -0.0, -0.0, -0.0, -0.0, -0.0, -0.0, -0.0, -0.0, -0.0, -0.0, -0.0, -0.0, -0.0, -0.0, -0.0, -0.0, -0.0, -0.0, -0.0, -0.0, -0.0, -0.0, -0.0], params=[1.0, 1.0, 0.05, 1.0], fit_error=[0.027, 0.0])",[-70.  70.],"[0.048, 0.0]","[0.05, 0.05, 0.05, 0.05, 0.05, 0.05, 0.05, 0.05, 0.05, 0.05, 0.05, 0.05, 0.05, 0.05, 0.05, 0.05, 0.05, 0.05, 0.05, 0.05, 0.05, 0.05, 0.05, 0.05, 0.05, 0.05, 0.05, 0.05, 0.05, 0.05, 0.05, 0.05, 0.05, 0.05, 0.05, 0.05, 0.05, 0.05, 0.05, 0.05, 0.05, 0.05, 0.05, 0.05, 0.05, 0.05, 0.05, 0.049, 0.048, 0.042, 0.029, 0.012, 0.004, 0.001, 0.0, 0.0, 0.0, 0.0, 0.0, 0.0, 0.0, 0.0, 0.0, 0.0, 0.0, 0.0, 0.0, 0.0, 0.0, 0.0, 0.0, 0.0, 0.0, 0.0, 0.0, -0.0, -0.0, -0.0, -0.0, -0.0, -0.0, -0.0, -0.0, -0.0, -0.0, -0.0, -0.0, -0.0, -0.0, -0.0, -0.0, -0.0, -0.0, -0.0, -0.0, -0.0, -0.0, -0.0, -0.0, -0.0]","[0.027, 0.0]","[1.0, 1.0, 0.05, 1.0]",1.0,1.0,0.05,1.0,"psych_curve(xdata=array([-70.,  70.]), ydata=[1.0, 0.88], fit=[nan, nan, nan, nan, nan, nan, nan, nan, nan, nan, nan, nan, nan, nan, nan, nan, nan, nan, nan, nan, nan, nan, nan, nan, nan, nan, nan, nan, nan, nan, nan, nan, nan, nan, nan, nan, nan, nan, nan, nan, nan, nan, nan, nan, nan, nan, nan, nan, nan, nan, nan, nan, nan, nan, nan, nan, nan, nan, nan, nan, nan, nan, nan, nan, nan, nan, nan, nan, nan, nan, nan, nan, nan, nan, nan, nan, nan, nan, nan, nan, nan, nan, nan, nan, nan, nan, nan, nan, nan, nan, nan, nan, nan, nan, nan, nan, nan, nan, nan, nan], params=[1.0, 1.0, 1.0, 0.12], fit_error=[0.0, 0.066])",[-70.  70.],"[0.048, 0.0]","[0.05, 0.05, 0.05, 0.05, 0.05, 0.05, 0.05, 0.05, 0.05, 0.05, 0.05, 0.05, 0.05, 0.05, 0.05, 0.05, 0.05, 0.05, 0.05, 0.05, 0.05, 0.05, 0.05, 0.05, 0.05, 0.05, 0.05, 0.05, 0.05, 0.05, 0.05, 0.05, 0.05, 0.05, 0.05, 0.05, 0.05, 0.05, 0.05, 0.05, 0.05, 0.05, 0.05, 0.05, 0.05, 0.05, 0.05, 0.049, 0.048, 0.042, 0.029, 0.012, 0.004, 0.001, 0.0, 0.0, 0.0, 0.0, 0.0, 0.0, 0.0, 0.0, 0.0, 0.0, 0.0, 0.0, 0.0, 0.0, 0.0, 0.0, 0.0, 0.0, 0.0, 0.0, 0.0, -0.0, -0.0, -0.0, -0.0, -0.0, -0.0, -0.0, -0.0, -0.0, -0.0, -0.0, -0.0, -0.0, -0.0, -0.0, -0.0, -0.0, -0.0, -0.0, -0.0, -0.0, -0.0, -0.0, -0.0, -0.0]","[0.027, 0.0]","[1.0, 1.0, 1.0, 0.12]",1.0,1.0,1.0,0.12
2025-05-20,1,,15,['Bpod4'],483,240,243,184,90,161,107,54,73,48,113,36,77,0.3333333333333333,0.44583333333333336,0.2222222222222222,274,143,131,126,97,29,0.5271739130434783,0.32222222222222224,66,30,36,0.16304347826086957,0.4,0.5875912408759124,0.7482517482517482,0.4122137404580153,0.5875912408759124,-0.33603800779373294,0.5793650793650794,0.7272727272727273,-0.14790764790764788,0.42469806763285023,0.28152173913043477,209,97,112,0.432712215320911,0.4041666666666667,0.4609053497942387,161,107,54,402.5,267.5,135.0,0.0,182,143,0,0.0,9.999999999976694e-05,"psych_curve(xdata=array([-70.,  70.]), ydata=[0.252, 0.412], fit=[0.25, 0.25, 0.25, 0.25, 0.25, 0.25, 0.25, 0.25, 0.25, 0.25, 0.25, 0.25, 0.25, 0.25, 0.25, 0.25, 0.25, 0.25, 0.25, 0.25, 0.25, 0.25, 0.25, 0.25, 0.25, 0.25, 0.25, 0.25, 0.25, 0.25, 0.25, 0.25, 0.25, 0.25, 0.25, 0.25, 0.25, 0.25, 0.25, 0.25, 0.25, 0.25, 0.25, 0.25, 0.25, 0.25, 0.25, 0.252, 0.257, 0.275, 0.318, 0.371, 0.398, 0.407, 0.409, 0.41, 0.41, 0.41, 0.41, 0.41, 0.41, 0.41, 0.41, 0.41, 0.41, 0.41, 0.41, 0.41, 0.41, 0.41, 0.41, 0.41, 0.41, 0.41, 0.41, 0.41, 0.41, 0.41, 0.41, 0.41, 0.41, 0.41, 0.41, 0.41, 0.41, 0.41, 0.41, 0.41, 0.41, 0.41, 0.41, 0.41, 0.41, 0.41, 0.41, 0.41, 0.41, 0.41, 0.41, 0.41], params=[1.0, 1.0, 0.25, 0.59], fit_error=[0.036, 0.043])",[-70.  70.],"[0.252, 0.412]","[0.25, 0.25, 0.25, 0.25, 0.25, 0.25, 0.25, 0.25, 0.25, 0.25, 0.25, 0.25, 0.25, 0.25, 0.25, 0.25, 0.25, 0.25, 0.25, 0.25, 0.25, 0.25, 0.25, 0.25, 0.25, 0.25, 0.25, 0.25, 0.25, 0.25, 0.25, 0.25, 0.25, 0.25, 0.25, 0.25, 0.25, 0.25, 0.25, 0.25, 0.25, 0.25, 0.25, 0.25, 0.25, 0.25, 0.25, 0.252, 0.257, 0.275, 0.318, 0.371, 0.398, 0.407, 0.409, 0.41, 0.41, 0.41, 0.41, 0.41, 0.41, 0.41, 0.41, 0.41, 0.41, 0.41, 0.41, 0.41, 0.41, 0.41, 0.41, 0.41, 0.41, 0.41, 0.41, 0.41, 0.41, 0.41, 0.41, 0.41, 0.41, 0.41, 0.41, 0.41, 0.41, 0.41, 0.41, 0.41, 0.41, 0.41, 0.41, 0.41, 0.41, 0.41, 0.41, 0.41, 0.41, 0.41, 0.41, 0.41]","[0.036, 0.043]","[1.0, 1.0, 0.25, 0.59]",1.0,1.0,0.25,0.59,"psych_curve(xdata=array([-70.,  70.]), ydata=[0.525, 0.802], fit=[nan, nan, nan, nan, nan, nan, nan, nan, nan, nan, nan, nan, nan, nan, nan, nan, nan, nan, nan, nan, nan, nan, nan, nan, nan, nan, nan, nan, nan, nan, nan, nan, nan, nan, nan, nan, nan, nan, nan, nan, nan, nan, nan, nan, nan, nan, nan, nan, nan, nan, nan, nan, nan, nan, nan, nan, nan, nan, nan, nan, nan, nan, nan, nan, nan, nan, nan, nan, nan, nan, nan, nan, nan, nan, nan, nan, nan, nan, nan, nan, nan, nan, nan, nan, nan, nan, nan, nan, nan, nan, nan, nan, nan, nan, nan, nan, nan, nan, nan, nan], params=[1.0, 1.0, 0.52, 0.2], fit_error=[0.05, 0.042])",[-70.  70.],"[0.252, 0.412]","[0.25, 0.25, 0.25, 0.25, 0.25, 0.25, 0.25, 0.25, 0.25, 0.25, 0.25, 0.25, 0.25, 0.25, 0.25, 0.25, 0.25, 0.25, 0.25, 0.25, 0.25, 0.25, 0.25, 0.25, 0.25, 0.25, 0.25, 0.25, 0.25, 0.25, 0.25, 0.25, 0.25, 0.25, 0.25, 0.25, 0.25, 0.25, 0.25, 0.25, 0.25, 0.25, 0.25, 0.25, 0.25, 0.25, 0.25, 0.252, 0.257, 0.275, 0.318, 0.371, 0.398, 0.407, 0.409, 0.41, 0.41, 0.41, 0.41, 0.41, 0.41, 0.41, 0.41, 0.41, 0.41, 0.41, 0.41, 0.41, 0.41, 0.41, 0.41, 0.41, 0.41, 0.41, 0.41, 0.41, 0.41, 0.41, 0.41, 0.41, 0.41, 0.41, 0.41, 0.41, 0.41, 0.41, 0.41, 0.41, 0.41, 0.41, 0.41, 0.41, 0.41, 0.41, 0.41, 0.41, 0.41, 0.41, 0.41, 0.41]","[0.036, 0.043]","[1.0, 1.0, 0.52, 0.2]",1.0,1.0,0.52,0.2
2025-05-21,2,,15,['Bpod4'],349,170,179,199,32,151,122,29,107,22,80,3,77,0.4326647564469914,0.7176470588235294,0.16201117318435754,231,125,106,150,137,13,0.6884422110552764,0.40625,29,15,14,0.07537688442211055,0.4375,0.6536796536796536,0.976,0.27358490566037735,0.6536796536796536,-0.7024150943396226,0.7133333333333334,0.7586206896551724,-0.045287356321839,0.5473461055276382,0.2564384422110553,118,45,73,0.33810888252148996,0.2647058823529412,0.40782122905027934,151,122,29,377.5,305.0,72.5,0.0,0,106,0,0.0,9.999999999976694e-05,"psych_curve(xdata=array([-70.,  70.]), ydata=[0.024, 0.274], fit=[0.02, 0.02, 0.02, 0.02, 0.02, 0.02, 0.02, 0.02, 0.02, 0.02, 0.02, 0.02, 0.02, 0.02, 0.02, 0.02, 0.02, 0.02, 0.02, 0.02, 0.02, 0.02, 0.02, 0.02, 0.02, 0.02, 0.02, 0.02, 0.02, 0.02, 0.02, 0.02, 0.02, 0.02, 0.02, 0.02, 0.02, 0.02, 0.02, 0.02, 0.02, 0.02, 0.02, 0.02, 0.02, 0.02, 0.021, 0.023, 0.031, 0.058, 0.127, 0.209, 0.252, 0.265, 0.269, 0.27, 0.27, 0.27, 0.27, 0.27, 0.27, 0.27, 0.27, 0.27, 0.27, 0.27, 0.27, 0.27, 0.27, 0.27, 0.27, 0.27, 0.27, 0.27, 0.27, 0.27, 0.27, 0.27, 0.27, 0.27, 0.27, 0.27, 0.27, 0.27, 0.27, 0.27, 0.27, 0.27, 0.27, 0.27, 0.27, 0.27, 0.27, 0.27, 0.27, 0.27, 0.27, 0.27, 0.27, 0.27], params=[1.0, 1.0, 0.02, 0.73], fit_error=[0.014, 0.044])",[-70.  70.],"[0.024, 0.274]","[0.02, 0.02, 0.02, 0.02, 0.02, 0.02, 0.02, 0.02, 0.02, 0.02, 0.02, 0.02, 0.02, 0.02, 0.02, 0.02, 0.02, 0.02, 0.02, 0.02, 0.02, 0.02, 0.02, 0.02, 0.02, 0.02, 0.02, 0.02, 0.02, 0.02, 0.02, 0.02, 0.02, 0.02, 0.02, 0.02, 0.02, 0.02, 0.02, 0.02, 0.02, 0.02, 0.02, 0.02, 0.02, 0.02, 0.021, 0.023, 0.031, 0.058, 0.127, 0.209, 0.252, 0.265, 0.269, 0.27, 0.27, 0.27, 0.27, 0.27, 0.27, 0.27, 0.27, 0.27, 0.27, 0.27, 0.27, 0.27, 0.27, 0.27, 0.27, 0.27, 0.27, 0.27, 0.27, 0.27, 0.27, 0.27, 0.27, 0.27, 0.27, 0.27, 0.27, 0.27, 0.27, 0.27, 0.27, 0.27, 0.27, 0.27, 0.27, 0.27, 0.27, 0.27, 0.27, 0.27, 0.27, 0.27, 0.27, 0.27]","[0.014, 0.044]","[1.0, 1.0, 0.02, 0.73]",1.0,1.0,0.02,0.73,"psych_curve(xdata=array([-70.,  70.]), ydata=[0.662, 0.939], fit=[nan, nan, nan, nan, nan, nan, nan, nan, nan, nan, nan, nan, nan, nan, nan, nan, nan, nan, nan, nan, nan, nan, nan, nan, nan, nan, nan, nan, nan, nan, nan, nan, nan, nan, nan, nan, nan, nan, nan, nan, nan, nan, nan, nan, nan, nan, nan, nan, nan, nan, nan, nan, nan, nan, nan, nan, nan, nan, nan, nan, nan, nan, nan, nan, nan, nan, nan, nan, nan, nan, nan, nan, nan, nan, nan, nan, nan, nan, nan, nan, nan, nan, nan, nan, nan, nan, nan, nan, nan, nan, nan, nan, nan, nan, nan, nan, nan, nan, nan, nan], params=[1.0, 1.0, 0.66, 0.06], fit_error=[0.059, 0.023])",[-70.  70.],"[0.024, 0.274]","[0.02, 0.02, 0.02, 0.02, 0.02, 0.02, 0.02, 0.02, 0.02, 0.02, 0.02, 0.02, 0.02, 0.02, 0.02, 0.02, 0.02, 0.02, 0.02, 0.02, 0.02, 0.02, 0.02, 0.02, 0.02, 0.02, 0.02, 0.02, 0.02, 0.02, 0.02, 0.02, 0.02, 0.02, 0.02, 0.02, 0.02, 0.02, 0.02, 0.02, 0.02, 0.02, 0.02, 0.02, 0.02, 0.02, 0.021, 0.023, 0.031, 0.058, 0.127, 0.209, 0.252, 0.265, 0.269, 0.27, 0.27, 0.27, 0.27, 0.27, 0.27, 0.27, 0.27, 0.27, 0.27, 0.27, 0.27, 0.27, 0.27, 0.27, 0.27, 0.27, 0.27, 0.27, 0.27, 0.27, 0.27, 0.27, 0.27, 0.27, 0.27, 0.27, 0.27, 0.27, 0.27, 0.27, 0.27, 0.27, 0.27, 0.27, 0.27, 0.27, 0.27, 0.27, 0.27, 0.27, 0.27, 0.27, 0.27, 0.27]","[0.014, 0.044]","[1.0, 1.0, 0.66, 0.06]",1.0,1.0,0.66,0.06
2025-05-26,0,,15,['Bpod4'],278,130,148,159,34,118,96,22,80,12,75,12,63,0.4244604316546763,0.7384615384615385,0.14864864864864866,193,108,85,127,121,6,0.7610062893081762,0.17647058823529413,26,18,8,0.11320754716981132,0.23529411764705882,0.6113989637305699,0.8888888888888888,0.25882352941176473,0.6113989637305699,-0.6300653594771242,0.6299212598425197,0.46153846153846156,0.1683827983040581,0.46873843877173516,0.17425083240843509,85,22,63,0.3057553956834532,0.16923076923076924,0.42567567567567566,118,96,22,295.0,240.0,55.0,0.0,0,75,0,0.0,9.999999999976694e-05,"psych_curve(xdata=array([-70.,  70.]), ydata=[0.111, 0.259], fit=[0.11, 0.11, 0.11, 0.11, 0.11, 0.11, 0.11, 0.11, 0.11, 0.11, 0.11, 0.11, 0.11, 0.11, 0.11, 0.11, 0.11, 0.11, 0.11, 0.11, 0.11, 0.11, 0.11, 0.11, 0.11, 0.11, 0.11, 0.11, 0.11, 0.11, 0.11, 0.11, 0.11, 0.11, 0.11, 0.11, 0.11, 0.11, 0.11, 0.11, 0.11, 0.11, 0.11, 0.11, 0.11, 0.11, 0.11, 0.112, 0.116, 0.133, 0.174, 0.223, 0.249, 0.257, 0.259, 0.26, 0.26, 0.26, 0.26, 0.26, 0.26, 0.26, 0.26, 0.26, 0.26, 0.26, 0.26, 0.26, 0.26, 0.26, 0.26, 0.26, 0.26, 0.26, 0.26, 0.26, 0.26, 0.26, 0.26, 0.26, 0.26, 0.26, 0.26, 0.26, 0.26, 0.26, 0.26, 0.26, 0.26, 0.26, 0.26, 0.26, 0.26, 0.26, 0.26, 0.26, 0.26, 0.26, 0.26, 0.26], params=[1.0, 1.0, 0.11, 0.74], fit_error=[0.03, 0.048])",[-70.  70.],"[0.111, 0.259]","[0.11, 0.11, 0.11, 0.11, 0.11, 0.11, 0.11, 0.11, 0.11, 0.11, 0.11, 0.11, 0.11, 0.11, 0.11, 0.11, 0.11, 0.11, 0.11, 0.11, 0.11, 0.11, 0.11, 0.11, 0.11, 0.11, 0.11, 0.11, 0.11, 0.11, 0.11, 0.11, 0.11, 0.11, 0.11, 0.11, 0.11, 0.11, 0.11, 0.11, 0.11, 0.11, 0.11, 0.11, 0.11, 0.11, 0.11, 0.112, 0.116, 0.133, 0.174, 0.223, 0.249, 0.257, 0.259, 0.26, 0.26, 0.26, 0.26, 0.26, 0.26, 0.26, 0.26, 0.26, 0.26, 0.26, 0.26, 0.26, 0.26, 0.26, 0.26, 0.26, 0.26, 0.26, 0.26, 0.26, 0.26, 0.26, 0.26, 0.26, 0.26, 0.26, 0.26, 0.26, 0.26, 0.26, 0.26, 0.26, 0.26, 0.26, 0.26, 0.26, 0.26, 0.26, 0.26, 0.26, 0.26, 0.26, 0.26, 0.26]","[0.03, 0.048]","[1.0, 1.0, 0.11, 0.74]",1.0,1.0,0.11,0.74,"psych_curve(xdata=array([-70.,  70.]), ydata=[0.797, 0.851], fit=[nan, nan, nan, nan, nan, nan, nan, nan, nan, nan, nan, nan, nan, nan, nan, nan, nan, nan, nan, nan, nan, nan, nan, nan, nan, nan, nan, nan, nan, nan, nan, nan, nan, nan, nan, nan, nan, nan, nan, nan, nan, nan, nan, nan, nan, nan, nan, nan, nan, nan, nan, nan, nan, nan, nan, nan, nan, nan, nan, nan, nan, nan, nan, nan, nan, nan, nan, nan, nan, nan, nan, nan, nan, nan, nan, nan, nan, nan, nan, nan, nan, nan, nan, nan, nan, nan, nan, nan, nan, nan, nan, nan, nan, nan, nan, nan, nan, nan, nan, nan], params=[1.0, 1.0, 0.8, 0.15], fit_error=[0.053, 0.037])",[-70.  70.],"[0.111, 0.259]","[0.11, 0.11, 0.11, 0.11, 0.11, 0.11, 0.11, 0.11, 0.11, 0.11, 0.11, 0.11, 0.11, 0.11, 0.11, 0.11, 0.11, 0.11, 0.11, 0.11, 0.11, 0.11, 0.11, 0.11, 0.11, 0.11, 0.11, 0.11, 0.11, 0.11, 0.11, 0.11, 0.11, 0.11, 0.11, 0.11, 0.11, 0.11, 0.11, 0.11, 0.11, 0.11, 0.11, 0.11, 0.11, 0.11, 0.11, 0.112, 0.116, 0.133, 0.174, 0.223, 0.249, 0.257, 0.259, 0.26, 0.26, 0.26, 0.26, 0.26, 0.26, 0.26, 0.26, 0.26, 0.26, 0.26, 0.26, 0.26, 0.26, 0.26, 0.26, 0.26, 0.26, 0.26, 0.26, 0.26, 0.26, 0.26, 0.26, 0.26, 0.26, 0.26, 0.26, 0.26, 0.26, 0.26, 0.26, 0.26, 0.26, 0.26, 0.26, 0.26, 0.26, 0.26, 0.26, 0.26, 0.26, 0.26, 0.26, 0.26]","[0.03, 0.048]","[1.0, 1.0, 0.8, 0.15]",1.0,1.0,0.8,0.15
2025-05-27,1,,15,['Bpod4'],385,196,189,190,132,216,129,87,131,59,106,45,61,0.561038961038961,0.6581632653061225,0.4603174603174603,322,174,148,191,124,67,0.6526315789473685,0.5075757575757576,90,44,46,0.23157894736842105,0.3484848484848485,0.6708074534161491,0.7413793103448276,0.5878378378378378,0.6708074534161491,-0.1535414725069898,0.6858638743455497,0.6555555555555556,0.030308318789994182,0.580103668261563,0.29003189792663475,63,22,41,0.16363636363636364,0.11224489795918367,0.21693121693121692,216,129,87,540.0,322.5,217.5,0.0,0,86,0,0.0,9.999999999976694e-05,"psych_curve(xdata=array([-70.,  70.]), ydata=[0.259, 0.588], fit=[0.26, 0.26, 0.26, 0.26, 0.26, 0.26, 0.26, 0.26, 0.26, 0.26, 0.26, 0.26, 0.26, 0.26, 0.26, 0.26, 0.26, 0.26, 0.26, 0.26, 0.26, 0.26, 0.26, 0.26, 0.26, 0.26, 0.26, 0.26, 0.26, 0.26, 0.26, 0.26, 0.26, 0.26, 0.26, 0.26, 0.26, 0.26, 0.26, 0.26, 0.26, 0.26, 0.26, 0.26, 0.26, 0.26, 0.261, 0.264, 0.274, 0.311, 0.401, 0.509, 0.566, 0.584, 0.588, 0.59, 0.59, 0.59, 0.59, 0.59, 0.59, 0.59, 0.59, 0.59, 0.59, 0.59, 0.59, 0.59, 0.59, 0.59, 0.59, 0.59, 0.59, 0.59, 0.59, 0.59, 0.59, 0.59, 0.59, 0.59, 0.59, 0.59, 0.59, 0.59, 0.59, 0.59, 0.59, 0.59, 0.59, 0.59, 0.59, 0.59, 0.59, 0.59, 0.59, 0.59, 0.59, 0.59, 0.59, 0.59], params=[1.0, 1.0, 0.26, 0.41], fit_error=[0.033, 0.041])",[-70.  70.],"[0.259, 0.588]","[0.26, 0.26, 0.26, 0.26, 0.26, 0.26, 0.26, 0.26, 0.26, 0.26, 0.26, 0.26, 0.26, 0.26, 0.26, 0.26, 0.26, 0.26, 0.26, 0.26, 0.26, 0.26, 0.26, 0.26, 0.26, 0.26, 0.26, 0.26, 0.26, 0.26, 0.26, 0.26, 0.26, 0.26, 0.26, 0.26, 0.26, 0.26, 0.26, 0.26, 0.26, 0.26, 0.26, 0.26, 0.26, 0.26, 0.261, 0.264, 0.274, 0.311, 0.401, 0.509, 0.566, 0.584, 0.588, 0.59, 0.59, 0.59, 0.59, 0.59, 0.59, 0.59, 0.59, 0.59, 0.59, 0.59, 0.59, 0.59, 0.59, 0.59, 0.59, 0.59, 0.59, 0.59, 0.59, 0.59, 0.59, 0.59, 0.59, 0.59, 0.59, 0.59, 0.59, 0.59, 0.59, 0.59, 0.59, 0.59, 0.59, 0.59, 0.59, 0.59, 0.59, 0.59, 0.59, 0.59, 0.59, 0.59, 0.59, 0.59]","[0.033, 0.041]","[1.0, 1.0, 0.26, 0.41]",1.0,1.0,0.26,0.41,"psych_curve(xdata=array([-70.,  70.]), ydata=[0.504, 0.809], fit=[nan, nan, nan, nan, nan, nan, nan, nan, nan, nan, nan, nan, nan, nan, nan, nan, nan, nan, nan, nan, nan, nan, nan, nan, nan, nan, nan, nan, nan, nan, nan, nan, nan, nan, nan, nan, nan, nan, nan, nan, nan, nan, nan, nan, nan, nan, nan, nan, nan, nan, nan, nan, nan, nan, nan, nan, nan, nan, nan, nan, nan, nan, nan, nan, nan, nan, nan, nan, nan, nan, nan, nan, nan, nan, nan, nan, nan, nan, nan, nan, nan, nan, nan, nan, nan, nan, nan, nan, nan, nan, nan, nan, nan, nan, nan, nan, nan, nan, nan, nan], params=[1.0, 1.0, 0.5, 0.19], fit_error=[0.046, 0.031])",[-70.  70.],"[0.259, 0.588]","[0.26, 0.26, 0.26, 0.26, 0.26, 0.26, 0.26, 0.26, 0.26, 0.26, 0.26, 0.26, 0.26, 0.26, 0.26, 0.26, 0.26, 0.26, 0.26, 0.26, 0.26, 0.26, 0.26, 0.26, 0.26, 0.26, 0.26, 0.26, 0.26, 0.26, 0.26, 0.26, 0.26, 0.26, 0.26, 0.26, 0.26, 0.26, 0.26, 0.26, 0.26, 0.26, 0.26, 0.26, 0.26, 0.26, 0.261, 0.264, 0.274, 0.311, 0.401, 0.509, 0.566, 0.584, 0.588, 0.59, 0.59, 0.59, 0.59, 0.59, 0.59, 0.59, 0.59, 0.59, 0.59, 0.59, 0.59, 0.59, 0.59, 0.59, 0.59, 0.59, 0.59, 0.59, 0.59, 0.59, 0.59, 0.59, 0.59, 0.59, 0.59, 0.59, 0.59, 0.59, 0.59, 0.59, 0.59, 0.59, 0.59, 0.59, 0.59, 0.59, 0.59, 0.59, 0.59, 0.59, 0.59, 0.59, 0.59, 0.59]","[0.033, 0.041]","[1.0, 1.0, 0.5, 0.19]",1.0,1.0,0.5,0.19
2025-05-28,2,,15,['Bpod4'],405,210,195,218,174,282,158,124,219,54,110,50,60,0.6962962962962963,0.7523809523809524,0.6358974358974359,392,208,184,291,169,122,0.7752293577981652,0.7011494252873564,90,44,46,0.2018348623853211,0.26436781609195403,0.7193877551020408,0.7596153846153846,0.6739130434782609,0.7193877551020408,-0.08570234113712372,0.7525773195876289,0.6,0.15257731958762888,0.7381893915427608,0.23310133923863757,13,2,11,0.03209876543209877,0.009523809523809525,0.05641025641025641,282,158,124,705.0,395.0,310.0,0.0,0,173,0,0.0,9.999999999976694e-05,"psych_curve(xdata=array([-70.,  70.]), ydata=[0.24, 0.674], fit=[0.24, 0.24, 0.24, 0.24, 0.24, 0.24, 0.24, 0.24, 0.24, 0.24, 0.24, 0.24, 0.24, 0.24, 0.24, 0.24, 0.24, 0.24, 0.24, 0.24, 0.24, 0.24, 0.24, 0.24, 0.24, 0.24, 0.24, 0.24, 0.24, 0.24, 0.24, 0.24, 0.24, 0.24, 0.24, 0.24, 0.24, 0.24, 0.24, 0.24, 0.24, 0.24, 0.24, 0.24, 0.24, 0.24, 0.241, 0.245, 0.258, 0.306, 0.424, 0.564, 0.638, 0.662, 0.668, 0.67, 0.67, 0.67, 0.67, 0.67, 0.67, 0.67, 0.67, 0.67, 0.67, 0.67, 0.67, 0.67, 0.67, 0.67, 0.67, 0.67, 0.67, 0.67, 0.67, 0.67, 0.67, 0.67, 0.67, 0.67, 0.67, 0.67, 0.67, 0.67, 0.67, 0.67, 0.67, 0.67, 0.67, 0.67, 0.67, 0.67, 0.67, 0.67, 0.67, 0.67, 0.67, 0.67, 0.67, 0.67], params=[1.0, 1.0, 0.24, 0.33], fit_error=[0.03, 0.035])",[-70.  70.],"[0.24, 0.674]","[0.24, 0.24, 0.24, 0.24, 0.24, 0.24, 0.24, 0.24, 0.24, 0.24, 0.24, 0.24, 0.24, 0.24, 0.24, 0.24, 0.24, 0.24, 0.24, 0.24, 0.24, 0.24, 0.24, 0.24, 0.24, 0.24, 0.24, 0.24, 0.24, 0.24, 0.24, 0.24, 0.24, 0.24, 0.24, 0.24, 0.24, 0.24, 0.24, 0.24, 0.24, 0.24, 0.24, 0.24, 0.24, 0.24, 0.241, 0.245, 0.258, 0.306, 0.424, 0.564, 0.638, 0.662, 0.668, 0.67, 0.67, 0.67, 0.67, 0.67, 0.67, 0.67, 0.67, 0.67, 0.67, 0.67, 0.67, 0.67, 0.67, 0.67, 0.67, 0.67, 0.67, 0.67, 0.67, 0.67, 0.67, 0.67, 0.67, 0.67, 0.67, 0.67, 0.67, 0.67, 0.67, 0.67, 0.67, 0.67, 0.67, 0.67, 0.67, 0.67, 0.67, 0.67, 0.67, 0.67, 0.67, 0.67, 0.67, 0.67]","[0.03, 0.035]","[1.0, 1.0, 0.24, 0.33]",1.0,1.0,0.24,0.33,"psych_curve(xdata=array([-70.,  70.]), ydata=[0.571, 0.859], fit=[nan, nan, nan, nan, nan, nan, nan, nan, nan, nan, nan, nan, nan, nan, nan, nan, nan, nan, nan, nan, nan, nan, nan, nan, nan, nan, nan, nan, nan, nan, nan, nan, nan, nan, nan, nan, nan, nan, nan, nan, nan, nan, nan, nan, nan, nan, nan, nan, nan, nan, nan, nan, nan, nan, nan, nan, nan, nan, nan, nan, nan, nan, nan, nan, nan, nan, nan, nan, nan, nan, nan, nan, nan, nan, nan, nan, nan, nan, nan, nan, nan, nan, nan, nan, nan, nan, nan, nan, nan, nan, nan, nan, nan, nan, nan, nan, nan, nan, nan, nan], params=[1.0, 1.0, 0.57, 0.14], fit_error=[0.044, 0.022])",[-70.  70.],"[0.24, 0.674]","[0.24, 0.24, 0.24, 0.24, 0.24, 0.24, 0.24, 0.24, 0.24, 0.24, 0.24, 0.24, 0.24, 0.24, 0.24, 0.24, 0.24, 0.24, 0.24, 0.24, 0.24, 0.24, 0.24, 0.24, 0.24, 0.24, 0.24, 0.24, 0.24, 0.24, 0.24, 0.24, 0.24, 0.24, 0.24, 0.24, 0.24, 0.24, 0.24, 0.24, 0.24, 0.24, 0.24, 0.24, 0.24, 0.24, 0.241, 0.245, 0.258, 0.306, 0.424, 0.564, 0.638, 0.662, 0.668, 0.67, 0.67, 0.67, 0.67, 0.67, 0.67, 0.67, 0.67, 0.67, 0.67, 0.67, 0.67, 0.67, 0.67, 0.67, 0.67, 0.67, 0.67, 0.67, 0.67, 0.67, 0.67, 0.67, 0.67, 0.67, 0.67, 0.67, 0.67, 0.67, 0.67, 0.67, 0.67, 0.67, 0.67, 0.67, 0.67, 0.67, 0.67, 0.67, 0.67, 0.67, 0.67, 0.67, 0.67, 0.67]","[0.03, 0.035]","[1.0, 1.0, 0.57, 0.14]",1.0,1.0,0.57,0.14
2025-05-29,3,,15,['Bpod4'],272,132,140,167,84,160,102,58,115,43,91,26,65,0.5882352941176471,0.7727272727272727,0.4142857142857143,251,128,123,177,129,48,0.7724550898203593,0.5714285714285714,70,35,35,0.20958083832335328,0.4166666666666667,0.6374501992031872,0.796875,0.4715447154471545,0.6374501992031872,-0.3253302845528455,0.6497175141242938,0.6142857142857143,0.03543179983857947,0.6719418306244653,0.31312375249501,21,4,17,0.07720588235294118,0.030303030303030304,0.12142857142857143,160,102,58,400.0,255.0,145.0,0.0,0,101,0,0.0,9.999999999976694e-05,"psych_curve(xdata=array([-70.,  70.]), ydata=[0.203, 0.472], fit=[0.2, 0.2, 0.2, 0.2, 0.2, 0.2, 0.2, 0.2, 0.2, 0.2, 0.2, 0.2, 0.2, 0.2, 0.2, 0.2, 0.2, 0.2, 0.2, 0.2, 0.2, 0.2, 0.2, 0.2, 0.2, 0.2, 0.2, 0.2, 0.2, 0.2, 0.2, 0.2, 0.2, 0.2, 0.2, 0.2, 0.2, 0.2, 0.2, 0.2, 0.2, 0.2, 0.2, 0.2, 0.2, 0.2, 0.201, 0.203, 0.211, 0.241, 0.315, 0.404, 0.45, 0.465, 0.469, 0.47, 0.47, 0.47, 0.47, 0.47, 0.47, 0.47, 0.47, 0.47, 0.47, 0.47, 0.47, 0.47, 0.47, 0.47, 0.47, 0.47, 0.47, 0.47, 0.47, 0.47, 0.47, 0.47, 0.47, 0.47, 0.47, 0.47, 0.47, 0.47, 0.47, 0.47, 0.47, 0.47, 0.47, 0.47, 0.47, 0.47, 0.47, 0.47, 0.47, 0.47, 0.47, 0.47, 0.47, 0.47], params=[1.0, 1.0, 0.2, 0.53], fit_error=[0.036, 0.045])",[-70.  70.],"[0.203, 0.472]","[0.2, 0.2, 0.2, 0.2, 0.2, 0.2, 0.2, 0.2, 0.2, 0.2, 0.2, 0.2, 0.2, 0.2, 0.2, 0.2, 0.2, 0.2, 0.2, 0.2, 0.2, 0.2, 0.2, 0.2, 0.2, 0.2, 0.2, 0.2, 0.2, 0.2, 0.2, 0.2, 0.2, 0.2, 0.2, 0.2, 0.2, 0.2, 0.2, 0.2, 0.2, 0.2, 0.2, 0.2, 0.2, 0.2, 0.201, 0.203, 0.211, 0.241, 0.315, 0.404, 0.45, 0.465, 0.469, 0.47, 0.47, 0.47, 0.47, 0.47, 0.47, 0.47, 0.47, 0.47, 0.47, 0.47, 0.47, 0.47, 0.47, 0.47, 0.47, 0.47, 0.47, 0.47, 0.47, 0.47, 0.47, 0.47, 0.47, 0.47, 0.47, 0.47, 0.47, 0.47, 0.47, 0.47, 0.47, 0.47, 0.47, 0.47, 0.47, 0.47, 0.47, 0.47, 0.47, 0.47, 0.47, 0.47, 0.47, 0.47]","[0.036, 0.045]","[1.0, 1.0, 0.2, 0.53]",1.0,1.0,0.2,0.53,"psych_curve(xdata=array([-70.,  70.]), ydata=[0.59, 0.81], fit=[nan, nan, nan, nan, nan, nan, nan, nan, nan, nan, nan, nan, nan, nan, nan, nan, nan, nan, nan, nan, nan, nan, nan, nan, nan, nan, nan, nan, nan, nan, nan, nan, nan, nan, nan, nan, nan, nan, nan, nan, nan, nan, nan, nan, nan, nan, nan, nan, nan, nan, nan, nan, nan, nan, nan, nan, nan, nan, nan, nan, nan, nan, nan, nan, nan, nan, nan, nan, nan, nan, nan, nan, nan, nan, nan, nan, nan, nan, nan, nan, nan, nan, nan, nan, nan, nan, nan, nan, nan, nan, nan, nan, nan, nan, nan, nan, nan, nan, nan, nan], params=[1.0, 1.0, 0.59, 0.19], fit_error=[0.048, 0.033])",[-70.  70.],"[0.203, 0.472]","[0.2, 0.2, 0.2, 0.2, 0.2, 0.2, 0.2, 0.2, 0.2, 0.2, 0.2, 0.2, 0.2, 0.2, 0.2, 0.2, 0.2, 0.2, 0.2, 0.2, 0.2, 0.2, 0.2, 0.2, 0.2, 0.2, 0.2, 0.2, 0.2, 0.2, 0.2, 0.2, 0.2, 0.2, 0.2, 0.2, 0.2, 0.2, 0.2, 0.2, 0.2, 0.2, 0.2, 0.2, 0.2, 0.2, 0.201, 0.203, 0.211, 0.241, 0.315, 0.404, 0.45, 0.465, 0.469, 0.47, 0.47, 0.47, 0.47, 0.47, 0.47, 0.47, 0.47, 0.47, 0.47, 0.47, 0.47, 0.47, 0.47, 0.47, 0.47, 0.47, 0.47, 0.47, 0.47, 0.47, 0.47, 0.47, 0.47, 0.47, 0.47, 0.47, 0.47, 0.47, 0.47, 0.47, 0.47, 0.47, 0.47, 0.47, 0.47, 0.47, 0.47, 0.47, 0.47, 0.47, 0.47, 0.47, 0.47, 0.47]","[0.036, 0.045]","[1.0, 1.0, 0.59, 0.19]",1.0,1.0,0.59,0.19
2025-05-30,4,,15,['Bpod4'],253,130,123,157,78,147,95,52,94,48,88,26,62,0.5810276679841897,0.7307692307692307,0.42276422764227645,235,121,114,142,110,32,0.7006369426751592,0.41025641025641024,84,41,43,0.2611464968152866,0.5512820512820513,0.625531914893617,0.7851239669421488,0.45614035087719296,0.625531914893617,-0.32898361606495585,0.6619718309859155,0.5714285714285714,0.0905432595573441,0.5554466764657847,0.40621427404866894,18,9,9,0.07114624505928854,0.06923076923076923,0.07317073170731707,147,95,52,367.5,237.5,130.0,0.0,0,113,0,0.0,9.999999999976694e-05,"psych_curve(xdata=array([-70.,  70.]), ydata=[0.215, 0.456], fit=[0.21, 0.21, 0.21, 0.21, 0.21, 0.21, 0.21, 0.21, 0.21, 0.21, 0.21, 0.21, 0.21, 0.21, 0.21, 0.21, 0.21, 0.21, 0.21, 0.21, 0.21, 0.21, 0.21, 0.21, 0.21, 0.21, 0.21, 0.21, 0.21, 0.21, 0.21, 0.21, 0.21, 0.21, 0.21, 0.21, 0.21, 0.21, 0.21, 0.21, 0.21, 0.21, 0.21, 0.21, 0.21, 0.21, 0.211, 0.213, 0.221, 0.248, 0.317, 0.399, 0.442, 0.455, 0.459, 0.46, 0.46, 0.46, 0.46, 0.46, 0.46, 0.46, 0.46, 0.46, 0.46, 0.46, 0.46, 0.46, 0.46, 0.46, 0.46, 0.46, 0.46, 0.46, 0.46, 0.46, 0.46, 0.46, 0.46, 0.46, 0.46, 0.46, 0.46, 0.46, 0.46, 0.46, 0.46, 0.46, 0.46, 0.46, 0.46, 0.46, 0.46, 0.46, 0.46, 0.46, 0.46, 0.46, 0.46, 0.46], params=[1.0, 1.0, 0.21, 0.54], fit_error=[0.037, 0.047])",[-70.  70.],"[0.215, 0.456]","[0.21, 0.21, 0.21, 0.21, 0.21, 0.21, 0.21, 0.21, 0.21, 0.21, 0.21, 0.21, 0.21, 0.21, 0.21, 0.21, 0.21, 0.21, 0.21, 0.21, 0.21, 0.21, 0.21, 0.21, 0.21, 0.21, 0.21, 0.21, 0.21, 0.21, 0.21, 0.21, 0.21, 0.21, 0.21, 0.21, 0.21, 0.21, 0.21, 0.21, 0.21, 0.21, 0.21, 0.21, 0.21, 0.21, 0.211, 0.213, 0.221, 0.248, 0.317, 0.399, 0.442, 0.455, 0.459, 0.46, 0.46, 0.46, 0.46, 0.46, 0.46, 0.46, 0.46, 0.46, 0.46, 0.46, 0.46, 0.46, 0.46, 0.46, 0.46, 0.46, 0.46, 0.46, 0.46, 0.46, 0.46, 0.46, 0.46, 0.46, 0.46, 0.46, 0.46, 0.46, 0.46, 0.46, 0.46, 0.46, 0.46, 0.46, 0.46, 0.46, 0.46, 0.46, 0.46, 0.46, 0.46, 0.46, 0.46, 0.46]","[0.037, 0.047]","[1.0, 1.0, 0.21, 0.54]",1.0,1.0,0.21,0.54,"psych_curve(xdata=array([-70.,  70.]), ydata=[0.5, 0.723], fit=[nan, nan, nan, nan, nan, nan, nan, nan, nan, nan, nan, nan, nan, nan, nan, nan, nan, nan, nan, nan, nan, nan, nan, nan, nan, nan, nan, nan, nan, nan, nan, nan, nan, nan, nan, nan, nan, nan, nan, nan, nan, nan, nan, nan, nan, nan, nan, nan, nan, nan, nan, nan, nan, nan, nan, nan, nan, nan, nan, nan, nan, nan, nan, nan, nan, nan, nan, nan, nan, nan, nan, nan, nan, nan, nan, nan, nan, nan, nan, nan, nan, nan, nan, nan, nan, nan, nan, nan, nan, nan, nan, nan, nan, nan, nan, nan, nan, nan, nan, nan], params=[1.0, 1.0, 0.5, 0.28], fit_error=[0.051, 0.039])",[-70.  70.],"[0.215, 0.456]","[0.21, 0.21, 0.21, 0.21, 0.21, 0.21, 0.21, 0.21, 0.21, 0.21, 0.21, 0.21, 0.21, 0.21, 0.21, 0.21, 0.21, 0.21, 0.21, 0.21, 0.21, 0.21, 0.21, 0.21, 0.21, 0.21, 0.21, 0.21, 0.21, 0.21, 0.21, 0.21, 0.21, 0.21, 0.21, 0.21, 0.21, 0.21, 0.21, 0.21, 0.21, 0.21, 0.21, 0.21, 0.21, 0.21, 0.211, 0.213, 0.221, 0.248, 0.317, 0.399, 0.442, 0.455, 0.459, 0.46, 0.46, 0.46, 0.46, 0.46, 0.46, 0.46, 0.46, 0.46, 0.46, 0.46, 0.46, 0.46, 0.46, 0.46, 0.46, 0.46, 0.46, 0.46, 0.46, 0.46, 0.46, 0.46, 0.46, 0.46, 0.46, 0.46, 0.46, 0.46, 0.46, 0.46, 0.46, 0.46, 0.46, 0.46, 0.46, 0.46, 0.46, 0.46, 0.46, 0.46, 0.46, 0.46, 0.46, 0.46]","[0.037, 0.047]","[1.0, 1.0, 0.5, 0.28]",1.0,1.0,0.5,0.28
2025-06-02,0,,15,['Bpod4'],233,120,113,118,78,136,82,54,93,31,60,24,36,0.5836909871244635,0.6833333333333333,0.4778761061946903,196,106,90,120,81,39,0.6864406779661016,0.5,55,30,25,0.2542372881355932,0.32051282051282054,0.6938775510204082,0.7735849056603774,0.6,0.6938775510204082,-0.17358490566037743,0.775,0.5636363636363636,0.21136363636363642,0.5932203389830508,0.28737505432420685,37,14,23,0.15879828326180256,0.11666666666666667,0.20353982300884957,136,82,54,340.0,205.0,135.0,0.0,0,108,0,0.0,9.999999999976694e-05,"psych_curve(xdata=array([-70.,  70.]), ydata=[0.226, 0.6], fit=[0.23, 0.23, 0.23, 0.23, 0.23, 0.23, 0.23, 0.23, 0.23, 0.23, 0.23, 0.23, 0.23, 0.23, 0.23, 0.23, 0.23, 0.23, 0.23, 0.23, 0.23, 0.23, 0.23, 0.23, 0.23, 0.23, 0.23, 0.23, 0.23, 0.23, 0.23, 0.23, 0.23, 0.23, 0.23, 0.23, 0.23, 0.23, 0.23, 0.23, 0.23, 0.23, 0.23, 0.23, 0.23, 0.23, 0.231, 0.234, 0.246, 0.287, 0.388, 0.509, 0.573, 0.593, 0.598, 0.6, 0.6, 0.6, 0.6, 0.6, 0.6, 0.6, 0.6, 0.6, 0.6, 0.6, 0.6, 0.6, 0.6, 0.6, 0.6, 0.6, 0.6, 0.6, 0.6, 0.6, 0.6, 0.6, 0.6, 0.6, 0.6, 0.6, 0.6, 0.6, 0.6, 0.6, 0.6, 0.6, 0.6, 0.6, 0.6, 0.6, 0.6, 0.6, 0.6, 0.6, 0.6, 0.6, 0.6, 0.6], params=[1.0, 1.0, 0.23, 0.4], fit_error=[0.041, 0.052])",[-70.  70.],"[0.226, 0.6]","[0.23, 0.23, 0.23, 0.23, 0.23, 0.23, 0.23, 0.23, 0.23, 0.23, 0.23, 0.23, 0.23, 0.23, 0.23, 0.23, 0.23, 0.23, 0.23, 0.23, 0.23, 0.23, 0.23, 0.23, 0.23, 0.23, 0.23, 0.23, 0.23, 0.23, 0.23, 0.23, 0.23, 0.23, 0.23, 0.23, 0.23, 0.23, 0.23, 0.23, 0.23, 0.23, 0.23, 0.23, 0.23, 0.23, 0.231, 0.234, 0.246, 0.287, 0.388, 0.509, 0.573, 0.593, 0.598, 0.6, 0.6, 0.6, 0.6, 0.6, 0.6, 0.6, 0.6, 0.6, 0.6, 0.6, 0.6, 0.6, 0.6, 0.6, 0.6, 0.6, 0.6, 0.6, 0.6, 0.6, 0.6, 0.6, 0.6, 0.6, 0.6, 0.6, 0.6, 0.6, 0.6, 0.6, 0.6, 0.6, 0.6, 0.6, 0.6, 0.6, 0.6, 0.6, 0.6, 0.6, 0.6, 0.6, 0.6, 0.6]","[0.041, 0.052]","[1.0, 1.0, 0.23, 0.4]",1.0,1.0,0.23,0.4,"psych_curve(xdata=array([-70.,  70.]), ydata=[0.466, 0.795], fit=[nan, nan, nan, nan, nan, nan, nan, nan, nan, nan, nan, nan, nan, nan, nan, nan, nan, nan, nan, nan, nan, nan, nan, nan, nan, nan, nan, nan, nan, nan, nan, nan, nan, nan, nan, nan, nan, nan, nan, nan, nan, nan, nan, nan, nan, nan, nan, nan, nan, nan, nan, nan, nan, nan, nan, nan, nan, nan, nan, nan, nan, nan, nan, nan, nan, nan, nan, nan, nan, nan, nan, nan, nan, nan, nan, nan, nan, nan, nan, nan, nan, nan, nan, nan, nan, nan, nan, nan, nan, nan, nan, nan, nan, nan, nan, nan, nan, nan, nan, nan], params=[1.0, 1.0, 0.47, 0.2], fit_error=[0.066, 0.037])",[-70.  70.],"[0.226, 0.6]","[0.23, 0.23, 0.23, 0.23, 0.23, 0.23, 0.23, 0.23, 0.23, 0.23, 0.23, 0.23, 0.23, 0.23, 0.23, 0.23, 0.23, 0.23, 0.23, 0.23, 0.23, 0.23, 0.23, 0.23, 0.23, 0.23, 0.23, 0.23, 0.23, 0.23, 0.23, 0.23, 0.23, 0.23, 0.23, 0.23, 0.23, 0.23, 0.23, 0.23, 0.23, 0.23, 0.23, 0.23, 0.23, 0.23, 0.231, 0.234, 0.246, 0.287, 0.388, 0.509, 0.573, 0.593, 0.598, 0.6, 0.6, 0.6, 0.6, 0.6, 0.6, 0.6, 0.6, 0.6, 0.6, 0.6, 0.6, 0.6, 0.6, 0.6, 0.6, 0.6, 0.6, 0.6, 0.6, 0.6, 0.6, 0.6, 0.6, 0.6, 0.6, 0.6, 0.6, 0.6, 0.6, 0.6, 0.6, 0.6, 0.6, 0.6, 0.6, 0.6, 0.6, 0.6, 0.6, 0.6, 0.6, 0.6, 0.6, 0.6]","[0.041, 0.052]","[1.0, 1.0, 0.47, 0.2]",1.0,1.0,0.47,0.2
2025-06-03,1,,15,['Bpod4'],320,155,165,141,116,195,105,90,126,52,62,26,36,0.609375,0.6774193548387096,0.5454545454545454,257,131,126,154,87,67,0.6170212765957447,0.5775862068965517,76,34,42,0.24113475177304963,0.3620689655172414,0.7587548638132295,0.8015267175572519,0.7142857142857143,0.7587548638132295,-0.08724100327153761,0.8181818181818182,0.6842105263157895,0.13397129186602874,0.5973037417461482,0.3016018586451455,63,24,39,0.196875,0.15483870967741936,0.23636363636363636,195,105,90,487.5,262.5,225.0,0.0,0,150,0,0.0,9.999999999976694e-05,"psych_curve(xdata=array([-70.,  70.]), ydata=[0.198, 0.714], fit=[0.2, 0.2, 0.2, 0.2, 0.2, 0.2, 0.2, 0.2, 0.2, 0.2, 0.2, 0.2, 0.2, 0.2, 0.2, 0.2, 0.2, 0.2, 0.2, 0.2, 0.2, 0.2, 0.2, 0.2, 0.2, 0.2, 0.2, 0.2, 0.2, 0.2, 0.2, 0.2, 0.2, 0.2, 0.2, 0.2, 0.2, 0.2, 0.2, 0.2, 0.2, 0.2, 0.2, 0.2, 0.2, 0.2, 0.201, 0.205, 0.222, 0.278, 0.418, 0.585, 0.673, 0.7, 0.708, 0.709, 0.71, 0.71, 0.71, 0.71, 0.71, 0.71, 0.71, 0.71, 0.71, 0.71, 0.71, 0.71, 0.71, 0.71, 0.71, 0.71, 0.71, 0.71, 0.71, 0.71, 0.71, 0.71, 0.71, 0.71, 0.71, 0.71, 0.71, 0.71, 0.71, 0.71, 0.71, 0.71, 0.71, 0.71, 0.71, 0.71, 0.71, 0.71, 0.71, 0.71, 0.71, 0.71, 0.71, 0.71], params=[1.0, 1.0, 0.2, 0.29], fit_error=[0.035, 0.04])",[-70.  70.],"[0.198, 0.714]","[0.2, 0.2, 0.2, 0.2, 0.2, 0.2, 0.2, 0.2, 0.2, 0.2, 0.2, 0.2, 0.2, 0.2, 0.2, 0.2, 0.2, 0.2, 0.2, 0.2, 0.2, 0.2, 0.2, 0.2, 0.2, 0.2, 0.2, 0.2, 0.2, 0.2, 0.2, 0.2, 0.2, 0.2, 0.2, 0.2, 0.2, 0.2, 0.2, 0.2, 0.2, 0.2, 0.2, 0.2, 0.2, 0.2, 0.201, 0.205, 0.222, 0.278, 0.418, 0.585, 0.673, 0.7, 0.708, 0.709, 0.71, 0.71, 0.71, 0.71, 0.71, 0.71, 0.71, 0.71, 0.71, 0.71, 0.71, 0.71, 0.71, 0.71, 0.71, 0.71, 0.71, 0.71, 0.71, 0.71, 0.71, 0.71, 0.71, 0.71, 0.71, 0.71, 0.71, 0.71, 0.71, 0.71, 0.71, 0.71, 0.71, 0.71, 0.71, 0.71, 0.71, 0.71, 0.71, 0.71, 0.71, 0.71, 0.71, 0.71]","[0.035, 0.04]","[1.0, 1.0, 0.2, 0.29]",1.0,1.0,0.2,0.29,"psych_curve(xdata=array([-70.,  70.]), ydata=[0.35, 0.84], fit=[nan, nan, nan, nan, nan, nan, nan, nan, nan, nan, nan, nan, nan, nan, nan, nan, nan, nan, nan, nan, nan, nan, nan, nan, nan, nan, nan, nan, nan, nan, nan, nan, nan, nan, nan, nan, nan, nan, nan, nan, nan, nan, nan, nan, nan, nan, nan, nan, nan, nan, nan, nan, nan, nan, nan, nan, nan, nan, nan, nan, nan, nan, nan, nan, nan, nan, nan, nan, nan, nan, nan, nan, nan, nan, nan, nan, nan, nan, nan, nan, nan, nan, nan, nan, nan, nan, nan, nan, nan, nan, nan, nan, nan, nan, nan, nan, nan, nan, nan, nan], params=[1.0, 1.0, 0.35, 0.16], fit_error=[0.054, 0.03])",[-70.  70.],"[0.198, 0.714]","[0.2, 0.2, 0.2, 0.2, 0.2, 0.2, 0.2, 0.2, 0.2, 0.2, 0.2, 0.2, 0.2, 0.2, 0.2, 0.2, 0.2, 0.2, 0.2, 0.2, 0.2, 0.2, 0.2, 0.2, 0.2, 0.2, 0.2, 0.2, 0.2, 0.2, 0.2, 0.2, 0.2, 0.2, 0.2, 0.2, 0.2, 0.2, 0.2, 0.2, 0.2, 0.2, 0.2, 0.2, 0.2, 0.2, 0.201, 0.205, 0.222, 0.278, 0.418, 0.585, 0.673, 0.7, 0.708, 0.709, 0.71, 0.71, 0.71, 0.71, 0.71, 0.71, 0.71, 0.71, 0.71, 0.71, 0.71, 0.71, 0.71, 0.71, 0.71, 0.71, 0.71, 0.71, 0.71, 0.71, 0.71, 0.71, 0.71, 0.71, 0.71, 0.71, 0.71, 0.71, 0.71, 0.71, 0.71, 0.71, 0.71, 0.71, 0.71, 0.71, 0.71, 0.71, 0.71, 0.71, 0.71, 0.71, 0.71, 0.71]","[0.035, 0.04]","[1.0, 1.0, 0.35, 0.16]",1.0,1.0,0.35,0.16
2025-06-04,2,,15,['Bpod4'],279,140,139,117,138,195,92,103,124,67,60,35,25,0.6989247311827957,0.6571428571428571,0.7410071942446043,255,127,128,161,67,94,0.5726495726495726,0.6811594202898551,85,42,43,0.358974358974359,0.3115942028985507,0.7647058823529411,0.7244094488188977,0.8046875,0.7647058823529411,0.08027805118110232,0.7701863354037267,0.788235294117647,-0.018048958713920316,0.6269044964697139,0.33528428093645485,24,13,11,0.08602150537634409,0.09285714285714286,0.07913669064748201,195,92,103,487.5,230.0,257.5,0.0,0,140,0,0.0,9.999999999976694e-05,"psych_curve(xdata=array([-70.,  70.]), ydata=[0.276, 0.805], fit=[0.28, 0.28, 0.28, 0.28, 0.28, 0.28, 0.28, 0.28, 0.28, 0.28, 0.28, 0.28, 0.28, 0.28, 0.28, 0.28, 0.28, 0.28, 0.28, 0.28, 0.28, 0.28, 0.28, 0.28, 0.28, 0.28, 0.28, 0.28, 0.28, 0.28, 0.28, 0.28, 0.28, 0.28, 0.28, 0.28, 0.28, 0.28, 0.28, 0.28, 0.28, 0.28, 0.28, 0.28, 0.28, 0.28, 0.281, 0.286, 0.302, 0.361, 0.506, 0.68, 0.771, 0.8, 0.808, 0.809, 0.81, 0.81, 0.81, 0.81, 0.81, 0.81, 0.81, 0.81, 0.81, 0.81, 0.81, 0.81, 0.81, 0.81, 0.81, 0.81, 0.81, 0.81, 0.81, 0.81, 0.81, 0.81, 0.81, 0.81, 0.81, 0.81, 0.81, 0.81, 0.81, 0.81, 0.81, 0.81, 0.81, 0.81, 0.81, 0.81, 0.81, 0.81, 0.81, 0.81, 0.81, 0.81, 0.81, 0.81], params=[1.0, 1.0, 0.28, 0.19], fit_error=[0.04, 0.035])",[-70.  70.],"[0.276, 0.805]","[0.28, 0.28, 0.28, 0.28, 0.28, 0.28, 0.28, 0.28, 0.28, 0.28, 0.28, 0.28, 0.28, 0.28, 0.28, 0.28, 0.28, 0.28, 0.28, 0.28, 0.28, 0.28, 0.28, 0.28, 0.28, 0.28, 0.28, 0.28, 0.28, 0.28, 0.28, 0.28, 0.28, 0.28, 0.28, 0.28, 0.28, 0.28, 0.28, 0.28, 0.28, 0.28, 0.28, 0.28, 0.28, 0.28, 0.281, 0.286, 0.302, 0.361, 0.506, 0.68, 0.771, 0.8, 0.808, 0.809, 0.81, 0.81, 0.81, 0.81, 0.81, 0.81, 0.81, 0.81, 0.81, 0.81, 0.81, 0.81, 0.81, 0.81, 0.81, 0.81, 0.81, 0.81, 0.81, 0.81, 0.81, 0.81, 0.81, 0.81, 0.81, 0.81, 0.81, 0.81, 0.81, 0.81, 0.81, 0.81, 0.81, 0.81, 0.81, 0.81, 0.81, 0.81, 0.81, 0.81, 0.81, 0.81, 0.81, 0.81]","[0.04, 0.035]","[1.0, 1.0, 0.28, 0.19]",1.0,1.0,0.28,0.19,"psych_curve(xdata=array([-70.,  70.]), ydata=[0.356, 0.873], fit=[nan, nan, nan, nan, nan, nan, nan, nan, nan, nan, nan, nan, nan, nan, nan, nan, nan, nan, nan, nan, nan, nan, nan, nan, nan, nan, nan, nan, nan, nan, nan, nan, nan, nan, nan, nan, nan, nan, nan, nan, nan, nan, nan, nan, nan, nan, nan, nan, nan, nan, nan, nan, nan, nan, nan, nan, nan, nan, nan, nan, nan, nan, nan, nan, nan, nan, nan, nan, nan, nan, nan, nan, nan, nan, nan, nan, nan, nan, nan, nan, nan, nan, nan, nan, nan, nan, nan, nan, nan, nan, nan, nan, nan, nan, nan, nan, nan, nan, nan, nan], params=[1.0, 1.0, 0.36, 0.13], fit_error=[0.047, 0.028])",[-70.  70.],"[0.276, 0.805]","[0.28, 0.28, 0.28, 0.28, 0.28, 0.28, 0.28, 0.28, 0.28, 0.28, 0.28, 0.28, 0.28, 0.28, 0.28, 0.28, 0.28, 0.28, 0.28, 0.28, 0.28, 0.28, 0.28, 0.28, 0.28, 0.28, 0.28, 0.28, 0.28, 0.28, 0.28, 0.28, 0.28, 0.28, 0.28, 0.28, 0.28, 0.28, 0.28, 0.28, 0.28, 0.28, 0.28, 0.28, 0.28, 0.28, 0.281, 0.286, 0.302, 0.361, 0.506, 0.68, 0.771, 0.8, 0.808, 0.809, 0.81, 0.81, 0.81, 0.81, 0.81, 0.81, 0.81, 0.81, 0.81, 0.81, 0.81, 0.81, 0.81, 0.81, 0.81, 0.81, 0.81, 0.81, 0.81, 0.81, 0.81, 0.81, 0.81, 0.81, 0.81, 0.81, 0.81, 0.81, 0.81, 0.81, 0.81, 0.81, 0.81, 0.81, 0.81, 0.81, 0.81, 0.81, 0.81, 0.81, 0.81, 0.81, 0.81, 0.81]","[0.04, 0.035]","[1.0, 1.0, 0.36, 0.13]",1.0,1.0,0.36,0.13
2025-06-05,3,,15,['Bpod4'],286,146,140,208,61,186,132,54,128,53,83,7,76,0.6503496503496503,0.9041095890410958,0.38571428571428573,269,139,130,202,171,31,0.8221153846153846,0.5081967213114754,60,30,30,0.14423076923076922,0.4918032786885246,0.6914498141263941,0.9496402877697842,0.4153846153846154,0.6914498141263941,-0.5342556723851688,0.6336633663366337,0.8833333333333333,-0.24966996699669963,0.66515605296343,0.3180170239596469,17,7,10,0.05944055944055944,0.04794520547945205,0.07142857142857142,186,132,54,465.0,330.0,135.0,0.0,0,146,0,0.0,9.999999999976694e-05,"psych_curve(xdata=array([-70.,  70.]), ydata=[0.05, 0.415], fit=[0.05, 0.05, 0.05, 0.05, 0.05, 0.05, 0.05, 0.05, 0.05, 0.05, 0.05, 0.05, 0.05, 0.05, 0.05, 0.05, 0.05, 0.05, 0.05, 0.05, 0.05, 0.05, 0.05, 0.05, 0.05, 0.05, 0.05, 0.05, 0.05, 0.05, 0.05, 0.05, 0.05, 0.05, 0.05, 0.05, 0.05, 0.05, 0.05, 0.05, 0.05, 0.05, 0.05, 0.05, 0.05, 0.05, 0.051, 0.054, 0.065, 0.105, 0.204, 0.322, 0.384, 0.403, 0.408, 0.41, 0.41, 0.41, 0.41, 0.41, 0.41, 0.41, 0.41, 0.41, 0.41, 0.41, 0.41, 0.41, 0.41, 0.41, 0.41, 0.41, 0.41, 0.41, 0.41, 0.41, 0.41, 0.41, 0.41, 0.41, 0.41, 0.41, 0.41, 0.41, 0.41, 0.41, 0.41, 0.41, 0.41, 0.41, 0.41, 0.41, 0.41, 0.41, 0.41, 0.41, 0.41, 0.41, 0.41, 0.41], params=[1.0, 1.0, 0.05, 0.59], fit_error=[0.019, 0.043])",[-70.  70.],"[0.05, 0.415]","[0.05, 0.05, 0.05, 0.05, 0.05, 0.05, 0.05, 0.05, 0.05, 0.05, 0.05, 0.05, 0.05, 0.05, 0.05, 0.05, 0.05, 0.05, 0.05, 0.05, 0.05, 0.05, 0.05, 0.05, 0.05, 0.05, 0.05, 0.05, 0.05, 0.05, 0.05, 0.05, 0.05, 0.05, 0.05, 0.05, 0.05, 0.05, 0.05, 0.05, 0.05, 0.05, 0.05, 0.05, 0.05, 0.05, 0.051, 0.054, 0.065, 0.105, 0.204, 0.322, 0.384, 0.403, 0.408, 0.41, 0.41, 0.41, 0.41, 0.41, 0.41, 0.41, 0.41, 0.41, 0.41, 0.41, 0.41, 0.41, 0.41, 0.41, 0.41, 0.41, 0.41, 0.41, 0.41, 0.41, 0.41, 0.41, 0.41, 0.41, 0.41, 0.41, 0.41, 0.41, 0.41, 0.41, 0.41, 0.41, 0.41, 0.41, 0.41, 0.41, 0.41, 0.41, 0.41, 0.41, 0.41, 0.41, 0.41, 0.41]","[0.019, 0.043]","[1.0, 1.0, 0.05, 0.59]",1.0,1.0,0.05,0.59,"psych_curve(xdata=array([-70.,  70.]), ydata=[0.583, 0.948], fit=[nan, nan, nan, nan, nan, nan, nan, nan, nan, nan, nan, nan, nan, nan, nan, nan, nan, nan, nan, nan, nan, nan, nan, nan, nan, nan, nan, nan, nan, nan, nan, nan, nan, nan, nan, nan, nan, nan, nan, nan, nan, nan, nan, nan, nan, nan, nan, nan, nan, nan, nan, nan, nan, nan, nan, nan, nan, nan, nan, nan, nan, nan, nan, nan, nan, nan, nan, nan, nan, nan, nan, nan, nan, nan, nan, nan, nan, nan, nan, nan, nan, nan, nan, nan, nan, nan, nan, nan, nan, nan, nan, nan, nan, nan, nan, nan, nan, nan, nan, nan], params=[1.0, 1.0, 0.58, 0.05], fit_error=[0.044, 0.019])",[-70.  70.],"[0.05, 0.415]","[0.05, 0.05, 0.05, 0.05, 0.05, 0.05, 0.05, 0.05, 0.05, 0.05, 0.05, 0.05, 0.05, 0.05, 0.05, 0.05, 0.05, 0.05, 0.05, 0.05, 0.05, 0.05, 0.05, 0.05, 0.05, 0.05, 0.05, 0.05, 0.05, 0.05, 0.05, 0.05, 0.05, 0.05, 0.05, 0.05, 0.05, 0.05, 0.05, 0.05, 0.05, 0.05, 0.05, 0.05, 0.05, 0.05, 0.051, 0.054, 0.065, 0.105, 0.204, 0.322, 0.384, 0.403, 0.408, 0.41, 0.41, 0.41, 0.41, 0.41, 0.41, 0.41, 0.41, 0.41, 0.41, 0.41, 0.41, 0.41, 0.41, 0.41, 0.41, 0.41, 0.41, 0.41, 0.41, 0.41, 0.41, 0.41, 0.41, 0.41, 0.41, 0.41, 0.41, 0.41, 0.41, 0.41, 0.41, 0.41, 0.41, 0.41, 0.41, 0.41, 0.41, 0.41, 0.41, 0.41, 0.41, 0.41, 0.41, 0.41]","[0.019, 0.043]","[1.0, 1.0, 0.58, 0.05]",1.0,1.0,0.58,0.05
2025-06-06,4,,15,['Bpod4'],307,154,153,140,148,234,115,119,158,73,54,29,25,0.762214983713355,0.7467532467532467,0.7777777777777778,288,144,144,194,93,101,0.6642857142857143,0.6824324324324325,90,44,46,0.3142857142857143,0.3108108108108108,0.8125,0.7986111111111112,0.8263888888888888,0.8125,0.02777777777777768,0.8144329896907216,0.8111111111111111,0.0033218785796105266,0.6733590733590733,0.3125482625482625,19,10,9,0.06188925081433225,0.06493506493506493,0.058823529411764705,234,115,119,585.0,287.5,297.5,0.0,0,151,0,0.0,9.999999999976694e-05,"psych_curve(xdata=array([-70.,  70.]), ydata=[0.201, 0.826], fit=[0.2, 0.2, 0.2, 0.2, 0.2, 0.2, 0.2, 0.2, 0.2, 0.2, 0.2, 0.2, 0.2, 0.2, 0.2, 0.2, 0.2, 0.2, 0.2, 0.2, 0.2, 0.2, 0.2, 0.2, 0.2, 0.2, 0.2, 0.2, 0.2, 0.2, 0.2, 0.2, 0.2, 0.2, 0.2, 0.2, 0.2, 0.2, 0.2, 0.2, 0.2, 0.2, 0.2, 0.2, 0.2, 0.2, 0.202, 0.207, 0.227, 0.297, 0.469, 0.675, 0.784, 0.818, 0.827, 0.829, 0.83, 0.83, 0.83, 0.83, 0.83, 0.83, 0.83, 0.83, 0.83, 0.83, 0.83, 0.83, 0.83, 0.83, 0.83, 0.83, 0.83, 0.83, 0.83, 0.83, 0.83, 0.83, 0.83, 0.83, 0.83, 0.83, 0.83, 0.83, 0.83, 0.83, 0.83, 0.83, 0.83, 0.83, 0.83, 0.83, 0.83, 0.83, 0.83, 0.83, 0.83, 0.83, 0.83, 0.83], params=[1.0, 1.0, 0.2, 0.17], fit_error=[0.034, 0.032])",[-70.  70.],"[0.201, 0.826]","[0.2, 0.2, 0.2, 0.2, 0.2, 0.2, 0.2, 0.2, 0.2, 0.2, 0.2, 0.2, 0.2, 0.2, 0.2, 0.2, 0.2, 0.2, 0.2, 0.2, 0.2, 0.2, 0.2, 0.2, 0.2, 0.2, 0.2, 0.2, 0.2, 0.2, 0.2, 0.2, 0.2, 0.2, 0.2, 0.2, 0.2, 0.2, 0.2, 0.2, 0.2, 0.2, 0.2, 0.2, 0.2, 0.2, 0.202, 0.207, 0.227, 0.297, 0.469, 0.675, 0.784, 0.818, 0.827, 0.829, 0.83, 0.83, 0.83, 0.83, 0.83, 0.83, 0.83, 0.83, 0.83, 0.83, 0.83, 0.83, 0.83, 0.83, 0.83, 0.83, 0.83, 0.83, 0.83, 0.83, 0.83, 0.83, 0.83, 0.83, 0.83, 0.83, 0.83, 0.83, 0.83, 0.83, 0.83, 0.83, 0.83, 0.83, 0.83, 0.83, 0.83, 0.83, 0.83, 0.83, 0.83, 0.83, 0.83, 0.83]","[0.034, 0.032]","[1.0, 1.0, 0.2, 0.17]",1.0,1.0,0.2,0.17,"psych_curve(xdata=array([-70.,  70.]), ydata=[0.33, 0.903], fit=[nan, nan, nan, nan, nan, nan, nan, nan, nan, nan, nan, nan, nan, nan, nan, nan, nan, nan, nan, nan, nan, nan, nan, nan, nan, nan, nan, nan, nan, nan, nan, nan, nan, nan, nan, nan, nan, nan, nan, nan, nan, nan, nan, nan, nan, nan, nan, nan, nan, nan, nan, nan, nan, nan, nan, nan, nan, nan, nan, nan, nan, nan, nan, nan, nan, nan, nan, nan, nan, nan, nan, nan, nan, nan, nan, nan, nan, nan, nan, nan, nan, nan, nan, nan, nan, nan, nan, nan, nan, nan, nan, nan, nan, nan, nan, nan, nan, nan, nan, nan], params=[1.0, 1.0, 0.33, 0.1], fit_error=[0.045, 0.022])",[-70.  70.],"[0.201, 0.826]","[0.2, 0.2, 0.2, 0.2, 0.2, 0.2, 0.2, 0.2, 0.2, 0.2, 0.2, 0.2, 0.2, 0.2, 0.2, 0.2, 0.2, 0.2, 0.2, 0.2, 0.2, 0.2, 0.2, 0.2, 0.2, 0.2, 0.2, 0.2, 0.2, 0.2, 0.2, 0.2, 0.2, 0.2, 0.2, 0.2, 0.2, 0.2, 0.2, 0.2, 0.2, 0.2, 0.2, 0.2, 0.2, 0.2, 0.202, 0.207, 0.227, 0.297, 0.469, 0.675, 0.784, 0.818, 0.827, 0.829, 0.83, 0.83, 0.83, 0.83, 0.83, 0.83, 0.83, 0.83, 0.83, 0.83, 0.83, 0.83, 0.83, 0.83, 0.83, 0.83, 0.83, 0.83, 0.83, 0.83, 0.83, 0.83, 0.83, 0.83, 0.83, 0.83, 0.83, 0.83, 0.83, 0.83, 0.83, 0.83, 0.83, 0.83, 0.83, 0.83, 0.83, 0.83, 0.83, 0.83, 0.83, 0.83, 0.83, 0.83]","[0.034, 0.032]","[1.0, 1.0, 0.33, 0.1]",1.0,1.0,0.33,0.1
2025-06-10,1,,15,['Bpod4'],241,129,112,93,143,178,80,98,97,79,58,45,13,0.7385892116182573,0.6201550387596899,0.875,236,125,111,149,49,100,0.5268817204301075,0.6993006993006993,83,42,41,0.45161290322580644,0.2867132867132867,0.7542372881355932,0.64,0.8828828828828829,0.7542372881355932,0.24288288288288284,0.6510067114093959,0.9518072289156626,-0.3008005175062667,0.6130912098654033,0.3691630949695466,5,4,1,0.02074688796680498,0.031007751937984496,0.008928571428571428,178,80,98,445.0,200.0,245.0,0.0,0,127,0,0.0,9.999999999976694e-05,"psych_curve(xdata=array([-70.,  70.]), ydata=[0.36, 0.883], fit=[0.36, 0.36, 0.36, 0.36, 0.36, 0.36, 0.36, 0.36, 0.36, 0.36, 0.36, 0.36, 0.36, 0.36, 0.36, 0.36, 0.36, 0.36, 0.36, 0.36, 0.36, 0.36, 0.36, 0.36, 0.36, 0.36, 0.36, 0.36, 0.36, 0.36, 0.36, 0.36, 0.36, 0.36, 0.36, 0.36, 0.36, 0.36, 0.36, 0.36, 0.36, 0.36, 0.36, 0.36, 0.36, 0.36, 0.361, 0.366, 0.382, 0.44, 0.582, 0.752, 0.842, 0.87, 0.878, 0.879, 0.88, 0.88, 0.88, 0.88, 0.88, 0.88, 0.88, 0.88, 0.88, 0.88, 0.88, 0.88, 0.88, 0.88, 0.88, 0.88, 0.88, 0.88, 0.88, 0.88, 0.88, 0.88, 0.88, 0.88, 0.88, 0.88, 0.88, 0.88, 0.88, 0.88, 0.88, 0.88, 0.88, 0.88, 0.88, 0.88, 0.88, 0.88, 0.88, 0.88, 0.88, 0.88, 0.88, 0.88], params=[1.0, 1.0, 0.36, 0.12], fit_error=[0.043, 0.031])",[-70.  70.],"[0.36, 0.883]","[0.36, 0.36, 0.36, 0.36, 0.36, 0.36, 0.36, 0.36, 0.36, 0.36, 0.36, 0.36, 0.36, 0.36, 0.36, 0.36, 0.36, 0.36, 0.36, 0.36, 0.36, 0.36, 0.36, 0.36, 0.36, 0.36, 0.36, 0.36, 0.36, 0.36, 0.36, 0.36, 0.36, 0.36, 0.36, 0.36, 0.36, 0.36, 0.36, 0.36, 0.36, 0.36, 0.36, 0.36, 0.36, 0.36, 0.361, 0.366, 0.382, 0.44, 0.582, 0.752, 0.842, 0.87, 0.878, 0.879, 0.88, 0.88, 0.88, 0.88, 0.88, 0.88, 0.88, 0.88, 0.88, 0.88, 0.88, 0.88, 0.88, 0.88, 0.88, 0.88, 0.88, 0.88, 0.88, 0.88, 0.88, 0.88, 0.88, 0.88, 0.88, 0.88, 0.88, 0.88, 0.88, 0.88, 0.88, 0.88, 0.88, 0.88, 0.88, 0.88, 0.88, 0.88, 0.88, 0.88, 0.88, 0.88, 0.88, 0.88]","[0.043, 0.031]","[1.0, 1.0, 0.36, 0.12]",1.0,1.0,0.36,0.12,"psych_curve(xdata=array([-70.,  70.]), ydata=[0.397, 0.96], fit=[nan, nan, nan, nan, nan, nan, nan, nan, nan, nan, nan, nan, nan, nan, nan, nan, nan, nan, nan, nan, nan, nan, nan, nan, nan, nan, nan, nan, nan, nan, nan, nan, nan, nan, nan, nan, nan, nan, nan, nan, nan, nan, nan, nan, nan, nan, nan, nan, nan, nan, nan, nan, nan, nan, nan, nan, nan, nan, nan, nan, nan, nan, nan, nan, nan, nan, nan, nan, nan, nan, nan, nan, nan, nan, nan, nan, nan, nan, nan, nan, nan, nan, nan, nan, nan, nan, nan, nan, nan, nan, nan, nan, nan, nan, nan, nan, nan, nan, nan, nan], params=[1.0, 1.0, 0.4, 0.04], fit_error=[0.043, 0.02])",[-70.  70.],"[0.36, 0.883]","[0.36, 0.36, 0.36, 0.36, 0.36, 0.36, 0.36, 0.36, 0.36, 0.36, 0.36, 0.36, 0.36, 0.36, 0.36, 0.36, 0.36, 0.36, 0.36, 0.36, 0.36, 0.36, 0.36, 0.36, 0.36, 0.36, 0.36, 0.36, 0.36, 0.36, 0.36, 0.36, 0.36, 0.36, 0.36, 0.36, 0.36, 0.36, 0.36, 0.36, 0.36, 0.36, 0.36, 0.36, 0.36, 0.36, 0.361, 0.366, 0.382, 0.44, 0.582, 0.752, 0.842, 0.87, 0.878, 0.879, 0.88, 0.88, 0.88, 0.88, 0.88, 0.88, 0.88, 0.88, 0.88, 0.88, 0.88, 0.88, 0.88, 0.88, 0.88, 0.88, 0.88, 0.88, 0.88, 0.88, 0.88, 0.88, 0.88, 0.88, 0.88, 0.88, 0.88, 0.88, 0.88, 0.88, 0.88, 0.88, 0.88, 0.88, 0.88, 0.88, 0.88, 0.88, 0.88, 0.88, 0.88, 0.88, 0.88, 0.88]","[0.043, 0.031]","[1.0, 1.0, 0.4, 0.04]",1.0,1.0,0.4,0.04
2025-06-11,2,,15,['Bpod4'],245,121,124,91,133,166,70,96,99,58,58,37,21,0.6775510204081633,0.5785123966942148,0.7741935483870968,224,107,117,146,55,91,0.6043956043956044,0.6842105263157895,66,34,32,0.37362637362637363,0.24060150375939848,0.7410714285714286,0.6542056074766355,0.8205128205128205,0.7410714285714286,0.166307213036185,0.678082191780822,0.8787878787878788,-0.20070568700705682,0.6443030653556969,0.30711393869288606,21,14,7,0.08571428571428572,0.11570247933884298,0.056451612903225805,166,70,96,415.0,175.0,240.0,0.0,0,119,0,0.0,9.999999999976694e-05,"psych_curve(xdata=array([-70.,  70.]), ydata=[0.346, 0.821], fit=[0.35, 0.35, 0.35, 0.35, 0.35, 0.35, 0.35, 0.35, 0.35, 0.35, 0.35, 0.35, 0.35, 0.35, 0.35, 0.35, 0.35, 0.35, 0.35, 0.35, 0.35, 0.35, 0.35, 0.35, 0.35, 0.35, 0.35, 0.35, 0.35, 0.35, 0.35, 0.35, 0.35, 0.35, 0.35, 0.35, 0.35, 0.35, 0.35, 0.35, 0.35, 0.35, 0.35, 0.35, 0.35, 0.35, 0.351, 0.355, 0.37, 0.422, 0.551, 0.704, 0.785, 0.811, 0.818, 0.819, 0.82, 0.82, 0.82, 0.82, 0.82, 0.82, 0.82, 0.82, 0.82, 0.82, 0.82, 0.82, 0.82, 0.82, 0.82, 0.82, 0.82, 0.82, 0.82, 0.82, 0.82, 0.82, 0.82, 0.82, 0.82, 0.82, 0.82, 0.82, 0.82, 0.82, 0.82, 0.82, 0.82, 0.82, 0.82, 0.82, 0.82, 0.82, 0.82, 0.82, 0.82, 0.82, 0.82, 0.82], params=[1.0, 1.0, 0.35, 0.18], fit_error=[0.046, 0.036])",[-70.  70.],"[0.346, 0.821]","[0.35, 0.35, 0.35, 0.35, 0.35, 0.35, 0.35, 0.35, 0.35, 0.35, 0.35, 0.35, 0.35, 0.35, 0.35, 0.35, 0.35, 0.35, 0.35, 0.35, 0.35, 0.35, 0.35, 0.35, 0.35, 0.35, 0.35, 0.35, 0.35, 0.35, 0.35, 0.35, 0.35, 0.35, 0.35, 0.35, 0.35, 0.35, 0.35, 0.35, 0.35, 0.35, 0.35, 0.35, 0.35, 0.35, 0.351, 0.355, 0.37, 0.422, 0.551, 0.704, 0.785, 0.811, 0.818, 0.819, 0.82, 0.82, 0.82, 0.82, 0.82, 0.82, 0.82, 0.82, 0.82, 0.82, 0.82, 0.82, 0.82, 0.82, 0.82, 0.82, 0.82, 0.82, 0.82, 0.82, 0.82, 0.82, 0.82, 0.82, 0.82, 0.82, 0.82, 0.82, 0.82, 0.82, 0.82, 0.82, 0.82, 0.82, 0.82, 0.82, 0.82, 0.82, 0.82, 0.82, 0.82, 0.82, 0.82, 0.82]","[0.046, 0.036]","[1.0, 1.0, 0.35, 0.18]",1.0,1.0,0.35,0.18,"psych_curve(xdata=array([-70.,  70.]), ydata=[0.448, 0.925], fit=[nan, nan, nan, nan, nan, nan, nan, nan, nan, nan, nan, nan, nan, nan, nan, nan, nan, nan, nan, nan, nan, nan, nan, nan, nan, nan, nan, nan, nan, nan, nan, nan, nan, nan, nan, nan, nan, nan, nan, nan, nan, nan, nan, nan, nan, nan, nan, nan, nan, nan, nan, nan, nan, nan, nan, nan, nan, nan, nan, nan, nan, nan, nan, nan, nan, nan, nan, nan, nan, nan, nan, nan, nan, nan, nan, nan, nan, nan, nan, nan, nan, nan, nan, nan, nan, nan, nan, nan, nan, nan, nan, nan, nan, nan, nan, nan, nan, nan, nan, nan], params=[1.0, 1.0, 0.45, 0.08], fit_error=[0.049, 0.026])",[-70.  70.],"[0.346, 0.821]","[0.35, 0.35, 0.35, 0.35, 0.35, 0.35, 0.35, 0.35, 0.35, 0.35, 0.35, 0.35, 0.35, 0.35, 0.35, 0.35, 0.35, 0.35, 0.35, 0.35, 0.35, 0.35, 0.35, 0.35, 0.35, 0.35, 0.35, 0.35, 0.35, 0.35, 0.35, 0.35, 0.35, 0.35, 0.35, 0.35, 0.35, 0.35, 0.35, 0.35, 0.35, 0.35, 0.35, 0.35, 0.35, 0.35, 0.351, 0.355, 0.37, 0.422, 0.551, 0.704, 0.785, 0.811, 0.818, 0.819, 0.82, 0.82, 0.82, 0.82, 0.82, 0.82, 0.82, 0.82, 0.82, 0.82, 0.82, 0.82, 0.82, 0.82, 0.82, 0.82, 0.82, 0.82, 0.82, 0.82, 0.82, 0.82, 0.82, 0.82, 0.82, 0.82, 0.82, 0.82, 0.82, 0.82, 0.82, 0.82, 0.82, 0.82, 0.82, 0.82, 0.82, 0.82, 0.82, 0.82, 0.82, 0.82, 0.82, 0.82]","[0.046, 0.036]","[1.0, 1.0, 0.45, 0.08]",1.0,1.0,0.45,0.08
2025-06-12,3,,15,['Bpod4'],254,127,127,123,131,228,112,116,124,103,26,15,11,0.8976377952755905,0.8818897637795275,0.9133858267716536,254,127,127,143,67,76,0.5447154471544715,0.5801526717557252,110,55,55,0.44715447154471544,0.4198473282442748,0.8976377952755905,0.8818897637795275,0.9133858267716536,0.8976377952755905,0.03149606299212604,0.8671328671328671,0.9363636363636364,-0.06923076923076932,0.5624340594550983,0.43350089989449514,0,0,0,0.0,0.0,0.0,228,112,116,570.0,280.0,290.0,0.0,0,126,0,0.0,9.999999999976694e-05,"psych_curve(xdata=array([-70.,  70.]), ydata=[0.118, 0.913], fit=[0.12, 0.12, 0.12, 0.12, 0.12, 0.12, 0.12, 0.12, 0.12, 0.12, 0.12, 0.12, 0.12, 0.12, 0.12, 0.12, 0.12, 0.12, 0.12, 0.12, 0.12, 0.12, 0.12, 0.12, 0.12, 0.12, 0.12, 0.12, 0.12, 0.12, 0.12, 0.12, 0.12, 0.12, 0.12, 0.12, 0.12, 0.12, 0.12, 0.12, 0.12, 0.12, 0.12, 0.12, 0.12, 0.121, 0.122, 0.128, 0.153, 0.241, 0.458, 0.716, 0.852, 0.895, 0.906, 0.909, 0.91, 0.91, 0.91, 0.91, 0.91, 0.91, 0.91, 0.91, 0.91, 0.91, 0.91, 0.91, 0.91, 0.91, 0.91, 0.91, 0.91, 0.91, 0.91, 0.91, 0.91, 0.91, 0.91, 0.91, 0.91, 0.91, 0.91, 0.91, 0.91, 0.91, 0.91, 0.91, 0.91, 0.91, 0.91, 0.91, 0.91, 0.91, 0.91, 0.91, 0.91, 0.91, 0.91, 0.91], params=[1.0, 1.0, 0.12, 0.09], fit_error=[0.029, 0.025])",[-70.  70.],"[0.118, 0.913]","[0.12, 0.12, 0.12, 0.12, 0.12, 0.12, 0.12, 0.12, 0.12, 0.12, 0.12, 0.12, 0.12, 0.12, 0.12, 0.12, 0.12, 0.12, 0.12, 0.12, 0.12, 0.12, 0.12, 0.12, 0.12, 0.12, 0.12, 0.12, 0.12, 0.12, 0.12, 0.12, 0.12, 0.12, 0.12, 0.12, 0.12, 0.12, 0.12, 0.12, 0.12, 0.12, 0.12, 0.12, 0.12, 0.121, 0.122, 0.128, 0.153, 0.241, 0.458, 0.716, 0.852, 0.895, 0.906, 0.909, 0.91, 0.91, 0.91, 0.91, 0.91, 0.91, 0.91, 0.91, 0.91, 0.91, 0.91, 0.91, 0.91, 0.91, 0.91, 0.91, 0.91, 0.91, 0.91, 0.91, 0.91, 0.91, 0.91, 0.91, 0.91, 0.91, 0.91, 0.91, 0.91, 0.91, 0.91, 0.91, 0.91, 0.91, 0.91, 0.91, 0.91, 0.91, 0.91, 0.91, 0.91, 0.91, 0.91, 0.91]","[0.029, 0.025]","[1.0, 1.0, 0.12, 0.09]",1.0,1.0,0.12,0.09,"psych_curve(xdata=array([-70.,  70.]), ydata=[0.156, 0.947], fit=[nan, nan, nan, nan, nan, nan, nan, nan, nan, nan, nan, nan, nan, nan, nan, nan, nan, nan, nan, nan, nan, nan, nan, nan, nan, nan, nan, nan, nan, nan, nan, nan, nan, nan, nan, nan, nan, nan, nan, nan, nan, nan, nan, nan, nan, nan, nan, nan, nan, nan, nan, nan, nan, nan, nan, nan, nan, nan, nan, nan, nan, nan, nan, nan, nan, nan, nan, nan, nan, nan, nan, nan, nan, nan, nan, nan, nan, nan, nan, nan, nan, nan, nan, nan, nan, nan, nan, nan, nan, nan, nan, nan, nan, nan, nan, nan, nan, nan, nan, nan], params=[1.0, 1.0, 0.16, 0.05], fit_error=[0.033, 0.02])",[-70.  70.],"[0.118, 0.913]","[0.12, 0.12, 0.12, 0.12, 0.12, 0.12, 0.12, 0.12, 0.12, 0.12, 0.12, 0.12, 0.12, 0.12, 0.12, 0.12, 0.12, 0.12, 0.12, 0.12, 0.12, 0.12, 0.12, 0.12, 0.12, 0.12, 0.12, 0.12, 0.12, 0.12, 0.12, 0.12, 0.12, 0.12, 0.12, 0.12, 0.12, 0.12, 0.12, 0.12, 0.12, 0.12, 0.12, 0.12, 0.12, 0.121, 0.122, 0.128, 0.153, 0.241, 0.458, 0.716, 0.852, 0.895, 0.906, 0.909, 0.91, 0.91, 0.91, 0.91, 0.91, 0.91, 0.91, 0.91, 0.91, 0.91, 0.91, 0.91, 0.91, 0.91, 0.91, 0.91, 0.91, 0.91, 0.91, 0.91, 0.91, 0.91, 0.91, 0.91, 0.91, 0.91, 0.91, 0.91, 0.91, 0.91, 0.91, 0.91, 0.91, 0.91, 0.91, 0.91, 0.91, 0.91, 0.91, 0.91, 0.91, 0.91, 0.91, 0.91]","[0.029, 0.025]","[1.0, 1.0, 0.16, 0.05]",1.0,1.0,0.16,0.05
2025-06-13,4,,15,['Bpod4'],140,74,66,54,86,118,53,65,61,57,22,21,1,0.8428571428571429,0.7162162162162162,0.9848484848484849,140,74,66,76,22,54,0.4074074074074074,0.627906976744186,63,32,31,0.5925925925925926,0.36046511627906974,0.8428571428571429,0.7162162162162162,0.9848484848484849,0.8428571428571429,0.26863226863226863,0.8026315789473685,0.9047619047619048,-0.1021303258145363,0.5176571920757967,0.47652885443583115,0,0,0,0.0,0.0,0.0,118,53,65,295.0,132.5,162.5,0.0,0,67,0,0.0,9.999999999976694e-05,"psych_curve(xdata=array([-70.,  70.]), ydata=[0.284, 0.985], fit=[0.28, 0.28, 0.28, 0.28, 0.28, 0.28, 0.28, 0.28, 0.28, 0.28, 0.28, 0.28, 0.28, 0.28, 0.28, 0.28, 0.28, 0.28, 0.28, 0.28, 0.28, 0.28, 0.28, 0.28, 0.28, 0.28, 0.28, 0.28, 0.28, 0.28, 0.28, 0.28, 0.28, 0.28, 0.28, 0.28, 0.28, 0.28, 0.28, 0.28, 0.28, 0.28, 0.28, 0.28, 0.28, 0.28, 0.282, 0.288, 0.31, 0.389, 0.583, 0.815, 0.938, 0.977, 0.987, 0.989, 0.99, 0.99, 0.99, 0.99, 0.99, 0.99, 0.99, 0.99, 0.99, 0.99, 0.99, 0.99, 0.99, 0.99, 0.99, 0.99, 0.99, 0.99, 0.99, 0.99, 0.99, 0.99, 0.99, 0.99, 0.99, 0.99, 0.99, 0.99, 0.99, 0.99, 0.99, 0.99, 0.99, 0.99, 0.99, 0.99, 0.99, 0.99, 0.99, 0.99, 0.99, 0.99, 0.99, 0.99], params=[1.0, 1.0, 0.28, 0.01], fit_error=[0.053, 0.015])",[-70.  70.],"[0.284, 0.985]","[0.28, 0.28, 0.28, 0.28, 0.28, 0.28, 0.28, 0.28, 0.28, 0.28, 0.28, 0.28, 0.28, 0.28, 0.28, 0.28, 0.28, 0.28, 0.28, 0.28, 0.28, 0.28, 0.28, 0.28, 0.28, 0.28, 0.28, 0.28, 0.28, 0.28, 0.28, 0.28, 0.28, 0.28, 0.28, 0.28, 0.28, 0.28, 0.28, 0.28, 0.28, 0.28, 0.28, 0.28, 0.28, 0.28, 0.282, 0.288, 0.31, 0.389, 0.583, 0.815, 0.938, 0.977, 0.987, 0.989, 0.99, 0.99, 0.99, 0.99, 0.99, 0.99, 0.99, 0.99, 0.99, 0.99, 0.99, 0.99, 0.99, 0.99, 0.99, 0.99, 0.99, 0.99, 0.99, 0.99, 0.99, 0.99, 0.99, 0.99, 0.99, 0.99, 0.99, 0.99, 0.99, 0.99, 0.99, 0.99, 0.99, 0.99, 0.99, 0.99, 0.99, 0.99, 0.99, 0.99, 0.99, 0.99, 0.99, 0.99]","[0.053, 0.015]","[1.0, 1.0, 0.28, 0.01]",1.0,1.0,0.28,0.01,"psych_curve(xdata=array([-70.,  70.]), ydata=[0.208, 0.91], fit=[nan, nan, nan, nan, nan, nan, nan, nan, nan, nan, nan, nan, nan, nan, nan, nan, nan, nan, nan, nan, nan, nan, nan, nan, nan, nan, nan, nan, nan, nan, nan, nan, nan, nan, nan, nan, nan, nan, nan, nan, nan, nan, nan, nan, nan, nan, nan, nan, nan, nan, nan, nan, nan, nan, nan, nan, nan, nan, nan, nan, nan, nan, nan, nan, nan, nan, nan, nan, nan, nan, nan, nan, nan, nan, nan, nan, nan, nan, nan, nan, nan, nan, nan, nan, nan, nan, nan, nan, nan, nan, nan, nan, nan, nan, nan, nan, nan, nan, nan, nan], params=[1.0, 1.0, 0.21, 0.09], fit_error=[0.048, 0.035])",[-70.  70.],"[0.284, 0.985]","[0.28, 0.28, 0.28, 0.28, 0.28, 0.28, 0.28, 0.28, 0.28, 0.28, 0.28, 0.28, 0.28, 0.28, 0.28, 0.28, 0.28, 0.28, 0.28, 0.28, 0.28, 0.28, 0.28, 0.28, 0.28, 0.28, 0.28, 0.28, 0.28, 0.28, 0.28, 0.28, 0.28, 0.28, 0.28, 0.28, 0.28, 0.28, 0.28, 0.28, 0.28, 0.28, 0.28, 0.28, 0.28, 0.28, 0.282, 0.288, 0.31, 0.389, 0.583, 0.815, 0.938, 0.977, 0.987, 0.989, 0.99, 0.99, 0.99, 0.99, 0.99, 0.99, 0.99, 0.99, 0.99, 0.99, 0.99, 0.99, 0.99, 0.99, 0.99, 0.99, 0.99, 0.99, 0.99, 0.99, 0.99, 0.99, 0.99, 0.99, 0.99, 0.99, 0.99, 0.99, 0.99, 0.99, 0.99, 0.99, 0.99, 0.99, 0.99, 0.99, 0.99, 0.99, 0.99, 0.99, 0.99, 0.99, 0.99, 0.99]","[0.053, 0.015]","[1.0, 1.0, 0.21, 0.09]",1.0,1.0,0.21,0.09
2025-06-16,0,,15,['Bpod4'],241,123,118,118,113,197,100,97,98,95,34,16,18,0.8174273858921162,0.8130081300813008,0.8220338983050848,231,116,115,124,64,60,0.5423728813559322,0.5309734513274337,101,51,50,0.4322033898305085,0.4424778761061947,0.8528138528138528,0.8620689655172413,0.8434782608695652,0.8528138528138528,-0.018590704647676093,0.7903225806451613,0.9405940594059405,-0.1502714787607793,0.5366731663416829,0.4373406329683516,10,7,3,0.04149377593360996,0.056910569105691054,0.025423728813559324,197,100,97,492.5,250.0,242.5,0.0,0,120,0,0.0,9.999999999976694e-05,"psych_curve(xdata=array([-70.,  70.]), ydata=[0.138, 0.843], fit=[0.14, 0.14, 0.14, 0.14, 0.14, 0.14, 0.14, 0.14, 0.14, 0.14, 0.14, 0.14, 0.14, 0.14, 0.14, 0.14, 0.14, 0.14, 0.14, 0.14, 0.14, 0.14, 0.14, 0.14, 0.14, 0.14, 0.14, 0.14, 0.14, 0.14, 0.14, 0.14, 0.14, 0.14, 0.14, 0.14, 0.14, 0.14, 0.14, 0.14, 0.14, 0.14, 0.14, 0.14, 0.14, 0.14, 0.142, 0.147, 0.17, 0.247, 0.439, 0.668, 0.789, 0.827, 0.837, 0.839, 0.84, 0.84, 0.84, 0.84, 0.84, 0.84, 0.84, 0.84, 0.84, 0.84, 0.84, 0.84, 0.84, 0.84, 0.84, 0.84, 0.84, 0.84, 0.84, 0.84, 0.84, 0.84, 0.84, 0.84, 0.84, 0.84, 0.84, 0.84, 0.84, 0.84, 0.84, 0.84, 0.84, 0.84, 0.84, 0.84, 0.84, 0.84, 0.84, 0.84, 0.84, 0.84, 0.84, 0.84], params=[1.0, 1.0, 0.14, 0.16], fit_error=[0.032, 0.034])",[-70.  70.],"[0.138, 0.843]","[0.14, 0.14, 0.14, 0.14, 0.14, 0.14, 0.14, 0.14, 0.14, 0.14, 0.14, 0.14, 0.14, 0.14, 0.14, 0.14, 0.14, 0.14, 0.14, 0.14, 0.14, 0.14, 0.14, 0.14, 0.14, 0.14, 0.14, 0.14, 0.14, 0.14, 0.14, 0.14, 0.14, 0.14, 0.14, 0.14, 0.14, 0.14, 0.14, 0.14, 0.14, 0.14, 0.14, 0.14, 0.14, 0.14, 0.142, 0.147, 0.17, 0.247, 0.439, 0.668, 0.789, 0.827, 0.837, 0.839, 0.84, 0.84, 0.84, 0.84, 0.84, 0.84, 0.84, 0.84, 0.84, 0.84, 0.84, 0.84, 0.84, 0.84, 0.84, 0.84, 0.84, 0.84, 0.84, 0.84, 0.84, 0.84, 0.84, 0.84, 0.84, 0.84, 0.84, 0.84, 0.84, 0.84, 0.84, 0.84, 0.84, 0.84, 0.84, 0.84, 0.84, 0.84, 0.84, 0.84, 0.84, 0.84, 0.84, 0.84]","[0.032, 0.034]","[1.0, 1.0, 0.14, 0.16]",1.0,1.0,0.14,0.16,"psych_curve(xdata=array([-70.,  70.]), ydata=[0.215, 0.942], fit=[nan, nan, nan, nan, nan, nan, nan, nan, nan, nan, nan, nan, nan, nan, nan, nan, nan, nan, nan, nan, nan, nan, nan, nan, nan, nan, nan, nan, nan, nan, nan, nan, nan, nan, nan, nan, nan, nan, nan, nan, nan, nan, nan, nan, nan, nan, nan, nan, nan, nan, nan, nan, nan, nan, nan, nan, nan, nan, nan, nan, nan, nan, nan, nan, nan, nan, nan, nan, nan, nan, nan, nan, nan, nan, nan, nan, nan, nan, nan, nan, nan, nan, nan, nan, nan, nan, nan, nan, nan, nan, nan, nan, nan, nan, nan, nan, nan, nan, nan, nan], params=[1.0, 1.0, 0.22, 0.06], fit_error=[0.037, 0.023])",[-70.  70.],"[0.138, 0.843]","[0.14, 0.14, 0.14, 0.14, 0.14, 0.14, 0.14, 0.14, 0.14, 0.14, 0.14, 0.14, 0.14, 0.14, 0.14, 0.14, 0.14, 0.14, 0.14, 0.14, 0.14, 0.14, 0.14, 0.14, 0.14, 0.14, 0.14, 0.14, 0.14, 0.14, 0.14, 0.14, 0.14, 0.14, 0.14, 0.14, 0.14, 0.14, 0.14, 0.14, 0.14, 0.14, 0.14, 0.14, 0.14, 0.14, 0.142, 0.147, 0.17, 0.247, 0.439, 0.668, 0.789, 0.827, 0.837, 0.839, 0.84, 0.84, 0.84, 0.84, 0.84, 0.84, 0.84, 0.84, 0.84, 0.84, 0.84, 0.84, 0.84, 0.84, 0.84, 0.84, 0.84, 0.84, 0.84, 0.84, 0.84, 0.84, 0.84, 0.84, 0.84, 0.84, 0.84, 0.84, 0.84, 0.84, 0.84, 0.84, 0.84, 0.84, 0.84, 0.84, 0.84, 0.84, 0.84, 0.84, 0.84, 0.84, 0.84, 0.84]","[0.032, 0.034]","[1.0, 1.0, 0.22, 0.06]",1.0,1.0,0.22,0.06
2025-06-17,1,,15,['Bpod4'],243,121,122,117,124,211,103,108,114,95,30,16,14,0.8683127572016461,0.8512396694214877,0.8852459016393442,241,119,122,137,65,72,0.5555555555555556,0.5806451612903226,102,51,51,0.4358974358974359,0.4112903225806452,0.8755186721991701,0.865546218487395,0.8852459016393442,0.8755186721991701,0.019699683151949254,0.8321167883211679,0.9313725490196079,-0.09925576069844,0.5681003584229392,0.42359387923904057,2,2,0,0.00823045267489712,0.01652892561983471,0.0,211,103,108,527.5,257.5,270.0,0.0,0,116,0,0.0,9.999999999976694e-05,"psych_curve(xdata=array([-70.,  70.]), ydata=[0.134, 0.885], fit=[0.13, 0.13, 0.13, 0.13, 0.13, 0.13, 0.13, 0.13, 0.13, 0.13, 0.13, 0.13, 0.13, 0.13, 0.13, 0.13, 0.13, 0.13, 0.13, 0.13, 0.13, 0.13, 0.13, 0.13, 0.13, 0.13, 0.13, 0.13, 0.13, 0.13, 0.13, 0.13, 0.13, 0.13, 0.13, 0.13, 0.13, 0.13, 0.13, 0.13, 0.13, 0.13, 0.13, 0.13, 0.13, 0.13, 0.132, 0.138, 0.162, 0.247, 0.455, 0.703, 0.834, 0.876, 0.886, 0.889, 0.89, 0.89, 0.89, 0.89, 0.89, 0.89, 0.89, 0.89, 0.89, 0.89, 0.89, 0.89, 0.89, 0.89, 0.89, 0.89, 0.89, 0.89, 0.89, 0.89, 0.89, 0.89, 0.89, 0.89, 0.89, 0.89, 0.89, 0.89, 0.89, 0.89, 0.89, 0.89, 0.89, 0.89, 0.89, 0.89, 0.89, 0.89, 0.89, 0.89, 0.89, 0.89, 0.89, 0.89], params=[1.0, 1.0, 0.13, 0.11], fit_error=[0.031, 0.029])",[-70.  70.],"[0.134, 0.885]","[0.13, 0.13, 0.13, 0.13, 0.13, 0.13, 0.13, 0.13, 0.13, 0.13, 0.13, 0.13, 0.13, 0.13, 0.13, 0.13, 0.13, 0.13, 0.13, 0.13, 0.13, 0.13, 0.13, 0.13, 0.13, 0.13, 0.13, 0.13, 0.13, 0.13, 0.13, 0.13, 0.13, 0.13, 0.13, 0.13, 0.13, 0.13, 0.13, 0.13, 0.13, 0.13, 0.13, 0.13, 0.13, 0.13, 0.132, 0.138, 0.162, 0.247, 0.455, 0.703, 0.834, 0.876, 0.886, 0.889, 0.89, 0.89, 0.89, 0.89, 0.89, 0.89, 0.89, 0.89, 0.89, 0.89, 0.89, 0.89, 0.89, 0.89, 0.89, 0.89, 0.89, 0.89, 0.89, 0.89, 0.89, 0.89, 0.89, 0.89, 0.89, 0.89, 0.89, 0.89, 0.89, 0.89, 0.89, 0.89, 0.89, 0.89, 0.89, 0.89, 0.89, 0.89, 0.89, 0.89, 0.89, 0.89, 0.89, 0.89]","[0.031, 0.029]","[1.0, 1.0, 0.13, 0.11]",1.0,1.0,0.13,0.11,"psych_curve(xdata=array([-70.,  70.]), ydata=[0.195, 0.942], fit=[nan, nan, nan, nan, nan, nan, nan, nan, nan, nan, nan, nan, nan, nan, nan, nan, nan, nan, nan, nan, nan, nan, nan, nan, nan, nan, nan, nan, nan, nan, nan, nan, nan, nan, nan, nan, nan, nan, nan, nan, nan, nan, nan, nan, nan, nan, nan, nan, nan, nan, nan, nan, nan, nan, nan, nan, nan, nan, nan, nan, nan, nan, nan, nan, nan, nan, nan, nan, nan, nan, nan, nan, nan, nan, nan, nan, nan, nan, nan, nan, nan, nan, nan, nan, nan, nan, nan, nan, nan, nan, nan, nan, nan, nan, nan, nan, nan, nan, nan, nan], params=[1.0, 1.0, 0.19, 0.06], fit_error=[0.037, 0.021])",[-70.  70.],"[0.134, 0.885]","[0.13, 0.13, 0.13, 0.13, 0.13, 0.13, 0.13, 0.13, 0.13, 0.13, 0.13, 0.13, 0.13, 0.13, 0.13, 0.13, 0.13, 0.13, 0.13, 0.13, 0.13, 0.13, 0.13, 0.13, 0.13, 0.13, 0.13, 0.13, 0.13, 0.13, 0.13, 0.13, 0.13, 0.13, 0.13, 0.13, 0.13, 0.13, 0.13, 0.13, 0.13, 0.13, 0.13, 0.13, 0.13, 0.13, 0.132, 0.138, 0.162, 0.247, 0.455, 0.703, 0.834, 0.876, 0.886, 0.889, 0.89, 0.89, 0.89, 0.89, 0.89, 0.89, 0.89, 0.89, 0.89, 0.89, 0.89, 0.89, 0.89, 0.89, 0.89, 0.89, 0.89, 0.89, 0.89, 0.89, 0.89, 0.89, 0.89, 0.89, 0.89, 0.89, 0.89, 0.89, 0.89, 0.89, 0.89, 0.89, 0.89, 0.89, 0.89, 0.89, 0.89, 0.89, 0.89, 0.89, 0.89, 0.89, 0.89, 0.89]","[0.031, 0.029]","[1.0, 1.0, 0.19, 0.06]",1.0,1.0,0.19,0.06
2025-06-18,2,,15,['Bpod4'],272,134,138,145,121,236,123,113,126,106,30,8,22,0.8676470588235294,0.917910447761194,0.8188405797101449,266,131,135,148,87,61,0.6,0.5041322314049587,114,56,58,0.38620689655172413,0.4793388429752066,0.8872180451127819,0.9389312977099237,0.837037037037037,0.8872180451127819,-0.10189426067288665,0.8513513513513513,0.9298245614035088,-0.07847321005215746,0.5520661157024793,0.4327728697634654,6,3,3,0.022058823529411766,0.022388059701492536,0.021739130434782608,236,123,113,590.0,307.5,282.5,0.0,0,131,0,0.0,0.007988602941176244,"psych_curve(xdata=array([-70.,  70.]), ydata=[0.061, 0.837], fit=[0.06, 0.06, 0.06, 0.06, 0.06, 0.06, 0.06, 0.06, 0.06, 0.06, 0.06, 0.06, 0.06, 0.06, 0.06, 0.06, 0.06, 0.06, 0.06, 0.06, 0.06, 0.06, 0.06, 0.06, 0.06, 0.06, 0.06, 0.06, 0.06, 0.06, 0.06, 0.06, 0.06, 0.06, 0.06, 0.06, 0.06, 0.06, 0.06, 0.06, 0.06, 0.06, 0.06, 0.06, 0.06, 0.06, 0.062, 0.068, 0.093, 0.18, 0.393, 0.648, 0.783, 0.825, 0.836, 0.839, 0.84, 0.84, 0.84, 0.84, 0.84, 0.84, 0.84, 0.84, 0.84, 0.84, 0.84, 0.84, 0.84, 0.84, 0.84, 0.84, 0.84, 0.84, 0.84, 0.84, 0.84, 0.84, 0.84, 0.84, 0.84, 0.84, 0.84, 0.84, 0.84, 0.84, 0.84, 0.84, 0.84, 0.84, 0.84, 0.84, 0.84, 0.84, 0.84, 0.84, 0.84, 0.84, 0.84, 0.84], params=[1.0, 1.0, 0.06, 0.16], fit_error=[0.021, 0.032])",[-70.  70.],"[0.061, 0.837]","[0.06, 0.06, 0.06, 0.06, 0.06, 0.06, 0.06, 0.06, 0.06, 0.06, 0.06, 0.06, 0.06, 0.06, 0.06, 0.06, 0.06, 0.06, 0.06, 0.06, 0.06, 0.06, 0.06, 0.06, 0.06, 0.06, 0.06, 0.06, 0.06, 0.06, 0.06, 0.06, 0.06, 0.06, 0.06, 0.06, 0.06, 0.06, 0.06, 0.06, 0.06, 0.06, 0.06, 0.06, 0.06, 0.06, 0.062, 0.068, 0.093, 0.18, 0.393, 0.648, 0.783, 0.825, 0.836, 0.839, 0.84, 0.84, 0.84, 0.84, 0.84, 0.84, 0.84, 0.84, 0.84, 0.84, 0.84, 0.84, 0.84, 0.84, 0.84, 0.84, 0.84, 0.84, 0.84, 0.84, 0.84, 0.84, 0.84, 0.84, 0.84, 0.84, 0.84, 0.84, 0.84, 0.84, 0.84, 0.84, 0.84, 0.84, 0.84, 0.84, 0.84, 0.84, 0.84, 0.84, 0.84, 0.84, 0.84, 0.84]","[0.021, 0.032]","[1.0, 1.0, 0.06, 0.16]",1.0,1.0,0.06,0.16,"psych_curve(xdata=array([-70.,  70.]), ydata=[0.172, 0.94], fit=[nan, nan, nan, nan, nan, nan, nan, nan, nan, nan, nan, nan, nan, nan, nan, nan, nan, nan, nan, nan, nan, nan, nan, nan, nan, nan, nan, nan, nan, nan, nan, nan, nan, nan, nan, nan, nan, nan, nan, nan, nan, nan, nan, nan, nan, nan, nan, nan, nan, nan, nan, nan, nan, nan, nan, nan, nan, nan, nan, nan, nan, nan, nan, nan, nan, nan, nan, nan, nan, nan, nan, nan, nan, nan, nan, nan, nan, nan, nan, nan, nan, nan, nan, nan, nan, nan, nan, nan, nan, nan, nan, nan, nan, nan, nan, nan, nan, nan, nan, nan], params=[1.0, 1.0, 0.17, 0.06], fit_error=[0.033, 0.021])",[-70.  70.],"[0.061, 0.837]","[0.06, 0.06, 0.06, 0.06, 0.06, 0.06, 0.06, 0.06, 0.06, 0.06, 0.06, 0.06, 0.06, 0.06, 0.06, 0.06, 0.06, 0.06, 0.06, 0.06, 0.06, 0.06, 0.06, 0.06, 0.06, 0.06, 0.06, 0.06, 0.06, 0.06, 0.06, 0.06, 0.06, 0.06, 0.06, 0.06, 0.06, 0.06, 0.06, 0.06, 0.06, 0.06, 0.06, 0.06, 0.06, 0.06, 0.062, 0.068, 0.093, 0.18, 0.393, 0.648, 0.783, 0.825, 0.836, 0.839, 0.84, 0.84, 0.84, 0.84, 0.84, 0.84, 0.84, 0.84, 0.84, 0.84, 0.84, 0.84, 0.84, 0.84, 0.84, 0.84, 0.84, 0.84, 0.84, 0.84, 0.84, 0.84, 0.84, 0.84, 0.84, 0.84, 0.84, 0.84, 0.84, 0.84, 0.84, 0.84, 0.84, 0.84, 0.84, 0.84, 0.84, 0.84, 0.84, 0.84, 0.84, 0.84, 0.84, 0.84]","[0.021, 0.032]","[1.0, 1.0, 0.17, 0.06]",1.0,1.0,0.17,0.06
2025-06-19,3,,15,['Bpod4'],238,114,124,113,124,200,95,105,110,89,37,19,18,0.8403361344537815,0.8333333333333334,0.8467741935483871,237,114,123,135,62,73,0.5486725663716814,0.5887096774193549,101,50,51,0.4424778761061947,0.4112903225806452,0.8438818565400844,0.8333333333333334,0.8536585365853658,0.8438818565400844,0.020325203252032464,0.8148148148148148,0.8811881188118812,-0.06637330399706642,0.5686911218955182,0.42688409934342,1,0,1,0.004201680672268907,0.0,0.008064516129032258,200,95,105,500.0,237.5,262.5,0.0,0,37,0,0.0,0.17815126050420158,"psych_curve(xdata=array([-70.,  70.]), ydata=[0.167, 0.854], fit=[0.17, 0.17, 0.17, 0.17, 0.17, 0.17, 0.17, 0.17, 0.17, 0.17, 0.17, 0.17, 0.17, 0.17, 0.17, 0.17, 0.17, 0.17, 0.17, 0.17, 0.17, 0.17, 0.17, 0.17, 0.17, 0.17, 0.17, 0.17, 0.17, 0.17, 0.17, 0.17, 0.17, 0.17, 0.17, 0.17, 0.17, 0.17, 0.17, 0.17, 0.17, 0.17, 0.17, 0.17, 0.17, 0.17, 0.172, 0.177, 0.199, 0.274, 0.461, 0.683, 0.8, 0.837, 0.847, 0.849, 0.85, 0.85, 0.85, 0.85, 0.85, 0.85, 0.85, 0.85, 0.85, 0.85, 0.85, 0.85, 0.85, 0.85, 0.85, 0.85, 0.85, 0.85, 0.85, 0.85, 0.85, 0.85, 0.85, 0.85, 0.85, 0.85, 0.85, 0.85, 0.85, 0.85, 0.85, 0.85, 0.85, 0.85, 0.85, 0.85, 0.85, 0.85, 0.85, 0.85, 0.85, 0.85, 0.85, 0.85], params=[1.0, 1.0, 0.17, 0.15], fit_error=[0.035, 0.032])",[-70.  70.],"[0.167, 0.854]","[0.17, 0.17, 0.17, 0.17, 0.17, 0.17, 0.17, 0.17, 0.17, 0.17, 0.17, 0.17, 0.17, 0.17, 0.17, 0.17, 0.17, 0.17, 0.17, 0.17, 0.17, 0.17, 0.17, 0.17, 0.17, 0.17, 0.17, 0.17, 0.17, 0.17, 0.17, 0.17, 0.17, 0.17, 0.17, 0.17, 0.17, 0.17, 0.17, 0.17, 0.17, 0.17, 0.17, 0.17, 0.17, 0.17, 0.172, 0.177, 0.199, 0.274, 0.461, 0.683, 0.8, 0.837, 0.847, 0.849, 0.85, 0.85, 0.85, 0.85, 0.85, 0.85, 0.85, 0.85, 0.85, 0.85, 0.85, 0.85, 0.85, 0.85, 0.85, 0.85, 0.85, 0.85, 0.85, 0.85, 0.85, 0.85, 0.85, 0.85, 0.85, 0.85, 0.85, 0.85, 0.85, 0.85, 0.85, 0.85, 0.85, 0.85, 0.85, 0.85, 0.85, 0.85, 0.85, 0.85, 0.85, 0.85, 0.85, 0.85]","[0.035, 0.032]","[1.0, 1.0, 0.17, 0.15]",1.0,1.0,0.17,0.15,"psych_curve(xdata=array([-70.,  70.]), ydata=[0.219, 0.902], fit=[nan, nan, nan, nan, nan, nan, nan, nan, nan, nan, nan, nan, nan, nan, nan, nan, nan, nan, nan, nan, nan, nan, nan, nan, nan, nan, nan, nan, nan, nan, nan, nan, nan, nan, nan, nan, nan, nan, nan, nan, nan, nan, nan, nan, nan, nan, nan, nan, nan, nan, nan, nan, nan, nan, nan, nan, nan, nan, nan, nan, nan, nan, nan, nan, nan, nan, nan, nan, nan, nan, nan, nan, nan, nan, nan, nan, nan, nan, nan, nan, nan, nan, nan, nan, nan, nan, nan, nan, nan, nan, nan, nan, nan, nan, nan, nan, nan, nan, nan, nan], params=[1.0, 1.0, 0.22, 0.1], fit_error=[0.039, 0.027])",[-70.  70.],"[0.167, 0.854]","[0.17, 0.17, 0.17, 0.17, 0.17, 0.17, 0.17, 0.17, 0.17, 0.17, 0.17, 0.17, 0.17, 0.17, 0.17, 0.17, 0.17, 0.17, 0.17, 0.17, 0.17, 0.17, 0.17, 0.17, 0.17, 0.17, 0.17, 0.17, 0.17, 0.17, 0.17, 0.17, 0.17, 0.17, 0.17, 0.17, 0.17, 0.17, 0.17, 0.17, 0.17, 0.17, 0.17, 0.17, 0.17, 0.17, 0.172, 0.177, 0.199, 0.274, 0.461, 0.683, 0.8, 0.837, 0.847, 0.849, 0.85, 0.85, 0.85, 0.85, 0.85, 0.85, 0.85, 0.85, 0.85, 0.85, 0.85, 0.85, 0.85, 0.85, 0.85, 0.85, 0.85, 0.85, 0.85, 0.85, 0.85, 0.85, 0.85, 0.85, 0.85, 0.85, 0.85, 0.85, 0.85, 0.85, 0.85, 0.85, 0.85, 0.85, 0.85, 0.85, 0.85, 0.85, 0.85, 0.85, 0.85, 0.85, 0.85, 0.85]","[0.035, 0.032]","[1.0, 1.0, 0.22, 0.1]",1.0,1.0,0.22,0.1
2025-06-20,4,,15,['Bpod4'],224,106,118,88,135,153,62,91,108,44,70,44,26,0.6830357142857143,0.5849056603773585,0.7711864406779662,223,106,117,173,63,110,0.7159090909090909,0.8148148148148148,49,25,24,0.2840909090909091,0.17777777777777778,0.6860986547085202,0.5849056603773585,0.7777777777777778,0.6860986547085202,0.19287211740041932,0.6242774566473989,0.8979591836734694,-0.2736817270260705,0.7653619528619529,0.23093434343434344,1,0,1,0.004464285714285714,0.0,0.00847457627118644,153,62,91,382.5,155.0,227.5,0.0,0,47,0,0.0,0.3,"psych_curve(xdata=array([-70.,  70.]), ydata=[0.415, 0.778], fit=[0.41, 0.41, 0.41, 0.41, 0.41, 0.41, 0.41, 0.41, 0.41, 0.41, 0.41, 0.41, 0.41, 0.41, 0.41, 0.41, 0.41, 0.41, 0.41, 0.41, 0.41, 0.41, 0.41, 0.41, 0.41, 0.41, 0.41, 0.41, 0.41, 0.41, 0.41, 0.41, 0.41, 0.41, 0.41, 0.41, 0.41, 0.41, 0.41, 0.41, 0.41, 0.41, 0.41, 0.41, 0.41, 0.41, 0.411, 0.414, 0.426, 0.467, 0.568, 0.689, 0.753, 0.773, 0.778, 0.78, 0.78, 0.78, 0.78, 0.78, 0.78, 0.78, 0.78, 0.78, 0.78, 0.78, 0.78, 0.78, 0.78, 0.78, 0.78, 0.78, 0.78, 0.78, 0.78, 0.78, 0.78, 0.78, 0.78, 0.78, 0.78, 0.78, 0.78, 0.78, 0.78, 0.78, 0.78, 0.78, 0.78, 0.78, 0.78, 0.78, 0.78, 0.78, 0.78, 0.78, 0.78, 0.78, 0.78, 0.78], params=[1.0, 1.0, 0.41, 0.22], fit_error=[0.048, 0.039])",[-70.  70.],"[0.415, 0.778]","[0.41, 0.41, 0.41, 0.41, 0.41, 0.41, 0.41, 0.41, 0.41, 0.41, 0.41, 0.41, 0.41, 0.41, 0.41, 0.41, 0.41, 0.41, 0.41, 0.41, 0.41, 0.41, 0.41, 0.41, 0.41, 0.41, 0.41, 0.41, 0.41, 0.41, 0.41, 0.41, 0.41, 0.41, 0.41, 0.41, 0.41, 0.41, 0.41, 0.41, 0.41, 0.41, 0.41, 0.41, 0.41, 0.41, 0.411, 0.414, 0.426, 0.467, 0.568, 0.689, 0.753, 0.773, 0.778, 0.78, 0.78, 0.78, 0.78, 0.78, 0.78, 0.78, 0.78, 0.78, 0.78, 0.78, 0.78, 0.78, 0.78, 0.78, 0.78, 0.78, 0.78, 0.78, 0.78, 0.78, 0.78, 0.78, 0.78, 0.78, 0.78, 0.78, 0.78, 0.78, 0.78, 0.78, 0.78, 0.78, 0.78, 0.78, 0.78, 0.78, 0.78, 0.78, 0.78, 0.78, 0.78, 0.78, 0.78, 0.78]","[0.048, 0.039]","[1.0, 1.0, 0.41, 0.22]",1.0,1.0,0.41,0.22,"psych_curve(xdata=array([-70.,  70.]), ydata=[0.596, 0.956], fit=[nan, nan, nan, nan, nan, nan, nan, nan, nan, nan, nan, nan, nan, nan, nan, nan, nan, nan, nan, nan, nan, nan, nan, nan, nan, nan, nan, nan, nan, nan, nan, nan, nan, nan, nan, nan, nan, nan, nan, nan, nan, nan, nan, nan, nan, nan, nan, nan, nan, nan, nan, nan, nan, nan, nan, nan, nan, nan, nan, nan, nan, nan, nan, nan, nan, nan, nan, nan, nan, nan, nan, nan, nan, nan, nan, nan, nan, nan, nan, nan, nan, nan, nan, nan, nan, nan, nan, nan, nan, nan, nan, nan, nan, nan, nan, nan, nan, nan, nan, nan], params=[1.0, 1.0, 0.6, 0.04], fit_error=[0.047, 0.019])",[-70.  70.],"[0.415, 0.778]","[0.41, 0.41, 0.41, 0.41, 0.41, 0.41, 0.41, 0.41, 0.41, 0.41, 0.41, 0.41, 0.41, 0.41, 0.41, 0.41, 0.41, 0.41, 0.41, 0.41, 0.41, 0.41, 0.41, 0.41, 0.41, 0.41, 0.41, 0.41, 0.41, 0.41, 0.41, 0.41, 0.41, 0.41, 0.41, 0.41, 0.41, 0.41, 0.41, 0.41, 0.41, 0.41, 0.41, 0.41, 0.41, 0.41, 0.411, 0.414, 0.426, 0.467, 0.568, 0.689, 0.753, 0.773, 0.778, 0.78, 0.78, 0.78, 0.78, 0.78, 0.78, 0.78, 0.78, 0.78, 0.78, 0.78, 0.78, 0.78, 0.78, 0.78, 0.78, 0.78, 0.78, 0.78, 0.78, 0.78, 0.78, 0.78, 0.78, 0.78, 0.78, 0.78, 0.78, 0.78, 0.78, 0.78, 0.78, 0.78, 0.78, 0.78, 0.78, 0.78, 0.78, 0.78, 0.78, 0.78, 0.78, 0.78, 0.78, 0.78]","[0.048, 0.039]","[1.0, 1.0, 0.6, 0.04]",1.0,1.0,0.6,0.04
2025-06-23,0,,15,['Bpod4'],272,133,139,139,131,223,112,111,121,101,47,20,27,0.8198529411764706,0.8421052631578947,0.7985611510791367,270,132,138,152,79,73,0.5683453237410072,0.5572519083969466,115,57,58,0.41007194244604317,0.44274809160305345,0.825925925925926,0.8484848484848485,0.8043478260869565,0.825925925925926,-0.04413702239789197,0.7960526315789473,0.8782608695652174,-0.08220823798627008,0.5627986160689769,0.4264100170245483,2,1,1,0.007352941176470588,0.007518796992481203,0.007194244604316547,223,112,111,557.5,280.0,277.5,0.0,0,71,0,0.0,0.26341911764705866,"psych_curve(xdata=array([-70.,  70.]), ydata=[0.152, 0.804], fit=[0.15, 0.15, 0.15, 0.15, 0.15, 0.15, 0.15, 0.15, 0.15, 0.15, 0.15, 0.15, 0.15, 0.15, 0.15, 0.15, 0.15, 0.15, 0.15, 0.15, 0.15, 0.15, 0.15, 0.15, 0.15, 0.15, 0.15, 0.15, 0.15, 0.15, 0.15, 0.15, 0.15, 0.15, 0.15, 0.15, 0.15, 0.15, 0.15, 0.15, 0.15, 0.15, 0.15, 0.15, 0.15, 0.15, 0.152, 0.157, 0.177, 0.25, 0.428, 0.64, 0.752, 0.788, 0.797, 0.799, 0.8, 0.8, 0.8, 0.8, 0.8, 0.8, 0.8, 0.8, 0.8, 0.8, 0.8, 0.8, 0.8, 0.8, 0.8, 0.8, 0.8, 0.8, 0.8, 0.8, 0.8, 0.8, 0.8, 0.8, 0.8, 0.8, 0.8, 0.8, 0.8, 0.8, 0.8, 0.8, 0.8, 0.8, 0.8, 0.8, 0.8, 0.8, 0.8, 0.8, 0.8, 0.8, 0.8, 0.8], params=[1.0, 1.0, 0.15, 0.2], fit_error=[0.031, 0.034])",[-70.  70.],"[0.152, 0.804]","[0.15, 0.15, 0.15, 0.15, 0.15, 0.15, 0.15, 0.15, 0.15, 0.15, 0.15, 0.15, 0.15, 0.15, 0.15, 0.15, 0.15, 0.15, 0.15, 0.15, 0.15, 0.15, 0.15, 0.15, 0.15, 0.15, 0.15, 0.15, 0.15, 0.15, 0.15, 0.15, 0.15, 0.15, 0.15, 0.15, 0.15, 0.15, 0.15, 0.15, 0.15, 0.15, 0.15, 0.15, 0.15, 0.15, 0.152, 0.157, 0.177, 0.25, 0.428, 0.64, 0.752, 0.788, 0.797, 0.799, 0.8, 0.8, 0.8, 0.8, 0.8, 0.8, 0.8, 0.8, 0.8, 0.8, 0.8, 0.8, 0.8, 0.8, 0.8, 0.8, 0.8, 0.8, 0.8, 0.8, 0.8, 0.8, 0.8, 0.8, 0.8, 0.8, 0.8, 0.8, 0.8, 0.8, 0.8, 0.8, 0.8, 0.8, 0.8, 0.8, 0.8, 0.8, 0.8, 0.8, 0.8, 0.8, 0.8, 0.8]","[0.031, 0.034]","[1.0, 1.0, 0.15, 0.2]",1.0,1.0,0.15,0.2,"psych_curve(xdata=array([-70.,  70.]), ydata=[0.235, 0.896], fit=[nan, nan, nan, nan, nan, nan, nan, nan, nan, nan, nan, nan, nan, nan, nan, nan, nan, nan, nan, nan, nan, nan, nan, nan, nan, nan, nan, nan, nan, nan, nan, nan, nan, nan, nan, nan, nan, nan, nan, nan, nan, nan, nan, nan, nan, nan, nan, nan, nan, nan, nan, nan, nan, nan, nan, nan, nan, nan, nan, nan, nan, nan, nan, nan, nan, nan, nan, nan, nan, nan, nan, nan, nan, nan, nan, nan, nan, nan, nan, nan, nan, nan, nan, nan, nan, nan, nan, nan, nan, nan, nan, nan, nan, nan, nan, nan, nan, nan, nan, nan], params=[1.0, 1.0, 0.23, 0.1], fit_error=[0.037, 0.026])",[-70.  70.],"[0.152, 0.804]","[0.15, 0.15, 0.15, 0.15, 0.15, 0.15, 0.15, 0.15, 0.15, 0.15, 0.15, 0.15, 0.15, 0.15, 0.15, 0.15, 0.15, 0.15, 0.15, 0.15, 0.15, 0.15, 0.15, 0.15, 0.15, 0.15, 0.15, 0.15, 0.15, 0.15, 0.15, 0.15, 0.15, 0.15, 0.15, 0.15, 0.15, 0.15, 0.15, 0.15, 0.15, 0.15, 0.15, 0.15, 0.15, 0.15, 0.152, 0.157, 0.177, 0.25, 0.428, 0.64, 0.752, 0.788, 0.797, 0.799, 0.8, 0.8, 0.8, 0.8, 0.8, 0.8, 0.8, 0.8, 0.8, 0.8, 0.8, 0.8, 0.8, 0.8, 0.8, 0.8, 0.8, 0.8, 0.8, 0.8, 0.8, 0.8, 0.8, 0.8, 0.8, 0.8, 0.8, 0.8, 0.8, 0.8, 0.8, 0.8, 0.8, 0.8, 0.8, 0.8, 0.8, 0.8, 0.8, 0.8, 0.8, 0.8, 0.8, 0.8]","[0.031, 0.034]","[1.0, 1.0, 0.23, 0.1]",1.0,1.0,0.23,0.1
2025-06-25,2,,15,['Bpod4'],276,120,156,110,166,188,71,117,119,67,88,49,39,0.6811594202898551,0.5916666666666667,0.75,276,120,156,196,70,126,0.6363636363636364,0.7590361445783133,78,39,39,0.35454545454545455,0.23493975903614459,0.6811594202898551,0.5916666666666667,0.75,0.68,0.15833333333333333,0.6071428571428571,0.8589743589743589,-0.2518315018315018,0.6976998904709748,0.29474260679079956,0,0,0,0.0,0.0,0.0,188,71,117,470.0,177.5,292.5,0.0,0,52,0,0.007971014492753625,0.49999999999999967,"psych_curve(xdata=array([-70.,  -4.,  70.]), ydata=[0.412, 0.0, 0.75], fit=[0.21, 0.21, 0.21, 0.21, 0.21, 0.21, 0.21, 0.21, 0.21, 0.21, 0.21, 0.21, 0.21, 0.21, 0.21, 0.21, 0.21, 0.21, 0.21, 0.21, 0.21, 0.21, 0.21, 0.21, 0.21, 0.21, 0.21, 0.21, 0.21, 0.21, 0.21, 0.21, 0.21, 0.21, 0.21, 0.21, 0.21, 0.21, 0.21, 0.21, 0.21, 0.21, 0.21, 0.21, 0.21, 0.21, 0.21, 0.21, 0.21, 0.211, 0.265, 0.693, 0.749, 0.75, 0.75, 0.75, 0.75, 0.75, 0.75, 0.75, 0.75, 0.75, 0.75, 0.75, 0.75, 0.75, 0.75, 0.75, 0.75, 0.75, 0.75, 0.75, 0.75, 0.75, 0.75, 0.75, 0.75, 0.75, 0.75, 0.75, 0.75, 0.75, 0.75, 0.75, 0.75, 0.75, 0.75, 0.75, 0.75, 0.75, 0.75, 0.75, 0.75, 0.75, 0.75, 0.75, 0.75, 0.75, 0.75, 0.75], params=[3.06, 1.42, 0.21, 0.25], fit_error=[0.045, nan, 0.035])",[-70.  -4.  70.],"[0.412, 0.0, 0.75]","[0.21, 0.21, 0.21, 0.21, 0.21, 0.21, 0.21, 0.21, 0.21, 0.21, 0.21, 0.21, 0.21, 0.21, 0.21, 0.21, 0.21, 0.21, 0.21, 0.21, 0.21, 0.21, 0.21, 0.21, 0.21, 0.21, 0.21, 0.21, 0.21, 0.21, 0.21, 0.21, 0.21, 0.21, 0.21, 0.21, 0.21, 0.21, 0.21, 0.21, 0.21, 0.21, 0.21, 0.21, 0.21, 0.21, 0.21, 0.21, 0.21, 0.211, 0.265, 0.693, 0.749, 0.75, 0.75, 0.75, 0.75, 0.75, 0.75, 0.75, 0.75, 0.75, 0.75, 0.75, 0.75, 0.75, 0.75, 0.75, 0.75, 0.75, 0.75, 0.75, 0.75, 0.75, 0.75, 0.75, 0.75, 0.75, 0.75, 0.75, 0.75, 0.75, 0.75, 0.75, 0.75, 0.75, 0.75, 0.75, 0.75, 0.75, 0.75, 0.75, 0.75, 0.75, 0.75, 0.75, 0.75, 0.75, 0.75, 0.75]","[0.045, nan, 0.035]","[3.06, 1.42, 0.21, 0.25]",3.06,1.42,0.21,0.25,"psych_curve(xdata=array([-70.,  -4.,  70.]), ydata=[0.538, 0.0, 0.915], fit=[nan, nan, nan, nan, nan, nan, nan, nan, nan, nan, nan, nan, nan, nan, nan, nan, nan, nan, nan, nan, nan, nan, nan, nan, nan, nan, nan, nan, nan, nan, nan, nan, nan, nan, nan, nan, nan, nan, nan, nan, nan, nan, nan, nan, nan, nan, nan, nan, nan, nan, nan, nan, nan, nan, nan, nan, nan, nan, nan, nan, nan, nan, nan, nan, nan, nan, nan, nan, nan, nan, nan, nan, nan, nan, nan, nan, nan, nan, nan, nan, nan, nan, nan, nan, nan, nan, nan, nan, nan, nan, nan, nan, nan, nan, nan, nan, nan, nan, nan, nan], params=[2.27, 1.26, 0.27, 0.08], fit_error=[0.042, nan, 0.025])",[-70.  -4.  70.],"[0.412, 0.0, 0.75]","[0.21, 0.21, 0.21, 0.21, 0.21, 0.21, 0.21, 0.21, 0.21, 0.21, 0.21, 0.21, 0.21, 0.21, 0.21, 0.21, 0.21, 0.21, 0.21, 0.21, 0.21, 0.21, 0.21, 0.21, 0.21, 0.21, 0.21, 0.21, 0.21, 0.21, 0.21, 0.21, 0.21, 0.21, 0.21, 0.21, 0.21, 0.21, 0.21, 0.21, 0.21, 0.21, 0.21, 0.21, 0.21, 0.21, 0.21, 0.21, 0.21, 0.211, 0.265, 0.693, 0.749, 0.75, 0.75, 0.75, 0.75, 0.75, 0.75, 0.75, 0.75, 0.75, 0.75, 0.75, 0.75, 0.75, 0.75, 0.75, 0.75, 0.75, 0.75, 0.75, 0.75, 0.75, 0.75, 0.75, 0.75, 0.75, 0.75, 0.75, 0.75, 0.75, 0.75, 0.75, 0.75, 0.75, 0.75, 0.75, 0.75, 0.75, 0.75, 0.75, 0.75, 0.75, 0.75, 0.75, 0.75, 0.75, 0.75, 0.75]","[0.045, nan, 0.035]","[2.27, 1.26, 0.27, 0.08]",2.27,1.26,0.27,0.08
2025-06-26,3,,15,['Bpod4'],242,119,123,121,120,189,94,95,116,73,52,25,27,0.78099173553719,0.7899159663865546,0.7723577235772358,241,119,122,157,79,78,0.6528925619834711,0.65,82,41,41,0.33884297520661155,0.3416666666666667,0.7842323651452282,0.7899159663865546,0.7786885245901639,0.8053097345132744,-0.01122744179639068,0.7388535031847133,0.8902439024390244,-0.15139039925431108,0.6514462809917356,0.3402548209366391,1,0,1,0.004132231404958678,0.0,0.008130081300813009,189,94,95,472.5,235.0,237.5,0.0,0,60,0,0.09049586776859506,0.4999999999999998,"psych_curve(xdata=array([-70.,  -8.,  -4.,  -2.,   0.,   2.,  70.]), ydata=[0.207, 0.333, 0.333, 0.0, 0.0, 0.2, 0.817], fit=[0.17, 0.17, 0.17, 0.17, 0.17, 0.17, 0.17, 0.17, 0.17, 0.17, 0.17, 0.17, 0.17, 0.17, 0.17, 0.17, 0.17, 0.17, 0.17, 0.17, 0.17, 0.17, 0.17, 0.17, 0.17, 0.17, 0.17, 0.17, 0.17, 0.17, 0.17, 0.17, 0.17, 0.17, 0.17, 0.17, 0.17, 0.17, 0.17, 0.17, 0.17, 0.17, 0.17, 0.17, 0.17, 0.17, 0.17, 0.17, 0.17, 0.17, 0.17, 0.221, 0.818, 0.82, 0.82, 0.82, 0.82, 0.82, 0.82, 0.82, 0.82, 0.82, 0.82, 0.82, 0.82, 0.82, 0.82, 0.82, 0.82, 0.82, 0.82, 0.82, 0.82, 0.82, 0.82, 0.82, 0.82, 0.82, 0.82, 0.82, 0.82, 0.82, 0.82, 0.82, 0.82, 0.82, 0.82, 0.82, 0.82, 0.82, 0.82, 0.82, 0.82, 0.82, 0.82, 0.82, 0.82, 0.82, 0.82, 0.82], params=[5.75, 2.55, 0.17, 0.18], fit_error=[0.039, 0.333, 0.333, 0.0, 0.0, 0.2, 0.036])",[-70.  -8.  -4.  -2.   0.   2.  70.],"[0.207, 0.333, 0.333, 0.0, 0.0, 0.2, 0.817]","[0.17, 0.17, 0.17, 0.17, 0.17, 0.17, 0.17, 0.17, 0.17, 0.17, 0.17, 0.17, 0.17, 0.17, 0.17, 0.17, 0.17, 0.17, 0.17, 0.17, 0.17, 0.17, 0.17, 0.17, 0.17, 0.17, 0.17, 0.17, 0.17, 0.17, 0.17, 0.17, 0.17, 0.17, 0.17, 0.17, 0.17, 0.17, 0.17, 0.17, 0.17, 0.17, 0.17, 0.17, 0.17, 0.17, 0.17, 0.17, 0.17, 0.17, 0.17, 0.221, 0.818, 0.82, 0.82, 0.82, 0.82, 0.82, 0.82, 0.82, 0.82, 0.82, 0.82, 0.82, 0.82, 0.82, 0.82, 0.82, 0.82, 0.82, 0.82, 0.82, 0.82, 0.82, 0.82, 0.82, 0.82, 0.82, 0.82, 0.82, 0.82, 0.82, 0.82, 0.82, 0.82, 0.82, 0.82, 0.82, 0.82, 0.82, 0.82, 0.82, 0.82, 0.82, 0.82, 0.82, 0.82, 0.82, 0.82, 0.82]","[0.039, 0.333, 0.333, 0.0, 0.0, 0.2, 0.036]","[5.75, 2.55, 0.17, 0.18]",5.75,2.55,0.17,0.18,"psych_curve(xdata=array([-70.,  -8.,  -4.,  -2.,  -0.,   2.,   4.,   8.,  70.]), ydata=[0.327, 1.0, 1.0, 0.667, 1.0, 0.5, 1.0, 1.0, 0.94], fit=[nan, nan, nan, nan, nan, nan, nan, nan, nan, nan, nan, nan, nan, nan, nan, nan, nan, nan, nan, nan, nan, nan, nan, nan, nan, nan, nan, nan, nan, nan, nan, nan, nan, nan, nan, nan, nan, nan, nan, nan, nan, nan, nan, nan, nan, nan, nan, nan, nan, nan, nan, nan, nan, nan, nan, nan, nan, nan, nan, nan, nan, nan, nan, nan, nan, nan, nan, nan, nan, nan, nan, nan, nan, nan, nan, nan, nan, nan, nan, nan, nan, nan, nan, nan, nan, nan, nan, nan, nan, nan, nan, nan, nan, nan, nan, nan, nan, nan, nan, nan], params=[0.0, 5.57, -19.47, -20.17], fit_error=[0.046, nan, nan, 0.333, 0.0, 0.289, 0.0, 0.0, 0.022])",[-70.  -8.  -4.  -2.   0.   2.  70.],"[0.207, 0.333, 0.333, 0.0, 0.0, 0.2, 0.817]","[0.17, 0.17, 0.17, 0.17, 0.17, 0.17, 0.17, 0.17, 0.17, 0.17, 0.17, 0.17, 0.17, 0.17, 0.17, 0.17, 0.17, 0.17, 0.17, 0.17, 0.17, 0.17, 0.17, 0.17, 0.17, 0.17, 0.17, 0.17, 0.17, 0.17, 0.17, 0.17, 0.17, 0.17, 0.17, 0.17, 0.17, 0.17, 0.17, 0.17, 0.17, 0.17, 0.17, 0.17, 0.17, 0.17, 0.17, 0.17, 0.17, 0.17, 0.17, 0.221, 0.818, 0.82, 0.82, 0.82, 0.82, 0.82, 0.82, 0.82, 0.82, 0.82, 0.82, 0.82, 0.82, 0.82, 0.82, 0.82, 0.82, 0.82, 0.82, 0.82, 0.82, 0.82, 0.82, 0.82, 0.82, 0.82, 0.82, 0.82, 0.82, 0.82, 0.82, 0.82, 0.82, 0.82, 0.82, 0.82, 0.82, 0.82, 0.82, 0.82, 0.82, 0.82, 0.82, 0.82, 0.82, 0.82, 0.82, 0.82]","[0.039, 0.333, 0.333, 0.0, 0.0, 0.2, 0.036]","[0.0, 5.57, -19.47, -20.17]",0.0,5.57,-19.47,-20.17
2025-06-27,4,,15,['Bpod4'],350,173,177,116,108,159,85,74,97,61,65,34,31,0.4542857142857143,0.4913294797687861,0.4180790960451977,224,119,105,151,79,72,0.6810344827586207,0.6666666666666666,71,36,35,0.3103448275862069,0.32407407407407407,0.7098214285714286,0.7142857142857143,0.7047619047619048,0.7227722772277227,-0.00952380952380949,0.6423841059602649,0.8591549295774648,-0.2167708236171999,0.6738505747126436,0.3172094508301405,126,54,72,0.36,0.31213872832369943,0.4067796610169492,159,85,74,397.5,212.5,185.0,0.0,0,63,0,0.13514285714285715,0.4999999999999998,"psych_curve(xdata=array([-70.,  -8.,  -4.,  -2.,   0.,   2.,   4.,   8.,  70.]), ydata=[0.294, 0.333, 0.0, 0.0, 0.5, 0.6, 0.333, 0.0, 0.742], fit=[0.16, 0.16, 0.16, 0.16, 0.16, 0.16, 0.16, 0.16, 0.16, 0.16, 0.16, 0.16, 0.16, 0.16, 0.16, 0.16, 0.16, 0.16, 0.16, 0.16, 0.16, 0.16, 0.16, 0.16, 0.16, 0.16, 0.16, 0.16, 0.16, 0.16, 0.16, 0.16, 0.16, 0.16, 0.16, 0.16, 0.16, 0.16, 0.16, 0.16, 0.16, 0.16, 0.16, 0.16, 0.16, 0.16, 0.16, 0.16, 0.16, 0.171, 0.43, 0.43, 0.43, 0.43, 0.43, 0.43, 0.43, 0.43, 0.43, 0.43, 0.43, 0.43, 0.43, 0.43, 0.43, 0.43, 0.43, 0.43, 0.43, 0.43, 0.43, 0.43, 0.43, 0.43, 0.43, 0.43, 0.43, 0.43, 0.43, 0.43, 0.43, 0.43, 0.43, 0.43, 0.43, 0.43, 0.43, 0.43, 0.43, 0.43, 0.43, 0.43, 0.43, 0.43, 0.43, 0.43, 0.43, 0.43, 0.43, 0.43], params=[18.94, -0.54, 0.16, 0.57], fit_error=[0.044, 0.333, 0.0, 0.0, 0.289, 0.245, 0.333, 0.0, 0.046])",[-70.  -8.  -4.  -2.   0.   2.   4.   8.  70.],"[0.294, 0.333, 0.0, 0.0, 0.5, 0.6, 0.333, 0.0, 0.742]","[0.16, 0.16, 0.16, 0.16, 0.16, 0.16, 0.16, 0.16, 0.16, 0.16, 0.16, 0.16, 0.16, 0.16, 0.16, 0.16, 0.16, 0.16, 0.16, 0.16, 0.16, 0.16, 0.16, 0.16, 0.16, 0.16, 0.16, 0.16, 0.16, 0.16, 0.16, 0.16, 0.16, 0.16, 0.16, 0.16, 0.16, 0.16, 0.16, 0.16, 0.16, 0.16, 0.16, 0.16, 0.16, 0.16, 0.16, 0.16, 0.16, 0.171, 0.43, 0.43, 0.43, 0.43, 0.43, 0.43, 0.43, 0.43, 0.43, 0.43, 0.43, 0.43, 0.43, 0.43, 0.43, 0.43, 0.43, 0.43, 0.43, 0.43, 0.43, 0.43, 0.43, 0.43, 0.43, 0.43, 0.43, 0.43, 0.43, 0.43, 0.43, 0.43, 0.43, 0.43, 0.43, 0.43, 0.43, 0.43, 0.43, 0.43, 0.43, 0.43, 0.43, 0.43, 0.43, 0.43, 0.43, 0.43, 0.43, 0.43]","[0.044, 0.333, 0.0, 0.0, 0.289, 0.245, 0.333, 0.0, 0.046]","[18.94, -0.54, 0.16, 0.57]",18.94,-0.54,0.16,0.57,"psych_curve(xdata=array([-70.,  -8.,  -4.,  -2.,  -0.,   2.,   4.,   8.,  70.]), ydata=[0.452, 0.75, 0.667, 0.0, 0.75, 0.667, 1.0, 1.0, 0.917], fit=[nan, nan, nan, nan, nan, nan, nan, nan, nan, nan, nan, nan, nan, nan, nan, nan, nan, nan, nan, nan, nan, nan, nan, nan, nan, nan, nan, nan, nan, nan, nan, nan, nan, nan, nan, nan, nan, nan, nan, nan, nan, nan, nan, nan, nan, nan, nan, nan, nan, nan, nan, nan, nan, nan, nan, nan, nan, nan, nan, nan, nan, nan, nan, nan, nan, nan, nan, nan, nan, nan, nan, nan, nan, nan, nan, nan, nan, nan, nan, nan, nan, nan, nan, nan, nan, nan, nan, nan, nan, nan, nan, nan, nan, nan, nan, nan, nan, nan, nan, nan], params=[1.1, 2.02, 0.5, 0.02], fit_error=[0.049, 0.25, 0.333, nan, 0.25, 0.211, 0.0, nan, 0.028])",[-70.  -8.  -4.  -2.   0.   2.   4.   8.  70.],"[0.294, 0.333, 0.0, 0.0, 0.5, 0.6, 0.333, 0.0, 0.742]","[0.16, 0.16, 0.16, 0.16, 0.16, 0.16, 0.16, 0.16, 0.16, 0.16, 0.16, 0.16, 0.16, 0.16, 0.16, 0.16, 0.16, 0.16, 0.16, 0.16, 0.16, 0.16, 0.16, 0.16, 0.16, 0.16, 0.16, 0.16, 0.16, 0.16, 0.16, 0.16, 0.16, 0.16, 0.16, 0.16, 0.16, 0.16, 0.16, 0.16, 0.16, 0.16, 0.16, 0.16, 0.16, 0.16, 0.16, 0.16, 0.16, 0.171, 0.43, 0.43, 0.43, 0.43, 0.43, 0.43, 0.43, 0.43, 0.43, 0.43, 0.43, 0.43, 0.43, 0.43, 0.43, 0.43, 0.43, 0.43, 0.43, 0.43, 0.43, 0.43, 0.43, 0.43, 0.43, 0.43, 0.43, 0.43, 0.43, 0.43, 0.43, 0.43, 0.43, 0.43, 0.43, 0.43, 0.43, 0.43, 0.43, 0.43, 0.43, 0.43, 0.43, 0.43, 0.43, 0.43, 0.43, 0.43, 0.43, 0.43]","[0.044, 0.333, 0.0, 0.0, 0.289, 0.245, 0.333, 0.0, 0.046]","[1.1, 2.02, 0.5, 0.02]",1.1,2.02,0.5,0.02
2025-06-30,0,,15,['Bpod4'],220,105,115,72,147,147,52,95,104,43,72,52,20,0.6681818181818182,0.49523809523809526,0.8260869565217391,219,104,115,168,47,121,0.6527777777777778,0.8231292517006803,50,25,25,0.3472222222222222,0.17006802721088435,0.6712328767123288,0.5,0.8260869565217391,0.6798029556650246,0.32608695652173914,0.6190476190476191,0.86,-0.24095238095238092,0.7379535147392291,0.25864512471655327,1,1,0,0.004545454545454545,0.009523809523809525,0.0,147,52,95,367.5,130.0,237.5,0.0,0,56,0,0.1,0.4999999999999997,"psych_curve(xdata=array([-70.,  -8.,  -4.,  -2.,   2.,   4.,   8.,  70.]), ydata=[0.51, 0.5, 0.0, 0.4, 0.333, 0.5, 0.667, 0.85], fit=[0.35, 0.35, 0.35, 0.35, 0.35, 0.35, 0.35, 0.35, 0.35, 0.35, 0.35, 0.35, 0.35, 0.35, 0.35, 0.35, 0.35, 0.35, 0.35, 0.35, 0.35, 0.35, 0.35, 0.35, 0.35, 0.35, 0.35, 0.35, 0.35, 0.35, 0.35, 0.35, 0.35, 0.35, 0.35, 0.35, 0.35, 0.35, 0.35, 0.35, 0.35, 0.35, 0.35, 0.35, 0.35, 0.351, 0.351, 0.352, 0.355, 0.36, 0.371, 0.392, 0.431, 0.494, 0.58, 0.669, 0.741, 0.788, 0.814, 0.827, 0.834, 0.837, 0.839, 0.839, 0.84, 0.84, 0.84, 0.84, 0.84, 0.84, 0.84, 0.84, 0.84, 0.84, 0.84, 0.84, 0.84, 0.84, 0.84, 0.84, 0.84, 0.84, 0.84, 0.84, 0.84, 0.84, 0.84, 0.84, 0.84, 0.84, 0.84, 0.84, 0.84, 0.84, 0.84, 0.84, 0.84, 0.84, 0.84, 0.84], params=[0.53, 6.6, 0.35, 0.16], fit_error=[0.051, 0.5, nan, 0.245, 0.333, 0.5, 0.333, 0.035])",[-70.  -8.  -4.  -2.   2.   4.   8.  70.],"[0.51, 0.5, 0.0, 0.4, 0.333, 0.5, 0.667, 0.85]","[0.35, 0.35, 0.35, 0.35, 0.35, 0.35, 0.35, 0.35, 0.35, 0.35, 0.35, 0.35, 0.35, 0.35, 0.35, 0.35, 0.35, 0.35, 0.35, 0.35, 0.35, 0.35, 0.35, 0.35, 0.35, 0.35, 0.35, 0.35, 0.35, 0.35, 0.35, 0.35, 0.35, 0.35, 0.35, 0.35, 0.35, 0.35, 0.35, 0.35, 0.35, 0.35, 0.35, 0.35, 0.35, 0.351, 0.351, 0.352, 0.355, 0.36, 0.371, 0.392, 0.431, 0.494, 0.58, 0.669, 0.741, 0.788, 0.814, 0.827, 0.834, 0.837, 0.839, 0.839, 0.84, 0.84, 0.84, 0.84, 0.84, 0.84, 0.84, 0.84, 0.84, 0.84, 0.84, 0.84, 0.84, 0.84, 0.84, 0.84, 0.84, 0.84, 0.84, 0.84, 0.84, 0.84, 0.84, 0.84, 0.84, 0.84, 0.84, 0.84, 0.84, 0.84, 0.84, 0.84, 0.84, 0.84, 0.84, 0.84]","[0.051, 0.5, nan, 0.245, 0.333, 0.5, 0.333, 0.035]","[0.53, 6.6, 0.35, 0.16]",0.53,6.6,0.35,0.16,"psych_curve(xdata=array([-70.,  -8.,  -4.,  -2.,   2.,   4.,   8.,  70.]), ydata=[0.584, 1.0, 1.0, 0.667, 0.6, 1.0, 1.0, 0.95], fit=[nan, nan, nan, nan, nan, nan, nan, nan, nan, nan, nan, nan, nan, nan, nan, nan, nan, nan, nan, nan, nan, nan, nan, nan, nan, nan, nan, nan, nan, nan, nan, nan, nan, nan, nan, nan, nan, nan, nan, nan, nan, nan, nan, nan, nan, nan, nan, nan, nan, nan, nan, nan, nan, nan, nan, nan, nan, nan, nan, nan, nan, nan, nan, nan, nan, nan, nan, nan, nan, nan, nan, nan, nan, nan, nan, nan, nan, nan, nan, nan, nan, nan, nan, nan, nan, nan, nan, nan, nan, nan, nan, nan, nan, nan, nan, nan, nan, nan, nan, nan], params=[0.0, 0.87, -7.62, -8.32], fit_error=[0.049, 0.0, nan, 0.333, 0.245, 0.0, 0.0, 0.022])",[-70.  -8.  -4.  -2.   2.   4.   8.  70.],"[0.51, 0.5, 0.0, 0.4, 0.333, 0.5, 0.667, 0.85]","[0.35, 0.35, 0.35, 0.35, 0.35, 0.35, 0.35, 0.35, 0.35, 0.35, 0.35, 0.35, 0.35, 0.35, 0.35, 0.35, 0.35, 0.35, 0.35, 0.35, 0.35, 0.35, 0.35, 0.35, 0.35, 0.35, 0.35, 0.35, 0.35, 0.35, 0.35, 0.35, 0.35, 0.35, 0.35, 0.35, 0.35, 0.35, 0.35, 0.35, 0.35, 0.35, 0.35, 0.35, 0.35, 0.351, 0.351, 0.352, 0.355, 0.36, 0.371, 0.392, 0.431, 0.494, 0.58, 0.669, 0.741, 0.788, 0.814, 0.827, 0.834, 0.837, 0.839, 0.839, 0.84, 0.84, 0.84, 0.84, 0.84, 0.84, 0.84, 0.84, 0.84, 0.84, 0.84, 0.84, 0.84, 0.84, 0.84, 0.84, 0.84, 0.84, 0.84, 0.84, 0.84, 0.84, 0.84, 0.84, 0.84, 0.84, 0.84, 0.84, 0.84, 0.84, 0.84, 0.84, 0.84, 0.84, 0.84, 0.84]","[0.051, 0.5, nan, 0.245, 0.333, 0.5, 0.333, 0.035]","[0.0, 0.87, -7.62, -8.32]",0.0,0.87,-7.62,-8.32
2025-07-01,1,,15,['Bpod4'],217,100,117,78,138,135,48,87,109,25,81,51,30,0.6221198156682027,0.48,0.7435897435897436,216,99,117,185,62,123,0.7948717948717948,0.8913043478260869,30,15,15,0.19230769230769232,0.10869565217391304,0.625,0.48484848484848486,0.7435897435897436,0.65,0.25874125874125875,0.5891891891891892,0.8333333333333334,-0.2441441441441442,0.8430880713489408,0.1505016722408027,1,1,0,0.004608294930875576,0.01,0.0,135,48,87,337.5,120.0,217.5,0.0,0,54,0,0.10000000000000002,0.4999999999999997,"psych_curve(xdata=array([-70.,  -8.,  -4.,  -2.,   0.,   2.,   4.,   8.,  70.]), ydata=[0.495, 1.0, 1.0, 0.5, 0.5, 0.5, 0.0, 1.0, 0.771], fit=[0.83, 0.83, 0.83, 0.83, 0.83, 0.83, 0.83, 0.83, 0.83, 0.83, 0.83, 0.83, 0.83, 0.83, 0.83, 0.83, 0.83, 0.83, 0.83, 0.83, 0.83, 0.83, 0.83, 0.83, 0.83, 0.83, 0.83, 0.83, 0.83, 0.83, 0.83, 0.83, 0.83, 0.83, 0.83, 0.83, 0.83, 0.83, 0.83, 0.83, 0.83, 0.83, 0.83, 0.83, 0.83, 0.83, 0.83, 0.83, 0.55, 0.55, 0.55, 0.55, 0.55, 0.55, 0.55, 0.55, 0.55, 0.55, 0.55, 0.55, 0.55, 0.55, 0.55, 0.55, 0.55, 0.55, 0.55, 0.55, 0.55, 0.55, 0.55, 0.55, 0.55, 0.55, 0.55, 0.55, 0.55, 0.55, 0.55, 0.55, 0.55, 0.55, 0.55, 0.55, 0.55, 0.55, 0.55, 0.55, 0.55, 0.55, 0.55, 0.55, 0.55, 0.55, 0.55, 0.55, 0.55, 0.55, 0.55, 0.55], params=[16.33, -3.12, 0.83, 0.45], fit_error=[0.053, 0.0, nan, 0.5, 0.5, 0.289, 0.0, nan, 0.04])",[-70.  -8.  -4.  -2.   0.   2.   4.   8.  70.],"[0.495, 1.0, 1.0, 0.5, 0.5, 0.5, 0.0, 1.0, 0.771]","[0.83, 0.83, 0.83, 0.83, 0.83, 0.83, 0.83, 0.83, 0.83, 0.83, 0.83, 0.83, 0.83, 0.83, 0.83, 0.83, 0.83, 0.83, 0.83, 0.83, 0.83, 0.83, 0.83, 0.83, 0.83, 0.83, 0.83, 0.83, 0.83, 0.83, 0.83, 0.83, 0.83, 0.83, 0.83, 0.83, 0.83, 0.83, 0.83, 0.83, 0.83, 0.83, 0.83, 0.83, 0.83, 0.83, 0.83, 0.83, 0.55, 0.55, 0.55, 0.55, 0.55, 0.55, 0.55, 0.55, 0.55, 0.55, 0.55, 0.55, 0.55, 0.55, 0.55, 0.55, 0.55, 0.55, 0.55, 0.55, 0.55, 0.55, 0.55, 0.55, 0.55, 0.55, 0.55, 0.55, 0.55, 0.55, 0.55, 0.55, 0.55, 0.55, 0.55, 0.55, 0.55, 0.55, 0.55, 0.55, 0.55, 0.55, 0.55, 0.55, 0.55, 0.55, 0.55, 0.55, 0.55, 0.55, 0.55, 0.55]","[0.053, 0.0, nan, 0.5, 0.5, 0.289, 0.0, nan, 0.04]","[16.33, -3.12, 0.83, 0.45]",16.33,-3.12,0.83,0.45,"psych_curve(xdata=array([-70.,  -8.,  -4.,  -2.,   0.,   2.,   8.,  70.]), ydata=[0.722, 1.0, 1.0, 1.0, 1.0, 1.0, 1.0, 0.954], fit=[nan, nan, nan, nan, nan, nan, nan, nan, nan, nan, nan, nan, nan, nan, nan, nan, nan, nan, nan, nan, nan, nan, nan, nan, nan, nan, nan, nan, nan, nan, nan, nan, nan, nan, nan, nan, nan, nan, nan, nan, nan, nan, nan, nan, nan, nan, nan, nan, nan, nan, nan, nan, nan, nan, nan, nan, nan, nan, nan, nan, nan, nan, nan, nan, nan, nan, nan, nan, nan, nan, nan, nan, nan, nan, nan, nan, nan, nan, nan, nan, nan, nan, nan, nan, nan, nan, nan, nan, nan, nan, nan, nan, nan, nan, nan, nan, nan, nan, nan, nan], params=[0.0, -1.35, -0.84, -1.75], fit_error=[0.047, 0.0, 0.0, 0.0, 0.0, 0.0, nan, 0.02])",[-70.  -8.  -4.  -2.   0.   2.   4.   8.  70.],"[0.495, 1.0, 1.0, 0.5, 0.5, 0.5, 0.0, 1.0, 0.771]","[0.83, 0.83, 0.83, 0.83, 0.83, 0.83, 0.83, 0.83, 0.83, 0.83, 0.83, 0.83, 0.83, 0.83, 0.83, 0.83, 0.83, 0.83, 0.83, 0.83, 0.83, 0.83, 0.83, 0.83, 0.83, 0.83, 0.83, 0.83, 0.83, 0.83, 0.83, 0.83, 0.83, 0.83, 0.83, 0.83, 0.83, 0.83, 0.83, 0.83, 0.83, 0.83, 0.83, 0.83, 0.83, 0.83, 0.83, 0.83, 0.55, 0.55, 0.55, 0.55, 0.55, 0.55, 0.55, 0.55, 0.55, 0.55, 0.55, 0.55, 0.55, 0.55, 0.55, 0.55, 0.55, 0.55, 0.55, 0.55, 0.55, 0.55, 0.55, 0.55, 0.55, 0.55, 0.55, 0.55, 0.55, 0.55, 0.55, 0.55, 0.55, 0.55, 0.55, 0.55, 0.55, 0.55, 0.55, 0.55, 0.55, 0.55, 0.55, 0.55, 0.55, 0.55, 0.55, 0.55, 0.55, 0.55, 0.55, 0.55]","[0.053, 0.0, nan, 0.5, 0.5, 0.289, 0.0, nan, 0.04]","[0.0, -1.35, -0.84, -1.75]",0.0,-1.35,-0.84,-1.75
2025-07-02,2,,15,['Bpod4'],224,101,123,74,149,161,56,105,136,25,62,44,18,0.71875,0.5544554455445545,0.8536585365853658,223,100,123,190,57,133,0.7702702702702703,0.8926174496644296,32,16,16,0.21621621621621623,0.10738255033557047,0.7219730941704036,0.56,0.8536585365853658,0.7129186602870813,0.2936585365853658,0.7157894736842105,0.78125,-0.06546052631578947,0.8314438599673499,0.16179938327589335,1,1,0,0.004464285714285714,0.009900990099009901,0.0,161,56,105,402.5,140.0,262.5,0.0,0,10,0,0.1,0.4999999999999997,"psych_curve(xdata=array([-70.,  -8.,  -4.,  -2.,   0.,   4.,   8.,  70.]), ydata=[0.452, 0.0, 0.333, 0.0, 0.667, 1.0, 1.0, 0.845], fit=[0.2, 0.2, 0.2, 0.2, 0.2, 0.2, 0.2, 0.2, 0.2, 0.2, 0.2, 0.2, 0.2, 0.2, 0.2, 0.2, 0.2, 0.2, 0.2, 0.2, 0.2, 0.2, 0.2, 0.2, 0.2, 0.2, 0.2, 0.2, 0.2, 0.2, 0.2, 0.2, 0.2, 0.2, 0.2, 0.2, 0.2, 0.2, 0.2, 0.2, 0.2, 0.2, 0.2, 0.2, 0.2, 0.2, 0.2, 0.2, 0.2, 0.204, 0.949, 0.95, 0.95, 0.95, 0.95, 0.95, 0.95, 0.95, 0.95, 0.95, 0.95, 0.95, 0.95, 0.95, 0.95, 0.95, 0.95, 0.95, 0.95, 0.95, 0.95, 0.95, 0.95, 0.95, 0.95, 0.95, 0.95, 0.95, 0.95, 0.95, 0.95, 0.95, 0.95, 0.95, 0.95, 0.95, 0.95, 0.95, 0.95, 0.95, 0.95, 0.95, 0.95, 0.95, 0.95, 0.95, 0.95, 0.95, 0.95, 0.95], params=[8.28, -0.06, 0.2, 0.05], fit_error=[0.052, nan, 0.333, nan, 0.333, 0.0, 0.0, 0.034])",[-70.  -8.  -4.  -2.   0.   4.   8.  70.],"[0.452, 0.0, 0.333, 0.0, 0.667, 1.0, 1.0, 0.845]","[0.2, 0.2, 0.2, 0.2, 0.2, 0.2, 0.2, 0.2, 0.2, 0.2, 0.2, 0.2, 0.2, 0.2, 0.2, 0.2, 0.2, 0.2, 0.2, 0.2, 0.2, 0.2, 0.2, 0.2, 0.2, 0.2, 0.2, 0.2, 0.2, 0.2, 0.2, 0.2, 0.2, 0.2, 0.2, 0.2, 0.2, 0.2, 0.2, 0.2, 0.2, 0.2, 0.2, 0.2, 0.2, 0.2, 0.2, 0.2, 0.2, 0.204, 0.949, 0.95, 0.95, 0.95, 0.95, 0.95, 0.95, 0.95, 0.95, 0.95, 0.95, 0.95, 0.95, 0.95, 0.95, 0.95, 0.95, 0.95, 0.95, 0.95, 0.95, 0.95, 0.95, 0.95, 0.95, 0.95, 0.95, 0.95, 0.95, 0.95, 0.95, 0.95, 0.95, 0.95, 0.95, 0.95, 0.95, 0.95, 0.95, 0.95, 0.95, 0.95, 0.95, 0.95, 0.95, 0.95, 0.95, 0.95, 0.95, 0.95]","[0.052, nan, 0.333, nan, 0.333, 0.0, 0.0, 0.034]","[8.28, -0.06, 0.2, 0.05]",8.28,-0.06,0.2,0.05,"psych_curve(xdata=array([-70.,  -4.,  -0.,   2.,   4.,   8.,  70.]), ydata=[0.703, 0.333, 0.667, 1.0, 1.0, 1.0, 0.948], fit=[nan, nan, nan, nan, nan, nan, nan, nan, nan, nan, nan, nan, nan, nan, nan, nan, nan, nan, nan, nan, nan, nan, nan, nan, nan, nan, nan, nan, nan, nan, nan, nan, nan, nan, nan, nan, nan, nan, nan, nan, nan, nan, nan, nan, nan, nan, nan, nan, nan, nan, nan, nan, nan, nan, nan, nan, nan, nan, nan, nan, nan, nan, nan, nan, nan, nan, nan, nan, nan, nan, nan, nan, nan, nan, nan, nan, nan, nan, nan, nan, nan, nan, nan, nan, nan, nan, nan, nan, nan, nan, nan, nan, nan, nan, nan, nan, nan, nan, nan, nan], params=[6.85, 0.11, 0.52, 0.01], fit_error=[0.053, 0.333, 0.333, nan, 0.0, 0.0, 0.019])",[-70.  -8.  -4.  -2.   0.   4.   8.  70.],"[0.452, 0.0, 0.333, 0.0, 0.667, 1.0, 1.0, 0.845]","[0.2, 0.2, 0.2, 0.2, 0.2, 0.2, 0.2, 0.2, 0.2, 0.2, 0.2, 0.2, 0.2, 0.2, 0.2, 0.2, 0.2, 0.2, 0.2, 0.2, 0.2, 0.2, 0.2, 0.2, 0.2, 0.2, 0.2, 0.2, 0.2, 0.2, 0.2, 0.2, 0.2, 0.2, 0.2, 0.2, 0.2, 0.2, 0.2, 0.2, 0.2, 0.2, 0.2, 0.2, 0.2, 0.2, 0.2, 0.2, 0.2, 0.204, 0.949, 0.95, 0.95, 0.95, 0.95, 0.95, 0.95, 0.95, 0.95, 0.95, 0.95, 0.95, 0.95, 0.95, 0.95, 0.95, 0.95, 0.95, 0.95, 0.95, 0.95, 0.95, 0.95, 0.95, 0.95, 0.95, 0.95, 0.95, 0.95, 0.95, 0.95, 0.95, 0.95, 0.95, 0.95, 0.95, 0.95, 0.95, 0.95, 0.95, 0.95, 0.95, 0.95, 0.95, 0.95, 0.95, 0.95, 0.95, 0.95, 0.95]","[0.052, nan, 0.333, nan, 0.333, 0.0, 0.0, 0.034]","[6.85, 0.11, 0.52, 0.01]",6.85,0.11,0.52,0.01
2025-07-03,3,,15,['Bpod4'],215,96,119,121,92,125,64,61,98,26,88,31,57,0.5813953488372093,0.6666666666666666,0.5126050420168067,213,95,118,170,99,71,0.8181818181818182,0.7717391304347826,40,20,20,0.1652892561983471,0.21739130434782608,0.5868544600938967,0.6736842105263158,0.5169491525423728,0.5868544600938967,-0.15673505798394294,0.5764705882352941,0.65,-0.07352941176470595,0.7949604743083004,0.19134028027308658,2,1,1,0.009302325581395349,0.010416666666666666,0.008403361344537815,125,64,61,312.5,160.0,152.5,0.0,0,39,0,0.0,0.4999999999999997,"psych_curve(xdata=array([-70.,  70.]), ydata=[0.326, 0.517], fit=[0.33, 0.33, 0.33, 0.33, 0.33, 0.33, 0.33, 0.33, 0.33, 0.33, 0.33, 0.33, 0.33, 0.33, 0.33, 0.33, 0.33, 0.33, 0.33, 0.33, 0.33, 0.33, 0.33, 0.33, 0.33, 0.33, 0.33, 0.33, 0.33, 0.33, 0.33, 0.33, 0.33, 0.33, 0.33, 0.33, 0.33, 0.33, 0.33, 0.33, 0.33, 0.33, 0.33, 0.33, 0.33, 0.33, 0.33, 0.332, 0.338, 0.359, 0.411, 0.473, 0.506, 0.516, 0.519, 0.52, 0.52, 0.52, 0.52, 0.52, 0.52, 0.52, 0.52, 0.52, 0.52, 0.52, 0.52, 0.52, 0.52, 0.52, 0.52, 0.52, 0.52, 0.52, 0.52, 0.52, 0.52, 0.52, 0.52, 0.52, 0.52, 0.52, 0.52, 0.52, 0.52, 0.52, 0.52, 0.52, 0.52, 0.52, 0.52, 0.52, 0.52, 0.52, 0.52, 0.52, 0.52, 0.52, 0.52, 0.52], params=[1.0, 1.0, 0.33, 0.48], fit_error=[0.048, 0.046])",[-70.  70.],"[0.326, 0.517]","[0.33, 0.33, 0.33, 0.33, 0.33, 0.33, 0.33, 0.33, 0.33, 0.33, 0.33, 0.33, 0.33, 0.33, 0.33, 0.33, 0.33, 0.33, 0.33, 0.33, 0.33, 0.33, 0.33, 0.33, 0.33, 0.33, 0.33, 0.33, 0.33, 0.33, 0.33, 0.33, 0.33, 0.33, 0.33, 0.33, 0.33, 0.33, 0.33, 0.33, 0.33, 0.33, 0.33, 0.33, 0.33, 0.33, 0.33, 0.332, 0.338, 0.359, 0.411, 0.473, 0.506, 0.516, 0.519, 0.52, 0.52, 0.52, 0.52, 0.52, 0.52, 0.52, 0.52, 0.52, 0.52, 0.52, 0.52, 0.52, 0.52, 0.52, 0.52, 0.52, 0.52, 0.52, 0.52, 0.52, 0.52, 0.52, 0.52, 0.52, 0.52, 0.52, 0.52, 0.52, 0.52, 0.52, 0.52, 0.52, 0.52, 0.52, 0.52, 0.52, 0.52, 0.52, 0.52, 0.52, 0.52, 0.52, 0.52, 0.52]","[0.048, 0.046]","[1.0, 1.0, 0.33, 0.48]",1.0,1.0,0.33,0.48,"psych_curve(xdata=array([-70.,  70.]), ydata=[0.735, 0.875], fit=[nan, nan, nan, nan, nan, nan, nan, nan, nan, nan, nan, nan, nan, nan, nan, nan, nan, nan, nan, nan, nan, nan, nan, nan, nan, nan, nan, nan, nan, nan, nan, nan, nan, nan, nan, nan, nan, nan, nan, nan, nan, nan, nan, nan, nan, nan, nan, nan, nan, nan, nan, nan, nan, nan, nan, nan, nan, nan, nan, nan, nan, nan, nan, nan, nan, nan, nan, nan, nan, nan, nan, nan, nan, nan, nan, nan, nan, nan, nan, nan, nan, nan, nan, nan, nan, nan, nan, nan, nan, nan, nan, nan, nan, nan, nan, nan, nan, nan, nan, nan], params=[1.0, 1.0, 0.73, 0.12], fit_error=[0.045, 0.031])",[-70.  70.],"[0.326, 0.517]","[0.33, 0.33, 0.33, 0.33, 0.33, 0.33, 0.33, 0.33, 0.33, 0.33, 0.33, 0.33, 0.33, 0.33, 0.33, 0.33, 0.33, 0.33, 0.33, 0.33, 0.33, 0.33, 0.33, 0.33, 0.33, 0.33, 0.33, 0.33, 0.33, 0.33, 0.33, 0.33, 0.33, 0.33, 0.33, 0.33, 0.33, 0.33, 0.33, 0.33, 0.33, 0.33, 0.33, 0.33, 0.33, 0.33, 0.33, 0.332, 0.338, 0.359, 0.411, 0.473, 0.506, 0.516, 0.519, 0.52, 0.52, 0.52, 0.52, 0.52, 0.52, 0.52, 0.52, 0.52, 0.52, 0.52, 0.52, 0.52, 0.52, 0.52, 0.52, 0.52, 0.52, 0.52, 0.52, 0.52, 0.52, 0.52, 0.52, 0.52, 0.52, 0.52, 0.52, 0.52, 0.52, 0.52, 0.52, 0.52, 0.52, 0.52, 0.52, 0.52, 0.52, 0.52, 0.52, 0.52, 0.52, 0.52, 0.52, 0.52]","[0.048, 0.046]","[1.0, 1.0, 0.73, 0.12]",1.0,1.0,0.73,0.12
2025-07-04,4,,15,['Bpod4'],216,112,104,54,161,129,40,89,101,28,86,72,14,0.5972222222222222,0.35714285714285715,0.8557692307692307,215,112,103,179,36,143,0.6666666666666666,0.8881987577639752,35,18,17,0.3333333333333333,0.10559006211180125,0.6,0.35714285714285715,0.8640776699029126,0.6,0.5069348127600555,0.5642458100558659,0.8,-0.2357541899441341,0.7774327122153208,0.2194616977225673,1,0,1,0.004629629629629629,0.0,0.009615384615384616,129,40,89,322.5,100.0,222.5,0.0,0,54,0,0.0,0.4999999999999997,"psych_curve(xdata=array([-70.,  70.]), ydata=[0.643, 0.864], fit=[0.64, 0.64, 0.64, 0.64, 0.64, 0.64, 0.64, 0.64, 0.64, 0.64, 0.64, 0.64, 0.64, 0.64, 0.64, 0.64, 0.64, 0.64, 0.64, 0.64, 0.64, 0.64, 0.64, 0.64, 0.64, 0.64, 0.64, 0.64, 0.64, 0.64, 0.64, 0.64, 0.64, 0.64, 0.64, 0.64, 0.64, 0.64, 0.64, 0.64, 0.64, 0.64, 0.64, 0.64, 0.64, 0.64, 0.641, 0.642, 0.649, 0.674, 0.734, 0.806, 0.844, 0.856, 0.859, 0.86, 0.86, 0.86, 0.86, 0.86, 0.86, 0.86, 0.86, 0.86, 0.86, 0.86, 0.86, 0.86, 0.86, 0.86, 0.86, 0.86, 0.86, 0.86, 0.86, 0.86, 0.86, 0.86, 0.86, 0.86, 0.86, 0.86, 0.86, 0.86, 0.86, 0.86, 0.86, 0.86, 0.86, 0.86, 0.86, 0.86, 0.86, 0.86, 0.86, 0.86, 0.86, 0.86, 0.86, 0.86], params=[1.0, 1.0, 0.64, 0.14], fit_error=[0.045, 0.034])",[-70.  70.],"[0.643, 0.864]","[0.64, 0.64, 0.64, 0.64, 0.64, 0.64, 0.64, 0.64, 0.64, 0.64, 0.64, 0.64, 0.64, 0.64, 0.64, 0.64, 0.64, 0.64, 0.64, 0.64, 0.64, 0.64, 0.64, 0.64, 0.64, 0.64, 0.64, 0.64, 0.64, 0.64, 0.64, 0.64, 0.64, 0.64, 0.64, 0.64, 0.64, 0.64, 0.64, 0.64, 0.64, 0.64, 0.64, 0.64, 0.64, 0.64, 0.641, 0.642, 0.649, 0.674, 0.734, 0.806, 0.844, 0.856, 0.859, 0.86, 0.86, 0.86, 0.86, 0.86, 0.86, 0.86, 0.86, 0.86, 0.86, 0.86, 0.86, 0.86, 0.86, 0.86, 0.86, 0.86, 0.86, 0.86, 0.86, 0.86, 0.86, 0.86, 0.86, 0.86, 0.86, 0.86, 0.86, 0.86, 0.86, 0.86, 0.86, 0.86, 0.86, 0.86, 0.86, 0.86, 0.86, 0.86, 0.86, 0.86, 0.86, 0.86, 0.86, 0.86]","[0.045, 0.034]","[1.0, 1.0, 0.64, 0.14]",1.0,1.0,0.64,0.14,"psych_curve(xdata=array([-70.,  70.]), ydata=[0.736, 0.935], fit=[nan, nan, nan, nan, nan, nan, nan, nan, nan, nan, nan, nan, nan, nan, nan, nan, nan, nan, nan, nan, nan, nan, nan, nan, nan, nan, nan, nan, nan, nan, nan, nan, nan, nan, nan, nan, nan, nan, nan, nan, nan, nan, nan, nan, nan, nan, nan, nan, nan, nan, nan, nan, nan, nan, nan, nan, nan, nan, nan, nan, nan, nan, nan, nan, nan, nan, nan, nan, nan, nan, nan, nan, nan, nan, nan, nan, nan, nan, nan, nan, nan, nan, nan, nan, nan, nan, nan, nan, nan, nan, nan, nan, nan, nan, nan, nan, nan, nan, nan, nan], params=[1.0, 1.0, 0.74, 0.06], fit_error=[0.043, 0.024])",[-70.  70.],"[0.643, 0.864]","[0.64, 0.64, 0.64, 0.64, 0.64, 0.64, 0.64, 0.64, 0.64, 0.64, 0.64, 0.64, 0.64, 0.64, 0.64, 0.64, 0.64, 0.64, 0.64, 0.64, 0.64, 0.64, 0.64, 0.64, 0.64, 0.64, 0.64, 0.64, 0.64, 0.64, 0.64, 0.64, 0.64, 0.64, 0.64, 0.64, 0.64, 0.64, 0.64, 0.64, 0.64, 0.64, 0.64, 0.64, 0.64, 0.64, 0.641, 0.642, 0.649, 0.674, 0.734, 0.806, 0.844, 0.856, 0.859, 0.86, 0.86, 0.86, 0.86, 0.86, 0.86, 0.86, 0.86, 0.86, 0.86, 0.86, 0.86, 0.86, 0.86, 0.86, 0.86, 0.86, 0.86, 0.86, 0.86, 0.86, 0.86, 0.86, 0.86, 0.86, 0.86, 0.86, 0.86, 0.86, 0.86, 0.86, 0.86, 0.86, 0.86, 0.86, 0.86, 0.86, 0.86, 0.86, 0.86, 0.86, 0.86, 0.86, 0.86, 0.86]","[0.045, 0.034]","[1.0, 1.0, 0.74, 0.06]",1.0,1.0,0.74,0.06
2025-07-07,0,,15,['Bpod4'],223,116,107,134,89,159,93,66,106,52,64,23,41,0.7130044843049327,0.8017241379310345,0.616822429906542,223,116,107,162,103,59,0.7686567164179104,0.6629213483146067,60,30,30,0.22388059701492538,0.33707865168539325,0.7130044843049327,0.8017241379310345,0.616822429906542,0.7130044843049327,-0.18490170802449246,0.654320987654321,0.8666666666666667,-0.2123456790123457,0.7157890323662586,0.28047962435015933,0,0,0,0.0,0.0,0.0,159,93,66,397.5,232.5,165.0,0.0,0,66,0,0.004484304932735426,0.4999999999999997,"psych_curve(xdata=array([-70.,  70.]), ydata=[0.198, 0.617], fit=[0.2, 0.2, 0.2, 0.2, 0.2, 0.2, 0.2, 0.2, 0.2, 0.2, 0.2, 0.2, 0.2, 0.2, 0.2, 0.2, 0.2, 0.2, 0.2, 0.2, 0.2, 0.2, 0.2, 0.2, 0.2, 0.2, 0.2, 0.2, 0.2, 0.2, 0.2, 0.2, 0.2, 0.2, 0.2, 0.2, 0.2, 0.2, 0.2, 0.2, 0.2, 0.2, 0.2, 0.2, 0.2, 0.2, 0.201, 0.204, 0.218, 0.264, 0.379, 0.517, 0.589, 0.612, 0.618, 0.62, 0.62, 0.62, 0.62, 0.62, 0.62, 0.62, 0.62, 0.62, 0.62, 0.62, 0.62, 0.62, 0.62, 0.62, 0.62, 0.62, 0.62, 0.62, 0.62, 0.62, 0.62, 0.62, 0.62, 0.62, 0.62, 0.62, 0.62, 0.62, 0.62, 0.62, 0.62, 0.62, 0.62, 0.62, 0.62, 0.62, 0.62, 0.62, 0.62, 0.62, 0.62, 0.62, 0.62, 0.62], params=[1.0, 1.0, 0.2, 0.38], fit_error=[0.037, 0.047])",[-70.  70.],"[0.198, 0.617]","[0.2, 0.2, 0.2, 0.2, 0.2, 0.2, 0.2, 0.2, 0.2, 0.2, 0.2, 0.2, 0.2, 0.2, 0.2, 0.2, 0.2, 0.2, 0.2, 0.2, 0.2, 0.2, 0.2, 0.2, 0.2, 0.2, 0.2, 0.2, 0.2, 0.2, 0.2, 0.2, 0.2, 0.2, 0.2, 0.2, 0.2, 0.2, 0.2, 0.2, 0.2, 0.2, 0.2, 0.2, 0.2, 0.2, 0.201, 0.204, 0.218, 0.264, 0.379, 0.517, 0.589, 0.612, 0.618, 0.62, 0.62, 0.62, 0.62, 0.62, 0.62, 0.62, 0.62, 0.62, 0.62, 0.62, 0.62, 0.62, 0.62, 0.62, 0.62, 0.62, 0.62, 0.62, 0.62, 0.62, 0.62, 0.62, 0.62, 0.62, 0.62, 0.62, 0.62, 0.62, 0.62, 0.62, 0.62, 0.62, 0.62, 0.62, 0.62, 0.62, 0.62, 0.62, 0.62, 0.62, 0.62, 0.62, 0.62, 0.62]","[0.037, 0.047]","[1.0, 1.0, 0.2, 0.38]",1.0,1.0,0.2,0.38,"psych_curve(xdata=array([-70.,  70.]), ydata=[0.519, 0.93], fit=[nan, nan, nan, nan, nan, nan, nan, nan, nan, nan, nan, nan, nan, nan, nan, nan, nan, nan, nan, nan, nan, nan, nan, nan, nan, nan, nan, nan, nan, nan, nan, nan, nan, nan, nan, nan, nan, nan, nan, nan, nan, nan, nan, nan, nan, nan, nan, nan, nan, nan, nan, nan, nan, nan, nan, nan, nan, nan, nan, nan, nan, nan, nan, nan, nan, nan, nan, nan, nan, nan, nan, nan, nan, nan, nan, nan, nan, nan, nan, nan, nan, nan, nan, nan, nan, nan, nan, nan, nan, nan, nan, nan, nan, nan, nan, nan, nan, nan, nan, nan], params=[1.0, 1.0, 0.52, 0.07], fit_error=[0.048, 0.024])",[-70.  70.],"[0.198, 0.617]","[0.2, 0.2, 0.2, 0.2, 0.2, 0.2, 0.2, 0.2, 0.2, 0.2, 0.2, 0.2, 0.2, 0.2, 0.2, 0.2, 0.2, 0.2, 0.2, 0.2, 0.2, 0.2, 0.2, 0.2, 0.2, 0.2, 0.2, 0.2, 0.2, 0.2, 0.2, 0.2, 0.2, 0.2, 0.2, 0.2, 0.2, 0.2, 0.2, 0.2, 0.2, 0.2, 0.2, 0.2, 0.2, 0.2, 0.201, 0.204, 0.218, 0.264, 0.379, 0.517, 0.589, 0.612, 0.618, 0.62, 0.62, 0.62, 0.62, 0.62, 0.62, 0.62, 0.62, 0.62, 0.62, 0.62, 0.62, 0.62, 0.62, 0.62, 0.62, 0.62, 0.62, 0.62, 0.62, 0.62, 0.62, 0.62, 0.62, 0.62, 0.62, 0.62, 0.62, 0.62, 0.62, 0.62, 0.62, 0.62, 0.62, 0.62, 0.62, 0.62, 0.62, 0.62, 0.62, 0.62, 0.62, 0.62, 0.62, 0.62]","[0.037, 0.047]","[1.0, 1.0, 0.52, 0.07]",1.0,1.0,0.52,0.07
2025-07-08,1,,15,['Bpod4'],223,104,119,77,145,158,58,100,96,61,64,45,19,0.7085201793721974,0.5576923076923077,0.8403361344537815,222,103,119,151,42,109,0.5454545454545454,0.7517241379310344,70,35,35,0.45454545454545453,0.2413793103448276,0.7117117117117117,0.5631067961165048,0.8403361344537815,0.7320574162679426,0.2772293383372767,0.6357615894039735,0.8714285714285714,-0.2356669820245979,0.6485893416927899,0.34796238244514105,1,1,0,0.004484304932735426,0.009615384615384616,0.0,158,58,100,395.0,145.0,250.0,0.0,0,47,0,0.05582959641255606,0.4999999999999997,"psych_curve(xdata=array([-70.,  -8.,  -4.,  -2.,   2.,   4.,   8.,  70.]), ydata=[0.432, 0.6, 0.5, 0.0, 0.0, 0.0, 1.0, 0.868], fit=[0.26, 0.26, 0.26, 0.26, 0.26, 0.26, 0.26, 0.26, 0.26, 0.26, 0.26, 0.26, 0.26, 0.26, 0.26, 0.26, 0.26, 0.26, 0.26, 0.26, 0.26, 0.26, 0.26, 0.26, 0.26, 0.26, 0.26, 0.26, 0.26, 0.26, 0.26, 0.26, 0.26, 0.26, 0.26, 0.26, 0.26, 0.26, 0.26, 0.26, 0.26, 0.26, 0.26, 0.26, 0.26, 0.26, 0.26, 0.26, 0.26, 0.26, 0.26, 0.26, 0.26, 0.261, 0.917, 0.93, 0.93, 0.93, 0.93, 0.93, 0.93, 0.93, 0.93, 0.93, 0.93, 0.93, 0.93, 0.93, 0.93, 0.93, 0.93, 0.93, 0.93, 0.93, 0.93, 0.93, 0.93, 0.93, 0.93, 0.93, 0.93, 0.93, 0.93, 0.93, 0.93, 0.93, 0.93, 0.93, 0.93, 0.93, 0.93, 0.93, 0.93, 0.93, 0.93, 0.93, 0.93, 0.93, 0.93, 0.93], params=[7.15, 5.82, 0.26, 0.07], fit_error=[0.051, 0.245, 0.5, nan, 0.0, 0.0, nan, 0.032])",[-70.  -8.  -4.  -2.   2.   4.   8.  70.],"[0.432, 0.6, 0.5, 0.0, 0.0, 0.0, 1.0, 0.868]","[0.26, 0.26, 0.26, 0.26, 0.26, 0.26, 0.26, 0.26, 0.26, 0.26, 0.26, 0.26, 0.26, 0.26, 0.26, 0.26, 0.26, 0.26, 0.26, 0.26, 0.26, 0.26, 0.26, 0.26, 0.26, 0.26, 0.26, 0.26, 0.26, 0.26, 0.26, 0.26, 0.26, 0.26, 0.26, 0.26, 0.26, 0.26, 0.26, 0.26, 0.26, 0.26, 0.26, 0.26, 0.26, 0.26, 0.26, 0.26, 0.26, 0.26, 0.26, 0.26, 0.26, 0.261, 0.917, 0.93, 0.93, 0.93, 0.93, 0.93, 0.93, 0.93, 0.93, 0.93, 0.93, 0.93, 0.93, 0.93, 0.93, 0.93, 0.93, 0.93, 0.93, 0.93, 0.93, 0.93, 0.93, 0.93, 0.93, 0.93, 0.93, 0.93, 0.93, 0.93, 0.93, 0.93, 0.93, 0.93, 0.93, 0.93, 0.93, 0.93, 0.93, 0.93, 0.93, 0.93, 0.93, 0.93, 0.93, 0.93]","[0.051, 0.245, 0.5, nan, 0.0, 0.0, nan, 0.032]","[7.15, 5.82, 0.26, 0.07]",7.15,5.82,0.26,0.07,"psych_curve(xdata=array([-70.,  -8.,  -4.,  -2.,   2.,   8.,  70.]), ydata=[0.443, 0.75, 0.75, 1.0, 1.0, 1.0, 0.912], fit=[nan, nan, nan, nan, nan, nan, nan, nan, nan, nan, nan, nan, nan, nan, nan, nan, nan, nan, nan, nan, nan, nan, nan, nan, nan, nan, nan, nan, nan, nan, nan, nan, nan, nan, nan, nan, nan, nan, nan, nan, nan, nan, nan, nan, nan, nan, nan, nan, nan, nan, nan, nan, nan, nan, nan, nan, nan, nan, nan, nan, nan, nan, nan, nan, nan, nan, nan, nan, nan, nan, nan, nan, nan, nan, nan, nan, nan, nan, nan, nan, nan, nan, nan, nan, nan, nan, nan, nan, nan, nan, nan, nan, nan, nan, nan, nan, nan, nan, nan, nan], params=[0.31, -8.14, 0.45, 0.02], fit_error=[0.048, 0.25, 0.25, 0.0, nan, 0.0, 0.028])",[-70.  -8.  -4.  -2.   2.   4.   8.  70.],"[0.432, 0.6, 0.5, 0.0, 0.0, 0.0, 1.0, 0.868]","[0.26, 0.26, 0.26, 0.26, 0.26, 0.26, 0.26, 0.26, 0.26, 0.26, 0.26, 0.26, 0.26, 0.26, 0.26, 0.26, 0.26, 0.26, 0.26, 0.26, 0.26, 0.26, 0.26, 0.26, 0.26, 0.26, 0.26, 0.26, 0.26, 0.26, 0.26, 0.26, 0.26, 0.26, 0.26, 0.26, 0.26, 0.26, 0.26, 0.26, 0.26, 0.26, 0.26, 0.26, 0.26, 0.26, 0.26, 0.26, 0.26, 0.26, 0.26, 0.26, 0.26, 0.261, 0.917, 0.93, 0.93, 0.93, 0.93, 0.93, 0.93, 0.93, 0.93, 0.93, 0.93, 0.93, 0.93, 0.93, 0.93, 0.93, 0.93, 0.93, 0.93, 0.93, 0.93, 0.93, 0.93, 0.93, 0.93, 0.93, 0.93, 0.93, 0.93, 0.93, 0.93, 0.93, 0.93, 0.93, 0.93, 0.93, 0.93, 0.93, 0.93, 0.93, 0.93, 0.93, 0.93, 0.93, 0.93, 0.93]","[0.051, 0.245, 0.5, nan, 0.0, 0.0, nan, 0.032]","[0.31, -8.14, 0.45, 0.02]",0.31,-8.14,0.45,0.02
2025-07-09,2,,15,['Bpod4'],222,98,124,89,132,155,60,95,100,55,66,37,29,0.6981981981981982,0.6122448979591837,0.7661290322580645,221,97,124,148,52,96,0.5842696629213483,0.7272727272727273,72,36,36,0.4044943820224719,0.2727272727272727,0.7013574660633484,0.6185567010309279,0.7661290322580645,0.7050691244239631,0.14757233122713664,0.6756756756756757,0.7638888888888888,-0.08821321321321318,0.6557711950970377,0.3386108273748723,1,1,0,0.0045045045045045045,0.01020408163265306,0.0,155,60,95,387.5,150.0,237.5,0.0,0,27,0,0.05000000000000001,0.4999999999999997,"psych_curve(xdata=array([-70.,  -8.,   0.,   2.,  70.]), ydata=[0.383, 0.0, 0.5, 0.0, 0.772], fit=[0.22, 0.22, 0.22, 0.22, 0.22, 0.22, 0.22, 0.22, 0.22, 0.22, 0.22, 0.22, 0.22, 0.22, 0.22, 0.22, 0.22, 0.22, 0.22, 0.22, 0.22, 0.22, 0.22, 0.22, 0.22, 0.22, 0.22, 0.22, 0.22, 0.22, 0.22, 0.22, 0.22, 0.22, 0.22, 0.22, 0.22, 0.22, 0.22, 0.22, 0.22, 0.22, 0.22, 0.22, 0.22, 0.22, 0.22, 0.22, 0.22, 0.22, 0.22, 0.22, 0.22, 0.22, 0.221, 0.229, 0.278, 0.468, 0.688, 0.756, 0.768, 0.77, 0.77, 0.77, 0.77, 0.77, 0.77, 0.77, 0.77, 0.77, 0.77, 0.77, 0.77, 0.77, 0.77, 0.77, 0.77, 0.77, 0.77, 0.77, 0.77, 0.77, 0.77, 0.77, 0.77, 0.77, 0.77, 0.77, 0.77, 0.77, 0.77, 0.77, 0.77, 0.77, 0.77, 0.77, 0.77, 0.77, 0.77, 0.77], params=[1.37, 10.75, 0.22, 0.23], fit_error=[0.05, nan, 0.5, nan, 0.038])",[-70.  -8.   0.   2.  70.],"[0.383, 0.0, 0.5, 0.0, 0.772]","[0.22, 0.22, 0.22, 0.22, 0.22, 0.22, 0.22, 0.22, 0.22, 0.22, 0.22, 0.22, 0.22, 0.22, 0.22, 0.22, 0.22, 0.22, 0.22, 0.22, 0.22, 0.22, 0.22, 0.22, 0.22, 0.22, 0.22, 0.22, 0.22, 0.22, 0.22, 0.22, 0.22, 0.22, 0.22, 0.22, 0.22, 0.22, 0.22, 0.22, 0.22, 0.22, 0.22, 0.22, 0.22, 0.22, 0.22, 0.22, 0.22, 0.22, 0.22, 0.22, 0.22, 0.22, 0.221, 0.229, 0.278, 0.468, 0.688, 0.756, 0.768, 0.77, 0.77, 0.77, 0.77, 0.77, 0.77, 0.77, 0.77, 0.77, 0.77, 0.77, 0.77, 0.77, 0.77, 0.77, 0.77, 0.77, 0.77, 0.77, 0.77, 0.77, 0.77, 0.77, 0.77, 0.77, 0.77, 0.77, 0.77, 0.77, 0.77, 0.77, 0.77, 0.77, 0.77, 0.77, 0.77, 0.77, 0.77, 0.77]","[0.05, nan, 0.5, nan, 0.038]","[1.37, 10.75, 0.22, 0.23]",1.37,10.75,0.22,0.23,"psych_curve(xdata=array([-70.,  -8.,  -2.,  -0.,  70.]), ydata=[0.465, 0.0, 1.0, 0.5, 0.855], fit=[nan, nan, nan, nan, nan, nan, nan, nan, nan, nan, nan, nan, nan, nan, nan, nan, nan, nan, nan, nan, nan, nan, nan, nan, nan, nan, nan, nan, nan, nan, nan, nan, nan, nan, nan, nan, nan, nan, nan, nan, nan, nan, nan, nan, nan, nan, nan, nan, nan, nan, nan, nan, nan, nan, nan, nan, nan, nan, nan, nan, nan, nan, nan, nan, nan, nan, nan, nan, nan, nan, nan, nan, nan, nan, nan, nan, nan, nan, nan, nan, nan, nan, nan, nan, nan, nan, nan, nan, nan, nan, nan, nan, nan, nan, nan, nan, nan, nan, nan, nan], params=[6.85, -3.98, 0.23, 0.22], fit_error=[0.05, nan, nan, 0.5, 0.033])",[-70.  -8.   0.   2.  70.],"[0.383, 0.0, 0.5, 0.0, 0.772]","[0.22, 0.22, 0.22, 0.22, 0.22, 0.22, 0.22, 0.22, 0.22, 0.22, 0.22, 0.22, 0.22, 0.22, 0.22, 0.22, 0.22, 0.22, 0.22, 0.22, 0.22, 0.22, 0.22, 0.22, 0.22, 0.22, 0.22, 0.22, 0.22, 0.22, 0.22, 0.22, 0.22, 0.22, 0.22, 0.22, 0.22, 0.22, 0.22, 0.22, 0.22, 0.22, 0.22, 0.22, 0.22, 0.22, 0.22, 0.22, 0.22, 0.22, 0.22, 0.22, 0.22, 0.22, 0.221, 0.229, 0.278, 0.468, 0.688, 0.756, 0.768, 0.77, 0.77, 0.77, 0.77, 0.77, 0.77, 0.77, 0.77, 0.77, 0.77, 0.77, 0.77, 0.77, 0.77, 0.77, 0.77, 0.77, 0.77, 0.77, 0.77, 0.77, 0.77, 0.77, 0.77, 0.77, 0.77, 0.77, 0.77, 0.77, 0.77, 0.77, 0.77, 0.77, 0.77, 0.77, 0.77, 0.77, 0.77, 0.77]","[0.05, nan, 0.5, nan, 0.038]","[6.85, -3.98, 0.23, 0.22]",6.85,-3.98,0.23,0.22
2025-07-10,3,,15,['Bpod4'],221,110,111,102,118,149,70,79,97,51,71,39,32,0.6742081447963801,0.6363636363636364,0.7117117117117117,220,109,111,151,68,83,0.6666666666666666,0.7033898305084746,68,34,34,0.3333333333333333,0.288135593220339,0.6772727272727272,0.6422018348623854,0.7117117117117117,0.6834862385321101,0.0695098768493263,0.6423841059602649,0.75,-0.10761589403973515,0.6850282485875706,0.3107344632768362,1,1,0,0.004524886877828055,0.00909090909090909,0.0,149,70,79,372.5,175.0,197.5,0.0,0,18,0,0.05,0.4999999999999997,"psych_curve(xdata=array([-70.,   0.,   2.,  70.]), ydata=[0.358, 0.0, 0.0, 0.725], fit=[0.12, 0.12, 0.12, 0.12, 0.12, 0.12, 0.12, 0.12, 0.12, 0.12, 0.12, 0.12, 0.12, 0.12, 0.12, 0.12, 0.12, 0.12, 0.12, 0.12, 0.12, 0.12, 0.12, 0.12, 0.12, 0.12, 0.12, 0.12, 0.12, 0.12, 0.12, 0.12, 0.12, 0.12, 0.12, 0.12, 0.12, 0.12, 0.12, 0.12, 0.12, 0.12, 0.12, 0.12, 0.12, 0.12, 0.12, 0.12, 0.12, 0.12, 0.12, 0.12, 0.12, 0.12, 0.12, 0.12, 0.122, 0.135, 0.228, 0.508, 0.683, 0.715, 0.719, 0.72, 0.72, 0.72, 0.72, 0.72, 0.72, 0.72, 0.72, 0.72, 0.72, 0.72, 0.72, 0.72, 0.72, 0.72, 0.72, 0.72, 0.72, 0.72, 0.72, 0.72, 0.72, 0.72, 0.72, 0.72, 0.72, 0.72, 0.72, 0.72, 0.72, 0.72, 0.72, 0.72, 0.72, 0.72, 0.72, 0.72], params=[1.5, 13.03, 0.12, 0.28], fit_error=[0.046, nan, nan, 0.043])",[-70.   0.   2.  70.],"[0.358, 0.0, 0.0, 0.725]","[0.12, 0.12, 0.12, 0.12, 0.12, 0.12, 0.12, 0.12, 0.12, 0.12, 0.12, 0.12, 0.12, 0.12, 0.12, 0.12, 0.12, 0.12, 0.12, 0.12, 0.12, 0.12, 0.12, 0.12, 0.12, 0.12, 0.12, 0.12, 0.12, 0.12, 0.12, 0.12, 0.12, 0.12, 0.12, 0.12, 0.12, 0.12, 0.12, 0.12, 0.12, 0.12, 0.12, 0.12, 0.12, 0.12, 0.12, 0.12, 0.12, 0.12, 0.12, 0.12, 0.12, 0.12, 0.12, 0.12, 0.122, 0.135, 0.228, 0.508, 0.683, 0.715, 0.719, 0.72, 0.72, 0.72, 0.72, 0.72, 0.72, 0.72, 0.72, 0.72, 0.72, 0.72, 0.72, 0.72, 0.72, 0.72, 0.72, 0.72, 0.72, 0.72, 0.72, 0.72, 0.72, 0.72, 0.72, 0.72, 0.72, 0.72, 0.72, 0.72, 0.72, 0.72, 0.72, 0.72, 0.72, 0.72, 0.72, 0.72]","[0.046, nan, nan, 0.043]","[1.5, 13.03, 0.12, 0.28]",1.5,13.03,0.12,0.28,"psych_curve(xdata=array([-70.,  -2.,   0.,  70.]), ydata=[0.51, 1.0, 0.0, 0.858], fit=[nan, nan, nan, nan, nan, nan, nan, nan, nan, nan, nan, nan, nan, nan, nan, nan, nan, nan, nan, nan, nan, nan, nan, nan, nan, nan, nan, nan, nan, nan, nan, nan, nan, nan, nan, nan, nan, nan, nan, nan, nan, nan, nan, nan, nan, nan, nan, nan, nan, nan, nan, nan, nan, nan, nan, nan, nan, nan, nan, nan, nan, nan, nan, nan, nan, nan, nan, nan, nan, nan, nan, nan, nan, nan, nan, nan, nan, nan, nan, nan, nan, nan, nan, nan, nan, nan, nan, nan, nan, nan, nan, nan, nan, nan, nan, nan, nan, nan, nan, nan], params=[2.95, 4.11, 0.5, 0.14], fit_error=[0.049, nan, nan, 0.033])",[-70.   0.   2.  70.],"[0.358, 0.0, 0.0, 0.725]","[0.12, 0.12, 0.12, 0.12, 0.12, 0.12, 0.12, 0.12, 0.12, 0.12, 0.12, 0.12, 0.12, 0.12, 0.12, 0.12, 0.12, 0.12, 0.12, 0.12, 0.12, 0.12, 0.12, 0.12, 0.12, 0.12, 0.12, 0.12, 0.12, 0.12, 0.12, 0.12, 0.12, 0.12, 0.12, 0.12, 0.12, 0.12, 0.12, 0.12, 0.12, 0.12, 0.12, 0.12, 0.12, 0.12, 0.12, 0.12, 0.12, 0.12, 0.12, 0.12, 0.12, 0.12, 0.12, 0.12, 0.122, 0.135, 0.228, 0.508, 0.683, 0.715, 0.719, 0.72, 0.72, 0.72, 0.72, 0.72, 0.72, 0.72, 0.72, 0.72, 0.72, 0.72, 0.72, 0.72, 0.72, 0.72, 0.72, 0.72, 0.72, 0.72, 0.72, 0.72, 0.72, 0.72, 0.72, 0.72, 0.72, 0.72, 0.72, 0.72, 0.72, 0.72, 0.72, 0.72, 0.72, 0.72, 0.72, 0.72]","[0.046, nan, nan, 0.043]","[2.95, 4.11, 0.5, 0.14]",2.95,4.11,0.5,0.14
2025-07-11,4,,15,['Bpod4'],217,102,115,91,125,133,55,78,78,54,83,47,36,0.6129032258064516,0.5392156862745098,0.6782608695652174,216,102,114,141,53,88,0.5824175824175825,0.704,73,36,37,0.3956043956043956,0.296,0.6157407407407407,0.5392156862745098,0.6842105263157895,0.6298076923076923,0.14499484004127972,0.5531914893617021,0.7397260273972602,-0.18653453803555808,0.6432087912087912,0.3458021978021978,1,0,1,0.004608294930875576,0.0,0.008695652173913044,133,55,78,332.5,137.5,195.0,0.0,0,45,0,0.05000000000000001,0.4999999999999997,"psych_curve(xdata=array([-70.,  -4.,  -2.,   0.,   4.,   8.,  70.]), ydata=[0.455, 0.0, 1.0, 0.5, 0.0, 0.333, 0.706], fit=[0.49, 0.49, 0.49, 0.49, 0.49, 0.49, 0.49, 0.49, 0.49, 0.49, 0.49, 0.49, 0.49, 0.49, 0.49, 0.49, 0.49, 0.49, 0.49, 0.49, 0.49, 0.49, 0.49, 0.49, 0.49, 0.49, 0.49, 0.49, 0.49, 0.49, 0.49, 0.49, 0.49, 0.49, 0.49, 0.49, 0.49, 0.49, 0.49, 0.49, 0.49, 0.49, 0.49, 0.49, 0.49, 0.49, 0.49, 0.49, 0.49, 0.49, 0.489, 0.353, 0.35, 0.35, 0.35, 0.35, 0.35, 0.35, 0.35, 0.35, 0.35, 0.35, 0.35, 0.35, 0.35, 0.35, 0.35, 0.35, 0.35, 0.35, 0.35, 0.35, 0.35, 0.35, 0.35, 0.35, 0.35, 0.35, 0.35, 0.35, 0.35, 0.35, 0.35, 0.35, 0.35, 0.35, 0.35, 0.35, 0.35, 0.35, 0.35, 0.35, 0.35, 0.35, 0.35, 0.35, 0.35, 0.35, 0.35, 0.35], params=[6.52, 1.55, 0.49, 0.65], fit_error=[0.05, nan, nan, 0.5, nan, 0.333, 0.044])",[-70.  -4.  -2.   0.   4.   8.  70.],"[0.455, 0.0, 1.0, 0.5, 0.0, 0.333, 0.706]","[0.49, 0.49, 0.49, 0.49, 0.49, 0.49, 0.49, 0.49, 0.49, 0.49, 0.49, 0.49, 0.49, 0.49, 0.49, 0.49, 0.49, 0.49, 0.49, 0.49, 0.49, 0.49, 0.49, 0.49, 0.49, 0.49, 0.49, 0.49, 0.49, 0.49, 0.49, 0.49, 0.49, 0.49, 0.49, 0.49, 0.49, 0.49, 0.49, 0.49, 0.49, 0.49, 0.49, 0.49, 0.49, 0.49, 0.49, 0.49, 0.49, 0.49, 0.489, 0.353, 0.35, 0.35, 0.35, 0.35, 0.35, 0.35, 0.35, 0.35, 0.35, 0.35, 0.35, 0.35, 0.35, 0.35, 0.35, 0.35, 0.35, 0.35, 0.35, 0.35, 0.35, 0.35, 0.35, 0.35, 0.35, 0.35, 0.35, 0.35, 0.35, 0.35, 0.35, 0.35, 0.35, 0.35, 0.35, 0.35, 0.35, 0.35, 0.35, 0.35, 0.35, 0.35, 0.35, 0.35, 0.35, 0.35, 0.35, 0.35]","[0.05, nan, nan, 0.5, nan, 0.333, 0.044]","[6.52, 1.55, 0.49, 0.65]",6.52,1.55,0.49,0.65,"psych_curve(xdata=array([-70.,  -8.,  -4.,  -0.,   2.,   8.,  70.]), ydata=[0.536, 0.5, 0.5, 0.5, 0.0, 0.0, 0.83], fit=[nan, nan, nan, nan, nan, nan, nan, nan, nan, nan, nan, nan, nan, nan, nan, nan, nan, nan, nan, nan, nan, nan, nan, nan, nan, nan, nan, nan, nan, nan, nan, nan, nan, nan, nan, nan, nan, nan, nan, nan, nan, nan, nan, nan, nan, nan, nan, nan, nan, nan, nan, nan, nan, nan, nan, nan, nan, nan, nan, nan, nan, nan, nan, nan, nan, nan, nan, nan, nan, nan, nan, nan, nan, nan, nan, nan, nan, nan, nan, nan, nan, nan, nan, nan, nan, nan, nan, nan, nan, nan, nan, nan, nan, nan, nan, nan, nan, nan, nan, nan], params=[8.93, 0.33, 0.51, 0.72], fit_error=[0.047, 0.5, 0.5, 0.5, nan, nan, 0.039])",[-70.  -4.  -2.   0.   4.   8.  70.],"[0.455, 0.0, 1.0, 0.5, 0.0, 0.333, 0.706]","[0.49, 0.49, 0.49, 0.49, 0.49, 0.49, 0.49, 0.49, 0.49, 0.49, 0.49, 0.49, 0.49, 0.49, 0.49, 0.49, 0.49, 0.49, 0.49, 0.49, 0.49, 0.49, 0.49, 0.49, 0.49, 0.49, 0.49, 0.49, 0.49, 0.49, 0.49, 0.49, 0.49, 0.49, 0.49, 0.49, 0.49, 0.49, 0.49, 0.49, 0.49, 0.49, 0.49, 0.49, 0.49, 0.49, 0.49, 0.49, 0.49, 0.49, 0.489, 0.353, 0.35, 0.35, 0.35, 0.35, 0.35, 0.35, 0.35, 0.35, 0.35, 0.35, 0.35, 0.35, 0.35, 0.35, 0.35, 0.35, 0.35, 0.35, 0.35, 0.35, 0.35, 0.35, 0.35, 0.35, 0.35, 0.35, 0.35, 0.35, 0.35, 0.35, 0.35, 0.35, 0.35, 0.35, 0.35, 0.35, 0.35, 0.35, 0.35, 0.35, 0.35, 0.35, 0.35, 0.35, 0.35, 0.35, 0.35, 0.35]","[0.05, nan, nan, 0.5, nan, 0.333, 0.044]","[8.93, 0.33, 0.51, 0.72]",8.93,0.33,0.51,0.72
2025-07-14,0,,15,['Bpod4'],215,109,106,165,47,126,93,33,84,39,86,14,72,0.586046511627907,0.8532110091743119,0.3113207547169811,212,107,105,158,138,20,0.8363636363636363,0.425531914893617,51,24,27,0.14545454545454545,0.574468085106383,0.5943396226415094,0.8691588785046729,0.3142857142857143,0.6,-0.5548731642189586,0.5316455696202531,0.7647058823529411,-0.233060312732688,0.6309477756286267,0.35996131528046427,3,2,1,0.013953488372093023,0.01834862385321101,0.009433962264150943,126,93,33,315.0,232.5,82.5,0.0,0,47,0,0.05,0.4999999999999997,"psych_curve(xdata=array([-70.,  -2.,   0.,   2.,   8.,  70.]), ydata=[0.135, 0.0, 0.0, 0.0, 0.0, 0.327], fit=[0.03, 0.03, 0.03, 0.03, 0.03, 0.03, 0.03, 0.03, 0.03, 0.03, 0.03, 0.03, 0.03, 0.03, 0.03, 0.03, 0.03, 0.03, 0.03, 0.03, 0.03, 0.03, 0.03, 0.03, 0.03, 0.03, 0.03, 0.03, 0.03, 0.03, 0.03, 0.03, 0.03, 0.03, 0.03, 0.03, 0.03, 0.03, 0.03, 0.03, 0.03, 0.03, 0.03, 0.03, 0.03, 0.03, 0.03, 0.03, 0.03, 0.03, 0.03, 0.03, 0.03, 0.03, 0.03, 0.03, 0.03, 0.03, 0.03, 0.031, 0.033, 0.04, 0.063, 0.119, 0.207, 0.279, 0.313, 0.325, 0.328, 0.33, 0.33, 0.33, 0.33, 0.33, 0.33, 0.33, 0.33, 0.33, 0.33, 0.33, 0.33, 0.33, 0.33, 0.33, 0.33, 0.33, 0.33, 0.33, 0.33, 0.33, 0.33, 0.33, 0.33, 0.33, 0.33, 0.33, 0.33, 0.33, 0.33, 0.33], params=[0.87, 20.09, 0.03, 0.67], fit_error=[0.034, nan, 0.0, 0.0, 0.0, 0.047])",[-70.  -2.   0.   2.   8.  70.],"[0.135, 0.0, 0.0, 0.0, 0.0, 0.327]","[0.03, 0.03, 0.03, 0.03, 0.03, 0.03, 0.03, 0.03, 0.03, 0.03, 0.03, 0.03, 0.03, 0.03, 0.03, 0.03, 0.03, 0.03, 0.03, 0.03, 0.03, 0.03, 0.03, 0.03, 0.03, 0.03, 0.03, 0.03, 0.03, 0.03, 0.03, 0.03, 0.03, 0.03, 0.03, 0.03, 0.03, 0.03, 0.03, 0.03, 0.03, 0.03, 0.03, 0.03, 0.03, 0.03, 0.03, 0.03, 0.03, 0.03, 0.03, 0.03, 0.03, 0.03, 0.03, 0.03, 0.03, 0.03, 0.03, 0.031, 0.033, 0.04, 0.063, 0.119, 0.207, 0.279, 0.313, 0.325, 0.328, 0.33, 0.33, 0.33, 0.33, 0.33, 0.33, 0.33, 0.33, 0.33, 0.33, 0.33, 0.33, 0.33, 0.33, 0.33, 0.33, 0.33, 0.33, 0.33, 0.33, 0.33, 0.33, 0.33, 0.33, 0.33, 0.33, 0.33, 0.33, 0.33, 0.33, 0.33]","[0.034, nan, 0.0, 0.0, 0.0, 0.047]","[0.87, 20.09, 0.03, 0.67]",0.87,20.09,0.03,0.67,"psych_curve(xdata=array([-70.,  -8.,  -2.,   0.,   2.,  70.]), ydata=[0.645, 1.0, 1.0, 1.0, 0.5, 0.88], fit=[nan, nan, nan, nan, nan, nan, nan, nan, nan, nan, nan, nan, nan, nan, nan, nan, nan, nan, nan, nan, nan, nan, nan, nan, nan, nan, nan, nan, nan, nan, nan, nan, nan, nan, nan, nan, nan, nan, nan, nan, nan, nan, nan, nan, nan, nan, nan, nan, nan, nan, nan, nan, nan, nan, nan, nan, nan, nan, nan, nan, nan, nan, nan, nan, nan, nan, nan, nan, nan, nan, nan, nan, nan, nan, nan, nan, nan, nan, nan, nan, nan, nan, nan, nan, nan, nan, nan, nan, nan, nan, nan, nan, nan, nan, nan, nan, nan, nan, nan, nan], params=[22.28, 0.51, 0.91, 0.31], fit_error=[0.046, 0.0, nan, 0.0, 0.5, 0.034])",[-70.  -2.   0.   2.   8.  70.],"[0.135, 0.0, 0.0, 0.0, 0.0, 0.327]","[0.03, 0.03, 0.03, 0.03, 0.03, 0.03, 0.03, 0.03, 0.03, 0.03, 0.03, 0.03, 0.03, 0.03, 0.03, 0.03, 0.03, 0.03, 0.03, 0.03, 0.03, 0.03, 0.03, 0.03, 0.03, 0.03, 0.03, 0.03, 0.03, 0.03, 0.03, 0.03, 0.03, 0.03, 0.03, 0.03, 0.03, 0.03, 0.03, 0.03, 0.03, 0.03, 0.03, 0.03, 0.03, 0.03, 0.03, 0.03, 0.03, 0.03, 0.03, 0.03, 0.03, 0.03, 0.03, 0.03, 0.03, 0.03, 0.03, 0.031, 0.033, 0.04, 0.063, 0.119, 0.207, 0.279, 0.313, 0.325, 0.328, 0.33, 0.33, 0.33, 0.33, 0.33, 0.33, 0.33, 0.33, 0.33, 0.33, 0.33, 0.33, 0.33, 0.33, 0.33, 0.33, 0.33, 0.33, 0.33, 0.33, 0.33, 0.33, 0.33, 0.33, 0.33, 0.33, 0.33, 0.33, 0.33, 0.33, 0.33]","[0.034, nan, 0.0, 0.0, 0.0, 0.047]","[22.28, 0.51, 0.91, 0.31]",22.28,0.51,0.91,0.31
2025-07-15,1,,15,['Bpod4'],221,110,111,126,90,147,82,65,101,43,69,25,44,0.665158371040724,0.7454545454545455,0.5855855855855856,216,107,109,155,95,60,0.753968253968254,0.6666666666666666,57,29,28,0.23015873015873015,0.3111111111111111,0.6805555555555556,0.7663551401869159,0.5963302752293578,0.6826923076923077,-0.1700248649575581,0.6516129032258065,0.7543859649122807,-0.10277306168647427,0.7103174603174602,0.2706349206349206,5,3,2,0.02262443438914027,0.02727272727272727,0.018018018018018018,147,82,65,367.5,205.0,162.5,0.0,0,104,0,0.05,0.4999999999999997,"psych_curve(xdata=array([-70.,  -8.,  -4.,  -2.,   2.,   4.,   8.,  70.]), ydata=[0.24, 0.0, 0.0, 0.0, 0.333, 0.0, 1.0, 0.606], fit=[0.1, 0.1, 0.1, 0.1, 0.1, 0.1, 0.1, 0.1, 0.1, 0.1, 0.1, 0.1, 0.1, 0.1, 0.1, 0.1, 0.1, 0.1, 0.1, 0.1, 0.1, 0.1, 0.1, 0.1, 0.1, 0.1, 0.1, 0.1, 0.1, 0.1, 0.1, 0.1, 0.1, 0.1, 0.1, 0.1, 0.1, 0.1, 0.1, 0.1, 0.1, 0.1, 0.1, 0.1, 0.1, 0.1, 0.1, 0.1, 0.1, 0.1, 0.1, 0.1, 0.1, 0.101, 0.786, 0.8, 0.8, 0.8, 0.8, 0.8, 0.8, 0.8, 0.8, 0.8, 0.8, 0.8, 0.8, 0.8, 0.8, 0.8, 0.8, 0.8, 0.8, 0.8, 0.8, 0.8, 0.8, 0.8, 0.8, 0.8, 0.8, 0.8, 0.8, 0.8, 0.8, 0.8, 0.8, 0.8, 0.8, 0.8, 0.8, 0.8, 0.8, 0.8, 0.8, 0.8, 0.8, 0.8, 0.8, 0.8], params=[7.12, 5.82, 0.1, 0.2], fit_error=[0.042, nan, nan, nan, 0.333, nan, nan, 0.048])",[-70.  -8.  -4.  -2.   2.   4.   8.  70.],"[0.24, 0.0, 0.0, 0.0, 0.333, 0.0, 1.0, 0.606]","[0.1, 0.1, 0.1, 0.1, 0.1, 0.1, 0.1, 0.1, 0.1, 0.1, 0.1, 0.1, 0.1, 0.1, 0.1, 0.1, 0.1, 0.1, 0.1, 0.1, 0.1, 0.1, 0.1, 0.1, 0.1, 0.1, 0.1, 0.1, 0.1, 0.1, 0.1, 0.1, 0.1, 0.1, 0.1, 0.1, 0.1, 0.1, 0.1, 0.1, 0.1, 0.1, 0.1, 0.1, 0.1, 0.1, 0.1, 0.1, 0.1, 0.1, 0.1, 0.1, 0.1, 0.101, 0.786, 0.8, 0.8, 0.8, 0.8, 0.8, 0.8, 0.8, 0.8, 0.8, 0.8, 0.8, 0.8, 0.8, 0.8, 0.8, 0.8, 0.8, 0.8, 0.8, 0.8, 0.8, 0.8, 0.8, 0.8, 0.8, 0.8, 0.8, 0.8, 0.8, 0.8, 0.8, 0.8, 0.8, 0.8, 0.8, 0.8, 0.8, 0.8, 0.8, 0.8, 0.8, 0.8, 0.8, 0.8, 0.8]","[0.042, nan, nan, nan, 0.333, nan, nan, 0.048]","[7.12, 5.82, 0.1, 0.2]",7.12,5.82,0.1,0.2,"psych_curve(xdata=array([-70.,  -8.,  -4.,  -2.,   2.,   4.,   8.,  70.]), ydata=[0.554, 0.0, 1.0, 0.667, 1.0, 1.0, 1.0, 0.875], fit=[nan, nan, nan, nan, nan, nan, nan, nan, nan, nan, nan, nan, nan, nan, nan, nan, nan, nan, nan, nan, nan, nan, nan, nan, nan, nan, nan, nan, nan, nan, nan, nan, nan, nan, nan, nan, nan, nan, nan, nan, nan, nan, nan, nan, nan, nan, nan, nan, nan, nan, nan, nan, nan, nan, nan, nan, nan, nan, nan, nan, nan, nan, nan, nan, nan, nan, nan, nan, nan, nan, nan, nan, nan, nan, nan, nan, nan, nan, nan, nan, nan, nan, nan, nan, nan, nan, nan, nan, nan, nan, nan, nan, nan, nan, nan, nan, nan, nan, nan, nan], params=[10.44, -5.73, 0.28, 0.08], fit_error=[0.052, nan, nan, 0.333, nan, nan, nan, 0.031])",[-70.  -8.  -4.  -2.   2.   4.   8.  70.],"[0.24, 0.0, 0.0, 0.0, 0.333, 0.0, 1.0, 0.606]","[0.1, 0.1, 0.1, 0.1, 0.1, 0.1, 0.1, 0.1, 0.1, 0.1, 0.1, 0.1, 0.1, 0.1, 0.1, 0.1, 0.1, 0.1, 0.1, 0.1, 0.1, 0.1, 0.1, 0.1, 0.1, 0.1, 0.1, 0.1, 0.1, 0.1, 0.1, 0.1, 0.1, 0.1, 0.1, 0.1, 0.1, 0.1, 0.1, 0.1, 0.1, 0.1, 0.1, 0.1, 0.1, 0.1, 0.1, 0.1, 0.1, 0.1, 0.1, 0.1, 0.1, 0.101, 0.786, 0.8, 0.8, 0.8, 0.8, 0.8, 0.8, 0.8, 0.8, 0.8, 0.8, 0.8, 0.8, 0.8, 0.8, 0.8, 0.8, 0.8, 0.8, 0.8, 0.8, 0.8, 0.8, 0.8, 0.8, 0.8, 0.8, 0.8, 0.8, 0.8, 0.8, 0.8, 0.8, 0.8, 0.8, 0.8, 0.8, 0.8, 0.8, 0.8, 0.8, 0.8, 0.8, 0.8, 0.8, 0.8]","[0.042, nan, nan, nan, 0.333, nan, nan, 0.048]","[10.44, -5.73, 0.28, 0.08]",10.44,-5.73,0.28,0.08
2025-07-16,2,,15,['Bpod4'],221,114,107,110,111,151,77,74,111,39,70,37,33,0.6832579185520362,0.6754385964912281,0.6915887850467289,221,114,107,168,83,85,0.7545454545454545,0.7657657657657657,52,26,26,0.23636363636363636,0.23423423423423423,0.6832579185520362,0.6754385964912281,0.6915887850467289,0.6930232558139535,0.016150188555500877,0.6607142857142857,0.75,-0.0892857142857143,0.7601556101556102,0.2352989352989353,0,0,0,0.0,0.0,0.0,151,77,74,377.5,192.5,185.0,0.0,0,107,0,0.05,0.4999999999999997,"psych_curve(xdata=array([-70.,  -8.,  -4.,   0.,  70.]), ydata=[0.312, 0.667, 0.0, 0.5, 0.698], fit=[0.33, 0.33, 0.33, 0.33, 0.33, 0.33, 0.33, 0.33, 0.33, 0.33, 0.33, 0.33, 0.33, 0.33, 0.33, 0.33, 0.33, 0.33, 0.33, 0.33, 0.33, 0.33, 0.33, 0.33, 0.33, 0.33, 0.33, 0.33, 0.33, 0.33, 0.33, 0.33, 0.33, 0.33, 0.33, 0.33, 0.33, 0.33, 0.33, 0.33, 0.33, 0.33, 0.33, 0.33, 0.33, 0.33, 0.33, 0.33, 0.33, 0.345, 0.681, 0.7, 0.7, 0.7, 0.7, 0.7, 0.7, 0.7, 0.7, 0.7, 0.7, 0.7, 0.7, 0.7, 0.7, 0.7, 0.7, 0.7, 0.7, 0.7, 0.7, 0.7, 0.7, 0.7, 0.7, 0.7, 0.7, 0.7, 0.7, 0.7, 0.7, 0.7, 0.7, 0.7, 0.7, 0.7, 0.7, 0.7, 0.7, 0.7, 0.7, 0.7, 0.7, 0.7, 0.7, 0.7, 0.7, 0.7, 0.7, 0.7], params=[4.33, 0.03, 0.33, 0.3], fit_error=[0.045, 0.333, nan, 0.5, 0.045])",[-70.  -8.  -4.   0.  70.],"[0.312, 0.667, 0.0, 0.5, 0.698]","[0.33, 0.33, 0.33, 0.33, 0.33, 0.33, 0.33, 0.33, 0.33, 0.33, 0.33, 0.33, 0.33, 0.33, 0.33, 0.33, 0.33, 0.33, 0.33, 0.33, 0.33, 0.33, 0.33, 0.33, 0.33, 0.33, 0.33, 0.33, 0.33, 0.33, 0.33, 0.33, 0.33, 0.33, 0.33, 0.33, 0.33, 0.33, 0.33, 0.33, 0.33, 0.33, 0.33, 0.33, 0.33, 0.33, 0.33, 0.33, 0.33, 0.345, 0.681, 0.7, 0.7, 0.7, 0.7, 0.7, 0.7, 0.7, 0.7, 0.7, 0.7, 0.7, 0.7, 0.7, 0.7, 0.7, 0.7, 0.7, 0.7, 0.7, 0.7, 0.7, 0.7, 0.7, 0.7, 0.7, 0.7, 0.7, 0.7, 0.7, 0.7, 0.7, 0.7, 0.7, 0.7, 0.7, 0.7, 0.7, 0.7, 0.7, 0.7, 0.7, 0.7, 0.7, 0.7, 0.7, 0.7, 0.7, 0.7, 0.7]","[0.045, 0.333, nan, 0.5, 0.045]","[4.33, 0.03, 0.33, 0.3]",4.33,0.03,0.33,0.3,"psych_curve(xdata=array([-70.,  -8.,   0.,   4.,  70.]), ydata=[0.591, 0.667, 0.0, 1.0, 0.909], fit=[nan, nan, nan, nan, nan, nan, nan, nan, nan, nan, nan, nan, nan, nan, nan, nan, nan, nan, nan, nan, nan, nan, nan, nan, nan, nan, nan, nan, nan, nan, nan, nan, nan, nan, nan, nan, nan, nan, nan, nan, nan, nan, nan, nan, nan, nan, nan, nan, nan, nan, nan, nan, nan, nan, nan, nan, nan, nan, nan, nan, nan, nan, nan, nan, nan, nan, nan, nan, nan, nan, nan, nan, nan, nan, nan, nan, nan, nan, nan, nan, nan, nan, nan, nan, nan, nan, nan, nan, nan, nan, nan, nan, nan, nan, nan, nan, nan, nan, nan, nan], params=[9.53, 2.83, 0.42, 0.05], fit_error=[0.051, 0.333, 0.0, nan, 0.026])",[-70.  -8.  -4.   0.  70.],"[0.312, 0.667, 0.0, 0.5, 0.698]","[0.33, 0.33, 0.33, 0.33, 0.33, 0.33, 0.33, 0.33, 0.33, 0.33, 0.33, 0.33, 0.33, 0.33, 0.33, 0.33, 0.33, 0.33, 0.33, 0.33, 0.33, 0.33, 0.33, 0.33, 0.33, 0.33, 0.33, 0.33, 0.33, 0.33, 0.33, 0.33, 0.33, 0.33, 0.33, 0.33, 0.33, 0.33, 0.33, 0.33, 0.33, 0.33, 0.33, 0.33, 0.33, 0.33, 0.33, 0.33, 0.33, 0.345, 0.681, 0.7, 0.7, 0.7, 0.7, 0.7, 0.7, 0.7, 0.7, 0.7, 0.7, 0.7, 0.7, 0.7, 0.7, 0.7, 0.7, 0.7, 0.7, 0.7, 0.7, 0.7, 0.7, 0.7, 0.7, 0.7, 0.7, 0.7, 0.7, 0.7, 0.7, 0.7, 0.7, 0.7, 0.7, 0.7, 0.7, 0.7, 0.7, 0.7, 0.7, 0.7, 0.7, 0.7, 0.7, 0.7, 0.7, 0.7, 0.7, 0.7]","[0.045, 0.333, nan, 0.5, 0.045]","[9.53, 2.83, 0.42, 0.05]",9.53,2.83,0.42,0.05
2025-07-17,3,,15,['Bpod4'],219,107,112,67,151,142,49,93,88,52,76,58,18,0.6484018264840182,0.45794392523364486,0.8303571428571429,218,107,111,148,32,116,0.47761194029850745,0.7682119205298014,68,34,34,0.5074626865671642,0.2251655629139073,0.6513761467889908,0.45794392523364486,0.8378378378378378,0.6519607843137255,0.379893912604193,0.5945945945945946,0.7647058823529411,-0.1701112877583465,0.6229119304141544,0.36631412474053576,1,0,1,0.0045662100456621,0.0,0.008928571428571428,142,49,93,355.0,122.5,232.5,0.0,0,99,0,0.05,0.4999999999999997,"psych_curve(xdata=array([-70.,  -8.,  -4.,  -2.,   2.,   4.,  70.]), ydata=[0.545, 0.667, 0.0, 1.0, 1.0, 0.5, 0.845], fit=[0.4, 0.4, 0.4, 0.4, 0.4, 0.4, 0.4, 0.4, 0.4, 0.4, 0.4, 0.4, 0.4, 0.4, 0.4, 0.4, 0.4, 0.4, 0.4, 0.4, 0.4, 0.4, 0.4, 0.4, 0.4, 0.4, 0.4, 0.4, 0.4, 0.4, 0.4, 0.4, 0.4, 0.4, 0.4, 0.4, 0.4, 0.4, 0.4, 0.4, 0.4, 0.4, 0.4, 0.4, 0.4, 0.4, 0.4, 0.401, 0.84, 0.84, 0.84, 0.84, 0.84, 0.84, 0.84, 0.84, 0.84, 0.84, 0.84, 0.84, 0.84, 0.84, 0.84, 0.84, 0.84, 0.84, 0.84, 0.84, 0.84, 0.84, 0.84, 0.84, 0.84, 0.84, 0.84, 0.84, 0.84, 0.84, 0.84, 0.84, 0.84, 0.84, 0.84, 0.84, 0.84, 0.84, 0.84, 0.84, 0.84, 0.84, 0.84, 0.84, 0.84, 0.84, 0.84, 0.84, 0.84, 0.84, 0.84, 0.84], params=[11.57, -2.97, 0.4, 0.16], fit_error=[0.05, 0.333, 0.0, nan, 0.0, 0.289, 0.036])",[-70.  -8.  -4.  -2.   2.   4.  70.],"[0.545, 0.667, 0.0, 1.0, 1.0, 0.5, 0.845]","[0.4, 0.4, 0.4, 0.4, 0.4, 0.4, 0.4, 0.4, 0.4, 0.4, 0.4, 0.4, 0.4, 0.4, 0.4, 0.4, 0.4, 0.4, 0.4, 0.4, 0.4, 0.4, 0.4, 0.4, 0.4, 0.4, 0.4, 0.4, 0.4, 0.4, 0.4, 0.4, 0.4, 0.4, 0.4, 0.4, 0.4, 0.4, 0.4, 0.4, 0.4, 0.4, 0.4, 0.4, 0.4, 0.4, 0.4, 0.401, 0.84, 0.84, 0.84, 0.84, 0.84, 0.84, 0.84, 0.84, 0.84, 0.84, 0.84, 0.84, 0.84, 0.84, 0.84, 0.84, 0.84, 0.84, 0.84, 0.84, 0.84, 0.84, 0.84, 0.84, 0.84, 0.84, 0.84, 0.84, 0.84, 0.84, 0.84, 0.84, 0.84, 0.84, 0.84, 0.84, 0.84, 0.84, 0.84, 0.84, 0.84, 0.84, 0.84, 0.84, 0.84, 0.84, 0.84, 0.84, 0.84, 0.84, 0.84, 0.84]","[0.05, 0.333, 0.0, nan, 0.0, 0.289, 0.036]","[11.57, -2.97, 0.4, 0.16]",11.57,-2.97,0.4,0.16,"psych_curve(xdata=array([-70.,  -8.,  -4.,  -2.,   2.,   4.,   8.,  70.]), ydata=[0.542, 0.5, 0.0, 1.0, 1.0, 0.5, 0.0, 0.863], fit=[nan, nan, nan, nan, nan, nan, nan, nan, nan, nan, nan, nan, nan, nan, nan, nan, nan, nan, nan, nan, nan, nan, nan, nan, nan, nan, nan, nan, nan, nan, nan, nan, nan, nan, nan, nan, nan, nan, nan, nan, nan, nan, nan, nan, nan, nan, nan, nan, nan, nan, nan, nan, nan, nan, nan, nan, nan, nan, nan, nan, nan, nan, nan, nan, nan, nan, nan, nan, nan, nan, nan, nan, nan, nan, nan, nan, nan, nan, nan, nan, nan, nan, nan, nan, nan, nan, nan, nan, nan, nan, nan, nan, nan, nan, nan, nan, nan, nan, nan, nan], params=[16.55, -2.99, 0.35, 0.33], fit_error=[0.048, 0.5, 0.0, nan, 0.0, 0.289, nan, 0.035])",[-70.  -8.  -4.  -2.   2.   4.  70.],"[0.545, 0.667, 0.0, 1.0, 1.0, 0.5, 0.845]","[0.4, 0.4, 0.4, 0.4, 0.4, 0.4, 0.4, 0.4, 0.4, 0.4, 0.4, 0.4, 0.4, 0.4, 0.4, 0.4, 0.4, 0.4, 0.4, 0.4, 0.4, 0.4, 0.4, 0.4, 0.4, 0.4, 0.4, 0.4, 0.4, 0.4, 0.4, 0.4, 0.4, 0.4, 0.4, 0.4, 0.4, 0.4, 0.4, 0.4, 0.4, 0.4, 0.4, 0.4, 0.4, 0.4, 0.4, 0.401, 0.84, 0.84, 0.84, 0.84, 0.84, 0.84, 0.84, 0.84, 0.84, 0.84, 0.84, 0.84, 0.84, 0.84, 0.84, 0.84, 0.84, 0.84, 0.84, 0.84, 0.84, 0.84, 0.84, 0.84, 0.84, 0.84, 0.84, 0.84, 0.84, 0.84, 0.84, 0.84, 0.84, 0.84, 0.84, 0.84, 0.84, 0.84, 0.84, 0.84, 0.84, 0.84, 0.84, 0.84, 0.84, 0.84, 0.84, 0.84, 0.84, 0.84, 0.84, 0.84]","[0.05, 0.333, 0.0, nan, 0.0, 0.289, 0.036]","[16.55, -2.99, 0.35, 0.33]",16.55,-2.99,0.35,0.33
2025-07-18,4,,15,['Bpod4'],224,114,110,97,122,159,74,85,88,67,60,37,23,0.7098214285714286,0.6491228070175439,0.7727272727272727,219,111,108,130,52,78,0.5360824742268041,0.639344262295082,83,42,41,0.4329896907216495,0.3360655737704918,0.726027397260274,0.6666666666666666,0.7870370370370371,0.7333333333333333,0.12037037037037046,0.676923076923077,0.8072289156626506,-0.1303058387395737,0.587713368260943,0.38452763224607067,5,3,2,0.022321428571428572,0.02631578947368421,0.01818181818181818,159,74,85,397.5,185.0,212.5,0.0,0,23,0,0.05,0.4999999999999997,"psych_curve(xdata=array([-70.,  -8.,  -4.,  -2.,   0.,   2.,   4.,  70.]), ydata=[0.33, 0.0, 1.0, 0.0, 1.0, 0.667, 0.0, 0.798], fit=[0.311, 0.312, 0.313, 0.313, 0.314, 0.315, 0.316, 0.317, 0.318, 0.319, 0.32, 0.321, 0.322, 0.323, 0.324, 0.326, 0.327, 0.329, 0.33, 0.332, 0.334, 0.335, 0.337, 0.339, 0.342, 0.344, 0.346, 0.349, 0.351, 0.354, 0.357, 0.36, 0.363, 0.366, 0.369, 0.373, 0.377, 0.381, 0.385, 0.389, 0.393, 0.398, 0.402, 0.407, 0.412, 0.418, 0.423, 0.429, 0.434, 0.44, 0.447, 0.453, 0.46, 0.466, 0.473, 0.48, 0.487, 0.495, 0.502, 0.51, 0.518, 0.526, 0.534, 0.542, 0.55, 0.558, 0.567, 0.575, 0.583, 0.592, 0.6, 0.609, 0.617, 0.626, 0.634, 0.643, 0.651, 0.659, 0.667, 0.675, 0.683, 0.691, 0.698, 0.706, 0.713, 0.721, 0.728, 0.734, 0.741, 0.748, 0.754, 0.76, 0.766, 0.772, 0.777, 0.783, 0.788, 0.793, 0.798, 0.803], params=[0.04, 28.92, 0.3, 0.1], fit_error=[0.046, nan, nan, 0.0, nan, 0.333, nan, 0.04])",[-70.  -8.  -4.  -2.   0.   2.   4.  70.],"[0.33, 0.0, 1.0, 0.0, 1.0, 0.667, 0.0, 0.798]","[0.311, 0.312, 0.313, 0.313, 0.314, 0.315, 0.316, 0.317, 0.318, 0.319, 0.32, 0.321, 0.322, 0.323, 0.324, 0.326, 0.327, 0.329, 0.33, 0.332, 0.334, 0.335, 0.337, 0.339, 0.342, 0.344, 0.346, 0.349, 0.351, 0.354, 0.357, 0.36, 0.363, 0.366, 0.369, 0.373, 0.377, 0.381, 0.385, 0.389, 0.393, 0.398, 0.402, 0.407, 0.412, 0.418, 0.423, 0.429, 0.434, 0.44, 0.447, 0.453, 0.46, 0.466, 0.473, 0.48, 0.487, 0.495, 0.502, 0.51, 0.518, 0.526, 0.534, 0.542, 0.55, 0.558, 0.567, 0.575, 0.583, 0.592, 0.6, 0.609, 0.617, 0.626, 0.634, 0.643, 0.651, 0.659, 0.667, 0.675, 0.683, 0.691, 0.698, 0.706, 0.713, 0.721, 0.728, 0.734, 0.741, 0.748, 0.754, 0.76, 0.766, 0.772, 0.777, 0.783, 0.788, 0.793, 0.798, 0.803]","[0.046, nan, nan, 0.0, nan, 0.333, nan, 0.04]","[0.04, 28.92, 0.3, 0.1]",0.04,28.92,0.3,0.1,"psych_curve(xdata=array([-70.,  -4.,  -2.,   0.,   2.,   4.,   8.,  70.]), ydata=[0.387, 1.0, 0.0, 0.0, 0.667, 0.0, 1.0, 0.867], fit=[nan, nan, nan, nan, nan, nan, nan, nan, nan, nan, nan, nan, nan, nan, nan, nan, nan, nan, nan, nan, nan, nan, nan, nan, nan, nan, nan, nan, nan, nan, nan, nan, nan, nan, nan, nan, nan, nan, nan, nan, nan, nan, nan, nan, nan, nan, nan, nan, nan, nan, nan, nan, nan, nan, nan, nan, nan, nan, nan, nan, nan, nan, nan, nan, nan, nan, nan, nan, nan, nan, nan, nan, nan, nan, nan, nan, nan, nan, nan, nan, nan, nan, nan, nan, nan, nan, nan, nan, nan, nan, nan, nan, nan, nan, nan, nan, nan, nan, nan, nan], params=[6.8, 6.01, 0.34, 0.07], fit_error=[0.048, nan, 0.0, nan, 0.333, nan, nan, 0.034])",[-70.  -8.  -4.  -2.   0.   2.   4.  70.],"[0.33, 0.0, 1.0, 0.0, 1.0, 0.667, 0.0, 0.798]","[0.311, 0.312, 0.313, 0.313, 0.314, 0.315, 0.316, 0.317, 0.318, 0.319, 0.32, 0.321, 0.322, 0.323, 0.324, 0.326, 0.327, 0.329, 0.33, 0.332, 0.334, 0.335, 0.337, 0.339, 0.342, 0.344, 0.346, 0.349, 0.351, 0.354, 0.357, 0.36, 0.363, 0.366, 0.369, 0.373, 0.377, 0.381, 0.385, 0.389, 0.393, 0.398, 0.402, 0.407, 0.412, 0.418, 0.423, 0.429, 0.434, 0.44, 0.447, 0.453, 0.46, 0.466, 0.473, 0.48, 0.487, 0.495, 0.502, 0.51, 0.518, 0.526, 0.534, 0.542, 0.55, 0.558, 0.567, 0.575, 0.583, 0.592, 0.6, 0.609, 0.617, 0.626, 0.634, 0.643, 0.651, 0.659, 0.667, 0.675, 0.683, 0.691, 0.698, 0.706, 0.713, 0.721, 0.728, 0.734, 0.741, 0.748, 0.754, 0.76, 0.766, 0.772, 0.777, 0.783, 0.788, 0.793, 0.798, 0.803]","[0.046, nan, nan, 0.0, nan, 0.333, nan, 0.04]","[6.8, 6.01, 0.34, 0.07]",6.8,6.01,0.34,0.07
2025-07-21,0,,15,['Bpod4'],220,115,105,114,105,147,78,69,98,48,72,36,36,0.6681818181818182,0.6782608695652174,0.6571428571428571,219,114,105,154,81,73,0.7105263157894737,0.6952380952380952,63,32,31,0.2807017543859649,0.29523809523809524,0.6712328767123288,0.6842105263157895,0.6571428571428571,0.6731707317073171,-0.02706766917293235,0.6363636363636364,0.7619047619047619,-0.1255411255411255,0.7028822055137844,0.2879699248120301,1,1,0,0.004545454545454545,0.008695652173913044,0.0,147,78,69,367.5,195.0,172.5,0.0,0,0,0,0.1,0.49999999999999983,"psych_curve(xdata=array([-70.,  -8.,  -4.,  -2.,   0.,   2.,   4.,  70.]), ydata=[0.327, 0.0, 0.0, 0.333, 0.0, 0.667, 0.333, 0.673], fit=[0.13, 0.13, 0.13, 0.13, 0.13, 0.13, 0.13, 0.13, 0.13, 0.13, 0.13, 0.13, 0.13, 0.13, 0.13, 0.13, 0.13, 0.13, 0.13, 0.13, 0.13, 0.13, 0.13, 0.13, 0.13, 0.13, 0.13, 0.13, 0.13, 0.13, 0.13, 0.13, 0.13, 0.13, 0.13, 0.13, 0.13, 0.13, 0.13, 0.13, 0.13, 0.13, 0.13, 0.13, 0.13, 0.13, 0.13, 0.13, 0.13, 0.13, 0.13, 0.56, 0.56, 0.56, 0.56, 0.56, 0.56, 0.56, 0.56, 0.56, 0.56, 0.56, 0.56, 0.56, 0.56, 0.56, 0.56, 0.56, 0.56, 0.56, 0.56, 0.56, 0.56, 0.56, 0.56, 0.56, 0.56, 0.56, 0.56, 0.56, 0.56, 0.56, 0.56, 0.56, 0.56, 0.56, 0.56, 0.56, 0.56, 0.56, 0.56, 0.56, 0.56, 0.56, 0.56, 0.56, 0.56, 0.56, 0.56, 0.56], params=[17.86, 1.34, 0.13, 0.44], fit_error=[0.046, 0.0, 0.0, 0.333, nan, 0.333, 0.333, 0.048])",[-70.  -8.  -4.  -2.   0.   2.   4.  70.],"[0.327, 0.0, 0.0, 0.333, 0.0, 0.667, 0.333, 0.673]","[0.13, 0.13, 0.13, 0.13, 0.13, 0.13, 0.13, 0.13, 0.13, 0.13, 0.13, 0.13, 0.13, 0.13, 0.13, 0.13, 0.13, 0.13, 0.13, 0.13, 0.13, 0.13, 0.13, 0.13, 0.13, 0.13, 0.13, 0.13, 0.13, 0.13, 0.13, 0.13, 0.13, 0.13, 0.13, 0.13, 0.13, 0.13, 0.13, 0.13, 0.13, 0.13, 0.13, 0.13, 0.13, 0.13, 0.13, 0.13, 0.13, 0.13, 0.13, 0.56, 0.56, 0.56, 0.56, 0.56, 0.56, 0.56, 0.56, 0.56, 0.56, 0.56, 0.56, 0.56, 0.56, 0.56, 0.56, 0.56, 0.56, 0.56, 0.56, 0.56, 0.56, 0.56, 0.56, 0.56, 0.56, 0.56, 0.56, 0.56, 0.56, 0.56, 0.56, 0.56, 0.56, 0.56, 0.56, 0.56, 0.56, 0.56, 0.56, 0.56, 0.56, 0.56, 0.56, 0.56, 0.56, 0.56, 0.56, 0.56]","[0.046, 0.0, 0.0, 0.333, nan, 0.333, 0.333, 0.048]","[17.86, 1.34, 0.13, 0.44]",17.86,1.34,0.13,0.44,"psych_curve(xdata=array([-70.,  -4.,  -2.,  -0.,   2.,   4.,   8.,  70.]), ydata=[0.535, 0.667, 0.0, 1.0, 0.6, 1.0, 1.0, 0.875], fit=[nan, nan, nan, nan, nan, nan, nan, nan, nan, nan, nan, nan, nan, nan, nan, nan, nan, nan, nan, nan, nan, nan, nan, nan, nan, nan, nan, nan, nan, nan, nan, nan, nan, nan, nan, nan, nan, nan, nan, nan, nan, nan, nan, nan, nan, nan, nan, nan, nan, nan, nan, nan, nan, nan, nan, nan, nan, nan, nan, nan, nan, nan, nan, nan, nan, nan, nan, nan, nan, nan, nan, nan, nan, nan, nan, nan, nan, nan, nan, nan, nan, nan, nan, nan, nan, nan, nan, nan, nan, nan, nan, nan, nan, nan, nan, nan, nan, nan, nan, nan], params=[17.22, -1.03, 0.4, 0.11], fit_error=[0.05, 0.333, nan, nan, 0.245, 0.0, 0.0, 0.033])",[-70.  -8.  -4.  -2.   0.   2.   4.  70.],"[0.327, 0.0, 0.0, 0.333, 0.0, 0.667, 0.333, 0.673]","[0.13, 0.13, 0.13, 0.13, 0.13, 0.13, 0.13, 0.13, 0.13, 0.13, 0.13, 0.13, 0.13, 0.13, 0.13, 0.13, 0.13, 0.13, 0.13, 0.13, 0.13, 0.13, 0.13, 0.13, 0.13, 0.13, 0.13, 0.13, 0.13, 0.13, 0.13, 0.13, 0.13, 0.13, 0.13, 0.13, 0.13, 0.13, 0.13, 0.13, 0.13, 0.13, 0.13, 0.13, 0.13, 0.13, 0.13, 0.13, 0.13, 0.13, 0.13, 0.56, 0.56, 0.56, 0.56, 0.56, 0.56, 0.56, 0.56, 0.56, 0.56, 0.56, 0.56, 0.56, 0.56, 0.56, 0.56, 0.56, 0.56, 0.56, 0.56, 0.56, 0.56, 0.56, 0.56, 0.56, 0.56, 0.56, 0.56, 0.56, 0.56, 0.56, 0.56, 0.56, 0.56, 0.56, 0.56, 0.56, 0.56, 0.56, 0.56, 0.56, 0.56, 0.56, 0.56, 0.56, 0.56, 0.56, 0.56, 0.56]","[0.046, 0.0, 0.0, 0.333, nan, 0.333, 0.333, 0.048]","[17.22, -1.03, 0.4, 0.11]",17.22,-1.03,0.4,0.11
2025-07-22,1,,15,['Bpod4'],217,114,103,52,160,132,41,91,83,45,80,69,11,0.6082949308755761,0.35964912280701755,0.883495145631068,212,110,102,152,24,128,0.46153846153846156,0.8,55,28,27,0.5384615384615384,0.16875,0.6226415094339622,0.37272727272727274,0.8921568627450981,0.6237113402061856,0.5194295900178254,0.5460526315789473,0.8181818181818182,-0.2721291866028709,0.6307692307692307,0.35360576923076925,5,4,1,0.02304147465437788,0.03508771929824561,0.009708737864077669,132,41,91,330.0,102.5,227.5,0.0,0,55,0,0.15,0.4999999999999998,"psych_curve(xdata=array([-70.,  -8.,  -4.,  -2.,   0.,   2.,   4.,   8.,  70.]), ydata=[0.624, 0.5, 0.6, 1.0, 1.0, 0.75, 1.0, 1.0, 0.892], fit=[0.56, 0.56, 0.56, 0.56, 0.56, 0.56, 0.56, 0.56, 0.56, 0.56, 0.56, 0.56, 0.56, 0.56, 0.56, 0.56, 0.56, 0.56, 0.56, 0.56, 0.56, 0.56, 0.56, 0.56, 0.56, 0.56, 0.56, 0.56, 0.56, 0.56, 0.56, 0.56, 0.56, 0.56, 0.56, 0.56, 0.56, 0.56, 0.56, 0.56, 0.56, 0.56, 0.56, 0.56, 0.56, 0.56, 0.56, 0.867, 0.94, 0.94, 0.94, 0.94, 0.94, 0.94, 0.94, 0.94, 0.94, 0.94, 0.94, 0.94, 0.94, 0.94, 0.94, 0.94, 0.94, 0.94, 0.94, 0.94, 0.94, 0.94, 0.94, 0.94, 0.94, 0.94, 0.94, 0.94, 0.94, 0.94, 0.94, 0.94, 0.94, 0.94, 0.94, 0.94, 0.94, 0.94, 0.94, 0.94, 0.94, 0.94, 0.94, 0.94, 0.94, 0.94, 0.94, 0.94, 0.94, 0.94, 0.94, 0.94], params=[7.76, -3.72, 0.56, 0.06], fit_error=[0.048, 0.5, 0.245, nan, 0.0, 0.25, nan, nan, 0.032])",[-70.  -8.  -4.  -2.   0.   2.   4.   8.  70.],"[0.624, 0.5, 0.6, 1.0, 1.0, 0.75, 1.0, 1.0, 0.892]","[0.56, 0.56, 0.56, 0.56, 0.56, 0.56, 0.56, 0.56, 0.56, 0.56, 0.56, 0.56, 0.56, 0.56, 0.56, 0.56, 0.56, 0.56, 0.56, 0.56, 0.56, 0.56, 0.56, 0.56, 0.56, 0.56, 0.56, 0.56, 0.56, 0.56, 0.56, 0.56, 0.56, 0.56, 0.56, 0.56, 0.56, 0.56, 0.56, 0.56, 0.56, 0.56, 0.56, 0.56, 0.56, 0.56, 0.56, 0.867, 0.94, 0.94, 0.94, 0.94, 0.94, 0.94, 0.94, 0.94, 0.94, 0.94, 0.94, 0.94, 0.94, 0.94, 0.94, 0.94, 0.94, 0.94, 0.94, 0.94, 0.94, 0.94, 0.94, 0.94, 0.94, 0.94, 0.94, 0.94, 0.94, 0.94, 0.94, 0.94, 0.94, 0.94, 0.94, 0.94, 0.94, 0.94, 0.94, 0.94, 0.94, 0.94, 0.94, 0.94, 0.94, 0.94, 0.94, 0.94, 0.94, 0.94, 0.94, 0.94]","[0.048, 0.5, 0.245, nan, 0.0, 0.25, nan, nan, 0.032]","[7.76, -3.72, 0.56, 0.06]",7.76,-3.72,0.56,0.06,"psych_curve(xdata=array([-70.,  -8.,  -4.,  -2.,   0.,   2.,   4.,   8.,  70.]), ydata=[0.596, 0.5, 0.75, 0.667, 1.0, 1.0, 1.0, 1.0, 0.884], fit=[nan, nan, nan, nan, nan, nan, nan, nan, nan, nan, nan, nan, nan, nan, nan, nan, nan, nan, nan, nan, nan, nan, nan, nan, nan, nan, nan, nan, nan, nan, nan, nan, nan, nan, nan, nan, nan, nan, nan, nan, nan, nan, nan, nan, nan, nan, nan, nan, nan, nan, nan, nan, nan, nan, nan, nan, nan, nan, nan, nan, nan, nan, nan, nan, nan, nan, nan, nan, nan, nan, nan, nan, nan, nan, nan, nan, nan, nan, nan, nan, nan, nan, nan, nan, nan, nan, nan, nan, nan, nan, nan, nan, nan, nan, nan, nan, nan, nan, nan, nan], params=[7.3, -1.75, 0.62, 0.02], fit_error=[0.048, 0.5, 0.25, 0.333, 0.0, 0.0, 0.0, nan, 0.035])",[-70.  -8.  -4.  -2.   0.   2.   4.   8.  70.],"[0.624, 0.5, 0.6, 1.0, 1.0, 0.75, 1.0, 1.0, 0.892]","[0.56, 0.56, 0.56, 0.56, 0.56, 0.56, 0.56, 0.56, 0.56, 0.56, 0.56, 0.56, 0.56, 0.56, 0.56, 0.56, 0.56, 0.56, 0.56, 0.56, 0.56, 0.56, 0.56, 0.56, 0.56, 0.56, 0.56, 0.56, 0.56, 0.56, 0.56, 0.56, 0.56, 0.56, 0.56, 0.56, 0.56, 0.56, 0.56, 0.56, 0.56, 0.56, 0.56, 0.56, 0.56, 0.56, 0.56, 0.867, 0.94, 0.94, 0.94, 0.94, 0.94, 0.94, 0.94, 0.94, 0.94, 0.94, 0.94, 0.94, 0.94, 0.94, 0.94, 0.94, 0.94, 0.94, 0.94, 0.94, 0.94, 0.94, 0.94, 0.94, 0.94, 0.94, 0.94, 0.94, 0.94, 0.94, 0.94, 0.94, 0.94, 0.94, 0.94, 0.94, 0.94, 0.94, 0.94, 0.94, 0.94, 0.94, 0.94, 0.94, 0.94, 0.94, 0.94, 0.94, 0.94, 0.94, 0.94, 0.94]","[0.048, 0.5, 0.245, nan, 0.0, 0.25, nan, nan, 0.032]","[7.3, -1.75, 0.62, 0.02]",7.3,-1.75,0.62,0.02
2025-07-23,2,,15,['Bpod4'],171,89,82,12,156,94,12,82,68,23,74,74,0,0.5497076023391813,0.1348314606741573,1.0,168,86,82,140,0,140,0.0,0.8974358974358975,24,12,12,1.0,0.07692307692307693,0.5595238095238095,0.13953488372093023,1.0,0.5723270440251572,0.8604651162790697,0.4857142857142857,0.9583333333333334,-0.47261904761904766,0.44871794871794873,0.5384615384615384,3,3,0,0.017543859649122806,0.033707865168539325,0.0,94,12,82,235.0,30.0,205.0,0.0,0,31,0,0.15,0.4999999999999998,"psych_curve(xdata=array([-70.,  -8.,  -4.,  -2.,   0.,   2.,   4.,   8.,  70.]), ydata=[0.85, 1.0, 1.0, 1.0, 1.0, 1.0, 1.0, 1.0, 1.0], fit=[0.98, 0.98, 0.98, 0.98, 0.98, 0.98, 0.98, 0.98, 0.98, 0.98, 0.98, 0.98, 0.98, 0.98, 0.98, 0.98, 0.98, 0.98, 0.98, 0.98, 0.98, 0.98, 0.98, 0.98, 0.98, 0.98, 0.98, 0.98, 0.98, 0.98, 0.98, 0.98, 0.98, 0.98, 0.98, 0.98, 0.98, 0.98, 0.98, 0.98, 0.98, 0.98, 0.98, 0.98, 0.98, 0.98, 0.98, 0.98, 0.98, 0.98, 0.98, 0.98, 0.98, 0.98, 0.98, 0.98, 0.98, 0.98, 0.98, 0.98, 0.98, 0.98, 0.98, 0.98, 0.98, 0.98, 0.98, 0.98, 0.98, 0.98, 0.98, 0.98, 0.98, 0.98, 0.98, 0.98, 0.98, 0.98, 0.98, 0.98, 0.98, 0.98, 0.98, 0.98, 0.98, 0.98, 0.98, 0.98, 0.98, 0.98, 0.98, 0.98, 0.98, 0.98, 0.98, 0.98, 0.98, 0.98, 0.98, 0.98], params=[0.0, -0.2, -0.89, -1.85], fit_error=[0.04, nan, nan, nan, 0.0, nan, nan, nan, 0.0])",[-70.  -8.  -4.  -2.   0.   2.   4.   8.  70.],"[0.85, 1.0, 1.0, 1.0, 1.0, 1.0, 1.0, 1.0, 1.0]","[0.98, 0.98, 0.98, 0.98, 0.98, 0.98, 0.98, 0.98, 0.98, 0.98, 0.98, 0.98, 0.98, 0.98, 0.98, 0.98, 0.98, 0.98, 0.98, 0.98, 0.98, 0.98, 0.98, 0.98, 0.98, 0.98, 0.98, 0.98, 0.98, 0.98, 0.98, 0.98, 0.98, 0.98, 0.98, 0.98, 0.98, 0.98, 0.98, 0.98, 0.98, 0.98, 0.98, 0.98, 0.98, 0.98, 0.98, 0.98, 0.98, 0.98, 0.98, 0.98, 0.98, 0.98, 0.98, 0.98, 0.98, 0.98, 0.98, 0.98, 0.98, 0.98, 0.98, 0.98, 0.98, 0.98, 0.98, 0.98, 0.98, 0.98, 0.98, 0.98, 0.98, 0.98, 0.98, 0.98, 0.98, 0.98, 0.98, 0.98, 0.98, 0.98, 0.98, 0.98, 0.98, 0.98, 0.98, 0.98, 0.98, 0.98, 0.98, 0.98, 0.98, 0.98, 0.98, 0.98, 0.98, 0.98, 0.98, 0.98]","[0.04, nan, nan, nan, 0.0, nan, nan, nan, 0.0]","[0.0, -0.2, -0.89, -1.85]",0.0,-0.2,-0.89,-1.85,"psych_curve(xdata=array([-70.,  -8.,  -4.,  -2.,  -0.,   2.,   4.,   8.,  70.]), ydata=[0.744, 1.0, 1.0, 1.0, 0.667, 1.0, 1.0, 1.0, 1.0], fit=[nan, nan, nan, nan, nan, nan, nan, nan, nan, nan, nan, nan, nan, nan, nan, nan, nan, nan, nan, nan, nan, nan, nan, nan, nan, nan, nan, nan, nan, nan, nan, nan, nan, nan, nan, nan, nan, nan, nan, nan, nan, nan, nan, nan, nan, nan, nan, nan, nan, nan, nan, nan, nan, nan, nan, nan, nan, nan, nan, nan, nan, nan, nan, nan, nan, nan, nan, nan, nan, nan, nan, nan, nan, nan, nan, nan, nan, nan, nan, nan, nan, nan, nan, nan, nan, nan, nan, nan, nan, nan, nan, nan, nan, nan, nan, nan, nan, nan, nan, nan], params=[11.38, 1.47, 0.88, -0.0], fit_error=[0.046, nan, nan, nan, 0.333, nan, nan, nan, 0.0])",[-70.  -8.  -4.  -2.   0.   2.   4.   8.  70.],"[0.85, 1.0, 1.0, 1.0, 1.0, 1.0, 1.0, 1.0, 1.0]","[0.98, 0.98, 0.98, 0.98, 0.98, 0.98, 0.98, 0.98, 0.98, 0.98, 0.98, 0.98, 0.98, 0.98, 0.98, 0.98, 0.98, 0.98, 0.98, 0.98, 0.98, 0.98, 0.98, 0.98, 0.98, 0.98, 0.98, 0.98, 0.98, 0.98, 0.98, 0.98, 0.98, 0.98, 0.98, 0.98, 0.98, 0.98, 0.98, 0.98, 0.98, 0.98, 0.98, 0.98, 0.98, 0.98, 0.98, 0.98, 0.98, 0.98, 0.98, 0.98, 0.98, 0.98, 0.98, 0.98, 0.98, 0.98, 0.98, 0.98, 0.98, 0.98, 0.98, 0.98, 0.98, 0.98, 0.98, 0.98, 0.98, 0.98, 0.98, 0.98, 0.98, 0.98, 0.98, 0.98, 0.98, 0.98, 0.98, 0.98, 0.98, 0.98, 0.98, 0.98, 0.98, 0.98, 0.98, 0.98, 0.98, 0.98, 0.98, 0.98, 0.98, 0.98, 0.98, 0.98, 0.98, 0.98, 0.98, 0.98]","[0.04, nan, nan, nan, 0.0, nan, nan, nan, 0.0]","[11.38, 1.47, 0.88, -0.0]",11.38,1.47,0.88,-0.0
