Dates,DoW,Age,Subject,Board,Trials,TrialsLeft,TrialsRight,ChoseLeft,ChoseRight,Hits,HitsLeft,HitsRight,HitsRep,HitsAlt,Errors,ErrorsLeft,ErrorsRight,Performance,PerformanceLeft,PerformanceRight,Responses,ResponsesLeft,ResponsesRight,Repetitions,RepsLeft,RepsRight,RepRateLeft,RepRateRight,Alternations,AltsLeft,AltsRight,AltRateLeft,AltRateRight,Accuracy,AccuracyLeft,AccuracyRight,AccMaxEvi,LateralBias,AccuracyRep,AccuracyAlt,RepBias,CorrRepBias,CorrAltBias,Misses,MissesLeft,MissesRight,MissRate,MissRateLeft,MissRateRight,Rewards,RewardsLeft,RewardsRight,Water,WaterLeft,WaterRight,Stage,SoundsMismatch,NoSound,MessageCount,P,VarDelay,PCRight,xPCRight,yPCRight,FitPCRight,FitErrorPCRight,ParamsPCRight,SensitivityPCRight,BiasPCRight,LapseRight,LapseLeft,PCRep,xPCRep,yPCRep,FitPCRep,FitErrorPCRep,ParamsPCRep,SensitivityPCRep,BiasPCRep,LapseRep,LapseAlt,Drug
2025-06-10,1,,20,Bpod5,152,82,70,87,41,83,57,26,39,37,45,15,30,0.5460526315789473,0.6951219512195121,0.37142857142857144,128,72,56,67,53,14,0.6091954022988506,0.34146341463414637,49,25,24,0.28735632183908044,0.5853658536585366,0.6484375,0.7916666666666666,0.4642857142857143,0.6484375,-0.32738095238095233,0.582089552238806,0.7551020408163265,-0.1730124885775205,0.4753294084664985,0.4363610877488085,24,10,14,0.15789473684210525,0.12195121951219512,0.2,83,57,26,207.5,142.5,65.0,0.0,0,0,0,0.0,9.999999999976694e-05,"psych_curve(xdata=array([-70.,  70.]), ydata=[0.208, 0.464], fit=[0.21, 0.21, 0.21, 0.21, 0.21, 0.21, 0.21, 0.21, 0.21, 0.21, 0.21, 0.21, 0.21, 0.21, 0.21, 0.21, 0.21, 0.21, 0.21, 0.21, 0.21, 0.21, 0.21, 0.21, 0.21, 0.21, 0.21, 0.21, 0.21, 0.21, 0.21, 0.21, 0.21, 0.21, 0.21, 0.21, 0.21, 0.21, 0.21, 0.21, 0.21, 0.21, 0.21, 0.21, 0.21, 0.21, 0.211, 0.213, 0.221, 0.248, 0.317, 0.399, 0.442, 0.455, 0.459, 0.46, 0.46, 0.46, 0.46, 0.46, 0.46, 0.46, 0.46, 0.46, 0.46, 0.46, 0.46, 0.46, 0.46, 0.46, 0.46, 0.46, 0.46, 0.46, 0.46, 0.46, 0.46, 0.46, 0.46, 0.46, 0.46, 0.46, 0.46, 0.46, 0.46, 0.46, 0.46, 0.46, 0.46, 0.46, 0.46, 0.46, 0.46, 0.46, 0.46, 0.46, 0.46, 0.46, 0.46, 0.46], params=[1.0, 1.0, 0.21, 0.54], fit_error=[0.048, 0.067])",[-70.  70.],"[0.208, 0.464]","[0.21, 0.21, 0.21, 0.21, 0.21, 0.21, 0.21, 0.21, 0.21, 0.21, 0.21, 0.21, 0.21, 0.21, 0.21, 0.21, 0.21, 0.21, 0.21, 0.21, 0.21, 0.21, 0.21, 0.21, 0.21, 0.21, 0.21, 0.21, 0.21, 0.21, 0.21, 0.21, 0.21, 0.21, 0.21, 0.21, 0.21, 0.21, 0.21, 0.21, 0.21, 0.21, 0.21, 0.21, 0.21, 0.21, 0.211, 0.213, 0.221, 0.248, 0.317, 0.399, 0.442, 0.455, 0.459, 0.46, 0.46, 0.46, 0.46, 0.46, 0.46, 0.46, 0.46, 0.46, 0.46, 0.46, 0.46, 0.46, 0.46, 0.46, 0.46, 0.46, 0.46, 0.46, 0.46, 0.46, 0.46, 0.46, 0.46, 0.46, 0.46, 0.46, 0.46, 0.46, 0.46, 0.46, 0.46, 0.46, 0.46, 0.46, 0.46, 0.46, 0.46, 0.46, 0.46, 0.46, 0.46, 0.46, 0.46, 0.46]","[0.048, 0.067]","[1.0, 1.0, 0.21, 0.54]",1.0,1.0,0.21,0.54,"psych_curve(xdata=array([-70.,  70.]), ydata=[0.431, 0.765], fit=[nan, nan, nan, nan, nan, nan, nan, nan, nan, nan, nan, nan, nan, nan, nan, nan, nan, nan, nan, nan, nan, nan, nan, nan, nan, nan, nan, nan, nan, nan, nan, nan, nan, nan, nan, nan, nan, nan, nan, nan, nan, nan, nan, nan, nan, nan, nan, nan, nan, nan, nan, nan, nan, nan, nan, nan, nan, nan, nan, nan, nan, nan, nan, nan, nan, nan, nan, nan, nan, nan, nan, nan, nan, nan, nan, nan, nan, nan, nan, nan, nan, nan, nan, nan, nan, nan, nan, nan, nan, nan, nan, nan, nan, nan, nan, nan, nan, nan, nan, nan], params=[1.0, 1.0, 0.43, 0.23], fit_error=[0.062, 0.06])",[-70.  70.],"[0.208, 0.464]","[0.21, 0.21, 0.21, 0.21, 0.21, 0.21, 0.21, 0.21, 0.21, 0.21, 0.21, 0.21, 0.21, 0.21, 0.21, 0.21, 0.21, 0.21, 0.21, 0.21, 0.21, 0.21, 0.21, 0.21, 0.21, 0.21, 0.21, 0.21, 0.21, 0.21, 0.21, 0.21, 0.21, 0.21, 0.21, 0.21, 0.21, 0.21, 0.21, 0.21, 0.21, 0.21, 0.21, 0.21, 0.21, 0.21, 0.211, 0.213, 0.221, 0.248, 0.317, 0.399, 0.442, 0.455, 0.459, 0.46, 0.46, 0.46, 0.46, 0.46, 0.46, 0.46, 0.46, 0.46, 0.46, 0.46, 0.46, 0.46, 0.46, 0.46, 0.46, 0.46, 0.46, 0.46, 0.46, 0.46, 0.46, 0.46, 0.46, 0.46, 0.46, 0.46, 0.46, 0.46, 0.46, 0.46, 0.46, 0.46, 0.46, 0.46, 0.46, 0.46, 0.46, 0.46, 0.46, 0.46, 0.46, 0.46, 0.46, 0.46]","[0.048, 0.067]","[1.0, 1.0, 0.43, 0.23]",1.0,1.0,0.43,0.23,
2025-06-11,2,,20,Bpod5,158,88,70,96,61,99,63,36,57,40,58,25,33,0.6265822784810127,0.7159090909090909,0.5142857142857142,157,88,69,97,66,31,0.6875,0.5081967213114754,58,29,29,0.3020833333333333,0.47540983606557374,0.6305732484076433,0.7159090909090909,0.5217391304347826,0.6305732484076433,-0.19416996047430835,0.5876288659793815,0.6896551724137931,-0.10202630643441168,0.5978483606557377,0.38874658469945356,1,0,1,0.006329113924050633,0.0,0.014285714285714285,99,63,36,247.5,157.5,90.0,0.0,0,0,0,0.0,9.999999999976694e-05,"psych_curve(xdata=array([-70.,  70.]), ydata=[0.284, 0.522], fit=[0.28, 0.28, 0.28, 0.28, 0.28, 0.28, 0.28, 0.28, 0.28, 0.28, 0.28, 0.28, 0.28, 0.28, 0.28, 0.28, 0.28, 0.28, 0.28, 0.28, 0.28, 0.28, 0.28, 0.28, 0.28, 0.28, 0.28, 0.28, 0.28, 0.28, 0.28, 0.28, 0.28, 0.28, 0.28, 0.28, 0.28, 0.28, 0.28, 0.28, 0.28, 0.28, 0.28, 0.28, 0.28, 0.28, 0.281, 0.283, 0.29, 0.317, 0.383, 0.461, 0.502, 0.515, 0.519, 0.52, 0.52, 0.52, 0.52, 0.52, 0.52, 0.52, 0.52, 0.52, 0.52, 0.52, 0.52, 0.52, 0.52, 0.52, 0.52, 0.52, 0.52, 0.52, 0.52, 0.52, 0.52, 0.52, 0.52, 0.52, 0.52, 0.52, 0.52, 0.52, 0.52, 0.52, 0.52, 0.52, 0.52, 0.52, 0.52, 0.52, 0.52, 0.52, 0.52, 0.52, 0.52, 0.52, 0.52, 0.52], params=[1.0, 1.0, 0.28, 0.48], fit_error=[0.048, 0.061])",[-70.  70.],"[0.284, 0.522]","[0.28, 0.28, 0.28, 0.28, 0.28, 0.28, 0.28, 0.28, 0.28, 0.28, 0.28, 0.28, 0.28, 0.28, 0.28, 0.28, 0.28, 0.28, 0.28, 0.28, 0.28, 0.28, 0.28, 0.28, 0.28, 0.28, 0.28, 0.28, 0.28, 0.28, 0.28, 0.28, 0.28, 0.28, 0.28, 0.28, 0.28, 0.28, 0.28, 0.28, 0.28, 0.28, 0.28, 0.28, 0.28, 0.28, 0.281, 0.283, 0.29, 0.317, 0.383, 0.461, 0.502, 0.515, 0.519, 0.52, 0.52, 0.52, 0.52, 0.52, 0.52, 0.52, 0.52, 0.52, 0.52, 0.52, 0.52, 0.52, 0.52, 0.52, 0.52, 0.52, 0.52, 0.52, 0.52, 0.52, 0.52, 0.52, 0.52, 0.52, 0.52, 0.52, 0.52, 0.52, 0.52, 0.52, 0.52, 0.52, 0.52, 0.52, 0.52, 0.52, 0.52, 0.52, 0.52, 0.52, 0.52, 0.52, 0.52, 0.52]","[0.048, 0.061]","[1.0, 1.0, 0.28, 0.48]",1.0,1.0,0.28,0.48,"psych_curve(xdata=array([-70.,  70.]), ydata=[0.5, 0.76], fit=[nan, nan, nan, nan, nan, nan, nan, nan, nan, nan, nan, nan, nan, nan, nan, nan, nan, nan, nan, nan, nan, nan, nan, nan, nan, nan, nan, nan, nan, nan, nan, nan, nan, nan, nan, nan, nan, nan, nan, nan, nan, nan, nan, nan, nan, nan, nan, nan, nan, nan, nan, nan, nan, nan, nan, nan, nan, nan, nan, nan, nan, nan, nan, nan, nan, nan, nan, nan, nan, nan, nan, nan, nan, nan, nan, nan, nan, nan, nan, nan, nan, nan, nan, nan, nan, nan, nan, nan, nan, nan, nan, nan, nan, nan, nan, nan, nan, nan, nan, nan], params=[1.0, 1.0, 0.5, 0.24], fit_error=[0.056, 0.05])",[-70.  70.],"[0.284, 0.522]","[0.28, 0.28, 0.28, 0.28, 0.28, 0.28, 0.28, 0.28, 0.28, 0.28, 0.28, 0.28, 0.28, 0.28, 0.28, 0.28, 0.28, 0.28, 0.28, 0.28, 0.28, 0.28, 0.28, 0.28, 0.28, 0.28, 0.28, 0.28, 0.28, 0.28, 0.28, 0.28, 0.28, 0.28, 0.28, 0.28, 0.28, 0.28, 0.28, 0.28, 0.28, 0.28, 0.28, 0.28, 0.28, 0.28, 0.281, 0.283, 0.29, 0.317, 0.383, 0.461, 0.502, 0.515, 0.519, 0.52, 0.52, 0.52, 0.52, 0.52, 0.52, 0.52, 0.52, 0.52, 0.52, 0.52, 0.52, 0.52, 0.52, 0.52, 0.52, 0.52, 0.52, 0.52, 0.52, 0.52, 0.52, 0.52, 0.52, 0.52, 0.52, 0.52, 0.52, 0.52, 0.52, 0.52, 0.52, 0.52, 0.52, 0.52, 0.52, 0.52, 0.52, 0.52, 0.52, 0.52, 0.52, 0.52, 0.52, 0.52]","[0.048, 0.061]","[1.0, 1.0, 0.5, 0.24]",1.0,1.0,0.5,0.24,
2025-06-12,3,,20,Bpod5,178,88,90,77,101,99,43,56,59,39,79,45,34,0.5561797752808989,0.48863636363636365,0.6222222222222222,178,88,90,113,44,69,0.5714285714285714,0.6831683168316832,64,32,32,0.4155844155844156,0.31683168316831684,0.5561797752808989,0.48863636363636365,0.6222222222222222,0.5561797752808989,0.13358585858585859,0.5221238938053098,0.609375,-0.08725110619469023,0.6272984441301273,0.3662080493763662,0,0,0,0.0,0.0,0.0,99,43,56,247.5,107.5,140.0,0.0,0,0,0,0.0,9.999999999976694e-05,"psych_curve(xdata=array([-70.,  70.]), ydata=[0.511, 0.622], fit=[0.51, 0.51, 0.51, 0.51, 0.51, 0.51, 0.51, 0.51, 0.51, 0.51, 0.51, 0.51, 0.51, 0.51, 0.51, 0.51, 0.51, 0.51, 0.51, 0.51, 0.51, 0.51, 0.51, 0.51, 0.51, 0.51, 0.51, 0.51, 0.51, 0.51, 0.51, 0.51, 0.51, 0.51, 0.51, 0.51, 0.51, 0.51, 0.51, 0.51, 0.51, 0.51, 0.51, 0.51, 0.51, 0.51, 0.51, 0.511, 0.515, 0.527, 0.557, 0.593, 0.612, 0.618, 0.619, 0.62, 0.62, 0.62, 0.62, 0.62, 0.62, 0.62, 0.62, 0.62, 0.62, 0.62, 0.62, 0.62, 0.62, 0.62, 0.62, 0.62, 0.62, 0.62, 0.62, 0.62, 0.62, 0.62, 0.62, 0.62, 0.62, 0.62, 0.62, 0.62, 0.62, 0.62, 0.62, 0.62, 0.62, 0.62, 0.62, 0.62, 0.62, 0.62, 0.62, 0.62, 0.62, 0.62, 0.62, 0.62], params=[1.0, 1.0, 0.51, 0.38], fit_error=[0.054, 0.051])",[-70.  70.],"[0.511, 0.622]","[0.51, 0.51, 0.51, 0.51, 0.51, 0.51, 0.51, 0.51, 0.51, 0.51, 0.51, 0.51, 0.51, 0.51, 0.51, 0.51, 0.51, 0.51, 0.51, 0.51, 0.51, 0.51, 0.51, 0.51, 0.51, 0.51, 0.51, 0.51, 0.51, 0.51, 0.51, 0.51, 0.51, 0.51, 0.51, 0.51, 0.51, 0.51, 0.51, 0.51, 0.51, 0.51, 0.51, 0.51, 0.51, 0.51, 0.51, 0.511, 0.515, 0.527, 0.557, 0.593, 0.612, 0.618, 0.619, 0.62, 0.62, 0.62, 0.62, 0.62, 0.62, 0.62, 0.62, 0.62, 0.62, 0.62, 0.62, 0.62, 0.62, 0.62, 0.62, 0.62, 0.62, 0.62, 0.62, 0.62, 0.62, 0.62, 0.62, 0.62, 0.62, 0.62, 0.62, 0.62, 0.62, 0.62, 0.62, 0.62, 0.62, 0.62, 0.62, 0.62, 0.62, 0.62, 0.62, 0.62, 0.62, 0.62, 0.62, 0.62]","[0.054, 0.051]","[1.0, 1.0, 0.51, 0.38]",1.0,1.0,0.51,0.38,"psych_curve(xdata=array([-70.,  70.]), ydata=[0.581, 0.702], fit=[nan, nan, nan, nan, nan, nan, nan, nan, nan, nan, nan, nan, nan, nan, nan, nan, nan, nan, nan, nan, nan, nan, nan, nan, nan, nan, nan, nan, nan, nan, nan, nan, nan, nan, nan, nan, nan, nan, nan, nan, nan, nan, nan, nan, nan, nan, nan, nan, nan, nan, nan, nan, nan, nan, nan, nan, nan, nan, nan, nan, nan, nan, nan, nan, nan, nan, nan, nan, nan, nan, nan, nan, nan, nan, nan, nan, nan, nan, nan, nan, nan, nan, nan, nan, nan, nan, nan, nan, nan, nan, nan, nan, nan, nan, nan, nan, nan, nan, nan, nan], params=[1.0, 1.0, 0.58, 0.3], fit_error=[0.051, 0.05])",[-70.  70.],"[0.511, 0.622]","[0.51, 0.51, 0.51, 0.51, 0.51, 0.51, 0.51, 0.51, 0.51, 0.51, 0.51, 0.51, 0.51, 0.51, 0.51, 0.51, 0.51, 0.51, 0.51, 0.51, 0.51, 0.51, 0.51, 0.51, 0.51, 0.51, 0.51, 0.51, 0.51, 0.51, 0.51, 0.51, 0.51, 0.51, 0.51, 0.51, 0.51, 0.51, 0.51, 0.51, 0.51, 0.51, 0.51, 0.51, 0.51, 0.51, 0.51, 0.511, 0.515, 0.527, 0.557, 0.593, 0.612, 0.618, 0.619, 0.62, 0.62, 0.62, 0.62, 0.62, 0.62, 0.62, 0.62, 0.62, 0.62, 0.62, 0.62, 0.62, 0.62, 0.62, 0.62, 0.62, 0.62, 0.62, 0.62, 0.62, 0.62, 0.62, 0.62, 0.62, 0.62, 0.62, 0.62, 0.62, 0.62, 0.62, 0.62, 0.62, 0.62, 0.62, 0.62, 0.62, 0.62, 0.62, 0.62, 0.62, 0.62, 0.62, 0.62, 0.62]","[0.054, 0.051]","[1.0, 1.0, 0.58, 0.3]",1.0,1.0,0.58,0.3,
2025-06-13,4,,20,Bpod5,266,136,130,182,81,154,104,50,123,30,109,31,78,0.5789473684210527,0.7647058823529411,0.38461538461538464,263,135,128,209,155,54,0.8516483516483516,0.6666666666666666,51,26,25,0.14285714285714285,0.30864197530864196,0.5855513307984791,0.7703703703703704,0.390625,0.5855513307984791,-0.37974537037037037,0.5885167464114832,0.5882352941176471,0.00028145229383613746,0.7591575091575091,0.2257495590828924,3,1,2,0.011278195488721804,0.007352941176470588,0.015384615384615385,154,104,50,385.0,260.0,125.0,0.0,0,0,0,0.0,9.999999999976694e-05,"psych_curve(xdata=array([-70.,  70.]), ydata=[0.23, 0.391], fit=[0.23, 0.23, 0.23, 0.23, 0.23, 0.23, 0.23, 0.23, 0.23, 0.23, 0.23, 0.23, 0.23, 0.23, 0.23, 0.23, 0.23, 0.23, 0.23, 0.23, 0.23, 0.23, 0.23, 0.23, 0.23, 0.23, 0.23, 0.23, 0.23, 0.23, 0.23, 0.23, 0.23, 0.23, 0.23, 0.23, 0.23, 0.23, 0.23, 0.23, 0.23, 0.23, 0.23, 0.23, 0.23, 0.23, 0.23, 0.232, 0.237, 0.255, 0.298, 0.351, 0.378, 0.387, 0.389, 0.39, 0.39, 0.39, 0.39, 0.39, 0.39, 0.39, 0.39, 0.39, 0.39, 0.39, 0.39, 0.39, 0.39, 0.39, 0.39, 0.39, 0.39, 0.39, 0.39, 0.39, 0.39, 0.39, 0.39, 0.39, 0.39, 0.39, 0.39, 0.39, 0.39, 0.39, 0.39, 0.39, 0.39, 0.39, 0.39, 0.39, 0.39, 0.39, 0.39, 0.39, 0.39, 0.39, 0.39, 0.39], params=[1.0, 1.0, 0.23, 0.61], fit_error=[0.036, 0.043])",[-70.  70.],"[0.23, 0.391]","[0.23, 0.23, 0.23, 0.23, 0.23, 0.23, 0.23, 0.23, 0.23, 0.23, 0.23, 0.23, 0.23, 0.23, 0.23, 0.23, 0.23, 0.23, 0.23, 0.23, 0.23, 0.23, 0.23, 0.23, 0.23, 0.23, 0.23, 0.23, 0.23, 0.23, 0.23, 0.23, 0.23, 0.23, 0.23, 0.23, 0.23, 0.23, 0.23, 0.23, 0.23, 0.23, 0.23, 0.23, 0.23, 0.23, 0.23, 0.232, 0.237, 0.255, 0.298, 0.351, 0.378, 0.387, 0.389, 0.39, 0.39, 0.39, 0.39, 0.39, 0.39, 0.39, 0.39, 0.39, 0.39, 0.39, 0.39, 0.39, 0.39, 0.39, 0.39, 0.39, 0.39, 0.39, 0.39, 0.39, 0.39, 0.39, 0.39, 0.39, 0.39, 0.39, 0.39, 0.39, 0.39, 0.39, 0.39, 0.39, 0.39, 0.39, 0.39, 0.39, 0.39, 0.39, 0.39, 0.39, 0.39, 0.39, 0.39, 0.39]","[0.036, 0.043]","[1.0, 1.0, 0.23, 0.61]",1.0,1.0,0.23,0.61,"psych_curve(xdata=array([-70.,  70.]), ydata=[0.741, 0.854], fit=[nan, nan, nan, nan, nan, nan, nan, nan, nan, nan, nan, nan, nan, nan, nan, nan, nan, nan, nan, nan, nan, nan, nan, nan, nan, nan, nan, nan, nan, nan, nan, nan, nan, nan, nan, nan, nan, nan, nan, nan, nan, nan, nan, nan, nan, nan, nan, nan, nan, nan, nan, nan, nan, nan, nan, nan, nan, nan, nan, nan, nan, nan, nan, nan, nan, nan, nan, nan, nan, nan, nan, nan, nan, nan, nan, nan, nan, nan, nan, nan, nan, nan, nan, nan, nan, nan, nan, nan, nan, nan, nan, nan, nan, nan, nan, nan, nan, nan, nan, nan], params=[1.0, 1.0, 0.74, 0.15], fit_error=[0.041, 0.03])",[-70.  70.],"[0.23, 0.391]","[0.23, 0.23, 0.23, 0.23, 0.23, 0.23, 0.23, 0.23, 0.23, 0.23, 0.23, 0.23, 0.23, 0.23, 0.23, 0.23, 0.23, 0.23, 0.23, 0.23, 0.23, 0.23, 0.23, 0.23, 0.23, 0.23, 0.23, 0.23, 0.23, 0.23, 0.23, 0.23, 0.23, 0.23, 0.23, 0.23, 0.23, 0.23, 0.23, 0.23, 0.23, 0.23, 0.23, 0.23, 0.23, 0.23, 0.23, 0.232, 0.237, 0.255, 0.298, 0.351, 0.378, 0.387, 0.389, 0.39, 0.39, 0.39, 0.39, 0.39, 0.39, 0.39, 0.39, 0.39, 0.39, 0.39, 0.39, 0.39, 0.39, 0.39, 0.39, 0.39, 0.39, 0.39, 0.39, 0.39, 0.39, 0.39, 0.39, 0.39, 0.39, 0.39, 0.39, 0.39, 0.39, 0.39, 0.39, 0.39, 0.39, 0.39, 0.39, 0.39, 0.39, 0.39, 0.39, 0.39, 0.39, 0.39, 0.39, 0.39]","[0.036, 0.043]","[1.0, 1.0, 0.74, 0.15]",1.0,1.0,0.74,0.15,
2025-06-16,0,,20,Bpod5,267,137,130,141,124,152,82,70,108,43,113,54,59,0.5692883895131086,0.5985401459854015,0.5384615384615384,265,136,129,191,104,87,0.7375886524822695,0.7016129032258065,72,36,36,0.2553191489361702,0.2903225806451613,0.5735849056603773,0.6029411764705882,0.5426356589147286,0.5735849056603773,-0.060305517555859556,0.5654450261780105,0.5972222222222222,-0.0317771960442117,0.719600777854038,0.27282086479066575,2,1,1,0.00749063670411985,0.0072992700729927005,0.007692307692307693,152,82,70,380.0,205.0,175.0,0.0,0,0,0,0.0,9.999999999976694e-05,"psych_curve(xdata=array([-70.,  70.]), ydata=[0.397, 0.543], fit=[0.4, 0.4, 0.4, 0.4, 0.4, 0.4, 0.4, 0.4, 0.4, 0.4, 0.4, 0.4, 0.4, 0.4, 0.4, 0.4, 0.4, 0.4, 0.4, 0.4, 0.4, 0.4, 0.4, 0.4, 0.4, 0.4, 0.4, 0.4, 0.4, 0.4, 0.4, 0.4, 0.4, 0.4, 0.4, 0.4, 0.4, 0.4, 0.4, 0.4, 0.4, 0.4, 0.4, 0.4, 0.4, 0.4, 0.4, 0.401, 0.406, 0.421, 0.46, 0.506, 0.53, 0.537, 0.539, 0.54, 0.54, 0.54, 0.54, 0.54, 0.54, 0.54, 0.54, 0.54, 0.54, 0.54, 0.54, 0.54, 0.54, 0.54, 0.54, 0.54, 0.54, 0.54, 0.54, 0.54, 0.54, 0.54, 0.54, 0.54, 0.54, 0.54, 0.54, 0.54, 0.54, 0.54, 0.54, 0.54, 0.54, 0.54, 0.54, 0.54, 0.54, 0.54, 0.54, 0.54, 0.54, 0.54, 0.54, 0.54], params=[1.0, 1.0, 0.4, 0.46], fit_error=[0.042, 0.044])",[-70.  70.],"[0.397, 0.543]","[0.4, 0.4, 0.4, 0.4, 0.4, 0.4, 0.4, 0.4, 0.4, 0.4, 0.4, 0.4, 0.4, 0.4, 0.4, 0.4, 0.4, 0.4, 0.4, 0.4, 0.4, 0.4, 0.4, 0.4, 0.4, 0.4, 0.4, 0.4, 0.4, 0.4, 0.4, 0.4, 0.4, 0.4, 0.4, 0.4, 0.4, 0.4, 0.4, 0.4, 0.4, 0.4, 0.4, 0.4, 0.4, 0.4, 0.4, 0.401, 0.406, 0.421, 0.46, 0.506, 0.53, 0.537, 0.539, 0.54, 0.54, 0.54, 0.54, 0.54, 0.54, 0.54, 0.54, 0.54, 0.54, 0.54, 0.54, 0.54, 0.54, 0.54, 0.54, 0.54, 0.54, 0.54, 0.54, 0.54, 0.54, 0.54, 0.54, 0.54, 0.54, 0.54, 0.54, 0.54, 0.54, 0.54, 0.54, 0.54, 0.54, 0.54, 0.54, 0.54, 0.54, 0.54, 0.54, 0.54, 0.54, 0.54, 0.54, 0.54]","[0.042, 0.044]","[1.0, 1.0, 0.4, 0.46]",1.0,1.0,0.4,0.46,"psych_curve(xdata=array([-70.,  70.]), ydata=[0.659, 0.788], fit=[nan, nan, nan, nan, nan, nan, nan, nan, nan, nan, nan, nan, nan, nan, nan, nan, nan, nan, nan, nan, nan, nan, nan, nan, nan, nan, nan, nan, nan, nan, nan, nan, nan, nan, nan, nan, nan, nan, nan, nan, nan, nan, nan, nan, nan, nan, nan, nan, nan, nan, nan, nan, nan, nan, nan, nan, nan, nan, nan, nan, nan, nan, nan, nan, nan, nan, nan, nan, nan, nan, nan, nan, nan, nan, nan, nan, nan, nan, nan, nan, nan, nan, nan, nan, nan, nan, nan, nan, nan, nan, nan, nan, nan, nan, nan, nan, nan, nan, nan, nan], params=[1.0, 1.0, 0.66, 0.21], fit_error=[0.042, 0.035])",[-70.  70.],"[0.397, 0.543]","[0.4, 0.4, 0.4, 0.4, 0.4, 0.4, 0.4, 0.4, 0.4, 0.4, 0.4, 0.4, 0.4, 0.4, 0.4, 0.4, 0.4, 0.4, 0.4, 0.4, 0.4, 0.4, 0.4, 0.4, 0.4, 0.4, 0.4, 0.4, 0.4, 0.4, 0.4, 0.4, 0.4, 0.4, 0.4, 0.4, 0.4, 0.4, 0.4, 0.4, 0.4, 0.4, 0.4, 0.4, 0.4, 0.4, 0.4, 0.401, 0.406, 0.421, 0.46, 0.506, 0.53, 0.537, 0.539, 0.54, 0.54, 0.54, 0.54, 0.54, 0.54, 0.54, 0.54, 0.54, 0.54, 0.54, 0.54, 0.54, 0.54, 0.54, 0.54, 0.54, 0.54, 0.54, 0.54, 0.54, 0.54, 0.54, 0.54, 0.54, 0.54, 0.54, 0.54, 0.54, 0.54, 0.54, 0.54, 0.54, 0.54, 0.54, 0.54, 0.54, 0.54, 0.54, 0.54, 0.54, 0.54, 0.54, 0.54, 0.54]","[0.042, 0.044]","[1.0, 1.0, 0.66, 0.21]",1.0,1.0,0.66,0.21,
2025-06-17,1,,20,Bpod5,268,130,138,144,123,165,86,79,117,47,102,44,58,0.6156716417910447,0.6615384615384615,0.572463768115942,267,130,137,189,104,85,0.7222222222222222,0.6910569105691057,76,38,38,0.2638888888888889,0.3089430894308943,0.6179775280898876,0.6615384615384615,0.5766423357664233,0.6179775280898876,-0.0848961257720382,0.6190476190476191,0.618421052631579,0.0006265664160400863,0.7066395663956639,0.28641598915989164,1,0,1,0.0037313432835820895,0.0,0.007246376811594203,165,86,79,412.5,215.0,197.5,0.0,0,0,0,0.0,9.999999999976694e-05,"psych_curve(xdata=array([-70.,  70.]), ydata=[0.338, 0.577], fit=[0.34, 0.34, 0.34, 0.34, 0.34, 0.34, 0.34, 0.34, 0.34, 0.34, 0.34, 0.34, 0.34, 0.34, 0.34, 0.34, 0.34, 0.34, 0.34, 0.34, 0.34, 0.34, 0.34, 0.34, 0.34, 0.34, 0.34, 0.34, 0.34, 0.34, 0.34, 0.34, 0.34, 0.34, 0.34, 0.34, 0.34, 0.34, 0.34, 0.34, 0.34, 0.34, 0.34, 0.34, 0.34, 0.34, 0.341, 0.343, 0.35, 0.377, 0.443, 0.521, 0.562, 0.575, 0.579, 0.58, 0.58, 0.58, 0.58, 0.58, 0.58, 0.58, 0.58, 0.58, 0.58, 0.58, 0.58, 0.58, 0.58, 0.58, 0.58, 0.58, 0.58, 0.58, 0.58, 0.58, 0.58, 0.58, 0.58, 0.58, 0.58, 0.58, 0.58, 0.58, 0.58, 0.58, 0.58, 0.58, 0.58, 0.58, 0.58, 0.58, 0.58, 0.58, 0.58, 0.58, 0.58, 0.58, 0.58, 0.58], params=[1.0, 1.0, 0.34, 0.42], fit_error=[0.042, 0.042])",[-70.  70.],"[0.338, 0.577]","[0.34, 0.34, 0.34, 0.34, 0.34, 0.34, 0.34, 0.34, 0.34, 0.34, 0.34, 0.34, 0.34, 0.34, 0.34, 0.34, 0.34, 0.34, 0.34, 0.34, 0.34, 0.34, 0.34, 0.34, 0.34, 0.34, 0.34, 0.34, 0.34, 0.34, 0.34, 0.34, 0.34, 0.34, 0.34, 0.34, 0.34, 0.34, 0.34, 0.34, 0.34, 0.34, 0.34, 0.34, 0.34, 0.34, 0.341, 0.343, 0.35, 0.377, 0.443, 0.521, 0.562, 0.575, 0.579, 0.58, 0.58, 0.58, 0.58, 0.58, 0.58, 0.58, 0.58, 0.58, 0.58, 0.58, 0.58, 0.58, 0.58, 0.58, 0.58, 0.58, 0.58, 0.58, 0.58, 0.58, 0.58, 0.58, 0.58, 0.58, 0.58, 0.58, 0.58, 0.58, 0.58, 0.58, 0.58, 0.58, 0.58, 0.58, 0.58, 0.58, 0.58, 0.58, 0.58, 0.58, 0.58, 0.58, 0.58, 0.58]","[0.042, 0.042]","[1.0, 1.0, 0.34, 0.42]",1.0,1.0,0.34,0.42,"psych_curve(xdata=array([-70.,  70.]), ydata=[0.605, 0.801], fit=[nan, nan, nan, nan, nan, nan, nan, nan, nan, nan, nan, nan, nan, nan, nan, nan, nan, nan, nan, nan, nan, nan, nan, nan, nan, nan, nan, nan, nan, nan, nan, nan, nan, nan, nan, nan, nan, nan, nan, nan, nan, nan, nan, nan, nan, nan, nan, nan, nan, nan, nan, nan, nan, nan, nan, nan, nan, nan, nan, nan, nan, nan, nan, nan, nan, nan, nan, nan, nan, nan, nan, nan, nan, nan, nan, nan, nan, nan, nan, nan, nan, nan, nan, nan, nan, nan, nan, nan, nan, nan, nan, nan, nan, nan, nan, nan, nan, nan, nan, nan], params=[1.0, 1.0, 0.6, 0.2], fit_error=[0.045, 0.033])",[-70.  70.],"[0.338, 0.577]","[0.34, 0.34, 0.34, 0.34, 0.34, 0.34, 0.34, 0.34, 0.34, 0.34, 0.34, 0.34, 0.34, 0.34, 0.34, 0.34, 0.34, 0.34, 0.34, 0.34, 0.34, 0.34, 0.34, 0.34, 0.34, 0.34, 0.34, 0.34, 0.34, 0.34, 0.34, 0.34, 0.34, 0.34, 0.34, 0.34, 0.34, 0.34, 0.34, 0.34, 0.34, 0.34, 0.34, 0.34, 0.34, 0.34, 0.341, 0.343, 0.35, 0.377, 0.443, 0.521, 0.562, 0.575, 0.579, 0.58, 0.58, 0.58, 0.58, 0.58, 0.58, 0.58, 0.58, 0.58, 0.58, 0.58, 0.58, 0.58, 0.58, 0.58, 0.58, 0.58, 0.58, 0.58, 0.58, 0.58, 0.58, 0.58, 0.58, 0.58, 0.58, 0.58, 0.58, 0.58, 0.58, 0.58, 0.58, 0.58, 0.58, 0.58, 0.58, 0.58, 0.58, 0.58, 0.58, 0.58, 0.58, 0.58, 0.58, 0.58]","[0.042, 0.042]","[1.0, 1.0, 0.6, 0.2]",1.0,1.0,0.6,0.2,
2025-06-18,2,,20,Bpod5,244,120,124,122,121,178,88,90,126,51,65,31,34,0.7295081967213115,0.7333333333333333,0.7258064516129032,243,119,124,161,81,80,0.6639344262295082,0.6611570247933884,80,40,40,0.32786885245901637,0.3305785123966942,0.7325102880658436,0.7394957983193278,0.7258064516129032,0.7325102880658436,-0.013689346706424521,0.782608695652174,0.6375,0.145108695652174,0.6625457255114483,0.32922368242785527,1,1,0,0.004098360655737705,0.008333333333333333,0.0,178,88,90,445.0,220.0,225.0,0.0,0,0,0,0.0,9.999999999976694e-05,"psych_curve(xdata=array([-70.,  70.]), ydata=[0.261, 0.726], fit=[0.26, 0.26, 0.26, 0.26, 0.26, 0.26, 0.26, 0.26, 0.26, 0.26, 0.26, 0.26, 0.26, 0.26, 0.26, 0.26, 0.26, 0.26, 0.26, 0.26, 0.26, 0.26, 0.26, 0.26, 0.26, 0.26, 0.26, 0.26, 0.26, 0.26, 0.26, 0.26, 0.26, 0.26, 0.26, 0.26, 0.26, 0.26, 0.26, 0.26, 0.26, 0.26, 0.26, 0.26, 0.26, 0.26, 0.261, 0.265, 0.28, 0.332, 0.461, 0.614, 0.695, 0.721, 0.728, 0.729, 0.73, 0.73, 0.73, 0.73, 0.73, 0.73, 0.73, 0.73, 0.73, 0.73, 0.73, 0.73, 0.73, 0.73, 0.73, 0.73, 0.73, 0.73, 0.73, 0.73, 0.73, 0.73, 0.73, 0.73, 0.73, 0.73, 0.73, 0.73, 0.73, 0.73, 0.73, 0.73, 0.73, 0.73, 0.73, 0.73, 0.73, 0.73, 0.73, 0.73, 0.73, 0.73, 0.73, 0.73], params=[1.0, 1.0, 0.26, 0.27], fit_error=[0.04, 0.04])",[-70.  70.],"[0.261, 0.726]","[0.26, 0.26, 0.26, 0.26, 0.26, 0.26, 0.26, 0.26, 0.26, 0.26, 0.26, 0.26, 0.26, 0.26, 0.26, 0.26, 0.26, 0.26, 0.26, 0.26, 0.26, 0.26, 0.26, 0.26, 0.26, 0.26, 0.26, 0.26, 0.26, 0.26, 0.26, 0.26, 0.26, 0.26, 0.26, 0.26, 0.26, 0.26, 0.26, 0.26, 0.26, 0.26, 0.26, 0.26, 0.26, 0.26, 0.261, 0.265, 0.28, 0.332, 0.461, 0.614, 0.695, 0.721, 0.728, 0.729, 0.73, 0.73, 0.73, 0.73, 0.73, 0.73, 0.73, 0.73, 0.73, 0.73, 0.73, 0.73, 0.73, 0.73, 0.73, 0.73, 0.73, 0.73, 0.73, 0.73, 0.73, 0.73, 0.73, 0.73, 0.73, 0.73, 0.73, 0.73, 0.73, 0.73, 0.73, 0.73, 0.73, 0.73, 0.73, 0.73, 0.73, 0.73, 0.73, 0.73, 0.73, 0.73, 0.73, 0.73]","[0.04, 0.04]","[1.0, 1.0, 0.26, 0.27]",1.0,1.0,0.26,0.27,"psych_curve(xdata=array([-70.,  70.]), ydata=[0.407, 0.813], fit=[nan, nan, nan, nan, nan, nan, nan, nan, nan, nan, nan, nan, nan, nan, nan, nan, nan, nan, nan, nan, nan, nan, nan, nan, nan, nan, nan, nan, nan, nan, nan, nan, nan, nan, nan, nan, nan, nan, nan, nan, nan, nan, nan, nan, nan, nan, nan, nan, nan, nan, nan, nan, nan, nan, nan, nan, nan, nan, nan, nan, nan, nan, nan, nan, nan, nan, nan, nan, nan, nan, nan, nan, nan, nan, nan, nan, nan, nan, nan, nan, nan, nan, nan, nan, nan, nan, nan, nan, nan, nan, nan, nan, nan, nan, nan, nan, nan, nan, nan, nan], params=[1.0, 1.0, 0.41, 0.19], fit_error=[0.053, 0.031])",[-70.  70.],"[0.261, 0.726]","[0.26, 0.26, 0.26, 0.26, 0.26, 0.26, 0.26, 0.26, 0.26, 0.26, 0.26, 0.26, 0.26, 0.26, 0.26, 0.26, 0.26, 0.26, 0.26, 0.26, 0.26, 0.26, 0.26, 0.26, 0.26, 0.26, 0.26, 0.26, 0.26, 0.26, 0.26, 0.26, 0.26, 0.26, 0.26, 0.26, 0.26, 0.26, 0.26, 0.26, 0.26, 0.26, 0.26, 0.26, 0.26, 0.26, 0.261, 0.265, 0.28, 0.332, 0.461, 0.614, 0.695, 0.721, 0.728, 0.729, 0.73, 0.73, 0.73, 0.73, 0.73, 0.73, 0.73, 0.73, 0.73, 0.73, 0.73, 0.73, 0.73, 0.73, 0.73, 0.73, 0.73, 0.73, 0.73, 0.73, 0.73, 0.73, 0.73, 0.73, 0.73, 0.73, 0.73, 0.73, 0.73, 0.73, 0.73, 0.73, 0.73, 0.73, 0.73, 0.73, 0.73, 0.73, 0.73, 0.73, 0.73, 0.73, 0.73, 0.73]","[0.04, 0.04]","[1.0, 1.0, 0.41, 0.19]",1.0,1.0,0.41,0.19,
2025-06-19,3,,20,Bpod5,241,120,121,118,123,169,83,86,125,43,72,37,35,0.7012448132780082,0.6916666666666667,0.7107438016528925,241,120,121,174,84,90,0.711864406779661,0.7317073170731707,66,33,33,0.2796610169491525,0.2682926829268293,0.7012448132780082,0.6916666666666667,0.7107438016528925,0.7012448132780082,0.019077134986225874,0.7183908045977011,0.6515151515151515,0.06687565308254961,0.7217858619264159,0.2739768499379909,0,0,0,0.0,0.0,0.0,169,83,86,422.5,207.5,215.0,0.0,0,0,0,0.0,9.999999999976694e-05,"psych_curve(xdata=array([-70.,  70.]), ydata=[0.308, 0.711], fit=[0.31, 0.31, 0.31, 0.31, 0.31, 0.31, 0.31, 0.31, 0.31, 0.31, 0.31, 0.31, 0.31, 0.31, 0.31, 0.31, 0.31, 0.31, 0.31, 0.31, 0.31, 0.31, 0.31, 0.31, 0.31, 0.31, 0.31, 0.31, 0.31, 0.31, 0.31, 0.31, 0.31, 0.31, 0.31, 0.31, 0.31, 0.31, 0.31, 0.31, 0.31, 0.31, 0.31, 0.31, 0.31, 0.31, 0.311, 0.314, 0.327, 0.371, 0.481, 0.612, 0.681, 0.702, 0.708, 0.71, 0.71, 0.71, 0.71, 0.71, 0.71, 0.71, 0.71, 0.71, 0.71, 0.71, 0.71, 0.71, 0.71, 0.71, 0.71, 0.71, 0.71, 0.71, 0.71, 0.71, 0.71, 0.71, 0.71, 0.71, 0.71, 0.71, 0.71, 0.71, 0.71, 0.71, 0.71, 0.71, 0.71, 0.71, 0.71, 0.71, 0.71, 0.71, 0.71, 0.71, 0.71, 0.71, 0.71, 0.71], params=[1.0, 1.0, 0.31, 0.29], fit_error=[0.042, 0.041])",[-70.  70.],"[0.308, 0.711]","[0.31, 0.31, 0.31, 0.31, 0.31, 0.31, 0.31, 0.31, 0.31, 0.31, 0.31, 0.31, 0.31, 0.31, 0.31, 0.31, 0.31, 0.31, 0.31, 0.31, 0.31, 0.31, 0.31, 0.31, 0.31, 0.31, 0.31, 0.31, 0.31, 0.31, 0.31, 0.31, 0.31, 0.31, 0.31, 0.31, 0.31, 0.31, 0.31, 0.31, 0.31, 0.31, 0.31, 0.31, 0.31, 0.31, 0.311, 0.314, 0.327, 0.371, 0.481, 0.612, 0.681, 0.702, 0.708, 0.71, 0.71, 0.71, 0.71, 0.71, 0.71, 0.71, 0.71, 0.71, 0.71, 0.71, 0.71, 0.71, 0.71, 0.71, 0.71, 0.71, 0.71, 0.71, 0.71, 0.71, 0.71, 0.71, 0.71, 0.71, 0.71, 0.71, 0.71, 0.71, 0.71, 0.71, 0.71, 0.71, 0.71, 0.71, 0.71, 0.71, 0.71, 0.71, 0.71, 0.71, 0.71, 0.71, 0.71, 0.71]","[0.042, 0.041]","[1.0, 1.0, 0.31, 0.29]",1.0,1.0,0.31,0.29,"psych_curve(xdata=array([-70.,  70.]), ydata=[0.533, 0.845], fit=[nan, nan, nan, nan, nan, nan, nan, nan, nan, nan, nan, nan, nan, nan, nan, nan, nan, nan, nan, nan, nan, nan, nan, nan, nan, nan, nan, nan, nan, nan, nan, nan, nan, nan, nan, nan, nan, nan, nan, nan, nan, nan, nan, nan, nan, nan, nan, nan, nan, nan, nan, nan, nan, nan, nan, nan, nan, nan, nan, nan, nan, nan, nan, nan, nan, nan, nan, nan, nan, nan, nan, nan, nan, nan, nan, nan, nan, nan, nan, nan, nan, nan, nan, nan, nan, nan, nan, nan, nan, nan, nan, nan, nan, nan, nan, nan, nan, nan, nan, nan], params=[1.0, 1.0, 0.53, 0.16], fit_error=[0.052, 0.03])",[-70.  70.],"[0.308, 0.711]","[0.31, 0.31, 0.31, 0.31, 0.31, 0.31, 0.31, 0.31, 0.31, 0.31, 0.31, 0.31, 0.31, 0.31, 0.31, 0.31, 0.31, 0.31, 0.31, 0.31, 0.31, 0.31, 0.31, 0.31, 0.31, 0.31, 0.31, 0.31, 0.31, 0.31, 0.31, 0.31, 0.31, 0.31, 0.31, 0.31, 0.31, 0.31, 0.31, 0.31, 0.31, 0.31, 0.31, 0.31, 0.31, 0.31, 0.311, 0.314, 0.327, 0.371, 0.481, 0.612, 0.681, 0.702, 0.708, 0.71, 0.71, 0.71, 0.71, 0.71, 0.71, 0.71, 0.71, 0.71, 0.71, 0.71, 0.71, 0.71, 0.71, 0.71, 0.71, 0.71, 0.71, 0.71, 0.71, 0.71, 0.71, 0.71, 0.71, 0.71, 0.71, 0.71, 0.71, 0.71, 0.71, 0.71, 0.71, 0.71, 0.71, 0.71, 0.71, 0.71, 0.71, 0.71, 0.71, 0.71, 0.71, 0.71, 0.71, 0.71]","[0.042, 0.041]","[1.0, 1.0, 0.53, 0.16]",1.0,1.0,0.53,0.16,
2025-06-20,4,,20,Bpod5,262,130,132,139,123,245,126,119,181,63,17,4,13,0.9351145038167938,0.9692307692307692,0.9015151515151515,262,130,132,194,105,89,0.7553956834532374,0.7235772357723578,67,33,34,0.23741007194244604,0.2764227642276423,0.9351145038167938,0.9692307692307692,0.9015151515151515,0.9351145038167938,-0.06771561771561774,0.9329896907216495,0.9402985074626866,-0.007308816741037116,0.7394864596127976,0.2569164180850442,0,0,0,0.0,0.0,0.0,245,126,119,612.5,315.0,297.5,0.0,0,0,0,0.0,9.999999999976694e-05,"psych_curve(xdata=array([-70.,  70.]), ydata=[0.031, 0.902], fit=[0.03, 0.03, 0.03, 0.03, 0.03, 0.03, 0.03, 0.03, 0.03, 0.03, 0.03, 0.03, 0.03, 0.03, 0.03, 0.03, 0.03, 0.03, 0.03, 0.03, 0.03, 0.03, 0.03, 0.03, 0.03, 0.03, 0.03, 0.03, 0.03, 0.03, 0.03, 0.03, 0.03, 0.03, 0.03, 0.03, 0.03, 0.03, 0.03, 0.03, 0.03, 0.03, 0.03, 0.03, 0.03, 0.031, 0.032, 0.039, 0.067, 0.164, 0.402, 0.686, 0.836, 0.884, 0.896, 0.899, 0.9, 0.9, 0.9, 0.9, 0.9, 0.9, 0.9, 0.9, 0.9, 0.9, 0.9, 0.9, 0.9, 0.9, 0.9, 0.9, 0.9, 0.9, 0.9, 0.9, 0.9, 0.9, 0.9, 0.9, 0.9, 0.9, 0.9, 0.9, 0.9, 0.9, 0.9, 0.9, 0.9, 0.9, 0.9, 0.9, 0.9, 0.9, 0.9, 0.9, 0.9, 0.9, 0.9, 0.9], params=[1.0, 1.0, 0.03, 0.1], fit_error=[0.015, 0.026])",[-70.  70.],"[0.031, 0.902]","[0.03, 0.03, 0.03, 0.03, 0.03, 0.03, 0.03, 0.03, 0.03, 0.03, 0.03, 0.03, 0.03, 0.03, 0.03, 0.03, 0.03, 0.03, 0.03, 0.03, 0.03, 0.03, 0.03, 0.03, 0.03, 0.03, 0.03, 0.03, 0.03, 0.03, 0.03, 0.03, 0.03, 0.03, 0.03, 0.03, 0.03, 0.03, 0.03, 0.03, 0.03, 0.03, 0.03, 0.03, 0.03, 0.031, 0.032, 0.039, 0.067, 0.164, 0.402, 0.686, 0.836, 0.884, 0.896, 0.899, 0.9, 0.9, 0.9, 0.9, 0.9, 0.9, 0.9, 0.9, 0.9, 0.9, 0.9, 0.9, 0.9, 0.9, 0.9, 0.9, 0.9, 0.9, 0.9, 0.9, 0.9, 0.9, 0.9, 0.9, 0.9, 0.9, 0.9, 0.9, 0.9, 0.9, 0.9, 0.9, 0.9, 0.9, 0.9, 0.9, 0.9, 0.9, 0.9, 0.9, 0.9, 0.9, 0.9, 0.9]","[0.015, 0.026]","[1.0, 1.0, 0.03, 0.1]",1.0,1.0,0.03,0.1,"psych_curve(xdata=array([-70.,  70.]), ydata=[0.171, 0.978], fit=[nan, nan, nan, nan, nan, nan, nan, nan, nan, nan, nan, nan, nan, nan, nan, nan, nan, nan, nan, nan, nan, nan, nan, nan, nan, nan, nan, nan, nan, nan, nan, nan, nan, nan, nan, nan, nan, nan, nan, nan, nan, nan, nan, nan, nan, nan, nan, nan, nan, nan, nan, nan, nan, nan, nan, nan, nan, nan, nan, nan, nan, nan, nan, nan, nan, nan, nan, nan, nan, nan, nan, nan, nan, nan, nan, nan, nan, nan, nan, nan, nan, nan, nan, nan, nan, nan, nan, nan, nan, nan, nan, nan, nan, nan, nan, nan, nan, nan, nan, nan], params=[1.0, 1.0, 0.17, 0.02], fit_error=[0.043, 0.011])",[-70.  70.],"[0.031, 0.902]","[0.03, 0.03, 0.03, 0.03, 0.03, 0.03, 0.03, 0.03, 0.03, 0.03, 0.03, 0.03, 0.03, 0.03, 0.03, 0.03, 0.03, 0.03, 0.03, 0.03, 0.03, 0.03, 0.03, 0.03, 0.03, 0.03, 0.03, 0.03, 0.03, 0.03, 0.03, 0.03, 0.03, 0.03, 0.03, 0.03, 0.03, 0.03, 0.03, 0.03, 0.03, 0.03, 0.03, 0.03, 0.03, 0.031, 0.032, 0.039, 0.067, 0.164, 0.402, 0.686, 0.836, 0.884, 0.896, 0.899, 0.9, 0.9, 0.9, 0.9, 0.9, 0.9, 0.9, 0.9, 0.9, 0.9, 0.9, 0.9, 0.9, 0.9, 0.9, 0.9, 0.9, 0.9, 0.9, 0.9, 0.9, 0.9, 0.9, 0.9, 0.9, 0.9, 0.9, 0.9, 0.9, 0.9, 0.9, 0.9, 0.9, 0.9, 0.9, 0.9, 0.9, 0.9, 0.9, 0.9, 0.9, 0.9, 0.9, 0.9]","[0.015, 0.026]","[1.0, 1.0, 0.17, 0.02]",1.0,1.0,0.17,0.02,
2025-06-23,0,,20,Bpod5,258,130,128,136,122,230,119,111,117,112,28,11,17,0.8914728682170543,0.9153846153846154,0.8671875,258,130,128,141,77,64,0.5661764705882353,0.5245901639344263,116,58,58,0.4264705882352941,0.47540983606557374,0.8914728682170543,0.9153846153846154,0.8671875,0.8914728682170543,-0.04819711538461535,0.8297872340425532,0.9655172413793104,-0.13573000733675722,0.5453833172613307,0.4509402121504339,0,0,0,0.0,0.0,0.0,230,119,111,575.0,297.5,277.5,0.0,0,0,0,0.0,9.999999999976694e-05,"psych_curve(xdata=array([-70.,  70.]), ydata=[0.085, 0.867], fit=[0.08, 0.08, 0.08, 0.08, 0.08, 0.08, 0.08, 0.08, 0.08, 0.08, 0.08, 0.08, 0.08, 0.08, 0.08, 0.08, 0.08, 0.08, 0.08, 0.08, 0.08, 0.08, 0.08, 0.08, 0.08, 0.08, 0.08, 0.08, 0.08, 0.08, 0.08, 0.08, 0.08, 0.08, 0.08, 0.08, 0.08, 0.08, 0.08, 0.08, 0.08, 0.08, 0.08, 0.08, 0.08, 0.081, 0.082, 0.088, 0.113, 0.201, 0.418, 0.676, 0.812, 0.855, 0.866, 0.869, 0.87, 0.87, 0.87, 0.87, 0.87, 0.87, 0.87, 0.87, 0.87, 0.87, 0.87, 0.87, 0.87, 0.87, 0.87, 0.87, 0.87, 0.87, 0.87, 0.87, 0.87, 0.87, 0.87, 0.87, 0.87, 0.87, 0.87, 0.87, 0.87, 0.87, 0.87, 0.87, 0.87, 0.87, 0.87, 0.87, 0.87, 0.87, 0.87, 0.87, 0.87, 0.87, 0.87, 0.87], params=[1.0, 1.0, 0.08, 0.13], fit_error=[0.025, 0.03])",[-70.  70.],"[0.085, 0.867]","[0.08, 0.08, 0.08, 0.08, 0.08, 0.08, 0.08, 0.08, 0.08, 0.08, 0.08, 0.08, 0.08, 0.08, 0.08, 0.08, 0.08, 0.08, 0.08, 0.08, 0.08, 0.08, 0.08, 0.08, 0.08, 0.08, 0.08, 0.08, 0.08, 0.08, 0.08, 0.08, 0.08, 0.08, 0.08, 0.08, 0.08, 0.08, 0.08, 0.08, 0.08, 0.08, 0.08, 0.08, 0.08, 0.081, 0.082, 0.088, 0.113, 0.201, 0.418, 0.676, 0.812, 0.855, 0.866, 0.869, 0.87, 0.87, 0.87, 0.87, 0.87, 0.87, 0.87, 0.87, 0.87, 0.87, 0.87, 0.87, 0.87, 0.87, 0.87, 0.87, 0.87, 0.87, 0.87, 0.87, 0.87, 0.87, 0.87, 0.87, 0.87, 0.87, 0.87, 0.87, 0.87, 0.87, 0.87, 0.87, 0.87, 0.87, 0.87, 0.87, 0.87, 0.87, 0.87, 0.87, 0.87, 0.87, 0.87, 0.87]","[0.025, 0.03]","[1.0, 1.0, 0.08, 0.13]",1.0,1.0,0.08,0.13,"psych_curve(xdata=array([-70.,  70.]), ydata=[0.176, 0.967], fit=[nan, nan, nan, nan, nan, nan, nan, nan, nan, nan, nan, nan, nan, nan, nan, nan, nan, nan, nan, nan, nan, nan, nan, nan, nan, nan, nan, nan, nan, nan, nan, nan, nan, nan, nan, nan, nan, nan, nan, nan, nan, nan, nan, nan, nan, nan, nan, nan, nan, nan, nan, nan, nan, nan, nan, nan, nan, nan, nan, nan, nan, nan, nan, nan, nan, nan, nan, nan, nan, nan, nan, nan, nan, nan, nan, nan, nan, nan, nan, nan, nan, nan, nan, nan, nan, nan, nan, nan, nan, nan, nan, nan, nan, nan, nan, nan, nan, nan, nan, nan], params=[1.0, 1.0, 0.18, 0.03], fit_error=[0.033, 0.016])",[-70.  70.],"[0.085, 0.867]","[0.08, 0.08, 0.08, 0.08, 0.08, 0.08, 0.08, 0.08, 0.08, 0.08, 0.08, 0.08, 0.08, 0.08, 0.08, 0.08, 0.08, 0.08, 0.08, 0.08, 0.08, 0.08, 0.08, 0.08, 0.08, 0.08, 0.08, 0.08, 0.08, 0.08, 0.08, 0.08, 0.08, 0.08, 0.08, 0.08, 0.08, 0.08, 0.08, 0.08, 0.08, 0.08, 0.08, 0.08, 0.08, 0.081, 0.082, 0.088, 0.113, 0.201, 0.418, 0.676, 0.812, 0.855, 0.866, 0.869, 0.87, 0.87, 0.87, 0.87, 0.87, 0.87, 0.87, 0.87, 0.87, 0.87, 0.87, 0.87, 0.87, 0.87, 0.87, 0.87, 0.87, 0.87, 0.87, 0.87, 0.87, 0.87, 0.87, 0.87, 0.87, 0.87, 0.87, 0.87, 0.87, 0.87, 0.87, 0.87, 0.87, 0.87, 0.87, 0.87, 0.87, 0.87, 0.87, 0.87, 0.87, 0.87, 0.87, 0.87]","[0.025, 0.03]","[1.0, 1.0, 0.18, 0.03]",1.0,1.0,0.18,0.03,
2025-06-25,2,,20,Bpod5,253,130,123,116,137,211,102,109,117,93,42,28,14,0.83399209486166,0.7846153846153846,0.8861788617886179,253,130,123,154,66,88,0.5689655172413793,0.6423357664233577,98,49,49,0.4224137931034483,0.35766423357664234,0.83399209486166,0.7846153846153846,0.8861788617886179,0.83399209486166,0.10156347717323333,0.7597402597402597,0.9489795918367347,-0.18923933209647503,0.6056506418323685,0.3900390133400453,0,0,0,0.0,0.0,0.0,211,102,109,527.5,255.0,272.5,0.0,0,0,0,0.0,9.999999999976694e-05,"psych_curve(xdata=array([-70.,  70.]), ydata=[0.215, 0.886], fit=[0.21, 0.21, 0.21, 0.21, 0.21, 0.21, 0.21, 0.21, 0.21, 0.21, 0.21, 0.21, 0.21, 0.21, 0.21, 0.21, 0.21, 0.21, 0.21, 0.21, 0.21, 0.21, 0.21, 0.21, 0.21, 0.21, 0.21, 0.21, 0.21, 0.21, 0.21, 0.21, 0.21, 0.21, 0.21, 0.21, 0.21, 0.21, 0.21, 0.21, 0.21, 0.21, 0.21, 0.21, 0.21, 0.21, 0.212, 0.217, 0.239, 0.314, 0.501, 0.723, 0.84, 0.877, 0.887, 0.889, 0.89, 0.89, 0.89, 0.89, 0.89, 0.89, 0.89, 0.89, 0.89, 0.89, 0.89, 0.89, 0.89, 0.89, 0.89, 0.89, 0.89, 0.89, 0.89, 0.89, 0.89, 0.89, 0.89, 0.89, 0.89, 0.89, 0.89, 0.89, 0.89, 0.89, 0.89, 0.89, 0.89, 0.89, 0.89, 0.89, 0.89, 0.89, 0.89, 0.89, 0.89, 0.89, 0.89, 0.89], params=[1.0, 1.0, 0.21, 0.11], fit_error=[0.036, 0.029])",[-70.  70.],"[0.215, 0.886]","[0.21, 0.21, 0.21, 0.21, 0.21, 0.21, 0.21, 0.21, 0.21, 0.21, 0.21, 0.21, 0.21, 0.21, 0.21, 0.21, 0.21, 0.21, 0.21, 0.21, 0.21, 0.21, 0.21, 0.21, 0.21, 0.21, 0.21, 0.21, 0.21, 0.21, 0.21, 0.21, 0.21, 0.21, 0.21, 0.21, 0.21, 0.21, 0.21, 0.21, 0.21, 0.21, 0.21, 0.21, 0.21, 0.21, 0.212, 0.217, 0.239, 0.314, 0.501, 0.723, 0.84, 0.877, 0.887, 0.889, 0.89, 0.89, 0.89, 0.89, 0.89, 0.89, 0.89, 0.89, 0.89, 0.89, 0.89, 0.89, 0.89, 0.89, 0.89, 0.89, 0.89, 0.89, 0.89, 0.89, 0.89, 0.89, 0.89, 0.89, 0.89, 0.89, 0.89, 0.89, 0.89, 0.89, 0.89, 0.89, 0.89, 0.89, 0.89, 0.89, 0.89, 0.89, 0.89, 0.89, 0.89, 0.89, 0.89, 0.89]","[0.036, 0.029]","[1.0, 1.0, 0.21, 0.11]",1.0,1.0,0.21,0.11,"psych_curve(xdata=array([-70.,  70.]), ydata=[0.285, 0.959], fit=[nan, nan, nan, nan, nan, nan, nan, nan, nan, nan, nan, nan, nan, nan, nan, nan, nan, nan, nan, nan, nan, nan, nan, nan, nan, nan, nan, nan, nan, nan, nan, nan, nan, nan, nan, nan, nan, nan, nan, nan, nan, nan, nan, nan, nan, nan, nan, nan, nan, nan, nan, nan, nan, nan, nan, nan, nan, nan, nan, nan, nan, nan, nan, nan, nan, nan, nan, nan, nan, nan, nan, nan, nan, nan, nan, nan, nan, nan, nan, nan, nan, nan, nan, nan, nan, nan, nan, nan, nan, nan, nan, nan, nan, nan, nan, nan, nan, nan, nan, nan], params=[1.0, 1.0, 0.28, 0.04], fit_error=[0.04, 0.018])",[-70.  70.],"[0.215, 0.886]","[0.21, 0.21, 0.21, 0.21, 0.21, 0.21, 0.21, 0.21, 0.21, 0.21, 0.21, 0.21, 0.21, 0.21, 0.21, 0.21, 0.21, 0.21, 0.21, 0.21, 0.21, 0.21, 0.21, 0.21, 0.21, 0.21, 0.21, 0.21, 0.21, 0.21, 0.21, 0.21, 0.21, 0.21, 0.21, 0.21, 0.21, 0.21, 0.21, 0.21, 0.21, 0.21, 0.21, 0.21, 0.21, 0.21, 0.212, 0.217, 0.239, 0.314, 0.501, 0.723, 0.84, 0.877, 0.887, 0.889, 0.89, 0.89, 0.89, 0.89, 0.89, 0.89, 0.89, 0.89, 0.89, 0.89, 0.89, 0.89, 0.89, 0.89, 0.89, 0.89, 0.89, 0.89, 0.89, 0.89, 0.89, 0.89, 0.89, 0.89, 0.89, 0.89, 0.89, 0.89, 0.89, 0.89, 0.89, 0.89, 0.89, 0.89, 0.89, 0.89, 0.89, 0.89, 0.89, 0.89, 0.89, 0.89, 0.89, 0.89]","[0.036, 0.029]","[1.0, 1.0, 0.28, 0.04]",1.0,1.0,0.28,0.04,
2025-06-26,3,,20,Bpod5,256,123,133,134,122,237,119,118,120,116,19,4,15,0.92578125,0.967479674796748,0.8872180451127819,256,123,133,132,72,60,0.5373134328358209,0.4918032786885246,123,61,62,0.4552238805970149,0.5081967213114754,0.92578125,0.967479674796748,0.8872180451127819,0.92578125,-0.08026162968396611,0.9090909090909091,0.943089430894309,-0.033998521803399906,0.5145583557621727,0.48171030095424516,0,0,0,0.0,0.0,0.0,237,119,118,592.5,297.5,295.0,0.0,0,0,0,0.0,9.999999999976694e-05,"psych_curve(xdata=array([-70.,  70.]), ydata=[0.033, 0.887], fit=[0.03, 0.03, 0.03, 0.03, 0.03, 0.03, 0.03, 0.03, 0.03, 0.03, 0.03, 0.03, 0.03, 0.03, 0.03, 0.03, 0.03, 0.03, 0.03, 0.03, 0.03, 0.03, 0.03, 0.03, 0.03, 0.03, 0.03, 0.03, 0.03, 0.03, 0.03, 0.03, 0.03, 0.03, 0.03, 0.03, 0.03, 0.03, 0.03, 0.03, 0.03, 0.03, 0.03, 0.03, 0.03, 0.031, 0.032, 0.039, 0.066, 0.162, 0.397, 0.679, 0.827, 0.874, 0.886, 0.889, 0.89, 0.89, 0.89, 0.89, 0.89, 0.89, 0.89, 0.89, 0.89, 0.89, 0.89, 0.89, 0.89, 0.89, 0.89, 0.89, 0.89, 0.89, 0.89, 0.89, 0.89, 0.89, 0.89, 0.89, 0.89, 0.89, 0.89, 0.89, 0.89, 0.89, 0.89, 0.89, 0.89, 0.89, 0.89, 0.89, 0.89, 0.89, 0.89, 0.89, 0.89, 0.89, 0.89, 0.89], params=[1.0, 1.0, 0.03, 0.11], fit_error=[0.016, 0.028])",[-70.  70.],"[0.033, 0.887]","[0.03, 0.03, 0.03, 0.03, 0.03, 0.03, 0.03, 0.03, 0.03, 0.03, 0.03, 0.03, 0.03, 0.03, 0.03, 0.03, 0.03, 0.03, 0.03, 0.03, 0.03, 0.03, 0.03, 0.03, 0.03, 0.03, 0.03, 0.03, 0.03, 0.03, 0.03, 0.03, 0.03, 0.03, 0.03, 0.03, 0.03, 0.03, 0.03, 0.03, 0.03, 0.03, 0.03, 0.03, 0.03, 0.031, 0.032, 0.039, 0.066, 0.162, 0.397, 0.679, 0.827, 0.874, 0.886, 0.889, 0.89, 0.89, 0.89, 0.89, 0.89, 0.89, 0.89, 0.89, 0.89, 0.89, 0.89, 0.89, 0.89, 0.89, 0.89, 0.89, 0.89, 0.89, 0.89, 0.89, 0.89, 0.89, 0.89, 0.89, 0.89, 0.89, 0.89, 0.89, 0.89, 0.89, 0.89, 0.89, 0.89, 0.89, 0.89, 0.89, 0.89, 0.89, 0.89, 0.89, 0.89, 0.89, 0.89, 0.89]","[0.016, 0.028]","[1.0, 1.0, 0.03, 0.11]",1.0,1.0,0.03,0.11,"psych_curve(xdata=array([-70.,  70.]), ydata=[0.094, 0.945], fit=[nan, nan, nan, nan, nan, nan, nan, nan, nan, nan, nan, nan, nan, nan, nan, nan, nan, nan, nan, nan, nan, nan, nan, nan, nan, nan, nan, nan, nan, nan, nan, nan, nan, nan, nan, nan, nan, nan, nan, nan, nan, nan, nan, nan, nan, nan, nan, nan, nan, nan, nan, nan, nan, nan, nan, nan, nan, nan, nan, nan, nan, nan, nan, nan, nan, nan, nan, nan, nan, nan, nan, nan, nan, nan, nan, nan, nan, nan, nan, nan, nan, nan, nan, nan, nan, nan, nan, nan, nan, nan, nan, nan, nan, nan, nan, nan, nan, nan, nan, nan], params=[1.0, 1.0, 0.09, 0.05], fit_error=[0.026, 0.02])",[-70.  70.],"[0.033, 0.887]","[0.03, 0.03, 0.03, 0.03, 0.03, 0.03, 0.03, 0.03, 0.03, 0.03, 0.03, 0.03, 0.03, 0.03, 0.03, 0.03, 0.03, 0.03, 0.03, 0.03, 0.03, 0.03, 0.03, 0.03, 0.03, 0.03, 0.03, 0.03, 0.03, 0.03, 0.03, 0.03, 0.03, 0.03, 0.03, 0.03, 0.03, 0.03, 0.03, 0.03, 0.03, 0.03, 0.03, 0.03, 0.03, 0.031, 0.032, 0.039, 0.066, 0.162, 0.397, 0.679, 0.827, 0.874, 0.886, 0.889, 0.89, 0.89, 0.89, 0.89, 0.89, 0.89, 0.89, 0.89, 0.89, 0.89, 0.89, 0.89, 0.89, 0.89, 0.89, 0.89, 0.89, 0.89, 0.89, 0.89, 0.89, 0.89, 0.89, 0.89, 0.89, 0.89, 0.89, 0.89, 0.89, 0.89, 0.89, 0.89, 0.89, 0.89, 0.89, 0.89, 0.89, 0.89, 0.89, 0.89, 0.89, 0.89, 0.89, 0.89]","[0.016, 0.028]","[1.0, 1.0, 0.09, 0.05]",1.0,1.0,0.09,0.05,
2025-06-27,4,,20,Bpod5,246,128,118,132,114,214,114,100,111,103,32,14,18,0.8699186991869918,0.890625,0.847457627118644,246,128,118,132,75,57,0.5681818181818182,0.5,113,56,57,0.42424242424242425,0.5,0.8699186991869918,0.890625,0.847457627118644,0.8699186991869918,-0.04316737288135597,0.8409090909090909,0.911504424778761,-0.0705953338696701,0.5340909090909092,0.46212121212121215,0,0,0,0.0,0.0,0.0,214,114,100,535.0,285.0,250.0,0.0,0,0,0,0.0,9.999999999976694e-05,"psych_curve(xdata=array([-70.,  70.]), ydata=[0.109, 0.847], fit=[0.11, 0.11, 0.11, 0.11, 0.11, 0.11, 0.11, 0.11, 0.11, 0.11, 0.11, 0.11, 0.11, 0.11, 0.11, 0.11, 0.11, 0.11, 0.11, 0.11, 0.11, 0.11, 0.11, 0.11, 0.11, 0.11, 0.11, 0.11, 0.11, 0.11, 0.11, 0.11, 0.11, 0.11, 0.11, 0.11, 0.11, 0.11, 0.11, 0.11, 0.11, 0.11, 0.11, 0.11, 0.11, 0.11, 0.112, 0.118, 0.141, 0.224, 0.426, 0.668, 0.796, 0.836, 0.847, 0.849, 0.85, 0.85, 0.85, 0.85, 0.85, 0.85, 0.85, 0.85, 0.85, 0.85, 0.85, 0.85, 0.85, 0.85, 0.85, 0.85, 0.85, 0.85, 0.85, 0.85, 0.85, 0.85, 0.85, 0.85, 0.85, 0.85, 0.85, 0.85, 0.85, 0.85, 0.85, 0.85, 0.85, 0.85, 0.85, 0.85, 0.85, 0.85, 0.85, 0.85, 0.85, 0.85, 0.85, 0.85], params=[1.0, 1.0, 0.11, 0.15], fit_error=[0.028, 0.033])",[-70.  70.],"[0.109, 0.847]","[0.11, 0.11, 0.11, 0.11, 0.11, 0.11, 0.11, 0.11, 0.11, 0.11, 0.11, 0.11, 0.11, 0.11, 0.11, 0.11, 0.11, 0.11, 0.11, 0.11, 0.11, 0.11, 0.11, 0.11, 0.11, 0.11, 0.11, 0.11, 0.11, 0.11, 0.11, 0.11, 0.11, 0.11, 0.11, 0.11, 0.11, 0.11, 0.11, 0.11, 0.11, 0.11, 0.11, 0.11, 0.11, 0.11, 0.112, 0.118, 0.141, 0.224, 0.426, 0.668, 0.796, 0.836, 0.847, 0.849, 0.85, 0.85, 0.85, 0.85, 0.85, 0.85, 0.85, 0.85, 0.85, 0.85, 0.85, 0.85, 0.85, 0.85, 0.85, 0.85, 0.85, 0.85, 0.85, 0.85, 0.85, 0.85, 0.85, 0.85, 0.85, 0.85, 0.85, 0.85, 0.85, 0.85, 0.85, 0.85, 0.85, 0.85, 0.85, 0.85, 0.85, 0.85, 0.85, 0.85, 0.85, 0.85, 0.85, 0.85]","[0.028, 0.033]","[1.0, 1.0, 0.11, 0.15]",1.0,1.0,0.11,0.15,"psych_curve(xdata=array([-70.,  70.]), ydata=[0.169, 0.917], fit=[nan, nan, nan, nan, nan, nan, nan, nan, nan, nan, nan, nan, nan, nan, nan, nan, nan, nan, nan, nan, nan, nan, nan, nan, nan, nan, nan, nan, nan, nan, nan, nan, nan, nan, nan, nan, nan, nan, nan, nan, nan, nan, nan, nan, nan, nan, nan, nan, nan, nan, nan, nan, nan, nan, nan, nan, nan, nan, nan, nan, nan, nan, nan, nan, nan, nan, nan, nan, nan, nan, nan, nan, nan, nan, nan, nan, nan, nan, nan, nan, nan, nan, nan, nan, nan, nan, nan, nan, nan, nan, nan, nan, nan, nan, nan, nan, nan, nan, nan, nan], params=[1.0, 1.0, 0.17, 0.08], fit_error=[0.034, 0.025])",[-70.  70.],"[0.109, 0.847]","[0.11, 0.11, 0.11, 0.11, 0.11, 0.11, 0.11, 0.11, 0.11, 0.11, 0.11, 0.11, 0.11, 0.11, 0.11, 0.11, 0.11, 0.11, 0.11, 0.11, 0.11, 0.11, 0.11, 0.11, 0.11, 0.11, 0.11, 0.11, 0.11, 0.11, 0.11, 0.11, 0.11, 0.11, 0.11, 0.11, 0.11, 0.11, 0.11, 0.11, 0.11, 0.11, 0.11, 0.11, 0.11, 0.11, 0.112, 0.118, 0.141, 0.224, 0.426, 0.668, 0.796, 0.836, 0.847, 0.849, 0.85, 0.85, 0.85, 0.85, 0.85, 0.85, 0.85, 0.85, 0.85, 0.85, 0.85, 0.85, 0.85, 0.85, 0.85, 0.85, 0.85, 0.85, 0.85, 0.85, 0.85, 0.85, 0.85, 0.85, 0.85, 0.85, 0.85, 0.85, 0.85, 0.85, 0.85, 0.85, 0.85, 0.85, 0.85, 0.85, 0.85, 0.85, 0.85, 0.85, 0.85, 0.85, 0.85, 0.85]","[0.028, 0.033]","[1.0, 1.0, 0.17, 0.08]",1.0,1.0,0.17,0.08,
2025-06-30,0,,20,Bpod5,231,114,117,71,159,169,62,107,96,73,61,52,9,0.7316017316017316,0.543859649122807,0.9145299145299145,230,114,116,137,25,112,0.352112676056338,0.7044025157232704,92,46,46,0.647887323943662,0.2893081761006289,0.7347826086956522,0.543859649122807,0.9224137931034483,0.7347826086956522,0.37855414398064124,0.7007299270072993,0.7934782608695652,-0.09274833386226589,0.5282575958898041,0.46859775002214543,1,0,1,0.004329004329004329,0.0,0.008547008547008548,169,62,107,422.5,155.0,267.5,0.0,0,0,0,0.0,0.013061038961038737,"psych_curve(xdata=array([-70.,  70.]), ydata=[0.456, 0.922], fit=[0.46, 0.46, 0.46, 0.46, 0.46, 0.46, 0.46, 0.46, 0.46, 0.46, 0.46, 0.46, 0.46, 0.46, 0.46, 0.46, 0.46, 0.46, 0.46, 0.46, 0.46, 0.46, 0.46, 0.46, 0.46, 0.46, 0.46, 0.46, 0.46, 0.46, 0.46, 0.46, 0.46, 0.46, 0.46, 0.46, 0.46, 0.46, 0.46, 0.46, 0.46, 0.46, 0.46, 0.46, 0.46, 0.46, 0.461, 0.465, 0.479, 0.531, 0.657, 0.807, 0.886, 0.911, 0.918, 0.919, 0.92, 0.92, 0.92, 0.92, 0.92, 0.92, 0.92, 0.92, 0.92, 0.92, 0.92, 0.92, 0.92, 0.92, 0.92, 0.92, 0.92, 0.92, 0.92, 0.92, 0.92, 0.92, 0.92, 0.92, 0.92, 0.92, 0.92, 0.92, 0.92, 0.92, 0.92, 0.92, 0.92, 0.92, 0.92, 0.92, 0.92, 0.92, 0.92, 0.92, 0.92, 0.92, 0.92, 0.92], params=[1.0, 1.0, 0.46, 0.08], fit_error=[0.047, 0.025])",[-70.  70.],"[0.456, 0.922]","[0.46, 0.46, 0.46, 0.46, 0.46, 0.46, 0.46, 0.46, 0.46, 0.46, 0.46, 0.46, 0.46, 0.46, 0.46, 0.46, 0.46, 0.46, 0.46, 0.46, 0.46, 0.46, 0.46, 0.46, 0.46, 0.46, 0.46, 0.46, 0.46, 0.46, 0.46, 0.46, 0.46, 0.46, 0.46, 0.46, 0.46, 0.46, 0.46, 0.46, 0.46, 0.46, 0.46, 0.46, 0.46, 0.46, 0.461, 0.465, 0.479, 0.531, 0.657, 0.807, 0.886, 0.911, 0.918, 0.919, 0.92, 0.92, 0.92, 0.92, 0.92, 0.92, 0.92, 0.92, 0.92, 0.92, 0.92, 0.92, 0.92, 0.92, 0.92, 0.92, 0.92, 0.92, 0.92, 0.92, 0.92, 0.92, 0.92, 0.92, 0.92, 0.92, 0.92, 0.92, 0.92, 0.92, 0.92, 0.92, 0.92, 0.92, 0.92, 0.92, 0.92, 0.92, 0.92, 0.92, 0.92, 0.92, 0.92, 0.92]","[0.047, 0.025]","[1.0, 1.0, 0.46, 0.08]",1.0,1.0,0.46,0.08,"psych_curve(xdata=array([-70.,  70.]), ydata=[0.36, 0.835], fit=[nan, nan, nan, nan, nan, nan, nan, nan, nan, nan, nan, nan, nan, nan, nan, nan, nan, nan, nan, nan, nan, nan, nan, nan, nan, nan, nan, nan, nan, nan, nan, nan, nan, nan, nan, nan, nan, nan, nan, nan, nan, nan, nan, nan, nan, nan, nan, nan, nan, nan, nan, nan, nan, nan, nan, nan, nan, nan, nan, nan, nan, nan, nan, nan, nan, nan, nan, nan, nan, nan, nan, nan, nan, nan, nan, nan, nan, nan, nan, nan, nan, nan, nan, nan, nan, nan, nan, nan, nan, nan, nan, nan, nan, nan, nan, nan, nan, nan, nan, nan], params=[1.0, 1.0, 0.36, 0.16], fit_error=[0.045, 0.035])",[-70.  70.],"[0.456, 0.922]","[0.46, 0.46, 0.46, 0.46, 0.46, 0.46, 0.46, 0.46, 0.46, 0.46, 0.46, 0.46, 0.46, 0.46, 0.46, 0.46, 0.46, 0.46, 0.46, 0.46, 0.46, 0.46, 0.46, 0.46, 0.46, 0.46, 0.46, 0.46, 0.46, 0.46, 0.46, 0.46, 0.46, 0.46, 0.46, 0.46, 0.46, 0.46, 0.46, 0.46, 0.46, 0.46, 0.46, 0.46, 0.46, 0.46, 0.461, 0.465, 0.479, 0.531, 0.657, 0.807, 0.886, 0.911, 0.918, 0.919, 0.92, 0.92, 0.92, 0.92, 0.92, 0.92, 0.92, 0.92, 0.92, 0.92, 0.92, 0.92, 0.92, 0.92, 0.92, 0.92, 0.92, 0.92, 0.92, 0.92, 0.92, 0.92, 0.92, 0.92, 0.92, 0.92, 0.92, 0.92, 0.92, 0.92, 0.92, 0.92, 0.92, 0.92, 0.92, 0.92, 0.92, 0.92, 0.92, 0.92, 0.92, 0.92, 0.92, 0.92]","[0.047, 0.025]","[1.0, 1.0, 0.36, 0.16]",1.0,1.0,0.36,0.16,
2025-07-01,1,,20,Bpod5,235,123,112,97,138,189,87,102,93,96,46,36,10,0.8042553191489362,0.7073170731707317,0.9107142857142857,235,123,112,128,43,85,0.44329896907216493,0.6159420289855072,106,53,53,0.5463917525773195,0.38405797101449274,0.8042553191489362,0.7073170731707317,0.9107142857142857,0.8042553191489362,0.20339721254355403,0.7265625,0.9056603773584906,-0.1790978773584906,0.529620499028836,0.46522486179590616,0,0,0,0.0,0.0,0.0,189,87,102,472.5,217.5,255.0,0.0,0,0,0,0.0,0.06703829787234024,"psych_curve(xdata=array([-70.,  70.]), ydata=[0.293, 0.911], fit=[0.29, 0.29, 0.29, 0.29, 0.29, 0.29, 0.29, 0.29, 0.29, 0.29, 0.29, 0.29, 0.29, 0.29, 0.29, 0.29, 0.29, 0.29, 0.29, 0.29, 0.29, 0.29, 0.29, 0.29, 0.29, 0.29, 0.29, 0.29, 0.29, 0.29, 0.29, 0.29, 0.29, 0.29, 0.29, 0.29, 0.29, 0.29, 0.29, 0.29, 0.29, 0.29, 0.29, 0.29, 0.29, 0.29, 0.292, 0.297, 0.316, 0.385, 0.555, 0.758, 0.864, 0.898, 0.907, 0.909, 0.91, 0.91, 0.91, 0.91, 0.91, 0.91, 0.91, 0.91, 0.91, 0.91, 0.91, 0.91, 0.91, 0.91, 0.91, 0.91, 0.91, 0.91, 0.91, 0.91, 0.91, 0.91, 0.91, 0.91, 0.91, 0.91, 0.91, 0.91, 0.91, 0.91, 0.91, 0.91, 0.91, 0.91, 0.91, 0.91, 0.91, 0.91, 0.91, 0.91, 0.91, 0.91, 0.91, 0.91], params=[1.0, 1.0, 0.29, 0.09], fit_error=[0.041, 0.027])",[-70.  70.],"[0.293, 0.911]","[0.29, 0.29, 0.29, 0.29, 0.29, 0.29, 0.29, 0.29, 0.29, 0.29, 0.29, 0.29, 0.29, 0.29, 0.29, 0.29, 0.29, 0.29, 0.29, 0.29, 0.29, 0.29, 0.29, 0.29, 0.29, 0.29, 0.29, 0.29, 0.29, 0.29, 0.29, 0.29, 0.29, 0.29, 0.29, 0.29, 0.29, 0.29, 0.29, 0.29, 0.29, 0.29, 0.29, 0.29, 0.29, 0.29, 0.292, 0.297, 0.316, 0.385, 0.555, 0.758, 0.864, 0.898, 0.907, 0.909, 0.91, 0.91, 0.91, 0.91, 0.91, 0.91, 0.91, 0.91, 0.91, 0.91, 0.91, 0.91, 0.91, 0.91, 0.91, 0.91, 0.91, 0.91, 0.91, 0.91, 0.91, 0.91, 0.91, 0.91, 0.91, 0.91, 0.91, 0.91, 0.91, 0.91, 0.91, 0.91, 0.91, 0.91, 0.91, 0.91, 0.91, 0.91, 0.91, 0.91, 0.91, 0.91, 0.91, 0.91]","[0.041, 0.027]","[1.0, 1.0, 0.29, 0.09]",1.0,1.0,0.29,0.09,"psych_curve(xdata=array([-70.,  70.]), ydata=[0.267, 0.903], fit=[nan, nan, nan, nan, nan, nan, nan, nan, nan, nan, nan, nan, nan, nan, nan, nan, nan, nan, nan, nan, nan, nan, nan, nan, nan, nan, nan, nan, nan, nan, nan, nan, nan, nan, nan, nan, nan, nan, nan, nan, nan, nan, nan, nan, nan, nan, nan, nan, nan, nan, nan, nan, nan, nan, nan, nan, nan, nan, nan, nan, nan, nan, nan, nan, nan, nan, nan, nan, nan, nan, nan, nan, nan, nan, nan, nan, nan, nan, nan, nan, nan, nan, nan, nan, nan, nan, nan, nan, nan, nan, nan, nan, nan, nan, nan, nan, nan, nan, nan, nan], params=[1.0, 1.0, 0.27, 0.1], fit_error=[0.039, 0.029])",[-70.  70.],"[0.293, 0.911]","[0.29, 0.29, 0.29, 0.29, 0.29, 0.29, 0.29, 0.29, 0.29, 0.29, 0.29, 0.29, 0.29, 0.29, 0.29, 0.29, 0.29, 0.29, 0.29, 0.29, 0.29, 0.29, 0.29, 0.29, 0.29, 0.29, 0.29, 0.29, 0.29, 0.29, 0.29, 0.29, 0.29, 0.29, 0.29, 0.29, 0.29, 0.29, 0.29, 0.29, 0.29, 0.29, 0.29, 0.29, 0.29, 0.29, 0.292, 0.297, 0.316, 0.385, 0.555, 0.758, 0.864, 0.898, 0.907, 0.909, 0.91, 0.91, 0.91, 0.91, 0.91, 0.91, 0.91, 0.91, 0.91, 0.91, 0.91, 0.91, 0.91, 0.91, 0.91, 0.91, 0.91, 0.91, 0.91, 0.91, 0.91, 0.91, 0.91, 0.91, 0.91, 0.91, 0.91, 0.91, 0.91, 0.91, 0.91, 0.91, 0.91, 0.91, 0.91, 0.91, 0.91, 0.91, 0.91, 0.91, 0.91, 0.91, 0.91, 0.91]","[0.041, 0.027]","[1.0, 1.0, 0.27, 0.1]",1.0,1.0,0.27,0.1,
2025-07-02,2,,20,Bpod5,235,96,139,70,164,199,65,134,119,79,35,30,5,0.8468085106382979,0.6770833333333334,0.9640287769784173,234,95,139,145,26,119,0.37142857142857144,0.725609756097561,88,44,44,0.6285714285714286,0.2682926829268293,0.8504273504273504,0.6842105263157895,0.9640287769784173,0.8504273504273504,0.2798182506626278,0.8206896551724138,0.8977272727272727,-0.07703761755485894,0.5485191637630662,0.4484320557491289,1,1,0,0.00425531914893617,0.010416666666666666,0.0,199,65,134,497.5,162.5,335.0,0.0,0,0,0,0.0,0.248927659574468,"psych_curve(xdata=array([-70.,  70.]), ydata=[0.316, 0.964], fit=[0.32, 0.32, 0.32, 0.32, 0.32, 0.32, 0.32, 0.32, 0.32, 0.32, 0.32, 0.32, 0.32, 0.32, 0.32, 0.32, 0.32, 0.32, 0.32, 0.32, 0.32, 0.32, 0.32, 0.32, 0.32, 0.32, 0.32, 0.32, 0.32, 0.32, 0.32, 0.32, 0.32, 0.32, 0.32, 0.32, 0.32, 0.32, 0.32, 0.32, 0.32, 0.32, 0.32, 0.32, 0.32, 0.32, 0.322, 0.327, 0.347, 0.418, 0.593, 0.803, 0.913, 0.948, 0.957, 0.959, 0.96, 0.96, 0.96, 0.96, 0.96, 0.96, 0.96, 0.96, 0.96, 0.96, 0.96, 0.96, 0.96, 0.96, 0.96, 0.96, 0.96, 0.96, 0.96, 0.96, 0.96, 0.96, 0.96, 0.96, 0.96, 0.96, 0.96, 0.96, 0.96, 0.96, 0.96, 0.96, 0.96, 0.96, 0.96, 0.96, 0.96, 0.96, 0.96, 0.96, 0.96, 0.96, 0.96, 0.96], params=[1.0, 1.0, 0.32, 0.04], fit_error=[0.048, 0.016])",[-70.  70.],"[0.316, 0.964]","[0.32, 0.32, 0.32, 0.32, 0.32, 0.32, 0.32, 0.32, 0.32, 0.32, 0.32, 0.32, 0.32, 0.32, 0.32, 0.32, 0.32, 0.32, 0.32, 0.32, 0.32, 0.32, 0.32, 0.32, 0.32, 0.32, 0.32, 0.32, 0.32, 0.32, 0.32, 0.32, 0.32, 0.32, 0.32, 0.32, 0.32, 0.32, 0.32, 0.32, 0.32, 0.32, 0.32, 0.32, 0.32, 0.32, 0.322, 0.327, 0.347, 0.418, 0.593, 0.803, 0.913, 0.948, 0.957, 0.959, 0.96, 0.96, 0.96, 0.96, 0.96, 0.96, 0.96, 0.96, 0.96, 0.96, 0.96, 0.96, 0.96, 0.96, 0.96, 0.96, 0.96, 0.96, 0.96, 0.96, 0.96, 0.96, 0.96, 0.96, 0.96, 0.96, 0.96, 0.96, 0.96, 0.96, 0.96, 0.96, 0.96, 0.96, 0.96, 0.96, 0.96, 0.96, 0.96, 0.96, 0.96, 0.96, 0.96, 0.96]","[0.048, 0.016]","[1.0, 1.0, 0.32, 0.04]",1.0,1.0,0.32,0.04,"psych_curve(xdata=array([-70.,  70.]), ydata=[0.248, 0.93], fit=[nan, nan, nan, nan, nan, nan, nan, nan, nan, nan, nan, nan, nan, nan, nan, nan, nan, nan, nan, nan, nan, nan, nan, nan, nan, nan, nan, nan, nan, nan, nan, nan, nan, nan, nan, nan, nan, nan, nan, nan, nan, nan, nan, nan, nan, nan, nan, nan, nan, nan, nan, nan, nan, nan, nan, nan, nan, nan, nan, nan, nan, nan, nan, nan, nan, nan, nan, nan, nan, nan, nan, nan, nan, nan, nan, nan, nan, nan, nan, nan, nan, nan, nan, nan, nan, nan, nan, nan, nan, nan, nan, nan, nan, nan, nan, nan, nan, nan, nan, nan], params=[1.0, 1.0, 0.25, 0.07], fit_error=[0.042, 0.023])",[-70.  70.],"[0.316, 0.964]","[0.32, 0.32, 0.32, 0.32, 0.32, 0.32, 0.32, 0.32, 0.32, 0.32, 0.32, 0.32, 0.32, 0.32, 0.32, 0.32, 0.32, 0.32, 0.32, 0.32, 0.32, 0.32, 0.32, 0.32, 0.32, 0.32, 0.32, 0.32, 0.32, 0.32, 0.32, 0.32, 0.32, 0.32, 0.32, 0.32, 0.32, 0.32, 0.32, 0.32, 0.32, 0.32, 0.32, 0.32, 0.32, 0.32, 0.322, 0.327, 0.347, 0.418, 0.593, 0.803, 0.913, 0.948, 0.957, 0.959, 0.96, 0.96, 0.96, 0.96, 0.96, 0.96, 0.96, 0.96, 0.96, 0.96, 0.96, 0.96, 0.96, 0.96, 0.96, 0.96, 0.96, 0.96, 0.96, 0.96, 0.96, 0.96, 0.96, 0.96, 0.96, 0.96, 0.96, 0.96, 0.96, 0.96, 0.96, 0.96, 0.96, 0.96, 0.96, 0.96, 0.96, 0.96, 0.96, 0.96, 0.96, 0.96, 0.96, 0.96]","[0.048, 0.016]","[1.0, 1.0, 0.25, 0.07]",1.0,1.0,0.25,0.07,
2025-07-03,3,,20,Bpod5,227,100,127,81,146,176,65,111,99,77,51,35,16,0.775330396475771,0.65,0.8740157480314961,227,100,127,141,38,103,0.4691358024691358,0.7054794520547946,85,42,43,0.5185185185185185,0.2945205479452055,0.775330396475771,0.65,0.8740157480314961,0.7837837837837838,0.22401574803149604,0.7021276595744681,0.9058823529411765,-0.20375469336670837,0.5873076272619652,0.40651953323186196,0,0,0,0.0,0.0,0.0,176,65,111,440.0,162.5,277.5,0.0,0,2,0,0.01629955947136564,0.4691629955947135,"psych_curve(xdata=array([-70.,  -4.,  -2.,   0.,   4.,  70.]), ydata=[0.34, 1.0, 0.0, 1.0, 0.0, 0.88], fit=[0.58, 0.58, 0.58, 0.58, 0.58, 0.58, 0.58, 0.58, 0.58, 0.58, 0.58, 0.58, 0.58, 0.58, 0.58, 0.58, 0.58, 0.58, 0.58, 0.58, 0.58, 0.58, 0.58, 0.58, 0.58, 0.58, 0.58, 0.58, 0.58, 0.58, 0.58, 0.58, 0.58, 0.58, 0.58, 0.58, 0.58, 0.58, 0.58, 0.58, 0.58, 0.58, 0.58, 0.58, 0.58, 0.58, 0.58, 0.58, 0.58, 0.58, 0.58, 0.558, 0.44, 0.44, 0.44, 0.44, 0.44, 0.44, 0.44, 0.44, 0.44, 0.44, 0.44, 0.44, 0.44, 0.44, 0.44, 0.44, 0.44, 0.44, 0.44, 0.44, 0.44, 0.44, 0.44, 0.44, 0.44, 0.44, 0.44, 0.44, 0.44, 0.44, 0.44, 0.44, 0.44, 0.44, 0.44, 0.44, 0.44, 0.44, 0.44, 0.44, 0.44, 0.44, 0.44, 0.44, 0.44, 0.44, 0.44, 0.44], params=[8.06, 2.33, 0.58, 0.56], fit_error=[0.048, nan, nan, 0.0, nan, 0.029])",[-70.  -4.  -2.   0.   4.  70.],"[0.34, 1.0, 0.0, 1.0, 0.0, 0.88]","[0.58, 0.58, 0.58, 0.58, 0.58, 0.58, 0.58, 0.58, 0.58, 0.58, 0.58, 0.58, 0.58, 0.58, 0.58, 0.58, 0.58, 0.58, 0.58, 0.58, 0.58, 0.58, 0.58, 0.58, 0.58, 0.58, 0.58, 0.58, 0.58, 0.58, 0.58, 0.58, 0.58, 0.58, 0.58, 0.58, 0.58, 0.58, 0.58, 0.58, 0.58, 0.58, 0.58, 0.58, 0.58, 0.58, 0.58, 0.58, 0.58, 0.58, 0.58, 0.558, 0.44, 0.44, 0.44, 0.44, 0.44, 0.44, 0.44, 0.44, 0.44, 0.44, 0.44, 0.44, 0.44, 0.44, 0.44, 0.44, 0.44, 0.44, 0.44, 0.44, 0.44, 0.44, 0.44, 0.44, 0.44, 0.44, 0.44, 0.44, 0.44, 0.44, 0.44, 0.44, 0.44, 0.44, 0.44, 0.44, 0.44, 0.44, 0.44, 0.44, 0.44, 0.44, 0.44, 0.44, 0.44, 0.44, 0.44, 0.44]","[0.048, nan, nan, 0.0, nan, 0.029]","[8.06, 2.33, 0.58, 0.56]",8.06,2.33,0.58,0.56,"psych_curve(xdata=array([-70.,  -4.,  -2.,  -0.,  70.]), ydata=[0.342, 1.0, 0.0, 0.5, 0.925], fit=[nan, nan, nan, nan, nan, nan, nan, nan, nan, nan, nan, nan, nan, nan, nan, nan, nan, nan, nan, nan, nan, nan, nan, nan, nan, nan, nan, nan, nan, nan, nan, nan, nan, nan, nan, nan, nan, nan, nan, nan, nan, nan, nan, nan, nan, nan, nan, nan, nan, nan, nan, nan, nan, nan, nan, nan, nan, nan, nan, nan, nan, nan, nan, nan, nan, nan, nan, nan, nan, nan, nan, nan, nan, nan, nan, nan, nan, nan, nan, nan, nan, nan, nan, nan, nan, nan, nan, nan, nan, nan, nan, nan, nan, nan, nan, nan, nan, nan, nan, nan], params=[7.23, 0.29, 0.45, 0.08], fit_error=[0.045, 0.0, nan, 0.5, 0.026])",[-70.  -4.  -2.   0.   4.  70.],"[0.34, 1.0, 0.0, 1.0, 0.0, 0.88]","[0.58, 0.58, 0.58, 0.58, 0.58, 0.58, 0.58, 0.58, 0.58, 0.58, 0.58, 0.58, 0.58, 0.58, 0.58, 0.58, 0.58, 0.58, 0.58, 0.58, 0.58, 0.58, 0.58, 0.58, 0.58, 0.58, 0.58, 0.58, 0.58, 0.58, 0.58, 0.58, 0.58, 0.58, 0.58, 0.58, 0.58, 0.58, 0.58, 0.58, 0.58, 0.58, 0.58, 0.58, 0.58, 0.58, 0.58, 0.58, 0.58, 0.58, 0.58, 0.558, 0.44, 0.44, 0.44, 0.44, 0.44, 0.44, 0.44, 0.44, 0.44, 0.44, 0.44, 0.44, 0.44, 0.44, 0.44, 0.44, 0.44, 0.44, 0.44, 0.44, 0.44, 0.44, 0.44, 0.44, 0.44, 0.44, 0.44, 0.44, 0.44, 0.44, 0.44, 0.44, 0.44, 0.44, 0.44, 0.44, 0.44, 0.44, 0.44, 0.44, 0.44, 0.44, 0.44, 0.44, 0.44, 0.44, 0.44, 0.44]","[0.048, nan, nan, 0.0, nan, 0.029]","[7.23, 0.29, 0.45, 0.08]",7.23,0.29,0.45,0.08,
2025-07-04,4,,20,Bpod5,234,114,120,113,120,204,99,105,110,93,29,15,14,0.8717948717948718,0.868421052631579,0.875,233,114,119,129,60,69,0.5309734513274337,0.575,102,51,51,0.45132743362831856,0.425,0.8755364806866953,0.868421052631579,0.8823529411764706,0.9014778325123153,0.01393188854489158,0.8527131782945736,0.9117647058823529,-0.05905152758777932,0.5529867256637169,0.4381637168141593,1,0,1,0.004273504273504274,0.0,0.008333333333333333,204,99,105,510.0,247.5,262.5,0.0,0,2,0,0.16923076923076924,0.49999999999999983,"psych_curve(xdata=array([-70.,  -8.,  -4.,  -2.,   0.,   2.,   4.,   8.,  70.]), ydata=[0.129, 0.0, 0.0, 0.333, 0.0, 0.667, 0.75, 0.6, 0.931], fit=[0.09, 0.09, 0.09, 0.09, 0.09, 0.09, 0.09, 0.09, 0.09, 0.09, 0.09, 0.09, 0.09, 0.09, 0.09, 0.09, 0.09, 0.09, 0.09, 0.09, 0.09, 0.09, 0.09, 0.09, 0.09, 0.09, 0.09, 0.09, 0.09, 0.09, 0.09, 0.09, 0.09, 0.09, 0.09, 0.09, 0.09, 0.09, 0.09, 0.09, 0.09, 0.09, 0.09, 0.09, 0.09, 0.09, 0.09, 0.09, 0.09, 0.09, 0.09, 0.721, 0.76, 0.76, 0.76, 0.76, 0.76, 0.76, 0.76, 0.76, 0.76, 0.76, 0.76, 0.76, 0.76, 0.76, 0.76, 0.76, 0.76, 0.76, 0.76, 0.76, 0.76, 0.76, 0.76, 0.76, 0.76, 0.76, 0.76, 0.76, 0.76, 0.76, 0.76, 0.76, 0.76, 0.76, 0.76, 0.76, 0.76, 0.76, 0.76, 0.76, 0.76, 0.76, 0.76, 0.76, 0.76, 0.76, 0.76, 0.76], params=[8.14, 1.78, 0.09, 0.24], fit_error=[0.033, 0.0, 0.0, 0.211, 0.0, 0.211, 0.25, 0.245, 0.025])",[-70.  -8.  -4.  -2.   0.   2.   4.   8.  70.],"[0.129, 0.0, 0.0, 0.333, 0.0, 0.667, 0.75, 0.6, 0.931]","[0.09, 0.09, 0.09, 0.09, 0.09, 0.09, 0.09, 0.09, 0.09, 0.09, 0.09, 0.09, 0.09, 0.09, 0.09, 0.09, 0.09, 0.09, 0.09, 0.09, 0.09, 0.09, 0.09, 0.09, 0.09, 0.09, 0.09, 0.09, 0.09, 0.09, 0.09, 0.09, 0.09, 0.09, 0.09, 0.09, 0.09, 0.09, 0.09, 0.09, 0.09, 0.09, 0.09, 0.09, 0.09, 0.09, 0.09, 0.09, 0.09, 0.09, 0.09, 0.721, 0.76, 0.76, 0.76, 0.76, 0.76, 0.76, 0.76, 0.76, 0.76, 0.76, 0.76, 0.76, 0.76, 0.76, 0.76, 0.76, 0.76, 0.76, 0.76, 0.76, 0.76, 0.76, 0.76, 0.76, 0.76, 0.76, 0.76, 0.76, 0.76, 0.76, 0.76, 0.76, 0.76, 0.76, 0.76, 0.76, 0.76, 0.76, 0.76, 0.76, 0.76, 0.76, 0.76, 0.76, 0.76, 0.76, 0.76, 0.76]","[0.033, 0.0, 0.0, 0.211, 0.0, 0.211, 0.25, 0.245, 0.025]","[8.14, 1.78, 0.09, 0.24]",8.14,1.78,0.09,0.24,"psych_curve(xdata=array([-70.,  -8.,  -4.,  -2.,  -0.,   2.,   4.,   8.,  70.]), ydata=[0.152, 0.0, 0.0, 0.333, 1.0, 0.667, 0.75, 0.714, 0.961], fit=[nan, nan, nan, nan, nan, nan, nan, nan, nan, nan, nan, nan, nan, nan, nan, nan, nan, nan, nan, nan, nan, nan, nan, nan, nan, nan, nan, nan, nan, nan, nan, nan, nan, nan, nan, nan, nan, nan, nan, nan, nan, nan, nan, nan, nan, nan, nan, nan, nan, nan, nan, nan, nan, nan, nan, nan, nan, nan, nan, nan, nan, nan, nan, nan, nan, nan, nan, nan, nan, nan, nan, nan, nan, nan, nan, nan, nan, nan, nan, nan, nan, nan, nan, nan, nan, nan, nan, nan, nan, nan, nan, nan, nan, nan, nan, nan, nan, nan, nan, nan], params=[8.04, -1.93, 0.05, 0.18], fit_error=[0.036, 0.0, 0.0, 0.211, 0.0, 0.211, 0.25, 0.184, 0.019])",[-70.  -8.  -4.  -2.   0.   2.   4.   8.  70.],"[0.129, 0.0, 0.0, 0.333, 0.0, 0.667, 0.75, 0.6, 0.931]","[0.09, 0.09, 0.09, 0.09, 0.09, 0.09, 0.09, 0.09, 0.09, 0.09, 0.09, 0.09, 0.09, 0.09, 0.09, 0.09, 0.09, 0.09, 0.09, 0.09, 0.09, 0.09, 0.09, 0.09, 0.09, 0.09, 0.09, 0.09, 0.09, 0.09, 0.09, 0.09, 0.09, 0.09, 0.09, 0.09, 0.09, 0.09, 0.09, 0.09, 0.09, 0.09, 0.09, 0.09, 0.09, 0.09, 0.09, 0.09, 0.09, 0.09, 0.09, 0.721, 0.76, 0.76, 0.76, 0.76, 0.76, 0.76, 0.76, 0.76, 0.76, 0.76, 0.76, 0.76, 0.76, 0.76, 0.76, 0.76, 0.76, 0.76, 0.76, 0.76, 0.76, 0.76, 0.76, 0.76, 0.76, 0.76, 0.76, 0.76, 0.76, 0.76, 0.76, 0.76, 0.76, 0.76, 0.76, 0.76, 0.76, 0.76, 0.76, 0.76, 0.76, 0.76, 0.76, 0.76, 0.76, 0.76, 0.76, 0.76]","[0.033, 0.0, 0.0, 0.211, 0.0, 0.211, 0.25, 0.245, 0.025]","[8.04, -1.93, 0.05, 0.18]",8.04,-1.93,0.05,0.18,
2025-07-07,0,,20,Bpod5,228,118,110,119,108,181,95,86,98,82,46,22,24,0.793859649122807,0.8050847457627118,0.7818181818181819,227,117,110,133,72,61,0.6050420168067226,0.5648148148148148,93,46,47,0.3865546218487395,0.4351851851851852,0.7973568281938326,0.811965811965812,0.7818181818181819,0.8902439024390244,-0.03014763014763011,0.7368421052631579,0.8817204301075269,-0.14487832484436902,0.5849284158107687,0.41086990351696234,1,1,0,0.0043859649122807015,0.00847457627118644,0.0,181,95,86,452.5,237.5,215.0,0.0,0,8,0,0.3157894736842105,0.49999999999999983,"psych_curve(xdata=array([-70.,  -8.,  -4.,  -2.,   0.,   2.,   4.,   8.,  70.]), ydata=[0.057, 0.417, 0.4, 0.8, 0.667, 0.6, 0.571, 0.769, 0.831], fit=[0.05, 0.05, 0.05, 0.05, 0.05, 0.051, 0.051, 0.051, 0.051, 0.051, 0.051, 0.052, 0.052, 0.053, 0.053, 0.054, 0.054, 0.055, 0.056, 0.058, 0.059, 0.061, 0.063, 0.066, 0.069, 0.073, 0.077, 0.083, 0.089, 0.096, 0.105, 0.115, 0.127, 0.141, 0.156, 0.174, 0.195, 0.218, 0.243, 0.271, 0.301, 0.333, 0.367, 0.401, 0.437, 0.472, 0.506, 0.54, 0.572, 0.602, 0.629, 0.654, 0.677, 0.697, 0.715, 0.731, 0.744, 0.756, 0.766, 0.774, 0.782, 0.788, 0.793, 0.797, 0.801, 0.804, 0.807, 0.809, 0.811, 0.812, 0.814, 0.815, 0.816, 0.816, 0.817, 0.817, 0.818, 0.818, 0.819, 0.819, 0.819, 0.819, 0.819, 0.819, 0.82, 0.82, 0.82, 0.82, 0.82, 0.82, 0.82, 0.82, 0.82, 0.82, 0.82, 0.82, 0.82, 0.82, 0.82, 0.82], params=[0.13, -7.84, 0.05, 0.18], fit_error=[0.025, 0.149, 0.245, 0.133, 0.211, 0.163, 0.202, 0.122, 0.043])",[-70.  -8.  -4.  -2.   0.   2.   4.   8.  70.],"[0.057, 0.417, 0.4, 0.8, 0.667, 0.6, 0.571, 0.769, 0.831]","[0.05, 0.05, 0.05, 0.05, 0.05, 0.051, 0.051, 0.051, 0.051, 0.051, 0.051, 0.052, 0.052, 0.053, 0.053, 0.054, 0.054, 0.055, 0.056, 0.058, 0.059, 0.061, 0.063, 0.066, 0.069, 0.073, 0.077, 0.083, 0.089, 0.096, 0.105, 0.115, 0.127, 0.141, 0.156, 0.174, 0.195, 0.218, 0.243, 0.271, 0.301, 0.333, 0.367, 0.401, 0.437, 0.472, 0.506, 0.54, 0.572, 0.602, 0.629, 0.654, 0.677, 0.697, 0.715, 0.731, 0.744, 0.756, 0.766, 0.774, 0.782, 0.788, 0.793, 0.797, 0.801, 0.804, 0.807, 0.809, 0.811, 0.812, 0.814, 0.815, 0.816, 0.816, 0.817, 0.817, 0.818, 0.818, 0.819, 0.819, 0.819, 0.819, 0.819, 0.819, 0.82, 0.82, 0.82, 0.82, 0.82, 0.82, 0.82, 0.82, 0.82, 0.82, 0.82, 0.82, 0.82, 0.82, 0.82, 0.82]","[0.025, 0.149, 0.245, 0.133, 0.211, 0.163, 0.202, 0.122, 0.043]","[0.13, -7.84, 0.05, 0.18]",0.13,-7.84,0.05,0.18,"psych_curve(xdata=array([-70.,  -8.,  -4.,  -2.,  -0.,   2.,   4.,   8.,  70.]), ydata=[0.173, 0.5, 0.5, 0.769, 0.333, 0.714, 0.667, 0.909, 0.951], fit=[nan, nan, nan, nan, nan, nan, nan, nan, nan, nan, nan, nan, nan, nan, nan, nan, nan, nan, nan, nan, nan, nan, nan, nan, nan, nan, nan, nan, nan, nan, nan, nan, nan, nan, nan, nan, nan, nan, nan, nan, nan, nan, nan, nan, nan, nan, nan, nan, nan, nan, nan, nan, nan, nan, nan, nan, nan, nan, nan, nan, nan, nan, nan, nan, nan, nan, nan, nan, nan, nan, nan, nan, nan, nan, nan, nan, nan, nan, nan, nan, nan, nan, nan, nan, nan, nan, nan, nan, nan, nan, nan, nan, nan, nan, nan, nan, nan, nan, nan, nan], params=[0.12, -2.1, 0.18, 0.03], fit_error=[0.042, 0.139, 0.224, 0.122, 0.211, 0.184, 0.211, 0.091, 0.024])",[-70.  -8.  -4.  -2.   0.   2.   4.   8.  70.],"[0.057, 0.417, 0.4, 0.8, 0.667, 0.6, 0.571, 0.769, 0.831]","[0.05, 0.05, 0.05, 0.05, 0.05, 0.051, 0.051, 0.051, 0.051, 0.051, 0.051, 0.052, 0.052, 0.053, 0.053, 0.054, 0.054, 0.055, 0.056, 0.058, 0.059, 0.061, 0.063, 0.066, 0.069, 0.073, 0.077, 0.083, 0.089, 0.096, 0.105, 0.115, 0.127, 0.141, 0.156, 0.174, 0.195, 0.218, 0.243, 0.271, 0.301, 0.333, 0.367, 0.401, 0.437, 0.472, 0.506, 0.54, 0.572, 0.602, 0.629, 0.654, 0.677, 0.697, 0.715, 0.731, 0.744, 0.756, 0.766, 0.774, 0.782, 0.788, 0.793, 0.797, 0.801, 0.804, 0.807, 0.809, 0.811, 0.812, 0.814, 0.815, 0.816, 0.816, 0.817, 0.817, 0.818, 0.818, 0.819, 0.819, 0.819, 0.819, 0.819, 0.819, 0.82, 0.82, 0.82, 0.82, 0.82, 0.82, 0.82, 0.82, 0.82, 0.82, 0.82, 0.82, 0.82, 0.82, 0.82, 0.82]","[0.025, 0.149, 0.245, 0.133, 0.211, 0.163, 0.202, 0.122, 0.043]","[0.12, -2.1, 0.18, 0.03]",0.12,-2.1,0.18,0.03,
2025-07-08,1,,20,Bpod5,231,113,118,101,130,193,88,105,97,95,38,25,13,0.8354978354978355,0.7787610619469026,0.8898305084745762,231,113,118,126,48,78,0.4752475247524752,0.6,104,52,52,0.5148514851485149,0.4,0.8354978354978355,0.7787610619469026,0.8898305084745762,0.8914285714285715,0.11106944652767359,0.7698412698412699,0.9134615384615384,-0.14362026862026855,0.5376237623762377,0.45742574257425744,0,0,0,0.0,0.0,0.0,193,88,105,482.5,220.0,262.5,0.0,0,6,0,0.31385281385281383,0.49999999999999983,"psych_curve(xdata=array([-70.,  -8.,  -4.,  -2.,   0.,   2.,   4.,   8.,  70.]), ydata=[0.134, 0.25, 0.222, 0.5, 0.8, 0.778, 1.0, 0.833, 0.914], fit=[0.18, 0.18, 0.18, 0.18, 0.18, 0.18, 0.18, 0.18, 0.18, 0.18, 0.18, 0.18, 0.18, 0.18, 0.18, 0.18, 0.18, 0.18, 0.18, 0.18, 0.18, 0.18, 0.18, 0.18, 0.18, 0.18, 0.18, 0.18, 0.18, 0.18, 0.18, 0.18, 0.18, 0.18, 0.18, 0.18, 0.18, 0.18, 0.18, 0.18, 0.18, 0.18, 0.18, 0.18, 0.181, 0.186, 0.205, 0.277, 0.468, 0.709, 0.838, 0.877, 0.887, 0.889, 0.89, 0.89, 0.89, 0.89, 0.89, 0.89, 0.89, 0.89, 0.89, 0.89, 0.89, 0.89, 0.89, 0.89, 0.89, 0.89, 0.89, 0.89, 0.89, 0.89, 0.89, 0.89, 0.89, 0.89, 0.89, 0.89, 0.89, 0.89, 0.89, 0.89, 0.89, 0.89, 0.89, 0.89, 0.89, 0.89, 0.89, 0.89, 0.89, 0.89, 0.89, 0.89, 0.89, 0.89, 0.89, 0.89], params=[1.03, -1.75, 0.18, 0.11], fit_error=[0.038, 0.164, 0.147, 0.189, 0.133, 0.147, 0.0, 0.167, 0.029])",[-70.  -8.  -4.  -2.   0.   2.   4.   8.  70.],"[0.134, 0.25, 0.222, 0.5, 0.8, 0.778, 1.0, 0.833, 0.914]","[0.18, 0.18, 0.18, 0.18, 0.18, 0.18, 0.18, 0.18, 0.18, 0.18, 0.18, 0.18, 0.18, 0.18, 0.18, 0.18, 0.18, 0.18, 0.18, 0.18, 0.18, 0.18, 0.18, 0.18, 0.18, 0.18, 0.18, 0.18, 0.18, 0.18, 0.18, 0.18, 0.18, 0.18, 0.18, 0.18, 0.18, 0.18, 0.18, 0.18, 0.18, 0.18, 0.18, 0.18, 0.181, 0.186, 0.205, 0.277, 0.468, 0.709, 0.838, 0.877, 0.887, 0.889, 0.89, 0.89, 0.89, 0.89, 0.89, 0.89, 0.89, 0.89, 0.89, 0.89, 0.89, 0.89, 0.89, 0.89, 0.89, 0.89, 0.89, 0.89, 0.89, 0.89, 0.89, 0.89, 0.89, 0.89, 0.89, 0.89, 0.89, 0.89, 0.89, 0.89, 0.89, 0.89, 0.89, 0.89, 0.89, 0.89, 0.89, 0.89, 0.89, 0.89, 0.89, 0.89, 0.89, 0.89, 0.89, 0.89]","[0.038, 0.164, 0.147, 0.189, 0.133, 0.147, 0.0, 0.167, 0.029]","[1.03, -1.75, 0.18, 0.11]",1.03,-1.75,0.18,0.11,"psych_curve(xdata=array([-70.,  -8.,  -4.,  -2.,   0.,   2.,   4.,   8.,  70.]), ydata=[0.172, 0.167, 0.5, 0.444, 0.6, 0.75, 1.0, 0.5, 0.963], fit=[nan, nan, nan, nan, nan, nan, nan, nan, nan, nan, nan, nan, nan, nan, nan, nan, nan, nan, nan, nan, nan, nan, nan, nan, nan, nan, nan, nan, nan, nan, nan, nan, nan, nan, nan, nan, nan, nan, nan, nan, nan, nan, nan, nan, nan, nan, nan, nan, nan, nan, nan, nan, nan, nan, nan, nan, nan, nan, nan, nan, nan, nan, nan, nan, nan, nan, nan, nan, nan, nan, nan, nan, nan, nan, nan, nan, nan, nan, nan, nan, nan, nan, nan, nan, nan, nan, nan, nan, nan, nan, nan, nan, nan, nan, nan, nan, nan, nan, nan, nan], params=[0.42, -2.58, 0.16, 0.18], fit_error=[0.039, 0.112, 0.289, 0.176, 0.163, 0.164, 0.0, 0.5, 0.021])",[-70.  -8.  -4.  -2.   0.   2.   4.   8.  70.],"[0.134, 0.25, 0.222, 0.5, 0.8, 0.778, 1.0, 0.833, 0.914]","[0.18, 0.18, 0.18, 0.18, 0.18, 0.18, 0.18, 0.18, 0.18, 0.18, 0.18, 0.18, 0.18, 0.18, 0.18, 0.18, 0.18, 0.18, 0.18, 0.18, 0.18, 0.18, 0.18, 0.18, 0.18, 0.18, 0.18, 0.18, 0.18, 0.18, 0.18, 0.18, 0.18, 0.18, 0.18, 0.18, 0.18, 0.18, 0.18, 0.18, 0.18, 0.18, 0.18, 0.18, 0.181, 0.186, 0.205, 0.277, 0.468, 0.709, 0.838, 0.877, 0.887, 0.889, 0.89, 0.89, 0.89, 0.89, 0.89, 0.89, 0.89, 0.89, 0.89, 0.89, 0.89, 0.89, 0.89, 0.89, 0.89, 0.89, 0.89, 0.89, 0.89, 0.89, 0.89, 0.89, 0.89, 0.89, 0.89, 0.89, 0.89, 0.89, 0.89, 0.89, 0.89, 0.89, 0.89, 0.89, 0.89, 0.89, 0.89, 0.89, 0.89, 0.89, 0.89, 0.89, 0.89, 0.89, 0.89, 0.89]","[0.038, 0.164, 0.147, 0.189, 0.133, 0.147, 0.0, 0.167, 0.029]","[0.42, -2.58, 0.16, 0.18]",0.42,-2.58,0.16,0.18,
2025-07-09,2,,20,Bpod5,230,117,113,100,130,189,88,101,110,78,41,29,12,0.8217391304347826,0.7521367521367521,0.8938053097345132,230,117,113,141,55,86,0.55,0.6615384615384615,88,44,44,0.44,0.3384615384615385,0.8217391304347826,0.7521367521367521,0.8938053097345132,0.8896103896103896,0.1416685575977611,0.7801418439716312,0.8863636363636364,-0.10622179239200513,0.6057692307692308,0.38923076923076927,0,0,0,0.0,0.0,0.0,189,88,101,472.5,220.0,252.5,0.0,0,0,0,0.38695652173913037,0.49999999999999983,"psych_curve(xdata=array([-70.,  -8.,  -4.,  -2.,   0.,   2.,   4.,   8.,  70.]), ydata=[0.169, 0.308, 0.308, 0.381, 0.444, 0.667, 0.833, 0.875, 0.933], fit=[0.24, 0.24, 0.24, 0.24, 0.24, 0.24, 0.24, 0.24, 0.24, 0.24, 0.24, 0.24, 0.24, 0.24, 0.24, 0.24, 0.24, 0.24, 0.24, 0.24, 0.24, 0.24, 0.24, 0.24, 0.24, 0.24, 0.24, 0.24, 0.24, 0.24, 0.24, 0.24, 0.24, 0.24, 0.24, 0.24, 0.24, 0.24, 0.24, 0.24, 0.24, 0.241, 0.242, 0.243, 0.247, 0.254, 0.268, 0.296, 0.347, 0.431, 0.545, 0.668, 0.77, 0.839, 0.879, 0.9, 0.91, 0.915, 0.918, 0.919, 0.919, 0.92, 0.92, 0.92, 0.92, 0.92, 0.92, 0.92, 0.92, 0.92, 0.92, 0.92, 0.92, 0.92, 0.92, 0.92, 0.92, 0.92, 0.92, 0.92, 0.92, 0.92, 0.92, 0.92, 0.92, 0.92, 0.92, 0.92, 0.92, 0.92, 0.92, 0.92, 0.92, 0.92, 0.92, 0.92, 0.92, 0.92, 0.92, 0.92], params=[0.52, 1.1, 0.24, 0.08], fit_error=[0.047, 0.133, 0.133, 0.109, 0.176, 0.211, 0.167, 0.125, 0.027])",[-70.  -8.  -4.  -2.   0.   2.   4.   8.  70.],"[0.169, 0.308, 0.308, 0.381, 0.444, 0.667, 0.833, 0.875, 0.933]","[0.24, 0.24, 0.24, 0.24, 0.24, 0.24, 0.24, 0.24, 0.24, 0.24, 0.24, 0.24, 0.24, 0.24, 0.24, 0.24, 0.24, 0.24, 0.24, 0.24, 0.24, 0.24, 0.24, 0.24, 0.24, 0.24, 0.24, 0.24, 0.24, 0.24, 0.24, 0.24, 0.24, 0.24, 0.24, 0.24, 0.24, 0.24, 0.24, 0.24, 0.24, 0.241, 0.242, 0.243, 0.247, 0.254, 0.268, 0.296, 0.347, 0.431, 0.545, 0.668, 0.77, 0.839, 0.879, 0.9, 0.91, 0.915, 0.918, 0.919, 0.919, 0.92, 0.92, 0.92, 0.92, 0.92, 0.92, 0.92, 0.92, 0.92, 0.92, 0.92, 0.92, 0.92, 0.92, 0.92, 0.92, 0.92, 0.92, 0.92, 0.92, 0.92, 0.92, 0.92, 0.92, 0.92, 0.92, 0.92, 0.92, 0.92, 0.92, 0.92, 0.92, 0.92, 0.92, 0.92, 0.92, 0.92, 0.92, 0.92]","[0.047, 0.133, 0.133, 0.109, 0.176, 0.211, 0.167, 0.125, 0.027]","[0.52, 1.1, 0.24, 0.08]",0.52,1.1,0.24,0.08,"psych_curve(xdata=array([-70.,  -8.,  -4.,  -2.,  -0.,   2.,   4.,   8.,  70.]), ydata=[0.187, 0.3, 0.6, 0.615, 0.556, 0.857, 0.857, 0.818, 0.962], fit=[nan, nan, nan, nan, nan, nan, nan, nan, nan, nan, nan, nan, nan, nan, nan, nan, nan, nan, nan, nan, nan, nan, nan, nan, nan, nan, nan, nan, nan, nan, nan, nan, nan, nan, nan, nan, nan, nan, nan, nan, nan, nan, nan, nan, nan, nan, nan, nan, nan, nan, nan, nan, nan, nan, nan, nan, nan, nan, nan, nan, nan, nan, nan, nan, nan, nan, nan, nan, nan, nan, nan, nan, nan, nan, nan, nan, nan, nan, nan, nan, nan, nan, nan, nan, nan, nan, nan, nan, nan, nan, nan, nan, nan, nan, nan, nan, nan, nan, nan, nan], params=[0.25, -3.14, 0.18, 0.07], fit_error=[0.045, 0.153, 0.245, 0.14, 0.176, 0.097, 0.097, 0.122, 0.022])",[-70.  -8.  -4.  -2.   0.   2.   4.   8.  70.],"[0.169, 0.308, 0.308, 0.381, 0.444, 0.667, 0.833, 0.875, 0.933]","[0.24, 0.24, 0.24, 0.24, 0.24, 0.24, 0.24, 0.24, 0.24, 0.24, 0.24, 0.24, 0.24, 0.24, 0.24, 0.24, 0.24, 0.24, 0.24, 0.24, 0.24, 0.24, 0.24, 0.24, 0.24, 0.24, 0.24, 0.24, 0.24, 0.24, 0.24, 0.24, 0.24, 0.24, 0.24, 0.24, 0.24, 0.24, 0.24, 0.24, 0.24, 0.241, 0.242, 0.243, 0.247, 0.254, 0.268, 0.296, 0.347, 0.431, 0.545, 0.668, 0.77, 0.839, 0.879, 0.9, 0.91, 0.915, 0.918, 0.919, 0.919, 0.92, 0.92, 0.92, 0.92, 0.92, 0.92, 0.92, 0.92, 0.92, 0.92, 0.92, 0.92, 0.92, 0.92, 0.92, 0.92, 0.92, 0.92, 0.92, 0.92, 0.92, 0.92, 0.92, 0.92, 0.92, 0.92, 0.92, 0.92, 0.92, 0.92, 0.92, 0.92, 0.92, 0.92, 0.92, 0.92, 0.92, 0.92, 0.92]","[0.047, 0.133, 0.133, 0.109, 0.176, 0.211, 0.167, 0.125, 0.027]","[0.25, -3.14, 0.18, 0.07]",0.25,-3.14,0.18,0.07,
2025-07-10,3,,20,Bpod5,232,126,106,142,90,196,116,80,102,93,36,10,26,0.8448275862068966,0.9206349206349206,0.7547169811320755,232,126,106,128,90,38,0.6338028169014085,0.4222222222222222,103,51,52,0.3591549295774648,0.5777777777777777,0.8448275862068966,0.9206349206349206,0.7547169811320755,0.9150326797385621,-0.16591793950284506,0.796875,0.9029126213592233,-0.10603762135922334,0.5280125195618154,0.46846635367762124,0,0,0,0.0,0.0,0.0,196,116,80,490.0,290.0,200.0,0.0,0,0,0,0.46120689655172414,0.4999999999999999,"psych_curve(xdata=array([-70.,  -8.,  -4.,  -2.,   0.,   2.,   4.,   8.,  70.]), ydata=[0.036, 0.0, 0.1, 0.235, 0.4, 0.571, 0.533, 0.6, 0.857], fit=[-0.02, -0.02, -0.02, -0.02, -0.02, -0.02, -0.02, -0.02, -0.02, -0.02, -0.02, -0.02, -0.02, -0.02, -0.02, -0.02, -0.02, -0.02, -0.02, -0.02, -0.02, -0.02, -0.02, -0.02, -0.02, -0.02, -0.02, -0.02, -0.02, -0.02, -0.02, -0.02, -0.02, -0.019, -0.019, -0.018, -0.018, -0.016, -0.015, -0.012, -0.008, -0.001, 0.008, 0.023, 0.043, 0.073, 0.114, 0.168, 0.236, 0.314, 0.398, 0.481, 0.555, 0.617, 0.665, 0.701, 0.727, 0.744, 0.756, 0.764, 0.77, 0.773, 0.776, 0.777, 0.778, 0.779, 0.779, 0.779, 0.78, 0.78, 0.78, 0.78, 0.78, 0.78, 0.78, 0.78, 0.78, 0.78, 0.78, 0.78, 0.78, 0.78, 0.78, 0.78, 0.78, 0.78, 0.78, 0.78, 0.78, 0.78, 0.78, 0.78, 0.78, 0.78, 0.78, 0.78, 0.78, 0.78, 0.78, 0.78], params=[0.3, 0.4, -0.02, 0.22], fit_error=[0.021, 0.0, 0.1, 0.106, 0.163, 0.202, 0.133, 0.163, 0.042])",[-70.  -8.  -4.  -2.   0.   2.   4.   8.  70.],"[0.036, 0.0, 0.1, 0.235, 0.4, 0.571, 0.533, 0.6, 0.857]","[-0.02, -0.02, -0.02, -0.02, -0.02, -0.02, -0.02, -0.02, -0.02, -0.02, -0.02, -0.02, -0.02, -0.02, -0.02, -0.02, -0.02, -0.02, -0.02, -0.02, -0.02, -0.02, -0.02, -0.02, -0.02, -0.02, -0.02, -0.02, -0.02, -0.02, -0.02, -0.02, -0.02, -0.019, -0.019, -0.018, -0.018, -0.016, -0.015, -0.012, -0.008, -0.001, 0.008, 0.023, 0.043, 0.073, 0.114, 0.168, 0.236, 0.314, 0.398, 0.481, 0.555, 0.617, 0.665, 0.701, 0.727, 0.744, 0.756, 0.764, 0.77, 0.773, 0.776, 0.777, 0.778, 0.779, 0.779, 0.779, 0.78, 0.78, 0.78, 0.78, 0.78, 0.78, 0.78, 0.78, 0.78, 0.78, 0.78, 0.78, 0.78, 0.78, 0.78, 0.78, 0.78, 0.78, 0.78, 0.78, 0.78, 0.78, 0.78, 0.78, 0.78, 0.78, 0.78, 0.78, 0.78, 0.78, 0.78, 0.78]","[0.021, 0.0, 0.1, 0.106, 0.163, 0.202, 0.133, 0.163, 0.042]","[0.3, 0.4, -0.02, 0.22]",0.3,0.4,-0.02,0.22,"psych_curve(xdata=array([-70.,  -8.,  -4.,  -2.,  -0.,   2.,   4.,   8.,  70.]), ydata=[0.143, 0.222, 0.455, 0.444, 0.6, 0.8, 0.786, 0.818, 0.985], fit=[nan, nan, nan, nan, nan, nan, nan, nan, nan, nan, nan, nan, nan, nan, nan, nan, nan, nan, nan, nan, nan, nan, nan, nan, nan, nan, nan, nan, nan, nan, nan, nan, nan, nan, nan, nan, nan, nan, nan, nan, nan, nan, nan, nan, nan, nan, nan, nan, nan, nan, nan, nan, nan, nan, nan, nan, nan, nan, nan, nan, nan, nan, nan, nan, nan, nan, nan, nan, nan, nan, nan, nan, nan, nan, nan, nan, nan, nan, nan, nan, nan, nan, nan, nan, nan, nan, nan, nan, nan, nan, nan, nan, nan, nan, nan, nan, nan, nan, nan, nan], params=[0.27, -1.4, 0.13, 0.05], fit_error=[0.038, 0.147, 0.157, 0.176, 0.163, 0.107, 0.114, 0.122, 0.015])",[-70.  -8.  -4.  -2.   0.   2.   4.   8.  70.],"[0.036, 0.0, 0.1, 0.235, 0.4, 0.571, 0.533, 0.6, 0.857]","[-0.02, -0.02, -0.02, -0.02, -0.02, -0.02, -0.02, -0.02, -0.02, -0.02, -0.02, -0.02, -0.02, -0.02, -0.02, -0.02, -0.02, -0.02, -0.02, -0.02, -0.02, -0.02, -0.02, -0.02, -0.02, -0.02, -0.02, -0.02, -0.02, -0.02, -0.02, -0.02, -0.02, -0.019, -0.019, -0.018, -0.018, -0.016, -0.015, -0.012, -0.008, -0.001, 0.008, 0.023, 0.043, 0.073, 0.114, 0.168, 0.236, 0.314, 0.398, 0.481, 0.555, 0.617, 0.665, 0.701, 0.727, 0.744, 0.756, 0.764, 0.77, 0.773, 0.776, 0.777, 0.778, 0.779, 0.779, 0.779, 0.78, 0.78, 0.78, 0.78, 0.78, 0.78, 0.78, 0.78, 0.78, 0.78, 0.78, 0.78, 0.78, 0.78, 0.78, 0.78, 0.78, 0.78, 0.78, 0.78, 0.78, 0.78, 0.78, 0.78, 0.78, 0.78, 0.78, 0.78, 0.78, 0.78, 0.78, 0.78]","[0.021, 0.0, 0.1, 0.106, 0.163, 0.202, 0.133, 0.163, 0.042]","[0.27, -1.4, 0.13, 0.05]",0.27,-1.4,0.13,0.05,
2025-07-11,4,,20,Bpod5,228,100,128,116,111,179,84,95,93,84,48,16,32,0.7850877192982456,0.84,0.7421875,227,100,127,125,65,60,0.5603448275862069,0.5405405405405406,100,50,50,0.43103448275862066,0.45045045045045046,0.788546255506608,0.84,0.7480314960629921,0.85625,-0.09196850393700784,0.744,0.84,-0.09599999999999997,0.5504426840633737,0.44074246660453553,1,0,1,0.0043859649122807015,0.0,0.0078125,179,84,95,447.5,210.0,237.5,0.0,0,0,0,0.47368421052631576,0.49999999999999983,"psych_curve(xdata=array([-70.,  -8.,  -4.,  -2.,   0.,   2.,   4.,   8.,  70.]), ydata=[0.101, 0.333, 0.091, 0.444, 0.375, 0.25, 0.667, 1.0, 0.824], fit=[0.27, 0.27, 0.27, 0.27, 0.27, 0.27, 0.27, 0.27, 0.27, 0.27, 0.27, 0.27, 0.27, 0.27, 0.27, 0.27, 0.27, 0.27, 0.27, 0.27, 0.27, 0.27, 0.27, 0.27, 0.27, 0.27, 0.27, 0.27, 0.27, 0.27, 0.27, 0.27, 0.27, 0.27, 0.27, 0.27, 0.27, 0.27, 0.27, 0.27, 0.27, 0.27, 0.27, 0.27, 0.27, 0.27, 0.27, 0.27, 0.27, 0.27, 0.27, 0.27, 0.319, 0.909, 0.91, 0.91, 0.91, 0.91, 0.91, 0.91, 0.91, 0.91, 0.91, 0.91, 0.91, 0.91, 0.91, 0.91, 0.91, 0.91, 0.91, 0.91, 0.91, 0.91, 0.91, 0.91, 0.91, 0.91, 0.91, 0.91, 0.91, 0.91, 0.91, 0.91, 0.91, 0.91, 0.91, 0.91, 0.91, 0.91, 0.91, 0.91, 0.91, 0.91, 0.91, 0.91, 0.91, 0.91, 0.91, 0.91], params=[6.47, 3.92, 0.27, 0.09], fit_error=[0.037, 0.211, 0.091, 0.176, 0.125, 0.164, 0.167, 0.0, 0.04])",[-70.  -8.  -4.  -2.   0.   2.   4.   8.  70.],"[0.101, 0.333, 0.091, 0.444, 0.375, 0.25, 0.667, 1.0, 0.824]","[0.27, 0.27, 0.27, 0.27, 0.27, 0.27, 0.27, 0.27, 0.27, 0.27, 0.27, 0.27, 0.27, 0.27, 0.27, 0.27, 0.27, 0.27, 0.27, 0.27, 0.27, 0.27, 0.27, 0.27, 0.27, 0.27, 0.27, 0.27, 0.27, 0.27, 0.27, 0.27, 0.27, 0.27, 0.27, 0.27, 0.27, 0.27, 0.27, 0.27, 0.27, 0.27, 0.27, 0.27, 0.27, 0.27, 0.27, 0.27, 0.27, 0.27, 0.27, 0.27, 0.319, 0.909, 0.91, 0.91, 0.91, 0.91, 0.91, 0.91, 0.91, 0.91, 0.91, 0.91, 0.91, 0.91, 0.91, 0.91, 0.91, 0.91, 0.91, 0.91, 0.91, 0.91, 0.91, 0.91, 0.91, 0.91, 0.91, 0.91, 0.91, 0.91, 0.91, 0.91, 0.91, 0.91, 0.91, 0.91, 0.91, 0.91, 0.91, 0.91, 0.91, 0.91, 0.91, 0.91, 0.91, 0.91, 0.91, 0.91]","[0.037, 0.211, 0.091, 0.176, 0.125, 0.164, 0.167, 0.0, 0.04]","[6.47, 3.92, 0.27, 0.09]",6.47,3.92,0.27,0.09,"psych_curve(xdata=array([-70.,  -8.,  -4.,  -2.,   0.,   2.,   4.,   8.,  70.]), ydata=[0.188, 0.286, 0.333, 0.7, 0.562, 0.571, 0.857, 1.0, 0.904], fit=[nan, nan, nan, nan, nan, nan, nan, nan, nan, nan, nan, nan, nan, nan, nan, nan, nan, nan, nan, nan, nan, nan, nan, nan, nan, nan, nan, nan, nan, nan, nan, nan, nan, nan, nan, nan, nan, nan, nan, nan, nan, nan, nan, nan, nan, nan, nan, nan, nan, nan, nan, nan, nan, nan, nan, nan, nan, nan, nan, nan, nan, nan, nan, nan, nan, nan, nan, nan, nan, nan, nan, nan, nan, nan, nan, nan, nan, nan, nan, nan, nan, nan, nan, nan, nan, nan, nan, nan, nan, nan, nan, nan, nan, nan, nan, nan, nan, nan, nan, nan], params=[0.28, -0.77, 0.19, 0.04], fit_error=[0.043, 0.184, 0.211, 0.153, 0.128, 0.202, 0.097, 0.0, 0.035])",[-70.  -8.  -4.  -2.   0.   2.   4.   8.  70.],"[0.101, 0.333, 0.091, 0.444, 0.375, 0.25, 0.667, 1.0, 0.824]","[0.27, 0.27, 0.27, 0.27, 0.27, 0.27, 0.27, 0.27, 0.27, 0.27, 0.27, 0.27, 0.27, 0.27, 0.27, 0.27, 0.27, 0.27, 0.27, 0.27, 0.27, 0.27, 0.27, 0.27, 0.27, 0.27, 0.27, 0.27, 0.27, 0.27, 0.27, 0.27, 0.27, 0.27, 0.27, 0.27, 0.27, 0.27, 0.27, 0.27, 0.27, 0.27, 0.27, 0.27, 0.27, 0.27, 0.27, 0.27, 0.27, 0.27, 0.27, 0.27, 0.319, 0.909, 0.91, 0.91, 0.91, 0.91, 0.91, 0.91, 0.91, 0.91, 0.91, 0.91, 0.91, 0.91, 0.91, 0.91, 0.91, 0.91, 0.91, 0.91, 0.91, 0.91, 0.91, 0.91, 0.91, 0.91, 0.91, 0.91, 0.91, 0.91, 0.91, 0.91, 0.91, 0.91, 0.91, 0.91, 0.91, 0.91, 0.91, 0.91, 0.91, 0.91, 0.91, 0.91, 0.91, 0.91, 0.91, 0.91]","[0.037, 0.211, 0.091, 0.176, 0.125, 0.164, 0.167, 0.0, 0.04]","[0.28, -0.77, 0.19, 0.04]",0.28,-0.77,0.19,0.04,
2025-07-14,0,,20,Bpod5,227,111,116,130,97,176,95,81,96,79,51,16,35,0.775330396475771,0.8558558558558559,0.6982758620689655,227,111,116,132,82,50,0.6307692307692307,0.5154639175257731,94,47,47,0.36153846153846153,0.4845360824742268,0.775330396475771,0.8558558558558559,0.6982758620689655,0.8541666666666666,-0.15757999378689036,0.7272727272727273,0.8404255319148937,-0.11315280464216637,0.573116574147502,0.42303727200634417,0,0,0,0.0,0.0,0.0,176,95,81,440.0,237.5,202.5,0.0,0,0,0,0.5,0.4999999999999999,"psych_curve(xdata=array([-70.,  -8.,  -4.,  -2.,   0.,   2.,   4.,   8.,  70.]), ydata=[0.068, 0.222, 0.1, 0.417, 0.312, 0.667, 0.688, 0.625, 0.775], fit=[0.13, 0.13, 0.13, 0.13, 0.13, 0.13, 0.13, 0.13, 0.13, 0.13, 0.13, 0.13, 0.13, 0.13, 0.13, 0.13, 0.13, 0.13, 0.13, 0.13, 0.13, 0.13, 0.13, 0.13, 0.13, 0.13, 0.13, 0.13, 0.13, 0.13, 0.13, 0.13, 0.13, 0.13, 0.13, 0.13, 0.13, 0.13, 0.13, 0.13, 0.13, 0.131, 0.132, 0.134, 0.138, 0.148, 0.169, 0.209, 0.281, 0.384, 0.499, 0.594, 0.655, 0.689, 0.706, 0.713, 0.717, 0.719, 0.719, 0.72, 0.72, 0.72, 0.72, 0.72, 0.72, 0.72, 0.72, 0.72, 0.72, 0.72, 0.72, 0.72, 0.72, 0.72, 0.72, 0.72, 0.72, 0.72, 0.72, 0.72, 0.72, 0.72, 0.72, 0.72, 0.72, 0.72, 0.72, 0.72, 0.72, 0.72, 0.72, 0.72, 0.72, 0.72, 0.72, 0.72, 0.72, 0.72, 0.72, 0.72], params=[0.56, -0.21, 0.13, 0.28], fit_error=[0.03, 0.147, 0.1, 0.149, 0.12, 0.142, 0.12, 0.183, 0.05])",[-70.  -8.  -4.  -2.   0.   2.   4.   8.  70.],"[0.068, 0.222, 0.1, 0.417, 0.312, 0.667, 0.688, 0.625, 0.775]","[0.13, 0.13, 0.13, 0.13, 0.13, 0.13, 0.13, 0.13, 0.13, 0.13, 0.13, 0.13, 0.13, 0.13, 0.13, 0.13, 0.13, 0.13, 0.13, 0.13, 0.13, 0.13, 0.13, 0.13, 0.13, 0.13, 0.13, 0.13, 0.13, 0.13, 0.13, 0.13, 0.13, 0.13, 0.13, 0.13, 0.13, 0.13, 0.13, 0.13, 0.13, 0.131, 0.132, 0.134, 0.138, 0.148, 0.169, 0.209, 0.281, 0.384, 0.499, 0.594, 0.655, 0.689, 0.706, 0.713, 0.717, 0.719, 0.719, 0.72, 0.72, 0.72, 0.72, 0.72, 0.72, 0.72, 0.72, 0.72, 0.72, 0.72, 0.72, 0.72, 0.72, 0.72, 0.72, 0.72, 0.72, 0.72, 0.72, 0.72, 0.72, 0.72, 0.72, 0.72, 0.72, 0.72, 0.72, 0.72, 0.72, 0.72, 0.72, 0.72, 0.72, 0.72, 0.72, 0.72, 0.72, 0.72, 0.72, 0.72]","[0.03, 0.147, 0.1, 0.149, 0.12, 0.142, 0.12, 0.183, 0.05]","[0.56, -0.21, 0.13, 0.28]",0.56,-0.21,0.13,0.28,"psych_curve(xdata=array([-70.,  -8.,  -4.,  -2.,  -0.,   2.,   4.,   8.,  70.]), ydata=[0.227, 0.25, 0.312, 0.5, 0.562, 0.8, 0.9, 0.667, 0.922], fit=[nan, nan, nan, nan, nan, nan, nan, nan, nan, nan, nan, nan, nan, nan, nan, nan, nan, nan, nan, nan, nan, nan, nan, nan, nan, nan, nan, nan, nan, nan, nan, nan, nan, nan, nan, nan, nan, nan, nan, nan, nan, nan, nan, nan, nan, nan, nan, nan, nan, nan, nan, nan, nan, nan, nan, nan, nan, nan, nan, nan, nan, nan, nan, nan, nan, nan, nan, nan, nan, nan, nan, nan, nan, nan, nan, nan, nan, nan, nan, nan, nan, nan, nan, nan, nan, nan, nan, nan, nan, nan, nan, nan, nan, nan, nan, nan, nan, nan, nan, nan], params=[0.62, -1.1, 0.24, 0.16], fit_error=[0.052, 0.164, 0.12, 0.139, 0.128, 0.133, 0.1, 0.167, 0.031])",[-70.  -8.  -4.  -2.   0.   2.   4.   8.  70.],"[0.068, 0.222, 0.1, 0.417, 0.312, 0.667, 0.688, 0.625, 0.775]","[0.13, 0.13, 0.13, 0.13, 0.13, 0.13, 0.13, 0.13, 0.13, 0.13, 0.13, 0.13, 0.13, 0.13, 0.13, 0.13, 0.13, 0.13, 0.13, 0.13, 0.13, 0.13, 0.13, 0.13, 0.13, 0.13, 0.13, 0.13, 0.13, 0.13, 0.13, 0.13, 0.13, 0.13, 0.13, 0.13, 0.13, 0.13, 0.13, 0.13, 0.13, 0.131, 0.132, 0.134, 0.138, 0.148, 0.169, 0.209, 0.281, 0.384, 0.499, 0.594, 0.655, 0.689, 0.706, 0.713, 0.717, 0.719, 0.719, 0.72, 0.72, 0.72, 0.72, 0.72, 0.72, 0.72, 0.72, 0.72, 0.72, 0.72, 0.72, 0.72, 0.72, 0.72, 0.72, 0.72, 0.72, 0.72, 0.72, 0.72, 0.72, 0.72, 0.72, 0.72, 0.72, 0.72, 0.72, 0.72, 0.72, 0.72, 0.72, 0.72, 0.72, 0.72, 0.72, 0.72, 0.72, 0.72, 0.72, 0.72]","[0.03, 0.147, 0.1, 0.149, 0.12, 0.142, 0.12, 0.183, 0.05]","[0.62, -1.1, 0.24, 0.16]",0.62,-1.1,0.24,0.16,
2025-07-15,1,,20,Bpod5,229,116,113,153,76,184,112,72,99,84,45,4,41,0.8034934497816594,0.9655172413793104,0.6371681415929203,229,116,113,133,105,28,0.6862745098039216,0.3684210526315789,95,47,48,0.30718954248366015,0.631578947368421,0.8034934497816594,0.9655172413793104,0.6371681415929203,0.9013157894736842,-0.32834909978639004,0.7443609022556391,0.8842105263157894,-0.13984962406015033,0.5273477812177503,0.4693842449260406,0,0,0,0.0,0.0,0.0,184,112,72,460.0,280.0,180.0,0.0,0,0,0,0.5,0.4999999999999999,"psych_curve(xdata=array([-70.,  -8.,  -4.,  -2.,   0.,   2.,   4.,   8.,  70.]), ydata=[0.027, 0.111, 0.0, 0.056, 0.091, 0.167, 0.375, 0.2, 0.831], fit=[0.01, 0.01, 0.01, 0.01, 0.01, 0.01, 0.01, 0.01, 0.01, 0.01, 0.01, 0.01, 0.01, 0.01, 0.01, 0.01, 0.01, 0.01, 0.01, 0.011, 0.011, 0.011, 0.011, 0.011, 0.011, 0.012, 0.012, 0.012, 0.013, 0.013, 0.014, 0.015, 0.016, 0.017, 0.018, 0.02, 0.022, 0.024, 0.027, 0.03, 0.034, 0.039, 0.045, 0.051, 0.059, 0.069, 0.079, 0.092, 0.107, 0.123, 0.143, 0.164, 0.189, 0.216, 0.245, 0.277, 0.311, 0.347, 0.384, 0.422, 0.459, 0.496, 0.532, 0.566, 0.598, 0.627, 0.654, 0.678, 0.699, 0.718, 0.735, 0.749, 0.762, 0.772, 0.781, 0.789, 0.796, 0.801, 0.806, 0.81, 0.813, 0.816, 0.818, 0.82, 0.822, 0.823, 0.824, 0.825, 0.826, 0.827, 0.827, 0.828, 0.828, 0.828, 0.829, 0.829, 0.829, 0.829, 0.829, 0.829], params=[0.13, 13.37, 0.01, 0.17], fit_error=[0.019, 0.111, 0.0, 0.056, 0.091, 0.112, 0.183, 0.133, 0.043])",[-70.  -8.  -4.  -2.   0.   2.   4.   8.  70.],"[0.027, 0.111, 0.0, 0.056, 0.091, 0.167, 0.375, 0.2, 0.831]","[0.01, 0.01, 0.01, 0.01, 0.01, 0.01, 0.01, 0.01, 0.01, 0.01, 0.01, 0.01, 0.01, 0.01, 0.01, 0.01, 0.01, 0.01, 0.01, 0.011, 0.011, 0.011, 0.011, 0.011, 0.011, 0.012, 0.012, 0.012, 0.013, 0.013, 0.014, 0.015, 0.016, 0.017, 0.018, 0.02, 0.022, 0.024, 0.027, 0.03, 0.034, 0.039, 0.045, 0.051, 0.059, 0.069, 0.079, 0.092, 0.107, 0.123, 0.143, 0.164, 0.189, 0.216, 0.245, 0.277, 0.311, 0.347, 0.384, 0.422, 0.459, 0.496, 0.532, 0.566, 0.598, 0.627, 0.654, 0.678, 0.699, 0.718, 0.735, 0.749, 0.762, 0.772, 0.781, 0.789, 0.796, 0.801, 0.806, 0.81, 0.813, 0.816, 0.818, 0.82, 0.822, 0.823, 0.824, 0.825, 0.826, 0.827, 0.827, 0.828, 0.828, 0.828, 0.829, 0.829, 0.829, 0.829, 0.829, 0.829]","[0.019, 0.111, 0.0, 0.056, 0.091, 0.112, 0.183, 0.133, 0.043]","[0.13, 13.37, 0.01, 0.17]",0.13,13.37,0.01,0.17,"psych_curve(xdata=array([-70.,  -8.,  -4.,  -2.,   0.,   2.,   4.,   8.,  70.]), ydata=[0.153, 0.6, 0.375, 0.75, 0.818, 0.889, 0.778, 0.667, 0.97], fit=[nan, nan, nan, nan, nan, nan, nan, nan, nan, nan, nan, nan, nan, nan, nan, nan, nan, nan, nan, nan, nan, nan, nan, nan, nan, nan, nan, nan, nan, nan, nan, nan, nan, nan, nan, nan, nan, nan, nan, nan, nan, nan, nan, nan, nan, nan, nan, nan, nan, nan, nan, nan, nan, nan, nan, nan, nan, nan, nan, nan, nan, nan, nan, nan, nan, nan, nan, nan, nan, nan, nan, nan, nan, nan, nan, nan, nan, nan, nan, nan, nan, nan, nan, nan, nan, nan, nan, nan, nan, nan, nan, nan, nan, nan, nan, nan, nan, nan, nan, nan], params=[0.11, -7.98, 0.15, 0.05], fit_error=[0.039, 0.163, 0.183, 0.131, 0.122, 0.076, 0.147, 0.167, 0.021])",[-70.  -8.  -4.  -2.   0.   2.   4.   8.  70.],"[0.027, 0.111, 0.0, 0.056, 0.091, 0.167, 0.375, 0.2, 0.831]","[0.01, 0.01, 0.01, 0.01, 0.01, 0.01, 0.01, 0.01, 0.01, 0.01, 0.01, 0.01, 0.01, 0.01, 0.01, 0.01, 0.01, 0.01, 0.01, 0.011, 0.011, 0.011, 0.011, 0.011, 0.011, 0.012, 0.012, 0.012, 0.013, 0.013, 0.014, 0.015, 0.016, 0.017, 0.018, 0.02, 0.022, 0.024, 0.027, 0.03, 0.034, 0.039, 0.045, 0.051, 0.059, 0.069, 0.079, 0.092, 0.107, 0.123, 0.143, 0.164, 0.189, 0.216, 0.245, 0.277, 0.311, 0.347, 0.384, 0.422, 0.459, 0.496, 0.532, 0.566, 0.598, 0.627, 0.654, 0.678, 0.699, 0.718, 0.735, 0.749, 0.762, 0.772, 0.781, 0.789, 0.796, 0.801, 0.806, 0.81, 0.813, 0.816, 0.818, 0.82, 0.822, 0.823, 0.824, 0.825, 0.826, 0.827, 0.827, 0.828, 0.828, 0.828, 0.829, 0.829, 0.829, 0.829, 0.829, 0.829]","[0.019, 0.111, 0.0, 0.056, 0.091, 0.112, 0.183, 0.133, 0.043]","[0.11, -7.98, 0.15, 0.05]",0.11,-7.98,0.15,0.05,0.0
2025-07-16,2,,20,Bpod5,343,167,176,194,149,272,145,127,142,129,71,22,49,0.793002915451895,0.8682634730538922,0.7215909090909091,343,167,176,184,114,70,0.5876288659793815,0.4697986577181208,158,79,79,0.4072164948453608,0.5302013422818792,0.793002915451895,0.8682634730538922,0.7215909090909091,0.920704845814978,-0.14667256396298312,0.7717391304347826,0.8164556962025317,-0.04471656576774907,0.5287137618487512,0.46870891856362,0,0,0,0.0,0.0,0.0,272,145,127,680.0,362.5,317.5,0.0,0,0,0,0.5,0.49999999999999983,"psych_curve(xdata=array([-70.,  -8.,  -4.,  -2.,   0.,   2.,   4.,   8.,  70.]), ydata=[0.077, 0.071, 0.273, 0.25, 0.176, 0.154, 0.25, 0.5, 0.919], fit=[0.15, 0.15, 0.15, 0.15, 0.15, 0.15, 0.15, 0.15, 0.15, 0.15, 0.15, 0.15, 0.15, 0.15, 0.15, 0.15, 0.15, 0.15, 0.15, 0.15, 0.15, 0.15, 0.15, 0.15, 0.15, 0.15, 0.15, 0.15, 0.15, 0.15, 0.15, 0.15, 0.15, 0.15, 0.15, 0.15, 0.15, 0.15, 0.15, 0.15, 0.15, 0.15, 0.15, 0.15, 0.151, 0.151, 0.152, 0.154, 0.158, 0.164, 0.176, 0.196, 0.231, 0.287, 0.369, 0.475, 0.591, 0.698, 0.781, 0.837, 0.873, 0.893, 0.905, 0.912, 0.916, 0.918, 0.919, 0.919, 0.92, 0.92, 0.92, 0.92, 0.92, 0.92, 0.92, 0.92, 0.92, 0.92, 0.92, 0.92, 0.92, 0.92, 0.92, 0.92, 0.92, 0.92, 0.92, 0.92, 0.92, 0.92, 0.92, 0.92, 0.92, 0.92, 0.92, 0.92, 0.92, 0.92, 0.92, 0.92], params=[0.43, 8.51, 0.15, 0.08], fit_error=[0.026, 0.071, 0.097, 0.112, 0.095, 0.104, 0.099, 0.139, 0.025])",[-70.  -8.  -4.  -2.   0.   2.   4.   8.  70.],"[0.077, 0.071, 0.273, 0.25, 0.176, 0.154, 0.25, 0.5, 0.919]","[0.15, 0.15, 0.15, 0.15, 0.15, 0.15, 0.15, 0.15, 0.15, 0.15, 0.15, 0.15, 0.15, 0.15, 0.15, 0.15, 0.15, 0.15, 0.15, 0.15, 0.15, 0.15, 0.15, 0.15, 0.15, 0.15, 0.15, 0.15, 0.15, 0.15, 0.15, 0.15, 0.15, 0.15, 0.15, 0.15, 0.15, 0.15, 0.15, 0.15, 0.15, 0.15, 0.15, 0.15, 0.151, 0.151, 0.152, 0.154, 0.158, 0.164, 0.176, 0.196, 0.231, 0.287, 0.369, 0.475, 0.591, 0.698, 0.781, 0.837, 0.873, 0.893, 0.905, 0.912, 0.916, 0.918, 0.919, 0.919, 0.92, 0.92, 0.92, 0.92, 0.92, 0.92, 0.92, 0.92, 0.92, 0.92, 0.92, 0.92, 0.92, 0.92, 0.92, 0.92, 0.92, 0.92, 0.92, 0.92, 0.92, 0.92, 0.92, 0.92, 0.92, 0.92, 0.92, 0.92, 0.92, 0.92, 0.92, 0.92]","[0.026, 0.071, 0.097, 0.112, 0.095, 0.104, 0.099, 0.139, 0.025]","[0.43, 8.51, 0.15, 0.08]",0.43,8.51,0.15,0.08,"psych_curve(xdata=array([-70.,  -8.,  -4.,  -2.,  -0.,   2.,   4.,   8.,  70.]), ydata=[0.102, 0.357, 0.684, 0.6, 0.588, 0.526, 0.652, 0.786, 0.944], fit=[nan, nan, nan, nan, nan, nan, nan, nan, nan, nan, nan, nan, nan, nan, nan, nan, nan, nan, nan, nan, nan, nan, nan, nan, nan, nan, nan, nan, nan, nan, nan, nan, nan, nan, nan, nan, nan, nan, nan, nan, nan, nan, nan, nan, nan, nan, nan, nan, nan, nan, nan, nan, nan, nan, nan, nan, nan, nan, nan, nan, nan, nan, nan, nan, nan, nan, nan, nan, nan, nan, nan, nan, nan, nan, nan, nan, nan, nan, nan, nan, nan, nan, nan, nan, nan, nan, nan, nan, nan, nan, nan, nan, nan, nan, nan, nan, nan, nan, nan, nan], params=[0.09, -4.24, 0.1, 0.06], fit_error=[0.028, 0.133, 0.11, 0.163, 0.123, 0.118, 0.102, 0.114, 0.022])",[-70.  -8.  -4.  -2.   0.   2.   4.   8.  70.],"[0.077, 0.071, 0.273, 0.25, 0.176, 0.154, 0.25, 0.5, 0.919]","[0.15, 0.15, 0.15, 0.15, 0.15, 0.15, 0.15, 0.15, 0.15, 0.15, 0.15, 0.15, 0.15, 0.15, 0.15, 0.15, 0.15, 0.15, 0.15, 0.15, 0.15, 0.15, 0.15, 0.15, 0.15, 0.15, 0.15, 0.15, 0.15, 0.15, 0.15, 0.15, 0.15, 0.15, 0.15, 0.15, 0.15, 0.15, 0.15, 0.15, 0.15, 0.15, 0.15, 0.15, 0.151, 0.151, 0.152, 0.154, 0.158, 0.164, 0.176, 0.196, 0.231, 0.287, 0.369, 0.475, 0.591, 0.698, 0.781, 0.837, 0.873, 0.893, 0.905, 0.912, 0.916, 0.918, 0.919, 0.919, 0.92, 0.92, 0.92, 0.92, 0.92, 0.92, 0.92, 0.92, 0.92, 0.92, 0.92, 0.92, 0.92, 0.92, 0.92, 0.92, 0.92, 0.92, 0.92, 0.92, 0.92, 0.92, 0.92, 0.92, 0.92, 0.92, 0.92, 0.92, 0.92, 0.92, 0.92, 0.92]","[0.026, 0.071, 0.097, 0.112, 0.095, 0.104, 0.099, 0.139, 0.025]","[0.09, -4.24, 0.1, 0.06]",0.09,-4.24,0.1,0.06,0.0
2025-07-17,3,,20,Bpod5,330,175,155,215,112,218,139,79,130,86,109,33,76,0.6606060606060606,0.7942857142857143,0.5096774193548387,327,172,155,210,156,54,0.7255813953488373,0.48214285714285715,114,58,56,0.26976744186046514,0.5,0.6666666666666666,0.8081395348837209,0.5096774193548387,0.7163461538461539,-0.29846211552888224,0.6190476190476191,0.7543859649122807,-0.13533834586466165,0.6038621262458472,0.3848837209302326,3,3,0,0.00909090909090909,0.017142857142857144,0.0,218,139,79,545.0,347.5,197.5,0.0,0,0,0,0.5,0.49999999999999983,"psych_curve(xdata=array([-70.,  -8.,  -4.,  -2.,   0.,   2.,   4.,   8.,  70.]), ydata=[0.144, 0.136, 0.286, 0.158, 0.444, 0.267, 0.333, 0.333, 0.595], fit=[0.13, 0.13, 0.13, 0.13, 0.13, 0.13, 0.13, 0.13, 0.13, 0.13, 0.13, 0.131, 0.131, 0.131, 0.131, 0.131, 0.131, 0.131, 0.132, 0.132, 0.132, 0.133, 0.133, 0.133, 0.134, 0.135, 0.135, 0.136, 0.137, 0.139, 0.14, 0.142, 0.144, 0.146, 0.148, 0.151, 0.155, 0.158, 0.163, 0.168, 0.174, 0.18, 0.188, 0.196, 0.205, 0.216, 0.227, 0.24, 0.253, 0.268, 0.283, 0.299, 0.316, 0.334, 0.352, 0.369, 0.387, 0.405, 0.422, 0.438, 0.453, 0.468, 0.481, 0.494, 0.505, 0.515, 0.524, 0.533, 0.54, 0.547, 0.552, 0.557, 0.562, 0.566, 0.569, 0.572, 0.574, 0.577, 0.578, 0.58, 0.581, 0.583, 0.584, 0.585, 0.585, 0.586, 0.587, 0.587, 0.588, 0.588, 0.588, 0.588, 0.589, 0.589, 0.589, 0.589, 0.589, 0.589, 0.589, 0.59], params=[0.11, 7.03, 0.13, 0.41], fit_error=[0.036, 0.075, 0.101, 0.086, 0.121, 0.118, 0.142, 0.142, 0.047])",[-70.  -8.  -4.  -2.   0.   2.   4.   8.  70.],"[0.144, 0.136, 0.286, 0.158, 0.444, 0.267, 0.333, 0.333, 0.595]","[0.13, 0.13, 0.13, 0.13, 0.13, 0.13, 0.13, 0.13, 0.13, 0.13, 0.13, 0.131, 0.131, 0.131, 0.131, 0.131, 0.131, 0.131, 0.132, 0.132, 0.132, 0.133, 0.133, 0.133, 0.134, 0.135, 0.135, 0.136, 0.137, 0.139, 0.14, 0.142, 0.144, 0.146, 0.148, 0.151, 0.155, 0.158, 0.163, 0.168, 0.174, 0.18, 0.188, 0.196, 0.205, 0.216, 0.227, 0.24, 0.253, 0.268, 0.283, 0.299, 0.316, 0.334, 0.352, 0.369, 0.387, 0.405, 0.422, 0.438, 0.453, 0.468, 0.481, 0.494, 0.505, 0.515, 0.524, 0.533, 0.54, 0.547, 0.552, 0.557, 0.562, 0.566, 0.569, 0.572, 0.574, 0.577, 0.578, 0.58, 0.581, 0.583, 0.584, 0.585, 0.585, 0.586, 0.587, 0.587, 0.588, 0.588, 0.588, 0.588, 0.589, 0.589, 0.589, 0.589, 0.589, 0.589, 0.589, 0.59]","[0.036, 0.075, 0.101, 0.086, 0.121, 0.118, 0.142, 0.142, 0.047]","[0.11, 7.03, 0.13, 0.41]",0.11,7.03,0.13,0.41,"psych_curve(xdata=array([-70.,  -8.,  -4.,  -2.,  -0.,   2.,   4.,   8.,  70.]), ydata=[0.393, 0.5, 0.615, 0.909, 0.722, 0.826, 0.7, 0.929, 0.849], fit=[nan, nan, nan, nan, nan, nan, nan, nan, nan, nan, nan, nan, nan, nan, nan, nan, nan, nan, nan, nan, nan, nan, nan, nan, nan, nan, nan, nan, nan, nan, nan, nan, nan, nan, nan, nan, nan, nan, nan, nan, nan, nan, nan, nan, nan, nan, nan, nan, nan, nan, nan, nan, nan, nan, nan, nan, nan, nan, nan, nan, nan, nan, nan, nan, nan, nan, nan, nan, nan, nan, nan, nan, nan, nan, nan, nan, nan, nan, nan, nan, nan, nan, nan, nan, nan, nan, nan, nan, nan, nan, nan, nan, nan, nan, nan, nan, nan, nan, nan, nan], params=[0.57, -5.2, 0.4, 0.17], fit_error=[0.046, 0.115, 0.14, 0.091, 0.109, 0.081, 0.105, 0.071, 0.037])",[-70.  -8.  -4.  -2.   0.   2.   4.   8.  70.],"[0.144, 0.136, 0.286, 0.158, 0.444, 0.267, 0.333, 0.333, 0.595]","[0.13, 0.13, 0.13, 0.13, 0.13, 0.13, 0.13, 0.13, 0.13, 0.13, 0.13, 0.131, 0.131, 0.131, 0.131, 0.131, 0.131, 0.131, 0.132, 0.132, 0.132, 0.133, 0.133, 0.133, 0.134, 0.135, 0.135, 0.136, 0.137, 0.139, 0.14, 0.142, 0.144, 0.146, 0.148, 0.151, 0.155, 0.158, 0.163, 0.168, 0.174, 0.18, 0.188, 0.196, 0.205, 0.216, 0.227, 0.24, 0.253, 0.268, 0.283, 0.299, 0.316, 0.334, 0.352, 0.369, 0.387, 0.405, 0.422, 0.438, 0.453, 0.468, 0.481, 0.494, 0.505, 0.515, 0.524, 0.533, 0.54, 0.547, 0.552, 0.557, 0.562, 0.566, 0.569, 0.572, 0.574, 0.577, 0.578, 0.58, 0.581, 0.583, 0.584, 0.585, 0.585, 0.586, 0.587, 0.587, 0.588, 0.588, 0.588, 0.588, 0.589, 0.589, 0.589, 0.589, 0.589, 0.589, 0.589, 0.59]","[0.036, 0.075, 0.101, 0.086, 0.121, 0.118, 0.142, 0.142, 0.047]","[0.57, -5.2, 0.4, 0.17]",0.57,-5.2,0.4,0.17,1.0
2025-07-18,4,,20,Bpod5,234,117,117,109,125,204,98,106,110,93,30,19,11,0.8717948717948718,0.8376068376068376,0.905982905982906,234,117,117,134,59,75,0.5412844036697247,0.6,99,49,50,0.44954128440366975,0.4,0.8717948717948718,0.8376068376068376,0.905982905982906,0.9130434782608695,0.06837606837606836,0.8208955223880597,0.9393939393939394,-0.11849841700587971,0.5706422018348624,0.4247706422018349,0,0,0,0.0,0.0,0.0,204,98,106,510.0,245.0,265.0,0.0,0,0,0,0.5,0.4999999999999999,"psych_curve(xdata=array([-70.,  -8.,  -4.,  -2.,   0.,   2.,   4.,   8.,  70.]), ydata=[0.116, 0.3, 0.286, 0.2, 0.571, 0.636, 1.0, 0.909, 0.947], fit=[0.21, 0.21, 0.21, 0.21, 0.21, 0.21, 0.21, 0.21, 0.21, 0.21, 0.21, 0.21, 0.21, 0.21, 0.21, 0.21, 0.21, 0.21, 0.21, 0.21, 0.21, 0.21, 0.21, 0.21, 0.21, 0.21, 0.21, 0.21, 0.21, 0.21, 0.21, 0.21, 0.21, 0.21, 0.21, 0.21, 0.21, 0.21, 0.21, 0.21, 0.21, 0.21, 0.21, 0.21, 0.211, 0.213, 0.22, 0.238, 0.286, 0.394, 0.571, 0.753, 0.867, 0.919, 0.939, 0.946, 0.949, 0.95, 0.95, 0.95, 0.95, 0.95, 0.95, 0.95, 0.95, 0.95, 0.95, 0.95, 0.95, 0.95, 0.95, 0.95, 0.95, 0.95, 0.95, 0.95, 0.95, 0.95, 0.95, 0.95, 0.95, 0.95, 0.95, 0.95, 0.95, 0.95, 0.95, 0.95, 0.95, 0.95, 0.95, 0.95, 0.95, 0.95, 0.95, 0.95, 0.95, 0.95, 0.95, 0.95], params=[0.75, 0.77, 0.21, 0.05], fit_error=[0.035, 0.153, 0.125, 0.2, 0.202, 0.152, 0.0, 0.091, 0.026])",[-70.  -8.  -4.  -2.   0.   2.   4.   8.  70.],"[0.116, 0.3, 0.286, 0.2, 0.571, 0.636, 1.0, 0.909, 0.947]","[0.21, 0.21, 0.21, 0.21, 0.21, 0.21, 0.21, 0.21, 0.21, 0.21, 0.21, 0.21, 0.21, 0.21, 0.21, 0.21, 0.21, 0.21, 0.21, 0.21, 0.21, 0.21, 0.21, 0.21, 0.21, 0.21, 0.21, 0.21, 0.21, 0.21, 0.21, 0.21, 0.21, 0.21, 0.21, 0.21, 0.21, 0.21, 0.21, 0.21, 0.21, 0.21, 0.21, 0.21, 0.211, 0.213, 0.22, 0.238, 0.286, 0.394, 0.571, 0.753, 0.867, 0.919, 0.939, 0.946, 0.949, 0.95, 0.95, 0.95, 0.95, 0.95, 0.95, 0.95, 0.95, 0.95, 0.95, 0.95, 0.95, 0.95, 0.95, 0.95, 0.95, 0.95, 0.95, 0.95, 0.95, 0.95, 0.95, 0.95, 0.95, 0.95, 0.95, 0.95, 0.95, 0.95, 0.95, 0.95, 0.95, 0.95, 0.95, 0.95, 0.95, 0.95, 0.95, 0.95, 0.95, 0.95, 0.95, 0.95]","[0.035, 0.153, 0.125, 0.2, 0.202, 0.152, 0.0, 0.091, 0.026]","[0.75, 0.77, 0.21, 0.05]",0.75,0.77,0.21,0.05,"psych_curve(xdata=array([-70.,  -8.,  -4.,  -2.,  -0.,   2.,   4.,   8.,  70.]), ydata=[0.136, 0.333, 0.167, 0.5, 0.857, 0.875, 0.882, 1.0, 0.962], fit=[nan, nan, nan, nan, nan, nan, nan, nan, nan, nan, nan, nan, nan, nan, nan, nan, nan, nan, nan, nan, nan, nan, nan, nan, nan, nan, nan, nan, nan, nan, nan, nan, nan, nan, nan, nan, nan, nan, nan, nan, nan, nan, nan, nan, nan, nan, nan, nan, nan, nan, nan, nan, nan, nan, nan, nan, nan, nan, nan, nan, nan, nan, nan, nan, nan, nan, nan, nan, nan, nan, nan, nan, nan, nan, nan, nan, nan, nan, nan, nan, nan, nan, nan, nan, nan, nan, nan, nan, nan, nan, nan, nan, nan, nan, nan, nan, nan, nan, nan, nan], params=[1.54, -1.7, 0.21, 0.07], fit_error=[0.038, 0.142, 0.112, 0.189, 0.143, 0.125, 0.081, 0.0, 0.022])",[-70.  -8.  -4.  -2.   0.   2.   4.   8.  70.],"[0.116, 0.3, 0.286, 0.2, 0.571, 0.636, 1.0, 0.909, 0.947]","[0.21, 0.21, 0.21, 0.21, 0.21, 0.21, 0.21, 0.21, 0.21, 0.21, 0.21, 0.21, 0.21, 0.21, 0.21, 0.21, 0.21, 0.21, 0.21, 0.21, 0.21, 0.21, 0.21, 0.21, 0.21, 0.21, 0.21, 0.21, 0.21, 0.21, 0.21, 0.21, 0.21, 0.21, 0.21, 0.21, 0.21, 0.21, 0.21, 0.21, 0.21, 0.21, 0.21, 0.21, 0.211, 0.213, 0.22, 0.238, 0.286, 0.394, 0.571, 0.753, 0.867, 0.919, 0.939, 0.946, 0.949, 0.95, 0.95, 0.95, 0.95, 0.95, 0.95, 0.95, 0.95, 0.95, 0.95, 0.95, 0.95, 0.95, 0.95, 0.95, 0.95, 0.95, 0.95, 0.95, 0.95, 0.95, 0.95, 0.95, 0.95, 0.95, 0.95, 0.95, 0.95, 0.95, 0.95, 0.95, 0.95, 0.95, 0.95, 0.95, 0.95, 0.95, 0.95, 0.95, 0.95, 0.95, 0.95, 0.95]","[0.035, 0.153, 0.125, 0.2, 0.202, 0.152, 0.0, 0.091, 0.026]","[1.54, -1.7, 0.21, 0.07]",1.54,-1.7,0.21,0.07,
2025-07-21,0,,20,Bpod5,352,175,177,181,170,308,156,152,175,132,43,18,25,0.875,0.8914285714285715,0.8587570621468926,351,174,177,203,107,96,0.5911602209944752,0.5647058823529412,147,74,73,0.4088397790055249,0.4294117647058823,0.8774928774928775,0.896551724137931,0.8587570621468926,0.925764192139738,-0.037794661991038425,0.8620689655172413,0.8979591836734694,-0.03589021815622806,0.5779330516737082,0.4191257718557036,1,1,0,0.002840909090909091,0.005714285714285714,0.0,308,156,152,770.0,390.0,380.0,0.0,0,0,0,0.5,0.49999999999999983,"psych_curve(xdata=array([-70.,  -8.,  -4.,  -2.,   0.,   2.,   4.,   8.,  70.]), ydata=[0.059, 0.133, 0.0, 0.286, 0.647, 0.6, 0.864, 0.833, 0.91], fit=[0.05, 0.05, 0.05, 0.05, 0.05, 0.05, 0.05, 0.05, 0.05, 0.05, 0.05, 0.05, 0.05, 0.05, 0.05, 0.05, 0.05, 0.05, 0.05, 0.05, 0.05, 0.05, 0.05, 0.05, 0.05, 0.05, 0.05, 0.05, 0.05, 0.05, 0.05, 0.05, 0.05, 0.05, 0.05, 0.05, 0.05, 0.05, 0.05, 0.05, 0.05, 0.05, 0.051, 0.052, 0.054, 0.062, 0.084, 0.14, 0.262, 0.455, 0.646, 0.764, 0.818, 0.838, 0.846, 0.849, 0.849, 0.85, 0.85, 0.85, 0.85, 0.85, 0.85, 0.85, 0.85, 0.85, 0.85, 0.85, 0.85, 0.85, 0.85, 0.85, 0.85, 0.85, 0.85, 0.85, 0.85, 0.85, 0.85, 0.85, 0.85, 0.85, 0.85, 0.85, 0.85, 0.85, 0.85, 0.85, 0.85, 0.85, 0.85, 0.85, 0.85, 0.85, 0.85, 0.85, 0.85, 0.85, 0.85, 0.85], params=[0.74, -0.74, 0.05, 0.15], fit_error=[0.022, 0.091, 0.0, 0.101, 0.119, 0.131, 0.075, 0.09, 0.027])",[-70.  -8.  -4.  -2.   0.   2.   4.   8.  70.],"[0.059, 0.133, 0.0, 0.286, 0.647, 0.6, 0.864, 0.833, 0.91]","[0.05, 0.05, 0.05, 0.05, 0.05, 0.05, 0.05, 0.05, 0.05, 0.05, 0.05, 0.05, 0.05, 0.05, 0.05, 0.05, 0.05, 0.05, 0.05, 0.05, 0.05, 0.05, 0.05, 0.05, 0.05, 0.05, 0.05, 0.05, 0.05, 0.05, 0.05, 0.05, 0.05, 0.05, 0.05, 0.05, 0.05, 0.05, 0.05, 0.05, 0.05, 0.05, 0.051, 0.052, 0.054, 0.062, 0.084, 0.14, 0.262, 0.455, 0.646, 0.764, 0.818, 0.838, 0.846, 0.849, 0.849, 0.85, 0.85, 0.85, 0.85, 0.85, 0.85, 0.85, 0.85, 0.85, 0.85, 0.85, 0.85, 0.85, 0.85, 0.85, 0.85, 0.85, 0.85, 0.85, 0.85, 0.85, 0.85, 0.85, 0.85, 0.85, 0.85, 0.85, 0.85, 0.85, 0.85, 0.85, 0.85, 0.85, 0.85, 0.85, 0.85, 0.85, 0.85, 0.85, 0.85, 0.85, 0.85, 0.85]","[0.022, 0.091, 0.0, 0.101, 0.119, 0.131, 0.075, 0.09, 0.027]","[0.74, -0.74, 0.05, 0.15]",0.74,-0.74,0.05,0.15,"psych_curve(xdata=array([-70.,  -8.,  -4.,  -2.,   0.,   2.,   4.,   8.,  70.]), ydata=[0.111, 0.235, 0.118, 0.333, 0.706, 0.667, 0.947, 0.938, 0.953], fit=[nan, nan, nan, nan, nan, nan, nan, nan, nan, nan, nan, nan, nan, nan, nan, nan, nan, nan, nan, nan, nan, nan, nan, nan, nan, nan, nan, nan, nan, nan, nan, nan, nan, nan, nan, nan, nan, nan, nan, nan, nan, nan, nan, nan, nan, nan, nan, nan, nan, nan, nan, nan, nan, nan, nan, nan, nan, nan, nan, nan, nan, nan, nan, nan, nan, nan, nan, nan, nan, nan, nan, nan, nan, nan, nan, nan, nan, nan, nan, nan, nan, nan, nan, nan, nan, nan, nan, nan, nan, nan, nan, nan, nan, nan, nan, nan, nan, nan, nan, nan], params=[0.67, -0.47, 0.14, 0.06], fit_error=[0.032, 0.106, 0.081, 0.114, 0.114, 0.114, 0.053, 0.062, 0.019])",[-70.  -8.  -4.  -2.   0.   2.   4.   8.  70.],"[0.059, 0.133, 0.0, 0.286, 0.647, 0.6, 0.864, 0.833, 0.91]","[0.05, 0.05, 0.05, 0.05, 0.05, 0.05, 0.05, 0.05, 0.05, 0.05, 0.05, 0.05, 0.05, 0.05, 0.05, 0.05, 0.05, 0.05, 0.05, 0.05, 0.05, 0.05, 0.05, 0.05, 0.05, 0.05, 0.05, 0.05, 0.05, 0.05, 0.05, 0.05, 0.05, 0.05, 0.05, 0.05, 0.05, 0.05, 0.05, 0.05, 0.05, 0.05, 0.051, 0.052, 0.054, 0.062, 0.084, 0.14, 0.262, 0.455, 0.646, 0.764, 0.818, 0.838, 0.846, 0.849, 0.849, 0.85, 0.85, 0.85, 0.85, 0.85, 0.85, 0.85, 0.85, 0.85, 0.85, 0.85, 0.85, 0.85, 0.85, 0.85, 0.85, 0.85, 0.85, 0.85, 0.85, 0.85, 0.85, 0.85, 0.85, 0.85, 0.85, 0.85, 0.85, 0.85, 0.85, 0.85, 0.85, 0.85, 0.85, 0.85, 0.85, 0.85, 0.85, 0.85, 0.85, 0.85, 0.85, 0.85]","[0.022, 0.091, 0.0, 0.101, 0.119, 0.131, 0.075, 0.09, 0.027]","[0.67, -0.47, 0.14, 0.06]",0.67,-0.47,0.14,0.06,0.0
2025-07-22,1,,20,Bpod5,342,182,160,149,193,269,129,140,182,87,73,53,20,0.7865497076023392,0.7087912087912088,0.875,342,182,160,242,99,143,0.6644295302013423,0.7409326424870466,99,50,49,0.33557046979865773,0.2538860103626943,0.7865497076023392,0.7087912087912088,0.875,0.8333333333333334,0.16620879120879117,0.7520661157024794,0.8787878787878788,-0.1267217630853994,0.7026810863441945,0.294728240080676,0,0,0,0.0,0.0,0.0,269,129,140,672.5,322.5,350.0,0.0,0,0,0,0.5,0.49999999999999983,"psych_curve(xdata=array([-70.,  -8.,  -4.,  -2.,   0.,   2.,   4.,   8.,  70.]), ydata=[0.244, 0.267, 0.5, 0.5, 0.5, 0.789, 0.65, 1.0, 0.931], fit=[0.24, 0.24, 0.24, 0.24, 0.24, 0.24, 0.24, 0.24, 0.24, 0.24, 0.24, 0.24, 0.24, 0.24, 0.24, 0.24, 0.24, 0.24, 0.24, 0.24, 0.24, 0.24, 0.24, 0.24, 0.24, 0.24, 0.24, 0.24, 0.24, 0.24, 0.24, 0.241, 0.241, 0.241, 0.242, 0.243, 0.244, 0.246, 0.248, 0.252, 0.257, 0.265, 0.276, 0.292, 0.314, 0.343, 0.381, 0.43, 0.488, 0.554, 0.624, 0.692, 0.754, 0.807, 0.85, 0.884, 0.909, 0.927, 0.94, 0.949, 0.956, 0.96, 0.963, 0.965, 0.967, 0.968, 0.969, 0.969, 0.969, 0.97, 0.97, 0.97, 0.97, 0.97, 0.97, 0.97, 0.97, 0.97, 0.97, 0.97, 0.97, 0.97, 0.97, 0.97, 0.97, 0.97, 0.97, 0.97, 0.97, 0.97, 0.97, 0.97, 0.97, 0.97, 0.97, 0.97, 0.97, 0.97, 0.97, 0.97], params=[0.27, 0.33, 0.24, 0.03], fit_error=[0.038, 0.118, 0.129, 0.121, 0.139, 0.096, 0.109, 0.0, 0.025])",[-70.  -8.  -4.  -2.   0.   2.   4.   8.  70.],"[0.244, 0.267, 0.5, 0.5, 0.5, 0.789, 0.65, 1.0, 0.931]","[0.24, 0.24, 0.24, 0.24, 0.24, 0.24, 0.24, 0.24, 0.24, 0.24, 0.24, 0.24, 0.24, 0.24, 0.24, 0.24, 0.24, 0.24, 0.24, 0.24, 0.24, 0.24, 0.24, 0.24, 0.24, 0.24, 0.24, 0.24, 0.24, 0.24, 0.24, 0.241, 0.241, 0.241, 0.242, 0.243, 0.244, 0.246, 0.248, 0.252, 0.257, 0.265, 0.276, 0.292, 0.314, 0.343, 0.381, 0.43, 0.488, 0.554, 0.624, 0.692, 0.754, 0.807, 0.85, 0.884, 0.909, 0.927, 0.94, 0.949, 0.956, 0.96, 0.963, 0.965, 0.967, 0.968, 0.969, 0.969, 0.969, 0.97, 0.97, 0.97, 0.97, 0.97, 0.97, 0.97, 0.97, 0.97, 0.97, 0.97, 0.97, 0.97, 0.97, 0.97, 0.97, 0.97, 0.97, 0.97, 0.97, 0.97, 0.97, 0.97, 0.97, 0.97, 0.97, 0.97, 0.97, 0.97, 0.97, 0.97]","[0.038, 0.118, 0.129, 0.121, 0.139, 0.096, 0.109, 0.0, 0.025]","[0.27, 0.33, 0.24, 0.03]",0.27,0.33,0.24,0.03,"psych_curve(xdata=array([-70.,  -8.,  -4.,  -2.,  -0.,   2.,   4.,   8.,  70.]), ydata=[0.311, 0.2, 0.812, 0.833, 0.786, 0.88, 0.9, 0.882, 0.96], fit=[nan, nan, nan, nan, nan, nan, nan, nan, nan, nan, nan, nan, nan, nan, nan, nan, nan, nan, nan, nan, nan, nan, nan, nan, nan, nan, nan, nan, nan, nan, nan, nan, nan, nan, nan, nan, nan, nan, nan, nan, nan, nan, nan, nan, nan, nan, nan, nan, nan, nan, nan, nan, nan, nan, nan, nan, nan, nan, nan, nan, nan, nan, nan, nan, nan, nan, nan, nan, nan, nan, nan, nan, nan, nan, nan, nan, nan, nan, nan, nan, nan, nan, nan, nan, nan, nan, nan, nan, nan, nan, nan, nan, nan, nan, nan, nan, nan, nan, nan, nan], params=[2.69, -4.81, 0.26, 0.13], fit_error=[0.046, 0.133, 0.101, 0.112, 0.114, 0.066, 0.069, 0.081, 0.018])",[-70.  -8.  -4.  -2.   0.   2.   4.   8.  70.],"[0.244, 0.267, 0.5, 0.5, 0.5, 0.789, 0.65, 1.0, 0.931]","[0.24, 0.24, 0.24, 0.24, 0.24, 0.24, 0.24, 0.24, 0.24, 0.24, 0.24, 0.24, 0.24, 0.24, 0.24, 0.24, 0.24, 0.24, 0.24, 0.24, 0.24, 0.24, 0.24, 0.24, 0.24, 0.24, 0.24, 0.24, 0.24, 0.24, 0.24, 0.241, 0.241, 0.241, 0.242, 0.243, 0.244, 0.246, 0.248, 0.252, 0.257, 0.265, 0.276, 0.292, 0.314, 0.343, 0.381, 0.43, 0.488, 0.554, 0.624, 0.692, 0.754, 0.807, 0.85, 0.884, 0.909, 0.927, 0.94, 0.949, 0.956, 0.96, 0.963, 0.965, 0.967, 0.968, 0.969, 0.969, 0.969, 0.97, 0.97, 0.97, 0.97, 0.97, 0.97, 0.97, 0.97, 0.97, 0.97, 0.97, 0.97, 0.97, 0.97, 0.97, 0.97, 0.97, 0.97, 0.97, 0.97, 0.97, 0.97, 0.97, 0.97, 0.97, 0.97, 0.97, 0.97, 0.97, 0.97, 0.97]","[0.038, 0.118, 0.129, 0.121, 0.139, 0.096, 0.109, 0.0, 0.025]","[2.69, -4.81, 0.26, 0.13]",2.69,-4.81,0.26,0.13,1.0
2025-07-23,2,,20,Bpod5,230,119,111,124,106,187,100,87,94,93,43,19,24,0.8130434782608695,0.8403361344537815,0.7837837837837838,230,119,111,126,72,54,0.5806451612903226,0.5094339622641509,103,52,51,0.41935483870967744,0.4811320754716981,0.8130434782608695,0.8403361344537815,0.7837837837837838,0.8726114649681529,-0.05655235066999775,0.746031746031746,0.9029126213592233,-0.1568808753274773,0.5450395617772368,0.4502434570906878,0,0,0,0.0,0.0,0.0,187,100,87,467.5,250.0,217.5,0.0,0,0,0,0.5,0.49999999999999983,"psych_curve(xdata=array([-70.,  -8.,  -4.,  -2.,   0.,   2.,   4.,   8.,  70.]), ydata=[0.159, 0.25, 0.125, 0.091, 0.111, 0.385, 0.667, 1.0, 0.913], fit=[0.14, 0.14, 0.14, 0.14, 0.14, 0.14, 0.14, 0.14, 0.14, 0.14, 0.14, 0.14, 0.14, 0.14, 0.14, 0.14, 0.14, 0.14, 0.14, 0.14, 0.14, 0.14, 0.14, 0.14, 0.14, 0.14, 0.14, 0.14, 0.14, 0.14, 0.14, 0.14, 0.14, 0.14, 0.14, 0.14, 0.14, 0.14, 0.14, 0.14, 0.14, 0.14, 0.14, 0.14, 0.14, 0.14, 0.14, 0.141, 0.145, 0.159, 0.208, 0.352, 0.609, 0.826, 0.92, 0.949, 0.957, 0.959, 0.96, 0.96, 0.96, 0.96, 0.96, 0.96, 0.96, 0.96, 0.96, 0.96, 0.96, 0.96, 0.96, 0.96, 0.96, 0.96, 0.96, 0.96, 0.96, 0.96, 0.96, 0.96, 0.96, 0.96, 0.96, 0.96, 0.96, 0.96, 0.96, 0.96, 0.96, 0.96, 0.96, 0.96, 0.96, 0.96, 0.96, 0.96, 0.96, 0.96, 0.96, 0.96], params=[0.95, 3.23, 0.14, 0.04], fit_error=[0.039, 0.164, 0.125, 0.091, 0.111, 0.14, 0.126, 0.0, 0.034])",[-70.  -8.  -4.  -2.   0.   2.   4.   8.  70.],"[0.159, 0.25, 0.125, 0.091, 0.111, 0.385, 0.667, 1.0, 0.913]","[0.14, 0.14, 0.14, 0.14, 0.14, 0.14, 0.14, 0.14, 0.14, 0.14, 0.14, 0.14, 0.14, 0.14, 0.14, 0.14, 0.14, 0.14, 0.14, 0.14, 0.14, 0.14, 0.14, 0.14, 0.14, 0.14, 0.14, 0.14, 0.14, 0.14, 0.14, 0.14, 0.14, 0.14, 0.14, 0.14, 0.14, 0.14, 0.14, 0.14, 0.14, 0.14, 0.14, 0.14, 0.14, 0.14, 0.14, 0.141, 0.145, 0.159, 0.208, 0.352, 0.609, 0.826, 0.92, 0.949, 0.957, 0.959, 0.96, 0.96, 0.96, 0.96, 0.96, 0.96, 0.96, 0.96, 0.96, 0.96, 0.96, 0.96, 0.96, 0.96, 0.96, 0.96, 0.96, 0.96, 0.96, 0.96, 0.96, 0.96, 0.96, 0.96, 0.96, 0.96, 0.96, 0.96, 0.96, 0.96, 0.96, 0.96, 0.96, 0.96, 0.96, 0.96, 0.96, 0.96, 0.96, 0.96, 0.96, 0.96]","[0.039, 0.164, 0.125, 0.091, 0.111, 0.14, 0.126, 0.0, 0.034]","[0.95, 3.23, 0.14, 0.04]",0.95,3.23,0.14,0.04,"psych_curve(xdata=array([-70.,  -8.,  -4.,  -2.,   0.,   2.,   4.,   8.,  70.]), ydata=[0.186, 0.182, 0.364, 0.5, 0.667, 0.75, 0.833, 1.0, 0.957], fit=[nan, nan, nan, nan, nan, nan, nan, nan, nan, nan, nan, nan, nan, nan, nan, nan, nan, nan, nan, nan, nan, nan, nan, nan, nan, nan, nan, nan, nan, nan, nan, nan, nan, nan, nan, nan, nan, nan, nan, nan, nan, nan, nan, nan, nan, nan, nan, nan, nan, nan, nan, nan, nan, nan, nan, nan, nan, nan, nan, nan, nan, nan, nan, nan, nan, nan, nan, nan, nan, nan, nan, nan, nan, nan, nan, nan, nan, nan, nan, nan, nan, nan, nan, nan, nan, nan, nan, nan, nan, nan, nan, nan, nan, nan, nan, nan, nan, nan, nan, nan], params=[0.37, -0.96, 0.16, 0.02], fit_error=[0.042, 0.122, 0.152, 0.151, 0.167, 0.131, 0.112, 0.0, 0.024])",[-70.  -8.  -4.  -2.   0.   2.   4.   8.  70.],"[0.159, 0.25, 0.125, 0.091, 0.111, 0.385, 0.667, 1.0, 0.913]","[0.14, 0.14, 0.14, 0.14, 0.14, 0.14, 0.14, 0.14, 0.14, 0.14, 0.14, 0.14, 0.14, 0.14, 0.14, 0.14, 0.14, 0.14, 0.14, 0.14, 0.14, 0.14, 0.14, 0.14, 0.14, 0.14, 0.14, 0.14, 0.14, 0.14, 0.14, 0.14, 0.14, 0.14, 0.14, 0.14, 0.14, 0.14, 0.14, 0.14, 0.14, 0.14, 0.14, 0.14, 0.14, 0.14, 0.14, 0.141, 0.145, 0.159, 0.208, 0.352, 0.609, 0.826, 0.92, 0.949, 0.957, 0.959, 0.96, 0.96, 0.96, 0.96, 0.96, 0.96, 0.96, 0.96, 0.96, 0.96, 0.96, 0.96, 0.96, 0.96, 0.96, 0.96, 0.96, 0.96, 0.96, 0.96, 0.96, 0.96, 0.96, 0.96, 0.96, 0.96, 0.96, 0.96, 0.96, 0.96, 0.96, 0.96, 0.96, 0.96, 0.96, 0.96, 0.96, 0.96, 0.96, 0.96, 0.96, 0.96]","[0.039, 0.164, 0.125, 0.091, 0.111, 0.14, 0.126, 0.0, 0.034]","[0.37, -0.96, 0.16, 0.02]",0.37,-0.96,0.16,0.02,
2025-07-24,3,,20,Bpod5,340,174,166,120,211,256,108,148,143,108,75,63,12,0.7529411764705882,0.6206896551724138,0.891566265060241,331,171,160,206,60,146,0.5,0.6919431279620853,116,57,59,0.475,0.2796208530805687,0.7734138972809668,0.631578947368421,0.925,0.8296943231441049,0.293421052631579,0.6941747572815534,0.9310344827586207,-0.23685972547706724,0.5959715639810427,0.37731042654028435,9,3,6,0.026470588235294117,0.017241379310344827,0.03614457831325301,256,108,148,640.0,270.0,370.0,0.0,0,0,0,0.5,0.49999999999999983,"psych_curve(xdata=array([-70.,  -8.,  -4.,  -2.,   0.,   2.,   4.,   8.,  70.]), ydata=[0.311, 0.333, 0.5, 0.583, 0.846, 0.625, 0.8, 0.923, 0.982], fit=[0.28, 0.28, 0.28, 0.28, 0.28, 0.28, 0.28, 0.28, 0.28, 0.28, 0.28, 0.28, 0.28, 0.28, 0.28, 0.28, 0.28, 0.28, 0.28, 0.28, 0.28, 0.28, 0.28, 0.28, 0.28, 0.28, 0.28, 0.28, 0.28, 0.28, 0.281, 0.281, 0.282, 0.282, 0.283, 0.285, 0.286, 0.289, 0.293, 0.299, 0.307, 0.319, 0.335, 0.356, 0.385, 0.422, 0.468, 0.523, 0.583, 0.646, 0.708, 0.765, 0.813, 0.853, 0.885, 0.909, 0.926, 0.939, 0.948, 0.955, 0.959, 0.963, 0.965, 0.966, 0.968, 0.968, 0.969, 0.969, 0.969, 0.97, 0.97, 0.97, 0.97, 0.97, 0.97, 0.97, 0.97, 0.97, 0.97, 0.97, 0.97, 0.97, 0.97, 0.97, 0.97, 0.97, 0.97, 0.97, 0.97, 0.97, 0.97, 0.97, 0.97, 0.97, 0.97, 0.97, 0.97, 0.97, 0.97, 0.97], params=[0.26, -1.18, 0.28, 0.03], fit_error=[0.043, 0.126, 0.121, 0.149, 0.104, 0.125, 0.107, 0.077, 0.013])",[-70.  -8.  -4.  -2.   0.   2.   4.   8.  70.],"[0.311, 0.333, 0.5, 0.583, 0.846, 0.625, 0.8, 0.923, 0.982]","[0.28, 0.28, 0.28, 0.28, 0.28, 0.28, 0.28, 0.28, 0.28, 0.28, 0.28, 0.28, 0.28, 0.28, 0.28, 0.28, 0.28, 0.28, 0.28, 0.28, 0.28, 0.28, 0.28, 0.28, 0.28, 0.28, 0.28, 0.28, 0.28, 0.28, 0.281, 0.281, 0.282, 0.282, 0.283, 0.285, 0.286, 0.289, 0.293, 0.299, 0.307, 0.319, 0.335, 0.356, 0.385, 0.422, 0.468, 0.523, 0.583, 0.646, 0.708, 0.765, 0.813, 0.853, 0.885, 0.909, 0.926, 0.939, 0.948, 0.955, 0.959, 0.963, 0.965, 0.966, 0.968, 0.968, 0.969, 0.969, 0.969, 0.97, 0.97, 0.97, 0.97, 0.97, 0.97, 0.97, 0.97, 0.97, 0.97, 0.97, 0.97, 0.97, 0.97, 0.97, 0.97, 0.97, 0.97, 0.97, 0.97, 0.97, 0.97, 0.97, 0.97, 0.97, 0.97, 0.97, 0.97, 0.97, 0.97, 0.97]","[0.043, 0.126, 0.121, 0.149, 0.104, 0.125, 0.107, 0.077, 0.013]","[0.26, -1.18, 0.28, 0.03]",0.26,-1.18,0.28,0.03,"psych_curve(xdata=array([-70.,  -8.,  -4.,  -2.,  -0.,   2.,   4.,   8.,  70.]), ydata=[0.292, 0.429, 0.75, 0.533, 0.615, 0.667, 0.9, 1.0, 0.98], fit=[nan, nan, nan, nan, nan, nan, nan, nan, nan, nan, nan, nan, nan, nan, nan, nan, nan, nan, nan, nan, nan, nan, nan, nan, nan, nan, nan, nan, nan, nan, nan, nan, nan, nan, nan, nan, nan, nan, nan, nan, nan, nan, nan, nan, nan, nan, nan, nan, nan, nan, nan, nan, nan, nan, nan, nan, nan, nan, nan, nan, nan, nan, nan, nan, nan, nan, nan, nan, nan, nan, nan, nan, nan, nan, nan, nan, nan, nan, nan, nan, nan, nan, nan, nan, nan, nan, nan, nan, nan, nan, nan, nan, nan, nan, nan, nan, nan, nan, nan, nan], params=[0.2, -0.93, 0.31, -0.02], fit_error=[0.042, 0.137, 0.131, 0.133, 0.14, 0.142, 0.069, 0.0, 0.014])",[-70.  -8.  -4.  -2.   0.   2.   4.   8.  70.],"[0.311, 0.333, 0.5, 0.583, 0.846, 0.625, 0.8, 0.923, 0.982]","[0.28, 0.28, 0.28, 0.28, 0.28, 0.28, 0.28, 0.28, 0.28, 0.28, 0.28, 0.28, 0.28, 0.28, 0.28, 0.28, 0.28, 0.28, 0.28, 0.28, 0.28, 0.28, 0.28, 0.28, 0.28, 0.28, 0.28, 0.28, 0.28, 0.28, 0.281, 0.281, 0.282, 0.282, 0.283, 0.285, 0.286, 0.289, 0.293, 0.299, 0.307, 0.319, 0.335, 0.356, 0.385, 0.422, 0.468, 0.523, 0.583, 0.646, 0.708, 0.765, 0.813, 0.853, 0.885, 0.909, 0.926, 0.939, 0.948, 0.955, 0.959, 0.963, 0.965, 0.966, 0.968, 0.968, 0.969, 0.969, 0.969, 0.97, 0.97, 0.97, 0.97, 0.97, 0.97, 0.97, 0.97, 0.97, 0.97, 0.97, 0.97, 0.97, 0.97, 0.97, 0.97, 0.97, 0.97, 0.97, 0.97, 0.97, 0.97, 0.97, 0.97, 0.97, 0.97, 0.97, 0.97, 0.97, 0.97, 0.97]","[0.043, 0.126, 0.121, 0.149, 0.104, 0.125, 0.107, 0.077, 0.013]","[0.2, -0.93, 0.31, -0.02]",0.2,-0.93,0.31,-0.02,0.0
2025-07-25,4,,20,Bpod5,330,168,162,116,203,212,86,126,132,72,107,77,30,0.6424242424242425,0.5119047619047619,0.7777777777777778,319,163,156,222,70,152,0.603448275862069,0.7487684729064039,88,43,45,0.3706896551724138,0.22167487684729065,0.664576802507837,0.5276073619631901,0.8076923076923077,0.7302325581395349,0.2800849457291176,0.5945945945945946,0.8181818181818182,-0.2235872235872236,0.6761083743842364,0.2961822660098522,11,5,6,0.03333333333333333,0.02976190476190476,0.037037037037037035,212,86,126,530.0,215.0,315.0,0.0,0,0,0,0.5,0.49999999999999983,"psych_curve(xdata=array([-70.,  -8.,  -4.,  -2.,   0.,   2.,   4.,   8.,  70.]), ydata=[0.419, 0.4, 0.588, 0.75, 0.6, 0.545, 0.529, 0.778, 0.908], fit=[0.41, 0.41, 0.41, 0.41, 0.41, 0.41, 0.41, 0.41, 0.41, 0.411, 0.411, 0.411, 0.411, 0.411, 0.411, 0.411, 0.412, 0.412, 0.412, 0.413, 0.413, 0.414, 0.414, 0.415, 0.416, 0.417, 0.418, 0.419, 0.42, 0.422, 0.424, 0.426, 0.429, 0.432, 0.435, 0.44, 0.444, 0.449, 0.455, 0.462, 0.47, 0.479, 0.489, 0.499, 0.511, 0.525, 0.539, 0.554, 0.571, 0.588, 0.606, 0.625, 0.644, 0.664, 0.683, 0.702, 0.721, 0.739, 0.756, 0.772, 0.787, 0.801, 0.814, 0.825, 0.835, 0.845, 0.853, 0.861, 0.867, 0.873, 0.878, 0.882, 0.886, 0.889, 0.892, 0.895, 0.897, 0.899, 0.9, 0.902, 0.903, 0.904, 0.905, 0.905, 0.906, 0.907, 0.907, 0.908, 0.908, 0.908, 0.908, 0.909, 0.909, 0.909, 0.909, 0.909, 0.909, 0.909, 0.91, 0.91], params=[0.11, 4.67, 0.41, 0.09], fit_error=[0.046, 0.163, 0.123, 0.131, 0.163, 0.157, 0.125, 0.082, 0.029])",[-70.  -8.  -4.  -2.   0.   2.   4.   8.  70.],"[0.419, 0.4, 0.588, 0.75, 0.6, 0.545, 0.529, 0.778, 0.908]","[0.41, 0.41, 0.41, 0.41, 0.41, 0.41, 0.41, 0.41, 0.41, 0.411, 0.411, 0.411, 0.411, 0.411, 0.411, 0.411, 0.412, 0.412, 0.412, 0.413, 0.413, 0.414, 0.414, 0.415, 0.416, 0.417, 0.418, 0.419, 0.42, 0.422, 0.424, 0.426, 0.429, 0.432, 0.435, 0.44, 0.444, 0.449, 0.455, 0.462, 0.47, 0.479, 0.489, 0.499, 0.511, 0.525, 0.539, 0.554, 0.571, 0.588, 0.606, 0.625, 0.644, 0.664, 0.683, 0.702, 0.721, 0.739, 0.756, 0.772, 0.787, 0.801, 0.814, 0.825, 0.835, 0.845, 0.853, 0.861, 0.867, 0.873, 0.878, 0.882, 0.886, 0.889, 0.892, 0.895, 0.897, 0.899, 0.9, 0.902, 0.903, 0.904, 0.905, 0.905, 0.906, 0.907, 0.907, 0.908, 0.908, 0.908, 0.908, 0.909, 0.909, 0.909, 0.909, 0.909, 0.909, 0.909, 0.91, 0.91]","[0.046, 0.163, 0.123, 0.131, 0.163, 0.157, 0.125, 0.082, 0.029]","[0.11, 4.67, 0.41, 0.09]",0.11,4.67,0.41,0.09,"psych_curve(xdata=array([-70.,  -8.,  -4.,  -2.,   0.,   2.,   4.,   8.,  70.]), ydata=[0.473, 0.571, 0.722, 0.9, 0.9, 0.615, 0.688, 0.905, 0.958], fit=[nan, nan, nan, nan, nan, nan, nan, nan, nan, nan, nan, nan, nan, nan, nan, nan, nan, nan, nan, nan, nan, nan, nan, nan, nan, nan, nan, nan, nan, nan, nan, nan, nan, nan, nan, nan, nan, nan, nan, nan, nan, nan, nan, nan, nan, nan, nan, nan, nan, nan, nan, nan, nan, nan, nan, nan, nan, nan, nan, nan, nan, nan, nan, nan, nan, nan, nan, nan, nan, nan, nan, nan, nan, nan, nan, nan, nan, nan, nan, nan, nan, nan, nan, nan, nan, nan, nan, nan, nan, nan, nan, nan, nan, nan, nan, nan, nan, nan, nan, nan], params=[0.1, -4.27, 0.47, 0.05], fit_error=[0.047, 0.137, 0.109, 0.1, 0.1, 0.14, 0.12, 0.066, 0.021])",[-70.  -8.  -4.  -2.   0.   2.   4.   8.  70.],"[0.419, 0.4, 0.588, 0.75, 0.6, 0.545, 0.529, 0.778, 0.908]","[0.41, 0.41, 0.41, 0.41, 0.41, 0.41, 0.41, 0.41, 0.41, 0.411, 0.411, 0.411, 0.411, 0.411, 0.411, 0.411, 0.412, 0.412, 0.412, 0.413, 0.413, 0.414, 0.414, 0.415, 0.416, 0.417, 0.418, 0.419, 0.42, 0.422, 0.424, 0.426, 0.429, 0.432, 0.435, 0.44, 0.444, 0.449, 0.455, 0.462, 0.47, 0.479, 0.489, 0.499, 0.511, 0.525, 0.539, 0.554, 0.571, 0.588, 0.606, 0.625, 0.644, 0.664, 0.683, 0.702, 0.721, 0.739, 0.756, 0.772, 0.787, 0.801, 0.814, 0.825, 0.835, 0.845, 0.853, 0.861, 0.867, 0.873, 0.878, 0.882, 0.886, 0.889, 0.892, 0.895, 0.897, 0.899, 0.9, 0.902, 0.903, 0.904, 0.905, 0.905, 0.906, 0.907, 0.907, 0.908, 0.908, 0.908, 0.908, 0.909, 0.909, 0.909, 0.909, 0.909, 0.909, 0.909, 0.91, 0.91]","[0.046, 0.163, 0.123, 0.131, 0.163, 0.157, 0.125, 0.082, 0.029]","[0.1, -4.27, 0.47, 0.05]",0.1,-4.27,0.47,0.05,1.0
2025-07-28,0,,20,Bpod5,340,177,163,213,125,259,155,104,142,116,79,21,58,0.7617647058823529,0.8757062146892656,0.6380368098159509,338,176,162,204,145,59,0.6807511737089202,0.472,132,66,66,0.30985915492957744,0.528,0.7662721893491125,0.8806818181818182,0.6419753086419753,0.8304347826086956,-0.23870650953984296,0.696078431372549,0.8787878787878788,-0.1827094474153298,0.5763755868544601,0.41892957746478876,2,1,1,0.0058823529411764705,0.005649717514124294,0.006134969325153374,259,155,104,647.5,387.5,260.0,0.0,0,0,0,0.5,0.49999999999999983,"psych_curve(xdata=array([-70.,  -8.,  -4.,  -2.,   0.,   2.,   4.,   8.,  70.]), ydata=[0.06, 0.087, 0.3, 0.231, 0.417, 0.286, 0.385, 0.818, 0.719], fit=[0.1, 0.1, 0.1, 0.1, 0.1, 0.1, 0.1, 0.1, 0.1, 0.1, 0.1, 0.1, 0.1, 0.1, 0.1, 0.1, 0.1, 0.1, 0.1, 0.1, 0.1, 0.1, 0.1, 0.1, 0.1, 0.1, 0.1, 0.1, 0.1, 0.1, 0.1, 0.1, 0.1, 0.1, 0.101, 0.101, 0.102, 0.102, 0.103, 0.105, 0.107, 0.111, 0.116, 0.123, 0.134, 0.15, 0.171, 0.201, 0.24, 0.289, 0.347, 0.412, 0.479, 0.543, 0.6, 0.648, 0.685, 0.713, 0.733, 0.748, 0.758, 0.765, 0.77, 0.773, 0.775, 0.777, 0.778, 0.779, 0.779, 0.779, 0.78, 0.78, 0.78, 0.78, 0.78, 0.78, 0.78, 0.78, 0.78, 0.78, 0.78, 0.78, 0.78, 0.78, 0.78, 0.78, 0.78, 0.78, 0.78, 0.78, 0.78, 0.78, 0.78, 0.78, 0.78, 0.78, 0.78, 0.78, 0.78, 0.78], params=[0.28, 2.71, 0.1, 0.22], fit_error=[0.022, 0.06, 0.153, 0.122, 0.103, 0.125, 0.14, 0.122, 0.042])",[-70.  -8.  -4.  -2.   0.   2.   4.   8.  70.],"[0.06, 0.087, 0.3, 0.231, 0.417, 0.286, 0.385, 0.818, 0.719]","[0.1, 0.1, 0.1, 0.1, 0.1, 0.1, 0.1, 0.1, 0.1, 0.1, 0.1, 0.1, 0.1, 0.1, 0.1, 0.1, 0.1, 0.1, 0.1, 0.1, 0.1, 0.1, 0.1, 0.1, 0.1, 0.1, 0.1, 0.1, 0.1, 0.1, 0.1, 0.1, 0.1, 0.1, 0.101, 0.101, 0.102, 0.102, 0.103, 0.105, 0.107, 0.111, 0.116, 0.123, 0.134, 0.15, 0.171, 0.201, 0.24, 0.289, 0.347, 0.412, 0.479, 0.543, 0.6, 0.648, 0.685, 0.713, 0.733, 0.748, 0.758, 0.765, 0.77, 0.773, 0.775, 0.777, 0.778, 0.779, 0.779, 0.779, 0.78, 0.78, 0.78, 0.78, 0.78, 0.78, 0.78, 0.78, 0.78, 0.78, 0.78, 0.78, 0.78, 0.78, 0.78, 0.78, 0.78, 0.78, 0.78, 0.78, 0.78, 0.78, 0.78, 0.78, 0.78, 0.78, 0.78, 0.78, 0.78, 0.78]","[0.022, 0.06, 0.153, 0.122, 0.103, 0.125, 0.14, 0.122, 0.042]","[0.28, 2.71, 0.1, 0.22]",0.28,2.71,0.1,0.22,"psych_curve(xdata=array([-70.,  -8.,  -4.,  -2.,   0.,   2.,   4.,   8.,  70.]), ydata=[0.278, 0.19, 0.692, 0.529, 0.667, 0.556, 0.8, 1.0, 0.947], fit=[nan, nan, nan, nan, nan, nan, nan, nan, nan, nan, nan, nan, nan, nan, nan, nan, nan, nan, nan, nan, nan, nan, nan, nan, nan, nan, nan, nan, nan, nan, nan, nan, nan, nan, nan, nan, nan, nan, nan, nan, nan, nan, nan, nan, nan, nan, nan, nan, nan, nan, nan, nan, nan, nan, nan, nan, nan, nan, nan, nan, nan, nan, nan, nan, nan, nan, nan, nan, nan, nan, nan, nan, nan, nan, nan, nan, nan, nan, nan, nan, nan, nan, nan, nan, nan, nan, nan, nan, nan, nan, nan, nan, nan, nan, nan, nan, nan, nan, nan, nan], params=[0.24, -0.67, 0.24, 0.02], fit_error=[0.042, 0.088, 0.133, 0.125, 0.098, 0.176, 0.133, 0.0, 0.021])",[-70.  -8.  -4.  -2.   0.   2.   4.   8.  70.],"[0.06, 0.087, 0.3, 0.231, 0.417, 0.286, 0.385, 0.818, 0.719]","[0.1, 0.1, 0.1, 0.1, 0.1, 0.1, 0.1, 0.1, 0.1, 0.1, 0.1, 0.1, 0.1, 0.1, 0.1, 0.1, 0.1, 0.1, 0.1, 0.1, 0.1, 0.1, 0.1, 0.1, 0.1, 0.1, 0.1, 0.1, 0.1, 0.1, 0.1, 0.1, 0.1, 0.1, 0.101, 0.101, 0.102, 0.102, 0.103, 0.105, 0.107, 0.111, 0.116, 0.123, 0.134, 0.15, 0.171, 0.201, 0.24, 0.289, 0.347, 0.412, 0.479, 0.543, 0.6, 0.648, 0.685, 0.713, 0.733, 0.748, 0.758, 0.765, 0.77, 0.773, 0.775, 0.777, 0.778, 0.779, 0.779, 0.779, 0.78, 0.78, 0.78, 0.78, 0.78, 0.78, 0.78, 0.78, 0.78, 0.78, 0.78, 0.78, 0.78, 0.78, 0.78, 0.78, 0.78, 0.78, 0.78, 0.78, 0.78, 0.78, 0.78, 0.78, 0.78, 0.78, 0.78, 0.78, 0.78, 0.78]","[0.022, 0.06, 0.153, 0.122, 0.103, 0.125, 0.14, 0.122, 0.042]","[0.24, -0.67, 0.24, 0.02]",0.24,-0.67,0.24,0.02,0.0
2025-07-29,1,,20,Bpod5,335,173,162,183,152,243,132,111,147,95,92,41,51,0.7253731343283583,0.7630057803468208,0.6851851851851852,335,173,162,230,130,100,0.7103825136612022,0.6578947368421053,104,52,52,0.28415300546448086,0.34210526315789475,0.7253731343283583,0.7630057803468208,0.6851851851851852,0.8009259259259259,-0.07782059516163553,0.6391304347826087,0.9134615384615384,-0.27433110367892977,0.6841386252516537,0.31312913431118783,0,0,0,0.0,0.0,0.0,243,132,111,607.5,330.0,277.5,0.0,0,0,0,0.5,0.4999999999999999,"psych_curve(xdata=array([-70.,  -8.,  -4.,  -2.,   0.,   2.,   4.,   8.,  70.]), ydata=[0.202, 0.333, 0.2, 0.533, 0.474, 0.478, 0.5, 0.6, 0.804], fit=[0.2, 0.2, 0.2, 0.2, 0.2, 0.2, 0.2, 0.2, 0.2, 0.2, 0.2, 0.2, 0.2, 0.2, 0.2, 0.2, 0.201, 0.201, 0.201, 0.201, 0.201, 0.201, 0.202, 0.202, 0.203, 0.203, 0.204, 0.205, 0.206, 0.207, 0.208, 0.21, 0.212, 0.215, 0.218, 0.222, 0.227, 0.232, 0.239, 0.247, 0.256, 0.267, 0.28, 0.294, 0.311, 0.33, 0.352, 0.375, 0.401, 0.428, 0.457, 0.486, 0.516, 0.545, 0.574, 0.601, 0.626, 0.65, 0.671, 0.69, 0.706, 0.721, 0.734, 0.744, 0.754, 0.761, 0.768, 0.773, 0.778, 0.782, 0.785, 0.788, 0.79, 0.792, 0.793, 0.794, 0.795, 0.796, 0.797, 0.797, 0.798, 0.798, 0.799, 0.799, 0.799, 0.799, 0.799, 0.799, 0.8, 0.8, 0.8, 0.8, 0.8, 0.8, 0.8, 0.8, 0.8, 0.8, 0.8, 0.8], params=[0.14, 2.79, 0.2, 0.2], fit_error=[0.036, 0.167, 0.092, 0.133, 0.118, 0.106, 0.121, 0.131, 0.042])",[-70.  -8.  -4.  -2.   0.   2.   4.   8.  70.],"[0.202, 0.333, 0.2, 0.533, 0.474, 0.478, 0.5, 0.6, 0.804]","[0.2, 0.2, 0.2, 0.2, 0.2, 0.2, 0.2, 0.2, 0.2, 0.2, 0.2, 0.2, 0.2, 0.2, 0.2, 0.2, 0.201, 0.201, 0.201, 0.201, 0.201, 0.201, 0.202, 0.202, 0.203, 0.203, 0.204, 0.205, 0.206, 0.207, 0.208, 0.21, 0.212, 0.215, 0.218, 0.222, 0.227, 0.232, 0.239, 0.247, 0.256, 0.267, 0.28, 0.294, 0.311, 0.33, 0.352, 0.375, 0.401, 0.428, 0.457, 0.486, 0.516, 0.545, 0.574, 0.601, 0.626, 0.65, 0.671, 0.69, 0.706, 0.721, 0.734, 0.744, 0.754, 0.761, 0.768, 0.773, 0.778, 0.782, 0.785, 0.788, 0.79, 0.792, 0.793, 0.794, 0.795, 0.796, 0.797, 0.797, 0.798, 0.798, 0.799, 0.799, 0.799, 0.799, 0.799, 0.799, 0.8, 0.8, 0.8, 0.8, 0.8, 0.8, 0.8, 0.8, 0.8, 0.8, 0.8, 0.8]","[0.036, 0.167, 0.092, 0.133, 0.118, 0.106, 0.121, 0.131, 0.042]","[0.14, 2.79, 0.2, 0.2]",0.14,2.79,0.2,0.2,"psych_curve(xdata=array([-70.,  -8.,  -4.,  -2.,   0.,   2.,   4.,   8.,  70.]), ydata=[0.341, 0.5, 0.765, 0.882, 0.895, 0.762, 1.0, 0.8, 0.989], fit=[nan, nan, nan, nan, nan, nan, nan, nan, nan, nan, nan, nan, nan, nan, nan, nan, nan, nan, nan, nan, nan, nan, nan, nan, nan, nan, nan, nan, nan, nan, nan, nan, nan, nan, nan, nan, nan, nan, nan, nan, nan, nan, nan, nan, nan, nan, nan, nan, nan, nan, nan, nan, nan, nan, nan, nan, nan, nan, nan, nan, nan, nan, nan, nan, nan, nan, nan, nan, nan, nan, nan, nan, nan, nan, nan, nan, nan, nan, nan, nan, nan, nan, nan, nan, nan, nan, nan, nan, nan, nan, nan, nan, nan, nan, nan, nan, nan, nan, nan, nan], params=[0.55, -6.32, 0.34, 0.1], fit_error=[0.043, 0.139, 0.106, 0.081, 0.072, 0.095, 0.0, 0.133, 0.011])",[-70.  -8.  -4.  -2.   0.   2.   4.   8.  70.],"[0.202, 0.333, 0.2, 0.533, 0.474, 0.478, 0.5, 0.6, 0.804]","[0.2, 0.2, 0.2, 0.2, 0.2, 0.2, 0.2, 0.2, 0.2, 0.2, 0.2, 0.2, 0.2, 0.2, 0.2, 0.2, 0.201, 0.201, 0.201, 0.201, 0.201, 0.201, 0.202, 0.202, 0.203, 0.203, 0.204, 0.205, 0.206, 0.207, 0.208, 0.21, 0.212, 0.215, 0.218, 0.222, 0.227, 0.232, 0.239, 0.247, 0.256, 0.267, 0.28, 0.294, 0.311, 0.33, 0.352, 0.375, 0.401, 0.428, 0.457, 0.486, 0.516, 0.545, 0.574, 0.601, 0.626, 0.65, 0.671, 0.69, 0.706, 0.721, 0.734, 0.744, 0.754, 0.761, 0.768, 0.773, 0.778, 0.782, 0.785, 0.788, 0.79, 0.792, 0.793, 0.794, 0.795, 0.796, 0.797, 0.797, 0.798, 0.798, 0.799, 0.799, 0.799, 0.799, 0.799, 0.799, 0.8, 0.8, 0.8, 0.8, 0.8, 0.8, 0.8, 0.8, 0.8, 0.8, 0.8, 0.8]","[0.036, 0.167, 0.092, 0.133, 0.118, 0.106, 0.121, 0.131, 0.042]","[0.55, -6.32, 0.34, 0.1]",0.55,-6.32,0.34,0.1,1.0
2025-07-30,2,,20,Bpod5,342,184,158,228,112,268,170,98,139,128,72,14,58,0.783625730994152,0.9239130434782609,0.620253164556962,340,184,156,196,155,41,0.6798245614035088,0.36607142857142855,142,71,71,0.31140350877192985,0.6339285714285714,0.788235294117647,0.9239130434782609,0.6282051282051282,0.8475336322869955,-0.29570791527313267,0.7091836734693877,0.9014084507042254,-0.19222477723483766,0.5229479949874687,0.4726660401002506,2,0,2,0.005847953216374269,0.0,0.012658227848101266,268,170,98,670.0,425.0,245.0,0.0,0,0,0,0.5,0.49999999999999983,"psych_curve(xdata=array([-70.,  -8.,  -4.,  -2.,   0.,   2.,   4.,   8.,  70.]), ydata=[0.035, 0.043, 0.077, 0.222, 0.231, 0.308, 0.333, 0.591, 0.722], fit=[0.03, 0.03, 0.03, 0.03, 0.03, 0.03, 0.03, 0.03, 0.03, 0.03, 0.03, 0.03, 0.03, 0.03, 0.03, 0.03, 0.03, 0.03, 0.03, 0.03, 0.03, 0.03, 0.03, 0.03, 0.03, 0.03, 0.03, 0.03, 0.03, 0.03, 0.03, 0.03, 0.03, 0.031, 0.031, 0.031, 0.032, 0.033, 0.034, 0.036, 0.038, 0.042, 0.047, 0.054, 0.064, 0.078, 0.097, 0.122, 0.156, 0.199, 0.25, 0.309, 0.372, 0.436, 0.496, 0.55, 0.594, 0.63, 0.658, 0.678, 0.693, 0.704, 0.712, 0.717, 0.721, 0.724, 0.726, 0.727, 0.728, 0.729, 0.729, 0.729, 0.73, 0.73, 0.73, 0.73, 0.73, 0.73, 0.73, 0.73, 0.73, 0.73, 0.73, 0.73, 0.73, 0.73, 0.73, 0.73, 0.73, 0.73, 0.73, 0.73, 0.73, 0.73, 0.73, 0.73, 0.73, 0.73, 0.73, 0.73], params=[0.26, 3.71, 0.03, 0.27], fit_error=[0.017, 0.043, 0.077, 0.082, 0.122, 0.133, 0.211, 0.107, 0.043])",[-70.  -8.  -4.  -2.   0.   2.   4.   8.  70.],"[0.035, 0.043, 0.077, 0.222, 0.231, 0.308, 0.333, 0.591, 0.722]","[0.03, 0.03, 0.03, 0.03, 0.03, 0.03, 0.03, 0.03, 0.03, 0.03, 0.03, 0.03, 0.03, 0.03, 0.03, 0.03, 0.03, 0.03, 0.03, 0.03, 0.03, 0.03, 0.03, 0.03, 0.03, 0.03, 0.03, 0.03, 0.03, 0.03, 0.03, 0.03, 0.03, 0.031, 0.031, 0.031, 0.032, 0.033, 0.034, 0.036, 0.038, 0.042, 0.047, 0.054, 0.064, 0.078, 0.097, 0.122, 0.156, 0.199, 0.25, 0.309, 0.372, 0.436, 0.496, 0.55, 0.594, 0.63, 0.658, 0.678, 0.693, 0.704, 0.712, 0.717, 0.721, 0.724, 0.726, 0.727, 0.728, 0.729, 0.729, 0.729, 0.73, 0.73, 0.73, 0.73, 0.73, 0.73, 0.73, 0.73, 0.73, 0.73, 0.73, 0.73, 0.73, 0.73, 0.73, 0.73, 0.73, 0.73, 0.73, 0.73, 0.73, 0.73, 0.73, 0.73, 0.73, 0.73, 0.73, 0.73]","[0.017, 0.043, 0.077, 0.082, 0.122, 0.133, 0.211, 0.107, 0.043]","[0.26, 3.71, 0.03, 0.27]",0.26,3.71,0.03,0.27,"psych_curve(xdata=array([-70.,  -8.,  -4.,  -2.,   0.,   2.,   4.,   8.,  70.]), ydata=[0.227, 0.381, 0.3, 0.579, 0.769, 0.81, 0.778, 0.917, 0.957], fit=[nan, nan, nan, nan, nan, nan, nan, nan, nan, nan, nan, nan, nan, nan, nan, nan, nan, nan, nan, nan, nan, nan, nan, nan, nan, nan, nan, nan, nan, nan, nan, nan, nan, nan, nan, nan, nan, nan, nan, nan, nan, nan, nan, nan, nan, nan, nan, nan, nan, nan, nan, nan, nan, nan, nan, nan, nan, nan, nan, nan, nan, nan, nan, nan, nan, nan, nan, nan, nan, nan, nan, nan, nan, nan, nan, nan, nan, nan, nan, nan, nan, nan, nan, nan, nan, nan, nan, nan, nan, nan, nan, nan, nan, nan, nan, nan, nan, nan, nan, nan], params=[0.89, -1.75, 0.29, 0.13], fit_error=[0.037, 0.109, 0.153, 0.116, 0.122, 0.088, 0.147, 0.058, 0.021])",[-70.  -8.  -4.  -2.   0.   2.   4.   8.  70.],"[0.035, 0.043, 0.077, 0.222, 0.231, 0.308, 0.333, 0.591, 0.722]","[0.03, 0.03, 0.03, 0.03, 0.03, 0.03, 0.03, 0.03, 0.03, 0.03, 0.03, 0.03, 0.03, 0.03, 0.03, 0.03, 0.03, 0.03, 0.03, 0.03, 0.03, 0.03, 0.03, 0.03, 0.03, 0.03, 0.03, 0.03, 0.03, 0.03, 0.03, 0.03, 0.03, 0.031, 0.031, 0.031, 0.032, 0.033, 0.034, 0.036, 0.038, 0.042, 0.047, 0.054, 0.064, 0.078, 0.097, 0.122, 0.156, 0.199, 0.25, 0.309, 0.372, 0.436, 0.496, 0.55, 0.594, 0.63, 0.658, 0.678, 0.693, 0.704, 0.712, 0.717, 0.721, 0.724, 0.726, 0.727, 0.728, 0.729, 0.729, 0.729, 0.73, 0.73, 0.73, 0.73, 0.73, 0.73, 0.73, 0.73, 0.73, 0.73, 0.73, 0.73, 0.73, 0.73, 0.73, 0.73, 0.73, 0.73, 0.73, 0.73, 0.73, 0.73, 0.73, 0.73, 0.73, 0.73, 0.73, 0.73]","[0.017, 0.043, 0.077, 0.082, 0.122, 0.133, 0.211, 0.107, 0.043]","[0.89, -1.75, 0.29, 0.13]",0.89,-1.75,0.29,0.13,0.0
2025-07-31,3,,20,Bpod5,338,170,168,232,80,233,157,76,144,81,79,4,75,0.6893491124260355,0.9235294117647059,0.4523809523809524,312,161,151,210,178,32,0.7672413793103449,0.4,90,47,43,0.2025862068965517,0.5375,0.7467948717948718,0.9751552795031055,0.5033112582781457,0.8348623853211009,-0.47184402122495983,0.6857142857142857,0.9,-0.2142857142857143,0.5836206896551724,0.37004310344827585,26,9,17,0.07692307692307693,0.052941176470588235,0.10119047619047619,233,157,76,582.5,392.5,190.0,0.0,0,0,0,0.5,0.49999999999999983,"psych_curve(xdata=array([-70.,  -8.,  -4.,  -2.,   0.,   2.,   4.,   8.,  70.]), ydata=[0.009, 0.0, 0.0, 0.091, 0.2, 0.176, 0.1, 0.294, 0.657], fit=[-0.01, -0.01, -0.01, -0.01, -0.01, -0.01, -0.01, -0.01, -0.01, -0.01, -0.01, -0.01, -0.01, -0.01, -0.01, -0.01, -0.01, -0.01, -0.01, -0.01, -0.01, -0.01, -0.01, -0.01, -0.01, -0.009, -0.009, -0.009, -0.009, -0.009, -0.008, -0.008, -0.007, -0.007, -0.006, -0.005, -0.003, -0.002, 0.001, 0.003, 0.006, 0.01, 0.015, 0.022, 0.029, 0.038, 0.049, 0.063, 0.079, 0.098, 0.12, 0.145, 0.174, 0.206, 0.24, 0.276, 0.314, 0.352, 0.389, 0.424, 0.458, 0.488, 0.515, 0.539, 0.56, 0.578, 0.593, 0.605, 0.616, 0.624, 0.631, 0.637, 0.641, 0.645, 0.648, 0.65, 0.652, 0.654, 0.655, 0.656, 0.657, 0.658, 0.658, 0.658, 0.659, 0.659, 0.659, 0.659, 0.659, 0.66, 0.66, 0.66, 0.66, 0.66, 0.66, 0.66, 0.66, 0.66, 0.66, 0.66], params=[0.16, 9.61, -0.01, 0.34], fit_error=[0.009, 0.0, 0.0, 0.091, 0.133, 0.095, 0.1, 0.114, 0.047])",[-70.  -8.  -4.  -2.   0.   2.   4.   8.  70.],"[0.009, 0.0, 0.0, 0.091, 0.2, 0.176, 0.1, 0.294, 0.657]","[-0.01, -0.01, -0.01, -0.01, -0.01, -0.01, -0.01, -0.01, -0.01, -0.01, -0.01, -0.01, -0.01, -0.01, -0.01, -0.01, -0.01, -0.01, -0.01, -0.01, -0.01, -0.01, -0.01, -0.01, -0.01, -0.009, -0.009, -0.009, -0.009, -0.009, -0.008, -0.008, -0.007, -0.007, -0.006, -0.005, -0.003, -0.002, 0.001, 0.003, 0.006, 0.01, 0.015, 0.022, 0.029, 0.038, 0.049, 0.063, 0.079, 0.098, 0.12, 0.145, 0.174, 0.206, 0.24, 0.276, 0.314, 0.352, 0.389, 0.424, 0.458, 0.488, 0.515, 0.539, 0.56, 0.578, 0.593, 0.605, 0.616, 0.624, 0.631, 0.637, 0.641, 0.645, 0.648, 0.65, 0.652, 0.654, 0.655, 0.656, 0.657, 0.658, 0.658, 0.658, 0.659, 0.659, 0.659, 0.659, 0.659, 0.66, 0.66, 0.66, 0.66, 0.66, 0.66, 0.66, 0.66, 0.66, 0.66, 0.66]","[0.009, 0.0, 0.0, 0.091, 0.133, 0.095, 0.1, 0.114, 0.047]","[0.16, 9.61, -0.01, 0.34]",0.16,9.61,-0.01,0.34,"psych_curve(xdata=array([-70.,  -8.,  -4.,  -2.,  -0.,   2.,   4.,   8.,  70.]), ydata=[0.3, 0.714, 0.6, 0.824, 0.9, 0.909, 0.812, 0.857, 0.981], fit=[nan, nan, nan, nan, nan, nan, nan, nan, nan, nan, nan, nan, nan, nan, nan, nan, nan, nan, nan, nan, nan, nan, nan, nan, nan, nan, nan, nan, nan, nan, nan, nan, nan, nan, nan, nan, nan, nan, nan, nan, nan, nan, nan, nan, nan, nan, nan, nan, nan, nan, nan, nan, nan, nan, nan, nan, nan, nan, nan, nan, nan, nan, nan, nan, nan, nan, nan, nan, nan, nan, nan, nan, nan, nan, nan, nan, nan, nan, nan, nan, nan, nan, nan, nan, nan, nan, nan, nan, nan, nan, nan, nan, nan, nan, nan, nan, nan, nan, nan, nan], params=[0.12, -9.99, 0.3, 0.03], fit_error=[0.046, 0.125, 0.163, 0.095, 0.1, 0.091, 0.101, 0.097, 0.013])",[-70.  -8.  -4.  -2.   0.   2.   4.   8.  70.],"[0.009, 0.0, 0.0, 0.091, 0.2, 0.176, 0.1, 0.294, 0.657]","[-0.01, -0.01, -0.01, -0.01, -0.01, -0.01, -0.01, -0.01, -0.01, -0.01, -0.01, -0.01, -0.01, -0.01, -0.01, -0.01, -0.01, -0.01, -0.01, -0.01, -0.01, -0.01, -0.01, -0.01, -0.01, -0.009, -0.009, -0.009, -0.009, -0.009, -0.008, -0.008, -0.007, -0.007, -0.006, -0.005, -0.003, -0.002, 0.001, 0.003, 0.006, 0.01, 0.015, 0.022, 0.029, 0.038, 0.049, 0.063, 0.079, 0.098, 0.12, 0.145, 0.174, 0.206, 0.24, 0.276, 0.314, 0.352, 0.389, 0.424, 0.458, 0.488, 0.515, 0.539, 0.56, 0.578, 0.593, 0.605, 0.616, 0.624, 0.631, 0.637, 0.641, 0.645, 0.648, 0.65, 0.652, 0.654, 0.655, 0.656, 0.657, 0.658, 0.658, 0.658, 0.659, 0.659, 0.659, 0.659, 0.659, 0.66, 0.66, 0.66, 0.66, 0.66, 0.66, 0.66, 0.66, 0.66, 0.66, 0.66]","[0.009, 0.0, 0.0, 0.091, 0.133, 0.095, 0.1, 0.114, 0.047]","[0.12, -9.99, 0.3, 0.03]",0.12,-9.99,0.3,0.03,0.0
2025-08-01,4,,20,Bpod5,328,169,159,124,187,200,87,113,124,69,111,74,37,0.6097560975609756,0.514792899408284,0.710691823899371,311,161,150,216,76,140,0.6129032258064516,0.7486631016042781,83,42,41,0.3387096774193548,0.2192513368983957,0.6430868167202572,0.5403726708074534,0.7533333333333333,0.7087378640776699,0.21296066252587986,0.5740740740740741,0.8313253012048193,-0.2572512271307452,0.6807831637053648,0.27898050715887523,17,8,9,0.051829268292682924,0.047337278106508875,0.05660377358490566,200,87,113,500.0,217.5,282.5,0.0,0,0,0,0.5,0.49999999999999983,"psych_curve(xdata=array([-70.,  -8.,  -4.,  -2.,   0.,   2.,   4.,   8.,  70.]), ydata=[0.434, 0.75, 0.391, 0.667, 0.389, 0.455, 0.474, 0.769, 0.86], fit=[4.91, 4.91, 4.91, 4.91, 4.91, 4.91, 4.91, 4.91, 4.91, 4.91, 4.91, 4.91, 4.91, 4.91, 4.91, 4.91, 4.91, 4.91, 4.91, 4.91, 4.91, 4.91, 4.91, 4.91, 4.91, 4.91, 4.91, 4.91, 4.91, 4.91, 4.91, 4.91, 4.91, 4.91, 4.91, 4.91, 4.91, 4.91, 4.91, 4.91, 4.91, 4.91, 4.91, 4.91, 4.91, 4.91, 4.91, 4.91, 4.91, 4.91, 4.91, 4.91, 4.91, 4.91, 4.91, 4.91, 4.91, 4.91, 4.91, 4.91, 4.91, 4.91, 4.91, 4.91, 4.91, 4.91, 4.91, 4.91, 4.91, 4.91, 4.91, 4.91, 4.91, 4.91, 4.91, 4.91, 4.91, 4.91, 4.91, 4.91, 4.91, 4.91, 4.91, 4.91, 4.91, 4.91, 4.91, 4.91, 4.91, 4.91, 4.91, 4.91, 4.91, 4.91, 4.91, 4.91, 4.91, 4.91, 4.91, 4.91], params=[0.0, 1120.57, -2.83, -11.65], fit_error=[0.048, 0.131, 0.104, 0.167, 0.118, 0.157, 0.118, 0.122, 0.035])",[-70.  -8.  -4.  -2.   0.   2.   4.   8.  70.],"[0.434, 0.75, 0.391, 0.667, 0.389, 0.455, 0.474, 0.769, 0.86]","[4.91, 4.91, 4.91, 4.91, 4.91, 4.91, 4.91, 4.91, 4.91, 4.91, 4.91, 4.91, 4.91, 4.91, 4.91, 4.91, 4.91, 4.91, 4.91, 4.91, 4.91, 4.91, 4.91, 4.91, 4.91, 4.91, 4.91, 4.91, 4.91, 4.91, 4.91, 4.91, 4.91, 4.91, 4.91, 4.91, 4.91, 4.91, 4.91, 4.91, 4.91, 4.91, 4.91, 4.91, 4.91, 4.91, 4.91, 4.91, 4.91, 4.91, 4.91, 4.91, 4.91, 4.91, 4.91, 4.91, 4.91, 4.91, 4.91, 4.91, 4.91, 4.91, 4.91, 4.91, 4.91, 4.91, 4.91, 4.91, 4.91, 4.91, 4.91, 4.91, 4.91, 4.91, 4.91, 4.91, 4.91, 4.91, 4.91, 4.91, 4.91, 4.91, 4.91, 4.91, 4.91, 4.91, 4.91, 4.91, 4.91, 4.91, 4.91, 4.91, 4.91, 4.91, 4.91, 4.91, 4.91, 4.91, 4.91, 4.91]","[0.048, 0.131, 0.104, 0.167, 0.118, 0.157, 0.118, 0.122, 0.035]","[0.0, 1120.57, -2.83, -11.65]",0.0,1120.57,-2.83,-11.65,"psych_curve(xdata=array([-70.,  -8.,  -4.,  -2.,  -0.,   2.,   4.,   8.,  70.]), ydata=[0.486, 0.688, 0.75, 0.75, 0.824, 0.625, 0.857, 1.0, 0.925], fit=[nan, nan, nan, nan, nan, nan, nan, nan, nan, nan, nan, nan, nan, nan, nan, nan, nan, nan, nan, nan, nan, nan, nan, nan, nan, nan, nan, nan, nan, nan, nan, nan, nan, nan, nan, nan, nan, nan, nan, nan, nan, nan, nan, nan, nan, nan, nan, nan, nan, nan, nan, nan, nan, nan, nan, nan, nan, nan, nan, nan, nan, nan, nan, nan, nan, nan, nan, nan, nan, nan, nan, nan, nan, nan, nan, nan, nan, nan, nan, nan, nan, nan, nan, nan, nan, nan, nan, nan, nan, nan, nan, nan, nan, nan, nan, nan, nan, nan, nan, nan], params=[0.13, -4.08, 0.49, 0.05], fit_error=[0.049, 0.12, 0.099, 0.131, 0.095, 0.183, 0.078, 0.0, 0.028])",[-70.  -8.  -4.  -2.   0.   2.   4.   8.  70.],"[0.434, 0.75, 0.391, 0.667, 0.389, 0.455, 0.474, 0.769, 0.86]","[4.91, 4.91, 4.91, 4.91, 4.91, 4.91, 4.91, 4.91, 4.91, 4.91, 4.91, 4.91, 4.91, 4.91, 4.91, 4.91, 4.91, 4.91, 4.91, 4.91, 4.91, 4.91, 4.91, 4.91, 4.91, 4.91, 4.91, 4.91, 4.91, 4.91, 4.91, 4.91, 4.91, 4.91, 4.91, 4.91, 4.91, 4.91, 4.91, 4.91, 4.91, 4.91, 4.91, 4.91, 4.91, 4.91, 4.91, 4.91, 4.91, 4.91, 4.91, 4.91, 4.91, 4.91, 4.91, 4.91, 4.91, 4.91, 4.91, 4.91, 4.91, 4.91, 4.91, 4.91, 4.91, 4.91, 4.91, 4.91, 4.91, 4.91, 4.91, 4.91, 4.91, 4.91, 4.91, 4.91, 4.91, 4.91, 4.91, 4.91, 4.91, 4.91, 4.91, 4.91, 4.91, 4.91, 4.91, 4.91, 4.91, 4.91, 4.91, 4.91, 4.91, 4.91, 4.91, 4.91, 4.91, 4.91, 4.91, 4.91]","[0.048, 0.131, 0.104, 0.167, 0.118, 0.157, 0.118, 0.122, 0.035]","[0.13, -4.08, 0.49, 0.05]",0.13,-4.08,0.49,0.05,1.0
2025-08-05,1,,20,Bpod5,240,125,115,118,122,229,116,113,118,110,11,9,2,0.9541666666666667,0.928,0.9826086956521739,240,125,115,128,62,66,0.5254237288135594,0.5409836065573771,111,55,56,0.4661016949152542,0.45901639344262296,0.9541666666666667,0.928,0.9826086956521739,0.9541666666666667,0.054608695652173855,0.921875,0.990990990990991,-0.06911599099099097,0.5332036676854682,0.46255904417893856,0,0,0,0.0,0.0,0.0,229,116,113,572.5,290.0,282.5,0.0,0,0,0,0.0,0.4999999999999998,"psych_curve(xdata=array([-70.,  70.]), ydata=[0.072, 0.983], fit=[0.07, 0.07, 0.07, 0.07, 0.07, 0.07, 0.07, 0.07, 0.07, 0.07, 0.07, 0.07, 0.07, 0.07, 0.07, 0.07, 0.07, 0.07, 0.07, 0.07, 0.07, 0.07, 0.07, 0.07, 0.07, 0.07, 0.07, 0.07, 0.07, 0.07, 0.07, 0.07, 0.07, 0.07, 0.07, 0.07, 0.07, 0.07, 0.07, 0.07, 0.07, 0.07, 0.07, 0.07, 0.07, 0.071, 0.072, 0.08, 0.108, 0.21, 0.459, 0.756, 0.913, 0.963, 0.976, 0.979, 0.98, 0.98, 0.98, 0.98, 0.98, 0.98, 0.98, 0.98, 0.98, 0.98, 0.98, 0.98, 0.98, 0.98, 0.98, 0.98, 0.98, 0.98, 0.98, 0.98, 0.98, 0.98, 0.98, 0.98, 0.98, 0.98, 0.98, 0.98, 0.98, 0.98, 0.98, 0.98, 0.98, 0.98, 0.98, 0.98, 0.98, 0.98, 0.98, 0.98, 0.98, 0.98, 0.98, 0.98], params=[1.0, 1.0, 0.07, 0.02], fit_error=[0.023, 0.012])",[-70.  70.],"[0.072, 0.983]","[0.07, 0.07, 0.07, 0.07, 0.07, 0.07, 0.07, 0.07, 0.07, 0.07, 0.07, 0.07, 0.07, 0.07, 0.07, 0.07, 0.07, 0.07, 0.07, 0.07, 0.07, 0.07, 0.07, 0.07, 0.07, 0.07, 0.07, 0.07, 0.07, 0.07, 0.07, 0.07, 0.07, 0.07, 0.07, 0.07, 0.07, 0.07, 0.07, 0.07, 0.07, 0.07, 0.07, 0.07, 0.07, 0.071, 0.072, 0.08, 0.108, 0.21, 0.459, 0.756, 0.913, 0.963, 0.976, 0.979, 0.98, 0.98, 0.98, 0.98, 0.98, 0.98, 0.98, 0.98, 0.98, 0.98, 0.98, 0.98, 0.98, 0.98, 0.98, 0.98, 0.98, 0.98, 0.98, 0.98, 0.98, 0.98, 0.98, 0.98, 0.98, 0.98, 0.98, 0.98, 0.98, 0.98, 0.98, 0.98, 0.98, 0.98, 0.98, 0.98, 0.98, 0.98, 0.98, 0.98, 0.98, 0.98, 0.98, 0.98]","[0.023, 0.012]","[1.0, 1.0, 0.07, 0.02]",1.0,1.0,0.07,0.02,"psych_curve(xdata=array([-70.,  70.]), ydata=[0.083, 0.992], fit=[nan, nan, nan, nan, nan, nan, nan, nan, nan, nan, nan, nan, nan, nan, nan, nan, nan, nan, nan, nan, nan, nan, nan, nan, nan, nan, nan, nan, nan, nan, nan, nan, nan, nan, nan, nan, nan, nan, nan, nan, nan, nan, nan, nan, nan, nan, nan, nan, nan, nan, nan, nan, nan, nan, nan, nan, nan, nan, nan, nan, nan, nan, nan, nan, nan, nan, nan, nan, nan, nan, nan, nan, nan, nan, nan, nan, nan, nan, nan, nan, nan, nan, nan, nan, nan, nan, nan, nan, nan, nan, nan, nan, nan, nan, nan, nan, nan, nan, nan, nan], params=[1.0, 1.0, 0.08, 0.01], fit_error=[0.025, 0.008])",[-70.  70.],"[0.072, 0.983]","[0.07, 0.07, 0.07, 0.07, 0.07, 0.07, 0.07, 0.07, 0.07, 0.07, 0.07, 0.07, 0.07, 0.07, 0.07, 0.07, 0.07, 0.07, 0.07, 0.07, 0.07, 0.07, 0.07, 0.07, 0.07, 0.07, 0.07, 0.07, 0.07, 0.07, 0.07, 0.07, 0.07, 0.07, 0.07, 0.07, 0.07, 0.07, 0.07, 0.07, 0.07, 0.07, 0.07, 0.07, 0.07, 0.071, 0.072, 0.08, 0.108, 0.21, 0.459, 0.756, 0.913, 0.963, 0.976, 0.979, 0.98, 0.98, 0.98, 0.98, 0.98, 0.98, 0.98, 0.98, 0.98, 0.98, 0.98, 0.98, 0.98, 0.98, 0.98, 0.98, 0.98, 0.98, 0.98, 0.98, 0.98, 0.98, 0.98, 0.98, 0.98, 0.98, 0.98, 0.98, 0.98, 0.98, 0.98, 0.98, 0.98, 0.98, 0.98, 0.98, 0.98, 0.98, 0.98, 0.98, 0.98, 0.98, 0.98, 0.98]","[0.023, 0.012]","[1.0, 1.0, 0.08, 0.01]",1.0,1.0,0.08,0.01,
2025-08-06,2,,20,Bpod5,236,121,115,128,108,209,111,98,117,92,27,10,17,0.885593220338983,0.9173553719008265,0.8521739130434782,236,121,115,133,76,57,0.59375,0.5277777777777778,102,51,51,0.3984375,0.4722222222222222,0.885593220338983,0.9173553719008265,0.8521739130434782,0.9545454545454546,-0.06518145885734827,0.8796992481203008,0.9019607843137255,-0.022261536193424747,0.5607638888888888,0.4353298611111111,0,0,0,0.0,0.0,0.0,209,111,98,522.5,277.5,245.0,0.0,0,0,0,0.5,0.4999999999999999,"psych_curve(xdata=array([-70.,  -8.,  -4.,  -2.,   0.,   2.,   4.,   8.,  70.]), ydata=[0.025, 0.0, 0.111, 0.267, 0.625, 0.769, 0.714, 0.583, 0.932], fit=[0.03, 0.03, 0.03, 0.03, 0.03, 0.03, 0.03, 0.03, 0.03, 0.03, 0.03, 0.03, 0.03, 0.03, 0.03, 0.03, 0.03, 0.03, 0.03, 0.03, 0.03, 0.03, 0.03, 0.03, 0.03, 0.03, 0.03, 0.03, 0.03, 0.03, 0.03, 0.03, 0.03, 0.03, 0.03, 0.03, 0.03, 0.03, 0.03, 0.03, 0.03, 0.03, 0.03, 0.03, 0.031, 0.034, 0.048, 0.103, 0.268, 0.524, 0.688, 0.742, 0.756, 0.759, 0.76, 0.76, 0.76, 0.76, 0.76, 0.76, 0.76, 0.76, 0.76, 0.76, 0.76, 0.76, 0.76, 0.76, 0.76, 0.76, 0.76, 0.76, 0.76, 0.76, 0.76, 0.76, 0.76, 0.76, 0.76, 0.76, 0.76, 0.76, 0.76, 0.76, 0.76, 0.76, 0.76, 0.76, 0.76, 0.76, 0.76, 0.76, 0.76, 0.76, 0.76, 0.76, 0.76, 0.76, 0.76, 0.76], params=[1.04, -1.42, 0.03, 0.24], fit_error=[0.018, 0.0, 0.111, 0.118, 0.183, 0.122, 0.125, 0.149, 0.029])",[-70.  -8.  -4.  -2.   0.   2.   4.   8.  70.],"[0.025, 0.0, 0.111, 0.267, 0.625, 0.769, 0.714, 0.583, 0.932]","[0.03, 0.03, 0.03, 0.03, 0.03, 0.03, 0.03, 0.03, 0.03, 0.03, 0.03, 0.03, 0.03, 0.03, 0.03, 0.03, 0.03, 0.03, 0.03, 0.03, 0.03, 0.03, 0.03, 0.03, 0.03, 0.03, 0.03, 0.03, 0.03, 0.03, 0.03, 0.03, 0.03, 0.03, 0.03, 0.03, 0.03, 0.03, 0.03, 0.03, 0.03, 0.03, 0.03, 0.03, 0.031, 0.034, 0.048, 0.103, 0.268, 0.524, 0.688, 0.742, 0.756, 0.759, 0.76, 0.76, 0.76, 0.76, 0.76, 0.76, 0.76, 0.76, 0.76, 0.76, 0.76, 0.76, 0.76, 0.76, 0.76, 0.76, 0.76, 0.76, 0.76, 0.76, 0.76, 0.76, 0.76, 0.76, 0.76, 0.76, 0.76, 0.76, 0.76, 0.76, 0.76, 0.76, 0.76, 0.76, 0.76, 0.76, 0.76, 0.76, 0.76, 0.76, 0.76, 0.76, 0.76, 0.76, 0.76, 0.76]","[0.018, 0.0, 0.111, 0.118, 0.183, 0.122, 0.125, 0.149, 0.029]","[1.04, -1.42, 0.03, 0.24]",1.04,-1.42,0.03,0.24,"psych_curve(xdata=array([-70.,  -8.,  -4.,  -2.,  -0.,   2.,   4.,   8.,  70.]), ydata=[0.069, 0.231, 0.333, 0.286, 0.75, 0.786, 0.824, 0.8, 0.988], fit=[nan, nan, nan, nan, nan, nan, nan, nan, nan, nan, nan, nan, nan, nan, nan, nan, nan, nan, nan, nan, nan, nan, nan, nan, nan, nan, nan, nan, nan, nan, nan, nan, nan, nan, nan, nan, nan, nan, nan, nan, nan, nan, nan, nan, nan, nan, nan, nan, nan, nan, nan, nan, nan, nan, nan, nan, nan, nan, nan, nan, nan, nan, nan, nan, nan, nan, nan, nan, nan, nan, nan, nan, nan, nan, nan, nan, nan, nan, nan, nan, nan, nan, nan, nan, nan, nan, nan, nan, nan, nan, nan, nan, nan, nan, nan, nan, nan, nan, nan, nan], params=[1.62, -0.94, 0.2, 0.15], fit_error=[0.03, 0.122, 0.211, 0.125, 0.164, 0.114, 0.095, 0.133, 0.012])",[-70.  -8.  -4.  -2.   0.   2.   4.   8.  70.],"[0.025, 0.0, 0.111, 0.267, 0.625, 0.769, 0.714, 0.583, 0.932]","[0.03, 0.03, 0.03, 0.03, 0.03, 0.03, 0.03, 0.03, 0.03, 0.03, 0.03, 0.03, 0.03, 0.03, 0.03, 0.03, 0.03, 0.03, 0.03, 0.03, 0.03, 0.03, 0.03, 0.03, 0.03, 0.03, 0.03, 0.03, 0.03, 0.03, 0.03, 0.03, 0.03, 0.03, 0.03, 0.03, 0.03, 0.03, 0.03, 0.03, 0.03, 0.03, 0.03, 0.03, 0.031, 0.034, 0.048, 0.103, 0.268, 0.524, 0.688, 0.742, 0.756, 0.759, 0.76, 0.76, 0.76, 0.76, 0.76, 0.76, 0.76, 0.76, 0.76, 0.76, 0.76, 0.76, 0.76, 0.76, 0.76, 0.76, 0.76, 0.76, 0.76, 0.76, 0.76, 0.76, 0.76, 0.76, 0.76, 0.76, 0.76, 0.76, 0.76, 0.76, 0.76, 0.76, 0.76, 0.76, 0.76, 0.76, 0.76, 0.76, 0.76, 0.76, 0.76, 0.76, 0.76, 0.76, 0.76, 0.76]","[0.018, 0.0, 0.111, 0.118, 0.183, 0.122, 0.125, 0.149, 0.029]","[1.62, -0.94, 0.2, 0.15]",1.62,-0.94,0.2,0.15,
2025-08-07,3,,20,Bpod5,348,187,161,179,169,292,155,137,164,128,56,32,24,0.8390804597701149,0.8288770053475936,0.8509316770186336,348,187,161,207,108,99,0.6033519553072626,0.5857988165680473,140,70,70,0.39106145251396646,0.41420118343195267,0.8390804597701149,0.8288770053475936,0.8509316770186336,0.9427312775330396,0.022054671671040027,0.7922705314009661,0.9142857142857143,-0.12201518288474811,0.594575385937655,0.4026313179729596,0,0,0,0.0,0.0,0.0,292,155,137,730.0,387.5,342.5,0.0,0,0,0,0.5,0.49999999999999983,"psych_curve(xdata=array([-70.,  -8.,  -4.,  -2.,   0.,   2.,   4.,   8.,  70.]), ydata=[0.034, 0.269, 0.375, 0.533, 0.737, 0.471, 0.778, 0.9, 0.917], fit=[0.04, 0.04, 0.04, 0.04, 0.04, 0.04, 0.04, 0.04, 0.04, 0.04, 0.04, 0.04, 0.04, 0.04, 0.04, 0.04, 0.04, 0.04, 0.04, 0.04, 0.04, 0.04, 0.041, 0.041, 0.041, 0.041, 0.042, 0.043, 0.043, 0.044, 0.046, 0.048, 0.05, 0.054, 0.058, 0.064, 0.071, 0.081, 0.094, 0.11, 0.131, 0.156, 0.188, 0.226, 0.272, 0.324, 0.381, 0.443, 0.506, 0.569, 0.629, 0.684, 0.732, 0.774, 0.809, 0.837, 0.861, 0.879, 0.893, 0.904, 0.913, 0.919, 0.924, 0.928, 0.931, 0.933, 0.935, 0.936, 0.937, 0.938, 0.938, 0.939, 0.939, 0.939, 0.939, 0.94, 0.94, 0.94, 0.94, 0.94, 0.94, 0.94, 0.94, 0.94, 0.94, 0.94, 0.94, 0.94, 0.94, 0.94, 0.94, 0.94, 0.94, 0.94, 0.94, 0.94, 0.94, 0.94, 0.94, 0.94], params=[0.2, -2.48, 0.04, 0.06], fit_error=[0.017, 0.089, 0.125, 0.133, 0.104, 0.125, 0.101, 0.1, 0.027])",[-70.  -8.  -4.  -2.   0.   2.   4.   8.  70.],"[0.034, 0.269, 0.375, 0.533, 0.737, 0.471, 0.778, 0.9, 0.917]","[0.04, 0.04, 0.04, 0.04, 0.04, 0.04, 0.04, 0.04, 0.04, 0.04, 0.04, 0.04, 0.04, 0.04, 0.04, 0.04, 0.04, 0.04, 0.04, 0.04, 0.04, 0.04, 0.041, 0.041, 0.041, 0.041, 0.042, 0.043, 0.043, 0.044, 0.046, 0.048, 0.05, 0.054, 0.058, 0.064, 0.071, 0.081, 0.094, 0.11, 0.131, 0.156, 0.188, 0.226, 0.272, 0.324, 0.381, 0.443, 0.506, 0.569, 0.629, 0.684, 0.732, 0.774, 0.809, 0.837, 0.861, 0.879, 0.893, 0.904, 0.913, 0.919, 0.924, 0.928, 0.931, 0.933, 0.935, 0.936, 0.937, 0.938, 0.938, 0.939, 0.939, 0.939, 0.939, 0.94, 0.94, 0.94, 0.94, 0.94, 0.94, 0.94, 0.94, 0.94, 0.94, 0.94, 0.94, 0.94, 0.94, 0.94, 0.94, 0.94, 0.94, 0.94, 0.94, 0.94, 0.94, 0.94, 0.94, 0.94]","[0.017, 0.089, 0.125, 0.133, 0.104, 0.125, 0.101, 0.1, 0.027]","[0.2, -2.48, 0.04, 0.06]",0.2,-2.48,0.04,0.06,"psych_curve(xdata=array([-70.,  -8.,  -4.,  -2.,   0.,   2.,   4.,   8.,  70.]), ydata=[0.089, 0.467, 0.429, 0.786, 0.737, 0.667, 0.923, 0.952, 0.982], fit=[nan, nan, nan, nan, nan, nan, nan, nan, nan, nan, nan, nan, nan, nan, nan, nan, nan, nan, nan, nan, nan, nan, nan, nan, nan, nan, nan, nan, nan, nan, nan, nan, nan, nan, nan, nan, nan, nan, nan, nan, nan, nan, nan, nan, nan, nan, nan, nan, nan, nan, nan, nan, nan, nan, nan, nan, nan, nan, nan, nan, nan, nan, nan, nan, nan, nan, nan, nan, nan, nan, nan, nan, nan, nan, nan, nan, nan, nan, nan, nan, nan, nan, nan, nan, nan, nan, nan, nan, nan, nan, nan, nan, nan, nan, nan, nan, nan, nan, nan, nan], params=[0.18, -4.56, 0.1, -0.0], fit_error=[0.027, 0.133, 0.111, 0.114, 0.104, 0.114, 0.077, 0.048, 0.012])",[-70.  -8.  -4.  -2.   0.   2.   4.   8.  70.],"[0.034, 0.269, 0.375, 0.533, 0.737, 0.471, 0.778, 0.9, 0.917]","[0.04, 0.04, 0.04, 0.04, 0.04, 0.04, 0.04, 0.04, 0.04, 0.04, 0.04, 0.04, 0.04, 0.04, 0.04, 0.04, 0.04, 0.04, 0.04, 0.04, 0.04, 0.04, 0.041, 0.041, 0.041, 0.041, 0.042, 0.043, 0.043, 0.044, 0.046, 0.048, 0.05, 0.054, 0.058, 0.064, 0.071, 0.081, 0.094, 0.11, 0.131, 0.156, 0.188, 0.226, 0.272, 0.324, 0.381, 0.443, 0.506, 0.569, 0.629, 0.684, 0.732, 0.774, 0.809, 0.837, 0.861, 0.879, 0.893, 0.904, 0.913, 0.919, 0.924, 0.928, 0.931, 0.933, 0.935, 0.936, 0.937, 0.938, 0.938, 0.939, 0.939, 0.939, 0.939, 0.94, 0.94, 0.94, 0.94, 0.94, 0.94, 0.94, 0.94, 0.94, 0.94, 0.94, 0.94, 0.94, 0.94, 0.94, 0.94, 0.94, 0.94, 0.94, 0.94, 0.94, 0.94, 0.94, 0.94, 0.94]","[0.017, 0.089, 0.125, 0.133, 0.104, 0.125, 0.101, 0.1, 0.027]","[0.18, -4.56, 0.1, -0.0]",0.18,-4.56,0.1,-0.0,0.0
2025-08-08,4,,20,Bpod5,352,179,173,166,184,308,151,157,175,131,42,27,15,0.875,0.8435754189944135,0.9075144508670521,350,178,172,213,97,116,0.5843373493975904,0.6304347826086957,135,68,67,0.40963855421686746,0.3641304347826087,0.88,0.848314606741573,0.9127906976744186,0.940677966101695,0.06447609093284556,0.8215962441314554,0.9703703703703703,-0.14877412623891495,0.607386066003143,0.38688449449973805,2,1,1,0.005681818181818182,0.00558659217877095,0.005780346820809248,308,151,157,770.0,377.5,392.5,0.0,0,0,0,0.5,0.49999999999999983,"psych_curve(xdata=array([-70.,  -8.,  -4.,  -2.,   0.,   2.,   4.,   8.,  70.]), ydata=[0.101, 0.316, 0.2, 0.2, 0.667, 0.611, 0.667, 1.0, 0.983], fit=[0.16, 0.16, 0.16, 0.16, 0.16, 0.16, 0.16, 0.16, 0.16, 0.16, 0.16, 0.16, 0.16, 0.16, 0.16, 0.16, 0.16, 0.16, 0.16, 0.16, 0.16, 0.16, 0.16, 0.16, 0.16, 0.16, 0.16, 0.16, 0.16, 0.16, 0.16, 0.16, 0.16, 0.16, 0.16, 0.16, 0.161, 0.161, 0.161, 0.162, 0.164, 0.167, 0.171, 0.178, 0.189, 0.208, 0.237, 0.28, 0.342, 0.425, 0.525, 0.631, 0.731, 0.815, 0.878, 0.922, 0.951, 0.97, 0.982, 0.989, 0.993, 0.996, 0.998, 0.999, 0.999, 0.999, 1.0, 1.0, 1.0, 1.0, 1.0, 1.0, 1.0, 1.0, 1.0, 1.0, 1.0, 1.0, 1.0, 1.0, 1.0, 1.0, 1.0, 1.0, 1.0, 1.0, 1.0, 1.0, 1.0, 1.0, 1.0, 1.0, 1.0, 1.0, 1.0, 1.0, 1.0, 1.0, 1.0, 1.0], params=[0.36, 1.44, 0.16, -0.0], fit_error=[0.028, 0.11, 0.092, 0.107, 0.167, 0.118, 0.114, 0.0, 0.012])",[-70.  -8.  -4.  -2.   0.   2.   4.   8.  70.],"[0.101, 0.316, 0.2, 0.2, 0.667, 0.611, 0.667, 1.0, 0.983]","[0.16, 0.16, 0.16, 0.16, 0.16, 0.16, 0.16, 0.16, 0.16, 0.16, 0.16, 0.16, 0.16, 0.16, 0.16, 0.16, 0.16, 0.16, 0.16, 0.16, 0.16, 0.16, 0.16, 0.16, 0.16, 0.16, 0.16, 0.16, 0.16, 0.16, 0.16, 0.16, 0.16, 0.16, 0.16, 0.16, 0.161, 0.161, 0.161, 0.162, 0.164, 0.167, 0.171, 0.178, 0.189, 0.208, 0.237, 0.28, 0.342, 0.425, 0.525, 0.631, 0.731, 0.815, 0.878, 0.922, 0.951, 0.97, 0.982, 0.989, 0.993, 0.996, 0.998, 0.999, 0.999, 0.999, 1.0, 1.0, 1.0, 1.0, 1.0, 1.0, 1.0, 1.0, 1.0, 1.0, 1.0, 1.0, 1.0, 1.0, 1.0, 1.0, 1.0, 1.0, 1.0, 1.0, 1.0, 1.0, 1.0, 1.0, 1.0, 1.0, 1.0, 1.0, 1.0, 1.0, 1.0, 1.0, 1.0, 1.0]","[0.028, 0.11, 0.092, 0.107, 0.167, 0.118, 0.114, 0.0, 0.012]","[0.36, 1.44, 0.16, -0.0]",0.36,1.44,0.16,-0.0,"psych_curve(xdata=array([-70.,  -8.,  -4.,  -2.,   0.,   2.,   4.,   8.,  70.]), ydata=[0.104, 0.3, 0.5, 0.714, 0.778, 1.0, 0.95, 1.0, 0.983], fit=[nan, nan, nan, nan, nan, nan, nan, nan, nan, nan, nan, nan, nan, nan, nan, nan, nan, nan, nan, nan, nan, nan, nan, nan, nan, nan, nan, nan, nan, nan, nan, nan, nan, nan, nan, nan, nan, nan, nan, nan, nan, nan, nan, nan, nan, nan, nan, nan, nan, nan, nan, nan, nan, nan, nan, nan, nan, nan, nan, nan, nan, nan, nan, nan, nan, nan, nan, nan, nan, nan, nan, nan, nan, nan, nan, nan, nan, nan, nan, nan, nan, nan, nan, nan, nan, nan, nan, nan, nan, nan, nan, nan, nan, nan, nan, nan, nan, nan, nan, nan], params=[0.38, -3.61, 0.12, -0.01], fit_error=[0.029, 0.105, 0.121, 0.125, 0.147, 0.0, 0.05, 0.0, 0.012])",[-70.  -8.  -4.  -2.   0.   2.   4.   8.  70.],"[0.101, 0.316, 0.2, 0.2, 0.667, 0.611, 0.667, 1.0, 0.983]","[0.16, 0.16, 0.16, 0.16, 0.16, 0.16, 0.16, 0.16, 0.16, 0.16, 0.16, 0.16, 0.16, 0.16, 0.16, 0.16, 0.16, 0.16, 0.16, 0.16, 0.16, 0.16, 0.16, 0.16, 0.16, 0.16, 0.16, 0.16, 0.16, 0.16, 0.16, 0.16, 0.16, 0.16, 0.16, 0.16, 0.161, 0.161, 0.161, 0.162, 0.164, 0.167, 0.171, 0.178, 0.189, 0.208, 0.237, 0.28, 0.342, 0.425, 0.525, 0.631, 0.731, 0.815, 0.878, 0.922, 0.951, 0.97, 0.982, 0.989, 0.993, 0.996, 0.998, 0.999, 0.999, 0.999, 1.0, 1.0, 1.0, 1.0, 1.0, 1.0, 1.0, 1.0, 1.0, 1.0, 1.0, 1.0, 1.0, 1.0, 1.0, 1.0, 1.0, 1.0, 1.0, 1.0, 1.0, 1.0, 1.0, 1.0, 1.0, 1.0, 1.0, 1.0, 1.0, 1.0, 1.0, 1.0, 1.0, 1.0]","[0.028, 0.11, 0.092, 0.107, 0.167, 0.118, 0.114, 0.0, 0.012]","[0.38, -3.61, 0.12, -0.01]",0.38,-3.61,0.12,-0.01,1.0
2025-08-11,0,,20,Bpod5,343,170,173,208,135,275,155,120,146,128,68,15,53,0.8017492711370262,0.9117647058823529,0.6936416184971098,343,170,173,206,139,67,0.6682692307692307,0.4962962962962963,136,68,68,0.3269230769230769,0.5037037037037037,0.8017492711370262,0.9117647058823529,0.6936416184971098,0.8951965065502183,-0.2181230873852431,0.7087378640776699,0.9411764705882353,-0.23243860651056536,0.5822827635327635,0.4153133903133903,0,0,0,0.0,0.0,0.0,275,155,120,687.5,387.5,300.0,0.0,0,0,0,0.5,0.49999999999999983,"psych_curve(xdata=array([-70.,  -8.,  -4.,  -2.,   0.,   2.,   4.,   8.,  70.]), ydata=[0.018, 0.0, 0.071, 0.278, 0.391, 0.333, 0.4, 0.667, 0.814], fit=[-0.02, -0.02, -0.02, -0.02, -0.02, -0.02, -0.02, -0.02, -0.02, -0.02, -0.02, -0.02, -0.02, -0.02, -0.02, -0.02, -0.02, -0.02, -0.02, -0.02, -0.02, -0.02, -0.02, -0.02, -0.02, -0.02, -0.02, -0.02, -0.02, -0.019, -0.019, -0.019, -0.018, -0.018, -0.017, -0.016, -0.014, -0.012, -0.009, -0.005, 0.001, 0.009, 0.02, 0.034, 0.053, 0.078, 0.11, 0.15, 0.198, 0.255, 0.318, 0.385, 0.453, 0.518, 0.578, 0.63, 0.674, 0.709, 0.737, 0.758, 0.774, 0.787, 0.796, 0.802, 0.807, 0.811, 0.813, 0.815, 0.816, 0.817, 0.818, 0.819, 0.819, 0.819, 0.819, 0.82, 0.82, 0.82, 0.82, 0.82, 0.82, 0.82, 0.82, 0.82, 0.82, 0.82, 0.82, 0.82, 0.82, 0.82, 0.82, 0.82, 0.82, 0.82, 0.82, 0.82, 0.82, 0.82, 0.82, 0.82], params=[0.23, 2.43, -0.02, 0.18], fit_error=[0.013, 0.0, 0.071, 0.109, 0.104, 0.142, 0.131, 0.114, 0.036])",[-70.  -8.  -4.  -2.   0.   2.   4.   8.  70.],"[0.018, 0.0, 0.071, 0.278, 0.391, 0.333, 0.4, 0.667, 0.814]","[-0.02, -0.02, -0.02, -0.02, -0.02, -0.02, -0.02, -0.02, -0.02, -0.02, -0.02, -0.02, -0.02, -0.02, -0.02, -0.02, -0.02, -0.02, -0.02, -0.02, -0.02, -0.02, -0.02, -0.02, -0.02, -0.02, -0.02, -0.02, -0.02, -0.019, -0.019, -0.019, -0.018, -0.018, -0.017, -0.016, -0.014, -0.012, -0.009, -0.005, 0.001, 0.009, 0.02, 0.034, 0.053, 0.078, 0.11, 0.15, 0.198, 0.255, 0.318, 0.385, 0.453, 0.518, 0.578, 0.63, 0.674, 0.709, 0.737, 0.758, 0.774, 0.787, 0.796, 0.802, 0.807, 0.811, 0.813, 0.815, 0.816, 0.817, 0.818, 0.819, 0.819, 0.819, 0.819, 0.82, 0.82, 0.82, 0.82, 0.82, 0.82, 0.82, 0.82, 0.82, 0.82, 0.82, 0.82, 0.82, 0.82, 0.82, 0.82, 0.82, 0.82, 0.82, 0.82, 0.82, 0.82, 0.82, 0.82, 0.82]","[0.013, 0.0, 0.071, 0.109, 0.104, 0.142, 0.131, 0.114, 0.036]","[0.23, 2.43, -0.02, 0.18]",0.23,2.43,-0.02,0.18,"psych_curve(xdata=array([-70.,  -8.,  -4.,  -2.,  -0.,   2.,   4.,   8.,  70.]), ydata=[0.176, 0.312, 0.9, 0.632, 0.783, 0.909, 0.947, 0.938, 0.99], fit=[nan, nan, nan, nan, nan, nan, nan, nan, nan, nan, nan, nan, nan, nan, nan, nan, nan, nan, nan, nan, nan, nan, nan, nan, nan, nan, nan, nan, nan, nan, nan, nan, nan, nan, nan, nan, nan, nan, nan, nan, nan, nan, nan, nan, nan, nan, nan, nan, nan, nan, nan, nan, nan, nan, nan, nan, nan, nan, nan, nan, nan, nan, nan, nan, nan, nan, nan, nan, nan, nan, nan, nan, nan, nan, nan, nan, nan, nan, nan, nan, nan, nan, nan, nan, nan, nan, nan, nan, nan, nan, nan, nan, nan, nan, nan, nan, nan, nan, nan, nan], params=[0.38, -5.87, 0.15, 0.06], fit_error=[0.033, 0.12, 0.1, 0.114, 0.088, 0.091, 0.053, 0.062, 0.01])",[-70.  -8.  -4.  -2.   0.   2.   4.   8.  70.],"[0.018, 0.0, 0.071, 0.278, 0.391, 0.333, 0.4, 0.667, 0.814]","[-0.02, -0.02, -0.02, -0.02, -0.02, -0.02, -0.02, -0.02, -0.02, -0.02, -0.02, -0.02, -0.02, -0.02, -0.02, -0.02, -0.02, -0.02, -0.02, -0.02, -0.02, -0.02, -0.02, -0.02, -0.02, -0.02, -0.02, -0.02, -0.02, -0.019, -0.019, -0.019, -0.018, -0.018, -0.017, -0.016, -0.014, -0.012, -0.009, -0.005, 0.001, 0.009, 0.02, 0.034, 0.053, 0.078, 0.11, 0.15, 0.198, 0.255, 0.318, 0.385, 0.453, 0.518, 0.578, 0.63, 0.674, 0.709, 0.737, 0.758, 0.774, 0.787, 0.796, 0.802, 0.807, 0.811, 0.813, 0.815, 0.816, 0.817, 0.818, 0.819, 0.819, 0.819, 0.819, 0.82, 0.82, 0.82, 0.82, 0.82, 0.82, 0.82, 0.82, 0.82, 0.82, 0.82, 0.82, 0.82, 0.82, 0.82, 0.82, 0.82, 0.82, 0.82, 0.82, 0.82, 0.82, 0.82, 0.82, 0.82]","[0.013, 0.0, 0.071, 0.109, 0.104, 0.142, 0.131, 0.114, 0.036]","[0.38, -5.87, 0.15, 0.06]",0.38,-5.87,0.15,0.06,0.0
2025-08-12,1,,20,Bpod5,323,162,161,44,272,189,39,150,147,39,127,122,5,0.5851393188854489,0.24074074074074073,0.9316770186335404,316,161,155,260,18,242,0.4090909090909091,0.8897058823529411,50,24,26,0.5454545454545454,0.09558823529411764,0.5981012658227848,0.2422360248447205,0.967741935483871,0.6,0.7255059106391505,0.5653846153846154,0.78,-0.21461538461538465,0.6493983957219251,0.3205213903743315,7,1,6,0.021671826625386997,0.006172839506172839,0.037267080745341616,189,39,150,472.5,97.5,375.0,0.0,0,0,0,0.5,0.49999999999999983,"psych_curve(xdata=array([-70.,  -8.,  -4.,  -2.,   0.,   2.,   4.,   8.,  70.]), ydata=[0.708, 0.882, 0.846, 0.818, 1.0, 1.0, 0.952, 1.0, 0.959], fit=[0.71, 0.71, 0.71, 0.71, 0.71, 0.71, 0.71, 0.71, 0.71, 0.71, 0.71, 0.71, 0.71, 0.71, 0.71, 0.71, 0.71, 0.71, 0.71, 0.71, 0.71, 0.71, 0.71, 0.711, 0.711, 0.711, 0.711, 0.712, 0.712, 0.713, 0.714, 0.715, 0.717, 0.72, 0.722, 0.726, 0.731, 0.738, 0.745, 0.755, 0.767, 0.781, 0.797, 0.815, 0.834, 0.853, 0.873, 0.892, 0.909, 0.924, 0.937, 0.948, 0.957, 0.965, 0.971, 0.975, 0.979, 0.981, 0.983, 0.985, 0.986, 0.987, 0.988, 0.988, 0.989, 0.989, 0.989, 0.989, 0.99, 0.99, 0.99, 0.99, 0.99, 0.99, 0.99, 0.99, 0.99, 0.99, 0.99, 0.99, 0.99, 0.99, 0.99, 0.99, 0.99, 0.99, 0.99, 0.99, 0.99, 0.99, 0.99, 0.99, 0.99, 0.99, 0.99, 0.99, 0.99, 0.99, 0.99, 0.99], params=[0.2, -6.6, 0.71, 0.01], fit_error=[0.043, 0.081, 0.104, 0.122, 0.0, 0.0, 0.048, 0.0, 0.02])",[-70.  -8.  -4.  -2.   0.   2.   4.   8.  70.],"[0.708, 0.882, 0.846, 0.818, 1.0, 1.0, 0.952, 1.0, 0.959]","[0.71, 0.71, 0.71, 0.71, 0.71, 0.71, 0.71, 0.71, 0.71, 0.71, 0.71, 0.71, 0.71, 0.71, 0.71, 0.71, 0.71, 0.71, 0.71, 0.71, 0.71, 0.71, 0.71, 0.711, 0.711, 0.711, 0.711, 0.712, 0.712, 0.713, 0.714, 0.715, 0.717, 0.72, 0.722, 0.726, 0.731, 0.738, 0.745, 0.755, 0.767, 0.781, 0.797, 0.815, 0.834, 0.853, 0.873, 0.892, 0.909, 0.924, 0.937, 0.948, 0.957, 0.965, 0.971, 0.975, 0.979, 0.981, 0.983, 0.985, 0.986, 0.987, 0.988, 0.988, 0.989, 0.989, 0.989, 0.989, 0.99, 0.99, 0.99, 0.99, 0.99, 0.99, 0.99, 0.99, 0.99, 0.99, 0.99, 0.99, 0.99, 0.99, 0.99, 0.99, 0.99, 0.99, 0.99, 0.99, 0.99, 0.99, 0.99, 0.99, 0.99, 0.99, 0.99, 0.99, 0.99, 0.99, 0.99, 0.99]","[0.043, 0.081, 0.104, 0.122, 0.0, 0.0, 0.048, 0.0, 0.02]","[0.2, -6.6, 0.71, 0.01]",0.2,-6.6,0.71,0.01,"psych_curve(xdata=array([-70.,  -8.,  -4.,  -2.,   0.,   2.,   4.,   8.,  70.]), ydata=[0.752, 0.824, 0.667, 0.667, 0.733, 0.917, 0.857, 0.933, 0.96], fit=[nan, nan, nan, nan, nan, nan, nan, nan, nan, nan, nan, nan, nan, nan, nan, nan, nan, nan, nan, nan, nan, nan, nan, nan, nan, nan, nan, nan, nan, nan, nan, nan, nan, nan, nan, nan, nan, nan, nan, nan, nan, nan, nan, nan, nan, nan, nan, nan, nan, nan, nan, nan, nan, nan, nan, nan, nan, nan, nan, nan, nan, nan, nan, nan, nan, nan, nan, nan, nan, nan, nan, nan, nan, nan, nan, nan, nan, nan, nan, nan, nan, nan, nan, nan, nan, nan, nan, nan, nan, nan, nan, nan, nan, nan, nan, nan, nan, nan, nan, nan], params=[20.32, 0.18, 0.73, 0.08], fit_error=[0.042, 0.095, 0.142, 0.142, 0.118, 0.083, 0.078, 0.067, 0.02])",[-70.  -8.  -4.  -2.   0.   2.   4.   8.  70.],"[0.708, 0.882, 0.846, 0.818, 1.0, 1.0, 0.952, 1.0, 0.959]","[0.71, 0.71, 0.71, 0.71, 0.71, 0.71, 0.71, 0.71, 0.71, 0.71, 0.71, 0.71, 0.71, 0.71, 0.71, 0.71, 0.71, 0.71, 0.71, 0.71, 0.71, 0.71, 0.71, 0.711, 0.711, 0.711, 0.711, 0.712, 0.712, 0.713, 0.714, 0.715, 0.717, 0.72, 0.722, 0.726, 0.731, 0.738, 0.745, 0.755, 0.767, 0.781, 0.797, 0.815, 0.834, 0.853, 0.873, 0.892, 0.909, 0.924, 0.937, 0.948, 0.957, 0.965, 0.971, 0.975, 0.979, 0.981, 0.983, 0.985, 0.986, 0.987, 0.988, 0.988, 0.989, 0.989, 0.989, 0.989, 0.99, 0.99, 0.99, 0.99, 0.99, 0.99, 0.99, 0.99, 0.99, 0.99, 0.99, 0.99, 0.99, 0.99, 0.99, 0.99, 0.99, 0.99, 0.99, 0.99, 0.99, 0.99, 0.99, 0.99, 0.99, 0.99, 0.99, 0.99, 0.99, 0.99, 0.99, 0.99]","[0.043, 0.081, 0.104, 0.122, 0.0, 0.0, 0.048, 0.0, 0.02]","[20.32, 0.18, 0.73, 0.08]",20.32,0.18,0.73,0.08,1.0
2025-08-13,2,,20,Bpod5,329,172,157,84,240,192,61,131,124,65,132,109,23,0.5835866261398176,0.3546511627906977,0.8343949044585988,324,170,154,233,39,194,0.4642857142857143,0.8083333333333333,87,42,45,0.5,0.1875,0.5925925925925926,0.3588235294117647,0.8506493506493507,0.61328125,0.49182582123758595,0.5321888412017167,0.7471264367816092,-0.21493759557989245,0.6363095238095238,0.34375,5,2,3,0.015197568389057751,0.011627906976744186,0.01910828025477707,192,61,131,480.0,152.5,327.5,0.0,0,0,0,0.33586626139817627,0.49999999999999983,"psych_curve(xdata=array([-70.,  -8.,  -4.,  -2.,   0.,   2.,   4.,   8.,  70.]), ydata=[0.609, 0.5, 0.75, 0.833, 0.909, 0.75, 0.875, 1.0, 0.854], fit=[0.55, 0.55, 0.55, 0.55, 0.55, 0.55, 0.55, 0.55, 0.55, 0.55, 0.55, 0.55, 0.55, 0.55, 0.55, 0.55, 0.55, 0.55, 0.55, 0.55, 0.55, 0.55, 0.55, 0.55, 0.55, 0.55, 0.55, 0.55, 0.55, 0.55, 0.55, 0.55, 0.55, 0.55, 0.55, 0.55, 0.55, 0.55, 0.55, 0.55, 0.55, 0.55, 0.55, 0.551, 0.554, 0.571, 0.647, 0.781, 0.851, 0.867, 0.869, 0.87, 0.87, 0.87, 0.87, 0.87, 0.87, 0.87, 0.87, 0.87, 0.87, 0.87, 0.87, 0.87, 0.87, 0.87, 0.87, 0.87, 0.87, 0.87, 0.87, 0.87, 0.87, 0.87, 0.87, 0.87, 0.87, 0.87, 0.87, 0.87, 0.87, 0.87, 0.87, 0.87, 0.87, 0.87, 0.87, 0.87, 0.87, 0.87, 0.87, 0.87, 0.87, 0.87, 0.87, 0.87, 0.87, 0.87, 0.87, 0.87], params=[1.27, -4.29, 0.55, 0.13], fit_error=[0.042, 0.151, 0.25, 0.112, 0.091, 0.131, 0.125, 0.0, 0.032])",[-70.  -8.  -4.  -2.   0.   2.   4.   8.  70.],"[0.609, 0.5, 0.75, 0.833, 0.909, 0.75, 0.875, 1.0, 0.854]","[0.55, 0.55, 0.55, 0.55, 0.55, 0.55, 0.55, 0.55, 0.55, 0.55, 0.55, 0.55, 0.55, 0.55, 0.55, 0.55, 0.55, 0.55, 0.55, 0.55, 0.55, 0.55, 0.55, 0.55, 0.55, 0.55, 0.55, 0.55, 0.55, 0.55, 0.55, 0.55, 0.55, 0.55, 0.55, 0.55, 0.55, 0.55, 0.55, 0.55, 0.55, 0.55, 0.55, 0.551, 0.554, 0.571, 0.647, 0.781, 0.851, 0.867, 0.869, 0.87, 0.87, 0.87, 0.87, 0.87, 0.87, 0.87, 0.87, 0.87, 0.87, 0.87, 0.87, 0.87, 0.87, 0.87, 0.87, 0.87, 0.87, 0.87, 0.87, 0.87, 0.87, 0.87, 0.87, 0.87, 0.87, 0.87, 0.87, 0.87, 0.87, 0.87, 0.87, 0.87, 0.87, 0.87, 0.87, 0.87, 0.87, 0.87, 0.87, 0.87, 0.87, 0.87, 0.87, 0.87, 0.87, 0.87, 0.87, 0.87]","[0.042, 0.151, 0.25, 0.112, 0.091, 0.131, 0.125, 0.0, 0.032]","[1.27, -4.29, 0.55, 0.13]",1.27,-4.29,0.55,0.13,"psych_curve(xdata=array([-70.,  -8.,  -4.,  -2.,  -0.,   2.,   4.,   8.,  70.]), ydata=[0.597, 0.6, 0.5, 0.786, 0.818, 0.8, 0.833, 1.0, 0.847], fit=[nan, nan, nan, nan, nan, nan, nan, nan, nan, nan, nan, nan, nan, nan, nan, nan, nan, nan, nan, nan, nan, nan, nan, nan, nan, nan, nan, nan, nan, nan, nan, nan, nan, nan, nan, nan, nan, nan, nan, nan, nan, nan, nan, nan, nan, nan, nan, nan, nan, nan, nan, nan, nan, nan, nan, nan, nan, nan, nan, nan, nan, nan, nan, nan, nan, nan, nan, nan, nan, nan, nan, nan, nan, nan, nan, nan, nan, nan, nan, nan, nan, nan, nan, nan, nan, nan, nan, nan, nan, nan, nan, nan, nan, nan, nan, nan, nan, nan, nan, nan], params=[6.87, -2.16, 0.57, 0.14], fit_error=[0.043, 0.163, 0.224, 0.114, 0.122, 0.133, 0.167, 0.0, 0.033])",[-70.  -8.  -4.  -2.   0.   2.   4.   8.  70.],"[0.609, 0.5, 0.75, 0.833, 0.909, 0.75, 0.875, 1.0, 0.854]","[0.55, 0.55, 0.55, 0.55, 0.55, 0.55, 0.55, 0.55, 0.55, 0.55, 0.55, 0.55, 0.55, 0.55, 0.55, 0.55, 0.55, 0.55, 0.55, 0.55, 0.55, 0.55, 0.55, 0.55, 0.55, 0.55, 0.55, 0.55, 0.55, 0.55, 0.55, 0.55, 0.55, 0.55, 0.55, 0.55, 0.55, 0.55, 0.55, 0.55, 0.55, 0.55, 0.55, 0.551, 0.554, 0.571, 0.647, 0.781, 0.851, 0.867, 0.869, 0.87, 0.87, 0.87, 0.87, 0.87, 0.87, 0.87, 0.87, 0.87, 0.87, 0.87, 0.87, 0.87, 0.87, 0.87, 0.87, 0.87, 0.87, 0.87, 0.87, 0.87, 0.87, 0.87, 0.87, 0.87, 0.87, 0.87, 0.87, 0.87, 0.87, 0.87, 0.87, 0.87, 0.87, 0.87, 0.87, 0.87, 0.87, 0.87, 0.87, 0.87, 0.87, 0.87, 0.87, 0.87, 0.87, 0.87, 0.87, 0.87]","[0.042, 0.151, 0.25, 0.112, 0.091, 0.131, 0.125, 0.0, 0.032]","[6.87, -2.16, 0.57, 0.14]",6.87,-2.16,0.57,0.14,0.0
