Dates,DoW,Age,Subject,Board,Trials,TrialsLeft,TrialsRight,ChoseLeft,ChoseRight,Hits,HitsLeft,HitsRight,HitsRep,HitsAlt,Errors,ErrorsLeft,ErrorsRight,Performance,PerformanceLeft,PerformanceRight,Responses,ResponsesLeft,ResponsesRight,Repetitions,RepsLeft,RepsRight,RepRateLeft,RepRateRight,Alternations,AltsLeft,AltsRight,AltRateLeft,AltRateRight,Accuracy,AccuracyLeft,AccuracyRight,AccMaxEvi,LateralBias,AccuracyRep,AccuracyAlt,RepBias,CorrRepBias,CorrAltBias,Misses,MissesLeft,MissesRight,MissRate,MissRateLeft,MissRateRight,Rewards,RewardsLeft,RewardsRight,Water,WaterLeft,WaterRight,Stage,SoundsMismatch,NoSound,MessageCount,P,VarDelay,PCRight,xPCRight,yPCRight,FitPCRight,FitErrorPCRight,ParamsPCRight,SensitivityPCRight,BiasPCRight,LapseRight,LapseLeft,PCRep,xPCRep,yPCRep,FitPCRep,FitErrorPCRep,ParamsPCRep,SensitivityPCRep,BiasPCRep,LapseRep,LapseAlt,Drug
2025-07-15,1,,14,Bpod3,225,119,106,117,107,167,89,78,105,61,57,29,28,0.7422222222222222,0.7478991596638656,0.7358490566037735,224,118,106,152,81,71,0.6923076923076923,0.6635514018691588,71,36,35,0.3076923076923077,0.3271028037383177,0.7455357142857143,0.7542372881355932,0.7358490566037735,0.8051948051948052,-0.0183882315318196,0.6907894736842105,0.8591549295774648,-0.1683654558932542,0.6779295470884256,0.3173975557153127,1,1,0,0.0044444444444444,0.0084033613445378,0.0,167,89,78,417.5,222.5,195.0,0.0,0,0,0,0.5,0.4999999999999998,"psych_curve(xdata=array([-70.,  -8.,  -4.,  -2.,   0.,   2.,   4.,   8.,  70.]), ydata=[0.195, 0.2, 0.429, 0.462, 0.2, 0.333, 0.6, 0.75, 0.805], fit=[0.3, 0.3, 0.3, 0.3, 0.3, 0.3, 0.3, 0.3, 0.3, 0.3, 0.3, 0.3, 0.3, 0.3, 0.3, 0.3, 0.3, 0.3, 0.3, 0.3, 0.3, 0.3, 0.3, 0.3, 0.3, 0.3, 0.3, 0.3, 0.3, 0.3, 0.3, 0.3, 0.3, 0.3, 0.3, 0.3, 0.3, 0.3, 0.3, 0.3, 0.3, 0.3, 0.3, 0.3, 0.3, 0.3, 0.3, 0.3, 0.3, 0.3, 0.304, 0.334, 0.511, 0.727, 0.774, 0.779, 0.78, 0.78, 0.78, 0.78, 0.78, 0.78, 0.78, 0.78, 0.78, 0.78, 0.78, 0.78, 0.78, 0.78, 0.78, 0.78, 0.78, 0.78, 0.78, 0.78, 0.78, 0.78, 0.78, 0.78, 0.78, 0.78, 0.78, 0.78, 0.78, 0.78, 0.78, 0.78, 0.78, 0.78, 0.78, 0.78, 0.78, 0.78, 0.78, 0.78, 0.78, 0.78, 0.78, 0.78], params=[1.65, 3.68, 0.3, 0.22], fit_error=[0.045, 0.133, 0.137, 0.144, 0.133, 0.211, 0.245, 0.131, 0.045])",[-70.  -8.  -4.  -2.   0.   2.   4.   8.  70.],"[0.195, 0.2, 0.429, 0.462, 0.2, 0.333, 0.6, 0.75, 0.805]","[0.3, 0.3, 0.3, 0.3, 0.3, 0.3, 0.3, 0.3, 0.3, 0.3, 0.3, 0.3, 0.3, 0.3, 0.3, 0.3, 0.3, 0.3, 0.3, 0.3, 0.3, 0.3, 0.3, 0.3, 0.3, 0.3, 0.3, 0.3, 0.3, 0.3, 0.3, 0.3, 0.3, 0.3, 0.3, 0.3, 0.3, 0.3, 0.3, 0.3, 0.3, 0.3, 0.3, 0.3, 0.3, 0.3, 0.3, 0.3, 0.3, 0.3, 0.304, 0.334, 0.511, 0.727, 0.774, 0.779, 0.78, 0.78, 0.78, 0.78, 0.78, 0.78, 0.78, 0.78, 0.78, 0.78, 0.78, 0.78, 0.78, 0.78, 0.78, 0.78, 0.78, 0.78, 0.78, 0.78, 0.78, 0.78, 0.78, 0.78, 0.78, 0.78, 0.78, 0.78, 0.78, 0.78, 0.78, 0.78, 0.78, 0.78, 0.78, 0.78, 0.78, 0.78, 0.78, 0.78, 0.78, 0.78, 0.78, 0.78]","[0.045, 0.133, 0.137, 0.144, 0.133, 0.211, 0.245, 0.131, 0.045]","[1.65, 3.68, 0.3, 0.22]",1.65,3.68,0.3,0.22,"psych_curve(xdata=array([-70.,  -8.,  -4.,  -2.,  -0.,   2.,   4.,   8.,  70.]), ydata=[0.342, 0.364, 0.6, 0.889, 0.9, 0.8, 0.778, 0.909, 0.938], fit=[nan, nan, nan, nan, nan, nan, nan, nan, nan, nan, nan, nan, nan, nan, nan, nan, nan, nan, nan, nan, nan, nan, nan, nan, nan, nan, nan, nan, nan, nan, nan, nan, nan, nan, nan, nan, nan, nan, nan, nan, nan, nan, nan, nan, nan, nan, nan, nan, nan, nan, nan, nan, nan, nan, nan, nan, nan, nan, nan, nan, nan, nan, nan, nan, nan, nan, nan, nan, nan, nan, nan, nan, nan, nan, nan, nan, nan, nan, nan, nan, nan, nan, nan, nan, nan, nan, nan, nan, nan, nan, nan, nan, nan, nan, nan, nan, nan, nan, nan, nan], params=[6.8, -3.99, 0.35, 0.13], fit_error=[0.056, 0.152, 0.163, 0.111, 0.1, 0.133, 0.147, 0.091, 0.027])",[-70.  -8.  -4.  -2.   0.   2.   4.   8.  70.],"[0.195, 0.2, 0.429, 0.462, 0.2, 0.333, 0.6, 0.75, 0.805]","[0.3, 0.3, 0.3, 0.3, 0.3, 0.3, 0.3, 0.3, 0.3, 0.3, 0.3, 0.3, 0.3, 0.3, 0.3, 0.3, 0.3, 0.3, 0.3, 0.3, 0.3, 0.3, 0.3, 0.3, 0.3, 0.3, 0.3, 0.3, 0.3, 0.3, 0.3, 0.3, 0.3, 0.3, 0.3, 0.3, 0.3, 0.3, 0.3, 0.3, 0.3, 0.3, 0.3, 0.3, 0.3, 0.3, 0.3, 0.3, 0.3, 0.3, 0.304, 0.334, 0.511, 0.727, 0.774, 0.779, 0.78, 0.78, 0.78, 0.78, 0.78, 0.78, 0.78, 0.78, 0.78, 0.78, 0.78, 0.78, 0.78, 0.78, 0.78, 0.78, 0.78, 0.78, 0.78, 0.78, 0.78, 0.78, 0.78, 0.78, 0.78, 0.78, 0.78, 0.78, 0.78, 0.78, 0.78, 0.78, 0.78, 0.78, 0.78, 0.78, 0.78, 0.78, 0.78, 0.78, 0.78, 0.78, 0.78, 0.78]","[0.045, 0.133, 0.137, 0.144, 0.133, 0.211, 0.245, 0.131, 0.045]","[6.8, -3.99, 0.35, 0.13]",6.8,-3.99,0.35,0.13,0.0
2025-07-16,2,,14,Bpod3,333,165,168,121,196,223,93,130,139,72,94,66,28,0.6696696696696697,0.5636363636363636,0.7738095238095238,317,159,158,213,73,140,0.6033057851239669,0.7142857142857143,89,43,46,0.3553719008264462,0.2346938775510204,0.7034700315457413,0.5849056603773585,0.8227848101265823,0.7889908256880734,0.2378791497492238,0.6525821596244131,0.8089887640449438,-0.1564066044205306,0.6587957497048407,0.2950328891887333,16,6,10,0.048048048048048,0.0363636363636363,0.0595238095238095,223,93,130,557.5,232.5,325.0,0.0,0,0,0,0.5,0.4999999999999998,"psych_curve(xdata=array([-70.,  -8.,  -4.,  -2.,   0.,   2.,   4.,   8.,  70.]), ydata=[0.274, 0.545, 0.75, 0.615, 0.81, 0.75, 0.636, 0.909, 0.848], fit=[0.27, 0.27, 0.27, 0.27, 0.27, 0.27, 0.27, 0.27, 0.27, 0.27, 0.27, 0.271, 0.271, 0.271, 0.271, 0.271, 0.272, 0.272, 0.273, 0.273, 0.274, 0.275, 0.276, 0.278, 0.279, 0.281, 0.284, 0.287, 0.291, 0.296, 0.302, 0.309, 0.317, 0.327, 0.339, 0.353, 0.37, 0.388, 0.41, 0.434, 0.46, 0.488, 0.518, 0.549, 0.58, 0.611, 0.641, 0.669, 0.696, 0.72, 0.741, 0.76, 0.776, 0.79, 0.802, 0.813, 0.821, 0.828, 0.834, 0.839, 0.843, 0.846, 0.849, 0.851, 0.852, 0.854, 0.855, 0.856, 0.857, 0.857, 0.858, 0.858, 0.859, 0.859, 0.859, 0.859, 0.859, 0.86, 0.86, 0.86, 0.86, 0.86, 0.86, 0.86, 0.86, 0.86, 0.86, 0.86, 0.86, 0.86, 0.86, 0.86, 0.86, 0.86, 0.86, 0.86, 0.86, 0.86, 0.86, 0.86], params=[0.15, -8.46, 0.27, 0.14], fit_error=[0.044, 0.157, 0.112, 0.14, 0.088, 0.112, 0.152, 0.091, 0.034])",[-70.  -8.  -4.  -2.   0.   2.   4.   8.  70.],"[0.274, 0.545, 0.75, 0.615, 0.81, 0.75, 0.636, 0.909, 0.848]","[0.27, 0.27, 0.27, 0.27, 0.27, 0.27, 0.27, 0.27, 0.27, 0.27, 0.27, 0.271, 0.271, 0.271, 0.271, 0.271, 0.272, 0.272, 0.273, 0.273, 0.274, 0.275, 0.276, 0.278, 0.279, 0.281, 0.284, 0.287, 0.291, 0.296, 0.302, 0.309, 0.317, 0.327, 0.339, 0.353, 0.37, 0.388, 0.41, 0.434, 0.46, 0.488, 0.518, 0.549, 0.58, 0.611, 0.641, 0.669, 0.696, 0.72, 0.741, 0.76, 0.776, 0.79, 0.802, 0.813, 0.821, 0.828, 0.834, 0.839, 0.843, 0.846, 0.849, 0.851, 0.852, 0.854, 0.855, 0.856, 0.857, 0.857, 0.858, 0.858, 0.859, 0.859, 0.859, 0.859, 0.859, 0.86, 0.86, 0.86, 0.86, 0.86, 0.86, 0.86, 0.86, 0.86, 0.86, 0.86, 0.86, 0.86, 0.86, 0.86, 0.86, 0.86, 0.86, 0.86, 0.86, 0.86, 0.86, 0.86]","[0.044, 0.157, 0.112, 0.14, 0.088, 0.112, 0.152, 0.091, 0.034]","[0.15, -8.46, 0.27, 0.14]",0.15,-8.46,0.27,0.14,"psych_curve(xdata=array([-70.,  -8.,  -4.,  -2.,   0.,   2.,   4.,   8.,  70.]), ydata=[0.39, 0.444, 0.929, 0.615, 0.857, 0.733, 0.769, 0.833, 0.952], fit=[nan, nan, nan, nan, nan, nan, nan, nan, nan, nan, nan, nan, nan, nan, nan, nan, nan, nan, nan, nan, nan, nan, nan, nan, nan, nan, nan, nan, nan, nan, nan, nan, nan, nan, nan, nan, nan, nan, nan, nan, nan, nan, nan, nan, nan, nan, nan, nan, nan, nan, nan, nan, nan, nan, nan, nan, nan, nan, nan, nan, nan, nan, nan, nan, nan, nan, nan, nan, nan, nan, nan, nan, nan, nan, nan, nan, nan, nan, nan, nan, nan, nan, nan, nan, nan, nan, nan, nan, nan, nan, nan, nan, nan, nan, nan, nan, nan, nan, nan, nan], params=[4.15, -7.54, 0.39, 0.19], fit_error=[0.049, 0.176, 0.071, 0.14, 0.078, 0.118, 0.122, 0.112, 0.021])",[-70.  -8.  -4.  -2.   0.   2.   4.   8.  70.],"[0.274, 0.545, 0.75, 0.615, 0.81, 0.75, 0.636, 0.909, 0.848]","[0.27, 0.27, 0.27, 0.27, 0.27, 0.27, 0.27, 0.27, 0.27, 0.27, 0.27, 0.271, 0.271, 0.271, 0.271, 0.271, 0.272, 0.272, 0.273, 0.273, 0.274, 0.275, 0.276, 0.278, 0.279, 0.281, 0.284, 0.287, 0.291, 0.296, 0.302, 0.309, 0.317, 0.327, 0.339, 0.353, 0.37, 0.388, 0.41, 0.434, 0.46, 0.488, 0.518, 0.549, 0.58, 0.611, 0.641, 0.669, 0.696, 0.72, 0.741, 0.76, 0.776, 0.79, 0.802, 0.813, 0.821, 0.828, 0.834, 0.839, 0.843, 0.846, 0.849, 0.851, 0.852, 0.854, 0.855, 0.856, 0.857, 0.857, 0.858, 0.858, 0.859, 0.859, 0.859, 0.859, 0.859, 0.86, 0.86, 0.86, 0.86, 0.86, 0.86, 0.86, 0.86, 0.86, 0.86, 0.86, 0.86, 0.86, 0.86, 0.86, 0.86, 0.86, 0.86, 0.86, 0.86, 0.86, 0.86, 0.86]","[0.044, 0.157, 0.112, 0.14, 0.088, 0.112, 0.152, 0.091, 0.034]","[4.15, -7.54, 0.39, 0.19]",4.15,-7.54,0.39,0.19,1.0
2025-08-07,3,,14,Bpod3,262,136,126,98,69,94,55,39,62,25,73,30,43,0.3587786259541984,0.4044117647058823,0.3095238095238095,167,85,82,113,70,43,0.7142857142857143,0.6231884057971014,39,18,21,0.1836734693877551,0.3043478260869565,0.562874251497006,0.6470588235294118,0.4756097560975609,0.5862068965517241,-0.1714490674318508,0.5486725663716814,0.6410256410256411,-0.0923530746539597,0.6687370600414079,0.2440106477373558,95,51,44,0.3625954198473282,0.375,0.3492063492063492,94,55,39,235.0,137.5,97.5,0.0,0,0,0,0.5,0.5,"psych_curve(xdata=array([-70.,  -8.,  -4.,  -2.,   0.,   2.,   4.,   8.,  70.]), ydata=[0.286, 0.3, 0.167, 0.625, 0.778, 0.5, 0.571, 0.333, 0.467], fit=[0.25, 0.25, 0.25, 0.25, 0.25, 0.25, 0.25, 0.25, 0.25, 0.25, 0.25, 0.25, 0.25, 0.25, 0.25, 0.25, 0.25, 0.25, 0.25, 0.25, 0.25, 0.25, 0.25, 0.25, 0.25, 0.25, 0.25, 0.25, 0.25, 0.25, 0.25, 0.25, 0.25, 0.25, 0.25, 0.25, 0.25, 0.25, 0.25, 0.25, 0.25, 0.25, 0.25, 0.25, 0.25, 0.25, 0.25, 0.25, 0.55, 0.55, 0.55, 0.55, 0.55, 0.55, 0.55, 0.55, 0.55, 0.55, 0.55, 0.55, 0.55, 0.55, 0.55, 0.55, 0.55, 0.55, 0.55, 0.55, 0.55, 0.55, 0.55, 0.55, 0.55, 0.55, 0.55, 0.55, 0.55, 0.55, 0.55, 0.55, 0.55, 0.55, 0.55, 0.55, 0.55, 0.55, 0.55, 0.55, 0.55, 0.55, 0.55, 0.55, 0.55, 0.55, 0.55, 0.55, 0.55, 0.55, 0.55, 0.55], params=[21.49, -2.63, 0.25, 0.45], fit_error=[0.061, 0.153, 0.167, 0.183, 0.147, 0.189, 0.202, 0.333, 0.065])",[-70.  -8.  -4.  -2.   0.   2.   4.   8.  70.],"[0.286, 0.3, 0.167, 0.625, 0.778, 0.5, 0.571, 0.333, 0.467]","[0.25, 0.25, 0.25, 0.25, 0.25, 0.25, 0.25, 0.25, 0.25, 0.25, 0.25, 0.25, 0.25, 0.25, 0.25, 0.25, 0.25, 0.25, 0.25, 0.25, 0.25, 0.25, 0.25, 0.25, 0.25, 0.25, 0.25, 0.25, 0.25, 0.25, 0.25, 0.25, 0.25, 0.25, 0.25, 0.25, 0.25, 0.25, 0.25, 0.25, 0.25, 0.25, 0.25, 0.25, 0.25, 0.25, 0.25, 0.25, 0.55, 0.55, 0.55, 0.55, 0.55, 0.55, 0.55, 0.55, 0.55, 0.55, 0.55, 0.55, 0.55, 0.55, 0.55, 0.55, 0.55, 0.55, 0.55, 0.55, 0.55, 0.55, 0.55, 0.55, 0.55, 0.55, 0.55, 0.55, 0.55, 0.55, 0.55, 0.55, 0.55, 0.55, 0.55, 0.55, 0.55, 0.55, 0.55, 0.55, 0.55, 0.55, 0.55, 0.55, 0.55, 0.55, 0.55, 0.55, 0.55, 0.55, 0.55, 0.55]","[0.061, 0.153, 0.167, 0.183, 0.147, 0.189, 0.202, 0.333, 0.065]","[21.49, -2.63, 0.25, 0.45]",21.49,-2.63,0.25,0.45,"psych_curve(xdata=array([-70.,  -8.,  -4.,  -2.,   0.,   2.,   4.,   8.,  70.]), ydata=[0.655, 0.75, 0.667, 0.625, 0.625, 0.5, 1.0, 1.0, 0.852], fit=[nan, nan, nan, nan, nan, nan, nan, nan, nan, nan, nan, nan, nan, nan, nan, nan, nan, nan, nan, nan, nan, nan, nan, nan, nan, nan, nan, nan, nan, nan, nan, nan, nan, nan, nan, nan, nan, nan, nan, nan, nan, nan, nan, nan, nan, nan, nan, nan, nan, nan, nan, nan, nan, nan, nan, nan, nan, nan, nan, nan, nan, nan, nan, nan, nan, nan, nan, nan, nan, nan, nan, nan, nan, nan, nan, nan, nan, nan, nan, nan, nan, nan, nan, nan, nan, nan, nan, nan, nan, nan, nan, nan, nan, nan, nan, nan, nan, nan, nan, nan], params=[12.27, 3.04, 0.64, 0.05], fit_error=[0.065, 0.25, 0.211, 0.183, 0.183, 0.224, 0.0, 0.0, 0.049])",[-70.  -8.  -4.  -2.   0.   2.   4.   8.  70.],"[0.286, 0.3, 0.167, 0.625, 0.778, 0.5, 0.571, 0.333, 0.467]","[0.25, 0.25, 0.25, 0.25, 0.25, 0.25, 0.25, 0.25, 0.25, 0.25, 0.25, 0.25, 0.25, 0.25, 0.25, 0.25, 0.25, 0.25, 0.25, 0.25, 0.25, 0.25, 0.25, 0.25, 0.25, 0.25, 0.25, 0.25, 0.25, 0.25, 0.25, 0.25, 0.25, 0.25, 0.25, 0.25, 0.25, 0.25, 0.25, 0.25, 0.25, 0.25, 0.25, 0.25, 0.25, 0.25, 0.25, 0.25, 0.55, 0.55, 0.55, 0.55, 0.55, 0.55, 0.55, 0.55, 0.55, 0.55, 0.55, 0.55, 0.55, 0.55, 0.55, 0.55, 0.55, 0.55, 0.55, 0.55, 0.55, 0.55, 0.55, 0.55, 0.55, 0.55, 0.55, 0.55, 0.55, 0.55, 0.55, 0.55, 0.55, 0.55, 0.55, 0.55, 0.55, 0.55, 0.55, 0.55, 0.55, 0.55, 0.55, 0.55, 0.55, 0.55, 0.55, 0.55, 0.55, 0.55, 0.55, 0.55]","[0.061, 0.153, 0.167, 0.183, 0.147, 0.189, 0.202, 0.333, 0.065]","[12.27, 3.04, 0.64, 0.05]",12.27,3.04,0.64,0.05,0.0
2025-08-08,4,,14,Bpod3,329,169,160,77,208,152,45,107,115,31,133,101,32,0.4620060790273556,0.2662721893491124,0.66875,285,146,139,229,52,177,0.6753246753246753,0.8509615384615384,43,22,21,0.2857142857142857,0.1009615384615384,0.5333333333333333,0.3082191780821918,0.7697841726618705,0.5187165775401069,0.4615649945796787,0.5021834061135371,0.7209302325581395,-0.2187468264446024,0.7631431068931069,0.193337912087912,44,23,21,0.1337386018237082,0.136094674556213,0.13125,152,45,107,380.0,112.5,267.5,0.0,0,0,0,0.5,0.5,"psych_curve(xdata=array([-70.,  -8.,  -4.,  -2.,   0.,   2.,   4.,   8.,  70.]), ydata=[0.667, 0.75, 0.684, 0.778, 0.75, 0.9, 0.812, 0.9, 0.727], fit=[0.72, 0.72, 0.72, 0.72, 0.72, 0.72, 0.72, 0.72, 0.72, 0.72, 0.72, 0.72, 0.72, 0.72, 0.72, 0.72, 0.72, 0.72, 0.72, 0.72, 0.72, 0.72, 0.72, 0.72, 0.72, 0.72, 0.72, 0.72, 0.72, 0.72, 0.72, 0.72, 0.72, 0.72, 0.72, 0.72, 0.72, 0.72, 0.72, 0.72, 0.72, 0.72, 0.72, 0.72, 0.72, 0.72, 0.72, 0.72, 0.72, 0.72, 0.828, 0.83, 0.83, 0.83, 0.83, 0.83, 0.83, 0.83, 0.83, 0.83, 0.83, 0.83, 0.83, 0.83, 0.83, 0.83, 0.83, 0.83, 0.83, 0.83, 0.83, 0.83, 0.83, 0.83, 0.83, 0.83, 0.83, 0.83, 0.83, 0.83, 0.83, 0.83, 0.83, 0.83, 0.83, 0.83, 0.83, 0.83, 0.83, 0.83, 0.83, 0.83, 0.83, 0.83, 0.83, 0.83, 0.83, 0.83, 0.83, 0.83], params=[6.91, 0.15, 0.72, 0.17], fit_error=[0.048, 0.131, 0.11, 0.147, 0.131, 0.1, 0.101, 0.069, 0.048])",[-70.  -8.  -4.  -2.   0.   2.   4.   8.  70.],"[0.667, 0.75, 0.684, 0.778, 0.75, 0.9, 0.812, 0.9, 0.727]","[0.72, 0.72, 0.72, 0.72, 0.72, 0.72, 0.72, 0.72, 0.72, 0.72, 0.72, 0.72, 0.72, 0.72, 0.72, 0.72, 0.72, 0.72, 0.72, 0.72, 0.72, 0.72, 0.72, 0.72, 0.72, 0.72, 0.72, 0.72, 0.72, 0.72, 0.72, 0.72, 0.72, 0.72, 0.72, 0.72, 0.72, 0.72, 0.72, 0.72, 0.72, 0.72, 0.72, 0.72, 0.72, 0.72, 0.72, 0.72, 0.72, 0.72, 0.828, 0.83, 0.83, 0.83, 0.83, 0.83, 0.83, 0.83, 0.83, 0.83, 0.83, 0.83, 0.83, 0.83, 0.83, 0.83, 0.83, 0.83, 0.83, 0.83, 0.83, 0.83, 0.83, 0.83, 0.83, 0.83, 0.83, 0.83, 0.83, 0.83, 0.83, 0.83, 0.83, 0.83, 0.83, 0.83, 0.83, 0.83, 0.83, 0.83, 0.83, 0.83, 0.83, 0.83, 0.83, 0.83, 0.83, 0.83, 0.83, 0.83]","[0.048, 0.131, 0.11, 0.147, 0.131, 0.1, 0.101, 0.069, 0.048]","[6.91, 0.15, 0.72, 0.17]",6.91,0.15,0.72,0.17,"psych_curve(xdata=array([-70.,  -8.,  -4.,  -2.,  -0.,   2.,   4.,   8.,  70.]), ydata=[0.772, 0.833, 0.867, 0.7, 0.75, 0.889, 0.842, 0.947, 0.933], fit=[nan, nan, nan, nan, nan, nan, nan, nan, nan, nan, nan, nan, nan, nan, nan, nan, nan, nan, nan, nan, nan, nan, nan, nan, nan, nan, nan, nan, nan, nan, nan, nan, nan, nan, nan, nan, nan, nan, nan, nan, nan, nan, nan, nan, nan, nan, nan, nan, nan, nan, nan, nan, nan, nan, nan, nan, nan, nan, nan, nan, nan, nan, nan, nan, nan, nan, nan, nan, nan, nan, nan, nan, nan, nan, nan, nan, nan, nan, nan, nan, nan, nan, nan, nan, nan, nan, nan, nan, nan, nan, nan, nan, nan, nan, nan, nan, nan, nan, nan, nan], params=[7.26, 1.76, 0.78, 0.09], fit_error=[0.042, 0.112, 0.091, 0.153, 0.131, 0.111, 0.086, 0.053, 0.029])",[-70.  -8.  -4.  -2.   0.   2.   4.   8.  70.],"[0.667, 0.75, 0.684, 0.778, 0.75, 0.9, 0.812, 0.9, 0.727]","[0.72, 0.72, 0.72, 0.72, 0.72, 0.72, 0.72, 0.72, 0.72, 0.72, 0.72, 0.72, 0.72, 0.72, 0.72, 0.72, 0.72, 0.72, 0.72, 0.72, 0.72, 0.72, 0.72, 0.72, 0.72, 0.72, 0.72, 0.72, 0.72, 0.72, 0.72, 0.72, 0.72, 0.72, 0.72, 0.72, 0.72, 0.72, 0.72, 0.72, 0.72, 0.72, 0.72, 0.72, 0.72, 0.72, 0.72, 0.72, 0.72, 0.72, 0.828, 0.83, 0.83, 0.83, 0.83, 0.83, 0.83, 0.83, 0.83, 0.83, 0.83, 0.83, 0.83, 0.83, 0.83, 0.83, 0.83, 0.83, 0.83, 0.83, 0.83, 0.83, 0.83, 0.83, 0.83, 0.83, 0.83, 0.83, 0.83, 0.83, 0.83, 0.83, 0.83, 0.83, 0.83, 0.83, 0.83, 0.83, 0.83, 0.83, 0.83, 0.83, 0.83, 0.83, 0.83, 0.83, 0.83, 0.83, 0.83, 0.83]","[0.048, 0.131, 0.11, 0.147, 0.131, 0.1, 0.101, 0.069, 0.048]","[7.26, 1.76, 0.78, 0.09]",7.26,1.76,0.78,0.09,1.0
2025-08-11,0,,14,Bpod3,332,139,193,122,208,195,62,133,141,53,135,75,60,0.5873493975903614,0.4460431654676259,0.689119170984456,330,137,193,252,82,170,0.6721311475409836,0.8173076923076923,75,38,37,0.3114754098360656,0.1778846153846154,0.5909090909090909,0.4525547445255474,0.689119170984456,0.6103286384976526,0.2365644264589085,0.5595238095238095,0.7066666666666667,-0.1471428571428571,0.7447194199243379,0.2446800126103405,2,2,0,0.0060240963855421,0.014388489208633,0.0,195,62,133,487.5,155.0,332.5,0.0,0,0,0,0.5,0.5,"psych_curve(xdata=array([-70.,  -8.,  -4.,  -2.,   0.,   2.,   4.,   8.,  70.]), ydata=[0.537, 0.786, 0.333, 0.5, 0.722, 0.5, 0.917, 0.636, 0.702], fit=[0.56, 0.56, 0.56, 0.56, 0.56, 0.56, 0.56, 0.56, 0.56, 0.56, 0.56, 0.56, 0.56, 0.56, 0.56, 0.56, 0.56, 0.56, 0.56, 0.56, 0.56, 0.56, 0.56, 0.56, 0.56, 0.56, 0.56, 0.56, 0.56, 0.56, 0.56, 0.56, 0.56, 0.56, 0.56, 0.56, 0.56, 0.56, 0.56, 0.56, 0.56, 0.56, 0.56, 0.56, 0.56, 0.56, 0.56, 0.56, 0.56, 0.56, 0.56, 0.56, 0.75, 0.75, 0.75, 0.75, 0.75, 0.75, 0.75, 0.75, 0.75, 0.75, 0.75, 0.75, 0.75, 0.75, 0.75, 0.75, 0.75, 0.75, 0.75, 0.75, 0.75, 0.75, 0.75, 0.75, 0.75, 0.75, 0.75, 0.75, 0.75, 0.75, 0.75, 0.75, 0.75, 0.75, 0.75, 0.75, 0.75, 0.75, 0.75, 0.75, 0.75, 0.75, 0.75, 0.75, 0.75, 0.75, 0.75, 0.75], params=[11.93, 2.99, 0.56, 0.25], fit_error=[0.055, 0.114, 0.126, 0.115, 0.109, 0.129, 0.083, 0.105, 0.04])",[-70.  -8.  -4.  -2.   0.   2.   4.   8.  70.],"[0.537, 0.786, 0.333, 0.5, 0.722, 0.5, 0.917, 0.636, 0.702]","[0.56, 0.56, 0.56, 0.56, 0.56, 0.56, 0.56, 0.56, 0.56, 0.56, 0.56, 0.56, 0.56, 0.56, 0.56, 0.56, 0.56, 0.56, 0.56, 0.56, 0.56, 0.56, 0.56, 0.56, 0.56, 0.56, 0.56, 0.56, 0.56, 0.56, 0.56, 0.56, 0.56, 0.56, 0.56, 0.56, 0.56, 0.56, 0.56, 0.56, 0.56, 0.56, 0.56, 0.56, 0.56, 0.56, 0.56, 0.56, 0.56, 0.56, 0.56, 0.56, 0.75, 0.75, 0.75, 0.75, 0.75, 0.75, 0.75, 0.75, 0.75, 0.75, 0.75, 0.75, 0.75, 0.75, 0.75, 0.75, 0.75, 0.75, 0.75, 0.75, 0.75, 0.75, 0.75, 0.75, 0.75, 0.75, 0.75, 0.75, 0.75, 0.75, 0.75, 0.75, 0.75, 0.75, 0.75, 0.75, 0.75, 0.75, 0.75, 0.75, 0.75, 0.75, 0.75, 0.75, 0.75, 0.75, 0.75, 0.75]","[0.055, 0.114, 0.126, 0.115, 0.109, 0.129, 0.083, 0.105, 0.04]","[11.93, 2.99, 0.56, 0.25]",11.93,2.99,0.56,0.25,"psych_curve(xdata=array([-70.,  -8.,  -4.,  -2.,  -0.,   2.,   4.,   8.,  70.]), ydata=[0.637, 0.8, 0.556, 0.72, 0.833, 1.0, 0.944, 0.812, 0.852], fit=[nan, nan, nan, nan, nan, nan, nan, nan, nan, nan, nan, nan, nan, nan, nan, nan, nan, nan, nan, nan, nan, nan, nan, nan, nan, nan, nan, nan, nan, nan, nan, nan, nan, nan, nan, nan, nan, nan, nan, nan, nan, nan, nan, nan, nan, nan, nan, nan, nan, nan, nan, nan, nan, nan, nan, nan, nan, nan, nan, nan, nan, nan, nan, nan, nan, nan, nan, nan, nan, nan, nan, nan, nan, nan, nan, nan, nan, nan, nan, nan, nan, nan, nan, nan, nan, nan, nan, nan, nan, nan, nan, nan, nan, nan, nan, nan, nan, nan, nan, nan], params=[1.62, -0.79, 0.67, 0.1], fit_error=[0.048, 0.092, 0.176, 0.092, 0.09, 0.0, 0.056, 0.101, 0.034])",[-70.  -8.  -4.  -2.   0.   2.   4.   8.  70.],"[0.537, 0.786, 0.333, 0.5, 0.722, 0.5, 0.917, 0.636, 0.702]","[0.56, 0.56, 0.56, 0.56, 0.56, 0.56, 0.56, 0.56, 0.56, 0.56, 0.56, 0.56, 0.56, 0.56, 0.56, 0.56, 0.56, 0.56, 0.56, 0.56, 0.56, 0.56, 0.56, 0.56, 0.56, 0.56, 0.56, 0.56, 0.56, 0.56, 0.56, 0.56, 0.56, 0.56, 0.56, 0.56, 0.56, 0.56, 0.56, 0.56, 0.56, 0.56, 0.56, 0.56, 0.56, 0.56, 0.56, 0.56, 0.56, 0.56, 0.56, 0.56, 0.75, 0.75, 0.75, 0.75, 0.75, 0.75, 0.75, 0.75, 0.75, 0.75, 0.75, 0.75, 0.75, 0.75, 0.75, 0.75, 0.75, 0.75, 0.75, 0.75, 0.75, 0.75, 0.75, 0.75, 0.75, 0.75, 0.75, 0.75, 0.75, 0.75, 0.75, 0.75, 0.75, 0.75, 0.75, 0.75, 0.75, 0.75, 0.75, 0.75, 0.75, 0.75, 0.75, 0.75, 0.75, 0.75, 0.75, 0.75]","[0.055, 0.114, 0.126, 0.115, 0.109, 0.129, 0.083, 0.105, 0.04]","[1.62, -0.79, 0.67, 0.1]",1.62,-0.79,0.67,0.1,0.0
2025-08-12,1,,14,Bpod3,330,161,169,186,140,187,102,85,139,45,139,55,84,0.5666666666666667,0.6335403726708074,0.5029585798816568,326,157,169,265,155,110,0.8333333333333334,0.7857142857142857,57,28,29,0.1505376344086021,0.2071428571428571,0.5736196319018405,0.6496815286624203,0.5029585798816568,0.5774647887323944,-0.1467229487807635,0.5245283018867924,0.7894736842105263,-0.2649453823237339,0.8095238095238095,0.1788402457757296,4,4,0,0.0121212121212121,0.0248447204968944,0.0,187,102,85,467.5,255.0,212.5,0.0,0,0,0,0.5,0.5,"psych_curve(xdata=array([-70.,  -8.,  -4.,  -2.,   0.,   2.,   4.,   8.,  70.]), ydata=[0.303, 0.4, 0.5, 0.556, 0.2, 0.632, 0.684, 0.625, 0.452], fit=[0.39, 0.39, 0.39, 0.39, 0.39, 0.39, 0.39, 0.39, 0.39, 0.39, 0.39, 0.39, 0.39, 0.39, 0.39, 0.39, 0.39, 0.39, 0.39, 0.39, 0.39, 0.39, 0.39, 0.39, 0.39, 0.39, 0.39, 0.39, 0.39, 0.39, 0.39, 0.39, 0.39, 0.39, 0.39, 0.39, 0.39, 0.39, 0.39, 0.39, 0.39, 0.39, 0.39, 0.39, 0.39, 0.39, 0.39, 0.39, 0.39, 0.39, 0.39, 0.6, 0.6, 0.6, 0.6, 0.6, 0.6, 0.6, 0.6, 0.6, 0.6, 0.6, 0.6, 0.6, 0.6, 0.6, 0.6, 0.6, 0.6, 0.6, 0.6, 0.6, 0.6, 0.6, 0.6, 0.6, 0.6, 0.6, 0.6, 0.6, 0.6, 0.6, 0.6, 0.6, 0.6, 0.6, 0.6, 0.6, 0.6, 0.6, 0.6, 0.6, 0.6, 0.6, 0.6, 0.6, 0.6, 0.6, 0.6, 0.6], params=[16.88, 1.15, 0.39, 0.4], fit_error=[0.044, 0.163, 0.129, 0.121, 0.107, 0.114, 0.11, 0.125, 0.049])",[-70.  -8.  -4.  -2.   0.   2.   4.   8.  70.],"[0.303, 0.4, 0.5, 0.556, 0.2, 0.632, 0.684, 0.625, 0.452]","[0.39, 0.39, 0.39, 0.39, 0.39, 0.39, 0.39, 0.39, 0.39, 0.39, 0.39, 0.39, 0.39, 0.39, 0.39, 0.39, 0.39, 0.39, 0.39, 0.39, 0.39, 0.39, 0.39, 0.39, 0.39, 0.39, 0.39, 0.39, 0.39, 0.39, 0.39, 0.39, 0.39, 0.39, 0.39, 0.39, 0.39, 0.39, 0.39, 0.39, 0.39, 0.39, 0.39, 0.39, 0.39, 0.39, 0.39, 0.39, 0.39, 0.39, 0.39, 0.6, 0.6, 0.6, 0.6, 0.6, 0.6, 0.6, 0.6, 0.6, 0.6, 0.6, 0.6, 0.6, 0.6, 0.6, 0.6, 0.6, 0.6, 0.6, 0.6, 0.6, 0.6, 0.6, 0.6, 0.6, 0.6, 0.6, 0.6, 0.6, 0.6, 0.6, 0.6, 0.6, 0.6, 0.6, 0.6, 0.6, 0.6, 0.6, 0.6, 0.6, 0.6, 0.6, 0.6, 0.6, 0.6, 0.6, 0.6, 0.6]","[0.044, 0.163, 0.129, 0.121, 0.107, 0.114, 0.11, 0.125, 0.049]","[16.88, 1.15, 0.39, 0.4]",16.88,1.15,0.39,0.4,"psych_curve(xdata=array([-70.,  -8.,  -4.,  -2.,   0.,   2.,   4.,   8.,  70.]), ydata=[0.757, 0.562, 0.722, 0.773, 0.733, 1.0, 0.941, 0.9, 0.922], fit=[nan, nan, nan, nan, nan, nan, nan, nan, nan, nan, nan, nan, nan, nan, nan, nan, nan, nan, nan, nan, nan, nan, nan, nan, nan, nan, nan, nan, nan, nan, nan, nan, nan, nan, nan, nan, nan, nan, nan, nan, nan, nan, nan, nan, nan, nan, nan, nan, nan, nan, nan, nan, nan, nan, nan, nan, nan, nan, nan, nan, nan, nan, nan, nan, nan, nan, nan, nan, nan, nan, nan, nan, nan, nan, nan, nan, nan, nan, nan, nan, nan, nan, nan, nan, nan, nan, nan, nan, nan, nan, nan, nan, nan, nan, nan, nan, nan, nan, nan, nan], params=[7.67, 0.25, 0.7, 0.06], fit_error=[0.042, 0.128, 0.109, 0.091, 0.118, 0.0, 0.059, 0.1, 0.027])",[-70.  -8.  -4.  -2.   0.   2.   4.   8.  70.],"[0.303, 0.4, 0.5, 0.556, 0.2, 0.632, 0.684, 0.625, 0.452]","[0.39, 0.39, 0.39, 0.39, 0.39, 0.39, 0.39, 0.39, 0.39, 0.39, 0.39, 0.39, 0.39, 0.39, 0.39, 0.39, 0.39, 0.39, 0.39, 0.39, 0.39, 0.39, 0.39, 0.39, 0.39, 0.39, 0.39, 0.39, 0.39, 0.39, 0.39, 0.39, 0.39, 0.39, 0.39, 0.39, 0.39, 0.39, 0.39, 0.39, 0.39, 0.39, 0.39, 0.39, 0.39, 0.39, 0.39, 0.39, 0.39, 0.39, 0.39, 0.6, 0.6, 0.6, 0.6, 0.6, 0.6, 0.6, 0.6, 0.6, 0.6, 0.6, 0.6, 0.6, 0.6, 0.6, 0.6, 0.6, 0.6, 0.6, 0.6, 0.6, 0.6, 0.6, 0.6, 0.6, 0.6, 0.6, 0.6, 0.6, 0.6, 0.6, 0.6, 0.6, 0.6, 0.6, 0.6, 0.6, 0.6, 0.6, 0.6, 0.6, 0.6, 0.6, 0.6, 0.6, 0.6, 0.6, 0.6, 0.6]","[0.044, 0.163, 0.129, 0.121, 0.107, 0.114, 0.11, 0.125, 0.049]","[7.67, 0.25, 0.7, 0.06]",7.67,0.25,0.7,0.06,1.0
2025-07-15,1,,16,Bpod5,230,120,110,133,96,185,104,81,109,75,44,15,29,0.8043478260869565,0.8666666666666667,0.7363636363636363,229,119,110,140,89,51,0.6691729323308271,0.53125,97,49,48,0.3308270676691729,0.4583333333333333,0.8078602620087336,0.8739495798319328,0.7363636363636363,0.863013698630137,-0.1375859434682964,0.7785714285714286,0.8522727272727273,-0.0737012987012987,0.6002114661654135,0.3945802005012531,1,1,0,0.0043478260869565,0.0083333333333333,0.0,185,104,81,462.5,260.0,202.5,0.0,0,0,0,0.5,0.4999999999999999,"psych_curve(xdata=array([-70.,  -8.,  -4.,  -2.,   0.,   2.,   4.,   8.,  70.]), ydata=[0.122, 0.067, 0.143, 0.0, 0.25, 0.3, 0.727, 0.75, 0.847], fit=[0.1, 0.1, 0.1, 0.1, 0.1, 0.1, 0.1, 0.1, 0.1, 0.1, 0.1, 0.1, 0.1, 0.1, 0.1, 0.1, 0.1, 0.1, 0.1, 0.1, 0.1, 0.1, 0.1, 0.1, 0.1, 0.1, 0.1, 0.1, 0.1, 0.1, 0.1, 0.1, 0.1, 0.1, 0.1, 0.1, 0.1, 0.1, 0.1, 0.1, 0.1, 0.1, 0.1, 0.1, 0.1, 0.1, 0.1, 0.101, 0.103, 0.115, 0.171, 0.36, 0.633, 0.768, 0.802, 0.808, 0.81, 0.81, 0.81, 0.81, 0.81, 0.81, 0.81, 0.81, 0.81, 0.81, 0.81, 0.81, 0.81, 0.81, 0.81, 0.81, 0.81, 0.81, 0.81, 0.81, 0.81, 0.81, 0.81, 0.81, 0.81, 0.81, 0.81, 0.81, 0.81, 0.81, 0.81, 0.81, 0.81, 0.81, 0.81, 0.81, 0.81, 0.81, 0.81, 0.81, 0.81, 0.81, 0.81, 0.81], params=[1.17, 2.59, 0.1, 0.19], fit_error=[0.038, 0.067, 0.097, 0.0, 0.131, 0.153, 0.141, 0.131, 0.043])",[-70.  -8.  -4.  -2.   0.   2.   4.   8.  70.],"[0.122, 0.067, 0.143, 0.0, 0.25, 0.3, 0.727, 0.75, 0.847]","[0.1, 0.1, 0.1, 0.1, 0.1, 0.1, 0.1, 0.1, 0.1, 0.1, 0.1, 0.1, 0.1, 0.1, 0.1, 0.1, 0.1, 0.1, 0.1, 0.1, 0.1, 0.1, 0.1, 0.1, 0.1, 0.1, 0.1, 0.1, 0.1, 0.1, 0.1, 0.1, 0.1, 0.1, 0.1, 0.1, 0.1, 0.1, 0.1, 0.1, 0.1, 0.1, 0.1, 0.1, 0.1, 0.1, 0.1, 0.101, 0.103, 0.115, 0.171, 0.36, 0.633, 0.768, 0.802, 0.808, 0.81, 0.81, 0.81, 0.81, 0.81, 0.81, 0.81, 0.81, 0.81, 0.81, 0.81, 0.81, 0.81, 0.81, 0.81, 0.81, 0.81, 0.81, 0.81, 0.81, 0.81, 0.81, 0.81, 0.81, 0.81, 0.81, 0.81, 0.81, 0.81, 0.81, 0.81, 0.81, 0.81, 0.81, 0.81, 0.81, 0.81, 0.81, 0.81, 0.81, 0.81, 0.81, 0.81, 0.81]","[0.038, 0.067, 0.097, 0.0, 0.131, 0.153, 0.141, 0.131, 0.043]","[1.17, 2.59, 0.1, 0.19]",1.17,2.59,0.1,0.19,"psych_curve(xdata=array([-70.,  -8.,  -4.,  -2.,   0.,   2.,   4.,   8.,  70.]), ydata=[0.231, 0.286, 0.111, 0.5, 0.667, 0.857, 0.75, 1.0, 0.938], fit=[nan, nan, nan, nan, nan, nan, nan, nan, nan, nan, nan, nan, nan, nan, nan, nan, nan, nan, nan, nan, nan, nan, nan, nan, nan, nan, nan, nan, nan, nan, nan, nan, nan, nan, nan, nan, nan, nan, nan, nan, nan, nan, nan, nan, nan, nan, nan, nan, nan, nan, nan, nan, nan, nan, nan, nan, nan, nan, nan, nan, nan, nan, nan, nan, nan, nan, nan, nan, nan, nan, nan, nan, nan, nan, nan, nan, nan, nan, nan, nan, nan, nan, nan, nan, nan, nan, nan, nan, nan, nan, nan, nan, nan, nan, nan, nan, nan, nan, nan, nan], params=[0.83, -0.99, 0.21, 0.1], fit_error=[0.053, 0.125, 0.111, 0.151, 0.142, 0.143, 0.112, 0.0, 0.027])",[-70.  -8.  -4.  -2.   0.   2.   4.   8.  70.],"[0.122, 0.067, 0.143, 0.0, 0.25, 0.3, 0.727, 0.75, 0.847]","[0.1, 0.1, 0.1, 0.1, 0.1, 0.1, 0.1, 0.1, 0.1, 0.1, 0.1, 0.1, 0.1, 0.1, 0.1, 0.1, 0.1, 0.1, 0.1, 0.1, 0.1, 0.1, 0.1, 0.1, 0.1, 0.1, 0.1, 0.1, 0.1, 0.1, 0.1, 0.1, 0.1, 0.1, 0.1, 0.1, 0.1, 0.1, 0.1, 0.1, 0.1, 0.1, 0.1, 0.1, 0.1, 0.1, 0.1, 0.101, 0.103, 0.115, 0.171, 0.36, 0.633, 0.768, 0.802, 0.808, 0.81, 0.81, 0.81, 0.81, 0.81, 0.81, 0.81, 0.81, 0.81, 0.81, 0.81, 0.81, 0.81, 0.81, 0.81, 0.81, 0.81, 0.81, 0.81, 0.81, 0.81, 0.81, 0.81, 0.81, 0.81, 0.81, 0.81, 0.81, 0.81, 0.81, 0.81, 0.81, 0.81, 0.81, 0.81, 0.81, 0.81, 0.81, 0.81, 0.81, 0.81, 0.81, 0.81, 0.81]","[0.038, 0.067, 0.097, 0.0, 0.131, 0.153, 0.141, 0.131, 0.043]","[0.83, -0.99, 0.21, 0.1]",0.83,-0.99,0.21,0.1,0.0
2025-07-16,2,,16,Bpod5,333,163,170,120,211,233,92,141,147,84,98,70,28,0.6996996996996997,0.5644171779141104,0.8294117647058824,331,162,169,232,70,162,0.5833333333333334,0.7677725118483413,31,15,16,0.4083333333333333,0.2274881516587677,0.7039274924471299,0.5679012345679012,0.834319526627219,0.7546296296296297,0.2664182920593178,0.6336206896551724,0.865979381443299,-0.2323586917881266,0.6755529225908373,0.3179107424960505,2,1,1,0.006006006006006,0.0061349693251533,0.0058823529411764,233,92,141,582.5,230.0,352.5,0.0,0,0,0,0.5,0.4999999999999998,"psych_curve(xdata=array([-70.,  -8.,  -4.,  -2.,   0.,   2.,   4.,   8.,  70.]), ydata=[0.42, 0.462, 0.45, 0.333, 0.615, 0.6, 0.75, 0.72, 0.942], fit=[0.4, 0.4, 0.4, 0.4, 0.4, 0.4, 0.4, 0.4, 0.4, 0.4, 0.4, 0.4, 0.4, 0.4, 0.4, 0.4, 0.4, 0.4, 0.4, 0.4, 0.4, 0.4, 0.4, 0.4, 0.4, 0.4, 0.4, 0.4, 0.4, 0.4, 0.4, 0.4, 0.4, 0.4, 0.4, 0.401, 0.401, 0.401, 0.402, 0.403, 0.404, 0.406, 0.409, 0.414, 0.42, 0.429, 0.443, 0.461, 0.486, 0.518, 0.558, 0.604, 0.655, 0.706, 0.753, 0.795, 0.828, 0.855, 0.874, 0.888, 0.898, 0.905, 0.91, 0.913, 0.915, 0.917, 0.918, 0.919, 0.919, 0.919, 0.92, 0.92, 0.92, 0.92, 0.92, 0.92, 0.92, 0.92, 0.92, 0.92, 0.92, 0.92, 0.92, 0.92, 0.92, 0.92, 0.92, 0.92, 0.92, 0.92, 0.92, 0.92, 0.92, 0.92, 0.92, 0.92, 0.92, 0.92, 0.92, 0.92], params=[0.28, 3.68, 0.4, 0.08], fit_error=[0.047, 0.144, 0.114, 0.142, 0.14, 0.112, 0.131, 0.092, 0.023])",[-70.  -8.  -4.  -2.   0.   2.   4.   8.  70.],"[0.42, 0.462, 0.45, 0.333, 0.615, 0.6, 0.75, 0.72, 0.942]","[0.4, 0.4, 0.4, 0.4, 0.4, 0.4, 0.4, 0.4, 0.4, 0.4, 0.4, 0.4, 0.4, 0.4, 0.4, 0.4, 0.4, 0.4, 0.4, 0.4, 0.4, 0.4, 0.4, 0.4, 0.4, 0.4, 0.4, 0.4, 0.4, 0.4, 0.4, 0.4, 0.4, 0.4, 0.4, 0.401, 0.401, 0.401, 0.402, 0.403, 0.404, 0.406, 0.409, 0.414, 0.42, 0.429, 0.443, 0.461, 0.486, 0.518, 0.558, 0.604, 0.655, 0.706, 0.753, 0.795, 0.828, 0.855, 0.874, 0.888, 0.898, 0.905, 0.91, 0.913, 0.915, 0.917, 0.918, 0.919, 0.919, 0.919, 0.92, 0.92, 0.92, 0.92, 0.92, 0.92, 0.92, 0.92, 0.92, 0.92, 0.92, 0.92, 0.92, 0.92, 0.92, 0.92, 0.92, 0.92, 0.92, 0.92, 0.92, 0.92, 0.92, 0.92, 0.92, 0.92, 0.92, 0.92, 0.92, 0.92]","[0.047, 0.144, 0.114, 0.142, 0.14, 0.112, 0.131, 0.092, 0.023]","[0.28, 3.68, 0.4, 0.08]",0.28,3.68,0.4,0.08,"psych_curve(xdata=array([-70.,  -8.,  -4.,  -2.,   0.,   2.,   4.,   8.,  70.]), ydata=[0.426, 0.733, 0.75, 0.429, 0.769, 0.667, 1.0, 0.909, 0.96], fit=[nan, nan, nan, nan, nan, nan, nan, nan, nan, nan, nan, nan, nan, nan, nan, nan, nan, nan, nan, nan, nan, nan, nan, nan, nan, nan, nan, nan, nan, nan, nan, nan, nan, nan, nan, nan, nan, nan, nan, nan, nan, nan, nan, nan, nan, nan, nan, nan, nan, nan, nan, nan, nan, nan, nan, nan, nan, nan, nan, nan, nan, nan, nan, nan, nan, nan, nan, nan, nan, nan, nan, nan, nan, nan, nan, nan, nan, nan, nan, nan, nan, nan, nan, nan, nan, nan, nan, nan, nan, nan, nan, nan, nan, nan, nan, nan, nan, nan, nan, nan], params=[7.61, 2.24, 0.62, 0.04], fit_error=[0.046, 0.118, 0.112, 0.137, 0.122, 0.114, 0.0, 0.063, 0.02])",[-70.  -8.  -4.  -2.   0.   2.   4.   8.  70.],"[0.42, 0.462, 0.45, 0.333, 0.615, 0.6, 0.75, 0.72, 0.942]","[0.4, 0.4, 0.4, 0.4, 0.4, 0.4, 0.4, 0.4, 0.4, 0.4, 0.4, 0.4, 0.4, 0.4, 0.4, 0.4, 0.4, 0.4, 0.4, 0.4, 0.4, 0.4, 0.4, 0.4, 0.4, 0.4, 0.4, 0.4, 0.4, 0.4, 0.4, 0.4, 0.4, 0.4, 0.4, 0.401, 0.401, 0.401, 0.402, 0.403, 0.404, 0.406, 0.409, 0.414, 0.42, 0.429, 0.443, 0.461, 0.486, 0.518, 0.558, 0.604, 0.655, 0.706, 0.753, 0.795, 0.828, 0.855, 0.874, 0.888, 0.898, 0.905, 0.91, 0.913, 0.915, 0.917, 0.918, 0.919, 0.919, 0.919, 0.92, 0.92, 0.92, 0.92, 0.92, 0.92, 0.92, 0.92, 0.92, 0.92, 0.92, 0.92, 0.92, 0.92, 0.92, 0.92, 0.92, 0.92, 0.92, 0.92, 0.92, 0.92, 0.92, 0.92, 0.92, 0.92, 0.92, 0.92, 0.92, 0.92]","[0.047, 0.144, 0.114, 0.142, 0.14, 0.112, 0.131, 0.092, 0.023]","[7.61, 2.24, 0.62, 0.04]",7.61,2.24,0.62,0.04,1.0
2025-07-21,0,,16,Bpod5,338,172,166,176,161,252,131,121,137,114,85,40,45,0.7455621301775148,0.7616279069767442,0.7289156626506024,337,171,166,205,110,95,0.625,0.5900621118012422,76,38,38,0.375,0.4037267080745341,0.7477744807121661,0.7660818713450293,0.7289156626506024,0.8222222222222222,-0.0371662086944268,0.6682926829268293,0.8702290076335878,-0.2019363247067584,0.6075310559006211,0.3893633540372671,1,1,0,0.0029585798816568,0.005813953488372,0.0,252,131,121,630.0,327.5,302.5,0.0,0,0,0,0.5,0.4999999999999998,"psych_curve(xdata=array([-70.,  -8.,  -4.,  -2.,   0.,   2.,   4.,   8.,  70.]), ydata=[0.191, 0.222, 0.357, 0.263, 0.409, 0.364, 0.579, 0.611, 0.836], fit=[0.19, 0.19, 0.19, 0.19, 0.19, 0.19, 0.19, 0.19, 0.19, 0.19, 0.19, 0.19, 0.19, 0.19, 0.19, 0.19, 0.19, 0.19, 0.19, 0.19, 0.19, 0.19, 0.19, 0.19, 0.19, 0.19, 0.19, 0.19, 0.19, 0.191, 0.191, 0.191, 0.191, 0.192, 0.193, 0.193, 0.195, 0.196, 0.198, 0.201, 0.205, 0.21, 0.217, 0.226, 0.237, 0.252, 0.271, 0.294, 0.322, 0.356, 0.395, 0.439, 0.485, 0.532, 0.579, 0.623, 0.662, 0.696, 0.725, 0.748, 0.767, 0.782, 0.794, 0.803, 0.809, 0.815, 0.819, 0.821, 0.824, 0.825, 0.826, 0.827, 0.828, 0.829, 0.829, 0.829, 0.829, 0.83, 0.83, 0.83, 0.83, 0.83, 0.83, 0.83, 0.83, 0.83, 0.83, 0.83, 0.83, 0.83, 0.83, 0.83, 0.83, 0.83, 0.83, 0.83, 0.83, 0.83, 0.83, 0.83], params=[0.21, 4.28, 0.19, 0.17], fit_error=[0.037, 0.147, 0.133, 0.104, 0.107, 0.152, 0.116, 0.118, 0.035])",[-70.  -8.  -4.  -2.   0.   2.   4.   8.  70.],"[0.191, 0.222, 0.357, 0.263, 0.409, 0.364, 0.579, 0.611, 0.836]","[0.19, 0.19, 0.19, 0.19, 0.19, 0.19, 0.19, 0.19, 0.19, 0.19, 0.19, 0.19, 0.19, 0.19, 0.19, 0.19, 0.19, 0.19, 0.19, 0.19, 0.19, 0.19, 0.19, 0.19, 0.19, 0.19, 0.19, 0.19, 0.19, 0.191, 0.191, 0.191, 0.191, 0.192, 0.193, 0.193, 0.195, 0.196, 0.198, 0.201, 0.205, 0.21, 0.217, 0.226, 0.237, 0.252, 0.271, 0.294, 0.322, 0.356, 0.395, 0.439, 0.485, 0.532, 0.579, 0.623, 0.662, 0.696, 0.725, 0.748, 0.767, 0.782, 0.794, 0.803, 0.809, 0.815, 0.819, 0.821, 0.824, 0.825, 0.826, 0.827, 0.828, 0.829, 0.829, 0.829, 0.829, 0.83, 0.83, 0.83, 0.83, 0.83, 0.83, 0.83, 0.83, 0.83, 0.83, 0.83, 0.83, 0.83, 0.83, 0.83, 0.83, 0.83, 0.83, 0.83, 0.83, 0.83, 0.83, 0.83]","[0.037, 0.147, 0.133, 0.104, 0.107, 0.152, 0.116, 0.118, 0.035]","[0.21, 4.28, 0.19, 0.17]",0.21,4.28,0.19,0.17,"psych_curve(xdata=array([-70.,  -8.,  -4.,  -2.,   0.,   2.,   4.,   8.,  70.]), ydata=[0.274, 0.6, 0.524, 0.636, 0.636, 0.737, 0.833, 1.0, 0.94], fit=[nan, nan, nan, nan, nan, nan, nan, nan, nan, nan, nan, nan, nan, nan, nan, nan, nan, nan, nan, nan, nan, nan, nan, nan, nan, nan, nan, nan, nan, nan, nan, nan, nan, nan, nan, nan, nan, nan, nan, nan, nan, nan, nan, nan, nan, nan, nan, nan, nan, nan, nan, nan, nan, nan, nan, nan, nan, nan, nan, nan, nan, nan, nan, nan, nan, nan, nan, nan, nan, nan, nan, nan, nan, nan, nan, nan, nan, nan, nan, nan, nan, nan, nan, nan, nan, nan, nan, nan, nan, nan, nan, nan, nan, nan, nan, nan, nan, nan, nan, nan], params=[0.18, -1.97, 0.3, 0.01], fit_error=[0.04, 0.131, 0.112, 0.152, 0.105, 0.104, 0.112, 0.0, 0.024])",[-70.  -8.  -4.  -2.   0.   2.   4.   8.  70.],"[0.191, 0.222, 0.357, 0.263, 0.409, 0.364, 0.579, 0.611, 0.836]","[0.19, 0.19, 0.19, 0.19, 0.19, 0.19, 0.19, 0.19, 0.19, 0.19, 0.19, 0.19, 0.19, 0.19, 0.19, 0.19, 0.19, 0.19, 0.19, 0.19, 0.19, 0.19, 0.19, 0.19, 0.19, 0.19, 0.19, 0.19, 0.19, 0.191, 0.191, 0.191, 0.191, 0.192, 0.193, 0.193, 0.195, 0.196, 0.198, 0.201, 0.205, 0.21, 0.217, 0.226, 0.237, 0.252, 0.271, 0.294, 0.322, 0.356, 0.395, 0.439, 0.485, 0.532, 0.579, 0.623, 0.662, 0.696, 0.725, 0.748, 0.767, 0.782, 0.794, 0.803, 0.809, 0.815, 0.819, 0.821, 0.824, 0.825, 0.826, 0.827, 0.828, 0.829, 0.829, 0.829, 0.829, 0.83, 0.83, 0.83, 0.83, 0.83, 0.83, 0.83, 0.83, 0.83, 0.83, 0.83, 0.83, 0.83, 0.83, 0.83, 0.83, 0.83, 0.83, 0.83, 0.83, 0.83, 0.83, 0.83]","[0.037, 0.147, 0.133, 0.104, 0.107, 0.152, 0.116, 0.118, 0.035]","[0.18, -1.97, 0.3, 0.01]",0.18,-1.97,0.3,0.01,0.0
2025-07-22,1,,16,Bpod5,324,158,166,80,241,199,57,142,149,49,122,99,23,0.6141975308641975,0.360759493670886,0.8554216867469879,321,156,165,242,42,200,0.525,0.8298755186721992,33,16,17,0.475,0.1576763485477178,0.6199376947040498,0.3653846153846153,0.8606060606060606,0.6682692307692307,0.4952214452214452,0.6157024793388429,0.6447368421052632,-0.0290343627664202,0.6774377593360996,0.3163381742738589,3,2,1,0.0092592592592592,0.0126582278481012,0.0060240963855421,199,57,142,497.5,142.5,355.0,0.0,0,0,0,0.5,0.4999999999999998,"psych_curve(xdata=array([-70.,  -8.,  -4.,  -2.,   0.,   2.,   4.,   8.,  70.]), ydata=[0.6, 0.588, 0.667, 0.842, 0.688, 0.688, 0.75, 0.929, 0.894], fit=[0.6, 0.6, 0.6, 0.6, 0.6, 0.6, 0.6, 0.6, 0.6, 0.6, 0.6, 0.6, 0.6, 0.6, 0.6, 0.6, 0.6, 0.6, 0.6, 0.6, 0.6, 0.6, 0.6, 0.6, 0.6, 0.6, 0.6, 0.6, 0.6, 0.601, 0.601, 0.601, 0.601, 0.602, 0.602, 0.603, 0.604, 0.605, 0.607, 0.61, 0.613, 0.617, 0.622, 0.629, 0.638, 0.649, 0.663, 0.679, 0.698, 0.719, 0.741, 0.764, 0.787, 0.808, 0.827, 0.844, 0.858, 0.87, 0.879, 0.886, 0.892, 0.897, 0.9, 0.902, 0.904, 0.906, 0.907, 0.908, 0.908, 0.909, 0.909, 0.909, 0.909, 0.91, 0.91, 0.91, 0.91, 0.91, 0.91, 0.91, 0.91, 0.91, 0.91, 0.91, 0.91, 0.91, 0.91, 0.91, 0.91, 0.91, 0.91, 0.91, 0.91, 0.91, 0.91, 0.91, 0.91, 0.91, 0.91, 0.91], params=[0.21, 1.55, 0.6, 0.09], fit_error=[0.051, 0.123, 0.126, 0.086, 0.12, 0.12, 0.112, 0.071, 0.029])",[-70.  -8.  -4.  -2.   0.   2.   4.   8.  70.],"[0.6, 0.588, 0.667, 0.842, 0.688, 0.688, 0.75, 0.929, 0.894]","[0.6, 0.6, 0.6, 0.6, 0.6, 0.6, 0.6, 0.6, 0.6, 0.6, 0.6, 0.6, 0.6, 0.6, 0.6, 0.6, 0.6, 0.6, 0.6, 0.6, 0.6, 0.6, 0.6, 0.6, 0.6, 0.6, 0.6, 0.6, 0.6, 0.601, 0.601, 0.601, 0.601, 0.602, 0.602, 0.603, 0.604, 0.605, 0.607, 0.61, 0.613, 0.617, 0.622, 0.629, 0.638, 0.649, 0.663, 0.679, 0.698, 0.719, 0.741, 0.764, 0.787, 0.808, 0.827, 0.844, 0.858, 0.87, 0.879, 0.886, 0.892, 0.897, 0.9, 0.902, 0.904, 0.906, 0.907, 0.908, 0.908, 0.909, 0.909, 0.909, 0.909, 0.91, 0.91, 0.91, 0.91, 0.91, 0.91, 0.91, 0.91, 0.91, 0.91, 0.91, 0.91, 0.91, 0.91, 0.91, 0.91, 0.91, 0.91, 0.91, 0.91, 0.91, 0.91, 0.91, 0.91, 0.91, 0.91, 0.91]","[0.051, 0.123, 0.126, 0.086, 0.12, 0.12, 0.112, 0.071, 0.029]","[0.21, 1.55, 0.6, 0.09]",0.21,1.55,0.6,0.09,"psych_curve(xdata=array([-70.,  -8.,  -4.,  -2.,   0.,   2.,   4.,   8.,  70.]), ydata=[0.598, 0.533, 0.857, 0.882, 0.75, 0.667, 0.938, 0.812, 0.866], fit=[nan, nan, nan, nan, nan, nan, nan, nan, nan, nan, nan, nan, nan, nan, nan, nan, nan, nan, nan, nan, nan, nan, nan, nan, nan, nan, nan, nan, nan, nan, nan, nan, nan, nan, nan, nan, nan, nan, nan, nan, nan, nan, nan, nan, nan, nan, nan, nan, nan, nan, nan, nan, nan, nan, nan, nan, nan, nan, nan, nan, nan, nan, nan, nan, nan, nan, nan, nan, nan, nan, nan, nan, nan, nan, nan, nan, nan, nan, nan, nan, nan, nan, nan, nan, nan, nan, nan, nan, nan, nan, nan, nan, nan, nan, nan, nan, nan, nan, nan, nan], params=[6.37, -5.65, 0.57, 0.18], fit_error=[0.053, 0.133, 0.097, 0.081, 0.112, 0.114, 0.062, 0.101, 0.031])",[-70.  -8.  -4.  -2.   0.   2.   4.   8.  70.],"[0.6, 0.588, 0.667, 0.842, 0.688, 0.688, 0.75, 0.929, 0.894]","[0.6, 0.6, 0.6, 0.6, 0.6, 0.6, 0.6, 0.6, 0.6, 0.6, 0.6, 0.6, 0.6, 0.6, 0.6, 0.6, 0.6, 0.6, 0.6, 0.6, 0.6, 0.6, 0.6, 0.6, 0.6, 0.6, 0.6, 0.6, 0.6, 0.601, 0.601, 0.601, 0.601, 0.602, 0.602, 0.603, 0.604, 0.605, 0.607, 0.61, 0.613, 0.617, 0.622, 0.629, 0.638, 0.649, 0.663, 0.679, 0.698, 0.719, 0.741, 0.764, 0.787, 0.808, 0.827, 0.844, 0.858, 0.87, 0.879, 0.886, 0.892, 0.897, 0.9, 0.902, 0.904, 0.906, 0.907, 0.908, 0.908, 0.909, 0.909, 0.909, 0.909, 0.91, 0.91, 0.91, 0.91, 0.91, 0.91, 0.91, 0.91, 0.91, 0.91, 0.91, 0.91, 0.91, 0.91, 0.91, 0.91, 0.91, 0.91, 0.91, 0.91, 0.91, 0.91, 0.91, 0.91, 0.91, 0.91, 0.91]","[0.051, 0.123, 0.126, 0.086, 0.12, 0.12, 0.112, 0.071, 0.029]","[6.37, -5.65, 0.57, 0.18]",6.37,-5.65,0.57,0.18,1.0
2025-07-28,0,,16,Bpod5,336,169,167,173,163,244,125,119,141,102,92,44,48,0.7261904761904762,0.7396449704142012,0.7125748502994012,336,169,167,207,108,99,0.6242774566473989,0.6073619631901841,89,44,45,0.3699421965317919,0.3926380368098159,0.7261904761904762,0.7396449704142012,0.7125748502994012,0.8018018018018018,-0.0270701201148,0.6811594202898551,0.796875,-0.1157155797101449,0.6158197099187914,0.3812901166708039,0,0,0,0.0,0.0,0.0,244,125,119,610.0,312.5,297.5,0.0,0,0,0,0.5,0.4999999999999998,"psych_curve(xdata=array([-70.,  -8.,  -4.,  -2.,   0.,   2.,   4.,   8.,  70.]), ydata=[0.206, 0.316, 0.4, 0.471, 0.353, 0.45, 0.3, 0.625, 0.809], fit=[0.21, 0.21, 0.21, 0.21, 0.21, 0.211, 0.211, 0.211, 0.211, 0.211, 0.211, 0.211, 0.211, 0.212, 0.212, 0.212, 0.212, 0.213, 0.213, 0.214, 0.214, 0.215, 0.216, 0.217, 0.218, 0.219, 0.22, 0.222, 0.223, 0.225, 0.227, 0.23, 0.233, 0.236, 0.24, 0.244, 0.249, 0.255, 0.261, 0.268, 0.276, 0.285, 0.294, 0.305, 0.317, 0.33, 0.344, 0.36, 0.376, 0.394, 0.412, 0.431, 0.452, 0.472, 0.493, 0.514, 0.536, 0.557, 0.577, 0.597, 0.616, 0.634, 0.651, 0.667, 0.682, 0.695, 0.708, 0.719, 0.73, 0.739, 0.747, 0.755, 0.762, 0.768, 0.773, 0.777, 0.782, 0.785, 0.788, 0.791, 0.793, 0.796, 0.797, 0.799, 0.801, 0.802, 0.803, 0.804, 0.805, 0.805, 0.806, 0.806, 0.807, 0.807, 0.808, 0.808, 0.808, 0.808, 0.809, 0.809], params=[0.1, 7.48, 0.21, 0.19], fit_error=[0.039, 0.11, 0.131, 0.125, 0.119, 0.114, 0.153, 0.125, 0.037])",[-70.  -8.  -4.  -2.   0.   2.   4.   8.  70.],"[0.206, 0.316, 0.4, 0.471, 0.353, 0.45, 0.3, 0.625, 0.809]","[0.21, 0.21, 0.21, 0.21, 0.21, 0.211, 0.211, 0.211, 0.211, 0.211, 0.211, 0.211, 0.211, 0.212, 0.212, 0.212, 0.212, 0.213, 0.213, 0.214, 0.214, 0.215, 0.216, 0.217, 0.218, 0.219, 0.22, 0.222, 0.223, 0.225, 0.227, 0.23, 0.233, 0.236, 0.24, 0.244, 0.249, 0.255, 0.261, 0.268, 0.276, 0.285, 0.294, 0.305, 0.317, 0.33, 0.344, 0.36, 0.376, 0.394, 0.412, 0.431, 0.452, 0.472, 0.493, 0.514, 0.536, 0.557, 0.577, 0.597, 0.616, 0.634, 0.651, 0.667, 0.682, 0.695, 0.708, 0.719, 0.73, 0.739, 0.747, 0.755, 0.762, 0.768, 0.773, 0.777, 0.782, 0.785, 0.788, 0.791, 0.793, 0.796, 0.797, 0.799, 0.801, 0.802, 0.803, 0.804, 0.805, 0.805, 0.806, 0.806, 0.807, 0.807, 0.808, 0.808, 0.808, 0.808, 0.809, 0.809]","[0.039, 0.11, 0.131, 0.125, 0.119, 0.114, 0.153, 0.125, 0.037]","[0.1, 7.48, 0.21, 0.19]",0.1,7.48,0.21,0.19,"psych_curve(xdata=array([-70.,  -8.,  -4.,  -2.,   0.,   2.,   4.,   8.,  70.]), ydata=[0.319, 0.444, 0.625, 0.588, 0.765, 0.55, 0.667, 0.765, 0.926], fit=[nan, nan, nan, nan, nan, nan, nan, nan, nan, nan, nan, nan, nan, nan, nan, nan, nan, nan, nan, nan, nan, nan, nan, nan, nan, nan, nan, nan, nan, nan, nan, nan, nan, nan, nan, nan, nan, nan, nan, nan, nan, nan, nan, nan, nan, nan, nan, nan, nan, nan, nan, nan, nan, nan, nan, nan, nan, nan, nan, nan, nan, nan, nan, nan, nan, nan, nan, nan, nan, nan, nan, nan, nan, nan, nan, nan, nan, nan, nan, nan, nan, nan, nan, nan, nan, nan, nan, nan, nan, nan, nan, nan, nan, nan, nan, nan, nan, nan, nan, nan], params=[0.11, -0.78, 0.31, 0.08], fit_error=[0.044, 0.121, 0.125, 0.123, 0.106, 0.114, 0.167, 0.106, 0.025])",[-70.  -8.  -4.  -2.   0.   2.   4.   8.  70.],"[0.206, 0.316, 0.4, 0.471, 0.353, 0.45, 0.3, 0.625, 0.809]","[0.21, 0.21, 0.21, 0.21, 0.21, 0.211, 0.211, 0.211, 0.211, 0.211, 0.211, 0.211, 0.211, 0.212, 0.212, 0.212, 0.212, 0.213, 0.213, 0.214, 0.214, 0.215, 0.216, 0.217, 0.218, 0.219, 0.22, 0.222, 0.223, 0.225, 0.227, 0.23, 0.233, 0.236, 0.24, 0.244, 0.249, 0.255, 0.261, 0.268, 0.276, 0.285, 0.294, 0.305, 0.317, 0.33, 0.344, 0.36, 0.376, 0.394, 0.412, 0.431, 0.452, 0.472, 0.493, 0.514, 0.536, 0.557, 0.577, 0.597, 0.616, 0.634, 0.651, 0.667, 0.682, 0.695, 0.708, 0.719, 0.73, 0.739, 0.747, 0.755, 0.762, 0.768, 0.773, 0.777, 0.782, 0.785, 0.788, 0.791, 0.793, 0.796, 0.797, 0.799, 0.801, 0.802, 0.803, 0.804, 0.805, 0.805, 0.806, 0.806, 0.807, 0.807, 0.808, 0.808, 0.808, 0.808, 0.809, 0.809]","[0.039, 0.11, 0.131, 0.125, 0.119, 0.114, 0.153, 0.125, 0.037]","[0.11, -0.78, 0.31, 0.08]",0.11,-0.78,0.31,0.08,0.0
2025-07-29,1,,16,Bpod5,329,168,161,215,114,222,138,84,146,75,107,30,77,0.6747720364741642,0.8214285714285714,0.5217391304347826,329,168,161,239,170,69,0.7906976744186046,0.6052631578947368,127,64,63,0.2046511627906976,0.3947368421052631,0.6747720364741642,0.8214285714285714,0.5217391304347826,0.722488038277512,-0.2996894409937888,0.6108786610878661,0.8426966292134831,-0.2318179681256169,0.6979804161566707,0.2996940024479804,0,0,0,0.0,0.0,0.0,222,138,84,555.0,345.0,210.0,0.0,0,0,0,0.5,0.4999999999999998,"psych_curve(xdata=array([-70.,  -8.,  -4.,  -2.,   0.,   2.,   4.,   8.,  70.]), ydata=[0.16, 0.125, 0.353, 0.25, 0.0, 0.133, 0.5, 0.588, 0.602], fit=[0.17, 0.17, 0.17, 0.17, 0.17, 0.17, 0.17, 0.17, 0.17, 0.17, 0.17, 0.17, 0.17, 0.17, 0.17, 0.17, 0.17, 0.17, 0.17, 0.17, 0.17, 0.17, 0.17, 0.17, 0.17, 0.17, 0.17, 0.17, 0.17, 0.17, 0.17, 0.17, 0.17, 0.17, 0.17, 0.17, 0.17, 0.17, 0.17, 0.17, 0.17, 0.17, 0.17, 0.17, 0.17, 0.17, 0.17, 0.17, 0.17, 0.17, 0.17, 0.17, 0.214, 0.6, 0.6, 0.6, 0.6, 0.6, 0.6, 0.6, 0.6, 0.6, 0.6, 0.6, 0.6, 0.6, 0.6, 0.6, 0.6, 0.6, 0.6, 0.6, 0.6, 0.6, 0.6, 0.6, 0.6, 0.6, 0.6, 0.6, 0.6, 0.6, 0.6, 0.6, 0.6, 0.6, 0.6, 0.6, 0.6, 0.6, 0.6, 0.6, 0.6, 0.6, 0.6, 0.6, 0.6, 0.6, 0.6, 0.6], params=[7.33, 3.83, 0.17, 0.4], fit_error=[0.036, 0.085, 0.119, 0.099, 0.0, 0.091, 0.115, 0.123, 0.048])",[-70.  -8.  -4.  -2.   0.   2.   4.   8.  70.],"[0.16, 0.125, 0.353, 0.25, 0.0, 0.133, 0.5, 0.588, 0.602]","[0.17, 0.17, 0.17, 0.17, 0.17, 0.17, 0.17, 0.17, 0.17, 0.17, 0.17, 0.17, 0.17, 0.17, 0.17, 0.17, 0.17, 0.17, 0.17, 0.17, 0.17, 0.17, 0.17, 0.17, 0.17, 0.17, 0.17, 0.17, 0.17, 0.17, 0.17, 0.17, 0.17, 0.17, 0.17, 0.17, 0.17, 0.17, 0.17, 0.17, 0.17, 0.17, 0.17, 0.17, 0.17, 0.17, 0.17, 0.17, 0.17, 0.17, 0.17, 0.17, 0.214, 0.6, 0.6, 0.6, 0.6, 0.6, 0.6, 0.6, 0.6, 0.6, 0.6, 0.6, 0.6, 0.6, 0.6, 0.6, 0.6, 0.6, 0.6, 0.6, 0.6, 0.6, 0.6, 0.6, 0.6, 0.6, 0.6, 0.6, 0.6, 0.6, 0.6, 0.6, 0.6, 0.6, 0.6, 0.6, 0.6, 0.6, 0.6, 0.6, 0.6, 0.6, 0.6, 0.6, 0.6, 0.6, 0.6, 0.6]","[0.036, 0.085, 0.119, 0.099, 0.0, 0.091, 0.115, 0.123, 0.048]","[7.33, 3.83, 0.17, 0.4]",7.33,3.83,0.17,0.4,"psych_curve(xdata=array([-70.,  -8.,  -4.,  -2.,   0.,   2.,   4.,   8.,  70.]), ydata=[0.467, 0.538, 0.762, 0.727, 0.8, 0.846, 1.0, 0.9, 0.913], fit=[nan, nan, nan, nan, nan, nan, nan, nan, nan, nan, nan, nan, nan, nan, nan, nan, nan, nan, nan, nan, nan, nan, nan, nan, nan, nan, nan, nan, nan, nan, nan, nan, nan, nan, nan, nan, nan, nan, nan, nan, nan, nan, nan, nan, nan, nan, nan, nan, nan, nan, nan, nan, nan, nan, nan, nan, nan, nan, nan, nan, nan, nan, nan, nan, nan, nan, nan, nan, nan, nan, nan, nan, nan, nan, nan, nan, nan, nan, nan, nan, nan, nan, nan, nan, nan, nan, nan, nan, nan, nan, nan, nan, nan, nan, nan, nan, nan, nan, nan, nan], params=[0.33, -3.98, 0.46, 0.07], fit_error=[0.049, 0.144, 0.095, 0.097, 0.107, 0.104, 0.0, 0.069, 0.028])",[-70.  -8.  -4.  -2.   0.   2.   4.   8.  70.],"[0.16, 0.125, 0.353, 0.25, 0.0, 0.133, 0.5, 0.588, 0.602]","[0.17, 0.17, 0.17, 0.17, 0.17, 0.17, 0.17, 0.17, 0.17, 0.17, 0.17, 0.17, 0.17, 0.17, 0.17, 0.17, 0.17, 0.17, 0.17, 0.17, 0.17, 0.17, 0.17, 0.17, 0.17, 0.17, 0.17, 0.17, 0.17, 0.17, 0.17, 0.17, 0.17, 0.17, 0.17, 0.17, 0.17, 0.17, 0.17, 0.17, 0.17, 0.17, 0.17, 0.17, 0.17, 0.17, 0.17, 0.17, 0.17, 0.17, 0.17, 0.17, 0.214, 0.6, 0.6, 0.6, 0.6, 0.6, 0.6, 0.6, 0.6, 0.6, 0.6, 0.6, 0.6, 0.6, 0.6, 0.6, 0.6, 0.6, 0.6, 0.6, 0.6, 0.6, 0.6, 0.6, 0.6, 0.6, 0.6, 0.6, 0.6, 0.6, 0.6, 0.6, 0.6, 0.6, 0.6, 0.6, 0.6, 0.6, 0.6, 0.6, 0.6, 0.6, 0.6, 0.6, 0.6, 0.6, 0.6, 0.6]","[0.036, 0.085, 0.119, 0.099, 0.0, 0.091, 0.115, 0.123, 0.048]","[0.33, -3.98, 0.46, 0.07]",0.33,-3.98,0.46,0.07,1.0
2025-07-31,3,,16,Bpod5,332,151,181,220,110,225,133,92,127,96,105,18,87,0.677710843373494,0.8807947019867549,0.5082872928176796,330,151,179,214,162,52,0.7363636363636363,0.4727272727272727,71,35,36,0.2590909090909091,0.5181818181818182,0.6818181818181818,0.8807947019867549,0.5139664804469274,0.7327188940092166,-0.3668282215398275,0.5934579439252337,0.8421052631578947,-0.248647319232661,0.6045454545454545,0.3886363636363636,2,0,2,0.0060240963855421,0.0,0.011049723756906,225,133,92,562.5,332.5,230.0,0.0,0,0,0,0.5,0.4999999999999998,"psych_curve(xdata=array([-70.,  -8.,  -4.,  -2.,   0.,   2.,   4.,   8.,  70.]), ydata=[0.069, 0.2, 0.143, 0.3, 0.5, 0.357, 0.429, 0.5, 0.557], fit=[0.07, 0.07, 0.07, 0.07, 0.07, 0.07, 0.07, 0.07, 0.07, 0.07, 0.07, 0.07, 0.07, 0.07, 0.07, 0.07, 0.07, 0.07, 0.07, 0.07, 0.07, 0.07, 0.07, 0.07, 0.07, 0.07, 0.07, 0.07, 0.07, 0.071, 0.071, 0.071, 0.071, 0.072, 0.073, 0.074, 0.076, 0.079, 0.082, 0.087, 0.094, 0.104, 0.116, 0.133, 0.155, 0.183, 0.216, 0.254, 0.294, 0.336, 0.375, 0.411, 0.441, 0.466, 0.485, 0.5, 0.511, 0.52, 0.525, 0.53, 0.533, 0.535, 0.536, 0.537, 0.538, 0.539, 0.539, 0.539, 0.54, 0.54, 0.54, 0.54, 0.54, 0.54, 0.54, 0.54, 0.54, 0.54, 0.54, 0.54, 0.54, 0.54, 0.54, 0.54, 0.54, 0.54, 0.54, 0.54, 0.54, 0.54, 0.54, 0.54, 0.54, 0.54, 0.54, 0.54, 0.54, 0.54, 0.54, 0.54], params=[0.25, -1.76, 0.07, 0.46], fit_error=[0.025, 0.107, 0.078, 0.153, 0.129, 0.133, 0.111, 0.129, 0.047])",[-70.  -8.  -4.  -2.   0.   2.   4.   8.  70.],"[0.069, 0.2, 0.143, 0.3, 0.5, 0.357, 0.429, 0.5, 0.557]","[0.07, 0.07, 0.07, 0.07, 0.07, 0.07, 0.07, 0.07, 0.07, 0.07, 0.07, 0.07, 0.07, 0.07, 0.07, 0.07, 0.07, 0.07, 0.07, 0.07, 0.07, 0.07, 0.07, 0.07, 0.07, 0.07, 0.07, 0.07, 0.07, 0.071, 0.071, 0.071, 0.071, 0.072, 0.073, 0.074, 0.076, 0.079, 0.082, 0.087, 0.094, 0.104, 0.116, 0.133, 0.155, 0.183, 0.216, 0.254, 0.294, 0.336, 0.375, 0.411, 0.441, 0.466, 0.485, 0.5, 0.511, 0.52, 0.525, 0.53, 0.533, 0.535, 0.536, 0.537, 0.538, 0.539, 0.539, 0.539, 0.54, 0.54, 0.54, 0.54, 0.54, 0.54, 0.54, 0.54, 0.54, 0.54, 0.54, 0.54, 0.54, 0.54, 0.54, 0.54, 0.54, 0.54, 0.54, 0.54, 0.54, 0.54, 0.54, 0.54, 0.54, 0.54, 0.54, 0.54, 0.54, 0.54, 0.54, 0.54]","[0.025, 0.107, 0.078, 0.153, 0.129, 0.133, 0.111, 0.129, 0.047]","[0.25, -1.76, 0.07, 0.46]",0.25,-1.76,0.07,0.46,"psych_curve(xdata=array([-70.,  -8.,  -4.,  -2.,   0.,   2.,   4.,   8.,  70.]), ydata=[0.43, 0.381, 0.625, 0.643, 0.75, 0.7, 0.8, 0.7, 0.937], fit=[nan, nan, nan, nan, nan, nan, nan, nan, nan, nan, nan, nan, nan, nan, nan, nan, nan, nan, nan, nan, nan, nan, nan, nan, nan, nan, nan, nan, nan, nan, nan, nan, nan, nan, nan, nan, nan, nan, nan, nan, nan, nan, nan, nan, nan, nan, nan, nan, nan, nan, nan, nan, nan, nan, nan, nan, nan, nan, nan, nan, nan, nan, nan, nan, nan, nan, nan, nan, nan, nan, nan, nan, nan, nan, nan, nan, nan, nan, nan, nan, nan, nan, nan, nan, nan, nan, nan, nan, nan, nan, nan, nan, nan, nan, nan, nan, nan, nan, nan, nan], params=[0.36, -3.14, 0.39, 0.18], fit_error=[0.045, 0.109, 0.125, 0.133, 0.112, 0.153, 0.082, 0.153, 0.025])",[-70.  -8.  -4.  -2.   0.   2.   4.   8.  70.],"[0.069, 0.2, 0.143, 0.3, 0.5, 0.357, 0.429, 0.5, 0.557]","[0.07, 0.07, 0.07, 0.07, 0.07, 0.07, 0.07, 0.07, 0.07, 0.07, 0.07, 0.07, 0.07, 0.07, 0.07, 0.07, 0.07, 0.07, 0.07, 0.07, 0.07, 0.07, 0.07, 0.07, 0.07, 0.07, 0.07, 0.07, 0.07, 0.071, 0.071, 0.071, 0.071, 0.072, 0.073, 0.074, 0.076, 0.079, 0.082, 0.087, 0.094, 0.104, 0.116, 0.133, 0.155, 0.183, 0.216, 0.254, 0.294, 0.336, 0.375, 0.411, 0.441, 0.466, 0.485, 0.5, 0.511, 0.52, 0.525, 0.53, 0.533, 0.535, 0.536, 0.537, 0.538, 0.539, 0.539, 0.539, 0.54, 0.54, 0.54, 0.54, 0.54, 0.54, 0.54, 0.54, 0.54, 0.54, 0.54, 0.54, 0.54, 0.54, 0.54, 0.54, 0.54, 0.54, 0.54, 0.54, 0.54, 0.54, 0.54, 0.54, 0.54, 0.54, 0.54, 0.54, 0.54, 0.54, 0.54, 0.54]","[0.025, 0.107, 0.078, 0.153, 0.129, 0.133, 0.111, 0.129, 0.047]","[0.36, -3.14, 0.39, 0.18]",0.36,-3.14,0.39,0.18,0.0
2025-08-01,4,,16,Bpod5,327,168,159,210,117,209,130,79,147,61,118,38,80,0.6391437308868502,0.7738095238095238,0.4968553459119497,327,168,159,255,174,81,0.8285714285714286,0.6923076923076923,106,53,53,0.1666666666666666,0.3076923076923077,0.6391437308868502,0.7738095238095238,0.4968553459119497,0.7183098591549296,-0.2769541778975741,0.5764705882352941,0.8591549295774648,-0.2826843413421707,0.7604395604395604,0.2371794871794871,0,0,0,0.0,0.0,0.0,209,130,79,522.5,325.0,197.5,0.0,0,0,0,0.5,0.4999999999999998,"psych_curve(xdata=array([-70.,  -8.,  -4.,  -2.,   0.,   2.,   4.,   8.,  70.]), ydata=[0.193, 0.421, 0.143, 0.4, 0.133, 0.522, 0.235, 0.312, 0.606], fit=[0.26, 0.26, 0.26, 0.26, 0.26, 0.26, 0.26, 0.26, 0.26, 0.26, 0.26, 0.26, 0.26, 0.26, 0.26, 0.26, 0.26, 0.26, 0.26, 0.26, 0.26, 0.26, 0.26, 0.26, 0.26, 0.26, 0.26, 0.26, 0.26, 0.26, 0.26, 0.26, 0.26, 0.26, 0.26, 0.26, 0.26, 0.26, 0.26, 0.26, 0.26, 0.26, 0.26, 0.26, 0.26, 0.26, 0.26, 0.26, 0.26, 0.26, 0.285, 0.42, 0.42, 0.42, 0.42, 0.42, 0.42, 0.42, 0.42, 0.42, 0.42, 0.42, 0.42, 0.42, 0.42, 0.42, 0.42, 0.42, 0.42, 0.42, 0.42, 0.42, 0.42, 0.42, 0.42, 0.42, 0.42, 0.42, 0.42, 0.42, 0.42, 0.42, 0.42, 0.42, 0.42, 0.42, 0.42, 0.42, 0.42, 0.42, 0.42, 0.42, 0.42, 0.42, 0.42, 0.42, 0.42, 0.42, 0.42, 0.42], params=[11.07, 0.86, 0.26, 0.58], fit_error=[0.036, 0.116, 0.097, 0.163, 0.091, 0.106, 0.106, 0.12, 0.051])",[-70.  -8.  -4.  -2.   0.   2.   4.   8.  70.],"[0.193, 0.421, 0.143, 0.4, 0.133, 0.522, 0.235, 0.312, 0.606]","[0.26, 0.26, 0.26, 0.26, 0.26, 0.26, 0.26, 0.26, 0.26, 0.26, 0.26, 0.26, 0.26, 0.26, 0.26, 0.26, 0.26, 0.26, 0.26, 0.26, 0.26, 0.26, 0.26, 0.26, 0.26, 0.26, 0.26, 0.26, 0.26, 0.26, 0.26, 0.26, 0.26, 0.26, 0.26, 0.26, 0.26, 0.26, 0.26, 0.26, 0.26, 0.26, 0.26, 0.26, 0.26, 0.26, 0.26, 0.26, 0.26, 0.26, 0.285, 0.42, 0.42, 0.42, 0.42, 0.42, 0.42, 0.42, 0.42, 0.42, 0.42, 0.42, 0.42, 0.42, 0.42, 0.42, 0.42, 0.42, 0.42, 0.42, 0.42, 0.42, 0.42, 0.42, 0.42, 0.42, 0.42, 0.42, 0.42, 0.42, 0.42, 0.42, 0.42, 0.42, 0.42, 0.42, 0.42, 0.42, 0.42, 0.42, 0.42, 0.42, 0.42, 0.42, 0.42, 0.42, 0.42, 0.42, 0.42, 0.42]","[0.036, 0.116, 0.097, 0.163, 0.091, 0.106, 0.106, 0.12, 0.051]","[11.07, 0.86, 0.26, 0.58]",11.07,0.86,0.26,0.58,"psych_curve(xdata=array([-70.,  -8.,  -4.,  -2.,  -0.,   2.,   4.,   8.,  70.]), ydata=[0.543, 0.727, 0.857, 0.737, 1.0, 0.929, 0.824, 0.769, 0.972], fit=[nan, nan, nan, nan, nan, nan, nan, nan, nan, nan, nan, nan, nan, nan, nan, nan, nan, nan, nan, nan, nan, nan, nan, nan, nan, nan, nan, nan, nan, nan, nan, nan, nan, nan, nan, nan, nan, nan, nan, nan, nan, nan, nan, nan, nan, nan, nan, nan, nan, nan, nan, nan, nan, nan, nan, nan, nan, nan, nan, nan, nan, nan, nan, nan, nan, nan, nan, nan, nan, nan, nan, nan, nan, nan, nan, nan, nan, nan, nan, nan, nan, nan, nan, nan, nan, nan, nan, nan, nan, nan, nan, nan, nan, nan, nan, nan, nan, nan, nan, nan], params=[0.0, -1015.55, -10.61, -2.36], fit_error=[0.049, 0.097, 0.097, 0.104, 0.0, 0.071, 0.095, 0.122, 0.016])",[-70.  -8.  -4.  -2.   0.   2.   4.   8.  70.],"[0.193, 0.421, 0.143, 0.4, 0.133, 0.522, 0.235, 0.312, 0.606]","[0.26, 0.26, 0.26, 0.26, 0.26, 0.26, 0.26, 0.26, 0.26, 0.26, 0.26, 0.26, 0.26, 0.26, 0.26, 0.26, 0.26, 0.26, 0.26, 0.26, 0.26, 0.26, 0.26, 0.26, 0.26, 0.26, 0.26, 0.26, 0.26, 0.26, 0.26, 0.26, 0.26, 0.26, 0.26, 0.26, 0.26, 0.26, 0.26, 0.26, 0.26, 0.26, 0.26, 0.26, 0.26, 0.26, 0.26, 0.26, 0.26, 0.26, 0.285, 0.42, 0.42, 0.42, 0.42, 0.42, 0.42, 0.42, 0.42, 0.42, 0.42, 0.42, 0.42, 0.42, 0.42, 0.42, 0.42, 0.42, 0.42, 0.42, 0.42, 0.42, 0.42, 0.42, 0.42, 0.42, 0.42, 0.42, 0.42, 0.42, 0.42, 0.42, 0.42, 0.42, 0.42, 0.42, 0.42, 0.42, 0.42, 0.42, 0.42, 0.42, 0.42, 0.42, 0.42, 0.42, 0.42, 0.42, 0.42, 0.42]","[0.036, 0.116, 0.097, 0.163, 0.091, 0.106, 0.106, 0.12, 0.051]","[0.0, -1015.55, -10.61, -2.36]",0.0,-1015.55,-10.61,-2.36,1.0
2025-08-07,3,,16,Bpod5,341,172,169,228,112,263,161,102,159,103,77,10,67,0.7712609970674487,0.936046511627907,0.6035502958579881,340,171,169,224,170,54,0.7456140350877193,0.4821428571428571,48,24,24,0.25,0.5178571428571429,0.7735294117647059,0.9415204678362572,0.6035502958579881,0.8354978354978355,-0.3379701719782692,0.7098214285714286,0.8956521739130435,-0.1858307453416149,0.6138784461152882,0.3839285714285714,1,1,0,0.002932551319648,0.005813953488372,0.0,263,161,102,657.5,402.5,255.0,0.0,0,0,0,0.5,0.4999999999999998,"psych_curve(xdata=array([-70.,  -8.,  -4.,  -2.,   0.,   2.,   4.,   8.,  70.]), ydata=[0.05, 0.154, 0.0, 0.1, 0.13, 0.364, 0.5, 0.429, 0.714], fit=[0.07, 0.07, 0.07, 0.07, 0.07, 0.07, 0.07, 0.07, 0.07, 0.07, 0.07, 0.07, 0.07, 0.07, 0.07, 0.07, 0.07, 0.07, 0.07, 0.07, 0.07, 0.07, 0.07, 0.07, 0.07, 0.07, 0.07, 0.07, 0.07, 0.07, 0.07, 0.07, 0.07, 0.07, 0.07, 0.07, 0.07, 0.07, 0.07, 0.07, 0.07, 0.07, 0.07, 0.07, 0.07, 0.07, 0.071, 0.073, 0.083, 0.114, 0.205, 0.361, 0.49, 0.546, 0.563, 0.568, 0.57, 0.57, 0.57, 0.57, 0.57, 0.57, 0.57, 0.57, 0.57, 0.57, 0.57, 0.57, 0.57, 0.57, 0.57, 0.57, 0.57, 0.57, 0.57, 0.57, 0.57, 0.57, 0.57, 0.57, 0.57, 0.57, 0.57, 0.57, 0.57, 0.57, 0.57, 0.57, 0.57, 0.57, 0.57, 0.57, 0.57, 0.57, 0.57, 0.57, 0.57, 0.57, 0.57, 0.57], params=[0.94, 1.77, 0.07, 0.43], fit_error=[0.02, 0.104, 0.0, 0.1, 0.072, 0.152, 0.115, 0.137, 0.043])",[-70.  -8.  -4.  -2.   0.   2.   4.   8.  70.],"[0.05, 0.154, 0.0, 0.1, 0.13, 0.364, 0.5, 0.429, 0.714]","[0.07, 0.07, 0.07, 0.07, 0.07, 0.07, 0.07, 0.07, 0.07, 0.07, 0.07, 0.07, 0.07, 0.07, 0.07, 0.07, 0.07, 0.07, 0.07, 0.07, 0.07, 0.07, 0.07, 0.07, 0.07, 0.07, 0.07, 0.07, 0.07, 0.07, 0.07, 0.07, 0.07, 0.07, 0.07, 0.07, 0.07, 0.07, 0.07, 0.07, 0.07, 0.07, 0.07, 0.07, 0.07, 0.07, 0.071, 0.073, 0.083, 0.114, 0.205, 0.361, 0.49, 0.546, 0.563, 0.568, 0.57, 0.57, 0.57, 0.57, 0.57, 0.57, 0.57, 0.57, 0.57, 0.57, 0.57, 0.57, 0.57, 0.57, 0.57, 0.57, 0.57, 0.57, 0.57, 0.57, 0.57, 0.57, 0.57, 0.57, 0.57, 0.57, 0.57, 0.57, 0.57, 0.57, 0.57, 0.57, 0.57, 0.57, 0.57, 0.57, 0.57, 0.57, 0.57, 0.57, 0.57, 0.57, 0.57, 0.57]","[0.02, 0.104, 0.0, 0.1, 0.072, 0.152, 0.115, 0.137, 0.043]","[0.94, 1.77, 0.07, 0.43]",0.94,1.77,0.07,0.43,"psych_curve(xdata=array([-70.,  -8.,  -4.,  -2.,   0.,   2.,   4.,   8.,  70.]), ydata=[0.298, 0.571, 0.421, 0.545, 0.87, 0.8, 0.895, 0.846, 0.966], fit=[nan, nan, nan, nan, nan, nan, nan, nan, nan, nan, nan, nan, nan, nan, nan, nan, nan, nan, nan, nan, nan, nan, nan, nan, nan, nan, nan, nan, nan, nan, nan, nan, nan, nan, nan, nan, nan, nan, nan, nan, nan, nan, nan, nan, nan, nan, nan, nan, nan, nan, nan, nan, nan, nan, nan, nan, nan, nan, nan, nan, nan, nan, nan, nan, nan, nan, nan, nan, nan, nan, nan, nan, nan, nan, nan, nan, nan, nan, nan, nan, nan, nan, nan, nan, nan, nan, nan, nan, nan, nan, nan, nan, nan, nan, nan, nan, nan, nan, nan, nan], params=[2.66, -1.6, 0.43, 0.12], fit_error=[0.043, 0.137, 0.116, 0.157, 0.072, 0.133, 0.072, 0.104, 0.017])",[-70.  -8.  -4.  -2.   0.   2.   4.   8.  70.],"[0.05, 0.154, 0.0, 0.1, 0.13, 0.364, 0.5, 0.429, 0.714]","[0.07, 0.07, 0.07, 0.07, 0.07, 0.07, 0.07, 0.07, 0.07, 0.07, 0.07, 0.07, 0.07, 0.07, 0.07, 0.07, 0.07, 0.07, 0.07, 0.07, 0.07, 0.07, 0.07, 0.07, 0.07, 0.07, 0.07, 0.07, 0.07, 0.07, 0.07, 0.07, 0.07, 0.07, 0.07, 0.07, 0.07, 0.07, 0.07, 0.07, 0.07, 0.07, 0.07, 0.07, 0.07, 0.07, 0.071, 0.073, 0.083, 0.114, 0.205, 0.361, 0.49, 0.546, 0.563, 0.568, 0.57, 0.57, 0.57, 0.57, 0.57, 0.57, 0.57, 0.57, 0.57, 0.57, 0.57, 0.57, 0.57, 0.57, 0.57, 0.57, 0.57, 0.57, 0.57, 0.57, 0.57, 0.57, 0.57, 0.57, 0.57, 0.57, 0.57, 0.57, 0.57, 0.57, 0.57, 0.57, 0.57, 0.57, 0.57, 0.57, 0.57, 0.57, 0.57, 0.57, 0.57, 0.57, 0.57, 0.57]","[0.02, 0.104, 0.0, 0.1, 0.072, 0.152, 0.115, 0.137, 0.043]","[2.66, -1.6, 0.43, 0.12]",2.66,-1.6,0.43,0.12,0.0
2025-08-08,4,,16,Bpod5,319,166,153,256,62,182,143,39,149,32,136,23,113,0.5705329153605015,0.8614457831325302,0.2549019607843137,318,166,152,268,230,38,0.8984375,0.6129032258064516,117,58,59,0.09375,0.3870967741935484,0.5723270440251572,0.8614457831325302,0.2565789473684211,0.5867346938775511,-0.6048668357641092,0.5559701492537313,0.6666666666666666,-0.1106965174129352,0.7556703629032258,0.2404233870967742,1,0,1,0.0031347962382445,0.0,0.0065359477124183,182,143,39,455.0,357.5,97.5,0.0,0,0,0,0.5,0.4999999999999999,"psych_curve(xdata=array([-70.,  -8.,  -4.,  -2.,   0.,   2.,   4.,   8.,  70.]), ydata=[0.136, 0.192, 0.0, 0.071, 0.19, 0.294, 0.154, 0.25, 0.28], fit=[0.1, 0.1, 0.1, 0.1, 0.1, 0.1, 0.1, 0.1, 0.1, 0.1, 0.1, 0.1, 0.1, 0.1, 0.1, 0.1, 0.1, 0.1, 0.1, 0.1, 0.1, 0.1, 0.1, 0.1, 0.1, 0.1, 0.1, 0.1, 0.1, 0.1, 0.1, 0.1, 0.1, 0.1, 0.1, 0.1, 0.1, 0.1, 0.1, 0.1, 0.1, 0.1, 0.1, 0.1, 0.1, 0.1, 0.1, 0.1, 0.1, 0.101, 0.24, 0.24, 0.24, 0.24, 0.24, 0.24, 0.24, 0.24, 0.24, 0.24, 0.24, 0.24, 0.24, 0.24, 0.24, 0.24, 0.24, 0.24, 0.24, 0.24, 0.24, 0.24, 0.24, 0.24, 0.24, 0.24, 0.24, 0.24, 0.24, 0.24, 0.24, 0.24, 0.24, 0.24, 0.24, 0.24, 0.24, 0.24, 0.24, 0.24, 0.24, 0.24, 0.24, 0.24, 0.24, 0.24, 0.24, 0.24, 0.24, 0.24], params=[7.33, -0.07, 0.1, 0.76], fit_error=[0.034, 0.079, 0.0, 0.071, 0.088, 0.114, 0.104, 0.099, 0.047])",[-70.  -8.  -4.  -2.   0.   2.   4.   8.  70.],"[0.136, 0.192, 0.0, 0.071, 0.19, 0.294, 0.154, 0.25, 0.28]","[0.1, 0.1, 0.1, 0.1, 0.1, 0.1, 0.1, 0.1, 0.1, 0.1, 0.1, 0.1, 0.1, 0.1, 0.1, 0.1, 0.1, 0.1, 0.1, 0.1, 0.1, 0.1, 0.1, 0.1, 0.1, 0.1, 0.1, 0.1, 0.1, 0.1, 0.1, 0.1, 0.1, 0.1, 0.1, 0.1, 0.1, 0.1, 0.1, 0.1, 0.1, 0.1, 0.1, 0.1, 0.1, 0.1, 0.1, 0.1, 0.1, 0.101, 0.24, 0.24, 0.24, 0.24, 0.24, 0.24, 0.24, 0.24, 0.24, 0.24, 0.24, 0.24, 0.24, 0.24, 0.24, 0.24, 0.24, 0.24, 0.24, 0.24, 0.24, 0.24, 0.24, 0.24, 0.24, 0.24, 0.24, 0.24, 0.24, 0.24, 0.24, 0.24, 0.24, 0.24, 0.24, 0.24, 0.24, 0.24, 0.24, 0.24, 0.24, 0.24, 0.24, 0.24, 0.24, 0.24, 0.24, 0.24, 0.24, 0.24]","[0.034, 0.079, 0.0, 0.071, 0.088, 0.114, 0.104, 0.099, 0.047]","[7.33, -0.07, 0.1, 0.76]",7.33,-0.07,0.1,0.76,"psych_curve(xdata=array([-70.,  -8.,  -4.,  -2.,  -0.,   2.,   4.,   8.,  70.]), ydata=[0.765, 0.75, 1.0, 0.727, 0.905, 0.75, 0.867, 0.909, 0.948], fit=[nan, nan, nan, nan, nan, nan, nan, nan, nan, nan, nan, nan, nan, nan, nan, nan, nan, nan, nan, nan, nan, nan, nan, nan, nan, nan, nan, nan, nan, nan, nan, nan, nan, nan, nan, nan, nan, nan, nan, nan, nan, nan, nan, nan, nan, nan, nan, nan, nan, nan, nan, nan, nan, nan, nan, nan, nan, nan, nan, nan, nan, nan, nan, nan, nan, nan, nan, nan, nan, nan, nan, nan, nan, nan, nan, nan, nan, nan, nan, nan, nan, nan, nan, nan, nan, nan, nan, nan, nan, nan, nan, nan, nan, nan, nan, nan, nan, nan, nan, nan], params=[0.1, 3.06, 0.76, 0.05], fit_error=[0.043, 0.09, 0.0, 0.141, 0.066, 0.099, 0.091, 0.063, 0.023])",[-70.  -8.  -4.  -2.   0.   2.   4.   8.  70.],"[0.136, 0.192, 0.0, 0.071, 0.19, 0.294, 0.154, 0.25, 0.28]","[0.1, 0.1, 0.1, 0.1, 0.1, 0.1, 0.1, 0.1, 0.1, 0.1, 0.1, 0.1, 0.1, 0.1, 0.1, 0.1, 0.1, 0.1, 0.1, 0.1, 0.1, 0.1, 0.1, 0.1, 0.1, 0.1, 0.1, 0.1, 0.1, 0.1, 0.1, 0.1, 0.1, 0.1, 0.1, 0.1, 0.1, 0.1, 0.1, 0.1, 0.1, 0.1, 0.1, 0.1, 0.1, 0.1, 0.1, 0.1, 0.1, 0.101, 0.24, 0.24, 0.24, 0.24, 0.24, 0.24, 0.24, 0.24, 0.24, 0.24, 0.24, 0.24, 0.24, 0.24, 0.24, 0.24, 0.24, 0.24, 0.24, 0.24, 0.24, 0.24, 0.24, 0.24, 0.24, 0.24, 0.24, 0.24, 0.24, 0.24, 0.24, 0.24, 0.24, 0.24, 0.24, 0.24, 0.24, 0.24, 0.24, 0.24, 0.24, 0.24, 0.24, 0.24, 0.24, 0.24, 0.24, 0.24, 0.24, 0.24]","[0.034, 0.079, 0.0, 0.071, 0.088, 0.114, 0.104, 0.099, 0.047]","[0.1, 3.06, 0.76, 0.05]",0.1,3.06,0.76,0.05,1.0
2025-08-11,0,,16,Bpod5,339,168,171,152,186,255,118,137,156,98,83,49,34,0.7522123893805309,0.7023809523809523,0.8011695906432749,338,167,171,220,93,127,0.6118421052631579,0.6827956989247311,97,48,49,0.3815789473684211,0.3172043010752688,0.7544378698224852,0.7065868263473054,0.8011695906432749,0.8060344827586207,0.0945827642959694,0.7090909090909091,0.8376068376068376,-0.1285159285159285,0.6473189020939445,0.3493916242218449,1,1,0,0.0029498525073746,0.0059523809523809,0.0,255,118,137,637.5,295.0,342.5,0.0,0,0,0,0.5,0.4999999999999998,"psych_curve(xdata=array([-70.,  -8.,  -4.,  -2.,   0.,   2.,   4.,   8.,  70.]), ydata=[0.235, 0.312, 0.462, 0.556, 0.435, 0.7, 0.8, 0.867, 0.85], fit=[0.25, 0.25, 0.25, 0.25, 0.25, 0.25, 0.25, 0.25, 0.25, 0.25, 0.25, 0.25, 0.25, 0.25, 0.25, 0.25, 0.25, 0.25, 0.25, 0.25, 0.25, 0.25, 0.25, 0.25, 0.25, 0.25, 0.25, 0.25, 0.25, 0.25, 0.25, 0.25, 0.251, 0.251, 0.251, 0.252, 0.253, 0.254, 0.256, 0.26, 0.264, 0.271, 0.282, 0.297, 0.318, 0.347, 0.386, 0.435, 0.493, 0.557, 0.622, 0.683, 0.736, 0.779, 0.812, 0.836, 0.853, 0.865, 0.873, 0.879, 0.882, 0.885, 0.887, 0.888, 0.889, 0.889, 0.889, 0.89, 0.89, 0.89, 0.89, 0.89, 0.89, 0.89, 0.89, 0.89, 0.89, 0.89, 0.89, 0.89, 0.89, 0.89, 0.89, 0.89, 0.89, 0.89, 0.89, 0.89, 0.89, 0.89, 0.89, 0.89, 0.89, 0.89, 0.89, 0.89, 0.89, 0.89, 0.89, 0.89], params=[0.29, -0.43, 0.25, 0.11], fit_error=[0.039, 0.12, 0.144, 0.176, 0.106, 0.153, 0.092, 0.091, 0.034])",[-70.  -8.  -4.  -2.   0.   2.   4.   8.  70.],"[0.235, 0.312, 0.462, 0.556, 0.435, 0.7, 0.8, 0.867, 0.85]","[0.25, 0.25, 0.25, 0.25, 0.25, 0.25, 0.25, 0.25, 0.25, 0.25, 0.25, 0.25, 0.25, 0.25, 0.25, 0.25, 0.25, 0.25, 0.25, 0.25, 0.25, 0.25, 0.25, 0.25, 0.25, 0.25, 0.25, 0.25, 0.25, 0.25, 0.25, 0.25, 0.251, 0.251, 0.251, 0.252, 0.253, 0.254, 0.256, 0.26, 0.264, 0.271, 0.282, 0.297, 0.318, 0.347, 0.386, 0.435, 0.493, 0.557, 0.622, 0.683, 0.736, 0.779, 0.812, 0.836, 0.853, 0.865, 0.873, 0.879, 0.882, 0.885, 0.887, 0.888, 0.889, 0.889, 0.889, 0.89, 0.89, 0.89, 0.89, 0.89, 0.89, 0.89, 0.89, 0.89, 0.89, 0.89, 0.89, 0.89, 0.89, 0.89, 0.89, 0.89, 0.89, 0.89, 0.89, 0.89, 0.89, 0.89, 0.89, 0.89, 0.89, 0.89, 0.89, 0.89, 0.89, 0.89, 0.89, 0.89]","[0.039, 0.12, 0.144, 0.176, 0.106, 0.153, 0.092, 0.091, 0.034]","[0.29, -0.43, 0.25, 0.11]",0.29,-0.43,0.25,0.11,"psych_curve(xdata=array([-70.,  -8.,  -4.,  -2.,  -0.,   2.,   4.,   8.,  70.]), ydata=[0.33, 0.4, 0.429, 0.667, 0.696, 0.8, 0.789, 0.938, 0.933], fit=[nan, nan, nan, nan, nan, nan, nan, nan, nan, nan, nan, nan, nan, nan, nan, nan, nan, nan, nan, nan, nan, nan, nan, nan, nan, nan, nan, nan, nan, nan, nan, nan, nan, nan, nan, nan, nan, nan, nan, nan, nan, nan, nan, nan, nan, nan, nan, nan, nan, nan, nan, nan, nan, nan, nan, nan, nan, nan, nan, nan, nan, nan, nan, nan, nan, nan, nan, nan, nan, nan, nan, nan, nan, nan, nan, nan, nan, nan, nan, nan, nan, nan, nan, nan, nan, nan, nan, nan, nan, nan, nan, nan, nan, nan, nan, nan, nan, nan, nan, nan], params=[0.34, -1.35, 0.33, 0.07], fit_error=[0.045, 0.131, 0.137, 0.167, 0.098, 0.133, 0.096, 0.062, 0.023])",[-70.  -8.  -4.  -2.   0.   2.   4.   8.  70.],"[0.235, 0.312, 0.462, 0.556, 0.435, 0.7, 0.8, 0.867, 0.85]","[0.25, 0.25, 0.25, 0.25, 0.25, 0.25, 0.25, 0.25, 0.25, 0.25, 0.25, 0.25, 0.25, 0.25, 0.25, 0.25, 0.25, 0.25, 0.25, 0.25, 0.25, 0.25, 0.25, 0.25, 0.25, 0.25, 0.25, 0.25, 0.25, 0.25, 0.25, 0.25, 0.251, 0.251, 0.251, 0.252, 0.253, 0.254, 0.256, 0.26, 0.264, 0.271, 0.282, 0.297, 0.318, 0.347, 0.386, 0.435, 0.493, 0.557, 0.622, 0.683, 0.736, 0.779, 0.812, 0.836, 0.853, 0.865, 0.873, 0.879, 0.882, 0.885, 0.887, 0.888, 0.889, 0.889, 0.889, 0.89, 0.89, 0.89, 0.89, 0.89, 0.89, 0.89, 0.89, 0.89, 0.89, 0.89, 0.89, 0.89, 0.89, 0.89, 0.89, 0.89, 0.89, 0.89, 0.89, 0.89, 0.89, 0.89, 0.89, 0.89, 0.89, 0.89, 0.89, 0.89, 0.89, 0.89, 0.89, 0.89]","[0.039, 0.12, 0.144, 0.176, 0.106, 0.153, 0.092, 0.091, 0.034]","[0.34, -1.35, 0.33, 0.07]",0.34,-1.35,0.33,0.07,0.0
2025-08-12,1,,16,Bpod5,334,149,185,189,144,237,121,116,150,87,96,28,68,0.7095808383233533,0.8120805369127517,0.6270270270270271,333,149,184,235,140,95,0.7407407407407407,0.6597222222222222,145,72,73,0.2539682539682539,0.3402777777777778,0.7117117117117117,0.8120805369127517,0.6304347826086957,0.7395348837209302,-0.181645754304056,0.6382978723404256,0.8969072164948454,-0.2586093441544198,0.7002314814814814,0.2971230158730158,1,0,1,0.0029940119760479,0.0,0.0054054054054054,237,121,116,592.5,302.5,290.0,0.0,0,0,0,0.5,0.4999999999999998,"psych_curve(xdata=array([-70.,  -8.,  -4.,  -2.,   0.,   2.,   4.,   8.,  70.]), ydata=[0.184, 0.067, 0.462, 0.067, 0.4, 0.267, 0.696, 0.647, 0.675], fit=[0.24, 0.24, 0.24, 0.24, 0.24, 0.24, 0.24, 0.24, 0.24, 0.24, 0.24, 0.24, 0.24, 0.24, 0.24, 0.24, 0.24, 0.24, 0.24, 0.24, 0.24, 0.24, 0.24, 0.24, 0.24, 0.24, 0.24, 0.24, 0.24, 0.24, 0.24, 0.24, 0.24, 0.24, 0.24, 0.24, 0.24, 0.24, 0.24, 0.24, 0.24, 0.24, 0.24, 0.24, 0.24, 0.24, 0.24, 0.24, 0.24, 0.24, 0.24, 0.314, 0.67, 0.67, 0.67, 0.67, 0.67, 0.67, 0.67, 0.67, 0.67, 0.67, 0.67, 0.67, 0.67, 0.67, 0.67, 0.67, 0.67, 0.67, 0.67, 0.67, 0.67, 0.67, 0.67, 0.67, 0.67, 0.67, 0.67, 0.67, 0.67, 0.67, 0.67, 0.67, 0.67, 0.67, 0.67, 0.67, 0.67, 0.67, 0.67, 0.67, 0.67, 0.67, 0.67, 0.67, 0.67, 0.67, 0.67, 0.67], params=[7.93, 2.32, 0.24, 0.33], fit_error=[0.039, 0.067, 0.144, 0.067, 0.112, 0.118, 0.098, 0.119, 0.043])",[-70.  -8.  -4.  -2.   0.   2.   4.   8.  70.],"[0.184, 0.067, 0.462, 0.067, 0.4, 0.267, 0.696, 0.647, 0.675]","[0.24, 0.24, 0.24, 0.24, 0.24, 0.24, 0.24, 0.24, 0.24, 0.24, 0.24, 0.24, 0.24, 0.24, 0.24, 0.24, 0.24, 0.24, 0.24, 0.24, 0.24, 0.24, 0.24, 0.24, 0.24, 0.24, 0.24, 0.24, 0.24, 0.24, 0.24, 0.24, 0.24, 0.24, 0.24, 0.24, 0.24, 0.24, 0.24, 0.24, 0.24, 0.24, 0.24, 0.24, 0.24, 0.24, 0.24, 0.24, 0.24, 0.24, 0.24, 0.314, 0.67, 0.67, 0.67, 0.67, 0.67, 0.67, 0.67, 0.67, 0.67, 0.67, 0.67, 0.67, 0.67, 0.67, 0.67, 0.67, 0.67, 0.67, 0.67, 0.67, 0.67, 0.67, 0.67, 0.67, 0.67, 0.67, 0.67, 0.67, 0.67, 0.67, 0.67, 0.67, 0.67, 0.67, 0.67, 0.67, 0.67, 0.67, 0.67, 0.67, 0.67, 0.67, 0.67, 0.67, 0.67, 0.67, 0.67, 0.67]","[0.039, 0.067, 0.144, 0.067, 0.112, 0.118, 0.098, 0.119, 0.043]","[7.93, 2.32, 0.24, 0.33]",7.93,2.32,0.24,0.33,"psych_curve(xdata=array([-70.,  -8.,  -4.,  -2.,   0.,   2.,   4.,   8.,  70.]), ydata=[0.447, 0.368, 0.667, 0.769, 0.7, 0.882, 0.944, 1.0, 0.96], fit=[nan, nan, nan, nan, nan, nan, nan, nan, nan, nan, nan, nan, nan, nan, nan, nan, nan, nan, nan, nan, nan, nan, nan, nan, nan, nan, nan, nan, nan, nan, nan, nan, nan, nan, nan, nan, nan, nan, nan, nan, nan, nan, nan, nan, nan, nan, nan, nan, nan, nan, nan, nan, nan, nan, nan, nan, nan, nan, nan, nan, nan, nan, nan, nan, nan, nan, nan, nan, nan, nan, nan, nan, nan, nan, nan, nan, nan, nan, nan, nan, nan, nan, nan, nan, nan, nan, nan, nan, nan, nan, nan, nan, nan, nan, nan, nan, nan, nan, nan, nan], params=[0.37, -2.34, 0.4, 0.02], fit_error=[0.047, 0.114, 0.114, 0.122, 0.105, 0.081, 0.056, 0.0, 0.02])",[-70.  -8.  -4.  -2.   0.   2.   4.   8.  70.],"[0.184, 0.067, 0.462, 0.067, 0.4, 0.267, 0.696, 0.647, 0.675]","[0.24, 0.24, 0.24, 0.24, 0.24, 0.24, 0.24, 0.24, 0.24, 0.24, 0.24, 0.24, 0.24, 0.24, 0.24, 0.24, 0.24, 0.24, 0.24, 0.24, 0.24, 0.24, 0.24, 0.24, 0.24, 0.24, 0.24, 0.24, 0.24, 0.24, 0.24, 0.24, 0.24, 0.24, 0.24, 0.24, 0.24, 0.24, 0.24, 0.24, 0.24, 0.24, 0.24, 0.24, 0.24, 0.24, 0.24, 0.24, 0.24, 0.24, 0.24, 0.314, 0.67, 0.67, 0.67, 0.67, 0.67, 0.67, 0.67, 0.67, 0.67, 0.67, 0.67, 0.67, 0.67, 0.67, 0.67, 0.67, 0.67, 0.67, 0.67, 0.67, 0.67, 0.67, 0.67, 0.67, 0.67, 0.67, 0.67, 0.67, 0.67, 0.67, 0.67, 0.67, 0.67, 0.67, 0.67, 0.67, 0.67, 0.67, 0.67, 0.67, 0.67, 0.67, 0.67, 0.67, 0.67, 0.67, 0.67, 0.67]","[0.039, 0.067, 0.144, 0.067, 0.112, 0.118, 0.098, 0.119, 0.043]","[0.37, -2.34, 0.4, 0.02]",0.37,-2.34,0.4,0.02,1.0
2025-07-21,0,,17,Bpod6,334,181,153,174,158,232,127,105,121,110,100,53,47,0.6946107784431138,0.7016574585635359,0.6862745098039216,332,180,152,182,99,83,0.5689655172413793,0.5253164556962026,149,74,75,0.425287356321839,0.4746835443037974,0.6987951807228916,0.7055555555555556,0.6907894736842105,0.7678571428571429,-0.014766081871345,0.6648351648351648,0.738255033557047,-0.0734198687218822,0.547140986468791,0.4499854503128182,2,1,1,0.0059880239520958,0.005524861878453,0.0065359477124183,232,127,105,580.0,317.5,262.5,0.0,0,0,0,0.5,0.4999999999999998,"psych_curve(xdata=array([-70.,  -8.,  -4.,  -2.,   0.,   2.,   4.,   8.,  70.]), ydata=[0.284, 0.2, 0.238, 0.389, 0.333, 0.429, 0.3, 0.467, 0.824], fit=[0.25, 0.25, 0.25, 0.25, 0.25, 0.25, 0.25, 0.25, 0.25, 0.25, 0.25, 0.25, 0.25, 0.25, 0.25, 0.25, 0.25, 0.25, 0.25, 0.25, 0.25, 0.25, 0.25, 0.25, 0.25, 0.25, 0.25, 0.251, 0.251, 0.251, 0.251, 0.251, 0.252, 0.252, 0.253, 0.253, 0.254, 0.255, 0.257, 0.259, 0.261, 0.263, 0.267, 0.271, 0.276, 0.282, 0.289, 0.298, 0.309, 0.323, 0.338, 0.356, 0.377, 0.401, 0.428, 0.456, 0.487, 0.519, 0.551, 0.583, 0.613, 0.642, 0.669, 0.692, 0.713, 0.732, 0.747, 0.76, 0.771, 0.781, 0.788, 0.794, 0.799, 0.803, 0.807, 0.809, 0.811, 0.813, 0.815, 0.816, 0.817, 0.817, 0.818, 0.818, 0.819, 0.819, 0.819, 0.819, 0.819, 0.82, 0.82, 0.82, 0.82, 0.82, 0.82, 0.82, 0.82, 0.82, 0.82, 0.82], params=[0.16, 11.32, 0.25, 0.18], fit_error=[0.042, 0.107, 0.095, 0.118, 0.126, 0.137, 0.153, 0.133, 0.037])",[-70.  -8.  -4.  -2.   0.   2.   4.   8.  70.],"[0.284, 0.2, 0.238, 0.389, 0.333, 0.429, 0.3, 0.467, 0.824]","[0.25, 0.25, 0.25, 0.25, 0.25, 0.25, 0.25, 0.25, 0.25, 0.25, 0.25, 0.25, 0.25, 0.25, 0.25, 0.25, 0.25, 0.25, 0.25, 0.25, 0.25, 0.25, 0.25, 0.25, 0.25, 0.25, 0.25, 0.251, 0.251, 0.251, 0.251, 0.251, 0.252, 0.252, 0.253, 0.253, 0.254, 0.255, 0.257, 0.259, 0.261, 0.263, 0.267, 0.271, 0.276, 0.282, 0.289, 0.298, 0.309, 0.323, 0.338, 0.356, 0.377, 0.401, 0.428, 0.456, 0.487, 0.519, 0.551, 0.583, 0.613, 0.642, 0.669, 0.692, 0.713, 0.732, 0.747, 0.76, 0.771, 0.781, 0.788, 0.794, 0.799, 0.803, 0.807, 0.809, 0.811, 0.813, 0.815, 0.816, 0.817, 0.817, 0.818, 0.818, 0.819, 0.819, 0.819, 0.819, 0.819, 0.82, 0.82, 0.82, 0.82, 0.82, 0.82, 0.82, 0.82, 0.82, 0.82, 0.82]","[0.042, 0.107, 0.095, 0.118, 0.126, 0.137, 0.153, 0.133, 0.037]","[0.16, 11.32, 0.25, 0.18]",0.16,11.32,0.25,0.18,"psych_curve(xdata=array([-70.,  -8.,  -4.,  -2.,   0.,   2.,   4.,   8.,  70.]), ydata=[0.28, 0.467, 0.462, 0.579, 0.467, 0.692, 0.667, 0.733, 0.819], fit=[nan, nan, nan, nan, nan, nan, nan, nan, nan, nan, nan, nan, nan, nan, nan, nan, nan, nan, nan, nan, nan, nan, nan, nan, nan, nan, nan, nan, nan, nan, nan, nan, nan, nan, nan, nan, nan, nan, nan, nan, nan, nan, nan, nan, nan, nan, nan, nan, nan, nan, nan, nan, nan, nan, nan, nan, nan, nan, nan, nan, nan, nan, nan, nan, nan, nan, nan, nan, nan, nan, nan, nan, nan, nan, nan, nan, nan, nan, nan, nan, nan, nan, nan, nan, nan, nan, nan, nan, nan, nan, nan, nan, nan, nan, nan, nan, nan, nan, nan, nan], params=[0.16, -1.13, 0.29, 0.17], fit_error=[0.041, 0.133, 0.144, 0.116, 0.133, 0.133, 0.114, 0.118, 0.038])",[-70.  -8.  -4.  -2.   0.   2.   4.   8.  70.],"[0.284, 0.2, 0.238, 0.389, 0.333, 0.429, 0.3, 0.467, 0.824]","[0.25, 0.25, 0.25, 0.25, 0.25, 0.25, 0.25, 0.25, 0.25, 0.25, 0.25, 0.25, 0.25, 0.25, 0.25, 0.25, 0.25, 0.25, 0.25, 0.25, 0.25, 0.25, 0.25, 0.25, 0.25, 0.25, 0.25, 0.251, 0.251, 0.251, 0.251, 0.251, 0.252, 0.252, 0.253, 0.253, 0.254, 0.255, 0.257, 0.259, 0.261, 0.263, 0.267, 0.271, 0.276, 0.282, 0.289, 0.298, 0.309, 0.323, 0.338, 0.356, 0.377, 0.401, 0.428, 0.456, 0.487, 0.519, 0.551, 0.583, 0.613, 0.642, 0.669, 0.692, 0.713, 0.732, 0.747, 0.76, 0.771, 0.781, 0.788, 0.794, 0.799, 0.803, 0.807, 0.809, 0.811, 0.813, 0.815, 0.816, 0.817, 0.817, 0.818, 0.818, 0.819, 0.819, 0.819, 0.819, 0.819, 0.82, 0.82, 0.82, 0.82, 0.82, 0.82, 0.82, 0.82, 0.82, 0.82, 0.82]","[0.042, 0.107, 0.095, 0.118, 0.126, 0.137, 0.153, 0.133, 0.037]","[0.16, -1.13, 0.29, 0.17]",0.16,-1.13,0.29,0.17,0.0
2025-07-22,1,,17,Bpod6,315,142,173,261,54,164,126,38,127,36,151,16,135,0.5206349206349207,0.8873239436619719,0.2196531791907514,315,142,173,264,235,29,0.9003831417624522,0.5370370370370371,50,25,25,0.0957854406130268,0.4629629629629629,0.5206349206349207,0.8873239436619719,0.2196531791907514,0.5980392156862745,-0.6676707644712204,0.4810606060606061,0.72,-0.2389393939393939,0.7187100893997447,0.2793742017879949,0,0,0,0.0,0.0,0.0,164,126,38,410.0,315.0,95.0,0.0,0,0,0,0.5,0.4999999999999998,"psych_curve(xdata=array([-70.,  -8.,  -4.,  -2.,   0.,   2.,   4.,   8.,  70.]), ydata=[0.108, 0.154, 0.077, 0.111, 0.056, 0.045, 0.167, 0.167, 0.304], fit=[0.1, 0.1, 0.1, 0.1, 0.1, 0.1, 0.1, 0.1, 0.1, 0.1, 0.1, 0.1, 0.1, 0.1, 0.1, 0.1, 0.1, 0.1, 0.1, 0.1, 0.1, 0.1, 0.1, 0.1, 0.1, 0.1, 0.1, 0.1, 0.1, 0.1, 0.1, 0.1, 0.1, 0.1, 0.1, 0.1, 0.1, 0.1, 0.1, 0.1, 0.1, 0.1, 0.1, 0.1, 0.1, 0.1, 0.1, 0.101, 0.101, 0.102, 0.104, 0.107, 0.113, 0.124, 0.143, 0.169, 0.201, 0.233, 0.259, 0.276, 0.287, 0.293, 0.296, 0.298, 0.299, 0.3, 0.3, 0.3, 0.3, 0.3, 0.3, 0.3, 0.3, 0.3, 0.3, 0.3, 0.3, 0.3, 0.3, 0.3, 0.3, 0.3, 0.3, 0.3, 0.3, 0.3, 0.3, 0.3, 0.3, 0.3, 0.3, 0.3, 0.3, 0.3, 0.3, 0.3, 0.3, 0.3, 0.3, 0.3], params=[0.47, 9.15, 0.1, 0.7], fit_error=[0.031, 0.104, 0.077, 0.111, 0.056, 0.045, 0.09, 0.09, 0.046])",[-70.  -8.  -4.  -2.   0.   2.   4.   8.  70.],"[0.108, 0.154, 0.077, 0.111, 0.056, 0.045, 0.167, 0.167, 0.304]","[0.1, 0.1, 0.1, 0.1, 0.1, 0.1, 0.1, 0.1, 0.1, 0.1, 0.1, 0.1, 0.1, 0.1, 0.1, 0.1, 0.1, 0.1, 0.1, 0.1, 0.1, 0.1, 0.1, 0.1, 0.1, 0.1, 0.1, 0.1, 0.1, 0.1, 0.1, 0.1, 0.1, 0.1, 0.1, 0.1, 0.1, 0.1, 0.1, 0.1, 0.1, 0.1, 0.1, 0.1, 0.1, 0.1, 0.1, 0.101, 0.101, 0.102, 0.104, 0.107, 0.113, 0.124, 0.143, 0.169, 0.201, 0.233, 0.259, 0.276, 0.287, 0.293, 0.296, 0.298, 0.299, 0.3, 0.3, 0.3, 0.3, 0.3, 0.3, 0.3, 0.3, 0.3, 0.3, 0.3, 0.3, 0.3, 0.3, 0.3, 0.3, 0.3, 0.3, 0.3, 0.3, 0.3, 0.3, 0.3, 0.3, 0.3, 0.3, 0.3, 0.3, 0.3, 0.3, 0.3, 0.3, 0.3, 0.3, 0.3]","[0.031, 0.104, 0.077, 0.111, 0.056, 0.045, 0.09, 0.09, 0.046]","[0.47, 9.15, 0.1, 0.7]",0.47,9.15,0.1,0.7,"psych_curve(xdata=array([-70.,  -8.,  -4.,  -2.,  -0.,   2.,   4.,   8.,  70.]), ydata=[0.724, 0.778, 1.0, 0.913, 0.833, 0.875, 0.882, 0.769, 0.939], fit=[nan, nan, nan, nan, nan, nan, nan, nan, nan, nan, nan, nan, nan, nan, nan, nan, nan, nan, nan, nan, nan, nan, nan, nan, nan, nan, nan, nan, nan, nan, nan, nan, nan, nan, nan, nan, nan, nan, nan, nan, nan, nan, nan, nan, nan, nan, nan, nan, nan, nan, nan, nan, nan, nan, nan, nan, nan, nan, nan, nan, nan, nan, nan, nan, nan, nan, nan, nan, nan, nan, nan, nan, nan, nan, nan, nan, nan, nan, nan, nan, nan, nan, nan, nan, nan, nan, nan, nan, nan, nan, nan, nan, nan, nan, nan, nan, nan, nan, nan, nan], params=[0.0, -0.51, -2.52, -3.23], fit_error=[0.044, 0.101, 0.0, 0.06, 0.09, 0.125, 0.081, 0.122, 0.024])",[-70.  -8.  -4.  -2.   0.   2.   4.   8.  70.],"[0.108, 0.154, 0.077, 0.111, 0.056, 0.045, 0.167, 0.167, 0.304]","[0.1, 0.1, 0.1, 0.1, 0.1, 0.1, 0.1, 0.1, 0.1, 0.1, 0.1, 0.1, 0.1, 0.1, 0.1, 0.1, 0.1, 0.1, 0.1, 0.1, 0.1, 0.1, 0.1, 0.1, 0.1, 0.1, 0.1, 0.1, 0.1, 0.1, 0.1, 0.1, 0.1, 0.1, 0.1, 0.1, 0.1, 0.1, 0.1, 0.1, 0.1, 0.1, 0.1, 0.1, 0.1, 0.1, 0.1, 0.101, 0.101, 0.102, 0.104, 0.107, 0.113, 0.124, 0.143, 0.169, 0.201, 0.233, 0.259, 0.276, 0.287, 0.293, 0.296, 0.298, 0.299, 0.3, 0.3, 0.3, 0.3, 0.3, 0.3, 0.3, 0.3, 0.3, 0.3, 0.3, 0.3, 0.3, 0.3, 0.3, 0.3, 0.3, 0.3, 0.3, 0.3, 0.3, 0.3, 0.3, 0.3, 0.3, 0.3, 0.3, 0.3, 0.3, 0.3, 0.3, 0.3, 0.3, 0.3, 0.3]","[0.031, 0.104, 0.077, 0.111, 0.056, 0.045, 0.09, 0.09, 0.046]","[0.0, -0.51, -2.52, -3.23]",0.0,-0.51,-2.52,-3.23,1.0
2025-07-24,3,,17,Bpod6,332,162,170,127,203,226,92,134,132,93,104,69,35,0.6807228915662651,0.5679012345679012,0.788235294117647,330,161,169,206,65,141,0.5118110236220472,0.6945812807881774,123,61,62,0.4803149606299212,0.3054187192118227,0.6848484848484848,0.5714285714285714,0.7928994082840237,0.728110599078341,0.2214708368554523,0.6407766990291263,0.7560975609756098,-0.1153208619464835,0.6031961522051124,0.3928668399208719,2,1,1,0.0060240963855421,0.0061728395061728,0.0058823529411764,226,92,134,565.0,230.0,335.0,0.0,0,0,0,0.5,0.4999999999999998,"psych_curve(xdata=array([-70.,  -8.,  -4.,  -2.,   0.,   2.,   4.,   8.,  70.]), ydata=[0.425, 0.5, 0.312, 0.455, 0.643, 0.667, 0.6, 0.615, 0.874], fit=[0.4, 0.4, 0.4, 0.4, 0.4, 0.4, 0.4, 0.4, 0.4, 0.4, 0.4, 0.4, 0.4, 0.4, 0.4, 0.4, 0.4, 0.4, 0.4, 0.4, 0.4, 0.4, 0.4, 0.4, 0.401, 0.401, 0.401, 0.401, 0.401, 0.402, 0.402, 0.403, 0.404, 0.405, 0.406, 0.407, 0.409, 0.411, 0.414, 0.417, 0.421, 0.426, 0.432, 0.44, 0.449, 0.46, 0.473, 0.488, 0.505, 0.525, 0.546, 0.57, 0.595, 0.622, 0.648, 0.674, 0.7, 0.723, 0.745, 0.765, 0.782, 0.797, 0.81, 0.821, 0.83, 0.838, 0.844, 0.849, 0.853, 0.856, 0.859, 0.861, 0.863, 0.864, 0.865, 0.866, 0.867, 0.868, 0.868, 0.869, 0.869, 0.869, 0.869, 0.869, 0.87, 0.87, 0.87, 0.87, 0.87, 0.87, 0.87, 0.87, 0.87, 0.87, 0.87, 0.87, 0.87, 0.87, 0.87, 0.87], params=[0.16, 5.66, 0.4, 0.13], fit_error=[0.048, 0.167, 0.12, 0.109, 0.133, 0.126, 0.163, 0.097, 0.032])",[-70.  -8.  -4.  -2.   0.   2.   4.   8.  70.],"[0.425, 0.5, 0.312, 0.455, 0.643, 0.667, 0.6, 0.615, 0.874]","[0.4, 0.4, 0.4, 0.4, 0.4, 0.4, 0.4, 0.4, 0.4, 0.4, 0.4, 0.4, 0.4, 0.4, 0.4, 0.4, 0.4, 0.4, 0.4, 0.4, 0.4, 0.4, 0.4, 0.4, 0.401, 0.401, 0.401, 0.401, 0.401, 0.402, 0.402, 0.403, 0.404, 0.405, 0.406, 0.407, 0.409, 0.411, 0.414, 0.417, 0.421, 0.426, 0.432, 0.44, 0.449, 0.46, 0.473, 0.488, 0.505, 0.525, 0.546, 0.57, 0.595, 0.622, 0.648, 0.674, 0.7, 0.723, 0.745, 0.765, 0.782, 0.797, 0.81, 0.821, 0.83, 0.838, 0.844, 0.849, 0.853, 0.856, 0.859, 0.861, 0.863, 0.864, 0.865, 0.866, 0.867, 0.868, 0.868, 0.869, 0.869, 0.869, 0.869, 0.869, 0.87, 0.87, 0.87, 0.87, 0.87, 0.87, 0.87, 0.87, 0.87, 0.87, 0.87, 0.87, 0.87, 0.87, 0.87, 0.87]","[0.048, 0.167, 0.12, 0.109, 0.133, 0.126, 0.163, 0.097, 0.032]","[0.16, 5.66, 0.4, 0.13]",0.16,5.66,0.4,0.13,"psych_curve(xdata=array([-70.,  -8.,  -4.,  -2.,  -0.,   2.,   4.,   8.,  70.]), ydata=[0.393, 0.588, 0.583, 0.526, 0.5, 0.722, 0.857, 0.737, 0.856], fit=[nan, nan, nan, nan, nan, nan, nan, nan, nan, nan, nan, nan, nan, nan, nan, nan, nan, nan, nan, nan, nan, nan, nan, nan, nan, nan, nan, nan, nan, nan, nan, nan, nan, nan, nan, nan, nan, nan, nan, nan, nan, nan, nan, nan, nan, nan, nan, nan, nan, nan, nan, nan, nan, nan, nan, nan, nan, nan, nan, nan, nan, nan, nan, nan, nan, nan, nan, nan, nan, nan, nan, nan, nan, nan, nan, nan, nan, nan, nan, nan, nan, nan, nan, nan, nan, nan, nan, nan, nan, nan, nan, nan, nan, nan, nan, nan, nan, nan, nan, nan], params=[6.51, 1.88, 0.52, 0.18], fit_error=[0.046, 0.123, 0.149, 0.118, 0.139, 0.109, 0.097, 0.104, 0.035])",[-70.  -8.  -4.  -2.   0.   2.   4.   8.  70.],"[0.425, 0.5, 0.312, 0.455, 0.643, 0.667, 0.6, 0.615, 0.874]","[0.4, 0.4, 0.4, 0.4, 0.4, 0.4, 0.4, 0.4, 0.4, 0.4, 0.4, 0.4, 0.4, 0.4, 0.4, 0.4, 0.4, 0.4, 0.4, 0.4, 0.4, 0.4, 0.4, 0.4, 0.401, 0.401, 0.401, 0.401, 0.401, 0.402, 0.402, 0.403, 0.404, 0.405, 0.406, 0.407, 0.409, 0.411, 0.414, 0.417, 0.421, 0.426, 0.432, 0.44, 0.449, 0.46, 0.473, 0.488, 0.505, 0.525, 0.546, 0.57, 0.595, 0.622, 0.648, 0.674, 0.7, 0.723, 0.745, 0.765, 0.782, 0.797, 0.81, 0.821, 0.83, 0.838, 0.844, 0.849, 0.853, 0.856, 0.859, 0.861, 0.863, 0.864, 0.865, 0.866, 0.867, 0.868, 0.868, 0.869, 0.869, 0.869, 0.869, 0.869, 0.87, 0.87, 0.87, 0.87, 0.87, 0.87, 0.87, 0.87, 0.87, 0.87, 0.87, 0.87, 0.87, 0.87, 0.87, 0.87]","[0.048, 0.167, 0.12, 0.109, 0.133, 0.126, 0.163, 0.097, 0.032]","[6.51, 1.88, 0.52, 0.18]",6.51,1.88,0.52,0.18,0.0
2025-07-25,4,,17,Bpod6,324,166,158,227,96,197,133,64,147,50,126,32,94,0.6080246913580247,0.8012048192771084,0.4050632911392405,323,165,158,257,194,63,0.8546255506607929,0.65625,65,32,33,0.1409691629955947,0.34375,0.6099071207430341,0.806060606060606,0.4050632911392405,0.6341463414634146,-0.4009973149213655,0.5719844357976653,0.7692307692307693,-0.1972463334331039,0.7554377753303965,0.2423595814977973,1,1,0,0.0030864197530864,0.0060240963855421,0.0,197,133,64,492.5,332.5,160.0,0.0,0,0,0,0.5,0.4999999999999998,"psych_curve(xdata=array([-70.,  -8.,  -4.,  -2.,   0.,   2.,   4.,   8.,  70.]), ydata=[0.223, 0.059, 0.087, 0.294, 0.091, 0.2, 0.286, 0.375, 0.49], fit=[0.14, 0.14, 0.14, 0.14, 0.14, 0.14, 0.14, 0.14, 0.14, 0.14, 0.14, 0.14, 0.14, 0.14, 0.14, 0.14, 0.14, 0.14, 0.14, 0.14, 0.14, 0.14, 0.14, 0.14, 0.14, 0.14, 0.14, 0.14, 0.14, 0.14, 0.14, 0.14, 0.14, 0.14, 0.14, 0.14, 0.14, 0.14, 0.14, 0.14, 0.14, 0.14, 0.141, 0.141, 0.142, 0.143, 0.145, 0.148, 0.155, 0.165, 0.181, 0.207, 0.243, 0.288, 0.337, 0.383, 0.42, 0.446, 0.464, 0.475, 0.481, 0.485, 0.487, 0.488, 0.489, 0.489, 0.49, 0.49, 0.49, 0.49, 0.49, 0.49, 0.49, 0.49, 0.49, 0.49, 0.49, 0.49, 0.49, 0.49, 0.49, 0.49, 0.49, 0.49, 0.49, 0.49, 0.49, 0.49, 0.49, 0.49, 0.49, 0.49, 0.49, 0.49, 0.49, 0.49, 0.49, 0.49, 0.49, 0.49], params=[0.4, 5.73, 0.14, 0.51], fit_error=[0.041, 0.059, 0.06, 0.114, 0.091, 0.092, 0.125, 0.125, 0.05])",[-70.  -8.  -4.  -2.   0.   2.   4.   8.  70.],"[0.223, 0.059, 0.087, 0.294, 0.091, 0.2, 0.286, 0.375, 0.49]","[0.14, 0.14, 0.14, 0.14, 0.14, 0.14, 0.14, 0.14, 0.14, 0.14, 0.14, 0.14, 0.14, 0.14, 0.14, 0.14, 0.14, 0.14, 0.14, 0.14, 0.14, 0.14, 0.14, 0.14, 0.14, 0.14, 0.14, 0.14, 0.14, 0.14, 0.14, 0.14, 0.14, 0.14, 0.14, 0.14, 0.14, 0.14, 0.14, 0.14, 0.14, 0.14, 0.141, 0.141, 0.142, 0.143, 0.145, 0.148, 0.155, 0.165, 0.181, 0.207, 0.243, 0.288, 0.337, 0.383, 0.42, 0.446, 0.464, 0.475, 0.481, 0.485, 0.487, 0.488, 0.489, 0.489, 0.49, 0.49, 0.49, 0.49, 0.49, 0.49, 0.49, 0.49, 0.49, 0.49, 0.49, 0.49, 0.49, 0.49, 0.49, 0.49, 0.49, 0.49, 0.49, 0.49, 0.49, 0.49, 0.49, 0.49, 0.49, 0.49, 0.49, 0.49, 0.49, 0.49, 0.49, 0.49, 0.49, 0.49]","[0.041, 0.059, 0.06, 0.114, 0.091, 0.092, 0.125, 0.125, 0.05]","[0.4, 5.73, 0.14, 0.51]",0.4,5.73,0.14,0.51,"psych_curve(xdata=array([-70.,  -8.,  -4.,  -2.,  -0.,   2.,   4.,   8.,  70.]), ydata=[0.645, 0.615, 0.75, 0.818, 0.909, 0.8, 0.88, 0.85, 0.948], fit=[nan, nan, nan, nan, nan, nan, nan, nan, nan, nan, nan, nan, nan, nan, nan, nan, nan, nan, nan, nan, nan, nan, nan, nan, nan, nan, nan, nan, nan, nan, nan, nan, nan, nan, nan, nan, nan, nan, nan, nan, nan, nan, nan, nan, nan, nan, nan, nan, nan, nan, nan, nan, nan, nan, nan, nan, nan, nan, nan, nan, nan, nan, nan, nan, nan, nan, nan, nan, nan, nan, nan, nan, nan, nan, nan, nan, nan, nan, nan, nan, nan, nan, nan, nan, nan, nan, nan, nan, nan, nan, nan, nan, nan, nan, nan, nan, nan, nan, nan, nan], params=[0.87, -3.81, 0.63, 0.12], fit_error=[0.046, 0.14, 0.131, 0.084, 0.091, 0.107, 0.066, 0.082, 0.023])",[-70.  -8.  -4.  -2.   0.   2.   4.   8.  70.],"[0.223, 0.059, 0.087, 0.294, 0.091, 0.2, 0.286, 0.375, 0.49]","[0.14, 0.14, 0.14, 0.14, 0.14, 0.14, 0.14, 0.14, 0.14, 0.14, 0.14, 0.14, 0.14, 0.14, 0.14, 0.14, 0.14, 0.14, 0.14, 0.14, 0.14, 0.14, 0.14, 0.14, 0.14, 0.14, 0.14, 0.14, 0.14, 0.14, 0.14, 0.14, 0.14, 0.14, 0.14, 0.14, 0.14, 0.14, 0.14, 0.14, 0.14, 0.14, 0.141, 0.141, 0.142, 0.143, 0.145, 0.148, 0.155, 0.165, 0.181, 0.207, 0.243, 0.288, 0.337, 0.383, 0.42, 0.446, 0.464, 0.475, 0.481, 0.485, 0.487, 0.488, 0.489, 0.489, 0.49, 0.49, 0.49, 0.49, 0.49, 0.49, 0.49, 0.49, 0.49, 0.49, 0.49, 0.49, 0.49, 0.49, 0.49, 0.49, 0.49, 0.49, 0.49, 0.49, 0.49, 0.49, 0.49, 0.49, 0.49, 0.49, 0.49, 0.49, 0.49, 0.49, 0.49, 0.49, 0.49, 0.49]","[0.041, 0.059, 0.06, 0.114, 0.091, 0.092, 0.125, 0.125, 0.05]","[0.87, -3.81, 0.63, 0.12]",0.87,-3.81,0.63,0.12,1.0
2025-07-29,1,,17,Bpod6,333,166,167,199,134,234,133,101,118,115,99,33,66,0.7027027027027027,0.8012048192771084,0.6047904191616766,333,166,167,188,126,62,0.6331658291457286,0.4626865671641791,144,72,72,0.3618090452261306,0.5373134328358209,0.7027027027027027,0.8012048192771084,0.6047904191616766,0.780952380952381,-0.1964144001154317,0.6276595744680851,0.7986111111111112,-0.1709515366430261,0.5479261981549539,0.4495612390309758,0,0,0,0.0,0.0,0.0,234,133,101,585.0,332.5,252.5,0.0,0,0,0,0.5,0.4999999999999998,"psych_curve(xdata=array([-70.,  -8.,  -4.,  -2.,   0.,   2.,   4.,   8.,  70.]), ydata=[0.178, 0.182, 0.24, 0.263, 0.235, 0.312, 0.391, 0.333, 0.743], fit=[0.16, 0.16, 0.16, 0.16, 0.16, 0.16, 0.16, 0.16, 0.16, 0.16, 0.16, 0.16, 0.16, 0.16, 0.161, 0.161, 0.161, 0.161, 0.161, 0.161, 0.161, 0.162, 0.162, 0.162, 0.163, 0.163, 0.164, 0.164, 0.165, 0.166, 0.167, 0.168, 0.169, 0.171, 0.172, 0.174, 0.177, 0.18, 0.183, 0.186, 0.191, 0.195, 0.201, 0.207, 0.214, 0.223, 0.232, 0.242, 0.254, 0.267, 0.281, 0.296, 0.313, 0.331, 0.351, 0.371, 0.392, 0.414, 0.437, 0.459, 0.482, 0.504, 0.525, 0.546, 0.565, 0.584, 0.601, 0.617, 0.631, 0.644, 0.656, 0.667, 0.676, 0.684, 0.692, 0.698, 0.704, 0.709, 0.713, 0.717, 0.72, 0.723, 0.725, 0.727, 0.729, 0.731, 0.732, 0.733, 0.734, 0.735, 0.736, 0.736, 0.737, 0.737, 0.738, 0.738, 0.738, 0.739, 0.739, 0.739], params=[0.11, 12.85, 0.16, 0.26], fit_error=[0.038, 0.122, 0.087, 0.104, 0.106, 0.12, 0.104, 0.142, 0.042])",[-70.  -8.  -4.  -2.   0.   2.   4.   8.  70.],"[0.178, 0.182, 0.24, 0.263, 0.235, 0.312, 0.391, 0.333, 0.743]","[0.16, 0.16, 0.16, 0.16, 0.16, 0.16, 0.16, 0.16, 0.16, 0.16, 0.16, 0.16, 0.16, 0.16, 0.161, 0.161, 0.161, 0.161, 0.161, 0.161, 0.161, 0.162, 0.162, 0.162, 0.163, 0.163, 0.164, 0.164, 0.165, 0.166, 0.167, 0.168, 0.169, 0.171, 0.172, 0.174, 0.177, 0.18, 0.183, 0.186, 0.191, 0.195, 0.201, 0.207, 0.214, 0.223, 0.232, 0.242, 0.254, 0.267, 0.281, 0.296, 0.313, 0.331, 0.351, 0.371, 0.392, 0.414, 0.437, 0.459, 0.482, 0.504, 0.525, 0.546, 0.565, 0.584, 0.601, 0.617, 0.631, 0.644, 0.656, 0.667, 0.676, 0.684, 0.692, 0.698, 0.704, 0.709, 0.713, 0.717, 0.72, 0.723, 0.725, 0.727, 0.729, 0.731, 0.732, 0.733, 0.734, 0.735, 0.736, 0.736, 0.737, 0.737, 0.738, 0.738, 0.738, 0.739, 0.739, 0.739]","[0.038, 0.122, 0.087, 0.104, 0.106, 0.12, 0.104, 0.142, 0.042]","[0.11, 12.85, 0.16, 0.26]",0.11,12.85,0.16,0.26,"psych_curve(xdata=array([-70.,  -8.,  -4.,  -2.,   0.,   2.,   4.,   8.,  70.]), ydata=[0.288, 0.583, 0.48, 0.556, 0.706, 0.647, 0.652, 0.727, 0.868], fit=[nan, nan, nan, nan, nan, nan, nan, nan, nan, nan, nan, nan, nan, nan, nan, nan, nan, nan, nan, nan, nan, nan, nan, nan, nan, nan, nan, nan, nan, nan, nan, nan, nan, nan, nan, nan, nan, nan, nan, nan, nan, nan, nan, nan, nan, nan, nan, nan, nan, nan, nan, nan, nan, nan, nan, nan, nan, nan, nan, nan, nan, nan, nan, nan, nan, nan, nan, nan, nan, nan, nan, nan, nan, nan, nan, nan, nan, nan, nan, nan, nan, nan, nan, nan, nan, nan, nan, nan, nan, nan, nan, nan, nan, nan, nan, nan, nan, nan, nan, nan], params=[0.09, -3.37, 0.29, 0.13], fit_error=[0.042, 0.149, 0.102, 0.121, 0.114, 0.119, 0.102, 0.141, 0.036])",[-70.  -8.  -4.  -2.   0.   2.   4.   8.  70.],"[0.178, 0.182, 0.24, 0.263, 0.235, 0.312, 0.391, 0.333, 0.743]","[0.16, 0.16, 0.16, 0.16, 0.16, 0.16, 0.16, 0.16, 0.16, 0.16, 0.16, 0.16, 0.16, 0.16, 0.161, 0.161, 0.161, 0.161, 0.161, 0.161, 0.161, 0.162, 0.162, 0.162, 0.163, 0.163, 0.164, 0.164, 0.165, 0.166, 0.167, 0.168, 0.169, 0.171, 0.172, 0.174, 0.177, 0.18, 0.183, 0.186, 0.191, 0.195, 0.201, 0.207, 0.214, 0.223, 0.232, 0.242, 0.254, 0.267, 0.281, 0.296, 0.313, 0.331, 0.351, 0.371, 0.392, 0.414, 0.437, 0.459, 0.482, 0.504, 0.525, 0.546, 0.565, 0.584, 0.601, 0.617, 0.631, 0.644, 0.656, 0.667, 0.676, 0.684, 0.692, 0.698, 0.704, 0.709, 0.713, 0.717, 0.72, 0.723, 0.725, 0.727, 0.729, 0.731, 0.732, 0.733, 0.734, 0.735, 0.736, 0.736, 0.737, 0.737, 0.738, 0.738, 0.738, 0.739, 0.739, 0.739]","[0.038, 0.122, 0.087, 0.104, 0.106, 0.12, 0.104, 0.142, 0.042]","[0.09, -3.37, 0.29, 0.13]",0.09,-3.37,0.29,0.13,0.0
2025-07-30,2,,17,Bpod6,323,164,159,237,85,192,135,57,144,47,130,28,102,0.5944272445820433,0.823170731707317,0.3584905660377358,322,163,159,264,208,56,0.8776371308016878,0.6588235294117647,57,29,28,0.1223628691983122,0.3294117647058823,0.5962732919254659,0.8282208588957055,0.3584905660377358,0.6296296296296297,-0.4697302928579697,0.5454545454545454,0.8245614035087719,-0.2791068580542265,0.7682303301067263,0.2258873169520973,1,1,0,0.0030959752321981,0.0060975609756097,0.0,192,135,57,480.0,337.5,142.5,0.0,0,0,0,0.5,0.4999999999999998,"psych_curve(xdata=array([-70.,  -8.,  -4.,  -2.,   0.,   2.,   4.,   8.,  70.]), ydata=[0.17, 0.0, 0.211, 0.19, 0.083, 0.316, 0.143, 0.4, 0.413], fit=[0.13, 0.13, 0.13, 0.13, 0.13, 0.13, 0.13, 0.13, 0.13, 0.13, 0.13, 0.13, 0.13, 0.13, 0.13, 0.13, 0.13, 0.13, 0.13, 0.13, 0.13, 0.13, 0.13, 0.13, 0.13, 0.13, 0.13, 0.13, 0.13, 0.13, 0.13, 0.13, 0.13, 0.13, 0.13, 0.13, 0.13, 0.13, 0.13, 0.13, 0.13, 0.13, 0.13, 0.131, 0.131, 0.133, 0.135, 0.138, 0.145, 0.155, 0.172, 0.197, 0.232, 0.274, 0.317, 0.354, 0.382, 0.401, 0.413, 0.42, 0.424, 0.427, 0.428, 0.429, 0.429, 0.43, 0.43, 0.43, 0.43, 0.43, 0.43, 0.43, 0.43, 0.43, 0.43, 0.43, 0.43, 0.43, 0.43, 0.43, 0.43, 0.43, 0.43, 0.43, 0.43, 0.43, 0.43, 0.43, 0.43, 0.43, 0.43, 0.43, 0.43, 0.43, 0.43, 0.43, 0.43, 0.43, 0.43, 0.43], params=[0.41, 5.14, 0.13, 0.57], fit_error=[0.036, 0.0, 0.096, 0.088, 0.083, 0.11, 0.097, 0.131, 0.049])",[-70.  -8.  -4.  -2.   0.   2.   4.   8.  70.],"[0.17, 0.0, 0.211, 0.19, 0.083, 0.316, 0.143, 0.4, 0.413]","[0.13, 0.13, 0.13, 0.13, 0.13, 0.13, 0.13, 0.13, 0.13, 0.13, 0.13, 0.13, 0.13, 0.13, 0.13, 0.13, 0.13, 0.13, 0.13, 0.13, 0.13, 0.13, 0.13, 0.13, 0.13, 0.13, 0.13, 0.13, 0.13, 0.13, 0.13, 0.13, 0.13, 0.13, 0.13, 0.13, 0.13, 0.13, 0.13, 0.13, 0.13, 0.13, 0.13, 0.131, 0.131, 0.133, 0.135, 0.138, 0.145, 0.155, 0.172, 0.197, 0.232, 0.274, 0.317, 0.354, 0.382, 0.401, 0.413, 0.42, 0.424, 0.427, 0.428, 0.429, 0.429, 0.43, 0.43, 0.43, 0.43, 0.43, 0.43, 0.43, 0.43, 0.43, 0.43, 0.43, 0.43, 0.43, 0.43, 0.43, 0.43, 0.43, 0.43, 0.43, 0.43, 0.43, 0.43, 0.43, 0.43, 0.43, 0.43, 0.43, 0.43, 0.43, 0.43, 0.43, 0.43, 0.43, 0.43, 0.43]","[0.036, 0.0, 0.096, 0.088, 0.083, 0.11, 0.097, 0.131, 0.049]","[0.41, 5.14, 0.13, 0.57]",0.41,5.14,0.13,0.57,"psych_curve(xdata=array([-70.,  -8.,  -4.,  -2.,   0.,   2.,   4.,   8.,  70.]), ydata=[0.67, 0.643, 0.889, 0.8, 0.833, 0.95, 1.0, 1.0, 0.934], fit=[nan, nan, nan, nan, nan, nan, nan, nan, nan, nan, nan, nan, nan, nan, nan, nan, nan, nan, nan, nan, nan, nan, nan, nan, nan, nan, nan, nan, nan, nan, nan, nan, nan, nan, nan, nan, nan, nan, nan, nan, nan, nan, nan, nan, nan, nan, nan, nan, nan, nan, nan, nan, nan, nan, nan, nan, nan, nan, nan, nan, nan, nan, nan, nan, nan, nan, nan, nan, nan, nan, nan, nan, nan, nan, nan, nan, nan, nan, nan, nan, nan, nan, nan, nan, nan, nan, nan, nan, nan, nan, nan, nan, nan, nan, nan, nan, nan, nan, nan, nan], params=[0.36, -3.1, 0.65, 0.02], fit_error=[0.045, 0.133, 0.076, 0.092, 0.112, 0.05, 0.0, 0.0, 0.024])",[-70.  -8.  -4.  -2.   0.   2.   4.   8.  70.],"[0.17, 0.0, 0.211, 0.19, 0.083, 0.316, 0.143, 0.4, 0.413]","[0.13, 0.13, 0.13, 0.13, 0.13, 0.13, 0.13, 0.13, 0.13, 0.13, 0.13, 0.13, 0.13, 0.13, 0.13, 0.13, 0.13, 0.13, 0.13, 0.13, 0.13, 0.13, 0.13, 0.13, 0.13, 0.13, 0.13, 0.13, 0.13, 0.13, 0.13, 0.13, 0.13, 0.13, 0.13, 0.13, 0.13, 0.13, 0.13, 0.13, 0.13, 0.13, 0.13, 0.131, 0.131, 0.133, 0.135, 0.138, 0.145, 0.155, 0.172, 0.197, 0.232, 0.274, 0.317, 0.354, 0.382, 0.401, 0.413, 0.42, 0.424, 0.427, 0.428, 0.429, 0.429, 0.43, 0.43, 0.43, 0.43, 0.43, 0.43, 0.43, 0.43, 0.43, 0.43, 0.43, 0.43, 0.43, 0.43, 0.43, 0.43, 0.43, 0.43, 0.43, 0.43, 0.43, 0.43, 0.43, 0.43, 0.43, 0.43, 0.43, 0.43, 0.43, 0.43, 0.43, 0.43, 0.43, 0.43, 0.43]","[0.036, 0.0, 0.096, 0.088, 0.083, 0.11, 0.097, 0.131, 0.049]","[0.36, -3.1, 0.65, 0.02]",0.36,-3.1,0.65,0.02,1.0
2025-07-31,3,,17,Bpod6,334,175,159,166,166,234,121,113,133,101,98,53,45,0.7005988023952096,0.6914285714285714,0.710691823899371,332,174,158,193,97,96,0.5843373493975904,0.5783132530120482,137,69,68,0.4156626506024096,0.4096385542168674,0.7048192771084337,0.6954022988505747,0.7151898734177216,0.8256880733944955,0.0197875745671468,0.689119170984456,0.7372262773722628,-0.0481071063878068,0.5813253012048193,0.4126506024096386,2,1,1,0.0059880239520958,0.0057142857142857,0.0062893081761006,234,121,113,585.0,302.5,282.5,0.0,0,0,0,0.5,0.4999999999999998,"psych_curve(xdata=array([-70.,  -8.,  -4.,  -2.,   0.,   2.,   4.,   8.,  70.]), ydata=[0.25, 0.308, 0.5, 0.364, 0.385, 0.417, 0.333, 0.429, 0.912], fit=[0.249, 0.25, 0.251, 0.252, 0.253, 0.254, 0.256, 0.257, 0.258, 0.26, 0.261, 0.263, 0.264, 0.266, 0.267, 0.269, 0.271, 0.272, 0.274, 0.276, 0.278, 0.28, 0.282, 0.284, 0.286, 0.288, 0.29, 0.293, 0.295, 0.298, 0.3, 0.303, 0.305, 0.308, 0.311, 0.314, 0.317, 0.32, 0.323, 0.326, 0.329, 0.333, 0.336, 0.34, 0.344, 0.347, 0.351, 0.355, 0.36, 0.364, 0.368, 0.373, 0.377, 0.382, 0.387, 0.392, 0.397, 0.403, 0.408, 0.414, 0.42, 0.426, 0.432, 0.438, 0.445, 0.451, 0.458, 0.465, 0.473, 0.48, 0.488, 0.496, 0.504, 0.512, 0.521, 0.53, 0.539, 0.548, 0.558, 0.568, 0.578, 0.588, 0.599, 0.61, 0.621, 0.633, 0.645, 0.657, 0.67, 0.683, 0.696, 0.71, 0.724, 0.739, 0.754, 0.769, 0.785, 0.801, 0.818, 0.835], params=[0.02, 272.41, 0.21, -35.63], fit_error=[0.04, 0.133, 0.129, 0.105, 0.14, 0.149, 0.098, 0.137, 0.028])",[-70.  -8.  -4.  -2.   0.   2.   4.   8.  70.],"[0.25, 0.308, 0.5, 0.364, 0.385, 0.417, 0.333, 0.429, 0.912]","[0.249, 0.25, 0.251, 0.252, 0.253, 0.254, 0.256, 0.257, 0.258, 0.26, 0.261, 0.263, 0.264, 0.266, 0.267, 0.269, 0.271, 0.272, 0.274, 0.276, 0.278, 0.28, 0.282, 0.284, 0.286, 0.288, 0.29, 0.293, 0.295, 0.298, 0.3, 0.303, 0.305, 0.308, 0.311, 0.314, 0.317, 0.32, 0.323, 0.326, 0.329, 0.333, 0.336, 0.34, 0.344, 0.347, 0.351, 0.355, 0.36, 0.364, 0.368, 0.373, 0.377, 0.382, 0.387, 0.392, 0.397, 0.403, 0.408, 0.414, 0.42, 0.426, 0.432, 0.438, 0.445, 0.451, 0.458, 0.465, 0.473, 0.48, 0.488, 0.496, 0.504, 0.512, 0.521, 0.53, 0.539, 0.548, 0.558, 0.568, 0.578, 0.588, 0.599, 0.61, 0.621, 0.633, 0.645, 0.657, 0.67, 0.683, 0.696, 0.71, 0.724, 0.739, 0.754, 0.769, 0.785, 0.801, 0.818, 0.835]","[0.04, 0.133, 0.129, 0.105, 0.14, 0.149, 0.098, 0.137, 0.028]","[0.02, 272.41, 0.21, -35.63]",0.02,272.41,0.21,-35.63,"psych_curve(xdata=array([-70.,  -8.,  -4.,  -2.,  -0.,   2.,   4.,   8.,  70.]), ydata=[0.23, 0.615, 0.56, 0.588, 0.615, 0.706, 0.333, 0.714, 0.888], fit=[nan, nan, nan, nan, nan, nan, nan, nan, nan, nan, nan, nan, nan, nan, nan, nan, nan, nan, nan, nan, nan, nan, nan, nan, nan, nan, nan, nan, nan, nan, nan, nan, nan, nan, nan, nan, nan, nan, nan, nan, nan, nan, nan, nan, nan, nan, nan, nan, nan, nan, nan, nan, nan, nan, nan, nan, nan, nan, nan, nan, nan, nan, nan, nan, nan, nan, nan, nan, nan, nan, nan, nan, nan, nan, nan, nan, nan, nan, nan, nan, nan, nan, nan, nan, nan, nan, nan, nan, nan, nan, nan, nan, nan, nan, nan, nan, nan, nan, nan, nan], params=[0.0, -3.04, -8.39, -8.53], fit_error=[0.042, 0.14, 0.101, 0.123, 0.14, 0.114, 0.126, 0.125, 0.029])",[-70.  -8.  -4.  -2.   0.   2.   4.   8.  70.],"[0.25, 0.308, 0.5, 0.364, 0.385, 0.417, 0.333, 0.429, 0.912]","[0.249, 0.25, 0.251, 0.252, 0.253, 0.254, 0.256, 0.257, 0.258, 0.26, 0.261, 0.263, 0.264, 0.266, 0.267, 0.269, 0.271, 0.272, 0.274, 0.276, 0.278, 0.28, 0.282, 0.284, 0.286, 0.288, 0.29, 0.293, 0.295, 0.298, 0.3, 0.303, 0.305, 0.308, 0.311, 0.314, 0.317, 0.32, 0.323, 0.326, 0.329, 0.333, 0.336, 0.34, 0.344, 0.347, 0.351, 0.355, 0.36, 0.364, 0.368, 0.373, 0.377, 0.382, 0.387, 0.392, 0.397, 0.403, 0.408, 0.414, 0.42, 0.426, 0.432, 0.438, 0.445, 0.451, 0.458, 0.465, 0.473, 0.48, 0.488, 0.496, 0.504, 0.512, 0.521, 0.53, 0.539, 0.548, 0.558, 0.568, 0.578, 0.588, 0.599, 0.61, 0.621, 0.633, 0.645, 0.657, 0.67, 0.683, 0.696, 0.71, 0.724, 0.739, 0.754, 0.769, 0.785, 0.801, 0.818, 0.835]","[0.04, 0.133, 0.129, 0.105, 0.14, 0.149, 0.098, 0.137, 0.028]","[0.0, -3.04, -8.39, -8.53]",0.0,-3.04,-8.39,-8.53,0.0
2025-08-01,4,,17,Bpod6,324,167,157,190,133,198,116,82,149,48,125,51,74,0.6111111111111112,0.6946107784431138,0.5222929936305732,323,167,156,264,160,104,0.8421052631578947,0.7819548872180451,58,29,29,0.1526315789473684,0.2180451127819548,0.6130030959752322,0.6946107784431138,0.5256410256410257,0.6509433962264151,-0.1689697528020881,0.5643939393939394,0.8275862068965517,-0.2631922675026122,0.8120300751879699,0.1853383458646616,1,0,1,0.0030864197530864,0.0,0.0063694267515923,198,116,82,495.0,290.0,205.0,0.0,0,0,0,0.5,0.4999999999999998,"psych_curve(xdata=array([-70.,  -8.,  -4.,  -2.,   0.,   2.,   4.,   8.,  70.]), ydata=[0.308, 0.214, 0.353, 0.308, 0.471, 0.308, 0.429, 0.375, 0.6], fit=[0.28, 0.28, 0.28, 0.28, 0.28, 0.28, 0.28, 0.28, 0.28, 0.28, 0.28, 0.28, 0.28, 0.28, 0.28, 0.28, 0.28, 0.28, 0.28, 0.281, 0.281, 0.281, 0.281, 0.281, 0.281, 0.281, 0.282, 0.282, 0.282, 0.283, 0.283, 0.284, 0.285, 0.286, 0.287, 0.288, 0.289, 0.291, 0.293, 0.295, 0.298, 0.301, 0.304, 0.309, 0.313, 0.319, 0.325, 0.332, 0.34, 0.348, 0.358, 0.368, 0.38, 0.392, 0.404, 0.417, 0.431, 0.444, 0.458, 0.471, 0.484, 0.496, 0.508, 0.518, 0.528, 0.537, 0.545, 0.553, 0.559, 0.565, 0.57, 0.574, 0.578, 0.581, 0.584, 0.586, 0.588, 0.59, 0.592, 0.593, 0.594, 0.595, 0.596, 0.596, 0.597, 0.597, 0.598, 0.598, 0.598, 0.599, 0.599, 0.599, 0.599, 0.599, 0.599, 0.6, 0.6, 0.6, 0.6, 0.6], params=[0.12, 10.16, 0.28, 0.4], fit_error=[0.043, 0.114, 0.119, 0.133, 0.125, 0.133, 0.111, 0.125, 0.051])",[-70.  -8.  -4.  -2.   0.   2.   4.   8.  70.],"[0.308, 0.214, 0.353, 0.308, 0.471, 0.308, 0.429, 0.375, 0.6]","[0.28, 0.28, 0.28, 0.28, 0.28, 0.28, 0.28, 0.28, 0.28, 0.28, 0.28, 0.28, 0.28, 0.28, 0.28, 0.28, 0.28, 0.28, 0.28, 0.281, 0.281, 0.281, 0.281, 0.281, 0.281, 0.281, 0.282, 0.282, 0.282, 0.283, 0.283, 0.284, 0.285, 0.286, 0.287, 0.288, 0.289, 0.291, 0.293, 0.295, 0.298, 0.301, 0.304, 0.309, 0.313, 0.319, 0.325, 0.332, 0.34, 0.348, 0.358, 0.368, 0.38, 0.392, 0.404, 0.417, 0.431, 0.444, 0.458, 0.471, 0.484, 0.496, 0.508, 0.518, 0.528, 0.537, 0.545, 0.553, 0.559, 0.565, 0.57, 0.574, 0.578, 0.581, 0.584, 0.586, 0.588, 0.59, 0.592, 0.593, 0.594, 0.595, 0.596, 0.596, 0.597, 0.597, 0.598, 0.598, 0.598, 0.599, 0.599, 0.599, 0.599, 0.599, 0.599, 0.6, 0.6, 0.6, 0.6, 0.6]","[0.043, 0.114, 0.119, 0.133, 0.125, 0.133, 0.111, 0.125, 0.051]","[0.12, 10.16, 0.28, 0.4]",0.12,10.16,0.28,0.4,"psych_curve(xdata=array([-70.,  -8.,  -4.,  -2.,   0.,   2.,   4.,   8.,  70.]), ydata=[0.63, 0.867, 0.85, 0.917, 0.824, 0.857, 0.944, 1.0, 0.942], fit=[nan, nan, nan, nan, nan, nan, nan, nan, nan, nan, nan, nan, nan, nan, nan, nan, nan, nan, nan, nan, nan, nan, nan, nan, nan, nan, nan, nan, nan, nan, nan, nan, nan, nan, nan, nan, nan, nan, nan, nan, nan, nan, nan, nan, nan, nan, nan, nan, nan, nan, nan, nan, nan, nan, nan, nan, nan, nan, nan, nan, nan, nan, nan, nan, nan, nan, nan, nan, nan, nan, nan, nan, nan, nan, nan, nan, nan, nan, nan, nan, nan, nan, nan, nan, nan, nan, nan, nan, nan, nan, nan, nan, nan, nan, nan, nan, nan, nan, nan, nan], params=[0.11, -12.94, 0.63, 0.04], fit_error=[0.047, 0.091, 0.082, 0.083, 0.095, 0.097, 0.056, 0.0, 0.023])",[-70.  -8.  -4.  -2.   0.   2.   4.   8.  70.],"[0.308, 0.214, 0.353, 0.308, 0.471, 0.308, 0.429, 0.375, 0.6]","[0.28, 0.28, 0.28, 0.28, 0.28, 0.28, 0.28, 0.28, 0.28, 0.28, 0.28, 0.28, 0.28, 0.28, 0.28, 0.28, 0.28, 0.28, 0.28, 0.281, 0.281, 0.281, 0.281, 0.281, 0.281, 0.281, 0.282, 0.282, 0.282, 0.283, 0.283, 0.284, 0.285, 0.286, 0.287, 0.288, 0.289, 0.291, 0.293, 0.295, 0.298, 0.301, 0.304, 0.309, 0.313, 0.319, 0.325, 0.332, 0.34, 0.348, 0.358, 0.368, 0.38, 0.392, 0.404, 0.417, 0.431, 0.444, 0.458, 0.471, 0.484, 0.496, 0.508, 0.518, 0.528, 0.537, 0.545, 0.553, 0.559, 0.565, 0.57, 0.574, 0.578, 0.581, 0.584, 0.586, 0.588, 0.59, 0.592, 0.593, 0.594, 0.595, 0.596, 0.596, 0.597, 0.597, 0.598, 0.598, 0.598, 0.599, 0.599, 0.599, 0.599, 0.599, 0.599, 0.6, 0.6, 0.6, 0.6, 0.6]","[0.043, 0.114, 0.119, 0.133, 0.125, 0.133, 0.111, 0.125, 0.051]","[0.11, -12.94, 0.63, 0.04]",0.11,-12.94,0.63,0.04,1.0
2025-08-07,3,,17,Bpod6,332,165,167,147,184,227,104,123,118,108,104,61,43,0.6837349397590361,0.6303030303030303,0.7365269461077845,331,165,166,186,75,111,0.5102040816326531,0.6032608695652174,144,72,72,0.4897959183673469,0.391304347826087,0.6858006042296072,0.6303030303030303,0.7409638554216867,0.728110599078341,0.1106608251186564,0.6344086021505376,0.75,-0.1155913978494623,0.5567324755989352,0.440550133096717,1,0,1,0.003012048192771,0.0,0.0059880239520958,227,104,123,567.5,260.0,307.5,0.0,0,0,0,0.5,0.4999999999999999,"psych_curve(xdata=array([-70.,  -8.,  -4.,  -2.,   0.,   2.,   4.,   8.,  70.]), ydata=[0.376, 0.222, 0.2, 0.533, 0.421, 0.357, 0.65, 0.727, 0.85], fit=[0.3, 0.3, 0.3, 0.3, 0.3, 0.3, 0.3, 0.3, 0.3, 0.3, 0.3, 0.3, 0.3, 0.3, 0.3, 0.3, 0.3, 0.3, 0.3, 0.3, 0.3, 0.3, 0.3, 0.3, 0.3, 0.3, 0.3, 0.3, 0.3, 0.3, 0.3, 0.3, 0.3, 0.3, 0.3, 0.3, 0.3, 0.3, 0.3, 0.301, 0.301, 0.302, 0.303, 0.305, 0.308, 0.313, 0.322, 0.335, 0.356, 0.388, 0.432, 0.489, 0.556, 0.626, 0.689, 0.741, 0.779, 0.805, 0.822, 0.833, 0.839, 0.844, 0.846, 0.848, 0.849, 0.849, 0.849, 0.85, 0.85, 0.85, 0.85, 0.85, 0.85, 0.85, 0.85, 0.85, 0.85, 0.85, 0.85, 0.85, 0.85, 0.85, 0.85, 0.85, 0.85, 0.85, 0.85, 0.85, 0.85, 0.85, 0.85, 0.85, 0.85, 0.85, 0.85, 0.85, 0.85, 0.85, 0.85, 0.85], params=[0.36, 3.91, 0.3, 0.15], fit_error=[0.045, 0.147, 0.107, 0.133, 0.116, 0.133, 0.109, 0.097, 0.036])",[-70.  -8.  -4.  -2.   0.   2.   4.   8.  70.],"[0.376, 0.222, 0.2, 0.533, 0.421, 0.357, 0.65, 0.727, 0.85]","[0.3, 0.3, 0.3, 0.3, 0.3, 0.3, 0.3, 0.3, 0.3, 0.3, 0.3, 0.3, 0.3, 0.3, 0.3, 0.3, 0.3, 0.3, 0.3, 0.3, 0.3, 0.3, 0.3, 0.3, 0.3, 0.3, 0.3, 0.3, 0.3, 0.3, 0.3, 0.3, 0.3, 0.3, 0.3, 0.3, 0.3, 0.3, 0.3, 0.301, 0.301, 0.302, 0.303, 0.305, 0.308, 0.313, 0.322, 0.335, 0.356, 0.388, 0.432, 0.489, 0.556, 0.626, 0.689, 0.741, 0.779, 0.805, 0.822, 0.833, 0.839, 0.844, 0.846, 0.848, 0.849, 0.849, 0.849, 0.85, 0.85, 0.85, 0.85, 0.85, 0.85, 0.85, 0.85, 0.85, 0.85, 0.85, 0.85, 0.85, 0.85, 0.85, 0.85, 0.85, 0.85, 0.85, 0.85, 0.85, 0.85, 0.85, 0.85, 0.85, 0.85, 0.85, 0.85, 0.85, 0.85, 0.85, 0.85, 0.85]","[0.045, 0.147, 0.107, 0.133, 0.116, 0.133, 0.109, 0.097, 0.036]","[0.36, 3.91, 0.3, 0.15]",0.36,3.91,0.3,0.15,"psych_curve(xdata=array([-70.,  -8.,  -4.,  -2.,   0.,   2.,   4.,   8.,  70.]), ydata=[0.341, 0.333, 0.438, 0.625, 0.579, 0.462, 0.842, 0.812, 0.817], fit=[nan, nan, nan, nan, nan, nan, nan, nan, nan, nan, nan, nan, nan, nan, nan, nan, nan, nan, nan, nan, nan, nan, nan, nan, nan, nan, nan, nan, nan, nan, nan, nan, nan, nan, nan, nan, nan, nan, nan, nan, nan, nan, nan, nan, nan, nan, nan, nan, nan, nan, nan, nan, nan, nan, nan, nan, nan, nan, nan, nan, nan, nan, nan, nan, nan, nan, nan, nan, nan, nan, nan, nan, nan, nan, nan, nan, nan, nan, nan, nan, nan, nan, nan, nan, nan, nan, nan, nan, nan, nan, nan, nan, nan, nan, nan, nan, nan, nan, nan, nan], params=[0.29, 0.04, 0.33, 0.16], fit_error=[0.043, 0.126, 0.128, 0.125, 0.116, 0.144, 0.086, 0.101, 0.04])",[-70.  -8.  -4.  -2.   0.   2.   4.   8.  70.],"[0.376, 0.222, 0.2, 0.533, 0.421, 0.357, 0.65, 0.727, 0.85]","[0.3, 0.3, 0.3, 0.3, 0.3, 0.3, 0.3, 0.3, 0.3, 0.3, 0.3, 0.3, 0.3, 0.3, 0.3, 0.3, 0.3, 0.3, 0.3, 0.3, 0.3, 0.3, 0.3, 0.3, 0.3, 0.3, 0.3, 0.3, 0.3, 0.3, 0.3, 0.3, 0.3, 0.3, 0.3, 0.3, 0.3, 0.3, 0.3, 0.301, 0.301, 0.302, 0.303, 0.305, 0.308, 0.313, 0.322, 0.335, 0.356, 0.388, 0.432, 0.489, 0.556, 0.626, 0.689, 0.741, 0.779, 0.805, 0.822, 0.833, 0.839, 0.844, 0.846, 0.848, 0.849, 0.849, 0.849, 0.85, 0.85, 0.85, 0.85, 0.85, 0.85, 0.85, 0.85, 0.85, 0.85, 0.85, 0.85, 0.85, 0.85, 0.85, 0.85, 0.85, 0.85, 0.85, 0.85, 0.85, 0.85, 0.85, 0.85, 0.85, 0.85, 0.85, 0.85, 0.85, 0.85, 0.85, 0.85, 0.85]","[0.045, 0.147, 0.107, 0.133, 0.116, 0.133, 0.109, 0.097, 0.036]","[0.29, 0.04, 0.33, 0.16]",0.29,0.04,0.33,0.16,0.0
2025-08-08,4,,17,Bpod6,328,173,155,211,116,211,134,77,142,69,116,39,77,0.6432926829268293,0.7745664739884393,0.4967741935483871,327,173,154,226,161,65,0.7630331753554502,0.5603448275862069,100,50,50,0.2369668246445497,0.4310344827586206,0.6452599388379205,0.7745664739884393,0.5,0.6981981981981982,-0.2745664739884392,0.6283185840707964,0.69,-0.0616814159292035,0.6616890014708285,0.3340006537015852,1,0,1,0.0030487804878048,0.0,0.0064516129032258,211,134,77,527.5,335.0,192.5,0.0,0,0,0,0.5,0.4999999999999998,"psych_curve(xdata=array([-70.,  -8.,  -4.,  -2.,   0.,   2.,   4.,   8.,  70.]), ydata=[0.221, 0.143, 0.455, 0.167, 0.25, 0.308, 0.4, 0.308, 0.6], fit=[0.21, 0.21, 0.21, 0.21, 0.21, 0.21, 0.21, 0.21, 0.21, 0.21, 0.21, 0.21, 0.211, 0.211, 0.211, 0.211, 0.211, 0.211, 0.211, 0.211, 0.212, 0.212, 0.212, 0.212, 0.213, 0.213, 0.214, 0.214, 0.215, 0.216, 0.216, 0.217, 0.219, 0.22, 0.221, 0.223, 0.225, 0.227, 0.229, 0.232, 0.235, 0.239, 0.243, 0.247, 0.252, 0.258, 0.264, 0.271, 0.279, 0.287, 0.297, 0.306, 0.317, 0.328, 0.34, 0.353, 0.366, 0.379, 0.393, 0.407, 0.421, 0.434, 0.447, 0.46, 0.473, 0.485, 0.496, 0.506, 0.516, 0.525, 0.533, 0.541, 0.547, 0.553, 0.559, 0.564, 0.568, 0.572, 0.576, 0.579, 0.581, 0.584, 0.586, 0.588, 0.589, 0.591, 0.592, 0.593, 0.594, 0.595, 0.595, 0.596, 0.596, 0.597, 0.597, 0.598, 0.598, 0.598, 0.598, 0.599], params=[0.1, 13.25, 0.21, 0.4], fit_error=[0.038, 0.078, 0.157, 0.112, 0.099, 0.133, 0.131, 0.133, 0.049])",[-70.  -8.  -4.  -2.   0.   2.   4.   8.  70.],"[0.221, 0.143, 0.455, 0.167, 0.25, 0.308, 0.4, 0.308, 0.6]","[0.21, 0.21, 0.21, 0.21, 0.21, 0.21, 0.21, 0.21, 0.21, 0.21, 0.21, 0.21, 0.211, 0.211, 0.211, 0.211, 0.211, 0.211, 0.211, 0.211, 0.212, 0.212, 0.212, 0.212, 0.213, 0.213, 0.214, 0.214, 0.215, 0.216, 0.216, 0.217, 0.219, 0.22, 0.221, 0.223, 0.225, 0.227, 0.229, 0.232, 0.235, 0.239, 0.243, 0.247, 0.252, 0.258, 0.264, 0.271, 0.279, 0.287, 0.297, 0.306, 0.317, 0.328, 0.34, 0.353, 0.366, 0.379, 0.393, 0.407, 0.421, 0.434, 0.447, 0.46, 0.473, 0.485, 0.496, 0.506, 0.516, 0.525, 0.533, 0.541, 0.547, 0.553, 0.559, 0.564, 0.568, 0.572, 0.576, 0.579, 0.581, 0.584, 0.586, 0.588, 0.589, 0.591, 0.592, 0.593, 0.594, 0.595, 0.595, 0.596, 0.596, 0.597, 0.597, 0.598, 0.598, 0.598, 0.598, 0.599]","[0.038, 0.078, 0.157, 0.112, 0.099, 0.133, 0.131, 0.133, 0.049]","[0.1, 13.25, 0.21, 0.4]",0.1,13.25,0.21,0.4,"psych_curve(xdata=array([-70.,  -8.,  -4.,  -2.,  -0.,   2.,   4.,   8.,  70.]), ydata=[0.5, 0.476, 0.909, 0.625, 0.55, 0.889, 0.733, 0.846, 0.856], fit=[nan, nan, nan, nan, nan, nan, nan, nan, nan, nan, nan, nan, nan, nan, nan, nan, nan, nan, nan, nan, nan, nan, nan, nan, nan, nan, nan, nan, nan, nan, nan, nan, nan, nan, nan, nan, nan, nan, nan, nan, nan, nan, nan, nan, nan, nan, nan, nan, nan, nan, nan, nan, nan, nan, nan, nan, nan, nan, nan, nan, nan, nan, nan, nan, nan, nan, nan, nan, nan, nan, nan, nan, nan, nan, nan, nan, nan, nan, nan, nan, nan, nan, nan, nan, nan, nan, nan, nan, nan, nan, nan, nan, nan, nan, nan, nan, nan, nan, nan, nan], params=[17.85, 0.8, 0.61, 0.17], fit_error=[0.051, 0.112, 0.091, 0.125, 0.114, 0.111, 0.118, 0.104, 0.032])",[-70.  -8.  -4.  -2.   0.   2.   4.   8.  70.],"[0.221, 0.143, 0.455, 0.167, 0.25, 0.308, 0.4, 0.308, 0.6]","[0.21, 0.21, 0.21, 0.21, 0.21, 0.21, 0.21, 0.21, 0.21, 0.21, 0.21, 0.21, 0.211, 0.211, 0.211, 0.211, 0.211, 0.211, 0.211, 0.211, 0.212, 0.212, 0.212, 0.212, 0.213, 0.213, 0.214, 0.214, 0.215, 0.216, 0.216, 0.217, 0.219, 0.22, 0.221, 0.223, 0.225, 0.227, 0.229, 0.232, 0.235, 0.239, 0.243, 0.247, 0.252, 0.258, 0.264, 0.271, 0.279, 0.287, 0.297, 0.306, 0.317, 0.328, 0.34, 0.353, 0.366, 0.379, 0.393, 0.407, 0.421, 0.434, 0.447, 0.46, 0.473, 0.485, 0.496, 0.506, 0.516, 0.525, 0.533, 0.541, 0.547, 0.553, 0.559, 0.564, 0.568, 0.572, 0.576, 0.579, 0.581, 0.584, 0.586, 0.588, 0.589, 0.591, 0.592, 0.593, 0.594, 0.595, 0.595, 0.596, 0.596, 0.597, 0.597, 0.598, 0.598, 0.598, 0.598, 0.599]","[0.038, 0.078, 0.157, 0.112, 0.099, 0.133, 0.131, 0.133, 0.049]","[17.85, 0.8, 0.61, 0.17]",17.85,0.8,0.61,0.17,1.0
2025-08-11,0,,17,Bpod6,334,164,170,128,205,235,97,138,119,115,98,67,31,0.7035928143712575,0.5914634146341463,0.8117647058823529,333,164,169,174,49,125,0.3828125,0.6097560975609756,158,79,79,0.6171875,0.3853658536585366,0.7057057057057057,0.5914634146341463,0.8165680473372781,0.7873303167420814,0.2251046327031317,0.6839080459770115,0.7278481012658228,-0.0439400552888112,0.4962842987804878,0.5012766768292682,1,0,1,0.0029940119760479,0.0,0.0058823529411764,235,97,138,587.5,242.5,345.0,0.0,0,0,0,0.5,0.4999999999999998,"psych_curve(xdata=array([-70.,  -8.,  -4.,  -2.,   0.,   2.,   4.,   8.,  70.]), ydata=[0.327, 0.5, 0.5, 0.63, 0.471, 0.727, 0.647, 0.688, 0.889], fit=[0.33, 0.331, 0.331, 0.331, 0.331, 0.331, 0.331, 0.331, 0.331, 0.332, 0.332, 0.332, 0.333, 0.333, 0.333, 0.334, 0.334, 0.335, 0.336, 0.337, 0.338, 0.339, 0.34, 0.342, 0.343, 0.345, 0.348, 0.35, 0.353, 0.357, 0.361, 0.365, 0.37, 0.375, 0.382, 0.389, 0.397, 0.405, 0.415, 0.426, 0.437, 0.45, 0.464, 0.479, 0.495, 0.512, 0.53, 0.548, 0.567, 0.587, 0.607, 0.626, 0.646, 0.665, 0.684, 0.702, 0.719, 0.736, 0.751, 0.765, 0.778, 0.79, 0.801, 0.812, 0.821, 0.829, 0.836, 0.843, 0.848, 0.853, 0.858, 0.862, 0.866, 0.869, 0.871, 0.874, 0.876, 0.878, 0.879, 0.881, 0.882, 0.883, 0.884, 0.885, 0.885, 0.886, 0.886, 0.887, 0.887, 0.888, 0.888, 0.888, 0.888, 0.889, 0.889, 0.889, 0.889, 0.889, 0.889, 0.889], params=[0.1, 0.95, 0.33, 0.11], fit_error=[0.046, 0.167, 0.139, 0.095, 0.125, 0.141, 0.119, 0.12, 0.029])",[-70.  -8.  -4.  -2.   0.   2.   4.   8.  70.],"[0.327, 0.5, 0.5, 0.63, 0.471, 0.727, 0.647, 0.688, 0.889]","[0.33, 0.331, 0.331, 0.331, 0.331, 0.331, 0.331, 0.331, 0.331, 0.332, 0.332, 0.332, 0.333, 0.333, 0.333, 0.334, 0.334, 0.335, 0.336, 0.337, 0.338, 0.339, 0.34, 0.342, 0.343, 0.345, 0.348, 0.35, 0.353, 0.357, 0.361, 0.365, 0.37, 0.375, 0.382, 0.389, 0.397, 0.405, 0.415, 0.426, 0.437, 0.45, 0.464, 0.479, 0.495, 0.512, 0.53, 0.548, 0.567, 0.587, 0.607, 0.626, 0.646, 0.665, 0.684, 0.702, 0.719, 0.736, 0.751, 0.765, 0.778, 0.79, 0.801, 0.812, 0.821, 0.829, 0.836, 0.843, 0.848, 0.853, 0.858, 0.862, 0.866, 0.869, 0.871, 0.874, 0.876, 0.878, 0.879, 0.881, 0.882, 0.883, 0.884, 0.885, 0.885, 0.886, 0.886, 0.887, 0.887, 0.888, 0.888, 0.888, 0.888, 0.889, 0.889, 0.889, 0.889, 0.889, 0.889, 0.889]","[0.046, 0.167, 0.139, 0.095, 0.125, 0.141, 0.119, 0.12, 0.029]","[0.1, 0.95, 0.33, 0.11]",0.1,0.95,0.33,0.11,"psych_curve(xdata=array([-70.,  -8.,  -4.,  -2.,   0.,   2.,   4.,   8.,  70.]), ydata=[0.257, 0.375, 0.467, 0.524, 0.353, 0.471, 0.625, 0.6, 0.829], fit=[nan, nan, nan, nan, nan, nan, nan, nan, nan, nan, nan, nan, nan, nan, nan, nan, nan, nan, nan, nan, nan, nan, nan, nan, nan, nan, nan, nan, nan, nan, nan, nan, nan, nan, nan, nan, nan, nan, nan, nan, nan, nan, nan, nan, nan, nan, nan, nan, nan, nan, nan, nan, nan, nan, nan, nan, nan, nan, nan, nan, nan, nan, nan, nan, nan, nan, nan, nan, nan, nan, nan, nan, nan, nan, nan, nan, nan, nan, nan, nan, nan, nan, nan, nan, nan, nan, nan, nan, nan, nan, nan, nan, nan, nan, nan, nan, nan, nan, nan, nan], params=[0.11, 4.09, 0.26, 0.17], fit_error=[0.042, 0.125, 0.133, 0.112, 0.119, 0.125, 0.125, 0.163, 0.036])",[-70.  -8.  -4.  -2.   0.   2.   4.   8.  70.],"[0.327, 0.5, 0.5, 0.63, 0.471, 0.727, 0.647, 0.688, 0.889]","[0.33, 0.331, 0.331, 0.331, 0.331, 0.331, 0.331, 0.331, 0.331, 0.332, 0.332, 0.332, 0.333, 0.333, 0.333, 0.334, 0.334, 0.335, 0.336, 0.337, 0.338, 0.339, 0.34, 0.342, 0.343, 0.345, 0.348, 0.35, 0.353, 0.357, 0.361, 0.365, 0.37, 0.375, 0.382, 0.389, 0.397, 0.405, 0.415, 0.426, 0.437, 0.45, 0.464, 0.479, 0.495, 0.512, 0.53, 0.548, 0.567, 0.587, 0.607, 0.626, 0.646, 0.665, 0.684, 0.702, 0.719, 0.736, 0.751, 0.765, 0.778, 0.79, 0.801, 0.812, 0.821, 0.829, 0.836, 0.843, 0.848, 0.853, 0.858, 0.862, 0.866, 0.869, 0.871, 0.874, 0.876, 0.878, 0.879, 0.881, 0.882, 0.883, 0.884, 0.885, 0.885, 0.886, 0.886, 0.887, 0.887, 0.888, 0.888, 0.888, 0.888, 0.889, 0.889, 0.889, 0.889, 0.889, 0.889, 0.889]","[0.046, 0.167, 0.139, 0.095, 0.125, 0.141, 0.119, 0.12, 0.029]","[0.11, 4.09, 0.26, 0.17]",0.11,4.09,0.26,0.17,0.0
2025-08-12,1,,17,Bpod6,325,174,151,171,153,199,110,89,139,60,125,64,61,0.6123076923076923,0.632183908045977,0.5894039735099338,324,174,150,251,135,116,0.7894736842105263,0.7581699346405228,72,36,36,0.2105263157894736,0.2352941176470588,0.6141975308641975,0.632183908045977,0.5933333333333334,0.6443298969072165,-0.0388505747126436,0.5537848605577689,0.8333333333333334,-0.2795484727755645,0.7738218094255246,0.2229102167182662,1,0,1,0.003076923076923,0.0,0.0066225165562913,199,110,89,497.5,275.0,222.5,0.0,0,0,0,0.5,0.4999999999999998,"psych_curve(xdata=array([-70.,  -8.,  -4.,  -2.,   0.,   2.,   4.,   8.,  70.]), ydata=[0.369, 0.471, 0.429, 0.208, 0.474, 0.4, 0.556, 0.5, 0.659], fit=[0.39, 0.39, 0.39, 0.39, 0.39, 0.39, 0.39, 0.39, 0.39, 0.39, 0.39, 0.39, 0.39, 0.39, 0.39, 0.39, 0.39, 0.39, 0.39, 0.39, 0.39, 0.39, 0.39, 0.39, 0.39, 0.39, 0.39, 0.39, 0.39, 0.39, 0.39, 0.39, 0.39, 0.39, 0.39, 0.39, 0.39, 0.39, 0.39, 0.39, 0.39, 0.39, 0.39, 0.39, 0.39, 0.39, 0.39, 0.39, 0.39, 0.39, 0.391, 0.405, 0.523, 0.577, 0.58, 0.58, 0.58, 0.58, 0.58, 0.58, 0.58, 0.58, 0.58, 0.58, 0.58, 0.58, 0.58, 0.58, 0.58, 0.58, 0.58, 0.58, 0.58, 0.58, 0.58, 0.58, 0.58, 0.58, 0.58, 0.58, 0.58, 0.58, 0.58, 0.58, 0.58, 0.58, 0.58, 0.58, 0.58, 0.58, 0.58, 0.58, 0.58, 0.58, 0.58, 0.58, 0.58, 0.58, 0.58, 0.58], params=[2.31, 3.17, 0.39, 0.42], fit_error=[0.048, 0.125, 0.111, 0.085, 0.118, 0.131, 0.121, 0.129, 0.05])",[-70.  -8.  -4.  -2.   0.   2.   4.   8.  70.],"[0.369, 0.471, 0.429, 0.208, 0.474, 0.4, 0.556, 0.5, 0.659]","[0.39, 0.39, 0.39, 0.39, 0.39, 0.39, 0.39, 0.39, 0.39, 0.39, 0.39, 0.39, 0.39, 0.39, 0.39, 0.39, 0.39, 0.39, 0.39, 0.39, 0.39, 0.39, 0.39, 0.39, 0.39, 0.39, 0.39, 0.39, 0.39, 0.39, 0.39, 0.39, 0.39, 0.39, 0.39, 0.39, 0.39, 0.39, 0.39, 0.39, 0.39, 0.39, 0.39, 0.39, 0.39, 0.39, 0.39, 0.39, 0.39, 0.39, 0.391, 0.405, 0.523, 0.577, 0.58, 0.58, 0.58, 0.58, 0.58, 0.58, 0.58, 0.58, 0.58, 0.58, 0.58, 0.58, 0.58, 0.58, 0.58, 0.58, 0.58, 0.58, 0.58, 0.58, 0.58, 0.58, 0.58, 0.58, 0.58, 0.58, 0.58, 0.58, 0.58, 0.58, 0.58, 0.58, 0.58, 0.58, 0.58, 0.58, 0.58, 0.58, 0.58, 0.58, 0.58, 0.58, 0.58, 0.58, 0.58, 0.58]","[0.048, 0.125, 0.111, 0.085, 0.118, 0.131, 0.121, 0.129, 0.05]","[2.31, 3.17, 0.39, 0.42]",2.31,3.17,0.39,0.42,"psych_curve(xdata=array([-70.,  -8.,  -4.,  -2.,   0.,   2.,   4.,   8.,  70.]), ydata=[0.625, 0.696, 0.75, 0.65, 0.684, 0.947, 0.895, 1.0, 0.918], fit=[nan, nan, nan, nan, nan, nan, nan, nan, nan, nan, nan, nan, nan, nan, nan, nan, nan, nan, nan, nan, nan, nan, nan, nan, nan, nan, nan, nan, nan, nan, nan, nan, nan, nan, nan, nan, nan, nan, nan, nan, nan, nan, nan, nan, nan, nan, nan, nan, nan, nan, nan, nan, nan, nan, nan, nan, nan, nan, nan, nan, nan, nan, nan, nan, nan, nan, nan, nan, nan, nan, nan, nan, nan, nan, nan, nan, nan, nan, nan, nan, nan, nan, nan, nan, nan, nan, nan, nan, nan, nan, nan, nan, nan, nan, nan, nan, nan, nan, nan, nan], params=[15.53, 1.16, 0.68, 0.06], fit_error=[0.05, 0.098, 0.099, 0.109, 0.11, 0.053, 0.072, 0.0, 0.028])",[-70.  -8.  -4.  -2.   0.   2.   4.   8.  70.],"[0.369, 0.471, 0.429, 0.208, 0.474, 0.4, 0.556, 0.5, 0.659]","[0.39, 0.39, 0.39, 0.39, 0.39, 0.39, 0.39, 0.39, 0.39, 0.39, 0.39, 0.39, 0.39, 0.39, 0.39, 0.39, 0.39, 0.39, 0.39, 0.39, 0.39, 0.39, 0.39, 0.39, 0.39, 0.39, 0.39, 0.39, 0.39, 0.39, 0.39, 0.39, 0.39, 0.39, 0.39, 0.39, 0.39, 0.39, 0.39, 0.39, 0.39, 0.39, 0.39, 0.39, 0.39, 0.39, 0.39, 0.39, 0.39, 0.39, 0.391, 0.405, 0.523, 0.577, 0.58, 0.58, 0.58, 0.58, 0.58, 0.58, 0.58, 0.58, 0.58, 0.58, 0.58, 0.58, 0.58, 0.58, 0.58, 0.58, 0.58, 0.58, 0.58, 0.58, 0.58, 0.58, 0.58, 0.58, 0.58, 0.58, 0.58, 0.58, 0.58, 0.58, 0.58, 0.58, 0.58, 0.58, 0.58, 0.58, 0.58, 0.58, 0.58, 0.58, 0.58, 0.58, 0.58, 0.58, 0.58, 0.58]","[0.048, 0.125, 0.111, 0.085, 0.118, 0.131, 0.121, 0.129, 0.05]","[15.53, 1.16, 0.68, 0.06]",15.53,1.16,0.68,0.06,1.0
2025-07-16,2,,20,Bpod5,343,167,176,194,149,272,145,127,142,129,71,22,49,0.793002915451895,0.8682634730538922,0.7215909090909091,343,167,176,184,114,70,0.5876288659793815,0.4697986577181208,158,79,79,0.4072164948453608,0.5302013422818792,0.793002915451895,0.8682634730538922,0.7215909090909091,0.920704845814978,-0.1466725639629831,0.7717391304347826,0.8164556962025317,-0.044716565767749,0.5287137618487512,0.46870891856362,0,0,0,0.0,0.0,0.0,272,145,127,680.0,362.5,317.5,0.0,0,0,0,0.5,0.4999999999999998,"psych_curve(xdata=array([-70.,  -8.,  -4.,  -2.,   0.,   2.,   4.,   8.,  70.]), ydata=[0.077, 0.071, 0.273, 0.25, 0.176, 0.154, 0.25, 0.5, 0.919], fit=[0.15, 0.15, 0.15, 0.15, 0.15, 0.15, 0.15, 0.15, 0.15, 0.15, 0.15, 0.15, 0.15, 0.15, 0.15, 0.15, 0.15, 0.15, 0.15, 0.15, 0.15, 0.15, 0.15, 0.15, 0.15, 0.15, 0.15, 0.15, 0.15, 0.15, 0.15, 0.15, 0.15, 0.15, 0.15, 0.15, 0.15, 0.15, 0.15, 0.15, 0.15, 0.15, 0.15, 0.15, 0.151, 0.151, 0.152, 0.154, 0.158, 0.164, 0.176, 0.196, 0.231, 0.287, 0.369, 0.475, 0.591, 0.698, 0.781, 0.837, 0.873, 0.893, 0.905, 0.912, 0.916, 0.918, 0.919, 0.919, 0.92, 0.92, 0.92, 0.92, 0.92, 0.92, 0.92, 0.92, 0.92, 0.92, 0.92, 0.92, 0.92, 0.92, 0.92, 0.92, 0.92, 0.92, 0.92, 0.92, 0.92, 0.92, 0.92, 0.92, 0.92, 0.92, 0.92, 0.92, 0.92, 0.92, 0.92, 0.92], params=[0.43, 8.51, 0.15, 0.08], fit_error=[0.026, 0.071, 0.097, 0.112, 0.095, 0.104, 0.099, 0.139, 0.025])",[-70.  -8.  -4.  -2.   0.   2.   4.   8.  70.],"[0.077, 0.071, 0.273, 0.25, 0.176, 0.154, 0.25, 0.5, 0.919]","[0.15, 0.15, 0.15, 0.15, 0.15, 0.15, 0.15, 0.15, 0.15, 0.15, 0.15, 0.15, 0.15, 0.15, 0.15, 0.15, 0.15, 0.15, 0.15, 0.15, 0.15, 0.15, 0.15, 0.15, 0.15, 0.15, 0.15, 0.15, 0.15, 0.15, 0.15, 0.15, 0.15, 0.15, 0.15, 0.15, 0.15, 0.15, 0.15, 0.15, 0.15, 0.15, 0.15, 0.15, 0.151, 0.151, 0.152, 0.154, 0.158, 0.164, 0.176, 0.196, 0.231, 0.287, 0.369, 0.475, 0.591, 0.698, 0.781, 0.837, 0.873, 0.893, 0.905, 0.912, 0.916, 0.918, 0.919, 0.919, 0.92, 0.92, 0.92, 0.92, 0.92, 0.92, 0.92, 0.92, 0.92, 0.92, 0.92, 0.92, 0.92, 0.92, 0.92, 0.92, 0.92, 0.92, 0.92, 0.92, 0.92, 0.92, 0.92, 0.92, 0.92, 0.92, 0.92, 0.92, 0.92, 0.92, 0.92, 0.92]","[0.026, 0.071, 0.097, 0.112, 0.095, 0.104, 0.099, 0.139, 0.025]","[0.43, 8.51, 0.15, 0.08]",0.43,8.51,0.15,0.08,"psych_curve(xdata=array([-70.,  -8.,  -4.,  -2.,  -0.,   2.,   4.,   8.,  70.]), ydata=[0.102, 0.357, 0.684, 0.6, 0.588, 0.526, 0.652, 0.786, 0.944], fit=[nan, nan, nan, nan, nan, nan, nan, nan, nan, nan, nan, nan, nan, nan, nan, nan, nan, nan, nan, nan, nan, nan, nan, nan, nan, nan, nan, nan, nan, nan, nan, nan, nan, nan, nan, nan, nan, nan, nan, nan, nan, nan, nan, nan, nan, nan, nan, nan, nan, nan, nan, nan, nan, nan, nan, nan, nan, nan, nan, nan, nan, nan, nan, nan, nan, nan, nan, nan, nan, nan, nan, nan, nan, nan, nan, nan, nan, nan, nan, nan, nan, nan, nan, nan, nan, nan, nan, nan, nan, nan, nan, nan, nan, nan, nan, nan, nan, nan, nan, nan], params=[0.09, -4.24, 0.1, 0.06], fit_error=[0.028, 0.133, 0.11, 0.163, 0.123, 0.118, 0.102, 0.114, 0.022])",[-70.  -8.  -4.  -2.   0.   2.   4.   8.  70.],"[0.077, 0.071, 0.273, 0.25, 0.176, 0.154, 0.25, 0.5, 0.919]","[0.15, 0.15, 0.15, 0.15, 0.15, 0.15, 0.15, 0.15, 0.15, 0.15, 0.15, 0.15, 0.15, 0.15, 0.15, 0.15, 0.15, 0.15, 0.15, 0.15, 0.15, 0.15, 0.15, 0.15, 0.15, 0.15, 0.15, 0.15, 0.15, 0.15, 0.15, 0.15, 0.15, 0.15, 0.15, 0.15, 0.15, 0.15, 0.15, 0.15, 0.15, 0.15, 0.15, 0.15, 0.151, 0.151, 0.152, 0.154, 0.158, 0.164, 0.176, 0.196, 0.231, 0.287, 0.369, 0.475, 0.591, 0.698, 0.781, 0.837, 0.873, 0.893, 0.905, 0.912, 0.916, 0.918, 0.919, 0.919, 0.92, 0.92, 0.92, 0.92, 0.92, 0.92, 0.92, 0.92, 0.92, 0.92, 0.92, 0.92, 0.92, 0.92, 0.92, 0.92, 0.92, 0.92, 0.92, 0.92, 0.92, 0.92, 0.92, 0.92, 0.92, 0.92, 0.92, 0.92, 0.92, 0.92, 0.92, 0.92]","[0.026, 0.071, 0.097, 0.112, 0.095, 0.104, 0.099, 0.139, 0.025]","[0.09, -4.24, 0.1, 0.06]",0.09,-4.24,0.1,0.06,0.0
2025-07-17,3,,20,Bpod5,330,175,155,215,112,218,139,79,130,86,109,33,76,0.6606060606060606,0.7942857142857143,0.5096774193548387,327,172,155,210,156,54,0.7255813953488373,0.4821428571428571,114,58,56,0.2697674418604651,0.5,0.6666666666666666,0.8081395348837209,0.5096774193548387,0.7163461538461539,-0.2984621155288822,0.6190476190476191,0.7543859649122807,-0.1353383458646616,0.6038621262458472,0.3848837209302326,3,3,0,0.009090909090909,0.0171428571428571,0.0,218,139,79,545.0,347.5,197.5,0.0,0,0,0,0.5,0.4999999999999998,"psych_curve(xdata=array([-70.,  -8.,  -4.,  -2.,   0.,   2.,   4.,   8.,  70.]), ydata=[0.144, 0.136, 0.286, 0.158, 0.444, 0.267, 0.333, 0.333, 0.595], fit=[0.13, 0.13, 0.13, 0.13, 0.13, 0.13, 0.13, 0.13, 0.13, 0.13, 0.13, 0.131, 0.131, 0.131, 0.131, 0.131, 0.131, 0.131, 0.132, 0.132, 0.132, 0.133, 0.133, 0.133, 0.134, 0.135, 0.135, 0.136, 0.137, 0.139, 0.14, 0.142, 0.144, 0.146, 0.148, 0.151, 0.155, 0.158, 0.163, 0.168, 0.174, 0.18, 0.188, 0.196, 0.205, 0.216, 0.227, 0.24, 0.253, 0.268, 0.283, 0.299, 0.316, 0.334, 0.352, 0.369, 0.387, 0.405, 0.422, 0.438, 0.453, 0.468, 0.481, 0.494, 0.505, 0.515, 0.524, 0.533, 0.54, 0.547, 0.552, 0.557, 0.562, 0.566, 0.569, 0.572, 0.574, 0.577, 0.578, 0.58, 0.581, 0.583, 0.584, 0.585, 0.585, 0.586, 0.587, 0.587, 0.588, 0.588, 0.588, 0.588, 0.589, 0.589, 0.589, 0.589, 0.589, 0.589, 0.589, 0.59], params=[0.11, 7.03, 0.13, 0.41], fit_error=[0.036, 0.075, 0.101, 0.086, 0.121, 0.118, 0.142, 0.142, 0.047])",[-70.  -8.  -4.  -2.   0.   2.   4.   8.  70.],"[0.144, 0.136, 0.286, 0.158, 0.444, 0.267, 0.333, 0.333, 0.595]","[0.13, 0.13, 0.13, 0.13, 0.13, 0.13, 0.13, 0.13, 0.13, 0.13, 0.13, 0.131, 0.131, 0.131, 0.131, 0.131, 0.131, 0.131, 0.132, 0.132, 0.132, 0.133, 0.133, 0.133, 0.134, 0.135, 0.135, 0.136, 0.137, 0.139, 0.14, 0.142, 0.144, 0.146, 0.148, 0.151, 0.155, 0.158, 0.163, 0.168, 0.174, 0.18, 0.188, 0.196, 0.205, 0.216, 0.227, 0.24, 0.253, 0.268, 0.283, 0.299, 0.316, 0.334, 0.352, 0.369, 0.387, 0.405, 0.422, 0.438, 0.453, 0.468, 0.481, 0.494, 0.505, 0.515, 0.524, 0.533, 0.54, 0.547, 0.552, 0.557, 0.562, 0.566, 0.569, 0.572, 0.574, 0.577, 0.578, 0.58, 0.581, 0.583, 0.584, 0.585, 0.585, 0.586, 0.587, 0.587, 0.588, 0.588, 0.588, 0.588, 0.589, 0.589, 0.589, 0.589, 0.589, 0.589, 0.589, 0.59]","[0.036, 0.075, 0.101, 0.086, 0.121, 0.118, 0.142, 0.142, 0.047]","[0.11, 7.03, 0.13, 0.41]",0.11,7.03,0.13,0.41,"psych_curve(xdata=array([-70.,  -8.,  -4.,  -2.,  -0.,   2.,   4.,   8.,  70.]), ydata=[0.393, 0.5, 0.615, 0.909, 0.722, 0.826, 0.7, 0.929, 0.849], fit=[nan, nan, nan, nan, nan, nan, nan, nan, nan, nan, nan, nan, nan, nan, nan, nan, nan, nan, nan, nan, nan, nan, nan, nan, nan, nan, nan, nan, nan, nan, nan, nan, nan, nan, nan, nan, nan, nan, nan, nan, nan, nan, nan, nan, nan, nan, nan, nan, nan, nan, nan, nan, nan, nan, nan, nan, nan, nan, nan, nan, nan, nan, nan, nan, nan, nan, nan, nan, nan, nan, nan, nan, nan, nan, nan, nan, nan, nan, nan, nan, nan, nan, nan, nan, nan, nan, nan, nan, nan, nan, nan, nan, nan, nan, nan, nan, nan, nan, nan, nan], params=[0.57, -5.2, 0.4, 0.17], fit_error=[0.046, 0.115, 0.14, 0.091, 0.109, 0.081, 0.105, 0.071, 0.037])",[-70.  -8.  -4.  -2.   0.   2.   4.   8.  70.],"[0.144, 0.136, 0.286, 0.158, 0.444, 0.267, 0.333, 0.333, 0.595]","[0.13, 0.13, 0.13, 0.13, 0.13, 0.13, 0.13, 0.13, 0.13, 0.13, 0.13, 0.131, 0.131, 0.131, 0.131, 0.131, 0.131, 0.131, 0.132, 0.132, 0.132, 0.133, 0.133, 0.133, 0.134, 0.135, 0.135, 0.136, 0.137, 0.139, 0.14, 0.142, 0.144, 0.146, 0.148, 0.151, 0.155, 0.158, 0.163, 0.168, 0.174, 0.18, 0.188, 0.196, 0.205, 0.216, 0.227, 0.24, 0.253, 0.268, 0.283, 0.299, 0.316, 0.334, 0.352, 0.369, 0.387, 0.405, 0.422, 0.438, 0.453, 0.468, 0.481, 0.494, 0.505, 0.515, 0.524, 0.533, 0.54, 0.547, 0.552, 0.557, 0.562, 0.566, 0.569, 0.572, 0.574, 0.577, 0.578, 0.58, 0.581, 0.583, 0.584, 0.585, 0.585, 0.586, 0.587, 0.587, 0.588, 0.588, 0.588, 0.588, 0.589, 0.589, 0.589, 0.589, 0.589, 0.589, 0.589, 0.59]","[0.036, 0.075, 0.101, 0.086, 0.121, 0.118, 0.142, 0.142, 0.047]","[0.57, -5.2, 0.4, 0.17]",0.57,-5.2,0.4,0.17,1.0
2025-07-21,0,,20,Bpod5,352,175,177,181,170,308,156,152,175,132,43,18,25,0.875,0.8914285714285715,0.8587570621468926,351,174,177,203,107,96,0.5911602209944752,0.5647058823529412,147,74,73,0.4088397790055249,0.4294117647058823,0.8774928774928775,0.896551724137931,0.8587570621468926,0.925764192139738,-0.0377946619910384,0.8620689655172413,0.8979591836734694,-0.035890218156228,0.5779330516737082,0.4191257718557036,1,1,0,0.002840909090909,0.0057142857142857,0.0,308,156,152,770.0,390.0,380.0,0.0,0,0,0,0.5,0.4999999999999998,"psych_curve(xdata=array([-70.,  -8.,  -4.,  -2.,   0.,   2.,   4.,   8.,  70.]), ydata=[0.059, 0.133, 0.0, 0.286, 0.647, 0.6, 0.864, 0.833, 0.91], fit=[0.05, 0.05, 0.05, 0.05, 0.05, 0.05, 0.05, 0.05, 0.05, 0.05, 0.05, 0.05, 0.05, 0.05, 0.05, 0.05, 0.05, 0.05, 0.05, 0.05, 0.05, 0.05, 0.05, 0.05, 0.05, 0.05, 0.05, 0.05, 0.05, 0.05, 0.05, 0.05, 0.05, 0.05, 0.05, 0.05, 0.05, 0.05, 0.05, 0.05, 0.05, 0.05, 0.051, 0.052, 0.054, 0.062, 0.084, 0.14, 0.262, 0.455, 0.646, 0.764, 0.818, 0.838, 0.846, 0.849, 0.849, 0.85, 0.85, 0.85, 0.85, 0.85, 0.85, 0.85, 0.85, 0.85, 0.85, 0.85, 0.85, 0.85, 0.85, 0.85, 0.85, 0.85, 0.85, 0.85, 0.85, 0.85, 0.85, 0.85, 0.85, 0.85, 0.85, 0.85, 0.85, 0.85, 0.85, 0.85, 0.85, 0.85, 0.85, 0.85, 0.85, 0.85, 0.85, 0.85, 0.85, 0.85, 0.85, 0.85], params=[0.74, -0.74, 0.05, 0.15], fit_error=[0.022, 0.091, 0.0, 0.101, 0.119, 0.131, 0.075, 0.09, 0.027])",[-70.  -8.  -4.  -2.   0.   2.   4.   8.  70.],"[0.059, 0.133, 0.0, 0.286, 0.647, 0.6, 0.864, 0.833, 0.91]","[0.05, 0.05, 0.05, 0.05, 0.05, 0.05, 0.05, 0.05, 0.05, 0.05, 0.05, 0.05, 0.05, 0.05, 0.05, 0.05, 0.05, 0.05, 0.05, 0.05, 0.05, 0.05, 0.05, 0.05, 0.05, 0.05, 0.05, 0.05, 0.05, 0.05, 0.05, 0.05, 0.05, 0.05, 0.05, 0.05, 0.05, 0.05, 0.05, 0.05, 0.05, 0.05, 0.051, 0.052, 0.054, 0.062, 0.084, 0.14, 0.262, 0.455, 0.646, 0.764, 0.818, 0.838, 0.846, 0.849, 0.849, 0.85, 0.85, 0.85, 0.85, 0.85, 0.85, 0.85, 0.85, 0.85, 0.85, 0.85, 0.85, 0.85, 0.85, 0.85, 0.85, 0.85, 0.85, 0.85, 0.85, 0.85, 0.85, 0.85, 0.85, 0.85, 0.85, 0.85, 0.85, 0.85, 0.85, 0.85, 0.85, 0.85, 0.85, 0.85, 0.85, 0.85, 0.85, 0.85, 0.85, 0.85, 0.85, 0.85]","[0.022, 0.091, 0.0, 0.101, 0.119, 0.131, 0.075, 0.09, 0.027]","[0.74, -0.74, 0.05, 0.15]",0.74,-0.74,0.05,0.15,"psych_curve(xdata=array([-70.,  -8.,  -4.,  -2.,   0.,   2.,   4.,   8.,  70.]), ydata=[0.111, 0.235, 0.118, 0.333, 0.706, 0.667, 0.947, 0.938, 0.953], fit=[nan, nan, nan, nan, nan, nan, nan, nan, nan, nan, nan, nan, nan, nan, nan, nan, nan, nan, nan, nan, nan, nan, nan, nan, nan, nan, nan, nan, nan, nan, nan, nan, nan, nan, nan, nan, nan, nan, nan, nan, nan, nan, nan, nan, nan, nan, nan, nan, nan, nan, nan, nan, nan, nan, nan, nan, nan, nan, nan, nan, nan, nan, nan, nan, nan, nan, nan, nan, nan, nan, nan, nan, nan, nan, nan, nan, nan, nan, nan, nan, nan, nan, nan, nan, nan, nan, nan, nan, nan, nan, nan, nan, nan, nan, nan, nan, nan, nan, nan, nan], params=[0.67, -0.47, 0.14, 0.06], fit_error=[0.032, 0.106, 0.081, 0.114, 0.114, 0.114, 0.053, 0.062, 0.019])",[-70.  -8.  -4.  -2.   0.   2.   4.   8.  70.],"[0.059, 0.133, 0.0, 0.286, 0.647, 0.6, 0.864, 0.833, 0.91]","[0.05, 0.05, 0.05, 0.05, 0.05, 0.05, 0.05, 0.05, 0.05, 0.05, 0.05, 0.05, 0.05, 0.05, 0.05, 0.05, 0.05, 0.05, 0.05, 0.05, 0.05, 0.05, 0.05, 0.05, 0.05, 0.05, 0.05, 0.05, 0.05, 0.05, 0.05, 0.05, 0.05, 0.05, 0.05, 0.05, 0.05, 0.05, 0.05, 0.05, 0.05, 0.05, 0.051, 0.052, 0.054, 0.062, 0.084, 0.14, 0.262, 0.455, 0.646, 0.764, 0.818, 0.838, 0.846, 0.849, 0.849, 0.85, 0.85, 0.85, 0.85, 0.85, 0.85, 0.85, 0.85, 0.85, 0.85, 0.85, 0.85, 0.85, 0.85, 0.85, 0.85, 0.85, 0.85, 0.85, 0.85, 0.85, 0.85, 0.85, 0.85, 0.85, 0.85, 0.85, 0.85, 0.85, 0.85, 0.85, 0.85, 0.85, 0.85, 0.85, 0.85, 0.85, 0.85, 0.85, 0.85, 0.85, 0.85, 0.85]","[0.022, 0.091, 0.0, 0.101, 0.119, 0.131, 0.075, 0.09, 0.027]","[0.67, -0.47, 0.14, 0.06]",0.67,-0.47,0.14,0.06,0.0
2025-07-22,1,,20,Bpod5,342,182,160,149,193,269,129,140,182,87,73,53,20,0.7865497076023392,0.7087912087912088,0.875,342,182,160,242,99,143,0.6644295302013423,0.7409326424870466,99,50,49,0.3355704697986577,0.2538860103626943,0.7865497076023392,0.7087912087912088,0.875,0.8333333333333334,0.1662087912087911,0.7520661157024794,0.8787878787878788,-0.1267217630853994,0.7026810863441945,0.294728240080676,0,0,0,0.0,0.0,0.0,269,129,140,672.5,322.5,350.0,0.0,0,0,0,0.5,0.4999999999999998,"psych_curve(xdata=array([-70.,  -8.,  -4.,  -2.,   0.,   2.,   4.,   8.,  70.]), ydata=[0.244, 0.267, 0.5, 0.5, 0.5, 0.789, 0.65, 1.0, 0.931], fit=[0.24, 0.24, 0.24, 0.24, 0.24, 0.24, 0.24, 0.24, 0.24, 0.24, 0.24, 0.24, 0.24, 0.24, 0.24, 0.24, 0.24, 0.24, 0.24, 0.24, 0.24, 0.24, 0.24, 0.24, 0.24, 0.24, 0.24, 0.24, 0.24, 0.24, 0.24, 0.241, 0.241, 0.241, 0.242, 0.243, 0.244, 0.246, 0.248, 0.252, 0.257, 0.265, 0.276, 0.292, 0.314, 0.343, 0.381, 0.43, 0.488, 0.554, 0.624, 0.692, 0.754, 0.807, 0.85, 0.884, 0.909, 0.927, 0.94, 0.949, 0.956, 0.96, 0.963, 0.965, 0.967, 0.968, 0.969, 0.969, 0.969, 0.97, 0.97, 0.97, 0.97, 0.97, 0.97, 0.97, 0.97, 0.97, 0.97, 0.97, 0.97, 0.97, 0.97, 0.97, 0.97, 0.97, 0.97, 0.97, 0.97, 0.97, 0.97, 0.97, 0.97, 0.97, 0.97, 0.97, 0.97, 0.97, 0.97, 0.97], params=[0.27, 0.33, 0.24, 0.03], fit_error=[0.038, 0.118, 0.129, 0.121, 0.139, 0.096, 0.109, 0.0, 0.025])",[-70.  -8.  -4.  -2.   0.   2.   4.   8.  70.],"[0.244, 0.267, 0.5, 0.5, 0.5, 0.789, 0.65, 1.0, 0.931]","[0.24, 0.24, 0.24, 0.24, 0.24, 0.24, 0.24, 0.24, 0.24, 0.24, 0.24, 0.24, 0.24, 0.24, 0.24, 0.24, 0.24, 0.24, 0.24, 0.24, 0.24, 0.24, 0.24, 0.24, 0.24, 0.24, 0.24, 0.24, 0.24, 0.24, 0.24, 0.241, 0.241, 0.241, 0.242, 0.243, 0.244, 0.246, 0.248, 0.252, 0.257, 0.265, 0.276, 0.292, 0.314, 0.343, 0.381, 0.43, 0.488, 0.554, 0.624, 0.692, 0.754, 0.807, 0.85, 0.884, 0.909, 0.927, 0.94, 0.949, 0.956, 0.96, 0.963, 0.965, 0.967, 0.968, 0.969, 0.969, 0.969, 0.97, 0.97, 0.97, 0.97, 0.97, 0.97, 0.97, 0.97, 0.97, 0.97, 0.97, 0.97, 0.97, 0.97, 0.97, 0.97, 0.97, 0.97, 0.97, 0.97, 0.97, 0.97, 0.97, 0.97, 0.97, 0.97, 0.97, 0.97, 0.97, 0.97, 0.97]","[0.038, 0.118, 0.129, 0.121, 0.139, 0.096, 0.109, 0.0, 0.025]","[0.27, 0.33, 0.24, 0.03]",0.27,0.33,0.24,0.03,"psych_curve(xdata=array([-70.,  -8.,  -4.,  -2.,  -0.,   2.,   4.,   8.,  70.]), ydata=[0.311, 0.2, 0.812, 0.833, 0.786, 0.88, 0.9, 0.882, 0.96], fit=[nan, nan, nan, nan, nan, nan, nan, nan, nan, nan, nan, nan, nan, nan, nan, nan, nan, nan, nan, nan, nan, nan, nan, nan, nan, nan, nan, nan, nan, nan, nan, nan, nan, nan, nan, nan, nan, nan, nan, nan, nan, nan, nan, nan, nan, nan, nan, nan, nan, nan, nan, nan, nan, nan, nan, nan, nan, nan, nan, nan, nan, nan, nan, nan, nan, nan, nan, nan, nan, nan, nan, nan, nan, nan, nan, nan, nan, nan, nan, nan, nan, nan, nan, nan, nan, nan, nan, nan, nan, nan, nan, nan, nan, nan, nan, nan, nan, nan, nan, nan], params=[2.69, -4.81, 0.26, 0.13], fit_error=[0.046, 0.133, 0.101, 0.112, 0.114, 0.066, 0.069, 0.081, 0.018])",[-70.  -8.  -4.  -2.   0.   2.   4.   8.  70.],"[0.244, 0.267, 0.5, 0.5, 0.5, 0.789, 0.65, 1.0, 0.931]","[0.24, 0.24, 0.24, 0.24, 0.24, 0.24, 0.24, 0.24, 0.24, 0.24, 0.24, 0.24, 0.24, 0.24, 0.24, 0.24, 0.24, 0.24, 0.24, 0.24, 0.24, 0.24, 0.24, 0.24, 0.24, 0.24, 0.24, 0.24, 0.24, 0.24, 0.24, 0.241, 0.241, 0.241, 0.242, 0.243, 0.244, 0.246, 0.248, 0.252, 0.257, 0.265, 0.276, 0.292, 0.314, 0.343, 0.381, 0.43, 0.488, 0.554, 0.624, 0.692, 0.754, 0.807, 0.85, 0.884, 0.909, 0.927, 0.94, 0.949, 0.956, 0.96, 0.963, 0.965, 0.967, 0.968, 0.969, 0.969, 0.969, 0.97, 0.97, 0.97, 0.97, 0.97, 0.97, 0.97, 0.97, 0.97, 0.97, 0.97, 0.97, 0.97, 0.97, 0.97, 0.97, 0.97, 0.97, 0.97, 0.97, 0.97, 0.97, 0.97, 0.97, 0.97, 0.97, 0.97, 0.97, 0.97, 0.97, 0.97]","[0.038, 0.118, 0.129, 0.121, 0.139, 0.096, 0.109, 0.0, 0.025]","[2.69, -4.81, 0.26, 0.13]",2.69,-4.81,0.26,0.13,1.0
2025-07-24,3,,20,Bpod5,340,174,166,120,211,256,108,148,143,108,75,63,12,0.7529411764705882,0.6206896551724138,0.891566265060241,331,171,160,206,60,146,0.5,0.6919431279620853,116,57,59,0.475,0.2796208530805687,0.7734138972809668,0.631578947368421,0.925,0.8296943231441049,0.293421052631579,0.6941747572815534,0.9310344827586208,-0.2368597254770672,0.5959715639810427,0.3773104265402843,9,3,6,0.0264705882352941,0.0172413793103448,0.036144578313253,256,108,148,640.0,270.0,370.0,0.0,0,0,0,0.5,0.4999999999999998,"psych_curve(xdata=array([-70.,  -8.,  -4.,  -2.,   0.,   2.,   4.,   8.,  70.]), ydata=[0.311, 0.333, 0.5, 0.583, 0.846, 0.625, 0.8, 0.923, 0.982], fit=[0.28, 0.28, 0.28, 0.28, 0.28, 0.28, 0.28, 0.28, 0.28, 0.28, 0.28, 0.28, 0.28, 0.28, 0.28, 0.28, 0.28, 0.28, 0.28, 0.28, 0.28, 0.28, 0.28, 0.28, 0.28, 0.28, 0.28, 0.28, 0.28, 0.28, 0.281, 0.281, 0.282, 0.282, 0.283, 0.285, 0.286, 0.289, 0.293, 0.299, 0.307, 0.319, 0.335, 0.356, 0.385, 0.422, 0.468, 0.523, 0.583, 0.646, 0.708, 0.765, 0.813, 0.853, 0.885, 0.909, 0.926, 0.939, 0.948, 0.955, 0.959, 0.963, 0.965, 0.966, 0.968, 0.968, 0.969, 0.969, 0.969, 0.97, 0.97, 0.97, 0.97, 0.97, 0.97, 0.97, 0.97, 0.97, 0.97, 0.97, 0.97, 0.97, 0.97, 0.97, 0.97, 0.97, 0.97, 0.97, 0.97, 0.97, 0.97, 0.97, 0.97, 0.97, 0.97, 0.97, 0.97, 0.97, 0.97, 0.97], params=[0.26, -1.18, 0.28, 0.03], fit_error=[0.043, 0.126, 0.121, 0.149, 0.104, 0.125, 0.107, 0.077, 0.013])",[-70.  -8.  -4.  -2.   0.   2.   4.   8.  70.],"[0.311, 0.333, 0.5, 0.583, 0.846, 0.625, 0.8, 0.923, 0.982]","[0.28, 0.28, 0.28, 0.28, 0.28, 0.28, 0.28, 0.28, 0.28, 0.28, 0.28, 0.28, 0.28, 0.28, 0.28, 0.28, 0.28, 0.28, 0.28, 0.28, 0.28, 0.28, 0.28, 0.28, 0.28, 0.28, 0.28, 0.28, 0.28, 0.28, 0.281, 0.281, 0.282, 0.282, 0.283, 0.285, 0.286, 0.289, 0.293, 0.299, 0.307, 0.319, 0.335, 0.356, 0.385, 0.422, 0.468, 0.523, 0.583, 0.646, 0.708, 0.765, 0.813, 0.853, 0.885, 0.909, 0.926, 0.939, 0.948, 0.955, 0.959, 0.963, 0.965, 0.966, 0.968, 0.968, 0.969, 0.969, 0.969, 0.97, 0.97, 0.97, 0.97, 0.97, 0.97, 0.97, 0.97, 0.97, 0.97, 0.97, 0.97, 0.97, 0.97, 0.97, 0.97, 0.97, 0.97, 0.97, 0.97, 0.97, 0.97, 0.97, 0.97, 0.97, 0.97, 0.97, 0.97, 0.97, 0.97, 0.97]","[0.043, 0.126, 0.121, 0.149, 0.104, 0.125, 0.107, 0.077, 0.013]","[0.26, -1.18, 0.28, 0.03]",0.26,-1.18,0.28,0.03,"psych_curve(xdata=array([-70.,  -8.,  -4.,  -2.,  -0.,   2.,   4.,   8.,  70.]), ydata=[0.292, 0.429, 0.75, 0.533, 0.615, 0.667, 0.9, 1.0, 0.98], fit=[nan, nan, nan, nan, nan, nan, nan, nan, nan, nan, nan, nan, nan, nan, nan, nan, nan, nan, nan, nan, nan, nan, nan, nan, nan, nan, nan, nan, nan, nan, nan, nan, nan, nan, nan, nan, nan, nan, nan, nan, nan, nan, nan, nan, nan, nan, nan, nan, nan, nan, nan, nan, nan, nan, nan, nan, nan, nan, nan, nan, nan, nan, nan, nan, nan, nan, nan, nan, nan, nan, nan, nan, nan, nan, nan, nan, nan, nan, nan, nan, nan, nan, nan, nan, nan, nan, nan, nan, nan, nan, nan, nan, nan, nan, nan, nan, nan, nan, nan, nan], params=[0.2, -0.93, 0.31, -0.02], fit_error=[0.042, 0.137, 0.131, 0.133, 0.14, 0.142, 0.069, 0.0, 0.014])",[-70.  -8.  -4.  -2.   0.   2.   4.   8.  70.],"[0.311, 0.333, 0.5, 0.583, 0.846, 0.625, 0.8, 0.923, 0.982]","[0.28, 0.28, 0.28, 0.28, 0.28, 0.28, 0.28, 0.28, 0.28, 0.28, 0.28, 0.28, 0.28, 0.28, 0.28, 0.28, 0.28, 0.28, 0.28, 0.28, 0.28, 0.28, 0.28, 0.28, 0.28, 0.28, 0.28, 0.28, 0.28, 0.28, 0.281, 0.281, 0.282, 0.282, 0.283, 0.285, 0.286, 0.289, 0.293, 0.299, 0.307, 0.319, 0.335, 0.356, 0.385, 0.422, 0.468, 0.523, 0.583, 0.646, 0.708, 0.765, 0.813, 0.853, 0.885, 0.909, 0.926, 0.939, 0.948, 0.955, 0.959, 0.963, 0.965, 0.966, 0.968, 0.968, 0.969, 0.969, 0.969, 0.97, 0.97, 0.97, 0.97, 0.97, 0.97, 0.97, 0.97, 0.97, 0.97, 0.97, 0.97, 0.97, 0.97, 0.97, 0.97, 0.97, 0.97, 0.97, 0.97, 0.97, 0.97, 0.97, 0.97, 0.97, 0.97, 0.97, 0.97, 0.97, 0.97, 0.97]","[0.043, 0.126, 0.121, 0.149, 0.104, 0.125, 0.107, 0.077, 0.013]","[0.2, -0.93, 0.31, -0.02]",0.2,-0.93,0.31,-0.02,0.0
2025-07-25,4,,20,Bpod5,330,168,162,116,203,212,86,126,132,72,107,77,30,0.6424242424242425,0.5119047619047619,0.7777777777777778,319,163,156,222,70,152,0.603448275862069,0.7487684729064039,88,43,45,0.3706896551724138,0.2216748768472906,0.664576802507837,0.5276073619631901,0.8076923076923077,0.7302325581395349,0.2800849457291176,0.5945945945945946,0.8181818181818182,-0.2235872235872236,0.6761083743842364,0.2961822660098522,11,5,6,0.0333333333333333,0.0297619047619047,0.037037037037037,212,86,126,530.0,215.0,315.0,0.0,0,0,0,0.5,0.4999999999999998,"psych_curve(xdata=array([-70.,  -8.,  -4.,  -2.,   0.,   2.,   4.,   8.,  70.]), ydata=[0.419, 0.4, 0.588, 0.75, 0.6, 0.545, 0.529, 0.778, 0.908], fit=[0.41, 0.41, 0.41, 0.41, 0.41, 0.41, 0.41, 0.41, 0.41, 0.411, 0.411, 0.411, 0.411, 0.411, 0.411, 0.411, 0.412, 0.412, 0.412, 0.413, 0.413, 0.414, 0.414, 0.415, 0.416, 0.417, 0.418, 0.419, 0.42, 0.422, 0.424, 0.426, 0.429, 0.432, 0.435, 0.44, 0.444, 0.449, 0.455, 0.462, 0.47, 0.479, 0.489, 0.499, 0.511, 0.525, 0.539, 0.554, 0.571, 0.588, 0.606, 0.625, 0.644, 0.664, 0.683, 0.702, 0.721, 0.739, 0.756, 0.772, 0.787, 0.801, 0.814, 0.825, 0.835, 0.845, 0.853, 0.861, 0.867, 0.873, 0.878, 0.882, 0.886, 0.889, 0.892, 0.895, 0.897, 0.899, 0.9, 0.902, 0.903, 0.904, 0.905, 0.905, 0.906, 0.907, 0.907, 0.908, 0.908, 0.908, 0.908, 0.909, 0.909, 0.909, 0.909, 0.909, 0.909, 0.909, 0.91, 0.91], params=[0.11, 4.67, 0.41, 0.09], fit_error=[0.046, 0.163, 0.123, 0.131, 0.163, 0.157, 0.125, 0.082, 0.029])",[-70.  -8.  -4.  -2.   0.   2.   4.   8.  70.],"[0.419, 0.4, 0.588, 0.75, 0.6, 0.545, 0.529, 0.778, 0.908]","[0.41, 0.41, 0.41, 0.41, 0.41, 0.41, 0.41, 0.41, 0.41, 0.411, 0.411, 0.411, 0.411, 0.411, 0.411, 0.411, 0.412, 0.412, 0.412, 0.413, 0.413, 0.414, 0.414, 0.415, 0.416, 0.417, 0.418, 0.419, 0.42, 0.422, 0.424, 0.426, 0.429, 0.432, 0.435, 0.44, 0.444, 0.449, 0.455, 0.462, 0.47, 0.479, 0.489, 0.499, 0.511, 0.525, 0.539, 0.554, 0.571, 0.588, 0.606, 0.625, 0.644, 0.664, 0.683, 0.702, 0.721, 0.739, 0.756, 0.772, 0.787, 0.801, 0.814, 0.825, 0.835, 0.845, 0.853, 0.861, 0.867, 0.873, 0.878, 0.882, 0.886, 0.889, 0.892, 0.895, 0.897, 0.899, 0.9, 0.902, 0.903, 0.904, 0.905, 0.905, 0.906, 0.907, 0.907, 0.908, 0.908, 0.908, 0.908, 0.909, 0.909, 0.909, 0.909, 0.909, 0.909, 0.909, 0.91, 0.91]","[0.046, 0.163, 0.123, 0.131, 0.163, 0.157, 0.125, 0.082, 0.029]","[0.11, 4.67, 0.41, 0.09]",0.11,4.67,0.41,0.09,"psych_curve(xdata=array([-70.,  -8.,  -4.,  -2.,   0.,   2.,   4.,   8.,  70.]), ydata=[0.473, 0.571, 0.722, 0.9, 0.9, 0.615, 0.688, 0.905, 0.958], fit=[nan, nan, nan, nan, nan, nan, nan, nan, nan, nan, nan, nan, nan, nan, nan, nan, nan, nan, nan, nan, nan, nan, nan, nan, nan, nan, nan, nan, nan, nan, nan, nan, nan, nan, nan, nan, nan, nan, nan, nan, nan, nan, nan, nan, nan, nan, nan, nan, nan, nan, nan, nan, nan, nan, nan, nan, nan, nan, nan, nan, nan, nan, nan, nan, nan, nan, nan, nan, nan, nan, nan, nan, nan, nan, nan, nan, nan, nan, nan, nan, nan, nan, nan, nan, nan, nan, nan, nan, nan, nan, nan, nan, nan, nan, nan, nan, nan, nan, nan, nan], params=[0.1, -4.27, 0.47, 0.05], fit_error=[0.047, 0.137, 0.109, 0.1, 0.1, 0.14, 0.12, 0.066, 0.021])",[-70.  -8.  -4.  -2.   0.   2.   4.   8.  70.],"[0.419, 0.4, 0.588, 0.75, 0.6, 0.545, 0.529, 0.778, 0.908]","[0.41, 0.41, 0.41, 0.41, 0.41, 0.41, 0.41, 0.41, 0.41, 0.411, 0.411, 0.411, 0.411, 0.411, 0.411, 0.411, 0.412, 0.412, 0.412, 0.413, 0.413, 0.414, 0.414, 0.415, 0.416, 0.417, 0.418, 0.419, 0.42, 0.422, 0.424, 0.426, 0.429, 0.432, 0.435, 0.44, 0.444, 0.449, 0.455, 0.462, 0.47, 0.479, 0.489, 0.499, 0.511, 0.525, 0.539, 0.554, 0.571, 0.588, 0.606, 0.625, 0.644, 0.664, 0.683, 0.702, 0.721, 0.739, 0.756, 0.772, 0.787, 0.801, 0.814, 0.825, 0.835, 0.845, 0.853, 0.861, 0.867, 0.873, 0.878, 0.882, 0.886, 0.889, 0.892, 0.895, 0.897, 0.899, 0.9, 0.902, 0.903, 0.904, 0.905, 0.905, 0.906, 0.907, 0.907, 0.908, 0.908, 0.908, 0.908, 0.909, 0.909, 0.909, 0.909, 0.909, 0.909, 0.909, 0.91, 0.91]","[0.046, 0.163, 0.123, 0.131, 0.163, 0.157, 0.125, 0.082, 0.029]","[0.1, -4.27, 0.47, 0.05]",0.1,-4.27,0.47,0.05,1.0
2025-07-28,0,,20,Bpod5,340,177,163,213,125,259,155,104,142,116,79,21,58,0.7617647058823529,0.8757062146892656,0.6380368098159509,338,176,162,204,145,59,0.6807511737089202,0.472,132,66,66,0.3098591549295774,0.528,0.7662721893491125,0.8806818181818182,0.6419753086419753,0.8304347826086956,-0.2387065095398429,0.696078431372549,0.8787878787878788,-0.1827094474153298,0.5763755868544601,0.4189295774647887,2,1,1,0.0058823529411764,0.0056497175141242,0.0061349693251533,259,155,104,647.5,387.5,260.0,0.0,0,0,0,0.5,0.4999999999999998,"psych_curve(xdata=array([-70.,  -8.,  -4.,  -2.,   0.,   2.,   4.,   8.,  70.]), ydata=[0.06, 0.087, 0.3, 0.231, 0.417, 0.286, 0.385, 0.818, 0.719], fit=[0.1, 0.1, 0.1, 0.1, 0.1, 0.1, 0.1, 0.1, 0.1, 0.1, 0.1, 0.1, 0.1, 0.1, 0.1, 0.1, 0.1, 0.1, 0.1, 0.1, 0.1, 0.1, 0.1, 0.1, 0.1, 0.1, 0.1, 0.1, 0.1, 0.1, 0.1, 0.1, 0.1, 0.1, 0.101, 0.101, 0.102, 0.102, 0.103, 0.105, 0.107, 0.111, 0.116, 0.123, 0.134, 0.15, 0.171, 0.201, 0.24, 0.289, 0.347, 0.412, 0.479, 0.543, 0.6, 0.648, 0.685, 0.713, 0.733, 0.748, 0.758, 0.765, 0.77, 0.773, 0.775, 0.777, 0.778, 0.779, 0.779, 0.779, 0.78, 0.78, 0.78, 0.78, 0.78, 0.78, 0.78, 0.78, 0.78, 0.78, 0.78, 0.78, 0.78, 0.78, 0.78, 0.78, 0.78, 0.78, 0.78, 0.78, 0.78, 0.78, 0.78, 0.78, 0.78, 0.78, 0.78, 0.78, 0.78, 0.78], params=[0.28, 2.71, 0.1, 0.22], fit_error=[0.022, 0.06, 0.153, 0.122, 0.103, 0.125, 0.14, 0.122, 0.042])",[-70.  -8.  -4.  -2.   0.   2.   4.   8.  70.],"[0.06, 0.087, 0.3, 0.231, 0.417, 0.286, 0.385, 0.818, 0.719]","[0.1, 0.1, 0.1, 0.1, 0.1, 0.1, 0.1, 0.1, 0.1, 0.1, 0.1, 0.1, 0.1, 0.1, 0.1, 0.1, 0.1, 0.1, 0.1, 0.1, 0.1, 0.1, 0.1, 0.1, 0.1, 0.1, 0.1, 0.1, 0.1, 0.1, 0.1, 0.1, 0.1, 0.1, 0.101, 0.101, 0.102, 0.102, 0.103, 0.105, 0.107, 0.111, 0.116, 0.123, 0.134, 0.15, 0.171, 0.201, 0.24, 0.289, 0.347, 0.412, 0.479, 0.543, 0.6, 0.648, 0.685, 0.713, 0.733, 0.748, 0.758, 0.765, 0.77, 0.773, 0.775, 0.777, 0.778, 0.779, 0.779, 0.779, 0.78, 0.78, 0.78, 0.78, 0.78, 0.78, 0.78, 0.78, 0.78, 0.78, 0.78, 0.78, 0.78, 0.78, 0.78, 0.78, 0.78, 0.78, 0.78, 0.78, 0.78, 0.78, 0.78, 0.78, 0.78, 0.78, 0.78, 0.78, 0.78, 0.78]","[0.022, 0.06, 0.153, 0.122, 0.103, 0.125, 0.14, 0.122, 0.042]","[0.28, 2.71, 0.1, 0.22]",0.28,2.71,0.1,0.22,"psych_curve(xdata=array([-70.,  -8.,  -4.,  -2.,   0.,   2.,   4.,   8.,  70.]), ydata=[0.278, 0.19, 0.692, 0.529, 0.667, 0.556, 0.8, 1.0, 0.947], fit=[nan, nan, nan, nan, nan, nan, nan, nan, nan, nan, nan, nan, nan, nan, nan, nan, nan, nan, nan, nan, nan, nan, nan, nan, nan, nan, nan, nan, nan, nan, nan, nan, nan, nan, nan, nan, nan, nan, nan, nan, nan, nan, nan, nan, nan, nan, nan, nan, nan, nan, nan, nan, nan, nan, nan, nan, nan, nan, nan, nan, nan, nan, nan, nan, nan, nan, nan, nan, nan, nan, nan, nan, nan, nan, nan, nan, nan, nan, nan, nan, nan, nan, nan, nan, nan, nan, nan, nan, nan, nan, nan, nan, nan, nan, nan, nan, nan, nan, nan, nan], params=[0.24, -0.67, 0.24, 0.02], fit_error=[0.042, 0.088, 0.133, 0.125, 0.098, 0.176, 0.133, 0.0, 0.021])",[-70.  -8.  -4.  -2.   0.   2.   4.   8.  70.],"[0.06, 0.087, 0.3, 0.231, 0.417, 0.286, 0.385, 0.818, 0.719]","[0.1, 0.1, 0.1, 0.1, 0.1, 0.1, 0.1, 0.1, 0.1, 0.1, 0.1, 0.1, 0.1, 0.1, 0.1, 0.1, 0.1, 0.1, 0.1, 0.1, 0.1, 0.1, 0.1, 0.1, 0.1, 0.1, 0.1, 0.1, 0.1, 0.1, 0.1, 0.1, 0.1, 0.1, 0.101, 0.101, 0.102, 0.102, 0.103, 0.105, 0.107, 0.111, 0.116, 0.123, 0.134, 0.15, 0.171, 0.201, 0.24, 0.289, 0.347, 0.412, 0.479, 0.543, 0.6, 0.648, 0.685, 0.713, 0.733, 0.748, 0.758, 0.765, 0.77, 0.773, 0.775, 0.777, 0.778, 0.779, 0.779, 0.779, 0.78, 0.78, 0.78, 0.78, 0.78, 0.78, 0.78, 0.78, 0.78, 0.78, 0.78, 0.78, 0.78, 0.78, 0.78, 0.78, 0.78, 0.78, 0.78, 0.78, 0.78, 0.78, 0.78, 0.78, 0.78, 0.78, 0.78, 0.78, 0.78, 0.78]","[0.022, 0.06, 0.153, 0.122, 0.103, 0.125, 0.14, 0.122, 0.042]","[0.24, -0.67, 0.24, 0.02]",0.24,-0.67,0.24,0.02,0.0
2025-07-29,1,,20,Bpod5,335,173,162,183,152,243,132,111,147,95,92,41,51,0.7253731343283583,0.7630057803468208,0.6851851851851852,335,173,162,230,130,100,0.7103825136612022,0.6578947368421053,104,52,52,0.2841530054644808,0.3421052631578947,0.7253731343283583,0.7630057803468208,0.6851851851851852,0.8009259259259259,-0.0778205951616355,0.6391304347826087,0.9134615384615384,-0.2743311036789297,0.6841386252516537,0.3131291343111878,0,0,0,0.0,0.0,0.0,243,132,111,607.5,330.0,277.5,0.0,0,0,0,0.5,0.4999999999999999,"psych_curve(xdata=array([-70.,  -8.,  -4.,  -2.,   0.,   2.,   4.,   8.,  70.]), ydata=[0.202, 0.333, 0.2, 0.533, 0.474, 0.478, 0.5, 0.6, 0.804], fit=[0.2, 0.2, 0.2, 0.2, 0.2, 0.2, 0.2, 0.2, 0.2, 0.2, 0.2, 0.2, 0.2, 0.2, 0.2, 0.2, 0.201, 0.201, 0.201, 0.201, 0.201, 0.201, 0.202, 0.202, 0.203, 0.203, 0.204, 0.205, 0.206, 0.207, 0.208, 0.21, 0.212, 0.215, 0.218, 0.222, 0.227, 0.232, 0.239, 0.247, 0.256, 0.267, 0.28, 0.294, 0.311, 0.33, 0.352, 0.375, 0.401, 0.428, 0.457, 0.486, 0.516, 0.545, 0.574, 0.601, 0.626, 0.65, 0.671, 0.69, 0.706, 0.721, 0.734, 0.744, 0.754, 0.761, 0.768, 0.773, 0.778, 0.782, 0.785, 0.788, 0.79, 0.792, 0.793, 0.794, 0.795, 0.796, 0.797, 0.797, 0.798, 0.798, 0.799, 0.799, 0.799, 0.799, 0.799, 0.799, 0.8, 0.8, 0.8, 0.8, 0.8, 0.8, 0.8, 0.8, 0.8, 0.8, 0.8, 0.8], params=[0.14, 2.79, 0.2, 0.2], fit_error=[0.036, 0.167, 0.092, 0.133, 0.118, 0.106, 0.121, 0.131, 0.042])",[-70.  -8.  -4.  -2.   0.   2.   4.   8.  70.],"[0.202, 0.333, 0.2, 0.533, 0.474, 0.478, 0.5, 0.6, 0.804]","[0.2, 0.2, 0.2, 0.2, 0.2, 0.2, 0.2, 0.2, 0.2, 0.2, 0.2, 0.2, 0.2, 0.2, 0.2, 0.2, 0.201, 0.201, 0.201, 0.201, 0.201, 0.201, 0.202, 0.202, 0.203, 0.203, 0.204, 0.205, 0.206, 0.207, 0.208, 0.21, 0.212, 0.215, 0.218, 0.222, 0.227, 0.232, 0.239, 0.247, 0.256, 0.267, 0.28, 0.294, 0.311, 0.33, 0.352, 0.375, 0.401, 0.428, 0.457, 0.486, 0.516, 0.545, 0.574, 0.601, 0.626, 0.65, 0.671, 0.69, 0.706, 0.721, 0.734, 0.744, 0.754, 0.761, 0.768, 0.773, 0.778, 0.782, 0.785, 0.788, 0.79, 0.792, 0.793, 0.794, 0.795, 0.796, 0.797, 0.797, 0.798, 0.798, 0.799, 0.799, 0.799, 0.799, 0.799, 0.799, 0.8, 0.8, 0.8, 0.8, 0.8, 0.8, 0.8, 0.8, 0.8, 0.8, 0.8, 0.8]","[0.036, 0.167, 0.092, 0.133, 0.118, 0.106, 0.121, 0.131, 0.042]","[0.14, 2.79, 0.2, 0.2]",0.14,2.79,0.2,0.2,"psych_curve(xdata=array([-70.,  -8.,  -4.,  -2.,   0.,   2.,   4.,   8.,  70.]), ydata=[0.341, 0.5, 0.765, 0.882, 0.895, 0.762, 1.0, 0.8, 0.989], fit=[nan, nan, nan, nan, nan, nan, nan, nan, nan, nan, nan, nan, nan, nan, nan, nan, nan, nan, nan, nan, nan, nan, nan, nan, nan, nan, nan, nan, nan, nan, nan, nan, nan, nan, nan, nan, nan, nan, nan, nan, nan, nan, nan, nan, nan, nan, nan, nan, nan, nan, nan, nan, nan, nan, nan, nan, nan, nan, nan, nan, nan, nan, nan, nan, nan, nan, nan, nan, nan, nan, nan, nan, nan, nan, nan, nan, nan, nan, nan, nan, nan, nan, nan, nan, nan, nan, nan, nan, nan, nan, nan, nan, nan, nan, nan, nan, nan, nan, nan, nan], params=[0.55, -6.32, 0.34, 0.1], fit_error=[0.043, 0.139, 0.106, 0.081, 0.072, 0.095, 0.0, 0.133, 0.011])",[-70.  -8.  -4.  -2.   0.   2.   4.   8.  70.],"[0.202, 0.333, 0.2, 0.533, 0.474, 0.478, 0.5, 0.6, 0.804]","[0.2, 0.2, 0.2, 0.2, 0.2, 0.2, 0.2, 0.2, 0.2, 0.2, 0.2, 0.2, 0.2, 0.2, 0.2, 0.2, 0.201, 0.201, 0.201, 0.201, 0.201, 0.201, 0.202, 0.202, 0.203, 0.203, 0.204, 0.205, 0.206, 0.207, 0.208, 0.21, 0.212, 0.215, 0.218, 0.222, 0.227, 0.232, 0.239, 0.247, 0.256, 0.267, 0.28, 0.294, 0.311, 0.33, 0.352, 0.375, 0.401, 0.428, 0.457, 0.486, 0.516, 0.545, 0.574, 0.601, 0.626, 0.65, 0.671, 0.69, 0.706, 0.721, 0.734, 0.744, 0.754, 0.761, 0.768, 0.773, 0.778, 0.782, 0.785, 0.788, 0.79, 0.792, 0.793, 0.794, 0.795, 0.796, 0.797, 0.797, 0.798, 0.798, 0.799, 0.799, 0.799, 0.799, 0.799, 0.799, 0.8, 0.8, 0.8, 0.8, 0.8, 0.8, 0.8, 0.8, 0.8, 0.8, 0.8, 0.8]","[0.036, 0.167, 0.092, 0.133, 0.118, 0.106, 0.121, 0.131, 0.042]","[0.55, -6.32, 0.34, 0.1]",0.55,-6.32,0.34,0.1,1.0
2025-07-31,3,,20,Bpod5,338,170,168,232,80,233,157,76,144,81,79,4,75,0.6893491124260355,0.923529411764706,0.4523809523809524,312,161,151,210,178,32,0.7672413793103449,0.4,90,47,43,0.2025862068965517,0.5375,0.7467948717948718,0.9751552795031057,0.5033112582781457,0.8348623853211009,-0.4718440212249598,0.6857142857142857,0.9,-0.2142857142857143,0.5836206896551724,0.3700431034482758,26,9,17,0.0769230769230769,0.0529411764705882,0.1011904761904761,233,157,76,582.5,392.5,190.0,0.0,0,0,0,0.5,0.4999999999999998,"psych_curve(xdata=array([-70.,  -8.,  -4.,  -2.,   0.,   2.,   4.,   8.,  70.]), ydata=[0.009, 0.0, 0.0, 0.091, 0.2, 0.176, 0.1, 0.294, 0.657], fit=[-0.01, -0.01, -0.01, -0.01, -0.01, -0.01, -0.01, -0.01, -0.01, -0.01, -0.01, -0.01, -0.01, -0.01, -0.01, -0.01, -0.01, -0.01, -0.01, -0.01, -0.01, -0.01, -0.01, -0.01, -0.01, -0.009, -0.009, -0.009, -0.009, -0.009, -0.008, -0.008, -0.007, -0.007, -0.006, -0.005, -0.003, -0.002, 0.001, 0.003, 0.006, 0.01, 0.015, 0.022, 0.029, 0.038, 0.049, 0.063, 0.079, 0.098, 0.12, 0.145, 0.174, 0.206, 0.24, 0.276, 0.314, 0.352, 0.389, 0.424, 0.458, 0.488, 0.515, 0.539, 0.56, 0.578, 0.593, 0.605, 0.616, 0.624, 0.631, 0.637, 0.641, 0.645, 0.648, 0.65, 0.652, 0.654, 0.655, 0.656, 0.657, 0.658, 0.658, 0.658, 0.659, 0.659, 0.659, 0.659, 0.659, 0.66, 0.66, 0.66, 0.66, 0.66, 0.66, 0.66, 0.66, 0.66, 0.66, 0.66], params=[0.16, 9.61, -0.01, 0.34], fit_error=[0.009, 0.0, 0.0, 0.091, 0.133, 0.095, 0.1, 0.114, 0.047])",[-70.  -8.  -4.  -2.   0.   2.   4.   8.  70.],"[0.009, 0.0, 0.0, 0.091, 0.2, 0.176, 0.1, 0.294, 0.657]","[-0.01, -0.01, -0.01, -0.01, -0.01, -0.01, -0.01, -0.01, -0.01, -0.01, -0.01, -0.01, -0.01, -0.01, -0.01, -0.01, -0.01, -0.01, -0.01, -0.01, -0.01, -0.01, -0.01, -0.01, -0.01, -0.009, -0.009, -0.009, -0.009, -0.009, -0.008, -0.008, -0.007, -0.007, -0.006, -0.005, -0.003, -0.002, 0.001, 0.003, 0.006, 0.01, 0.015, 0.022, 0.029, 0.038, 0.049, 0.063, 0.079, 0.098, 0.12, 0.145, 0.174, 0.206, 0.24, 0.276, 0.314, 0.352, 0.389, 0.424, 0.458, 0.488, 0.515, 0.539, 0.56, 0.578, 0.593, 0.605, 0.616, 0.624, 0.631, 0.637, 0.641, 0.645, 0.648, 0.65, 0.652, 0.654, 0.655, 0.656, 0.657, 0.658, 0.658, 0.658, 0.659, 0.659, 0.659, 0.659, 0.659, 0.66, 0.66, 0.66, 0.66, 0.66, 0.66, 0.66, 0.66, 0.66, 0.66, 0.66]","[0.009, 0.0, 0.0, 0.091, 0.133, 0.095, 0.1, 0.114, 0.047]","[0.16, 9.61, -0.01, 0.34]",0.16,9.61,-0.01,0.34,"psych_curve(xdata=array([-70.,  -8.,  -4.,  -2.,  -0.,   2.,   4.,   8.,  70.]), ydata=[0.3, 0.714, 0.6, 0.824, 0.9, 0.909, 0.812, 0.857, 0.981], fit=[nan, nan, nan, nan, nan, nan, nan, nan, nan, nan, nan, nan, nan, nan, nan, nan, nan, nan, nan, nan, nan, nan, nan, nan, nan, nan, nan, nan, nan, nan, nan, nan, nan, nan, nan, nan, nan, nan, nan, nan, nan, nan, nan, nan, nan, nan, nan, nan, nan, nan, nan, nan, nan, nan, nan, nan, nan, nan, nan, nan, nan, nan, nan, nan, nan, nan, nan, nan, nan, nan, nan, nan, nan, nan, nan, nan, nan, nan, nan, nan, nan, nan, nan, nan, nan, nan, nan, nan, nan, nan, nan, nan, nan, nan, nan, nan, nan, nan, nan, nan], params=[0.12, -9.99, 0.3, 0.03], fit_error=[0.046, 0.125, 0.163, 0.095, 0.1, 0.091, 0.101, 0.097, 0.013])",[-70.  -8.  -4.  -2.   0.   2.   4.   8.  70.],"[0.009, 0.0, 0.0, 0.091, 0.2, 0.176, 0.1, 0.294, 0.657]","[-0.01, -0.01, -0.01, -0.01, -0.01, -0.01, -0.01, -0.01, -0.01, -0.01, -0.01, -0.01, -0.01, -0.01, -0.01, -0.01, -0.01, -0.01, -0.01, -0.01, -0.01, -0.01, -0.01, -0.01, -0.01, -0.009, -0.009, -0.009, -0.009, -0.009, -0.008, -0.008, -0.007, -0.007, -0.006, -0.005, -0.003, -0.002, 0.001, 0.003, 0.006, 0.01, 0.015, 0.022, 0.029, 0.038, 0.049, 0.063, 0.079, 0.098, 0.12, 0.145, 0.174, 0.206, 0.24, 0.276, 0.314, 0.352, 0.389, 0.424, 0.458, 0.488, 0.515, 0.539, 0.56, 0.578, 0.593, 0.605, 0.616, 0.624, 0.631, 0.637, 0.641, 0.645, 0.648, 0.65, 0.652, 0.654, 0.655, 0.656, 0.657, 0.658, 0.658, 0.658, 0.659, 0.659, 0.659, 0.659, 0.659, 0.66, 0.66, 0.66, 0.66, 0.66, 0.66, 0.66, 0.66, 0.66, 0.66, 0.66]","[0.009, 0.0, 0.0, 0.091, 0.133, 0.095, 0.1, 0.114, 0.047]","[0.12, -9.99, 0.3, 0.03]",0.12,-9.99,0.3,0.03,0.0
2025-08-01,4,,20,Bpod5,328,169,159,124,187,200,87,113,124,69,111,74,37,0.6097560975609756,0.514792899408284,0.710691823899371,311,161,150,216,76,140,0.6129032258064516,0.7486631016042781,83,42,41,0.3387096774193548,0.2192513368983957,0.6430868167202572,0.5403726708074534,0.7533333333333333,0.7087378640776699,0.2129606625258798,0.5740740740740741,0.8313253012048193,-0.2572512271307452,0.6807831637053648,0.2789805071588752,17,8,9,0.0518292682926829,0.0473372781065088,0.0566037735849056,200,87,113,500.0,217.5,282.5,0.0,0,0,0,0.5,0.4999999999999998,"psych_curve(xdata=array([-70.,  -8.,  -4.,  -2.,   0.,   2.,   4.,   8.,  70.]), ydata=[0.434, 0.75, 0.391, 0.667, 0.389, 0.455, 0.474, 0.769, 0.86], fit=[4.91, 4.91, 4.91, 4.91, 4.91, 4.91, 4.91, 4.91, 4.91, 4.91, 4.91, 4.91, 4.91, 4.91, 4.91, 4.91, 4.91, 4.91, 4.91, 4.91, 4.91, 4.91, 4.91, 4.91, 4.91, 4.91, 4.91, 4.91, 4.91, 4.91, 4.91, 4.91, 4.91, 4.91, 4.91, 4.91, 4.91, 4.91, 4.91, 4.91, 4.91, 4.91, 4.91, 4.91, 4.91, 4.91, 4.91, 4.91, 4.91, 4.91, 4.91, 4.91, 4.91, 4.91, 4.91, 4.91, 4.91, 4.91, 4.91, 4.91, 4.91, 4.91, 4.91, 4.91, 4.91, 4.91, 4.91, 4.91, 4.91, 4.91, 4.91, 4.91, 4.91, 4.91, 4.91, 4.91, 4.91, 4.91, 4.91, 4.91, 4.91, 4.91, 4.91, 4.91, 4.91, 4.91, 4.91, 4.91, 4.91, 4.91, 4.91, 4.91, 4.91, 4.91, 4.91, 4.91, 4.91, 4.91, 4.91, 4.91], params=[0.0, 1120.57, -2.83, -11.65], fit_error=[0.048, 0.131, 0.104, 0.167, 0.118, 0.157, 0.118, 0.122, 0.035])",[-70.  -8.  -4.  -2.   0.   2.   4.   8.  70.],"[0.434, 0.75, 0.391, 0.667, 0.389, 0.455, 0.474, 0.769, 0.86]","[4.91, 4.91, 4.91, 4.91, 4.91, 4.91, 4.91, 4.91, 4.91, 4.91, 4.91, 4.91, 4.91, 4.91, 4.91, 4.91, 4.91, 4.91, 4.91, 4.91, 4.91, 4.91, 4.91, 4.91, 4.91, 4.91, 4.91, 4.91, 4.91, 4.91, 4.91, 4.91, 4.91, 4.91, 4.91, 4.91, 4.91, 4.91, 4.91, 4.91, 4.91, 4.91, 4.91, 4.91, 4.91, 4.91, 4.91, 4.91, 4.91, 4.91, 4.91, 4.91, 4.91, 4.91, 4.91, 4.91, 4.91, 4.91, 4.91, 4.91, 4.91, 4.91, 4.91, 4.91, 4.91, 4.91, 4.91, 4.91, 4.91, 4.91, 4.91, 4.91, 4.91, 4.91, 4.91, 4.91, 4.91, 4.91, 4.91, 4.91, 4.91, 4.91, 4.91, 4.91, 4.91, 4.91, 4.91, 4.91, 4.91, 4.91, 4.91, 4.91, 4.91, 4.91, 4.91, 4.91, 4.91, 4.91, 4.91, 4.91]","[0.048, 0.131, 0.104, 0.167, 0.118, 0.157, 0.118, 0.122, 0.035]","[0.0, 1120.57, -2.83, -11.65]",0.0,1120.57,-2.83,-11.65,"psych_curve(xdata=array([-70.,  -8.,  -4.,  -2.,  -0.,   2.,   4.,   8.,  70.]), ydata=[0.486, 0.688, 0.75, 0.75, 0.824, 0.625, 0.857, 1.0, 0.925], fit=[nan, nan, nan, nan, nan, nan, nan, nan, nan, nan, nan, nan, nan, nan, nan, nan, nan, nan, nan, nan, nan, nan, nan, nan, nan, nan, nan, nan, nan, nan, nan, nan, nan, nan, nan, nan, nan, nan, nan, nan, nan, nan, nan, nan, nan, nan, nan, nan, nan, nan, nan, nan, nan, nan, nan, nan, nan, nan, nan, nan, nan, nan, nan, nan, nan, nan, nan, nan, nan, nan, nan, nan, nan, nan, nan, nan, nan, nan, nan, nan, nan, nan, nan, nan, nan, nan, nan, nan, nan, nan, nan, nan, nan, nan, nan, nan, nan, nan, nan, nan], params=[0.13, -4.08, 0.49, 0.05], fit_error=[0.049, 0.12, 0.099, 0.131, 0.095, 0.183, 0.078, 0.0, 0.028])",[-70.  -8.  -4.  -2.   0.   2.   4.   8.  70.],"[0.434, 0.75, 0.391, 0.667, 0.389, 0.455, 0.474, 0.769, 0.86]","[4.91, 4.91, 4.91, 4.91, 4.91, 4.91, 4.91, 4.91, 4.91, 4.91, 4.91, 4.91, 4.91, 4.91, 4.91, 4.91, 4.91, 4.91, 4.91, 4.91, 4.91, 4.91, 4.91, 4.91, 4.91, 4.91, 4.91, 4.91, 4.91, 4.91, 4.91, 4.91, 4.91, 4.91, 4.91, 4.91, 4.91, 4.91, 4.91, 4.91, 4.91, 4.91, 4.91, 4.91, 4.91, 4.91, 4.91, 4.91, 4.91, 4.91, 4.91, 4.91, 4.91, 4.91, 4.91, 4.91, 4.91, 4.91, 4.91, 4.91, 4.91, 4.91, 4.91, 4.91, 4.91, 4.91, 4.91, 4.91, 4.91, 4.91, 4.91, 4.91, 4.91, 4.91, 4.91, 4.91, 4.91, 4.91, 4.91, 4.91, 4.91, 4.91, 4.91, 4.91, 4.91, 4.91, 4.91, 4.91, 4.91, 4.91, 4.91, 4.91, 4.91, 4.91, 4.91, 4.91, 4.91, 4.91, 4.91, 4.91]","[0.048, 0.131, 0.104, 0.167, 0.118, 0.157, 0.118, 0.122, 0.035]","[0.13, -4.08, 0.49, 0.05]",0.13,-4.08,0.49,0.05,1.0
2025-08-07,3,,20,Bpod5,348,187,161,179,169,292,155,137,164,128,56,32,24,0.8390804597701149,0.8288770053475936,0.8509316770186336,348,187,161,207,108,99,0.6033519553072626,0.5857988165680473,140,70,70,0.3910614525139664,0.4142011834319526,0.8390804597701149,0.8288770053475936,0.8509316770186336,0.9427312775330396,0.02205467167104,0.7922705314009661,0.9142857142857144,-0.1220151828847481,0.594575385937655,0.4026313179729596,0,0,0,0.0,0.0,0.0,292,155,137,730.0,387.5,342.5,0.0,0,0,0,0.5,0.4999999999999998,"psych_curve(xdata=array([-70.,  -8.,  -4.,  -2.,   0.,   2.,   4.,   8.,  70.]), ydata=[0.034, 0.269, 0.375, 0.533, 0.737, 0.471, 0.778, 0.9, 0.917], fit=[0.04, 0.04, 0.04, 0.04, 0.04, 0.04, 0.04, 0.04, 0.04, 0.04, 0.04, 0.04, 0.04, 0.04, 0.04, 0.04, 0.04, 0.04, 0.04, 0.04, 0.04, 0.04, 0.041, 0.041, 0.041, 0.041, 0.042, 0.043, 0.043, 0.044, 0.046, 0.048, 0.05, 0.054, 0.058, 0.064, 0.071, 0.081, 0.094, 0.11, 0.131, 0.156, 0.188, 0.226, 0.272, 0.324, 0.381, 0.443, 0.506, 0.569, 0.629, 0.684, 0.732, 0.774, 0.809, 0.837, 0.861, 0.879, 0.893, 0.904, 0.913, 0.919, 0.924, 0.928, 0.931, 0.933, 0.935, 0.936, 0.937, 0.938, 0.938, 0.939, 0.939, 0.939, 0.939, 0.94, 0.94, 0.94, 0.94, 0.94, 0.94, 0.94, 0.94, 0.94, 0.94, 0.94, 0.94, 0.94, 0.94, 0.94, 0.94, 0.94, 0.94, 0.94, 0.94, 0.94, 0.94, 0.94, 0.94, 0.94], params=[0.2, -2.48, 0.04, 0.06], fit_error=[0.017, 0.089, 0.125, 0.133, 0.104, 0.125, 0.101, 0.1, 0.027])",[-70.  -8.  -4.  -2.   0.   2.   4.   8.  70.],"[0.034, 0.269, 0.375, 0.533, 0.737, 0.471, 0.778, 0.9, 0.917]","[0.04, 0.04, 0.04, 0.04, 0.04, 0.04, 0.04, 0.04, 0.04, 0.04, 0.04, 0.04, 0.04, 0.04, 0.04, 0.04, 0.04, 0.04, 0.04, 0.04, 0.04, 0.04, 0.041, 0.041, 0.041, 0.041, 0.042, 0.043, 0.043, 0.044, 0.046, 0.048, 0.05, 0.054, 0.058, 0.064, 0.071, 0.081, 0.094, 0.11, 0.131, 0.156, 0.188, 0.226, 0.272, 0.324, 0.381, 0.443, 0.506, 0.569, 0.629, 0.684, 0.732, 0.774, 0.809, 0.837, 0.861, 0.879, 0.893, 0.904, 0.913, 0.919, 0.924, 0.928, 0.931, 0.933, 0.935, 0.936, 0.937, 0.938, 0.938, 0.939, 0.939, 0.939, 0.939, 0.94, 0.94, 0.94, 0.94, 0.94, 0.94, 0.94, 0.94, 0.94, 0.94, 0.94, 0.94, 0.94, 0.94, 0.94, 0.94, 0.94, 0.94, 0.94, 0.94, 0.94, 0.94, 0.94, 0.94, 0.94]","[0.017, 0.089, 0.125, 0.133, 0.104, 0.125, 0.101, 0.1, 0.027]","[0.2, -2.48, 0.04, 0.06]",0.2,-2.48,0.04,0.06,"psych_curve(xdata=array([-70.,  -8.,  -4.,  -2.,   0.,   2.,   4.,   8.,  70.]), ydata=[0.089, 0.467, 0.429, 0.786, 0.737, 0.667, 0.923, 0.952, 0.982], fit=[nan, nan, nan, nan, nan, nan, nan, nan, nan, nan, nan, nan, nan, nan, nan, nan, nan, nan, nan, nan, nan, nan, nan, nan, nan, nan, nan, nan, nan, nan, nan, nan, nan, nan, nan, nan, nan, nan, nan, nan, nan, nan, nan, nan, nan, nan, nan, nan, nan, nan, nan, nan, nan, nan, nan, nan, nan, nan, nan, nan, nan, nan, nan, nan, nan, nan, nan, nan, nan, nan, nan, nan, nan, nan, nan, nan, nan, nan, nan, nan, nan, nan, nan, nan, nan, nan, nan, nan, nan, nan, nan, nan, nan, nan, nan, nan, nan, nan, nan, nan], params=[0.18, -4.56, 0.1, -0.0], fit_error=[0.027, 0.133, 0.111, 0.114, 0.104, 0.114, 0.077, 0.048, 0.012])",[-70.  -8.  -4.  -2.   0.   2.   4.   8.  70.],"[0.034, 0.269, 0.375, 0.533, 0.737, 0.471, 0.778, 0.9, 0.917]","[0.04, 0.04, 0.04, 0.04, 0.04, 0.04, 0.04, 0.04, 0.04, 0.04, 0.04, 0.04, 0.04, 0.04, 0.04, 0.04, 0.04, 0.04, 0.04, 0.04, 0.04, 0.04, 0.041, 0.041, 0.041, 0.041, 0.042, 0.043, 0.043, 0.044, 0.046, 0.048, 0.05, 0.054, 0.058, 0.064, 0.071, 0.081, 0.094, 0.11, 0.131, 0.156, 0.188, 0.226, 0.272, 0.324, 0.381, 0.443, 0.506, 0.569, 0.629, 0.684, 0.732, 0.774, 0.809, 0.837, 0.861, 0.879, 0.893, 0.904, 0.913, 0.919, 0.924, 0.928, 0.931, 0.933, 0.935, 0.936, 0.937, 0.938, 0.938, 0.939, 0.939, 0.939, 0.939, 0.94, 0.94, 0.94, 0.94, 0.94, 0.94, 0.94, 0.94, 0.94, 0.94, 0.94, 0.94, 0.94, 0.94, 0.94, 0.94, 0.94, 0.94, 0.94, 0.94, 0.94, 0.94, 0.94, 0.94, 0.94]","[0.017, 0.089, 0.125, 0.133, 0.104, 0.125, 0.101, 0.1, 0.027]","[0.18, -4.56, 0.1, -0.0]",0.18,-4.56,0.1,-0.0,0.0
2025-08-08,4,,20,Bpod5,352,179,173,166,184,308,151,157,175,131,42,27,15,0.875,0.8435754189944135,0.907514450867052,350,178,172,213,97,116,0.5843373493975904,0.6304347826086957,135,68,67,0.4096385542168674,0.3641304347826087,0.88,0.848314606741573,0.9127906976744186,0.940677966101695,0.0644760909328455,0.8215962441314554,0.9703703703703704,-0.1487741262389149,0.607386066003143,0.386884494499738,2,1,1,0.0056818181818181,0.0055865921787709,0.0057803468208092,308,151,157,770.0,377.5,392.5,0.0,0,0,0,0.5,0.4999999999999998,"psych_curve(xdata=array([-70.,  -8.,  -4.,  -2.,   0.,   2.,   4.,   8.,  70.]), ydata=[0.101, 0.316, 0.2, 0.2, 0.667, 0.611, 0.667, 1.0, 0.983], fit=[0.16, 0.16, 0.16, 0.16, 0.16, 0.16, 0.16, 0.16, 0.16, 0.16, 0.16, 0.16, 0.16, 0.16, 0.16, 0.16, 0.16, 0.16, 0.16, 0.16, 0.16, 0.16, 0.16, 0.16, 0.16, 0.16, 0.16, 0.16, 0.16, 0.16, 0.16, 0.16, 0.16, 0.16, 0.16, 0.16, 0.161, 0.161, 0.161, 0.162, 0.164, 0.167, 0.171, 0.178, 0.189, 0.208, 0.237, 0.28, 0.342, 0.425, 0.525, 0.631, 0.731, 0.815, 0.878, 0.922, 0.951, 0.97, 0.982, 0.989, 0.993, 0.996, 0.998, 0.999, 0.999, 0.999, 1.0, 1.0, 1.0, 1.0, 1.0, 1.0, 1.0, 1.0, 1.0, 1.0, 1.0, 1.0, 1.0, 1.0, 1.0, 1.0, 1.0, 1.0, 1.0, 1.0, 1.0, 1.0, 1.0, 1.0, 1.0, 1.0, 1.0, 1.0, 1.0, 1.0, 1.0, 1.0, 1.0, 1.0], params=[0.36, 1.44, 0.16, -0.0], fit_error=[0.028, 0.11, 0.092, 0.107, 0.167, 0.118, 0.114, 0.0, 0.012])",[-70.  -8.  -4.  -2.   0.   2.   4.   8.  70.],"[0.101, 0.316, 0.2, 0.2, 0.667, 0.611, 0.667, 1.0, 0.983]","[0.16, 0.16, 0.16, 0.16, 0.16, 0.16, 0.16, 0.16, 0.16, 0.16, 0.16, 0.16, 0.16, 0.16, 0.16, 0.16, 0.16, 0.16, 0.16, 0.16, 0.16, 0.16, 0.16, 0.16, 0.16, 0.16, 0.16, 0.16, 0.16, 0.16, 0.16, 0.16, 0.16, 0.16, 0.16, 0.16, 0.161, 0.161, 0.161, 0.162, 0.164, 0.167, 0.171, 0.178, 0.189, 0.208, 0.237, 0.28, 0.342, 0.425, 0.525, 0.631, 0.731, 0.815, 0.878, 0.922, 0.951, 0.97, 0.982, 0.989, 0.993, 0.996, 0.998, 0.999, 0.999, 0.999, 1.0, 1.0, 1.0, 1.0, 1.0, 1.0, 1.0, 1.0, 1.0, 1.0, 1.0, 1.0, 1.0, 1.0, 1.0, 1.0, 1.0, 1.0, 1.0, 1.0, 1.0, 1.0, 1.0, 1.0, 1.0, 1.0, 1.0, 1.0, 1.0, 1.0, 1.0, 1.0, 1.0, 1.0]","[0.028, 0.11, 0.092, 0.107, 0.167, 0.118, 0.114, 0.0, 0.012]","[0.36, 1.44, 0.16, -0.0]",0.36,1.44,0.16,-0.0,"psych_curve(xdata=array([-70.,  -8.,  -4.,  -2.,   0.,   2.,   4.,   8.,  70.]), ydata=[0.104, 0.3, 0.5, 0.714, 0.778, 1.0, 0.95, 1.0, 0.983], fit=[nan, nan, nan, nan, nan, nan, nan, nan, nan, nan, nan, nan, nan, nan, nan, nan, nan, nan, nan, nan, nan, nan, nan, nan, nan, nan, nan, nan, nan, nan, nan, nan, nan, nan, nan, nan, nan, nan, nan, nan, nan, nan, nan, nan, nan, nan, nan, nan, nan, nan, nan, nan, nan, nan, nan, nan, nan, nan, nan, nan, nan, nan, nan, nan, nan, nan, nan, nan, nan, nan, nan, nan, nan, nan, nan, nan, nan, nan, nan, nan, nan, nan, nan, nan, nan, nan, nan, nan, nan, nan, nan, nan, nan, nan, nan, nan, nan, nan, nan, nan], params=[0.38, -3.61, 0.12, -0.01], fit_error=[0.029, 0.105, 0.121, 0.125, 0.147, 0.0, 0.05, 0.0, 0.012])",[-70.  -8.  -4.  -2.   0.   2.   4.   8.  70.],"[0.101, 0.316, 0.2, 0.2, 0.667, 0.611, 0.667, 1.0, 0.983]","[0.16, 0.16, 0.16, 0.16, 0.16, 0.16, 0.16, 0.16, 0.16, 0.16, 0.16, 0.16, 0.16, 0.16, 0.16, 0.16, 0.16, 0.16, 0.16, 0.16, 0.16, 0.16, 0.16, 0.16, 0.16, 0.16, 0.16, 0.16, 0.16, 0.16, 0.16, 0.16, 0.16, 0.16, 0.16, 0.16, 0.161, 0.161, 0.161, 0.162, 0.164, 0.167, 0.171, 0.178, 0.189, 0.208, 0.237, 0.28, 0.342, 0.425, 0.525, 0.631, 0.731, 0.815, 0.878, 0.922, 0.951, 0.97, 0.982, 0.989, 0.993, 0.996, 0.998, 0.999, 0.999, 0.999, 1.0, 1.0, 1.0, 1.0, 1.0, 1.0, 1.0, 1.0, 1.0, 1.0, 1.0, 1.0, 1.0, 1.0, 1.0, 1.0, 1.0, 1.0, 1.0, 1.0, 1.0, 1.0, 1.0, 1.0, 1.0, 1.0, 1.0, 1.0, 1.0, 1.0, 1.0, 1.0, 1.0, 1.0]","[0.028, 0.11, 0.092, 0.107, 0.167, 0.118, 0.114, 0.0, 0.012]","[0.38, -3.61, 0.12, -0.01]",0.38,-3.61,0.12,-0.01,1.0
2025-08-11,0,,20,Bpod5,343,170,173,208,135,275,155,120,146,128,68,15,53,0.8017492711370262,0.9117647058823528,0.6936416184971098,343,170,173,206,139,67,0.6682692307692307,0.4962962962962963,136,68,68,0.3269230769230769,0.5037037037037037,0.8017492711370262,0.9117647058823528,0.6936416184971098,0.8951965065502183,-0.2181230873852431,0.7087378640776699,0.9411764705882352,-0.2324386065105653,0.5822827635327635,0.4153133903133903,0,0,0,0.0,0.0,0.0,275,155,120,687.5,387.5,300.0,0.0,0,0,0,0.5,0.4999999999999998,"psych_curve(xdata=array([-70.,  -8.,  -4.,  -2.,   0.,   2.,   4.,   8.,  70.]), ydata=[0.018, 0.0, 0.071, 0.278, 0.391, 0.333, 0.4, 0.667, 0.814], fit=[-0.02, -0.02, -0.02, -0.02, -0.02, -0.02, -0.02, -0.02, -0.02, -0.02, -0.02, -0.02, -0.02, -0.02, -0.02, -0.02, -0.02, -0.02, -0.02, -0.02, -0.02, -0.02, -0.02, -0.02, -0.02, -0.02, -0.02, -0.02, -0.02, -0.019, -0.019, -0.019, -0.018, -0.018, -0.017, -0.016, -0.014, -0.012, -0.009, -0.005, 0.001, 0.009, 0.02, 0.034, 0.053, 0.078, 0.11, 0.15, 0.198, 0.255, 0.318, 0.385, 0.453, 0.518, 0.578, 0.63, 0.674, 0.709, 0.737, 0.758, 0.774, 0.787, 0.796, 0.802, 0.807, 0.811, 0.813, 0.815, 0.816, 0.817, 0.818, 0.819, 0.819, 0.819, 0.819, 0.82, 0.82, 0.82, 0.82, 0.82, 0.82, 0.82, 0.82, 0.82, 0.82, 0.82, 0.82, 0.82, 0.82, 0.82, 0.82, 0.82, 0.82, 0.82, 0.82, 0.82, 0.82, 0.82, 0.82, 0.82], params=[0.23, 2.43, -0.02, 0.18], fit_error=[0.013, 0.0, 0.071, 0.109, 0.104, 0.142, 0.131, 0.114, 0.036])",[-70.  -8.  -4.  -2.   0.   2.   4.   8.  70.],"[0.018, 0.0, 0.071, 0.278, 0.391, 0.333, 0.4, 0.667, 0.814]","[-0.02, -0.02, -0.02, -0.02, -0.02, -0.02, -0.02, -0.02, -0.02, -0.02, -0.02, -0.02, -0.02, -0.02, -0.02, -0.02, -0.02, -0.02, -0.02, -0.02, -0.02, -0.02, -0.02, -0.02, -0.02, -0.02, -0.02, -0.02, -0.02, -0.019, -0.019, -0.019, -0.018, -0.018, -0.017, -0.016, -0.014, -0.012, -0.009, -0.005, 0.001, 0.009, 0.02, 0.034, 0.053, 0.078, 0.11, 0.15, 0.198, 0.255, 0.318, 0.385, 0.453, 0.518, 0.578, 0.63, 0.674, 0.709, 0.737, 0.758, 0.774, 0.787, 0.796, 0.802, 0.807, 0.811, 0.813, 0.815, 0.816, 0.817, 0.818, 0.819, 0.819, 0.819, 0.819, 0.82, 0.82, 0.82, 0.82, 0.82, 0.82, 0.82, 0.82, 0.82, 0.82, 0.82, 0.82, 0.82, 0.82, 0.82, 0.82, 0.82, 0.82, 0.82, 0.82, 0.82, 0.82, 0.82, 0.82, 0.82]","[0.013, 0.0, 0.071, 0.109, 0.104, 0.142, 0.131, 0.114, 0.036]","[0.23, 2.43, -0.02, 0.18]",0.23,2.43,-0.02,0.18,"psych_curve(xdata=array([-70.,  -8.,  -4.,  -2.,  -0.,   2.,   4.,   8.,  70.]), ydata=[0.176, 0.312, 0.9, 0.632, 0.783, 0.909, 0.947, 0.938, 0.99], fit=[nan, nan, nan, nan, nan, nan, nan, nan, nan, nan, nan, nan, nan, nan, nan, nan, nan, nan, nan, nan, nan, nan, nan, nan, nan, nan, nan, nan, nan, nan, nan, nan, nan, nan, nan, nan, nan, nan, nan, nan, nan, nan, nan, nan, nan, nan, nan, nan, nan, nan, nan, nan, nan, nan, nan, nan, nan, nan, nan, nan, nan, nan, nan, nan, nan, nan, nan, nan, nan, nan, nan, nan, nan, nan, nan, nan, nan, nan, nan, nan, nan, nan, nan, nan, nan, nan, nan, nan, nan, nan, nan, nan, nan, nan, nan, nan, nan, nan, nan, nan], params=[0.38, -5.87, 0.15, 0.06], fit_error=[0.033, 0.12, 0.1, 0.114, 0.088, 0.091, 0.053, 0.062, 0.01])",[-70.  -8.  -4.  -2.   0.   2.   4.   8.  70.],"[0.018, 0.0, 0.071, 0.278, 0.391, 0.333, 0.4, 0.667, 0.814]","[-0.02, -0.02, -0.02, -0.02, -0.02, -0.02, -0.02, -0.02, -0.02, -0.02, -0.02, -0.02, -0.02, -0.02, -0.02, -0.02, -0.02, -0.02, -0.02, -0.02, -0.02, -0.02, -0.02, -0.02, -0.02, -0.02, -0.02, -0.02, -0.02, -0.019, -0.019, -0.019, -0.018, -0.018, -0.017, -0.016, -0.014, -0.012, -0.009, -0.005, 0.001, 0.009, 0.02, 0.034, 0.053, 0.078, 0.11, 0.15, 0.198, 0.255, 0.318, 0.385, 0.453, 0.518, 0.578, 0.63, 0.674, 0.709, 0.737, 0.758, 0.774, 0.787, 0.796, 0.802, 0.807, 0.811, 0.813, 0.815, 0.816, 0.817, 0.818, 0.819, 0.819, 0.819, 0.819, 0.82, 0.82, 0.82, 0.82, 0.82, 0.82, 0.82, 0.82, 0.82, 0.82, 0.82, 0.82, 0.82, 0.82, 0.82, 0.82, 0.82, 0.82, 0.82, 0.82, 0.82, 0.82, 0.82, 0.82, 0.82]","[0.013, 0.0, 0.071, 0.109, 0.104, 0.142, 0.131, 0.114, 0.036]","[0.38, -5.87, 0.15, 0.06]",0.38,-5.87,0.15,0.06,0.0
2025-08-12,1,,20,Bpod5,323,162,161,44,272,189,39,150,147,39,127,122,5,0.5851393188854489,0.2407407407407407,0.9316770186335404,316,161,155,260,18,242,0.4090909090909091,0.8897058823529411,50,24,26,0.5454545454545454,0.0955882352941176,0.5981012658227848,0.2422360248447205,0.967741935483871,0.6,0.7255059106391505,0.5653846153846154,0.78,-0.2146153846153846,0.6493983957219251,0.3205213903743315,7,1,6,0.0216718266253869,0.0061728395061728,0.0372670807453416,189,39,150,472.5,97.5,375.0,0.0,0,0,0,0.5,0.4999999999999998,"psych_curve(xdata=array([-70.,  -8.,  -4.,  -2.,   0.,   2.,   4.,   8.,  70.]), ydata=[0.708, 0.882, 0.846, 0.818, 1.0, 1.0, 0.952, 1.0, 0.959], fit=[0.71, 0.71, 0.71, 0.71, 0.71, 0.71, 0.71, 0.71, 0.71, 0.71, 0.71, 0.71, 0.71, 0.71, 0.71, 0.71, 0.71, 0.71, 0.71, 0.71, 0.71, 0.71, 0.71, 0.711, 0.711, 0.711, 0.711, 0.712, 0.712, 0.713, 0.714, 0.715, 0.717, 0.72, 0.722, 0.726, 0.731, 0.738, 0.745, 0.755, 0.767, 0.781, 0.797, 0.815, 0.834, 0.853, 0.873, 0.892, 0.909, 0.924, 0.937, 0.948, 0.957, 0.965, 0.971, 0.975, 0.979, 0.981, 0.983, 0.985, 0.986, 0.987, 0.988, 0.988, 0.989, 0.989, 0.989, 0.989, 0.99, 0.99, 0.99, 0.99, 0.99, 0.99, 0.99, 0.99, 0.99, 0.99, 0.99, 0.99, 0.99, 0.99, 0.99, 0.99, 0.99, 0.99, 0.99, 0.99, 0.99, 0.99, 0.99, 0.99, 0.99, 0.99, 0.99, 0.99, 0.99, 0.99, 0.99, 0.99], params=[0.2, -6.6, 0.71, 0.01], fit_error=[0.043, 0.081, 0.104, 0.122, 0.0, 0.0, 0.048, 0.0, 0.02])",[-70.  -8.  -4.  -2.   0.   2.   4.   8.  70.],"[0.708, 0.882, 0.846, 0.818, 1.0, 1.0, 0.952, 1.0, 0.959]","[0.71, 0.71, 0.71, 0.71, 0.71, 0.71, 0.71, 0.71, 0.71, 0.71, 0.71, 0.71, 0.71, 0.71, 0.71, 0.71, 0.71, 0.71, 0.71, 0.71, 0.71, 0.71, 0.71, 0.711, 0.711, 0.711, 0.711, 0.712, 0.712, 0.713, 0.714, 0.715, 0.717, 0.72, 0.722, 0.726, 0.731, 0.738, 0.745, 0.755, 0.767, 0.781, 0.797, 0.815, 0.834, 0.853, 0.873, 0.892, 0.909, 0.924, 0.937, 0.948, 0.957, 0.965, 0.971, 0.975, 0.979, 0.981, 0.983, 0.985, 0.986, 0.987, 0.988, 0.988, 0.989, 0.989, 0.989, 0.989, 0.99, 0.99, 0.99, 0.99, 0.99, 0.99, 0.99, 0.99, 0.99, 0.99, 0.99, 0.99, 0.99, 0.99, 0.99, 0.99, 0.99, 0.99, 0.99, 0.99, 0.99, 0.99, 0.99, 0.99, 0.99, 0.99, 0.99, 0.99, 0.99, 0.99, 0.99, 0.99]","[0.043, 0.081, 0.104, 0.122, 0.0, 0.0, 0.048, 0.0, 0.02]","[0.2, -6.6, 0.71, 0.01]",0.2,-6.6,0.71,0.01,"psych_curve(xdata=array([-70.,  -8.,  -4.,  -2.,   0.,   2.,   4.,   8.,  70.]), ydata=[0.752, 0.824, 0.667, 0.667, 0.733, 0.917, 0.857, 0.933, 0.96], fit=[nan, nan, nan, nan, nan, nan, nan, nan, nan, nan, nan, nan, nan, nan, nan, nan, nan, nan, nan, nan, nan, nan, nan, nan, nan, nan, nan, nan, nan, nan, nan, nan, nan, nan, nan, nan, nan, nan, nan, nan, nan, nan, nan, nan, nan, nan, nan, nan, nan, nan, nan, nan, nan, nan, nan, nan, nan, nan, nan, nan, nan, nan, nan, nan, nan, nan, nan, nan, nan, nan, nan, nan, nan, nan, nan, nan, nan, nan, nan, nan, nan, nan, nan, nan, nan, nan, nan, nan, nan, nan, nan, nan, nan, nan, nan, nan, nan, nan, nan, nan], params=[20.32, 0.18, 0.73, 0.08], fit_error=[0.042, 0.095, 0.142, 0.142, 0.118, 0.083, 0.078, 0.067, 0.02])",[-70.  -8.  -4.  -2.   0.   2.   4.   8.  70.],"[0.708, 0.882, 0.846, 0.818, 1.0, 1.0, 0.952, 1.0, 0.959]","[0.71, 0.71, 0.71, 0.71, 0.71, 0.71, 0.71, 0.71, 0.71, 0.71, 0.71, 0.71, 0.71, 0.71, 0.71, 0.71, 0.71, 0.71, 0.71, 0.71, 0.71, 0.71, 0.71, 0.711, 0.711, 0.711, 0.711, 0.712, 0.712, 0.713, 0.714, 0.715, 0.717, 0.72, 0.722, 0.726, 0.731, 0.738, 0.745, 0.755, 0.767, 0.781, 0.797, 0.815, 0.834, 0.853, 0.873, 0.892, 0.909, 0.924, 0.937, 0.948, 0.957, 0.965, 0.971, 0.975, 0.979, 0.981, 0.983, 0.985, 0.986, 0.987, 0.988, 0.988, 0.989, 0.989, 0.989, 0.989, 0.99, 0.99, 0.99, 0.99, 0.99, 0.99, 0.99, 0.99, 0.99, 0.99, 0.99, 0.99, 0.99, 0.99, 0.99, 0.99, 0.99, 0.99, 0.99, 0.99, 0.99, 0.99, 0.99, 0.99, 0.99, 0.99, 0.99, 0.99, 0.99, 0.99, 0.99, 0.99]","[0.043, 0.081, 0.104, 0.122, 0.0, 0.0, 0.048, 0.0, 0.02]","[20.32, 0.18, 0.73, 0.08]",20.32,0.18,0.73,0.08,1.0
2025-07-21,0,,21,Bpod6,339,172,167,151,188,256,120,136,164,91,83,52,31,0.7551622418879056,0.6976744186046512,0.8143712574850299,339,172,167,225,94,131,0.6225165562913907,0.6968085106382979,113,56,57,0.3708609271523179,0.3031914893617021,0.7551622418879056,0.6976744186046512,0.8143712574850299,0.8272727272727273,0.1166968388803787,0.7288888888888889,0.8053097345132744,-0.0764208456243854,0.6596625334648443,0.33702620825701,0,0,0,0.0,0.0,0.0,256,120,136,640.0,300.0,340.0,0.0,0,0,0,0.5,0.4999999999999998,"psych_curve(xdata=array([-70.,  -8.,  -4.,  -2.,   0.,   2.,   4.,   8.,  70.]), ydata=[0.223, 0.368, 0.429, 0.467, 0.591, 0.667, 0.706, 0.765, 0.88], fit=[0.23, 0.23, 0.23, 0.23, 0.23, 0.23, 0.23, 0.23, 0.23, 0.23, 0.23, 0.23, 0.23, 0.23, 0.23, 0.23, 0.23, 0.23, 0.23, 0.23, 0.23, 0.23, 0.23, 0.23, 0.23, 0.231, 0.231, 0.231, 0.231, 0.232, 0.232, 0.233, 0.234, 0.236, 0.237, 0.24, 0.243, 0.248, 0.254, 0.261, 0.272, 0.285, 0.302, 0.323, 0.349, 0.381, 0.418, 0.46, 0.506, 0.553, 0.601, 0.647, 0.69, 0.727, 0.759, 0.786, 0.807, 0.824, 0.838, 0.848, 0.856, 0.862, 0.866, 0.87, 0.872, 0.874, 0.876, 0.877, 0.878, 0.878, 0.879, 0.879, 0.879, 0.879, 0.88, 0.88, 0.88, 0.88, 0.88, 0.88, 0.88, 0.88, 0.88, 0.88, 0.88, 0.88, 0.88, 0.88, 0.88, 0.88, 0.88, 0.88, 0.88, 0.88, 0.88, 0.88, 0.88, 0.88, 0.88, 0.88], params=[0.21, -0.66, 0.23, 0.12], fit_error=[0.04, 0.114, 0.137, 0.133, 0.107, 0.126, 0.114, 0.106, 0.031])",[-70.  -8.  -4.  -2.   0.   2.   4.   8.  70.],"[0.223, 0.368, 0.429, 0.467, 0.591, 0.667, 0.706, 0.765, 0.88]","[0.23, 0.23, 0.23, 0.23, 0.23, 0.23, 0.23, 0.23, 0.23, 0.23, 0.23, 0.23, 0.23, 0.23, 0.23, 0.23, 0.23, 0.23, 0.23, 0.23, 0.23, 0.23, 0.23, 0.23, 0.23, 0.231, 0.231, 0.231, 0.231, 0.232, 0.232, 0.233, 0.234, 0.236, 0.237, 0.24, 0.243, 0.248, 0.254, 0.261, 0.272, 0.285, 0.302, 0.323, 0.349, 0.381, 0.418, 0.46, 0.506, 0.553, 0.601, 0.647, 0.69, 0.727, 0.759, 0.786, 0.807, 0.824, 0.838, 0.848, 0.856, 0.862, 0.866, 0.87, 0.872, 0.874, 0.876, 0.877, 0.878, 0.878, 0.879, 0.879, 0.879, 0.879, 0.88, 0.88, 0.88, 0.88, 0.88, 0.88, 0.88, 0.88, 0.88, 0.88, 0.88, 0.88, 0.88, 0.88, 0.88, 0.88, 0.88, 0.88, 0.88, 0.88, 0.88, 0.88, 0.88, 0.88, 0.88, 0.88]","[0.04, 0.114, 0.137, 0.133, 0.107, 0.126, 0.114, 0.106, 0.031]","[0.21, -0.66, 0.23, 0.12]",0.21,-0.66,0.23,0.12,"psych_curve(xdata=array([-70.,  -8.,  -4.,  -2.,   0.,   2.,   4.,   8.,  70.]), ydata=[0.302, 0.667, 0.583, 0.727, 0.5, 0.789, 0.789, 0.952, 0.947], fit=[nan, nan, nan, nan, nan, nan, nan, nan, nan, nan, nan, nan, nan, nan, nan, nan, nan, nan, nan, nan, nan, nan, nan, nan, nan, nan, nan, nan, nan, nan, nan, nan, nan, nan, nan, nan, nan, nan, nan, nan, nan, nan, nan, nan, nan, nan, nan, nan, nan, nan, nan, nan, nan, nan, nan, nan, nan, nan, nan, nan, nan, nan, nan, nan, nan, nan, nan, nan, nan, nan, nan, nan, nan, nan, nan, nan, nan, nan, nan, nan, nan, nan, nan, nan, nan, nan, nan, nan, nan, nan, nan, nan, nan, nan, nan, nan, nan, nan, nan, nan], params=[0.12, -3.62, 0.31, 0.02], fit_error=[0.045, 0.126, 0.149, 0.141, 0.109, 0.096, 0.096, 0.048, 0.021])",[-70.  -8.  -4.  -2.   0.   2.   4.   8.  70.],"[0.223, 0.368, 0.429, 0.467, 0.591, 0.667, 0.706, 0.765, 0.88]","[0.23, 0.23, 0.23, 0.23, 0.23, 0.23, 0.23, 0.23, 0.23, 0.23, 0.23, 0.23, 0.23, 0.23, 0.23, 0.23, 0.23, 0.23, 0.23, 0.23, 0.23, 0.23, 0.23, 0.23, 0.23, 0.231, 0.231, 0.231, 0.231, 0.232, 0.232, 0.233, 0.234, 0.236, 0.237, 0.24, 0.243, 0.248, 0.254, 0.261, 0.272, 0.285, 0.302, 0.323, 0.349, 0.381, 0.418, 0.46, 0.506, 0.553, 0.601, 0.647, 0.69, 0.727, 0.759, 0.786, 0.807, 0.824, 0.838, 0.848, 0.856, 0.862, 0.866, 0.87, 0.872, 0.874, 0.876, 0.877, 0.878, 0.878, 0.879, 0.879, 0.879, 0.879, 0.88, 0.88, 0.88, 0.88, 0.88, 0.88, 0.88, 0.88, 0.88, 0.88, 0.88, 0.88, 0.88, 0.88, 0.88, 0.88, 0.88, 0.88, 0.88, 0.88, 0.88, 0.88, 0.88, 0.88, 0.88, 0.88]","[0.04, 0.114, 0.137, 0.133, 0.107, 0.126, 0.114, 0.106, 0.031]","[0.12, -3.62, 0.31, 0.02]",0.12,-3.62,0.31,0.02,0.0
2025-07-22,1,,21,Bpod6,332,155,177,130,199,224,89,135,144,79,105,64,41,0.6746987951807228,0.5741935483870968,0.7627118644067796,329,153,176,238,86,152,0.6615384615384615,0.7638190954773869,88,44,44,0.3384615384615385,0.2211055276381909,0.6808510638297872,0.5816993464052288,0.7670454545454546,0.7313432835820896,0.1853461081402257,0.6050420168067226,0.8977272727272727,-0.29268525592055,0.7126787785079243,0.2797835330498647,3,2,1,0.0090361445783132,0.0129032258064516,0.0056497175141242,224,89,135,560.0,222.5,337.5,0.0,0,0,0,0.5,0.4999999999999998,"psych_curve(xdata=array([-70.,  -8.,  -4.,  -2.,   0.,   2.,   4.,   8.,  70.]), ydata=[0.381, 0.455, 0.4, 0.667, 0.474, 0.682, 0.72, 0.533, 0.837], fit=[0.37, 0.37, 0.37, 0.37, 0.37, 0.37, 0.37, 0.37, 0.371, 0.371, 0.371, 0.371, 0.371, 0.371, 0.371, 0.372, 0.372, 0.372, 0.372, 0.373, 0.373, 0.374, 0.375, 0.375, 0.376, 0.377, 0.378, 0.38, 0.381, 0.383, 0.386, 0.388, 0.391, 0.394, 0.398, 0.403, 0.408, 0.413, 0.42, 0.427, 0.435, 0.445, 0.455, 0.466, 0.478, 0.492, 0.506, 0.522, 0.538, 0.555, 0.572, 0.59, 0.608, 0.626, 0.643, 0.66, 0.676, 0.692, 0.706, 0.72, 0.733, 0.744, 0.754, 0.764, 0.772, 0.779, 0.786, 0.792, 0.797, 0.801, 0.805, 0.809, 0.812, 0.814, 0.816, 0.818, 0.82, 0.821, 0.823, 0.824, 0.825, 0.825, 0.826, 0.827, 0.827, 0.827, 0.828, 0.828, 0.828, 0.829, 0.829, 0.829, 0.829, 0.829, 0.829, 0.829, 0.83, 0.83, 0.83, 0.83], params=[0.11, 2.91, 0.37, 0.17], fit_error=[0.05, 0.157, 0.131, 0.105, 0.118, 0.102, 0.092, 0.133, 0.036])",[-70.  -8.  -4.  -2.   0.   2.   4.   8.  70.],"[0.381, 0.455, 0.4, 0.667, 0.474, 0.682, 0.72, 0.533, 0.837]","[0.37, 0.37, 0.37, 0.37, 0.37, 0.37, 0.37, 0.37, 0.371, 0.371, 0.371, 0.371, 0.371, 0.371, 0.371, 0.372, 0.372, 0.372, 0.372, 0.373, 0.373, 0.374, 0.375, 0.375, 0.376, 0.377, 0.378, 0.38, 0.381, 0.383, 0.386, 0.388, 0.391, 0.394, 0.398, 0.403, 0.408, 0.413, 0.42, 0.427, 0.435, 0.445, 0.455, 0.466, 0.478, 0.492, 0.506, 0.522, 0.538, 0.555, 0.572, 0.59, 0.608, 0.626, 0.643, 0.66, 0.676, 0.692, 0.706, 0.72, 0.733, 0.744, 0.754, 0.764, 0.772, 0.779, 0.786, 0.792, 0.797, 0.801, 0.805, 0.809, 0.812, 0.814, 0.816, 0.818, 0.82, 0.821, 0.823, 0.824, 0.825, 0.825, 0.826, 0.827, 0.827, 0.827, 0.828, 0.828, 0.828, 0.829, 0.829, 0.829, 0.829, 0.829, 0.829, 0.829, 0.83, 0.83, 0.83, 0.83]","[0.05, 0.157, 0.131, 0.105, 0.118, 0.102, 0.092, 0.133, 0.036]","[0.11, 2.91, 0.37, 0.17]",0.11,2.91,0.37,0.17,"psych_curve(xdata=array([-70.,  -8.,  -4.,  -2.,   0.,   2.,   4.,   8.,  70.]), ydata=[0.467, 0.688, 0.706, 0.708, 0.684, 0.833, 0.957, 1.0, 0.957], fit=[nan, nan, nan, nan, nan, nan, nan, nan, nan, nan, nan, nan, nan, nan, nan, nan, nan, nan, nan, nan, nan, nan, nan, nan, nan, nan, nan, nan, nan, nan, nan, nan, nan, nan, nan, nan, nan, nan, nan, nan, nan, nan, nan, nan, nan, nan, nan, nan, nan, nan, nan, nan, nan, nan, nan, nan, nan, nan, nan, nan, nan, nan, nan, nan, nan, nan, nan, nan, nan, nan, nan, nan, nan, nan, nan, nan, nan, nan, nan, nan, nan, nan, nan, nan, nan, nan, nan, nan, nan, nan, nan, nan, nan, nan, nan, nan, nan, nan, nan, nan], params=[0.2, -1.75, 0.5, -0.0], fit_error=[0.048, 0.12, 0.114, 0.095, 0.11, 0.09, 0.043, 0.0, 0.021])",[-70.  -8.  -4.  -2.   0.   2.   4.   8.  70.],"[0.381, 0.455, 0.4, 0.667, 0.474, 0.682, 0.72, 0.533, 0.837]","[0.37, 0.37, 0.37, 0.37, 0.37, 0.37, 0.37, 0.37, 0.371, 0.371, 0.371, 0.371, 0.371, 0.371, 0.371, 0.372, 0.372, 0.372, 0.372, 0.373, 0.373, 0.374, 0.375, 0.375, 0.376, 0.377, 0.378, 0.38, 0.381, 0.383, 0.386, 0.388, 0.391, 0.394, 0.398, 0.403, 0.408, 0.413, 0.42, 0.427, 0.435, 0.445, 0.455, 0.466, 0.478, 0.492, 0.506, 0.522, 0.538, 0.555, 0.572, 0.59, 0.608, 0.626, 0.643, 0.66, 0.676, 0.692, 0.706, 0.72, 0.733, 0.744, 0.754, 0.764, 0.772, 0.779, 0.786, 0.792, 0.797, 0.801, 0.805, 0.809, 0.812, 0.814, 0.816, 0.818, 0.82, 0.821, 0.823, 0.824, 0.825, 0.825, 0.826, 0.827, 0.827, 0.827, 0.828, 0.828, 0.828, 0.829, 0.829, 0.829, 0.829, 0.829, 0.829, 0.829, 0.83, 0.83, 0.83, 0.83]","[0.05, 0.157, 0.131, 0.105, 0.118, 0.102, 0.092, 0.133, 0.036]","[0.2, -1.75, 0.5, -0.0]",0.2,-1.75,0.5,-0.0,1.0
2025-07-24,3,,21,Bpod6,347,177,170,162,185,282,137,145,140,141,65,40,25,0.8126801152737753,0.7740112994350282,0.8529411764705882,347,177,170,177,77,100,0.4753086419753086,0.5405405405405406,168,84,84,0.5185185185185185,0.4540540540540541,0.8126801152737753,0.7740112994350282,0.8529411764705882,0.896414342629482,0.0789298770355599,0.7909604519774012,0.8392857142857143,-0.0483252623083131,0.5079245912579247,0.4862862862862863,0,0,0,0.0,0.0,0.0,282,137,145,705.0,342.5,362.5,0.0,0,0,0,0.5,0.4999999999999998,"psych_curve(xdata=array([-70.,  -8.,  -4.,  -2.,   0.,   2.,   4.,   8.,  70.]), ydata=[0.143, 0.263, 0.3, 0.556, 0.7, 0.778, 0.636, 0.4, 0.936], fit=[0.121, 0.121, 0.121, 0.121, 0.121, 0.122, 0.122, 0.122, 0.122, 0.123, 0.123, 0.124, 0.124, 0.125, 0.126, 0.126, 0.127, 0.128, 0.13, 0.131, 0.133, 0.135, 0.137, 0.14, 0.142, 0.146, 0.15, 0.154, 0.159, 0.164, 0.17, 0.178, 0.186, 0.195, 0.205, 0.216, 0.229, 0.242, 0.258, 0.275, 0.293, 0.313, 0.334, 0.356, 0.38, 0.405, 0.432, 0.458, 0.486, 0.513, 0.541, 0.568, 0.595, 0.62, 0.645, 0.669, 0.691, 0.712, 0.732, 0.749, 0.766, 0.781, 0.794, 0.807, 0.818, 0.828, 0.836, 0.844, 0.851, 0.857, 0.863, 0.867, 0.871, 0.875, 0.878, 0.881, 0.883, 0.886, 0.887, 0.889, 0.891, 0.892, 0.893, 0.894, 0.895, 0.895, 0.896, 0.896, 0.897, 0.897, 0.898, 0.898, 0.898, 0.898, 0.899, 0.899, 0.899, 0.899, 0.899, 0.899], params=[0.1, -0.87, 0.12, 0.1], fit_error=[0.031, 0.104, 0.153, 0.121, 0.153, 0.101, 0.152, 0.163, 0.022])",[-70.  -8.  -4.  -2.   0.   2.   4.   8.  70.],"[0.143, 0.263, 0.3, 0.556, 0.7, 0.778, 0.636, 0.4, 0.936]","[0.121, 0.121, 0.121, 0.121, 0.121, 0.122, 0.122, 0.122, 0.122, 0.123, 0.123, 0.124, 0.124, 0.125, 0.126, 0.126, 0.127, 0.128, 0.13, 0.131, 0.133, 0.135, 0.137, 0.14, 0.142, 0.146, 0.15, 0.154, 0.159, 0.164, 0.17, 0.178, 0.186, 0.195, 0.205, 0.216, 0.229, 0.242, 0.258, 0.275, 0.293, 0.313, 0.334, 0.356, 0.38, 0.405, 0.432, 0.458, 0.486, 0.513, 0.541, 0.568, 0.595, 0.62, 0.645, 0.669, 0.691, 0.712, 0.732, 0.749, 0.766, 0.781, 0.794, 0.807, 0.818, 0.828, 0.836, 0.844, 0.851, 0.857, 0.863, 0.867, 0.871, 0.875, 0.878, 0.881, 0.883, 0.886, 0.887, 0.889, 0.891, 0.892, 0.893, 0.894, 0.895, 0.895, 0.896, 0.896, 0.897, 0.897, 0.898, 0.898, 0.898, 0.898, 0.899, 0.899, 0.899, 0.899, 0.899, 0.899]","[0.031, 0.104, 0.153, 0.121, 0.153, 0.101, 0.152, 0.163, 0.022]","[0.1, -0.87, 0.12, 0.1]",0.1,-0.87,0.12,0.1,"psych_curve(xdata=array([-70.,  -8.,  -4.,  -2.,  -0.,   2.,   4.,   8.,  70.]), ydata=[0.12, 0.474, 0.333, 0.278, 0.7, 0.5, 0.667, 0.8, 0.919], fit=[nan, nan, nan, nan, nan, nan, nan, nan, nan, nan, nan, nan, nan, nan, nan, nan, nan, nan, nan, nan, nan, nan, nan, nan, nan, nan, nan, nan, nan, nan, nan, nan, nan, nan, nan, nan, nan, nan, nan, nan, nan, nan, nan, nan, nan, nan, nan, nan, nan, nan, nan, nan, nan, nan, nan, nan, nan, nan, nan, nan, nan, nan, nan, nan, nan, nan, nan, nan, nan, nan, nan, nan, nan, nan, nan, nan, nan, nan, nan, nan, nan, nan, nan, nan, nan, nan, nan, nan, nan, nan, nan, nan, nan, nan, nan, nan, nan, nan, nan, nan], params=[0.16, 0.64, 0.15, 0.06], fit_error=[0.029, 0.118, 0.142, 0.109, 0.153, 0.121, 0.167, 0.133, 0.025])",[-70.  -8.  -4.  -2.   0.   2.   4.   8.  70.],"[0.143, 0.263, 0.3, 0.556, 0.7, 0.778, 0.636, 0.4, 0.936]","[0.121, 0.121, 0.121, 0.121, 0.121, 0.122, 0.122, 0.122, 0.122, 0.123, 0.123, 0.124, 0.124, 0.125, 0.126, 0.126, 0.127, 0.128, 0.13, 0.131, 0.133, 0.135, 0.137, 0.14, 0.142, 0.146, 0.15, 0.154, 0.159, 0.164, 0.17, 0.178, 0.186, 0.195, 0.205, 0.216, 0.229, 0.242, 0.258, 0.275, 0.293, 0.313, 0.334, 0.356, 0.38, 0.405, 0.432, 0.458, 0.486, 0.513, 0.541, 0.568, 0.595, 0.62, 0.645, 0.669, 0.691, 0.712, 0.732, 0.749, 0.766, 0.781, 0.794, 0.807, 0.818, 0.828, 0.836, 0.844, 0.851, 0.857, 0.863, 0.867, 0.871, 0.875, 0.878, 0.881, 0.883, 0.886, 0.887, 0.889, 0.891, 0.892, 0.893, 0.894, 0.895, 0.895, 0.896, 0.896, 0.897, 0.897, 0.898, 0.898, 0.898, 0.898, 0.899, 0.899, 0.899, 0.899, 0.899, 0.899]","[0.031, 0.104, 0.153, 0.121, 0.153, 0.101, 0.152, 0.163, 0.022]","[0.16, 0.64, 0.15, 0.06]",0.16,0.64,0.15,0.06,0.0
2025-07-25,4,,21,Bpod6,330,167,163,162,159,217,110,107,128,86,104,52,52,0.6575757575757576,0.6586826347305389,0.656441717791411,321,162,159,208,105,103,0.6481481481481481,0.6477987421383647,105,53,52,0.3271604938271605,0.3270440251572327,0.67601246105919,0.6790123456790124,0.6729559748427673,0.7572815533980582,-0.0060563708362451,0.6153846153846154,0.819047619047619,-0.2036630036630036,0.6479734451432564,0.3271022594921966,9,5,4,0.0272727272727272,0.029940119760479,0.0245398773006134,217,110,107,542.5,275.0,267.5,0.0,0,0,0,0.5,0.4999999999999998,"psych_curve(xdata=array([-70.,  -8.,  -4.,  -2.,   0.,   2.,   4.,   8.,  70.]), ydata=[0.19, 0.65, 0.438, 0.438, 0.5, 0.632, 0.562, 0.875, 0.708], fit=[0.201, 0.201, 0.201, 0.202, 0.202, 0.202, 0.203, 0.203, 0.203, 0.204, 0.205, 0.205, 0.206, 0.207, 0.208, 0.209, 0.21, 0.212, 0.214, 0.216, 0.218, 0.221, 0.224, 0.227, 0.231, 0.236, 0.241, 0.246, 0.253, 0.26, 0.268, 0.277, 0.286, 0.297, 0.309, 0.322, 0.336, 0.351, 0.367, 0.384, 0.401, 0.42, 0.439, 0.458, 0.477, 0.497, 0.516, 0.535, 0.553, 0.57, 0.587, 0.603, 0.617, 0.631, 0.644, 0.655, 0.666, 0.676, 0.684, 0.692, 0.699, 0.705, 0.711, 0.715, 0.72, 0.724, 0.727, 0.73, 0.732, 0.735, 0.737, 0.738, 0.74, 0.741, 0.742, 0.743, 0.744, 0.745, 0.746, 0.746, 0.747, 0.747, 0.748, 0.748, 0.748, 0.748, 0.749, 0.749, 0.749, 0.749, 0.749, 0.749, 0.749, 0.749, 0.75, 0.75, 0.75, 0.75, 0.75, 0.75], params=[0.1, -7.94, 0.2, 0.25], fit_error=[0.039, 0.109, 0.128, 0.128, 0.115, 0.114, 0.128, 0.125, 0.044])",[-70.  -8.  -4.  -2.   0.   2.   4.   8.  70.],"[0.19, 0.65, 0.438, 0.438, 0.5, 0.632, 0.562, 0.875, 0.708]","[0.201, 0.201, 0.201, 0.202, 0.202, 0.202, 0.203, 0.203, 0.203, 0.204, 0.205, 0.205, 0.206, 0.207, 0.208, 0.209, 0.21, 0.212, 0.214, 0.216, 0.218, 0.221, 0.224, 0.227, 0.231, 0.236, 0.241, 0.246, 0.253, 0.26, 0.268, 0.277, 0.286, 0.297, 0.309, 0.322, 0.336, 0.351, 0.367, 0.384, 0.401, 0.42, 0.439, 0.458, 0.477, 0.497, 0.516, 0.535, 0.553, 0.57, 0.587, 0.603, 0.617, 0.631, 0.644, 0.655, 0.666, 0.676, 0.684, 0.692, 0.699, 0.705, 0.711, 0.715, 0.72, 0.724, 0.727, 0.73, 0.732, 0.735, 0.737, 0.738, 0.74, 0.741, 0.742, 0.743, 0.744, 0.745, 0.746, 0.746, 0.747, 0.747, 0.748, 0.748, 0.748, 0.748, 0.749, 0.749, 0.749, 0.749, 0.749, 0.749, 0.749, 0.749, 0.75, 0.75, 0.75, 0.75, 0.75, 0.75]","[0.039, 0.109, 0.128, 0.128, 0.115, 0.114, 0.128, 0.125, 0.044]","[0.1, -7.94, 0.2, 0.25]",0.1,-7.94,0.2,0.25,"psych_curve(xdata=array([-70.,  -8.,  -4.,  -2.,  -0.,   2.,   4.,   8.,  70.]), ydata=[0.362, 0.733, 0.786, 0.556, 0.737, 0.765, 0.833, 0.818, 0.906], fit=[nan, nan, nan, nan, nan, nan, nan, nan, nan, nan, nan, nan, nan, nan, nan, nan, nan, nan, nan, nan, nan, nan, nan, nan, nan, nan, nan, nan, nan, nan, nan, nan, nan, nan, nan, nan, nan, nan, nan, nan, nan, nan, nan, nan, nan, nan, nan, nan, nan, nan, nan, nan, nan, nan, nan, nan, nan, nan, nan, nan, nan, nan, nan, nan, nan, nan, nan, nan, nan, nan, nan, nan, nan, nan, nan, nan, nan, nan, nan, nan, nan, nan, nan, nan, nan, nan, nan, nan, nan, nan, nan, nan, nan, nan, nan, nan, nan, nan, nan, nan], params=[0.01, -212.55, -4.23, -0.03], fit_error=[0.047, 0.118, 0.114, 0.121, 0.104, 0.106, 0.09, 0.122, 0.03])",[-70.  -8.  -4.  -2.   0.   2.   4.   8.  70.],"[0.19, 0.65, 0.438, 0.438, 0.5, 0.632, 0.562, 0.875, 0.708]","[0.201, 0.201, 0.201, 0.202, 0.202, 0.202, 0.203, 0.203, 0.203, 0.204, 0.205, 0.205, 0.206, 0.207, 0.208, 0.209, 0.21, 0.212, 0.214, 0.216, 0.218, 0.221, 0.224, 0.227, 0.231, 0.236, 0.241, 0.246, 0.253, 0.26, 0.268, 0.277, 0.286, 0.297, 0.309, 0.322, 0.336, 0.351, 0.367, 0.384, 0.401, 0.42, 0.439, 0.458, 0.477, 0.497, 0.516, 0.535, 0.553, 0.57, 0.587, 0.603, 0.617, 0.631, 0.644, 0.655, 0.666, 0.676, 0.684, 0.692, 0.699, 0.705, 0.711, 0.715, 0.72, 0.724, 0.727, 0.73, 0.732, 0.735, 0.737, 0.738, 0.74, 0.741, 0.742, 0.743, 0.744, 0.745, 0.746, 0.746, 0.747, 0.747, 0.748, 0.748, 0.748, 0.748, 0.749, 0.749, 0.749, 0.749, 0.749, 0.749, 0.749, 0.749, 0.75, 0.75, 0.75, 0.75, 0.75, 0.75]","[0.039, 0.109, 0.128, 0.128, 0.115, 0.114, 0.128, 0.125, 0.044]","[0.01, -212.55, -4.23, -0.03]",0.01,-212.55,-4.23,-0.03,1.0
2025-07-28,0,,21,Bpod6,336,175,161,174,161,243,128,115,137,106,92,46,46,0.7232142857142857,0.7314285714285714,0.7142857142857143,335,174,161,208,110,98,0.632183908045977,0.6086956521739131,126,63,63,0.3620689655172414,0.391304347826087,0.7253731343283583,0.735632183908046,0.7142857142857143,0.8186274509803921,-0.0213464696223316,0.6586538461538461,0.8412698412698413,-0.1826159951159951,0.620439780109945,0.3766866566716642,1,1,0,0.0029761904761904,0.0057142857142857,0.0,243,128,115,607.5,320.0,287.5,0.0,0,0,0,0.5,0.4999999999999998,"psych_curve(xdata=array([-70.,  -8.,  -4.,  -2.,   0.,   2.,   4.,   8.,  70.]), ydata=[0.14, 0.333, 0.611, 0.5, 0.476, 0.8, 0.533, 0.562, 0.773], fit=[0.13, 0.13, 0.13, 0.131, 0.131, 0.131, 0.131, 0.131, 0.131, 0.131, 0.132, 0.132, 0.132, 0.133, 0.133, 0.134, 0.135, 0.136, 0.137, 0.138, 0.139, 0.141, 0.143, 0.145, 0.148, 0.151, 0.155, 0.159, 0.164, 0.17, 0.177, 0.185, 0.194, 0.204, 0.216, 0.23, 0.245, 0.261, 0.28, 0.3, 0.321, 0.344, 0.368, 0.393, 0.419, 0.445, 0.47, 0.496, 0.52, 0.543, 0.565, 0.586, 0.604, 0.621, 0.637, 0.65, 0.663, 0.673, 0.683, 0.691, 0.698, 0.704, 0.71, 0.714, 0.718, 0.721, 0.724, 0.727, 0.729, 0.73, 0.732, 0.733, 0.734, 0.735, 0.736, 0.736, 0.737, 0.738, 0.738, 0.738, 0.738, 0.739, 0.739, 0.739, 0.739, 0.739, 0.739, 0.74, 0.74, 0.74, 0.74, 0.74, 0.74, 0.74, 0.74, 0.74, 0.74, 0.74, 0.74, 0.74], params=[0.12, -6.89, 0.13, 0.26], fit_error=[0.034, 0.105, 0.118, 0.115, 0.112, 0.092, 0.133, 0.128, 0.043])",[-70.  -8.  -4.  -2.   0.   2.   4.   8.  70.],"[0.14, 0.333, 0.611, 0.5, 0.476, 0.8, 0.533, 0.562, 0.773]","[0.13, 0.13, 0.13, 0.131, 0.131, 0.131, 0.131, 0.131, 0.131, 0.131, 0.132, 0.132, 0.132, 0.133, 0.133, 0.134, 0.135, 0.136, 0.137, 0.138, 0.139, 0.141, 0.143, 0.145, 0.148, 0.151, 0.155, 0.159, 0.164, 0.17, 0.177, 0.185, 0.194, 0.204, 0.216, 0.23, 0.245, 0.261, 0.28, 0.3, 0.321, 0.344, 0.368, 0.393, 0.419, 0.445, 0.47, 0.496, 0.52, 0.543, 0.565, 0.586, 0.604, 0.621, 0.637, 0.65, 0.663, 0.673, 0.683, 0.691, 0.698, 0.704, 0.71, 0.714, 0.718, 0.721, 0.724, 0.727, 0.729, 0.73, 0.732, 0.733, 0.734, 0.735, 0.736, 0.736, 0.737, 0.738, 0.738, 0.738, 0.738, 0.739, 0.739, 0.739, 0.739, 0.739, 0.739, 0.74, 0.74, 0.74, 0.74, 0.74, 0.74, 0.74, 0.74, 0.74, 0.74, 0.74, 0.74, 0.74]","[0.034, 0.105, 0.118, 0.115, 0.112, 0.092, 0.133, 0.128, 0.043]","[0.12, -6.89, 0.13, 0.26]",0.12,-6.89,0.13,0.26,"psych_curve(xdata=array([-70.,  -8.,  -4.,  -2.,   0.,   2.,   4.,   8.,  70.]), ydata=[0.269, 0.6, 0.64, 0.6, 0.619, 0.8, 0.75, 0.882, 0.926], fit=[nan, nan, nan, nan, nan, nan, nan, nan, nan, nan, nan, nan, nan, nan, nan, nan, nan, nan, nan, nan, nan, nan, nan, nan, nan, nan, nan, nan, nan, nan, nan, nan, nan, nan, nan, nan, nan, nan, nan, nan, nan, nan, nan, nan, nan, nan, nan, nan, nan, nan, nan, nan, nan, nan, nan, nan, nan, nan, nan, nan, nan, nan, nan, nan, nan, nan, nan, nan, nan, nan, nan, nan, nan, nan, nan, nan, nan, nan, nan, nan, nan, nan, nan, nan, nan, nan, nan, nan, nan, nan, nan, nan, nan, nan, nan, nan, nan, nan, nan, nan], params=[0.12, -4.87, 0.27, 0.06], fit_error=[0.043, 0.112, 0.098, 0.131, 0.109, 0.082, 0.164, 0.081, 0.027])",[-70.  -8.  -4.  -2.   0.   2.   4.   8.  70.],"[0.14, 0.333, 0.611, 0.5, 0.476, 0.8, 0.533, 0.562, 0.773]","[0.13, 0.13, 0.13, 0.131, 0.131, 0.131, 0.131, 0.131, 0.131, 0.131, 0.132, 0.132, 0.132, 0.133, 0.133, 0.134, 0.135, 0.136, 0.137, 0.138, 0.139, 0.141, 0.143, 0.145, 0.148, 0.151, 0.155, 0.159, 0.164, 0.17, 0.177, 0.185, 0.194, 0.204, 0.216, 0.23, 0.245, 0.261, 0.28, 0.3, 0.321, 0.344, 0.368, 0.393, 0.419, 0.445, 0.47, 0.496, 0.52, 0.543, 0.565, 0.586, 0.604, 0.621, 0.637, 0.65, 0.663, 0.673, 0.683, 0.691, 0.698, 0.704, 0.71, 0.714, 0.718, 0.721, 0.724, 0.727, 0.729, 0.73, 0.732, 0.733, 0.734, 0.735, 0.736, 0.736, 0.737, 0.738, 0.738, 0.738, 0.738, 0.739, 0.739, 0.739, 0.739, 0.739, 0.739, 0.74, 0.74, 0.74, 0.74, 0.74, 0.74, 0.74, 0.74, 0.74, 0.74, 0.74, 0.74, 0.74]","[0.034, 0.105, 0.118, 0.115, 0.112, 0.092, 0.133, 0.128, 0.043]","[0.12, -4.87, 0.27, 0.06]",0.12,-4.87,0.27,0.06,0.0
2025-07-29,1,,21,Bpod6,340,179,161,212,128,259,155,104,163,95,81,24,57,0.7617647058823529,0.8659217877094972,0.6459627329192547,340,179,161,226,155,71,0.7311320754716981,0.5546875,113,56,57,0.2641509433962264,0.4453125,0.7617647058823529,0.8659217877094972,0.6459627329192547,0.8110599078341014,-0.2199590547902425,0.7212389380530974,0.8407079646017699,-0.1194690265486725,0.6429097877358491,0.3547317216981132,0,0,0,0.0,0.0,0.0,259,155,104,647.5,387.5,260.0,0.0,0,0,0,0.5,0.4999999999999998,"psych_curve(xdata=array([-70.,  -8.,  -4.,  -2.,   0.,   2.,   4.,   8.,  70.]), ydata=[0.076, 0.136, 0.312, 0.375, 0.412, 0.571, 0.538, 0.667, 0.677], fit=[0.07, 0.07, 0.07, 0.07, 0.07, 0.07, 0.07, 0.07, 0.07, 0.07, 0.07, 0.07, 0.07, 0.07, 0.07, 0.07, 0.07, 0.07, 0.07, 0.07, 0.07, 0.07, 0.07, 0.07, 0.07, 0.07, 0.07, 0.07, 0.07, 0.07, 0.07, 0.071, 0.071, 0.071, 0.072, 0.073, 0.075, 0.077, 0.081, 0.085, 0.093, 0.103, 0.118, 0.139, 0.167, 0.204, 0.249, 0.303, 0.362, 0.422, 0.479, 0.528, 0.569, 0.6, 0.624, 0.641, 0.653, 0.662, 0.668, 0.672, 0.674, 0.676, 0.677, 0.678, 0.679, 0.679, 0.679, 0.68, 0.68, 0.68, 0.68, 0.68, 0.68, 0.68, 0.68, 0.68, 0.68, 0.68, 0.68, 0.68, 0.68, 0.68, 0.68, 0.68, 0.68, 0.68, 0.68, 0.68, 0.68, 0.68, 0.68, 0.68, 0.68, 0.68, 0.68, 0.68, 0.68, 0.68, 0.68, 0.68], params=[0.28, -1.82, 0.07, 0.32], fit_error=[0.025, 0.075, 0.12, 0.125, 0.123, 0.111, 0.144, 0.114, 0.047])",[-70.  -8.  -4.  -2.   0.   2.   4.   8.  70.],"[0.076, 0.136, 0.312, 0.375, 0.412, 0.571, 0.538, 0.667, 0.677]","[0.07, 0.07, 0.07, 0.07, 0.07, 0.07, 0.07, 0.07, 0.07, 0.07, 0.07, 0.07, 0.07, 0.07, 0.07, 0.07, 0.07, 0.07, 0.07, 0.07, 0.07, 0.07, 0.07, 0.07, 0.07, 0.07, 0.07, 0.07, 0.07, 0.07, 0.07, 0.071, 0.071, 0.071, 0.072, 0.073, 0.075, 0.077, 0.081, 0.085, 0.093, 0.103, 0.118, 0.139, 0.167, 0.204, 0.249, 0.303, 0.362, 0.422, 0.479, 0.528, 0.569, 0.6, 0.624, 0.641, 0.653, 0.662, 0.668, 0.672, 0.674, 0.676, 0.677, 0.678, 0.679, 0.679, 0.679, 0.68, 0.68, 0.68, 0.68, 0.68, 0.68, 0.68, 0.68, 0.68, 0.68, 0.68, 0.68, 0.68, 0.68, 0.68, 0.68, 0.68, 0.68, 0.68, 0.68, 0.68, 0.68, 0.68, 0.68, 0.68, 0.68, 0.68, 0.68, 0.68, 0.68, 0.68, 0.68, 0.68]","[0.025, 0.075, 0.12, 0.125, 0.123, 0.111, 0.144, 0.114, 0.047]","[0.28, -1.82, 0.07, 0.32]",0.28,-1.82,0.07,0.32,"psych_curve(xdata=array([-70.,  -8.,  -4.,  -2.,  -0.,   2.,   4.,   8.,  70.]), ydata=[0.357, 0.263, 0.625, 0.556, 0.647, 0.737, 0.923, 0.81, 0.949], fit=[nan, nan, nan, nan, nan, nan, nan, nan, nan, nan, nan, nan, nan, nan, nan, nan, nan, nan, nan, nan, nan, nan, nan, nan, nan, nan, nan, nan, nan, nan, nan, nan, nan, nan, nan, nan, nan, nan, nan, nan, nan, nan, nan, nan, nan, nan, nan, nan, nan, nan, nan, nan, nan, nan, nan, nan, nan, nan, nan, nan, nan, nan, nan, nan, nan, nan, nan, nan, nan, nan, nan, nan, nan, nan, nan, nan, nan, nan, nan, nan, nan, nan, nan, nan, nan, nan, nan, nan, nan, nan, nan, nan, nan, nan, nan, nan, nan, nan, nan, nan], params=[0.33, -1.56, 0.31, 0.09], fit_error=[0.049, 0.104, 0.125, 0.121, 0.119, 0.104, 0.077, 0.088, 0.02])",[-70.  -8.  -4.  -2.   0.   2.   4.   8.  70.],"[0.076, 0.136, 0.312, 0.375, 0.412, 0.571, 0.538, 0.667, 0.677]","[0.07, 0.07, 0.07, 0.07, 0.07, 0.07, 0.07, 0.07, 0.07, 0.07, 0.07, 0.07, 0.07, 0.07, 0.07, 0.07, 0.07, 0.07, 0.07, 0.07, 0.07, 0.07, 0.07, 0.07, 0.07, 0.07, 0.07, 0.07, 0.07, 0.07, 0.07, 0.071, 0.071, 0.071, 0.072, 0.073, 0.075, 0.077, 0.081, 0.085, 0.093, 0.103, 0.118, 0.139, 0.167, 0.204, 0.249, 0.303, 0.362, 0.422, 0.479, 0.528, 0.569, 0.6, 0.624, 0.641, 0.653, 0.662, 0.668, 0.672, 0.674, 0.676, 0.677, 0.678, 0.679, 0.679, 0.679, 0.68, 0.68, 0.68, 0.68, 0.68, 0.68, 0.68, 0.68, 0.68, 0.68, 0.68, 0.68, 0.68, 0.68, 0.68, 0.68, 0.68, 0.68, 0.68, 0.68, 0.68, 0.68, 0.68, 0.68, 0.68, 0.68, 0.68, 0.68, 0.68, 0.68, 0.68, 0.68, 0.68]","[0.025, 0.075, 0.12, 0.125, 0.123, 0.111, 0.144, 0.114, 0.047]","[0.33, -1.56, 0.31, 0.09]",0.33,-1.56,0.31,0.09,1.0
2025-07-31,3,,21,Bpod6,336,184,152,202,130,240,146,94,130,107,92,36,56,0.7142857142857143,0.7934782608695652,0.618421052631579,332,182,150,195,132,63,0.6534653465346535,0.4846153846153846,133,67,66,0.3316831683168317,0.5076923076923077,0.7228915662650602,0.8021978021978022,0.6266666666666667,0.8125,-0.1755311355311355,0.6666666666666666,0.8045112781954887,-0.1378446115288221,0.569040365575019,0.4196877380045697,4,2,2,0.0119047619047619,0.0108695652173913,0.0131578947368421,240,146,94,600.0,365.0,235.0,0.0,0,0,0,0.5,0.4999999999999998,"psych_curve(xdata=array([-70.,  -8.,  -4.,  -2.,   0.,   2.,   4.,   8.,  70.]), ydata=[0.102, 0.4, 0.167, 0.348, 0.609, 0.529, 0.353, 0.588, 0.7], fit=[0.11, 0.11, 0.11, 0.11, 0.111, 0.111, 0.111, 0.111, 0.111, 0.111, 0.111, 0.112, 0.112, 0.112, 0.113, 0.113, 0.114, 0.114, 0.115, 0.116, 0.117, 0.118, 0.119, 0.121, 0.123, 0.125, 0.127, 0.13, 0.133, 0.137, 0.141, 0.146, 0.152, 0.158, 0.166, 0.174, 0.183, 0.194, 0.206, 0.219, 0.233, 0.249, 0.266, 0.285, 0.305, 0.325, 0.347, 0.369, 0.392, 0.415, 0.438, 0.46, 0.482, 0.503, 0.523, 0.542, 0.559, 0.575, 0.59, 0.603, 0.615, 0.626, 0.635, 0.644, 0.651, 0.658, 0.663, 0.668, 0.673, 0.676, 0.68, 0.683, 0.685, 0.687, 0.689, 0.691, 0.692, 0.693, 0.694, 0.695, 0.696, 0.696, 0.697, 0.697, 0.698, 0.698, 0.698, 0.699, 0.699, 0.699, 0.699, 0.699, 0.699, 0.699, 0.699, 0.7, 0.7, 0.7, 0.7, 0.7], params=[0.11, -1.33, 0.11, 0.3], fit_error=[0.028, 0.131, 0.112, 0.102, 0.104, 0.125, 0.119, 0.123, 0.049])",[-70.  -8.  -4.  -2.   0.   2.   4.   8.  70.],"[0.102, 0.4, 0.167, 0.348, 0.609, 0.529, 0.353, 0.588, 0.7]","[0.11, 0.11, 0.11, 0.11, 0.111, 0.111, 0.111, 0.111, 0.111, 0.111, 0.111, 0.112, 0.112, 0.112, 0.113, 0.113, 0.114, 0.114, 0.115, 0.116, 0.117, 0.118, 0.119, 0.121, 0.123, 0.125, 0.127, 0.13, 0.133, 0.137, 0.141, 0.146, 0.152, 0.158, 0.166, 0.174, 0.183, 0.194, 0.206, 0.219, 0.233, 0.249, 0.266, 0.285, 0.305, 0.325, 0.347, 0.369, 0.392, 0.415, 0.438, 0.46, 0.482, 0.503, 0.523, 0.542, 0.559, 0.575, 0.59, 0.603, 0.615, 0.626, 0.635, 0.644, 0.651, 0.658, 0.663, 0.668, 0.673, 0.676, 0.68, 0.683, 0.685, 0.687, 0.689, 0.691, 0.692, 0.693, 0.694, 0.695, 0.696, 0.696, 0.697, 0.697, 0.698, 0.698, 0.698, 0.699, 0.699, 0.699, 0.699, 0.699, 0.699, 0.699, 0.699, 0.7, 0.7, 0.7, 0.7, 0.7]","[0.028, 0.131, 0.112, 0.102, 0.104, 0.125, 0.119, 0.123, 0.049]","[0.11, -1.33, 0.11, 0.3]",0.11,-1.33,0.11,0.3,"psych_curve(xdata=array([-70.,  -8.,  -4.,  -2.,  -0.,   2.,   4.,   8.,  70.]), ydata=[0.275, 0.5, 0.625, 0.48, 0.565, 0.733, 0.818, 0.714, 0.894], fit=[nan, nan, nan, nan, nan, nan, nan, nan, nan, nan, nan, nan, nan, nan, nan, nan, nan, nan, nan, nan, nan, nan, nan, nan, nan, nan, nan, nan, nan, nan, nan, nan, nan, nan, nan, nan, nan, nan, nan, nan, nan, nan, nan, nan, nan, nan, nan, nan, nan, nan, nan, nan, nan, nan, nan, nan, nan, nan, nan, nan, nan, nan, nan, nan, nan, nan, nan, nan, nan, nan, nan, nan, nan, nan, nan, nan, nan, nan, nan, nan, nan, nan, nan, nan, nan, nan, nan, nan, nan, nan, nan, nan, nan, nan, nan, nan, nan, nan, nan, nan], params=[0.13, -2.6, 0.28, 0.11], fit_error=[0.044, 0.121, 0.125, 0.102, 0.106, 0.118, 0.122, 0.125, 0.03])",[-70.  -8.  -4.  -2.   0.   2.   4.   8.  70.],"[0.102, 0.4, 0.167, 0.348, 0.609, 0.529, 0.353, 0.588, 0.7]","[0.11, 0.11, 0.11, 0.11, 0.111, 0.111, 0.111, 0.111, 0.111, 0.111, 0.111, 0.112, 0.112, 0.112, 0.113, 0.113, 0.114, 0.114, 0.115, 0.116, 0.117, 0.118, 0.119, 0.121, 0.123, 0.125, 0.127, 0.13, 0.133, 0.137, 0.141, 0.146, 0.152, 0.158, 0.166, 0.174, 0.183, 0.194, 0.206, 0.219, 0.233, 0.249, 0.266, 0.285, 0.305, 0.325, 0.347, 0.369, 0.392, 0.415, 0.438, 0.46, 0.482, 0.503, 0.523, 0.542, 0.559, 0.575, 0.59, 0.603, 0.615, 0.626, 0.635, 0.644, 0.651, 0.658, 0.663, 0.668, 0.673, 0.676, 0.68, 0.683, 0.685, 0.687, 0.689, 0.691, 0.692, 0.693, 0.694, 0.695, 0.696, 0.696, 0.697, 0.697, 0.698, 0.698, 0.698, 0.699, 0.699, 0.699, 0.699, 0.699, 0.699, 0.699, 0.699, 0.7, 0.7, 0.7, 0.7, 0.7]","[0.028, 0.131, 0.112, 0.102, 0.104, 0.125, 0.119, 0.123, 0.049]","[0.13, -2.6, 0.28, 0.11]",0.13,-2.6,0.28,0.11,0.0
2025-08-01,4,,21,Bpod6,324,162,162,238,82,191,134,57,132,55,129,25,104,0.5895061728395061,0.8271604938271605,0.3518518518518518,320,159,161,241,197,44,0.8277310924369747,0.5365853658536586,75,38,37,0.1596638655462184,0.4512195121951219,0.596875,0.8427672955974843,0.3540372670807453,0.6359649122807017,-0.4887300285167389,0.5477178423236515,0.7333333333333333,-0.1856154910096817,0.6821582291453167,0.3054416888706702,4,3,1,0.0123456790123456,0.0185185185185185,0.0061728395061728,191,134,57,477.5,335.0,142.5,0.0,0,0,0,0.5,0.4999999999999998,"psych_curve(xdata=array([-70.,  -8.,  -4.,  -2.,   0.,   2.,   4.,   8.,  70.]), ydata=[0.101, 0.077, 0.385, 0.35, 0.214, 0.214, 0.286, 0.273, 0.395], fit=[0.093, 0.093, 0.093, 0.094, 0.094, 0.094, 0.095, 0.095, 0.096, 0.097, 0.097, 0.098, 0.099, 0.1, 0.101, 0.102, 0.103, 0.104, 0.106, 0.107, 0.109, 0.111, 0.113, 0.115, 0.117, 0.12, 0.122, 0.125, 0.129, 0.132, 0.136, 0.14, 0.144, 0.148, 0.153, 0.158, 0.164, 0.169, 0.175, 0.181, 0.188, 0.194, 0.201, 0.208, 0.215, 0.223, 0.23, 0.237, 0.245, 0.252, 0.26, 0.267, 0.274, 0.281, 0.288, 0.294, 0.301, 0.307, 0.313, 0.318, 0.323, 0.328, 0.333, 0.337, 0.342, 0.346, 0.349, 0.352, 0.356, 0.359, 0.361, 0.364, 0.366, 0.368, 0.37, 0.372, 0.373, 0.375, 0.376, 0.377, 0.379, 0.38, 0.381, 0.381, 0.382, 0.383, 0.384, 0.384, 0.385, 0.385, 0.386, 0.386, 0.386, 0.387, 0.387, 0.387, 0.388, 0.388, 0.388, 0.388], params=[0.07, -3.05, 0.09, 0.61], fit_error=[0.029, 0.077, 0.14, 0.109, 0.114, 0.114, 0.184, 0.141, 0.045])",[-70.  -8.  -4.  -2.   0.   2.   4.   8.  70.],"[0.101, 0.077, 0.385, 0.35, 0.214, 0.214, 0.286, 0.273, 0.395]","[0.093, 0.093, 0.093, 0.094, 0.094, 0.094, 0.095, 0.095, 0.096, 0.097, 0.097, 0.098, 0.099, 0.1, 0.101, 0.102, 0.103, 0.104, 0.106, 0.107, 0.109, 0.111, 0.113, 0.115, 0.117, 0.12, 0.122, 0.125, 0.129, 0.132, 0.136, 0.14, 0.144, 0.148, 0.153, 0.158, 0.164, 0.169, 0.175, 0.181, 0.188, 0.194, 0.201, 0.208, 0.215, 0.223, 0.23, 0.237, 0.245, 0.252, 0.26, 0.267, 0.274, 0.281, 0.288, 0.294, 0.301, 0.307, 0.313, 0.318, 0.323, 0.328, 0.333, 0.337, 0.342, 0.346, 0.349, 0.352, 0.356, 0.359, 0.361, 0.364, 0.366, 0.368, 0.37, 0.372, 0.373, 0.375, 0.376, 0.377, 0.379, 0.38, 0.381, 0.381, 0.382, 0.383, 0.384, 0.384, 0.385, 0.385, 0.386, 0.386, 0.386, 0.387, 0.387, 0.387, 0.388, 0.388, 0.388, 0.388]","[0.029, 0.077, 0.14, 0.109, 0.114, 0.114, 0.184, 0.141, 0.045]","[0.07, -3.05, 0.09, 0.61]",0.07,-3.05,0.09,0.61,"psych_curve(xdata=array([-70.,  -8.,  -4.,  -2.,  -0.,   2.,   4.,   8.,  70.]), ydata=[0.627, 0.455, 0.7, 0.941, 0.769, 0.875, 0.7, 0.692, 0.917], fit=[nan, nan, nan, nan, nan, nan, nan, nan, nan, nan, nan, nan, nan, nan, nan, nan, nan, nan, nan, nan, nan, nan, nan, nan, nan, nan, nan, nan, nan, nan, nan, nan, nan, nan, nan, nan, nan, nan, nan, nan, nan, nan, nan, nan, nan, nan, nan, nan, nan, nan, nan, nan, nan, nan, nan, nan, nan, nan, nan, nan, nan, nan, nan, nan, nan, nan, nan, nan, nan, nan, nan, nan, nan, nan, nan, nan, nan, nan, nan, nan, nan, nan, nan, nan, nan, nan, nan, nan, nan, nan, nan, nan, nan, nan, nan, nan, nan, nan, nan, nan], params=[7.59, -4.04, 0.54, 0.18], fit_error=[0.045, 0.157, 0.153, 0.059, 0.122, 0.085, 0.153, 0.133, 0.027])",[-70.  -8.  -4.  -2.   0.   2.   4.   8.  70.],"[0.101, 0.077, 0.385, 0.35, 0.214, 0.214, 0.286, 0.273, 0.395]","[0.093, 0.093, 0.093, 0.094, 0.094, 0.094, 0.095, 0.095, 0.096, 0.097, 0.097, 0.098, 0.099, 0.1, 0.101, 0.102, 0.103, 0.104, 0.106, 0.107, 0.109, 0.111, 0.113, 0.115, 0.117, 0.12, 0.122, 0.125, 0.129, 0.132, 0.136, 0.14, 0.144, 0.148, 0.153, 0.158, 0.164, 0.169, 0.175, 0.181, 0.188, 0.194, 0.201, 0.208, 0.215, 0.223, 0.23, 0.237, 0.245, 0.252, 0.26, 0.267, 0.274, 0.281, 0.288, 0.294, 0.301, 0.307, 0.313, 0.318, 0.323, 0.328, 0.333, 0.337, 0.342, 0.346, 0.349, 0.352, 0.356, 0.359, 0.361, 0.364, 0.366, 0.368, 0.37, 0.372, 0.373, 0.375, 0.376, 0.377, 0.379, 0.38, 0.381, 0.381, 0.382, 0.383, 0.384, 0.384, 0.385, 0.385, 0.386, 0.386, 0.386, 0.387, 0.387, 0.387, 0.388, 0.388, 0.388, 0.388]","[0.029, 0.077, 0.14, 0.109, 0.114, 0.114, 0.184, 0.141, 0.045]","[7.59, -4.04, 0.54, 0.18]",7.59,-4.04,0.54,0.18,1.0
2025-08-07,3,,21,Bpod6,335,172,163,142,193,239,109,130,140,98,96,63,33,0.7134328358208956,0.6337209302325582,0.7975460122699386,335,172,163,213,81,132,0.5704225352112676,0.6839378238341969,121,60,61,0.4225352112676056,0.3160621761658031,0.7134328358208956,0.6337209302325582,0.7975460122699386,0.7692307692307693,0.1638250820373804,0.6572769953051644,0.8099173553719008,-0.1526403600667364,0.6271801795227323,0.3692986937167044,0,0,0,0.0,0.0,0.0,239,109,130,597.5,272.5,325.0,0.0,0,0,0,0.5,0.4999999999999998,"psych_curve(xdata=array([-70.,  -8.,  -4.,  -2.,   0.,   2.,   4.,   8.,  70.]), ydata=[0.283, 0.765, 0.353, 0.4, 0.571, 0.727, 0.842, 0.8, 0.832], fit=[0.45, 0.45, 0.45, 0.45, 0.45, 0.45, 0.45, 0.45, 0.45, 0.45, 0.45, 0.45, 0.45, 0.45, 0.45, 0.45, 0.45, 0.45, 0.45, 0.45, 0.45, 0.45, 0.45, 0.45, 0.45, 0.45, 0.45, 0.45, 0.45, 0.45, 0.45, 0.45, 0.45, 0.45, 0.45, 0.45, 0.45, 0.45, 0.45, 0.45, 0.45, 0.45, 0.45, 0.45, 0.45, 0.45, 0.45, 0.452, 0.459, 0.497, 0.616, 0.753, 0.806, 0.817, 0.82, 0.82, 0.82, 0.82, 0.82, 0.82, 0.82, 0.82, 0.82, 0.82, 0.82, 0.82, 0.82, 0.82, 0.82, 0.82, 0.82, 0.82, 0.82, 0.82, 0.82, 0.82, 0.82, 0.82, 0.82, 0.82, 0.82, 0.82, 0.82, 0.82, 0.82, 0.82, 0.82, 0.82, 0.82, 0.82, 0.82, 0.82, 0.82, 0.82, 0.82, 0.82, 0.82, 0.82, 0.82, 0.82], params=[1.22, 0.88, 0.45, 0.18], fit_error=[0.041, 0.106, 0.119, 0.163, 0.137, 0.097, 0.086, 0.107, 0.037])",[-70.  -8.  -4.  -2.   0.   2.   4.   8.  70.],"[0.283, 0.765, 0.353, 0.4, 0.571, 0.727, 0.842, 0.8, 0.832]","[0.45, 0.45, 0.45, 0.45, 0.45, 0.45, 0.45, 0.45, 0.45, 0.45, 0.45, 0.45, 0.45, 0.45, 0.45, 0.45, 0.45, 0.45, 0.45, 0.45, 0.45, 0.45, 0.45, 0.45, 0.45, 0.45, 0.45, 0.45, 0.45, 0.45, 0.45, 0.45, 0.45, 0.45, 0.45, 0.45, 0.45, 0.45, 0.45, 0.45, 0.45, 0.45, 0.45, 0.45, 0.45, 0.45, 0.45, 0.452, 0.459, 0.497, 0.616, 0.753, 0.806, 0.817, 0.82, 0.82, 0.82, 0.82, 0.82, 0.82, 0.82, 0.82, 0.82, 0.82, 0.82, 0.82, 0.82, 0.82, 0.82, 0.82, 0.82, 0.82, 0.82, 0.82, 0.82, 0.82, 0.82, 0.82, 0.82, 0.82, 0.82, 0.82, 0.82, 0.82, 0.82, 0.82, 0.82, 0.82, 0.82, 0.82, 0.82, 0.82, 0.82, 0.82, 0.82, 0.82, 0.82, 0.82, 0.82, 0.82]","[0.041, 0.106, 0.119, 0.163, 0.137, 0.097, 0.086, 0.107, 0.037]","[1.22, 0.88, 0.45, 0.18]",1.22,0.88,0.45,0.18,"psych_curve(xdata=array([-70.,  -8.,  -4.,  -2.,  -0.,   2.,   4.,   8.,  70.]), ydata=[0.38, 0.526, 0.286, 0.5, 0.714, 0.929, 0.773, 0.538, 0.911], fit=[nan, nan, nan, nan, nan, nan, nan, nan, nan, nan, nan, nan, nan, nan, nan, nan, nan, nan, nan, nan, nan, nan, nan, nan, nan, nan, nan, nan, nan, nan, nan, nan, nan, nan, nan, nan, nan, nan, nan, nan, nan, nan, nan, nan, nan, nan, nan, nan, nan, nan, nan, nan, nan, nan, nan, nan, nan, nan, nan, nan, nan, nan, nan, nan, nan, nan, nan, nan, nan, nan, nan, nan, nan, nan, nan, nan, nan, nan, nan, nan, nan, nan, nan, nan, nan, nan, nan, nan, nan, nan, nan, nan, nan, nan, nan, nan, nan, nan, nan, nan], params=[1.66, -1.22, 0.4, 0.22], fit_error=[0.047, 0.118, 0.125, 0.121, 0.125, 0.071, 0.091, 0.144, 0.027])",[-70.  -8.  -4.  -2.   0.   2.   4.   8.  70.],"[0.283, 0.765, 0.353, 0.4, 0.571, 0.727, 0.842, 0.8, 0.832]","[0.45, 0.45, 0.45, 0.45, 0.45, 0.45, 0.45, 0.45, 0.45, 0.45, 0.45, 0.45, 0.45, 0.45, 0.45, 0.45, 0.45, 0.45, 0.45, 0.45, 0.45, 0.45, 0.45, 0.45, 0.45, 0.45, 0.45, 0.45, 0.45, 0.45, 0.45, 0.45, 0.45, 0.45, 0.45, 0.45, 0.45, 0.45, 0.45, 0.45, 0.45, 0.45, 0.45, 0.45, 0.45, 0.45, 0.45, 0.452, 0.459, 0.497, 0.616, 0.753, 0.806, 0.817, 0.82, 0.82, 0.82, 0.82, 0.82, 0.82, 0.82, 0.82, 0.82, 0.82, 0.82, 0.82, 0.82, 0.82, 0.82, 0.82, 0.82, 0.82, 0.82, 0.82, 0.82, 0.82, 0.82, 0.82, 0.82, 0.82, 0.82, 0.82, 0.82, 0.82, 0.82, 0.82, 0.82, 0.82, 0.82, 0.82, 0.82, 0.82, 0.82, 0.82, 0.82, 0.82, 0.82, 0.82, 0.82, 0.82]","[0.041, 0.106, 0.119, 0.163, 0.137, 0.097, 0.086, 0.107, 0.037]","[1.66, -1.22, 0.4, 0.22]",1.66,-1.22,0.4,0.22,0.0
2025-08-08,4,,21,Bpod6,319,155,164,87,231,176,50,126,136,40,142,105,37,0.5517241379310345,0.3225806451612903,0.7682926829268293,318,155,163,261,59,202,0.6781609195402298,0.8744588744588745,56,28,28,0.3218390804597701,0.1212121212121212,0.5534591194968553,0.3225806451612903,0.7730061349693251,0.5862068965517241,0.4504254898080348,0.5210727969348659,0.7142857142857143,-0.1932129173508484,0.7763098969995521,0.2215256008359456,1,0,1,0.0031347962382445,0.0,0.0060975609756097,176,50,126,440.0,125.0,315.0,0.0,0,0,0,0.5,0.4999999999999998,"psych_curve(xdata=array([-70.,  -8.,  -4.,  -2.,   0.,   2.,   4.,   8.,  70.]), ydata=[0.626, 0.643, 0.833, 0.812, 0.75, 0.647, 0.75, 0.857, 0.788], fit=[0.63, 0.63, 0.63, 0.63, 0.63, 0.63, 0.63, 0.63, 0.63, 0.63, 0.63, 0.63, 0.63, 0.63, 0.63, 0.63, 0.63, 0.63, 0.63, 0.63, 0.63, 0.63, 0.63, 0.63, 0.63, 0.63, 0.63, 0.63, 0.63, 0.63, 0.63, 0.63, 0.63, 0.63, 0.63, 0.63, 0.63, 0.63, 0.63, 0.63, 0.63, 0.63, 0.63, 0.63, 0.665, 0.778, 0.78, 0.78, 0.78, 0.78, 0.78, 0.78, 0.78, 0.78, 0.78, 0.78, 0.78, 0.78, 0.78, 0.78, 0.78, 0.78, 0.78, 0.78, 0.78, 0.78, 0.78, 0.78, 0.78, 0.78, 0.78, 0.78, 0.78, 0.78, 0.78, 0.78, 0.78, 0.78, 0.78, 0.78, 0.78, 0.78, 0.78, 0.78, 0.78, 0.78, 0.78, 0.78, 0.78, 0.78, 0.78, 0.78, 0.78, 0.78, 0.78, 0.78, 0.78, 0.78, 0.78, 0.78], params=[3.8, -7.46, 0.63, 0.22], fit_error=[0.049, 0.133, 0.09, 0.101, 0.112, 0.119, 0.099, 0.097, 0.04])",[-70.  -8.  -4.  -2.   0.   2.   4.   8.  70.],"[0.626, 0.643, 0.833, 0.812, 0.75, 0.647, 0.75, 0.857, 0.788]","[0.63, 0.63, 0.63, 0.63, 0.63, 0.63, 0.63, 0.63, 0.63, 0.63, 0.63, 0.63, 0.63, 0.63, 0.63, 0.63, 0.63, 0.63, 0.63, 0.63, 0.63, 0.63, 0.63, 0.63, 0.63, 0.63, 0.63, 0.63, 0.63, 0.63, 0.63, 0.63, 0.63, 0.63, 0.63, 0.63, 0.63, 0.63, 0.63, 0.63, 0.63, 0.63, 0.63, 0.63, 0.665, 0.778, 0.78, 0.78, 0.78, 0.78, 0.78, 0.78, 0.78, 0.78, 0.78, 0.78, 0.78, 0.78, 0.78, 0.78, 0.78, 0.78, 0.78, 0.78, 0.78, 0.78, 0.78, 0.78, 0.78, 0.78, 0.78, 0.78, 0.78, 0.78, 0.78, 0.78, 0.78, 0.78, 0.78, 0.78, 0.78, 0.78, 0.78, 0.78, 0.78, 0.78, 0.78, 0.78, 0.78, 0.78, 0.78, 0.78, 0.78, 0.78, 0.78, 0.78, 0.78, 0.78, 0.78, 0.78]","[0.049, 0.133, 0.09, 0.101, 0.112, 0.119, 0.099, 0.097, 0.04]","[3.8, -7.46, 0.63, 0.22]",3.8,-7.46,0.63,0.22,"psych_curve(xdata=array([-70.,  -8.,  -4.,  -2.,  -0.,   2.,   4.,   8.,  70.]), ydata=[0.724, 0.615, 0.882, 0.826, 0.938, 1.0, 0.762, 0.8, 0.928], fit=[nan, nan, nan, nan, nan, nan, nan, nan, nan, nan, nan, nan, nan, nan, nan, nan, nan, nan, nan, nan, nan, nan, nan, nan, nan, nan, nan, nan, nan, nan, nan, nan, nan, nan, nan, nan, nan, nan, nan, nan, nan, nan, nan, nan, nan, nan, nan, nan, nan, nan, nan, nan, nan, nan, nan, nan, nan, nan, nan, nan, nan, nan, nan, nan, nan, nan, nan, nan, nan, nan, nan, nan, nan, nan, nan, nan, nan, nan, nan, nan, nan, nan, nan, nan, nan, nan, nan, nan, nan, nan, nan, nan, nan, nan, nan, nan, nan, nan, nan, nan], params=[6.53, -5.62, 0.67, 0.12], fit_error=[0.044, 0.14, 0.081, 0.081, 0.062, 0.0, 0.095, 0.107, 0.026])",[-70.  -8.  -4.  -2.   0.   2.   4.   8.  70.],"[0.626, 0.643, 0.833, 0.812, 0.75, 0.647, 0.75, 0.857, 0.788]","[0.63, 0.63, 0.63, 0.63, 0.63, 0.63, 0.63, 0.63, 0.63, 0.63, 0.63, 0.63, 0.63, 0.63, 0.63, 0.63, 0.63, 0.63, 0.63, 0.63, 0.63, 0.63, 0.63, 0.63, 0.63, 0.63, 0.63, 0.63, 0.63, 0.63, 0.63, 0.63, 0.63, 0.63, 0.63, 0.63, 0.63, 0.63, 0.63, 0.63, 0.63, 0.63, 0.63, 0.63, 0.665, 0.778, 0.78, 0.78, 0.78, 0.78, 0.78, 0.78, 0.78, 0.78, 0.78, 0.78, 0.78, 0.78, 0.78, 0.78, 0.78, 0.78, 0.78, 0.78, 0.78, 0.78, 0.78, 0.78, 0.78, 0.78, 0.78, 0.78, 0.78, 0.78, 0.78, 0.78, 0.78, 0.78, 0.78, 0.78, 0.78, 0.78, 0.78, 0.78, 0.78, 0.78, 0.78, 0.78, 0.78, 0.78, 0.78, 0.78, 0.78, 0.78, 0.78, 0.78, 0.78, 0.78, 0.78, 0.78]","[0.049, 0.133, 0.09, 0.101, 0.112, 0.119, 0.099, 0.097, 0.04]","[6.53, -5.62, 0.67, 0.12]",6.53,-5.62,0.67,0.12,1.0
2025-08-11,0,,21,Bpod6,337,168,169,129,208,248,104,144,134,114,89,64,25,0.7359050445103857,0.6190476190476191,0.8520710059171598,337,168,169,201,61,140,0.4728682170542636,0.6730769230769231,135,67,68,0.5193798449612403,0.3269230769230769,0.7359050445103857,0.6190476190476191,0.8520710059171598,0.8203883495145631,0.2330233868695407,0.6666666666666666,0.8444444444444444,-0.1777777777777778,0.5729725700655933,0.4231514609421586,0,0,0,0.0,0.0,0.0,248,104,144,620.0,260.0,360.0,0.0,0,0,0,0.5,0.4999999999999998,"psych_curve(xdata=array([-70.,  -8.,  -4.,  -2.,   0.,   2.,   4.,   8.,  70.]), ydata=[0.241, 0.4, 0.688, 0.778, 0.8, 0.85, 0.792, 0.778, 0.894], fit=[0.24, 0.24, 0.24, 0.24, 0.24, 0.24, 0.24, 0.24, 0.24, 0.24, 0.24, 0.24, 0.24, 0.24, 0.24, 0.24, 0.24, 0.24, 0.24, 0.24, 0.24, 0.24, 0.24, 0.24, 0.24, 0.24, 0.24, 0.24, 0.24, 0.24, 0.24, 0.24, 0.24, 0.24, 0.24, 0.24, 0.241, 0.241, 0.243, 0.245, 0.251, 0.264, 0.289, 0.336, 0.414, 0.519, 0.628, 0.715, 0.77, 0.801, 0.816, 0.823, 0.827, 0.829, 0.829, 0.83, 0.83, 0.83, 0.83, 0.83, 0.83, 0.83, 0.83, 0.83, 0.83, 0.83, 0.83, 0.83, 0.83, 0.83, 0.83, 0.83, 0.83, 0.83, 0.83, 0.83, 0.83, 0.83, 0.83, 0.83, 0.83, 0.83, 0.83, 0.83, 0.83, 0.83, 0.83, 0.83, 0.83, 0.83, 0.83, 0.83, 0.83, 0.83, 0.83, 0.83, 0.83, 0.83, 0.83, 0.83], params=[0.54, -6.16, 0.24, 0.17], fit_error=[0.041, 0.131, 0.12, 0.101, 0.092, 0.082, 0.085, 0.101, 0.032])",[-70.  -8.  -4.  -2.   0.   2.   4.   8.  70.],"[0.241, 0.4, 0.688, 0.778, 0.8, 0.85, 0.792, 0.778, 0.894]","[0.24, 0.24, 0.24, 0.24, 0.24, 0.24, 0.24, 0.24, 0.24, 0.24, 0.24, 0.24, 0.24, 0.24, 0.24, 0.24, 0.24, 0.24, 0.24, 0.24, 0.24, 0.24, 0.24, 0.24, 0.24, 0.24, 0.24, 0.24, 0.24, 0.24, 0.24, 0.24, 0.24, 0.24, 0.24, 0.24, 0.241, 0.241, 0.243, 0.245, 0.251, 0.264, 0.289, 0.336, 0.414, 0.519, 0.628, 0.715, 0.77, 0.801, 0.816, 0.823, 0.827, 0.829, 0.829, 0.83, 0.83, 0.83, 0.83, 0.83, 0.83, 0.83, 0.83, 0.83, 0.83, 0.83, 0.83, 0.83, 0.83, 0.83, 0.83, 0.83, 0.83, 0.83, 0.83, 0.83, 0.83, 0.83, 0.83, 0.83, 0.83, 0.83, 0.83, 0.83, 0.83, 0.83, 0.83, 0.83, 0.83, 0.83, 0.83, 0.83, 0.83, 0.83, 0.83, 0.83, 0.83, 0.83, 0.83, 0.83]","[0.041, 0.131, 0.12, 0.101, 0.092, 0.082, 0.085, 0.101, 0.032]","[0.54, -6.16, 0.24, 0.17]",0.54,-6.16,0.24,0.17,"psych_curve(xdata=array([-70.,  -8.,  -4.,  -2.,   0.,   2.,   4.,   8.,  70.]), ydata=[0.268, 0.348, 0.588, 0.667, 0.65, 0.824, 0.739, 0.8, 0.935], fit=[nan, nan, nan, nan, nan, nan, nan, nan, nan, nan, nan, nan, nan, nan, nan, nan, nan, nan, nan, nan, nan, nan, nan, nan, nan, nan, nan, nan, nan, nan, nan, nan, nan, nan, nan, nan, nan, nan, nan, nan, nan, nan, nan, nan, nan, nan, nan, nan, nan, nan, nan, nan, nan, nan, nan, nan, nan, nan, nan, nan, nan, nan, nan, nan, nan, nan, nan, nan, nan, nan, nan, nan, nan, nan, nan, nan, nan, nan, nan, nan, nan, nan, nan, nan, nan, nan, nan, nan, nan, nan, nan, nan, nan, nan, nan, nan, nan, nan, nan, nan], params=[0.25, -3.56, 0.25, 0.12], fit_error=[0.042, 0.102, 0.123, 0.105, 0.109, 0.095, 0.094, 0.133, 0.026])",[-70.  -8.  -4.  -2.   0.   2.   4.   8.  70.],"[0.241, 0.4, 0.688, 0.778, 0.8, 0.85, 0.792, 0.778, 0.894]","[0.24, 0.24, 0.24, 0.24, 0.24, 0.24, 0.24, 0.24, 0.24, 0.24, 0.24, 0.24, 0.24, 0.24, 0.24, 0.24, 0.24, 0.24, 0.24, 0.24, 0.24, 0.24, 0.24, 0.24, 0.24, 0.24, 0.24, 0.24, 0.24, 0.24, 0.24, 0.24, 0.24, 0.24, 0.24, 0.24, 0.241, 0.241, 0.243, 0.245, 0.251, 0.264, 0.289, 0.336, 0.414, 0.519, 0.628, 0.715, 0.77, 0.801, 0.816, 0.823, 0.827, 0.829, 0.829, 0.83, 0.83, 0.83, 0.83, 0.83, 0.83, 0.83, 0.83, 0.83, 0.83, 0.83, 0.83, 0.83, 0.83, 0.83, 0.83, 0.83, 0.83, 0.83, 0.83, 0.83, 0.83, 0.83, 0.83, 0.83, 0.83, 0.83, 0.83, 0.83, 0.83, 0.83, 0.83, 0.83, 0.83, 0.83, 0.83, 0.83, 0.83, 0.83, 0.83, 0.83, 0.83, 0.83, 0.83, 0.83]","[0.041, 0.131, 0.12, 0.101, 0.092, 0.082, 0.085, 0.101, 0.032]","[0.25, -3.56, 0.25, 0.12]",0.25,-3.56,0.25,0.12,0.0
2025-08-12,1,,21,Bpod6,319,162,157,48,269,174,33,141,139,34,143,128,15,0.5454545454545454,0.2037037037037037,0.8980891719745223,317,161,156,263,22,241,0.4583333333333333,0.895910780669145,52,26,26,0.5416666666666666,0.0966542750929368,0.5488958990536278,0.2049689440993788,0.903846153846154,0.6190476190476191,0.698877209746775,0.5285171102661597,0.6538461538461539,-0.1253290435799942,0.6771220570012392,0.3191604708798017,2,1,1,0.006269592476489,0.0061728395061728,0.0063694267515923,174,33,141,435.0,82.5,352.5,0.0,0,0,0,0.5,0.4999999999999998,"psych_curve(xdata=array([-70.,  -8.,  -4.,  -2.,   0.,   2.,   4.,   8.,  70.]), ydata=[0.725, 0.909, 0.923, 0.867, 1.0, 0.727, 0.769, 0.857, 0.944], fit=[0.88, 0.88, 0.88, 0.88, 0.88, 0.88, 0.88, 0.88, 0.88, 0.88, 0.88, 0.88, 0.88, 0.88, 0.88, 0.88, 0.88, 0.88, 0.88, 0.88, 0.88, 0.88, 0.88, 0.88, 0.88, 0.88, 0.88, 0.88, 0.88, 0.88, 0.88, 0.88, 0.88, 0.88, 0.88, 0.88, 0.88, 0.88, 0.88, 0.88, 0.88, 0.88, 0.88, 0.88, 0.88, 0.88, 0.88, 0.88, 0.88, 0.88, 0.878, 0.82, 0.82, 0.82, 0.82, 0.82, 0.82, 0.82, 0.82, 0.82, 0.82, 0.82, 0.82, 0.82, 0.82, 0.82, 0.82, 0.82, 0.82, 0.82, 0.82, 0.82, 0.82, 0.82, 0.82, 0.82, 0.82, 0.82, 0.82, 0.82, 0.82, 0.82, 0.82, 0.82, 0.82, 0.82, 0.82, 0.82, 0.82, 0.82, 0.82, 0.82, 0.82, 0.82, 0.82, 0.82, 0.82, 0.82, 0.82, 0.82], params=[12.3, 0.98, 0.88, 0.18], fit_error=[0.044, 0.063, 0.077, 0.091, 0.0, 0.141, 0.122, 0.078, 0.022])",[-70.  -8.  -4.  -2.   0.   2.   4.   8.  70.],"[0.725, 0.909, 0.923, 0.867, 1.0, 0.727, 0.769, 0.857, 0.944]","[0.88, 0.88, 0.88, 0.88, 0.88, 0.88, 0.88, 0.88, 0.88, 0.88, 0.88, 0.88, 0.88, 0.88, 0.88, 0.88, 0.88, 0.88, 0.88, 0.88, 0.88, 0.88, 0.88, 0.88, 0.88, 0.88, 0.88, 0.88, 0.88, 0.88, 0.88, 0.88, 0.88, 0.88, 0.88, 0.88, 0.88, 0.88, 0.88, 0.88, 0.88, 0.88, 0.88, 0.88, 0.88, 0.88, 0.88, 0.88, 0.88, 0.88, 0.878, 0.82, 0.82, 0.82, 0.82, 0.82, 0.82, 0.82, 0.82, 0.82, 0.82, 0.82, 0.82, 0.82, 0.82, 0.82, 0.82, 0.82, 0.82, 0.82, 0.82, 0.82, 0.82, 0.82, 0.82, 0.82, 0.82, 0.82, 0.82, 0.82, 0.82, 0.82, 0.82, 0.82, 0.82, 0.82, 0.82, 0.82, 0.82, 0.82, 0.82, 0.82, 0.82, 0.82, 0.82, 0.82, 0.82, 0.82, 0.82, 0.82]","[0.044, 0.063, 0.077, 0.091, 0.0, 0.141, 0.122, 0.078, 0.022]","[12.3, 0.98, 0.88, 0.18]",12.3,0.98,0.88,0.18,"psych_curve(xdata=array([-70.,  -8.,  -4.,  -2.,  -0.,   2.,   4.,   8.,  70.]), ydata=[0.727, 0.905, 0.923, 0.812, 0.833, 0.7, 0.769, 0.818, 0.936], fit=[nan, nan, nan, nan, nan, nan, nan, nan, nan, nan, nan, nan, nan, nan, nan, nan, nan, nan, nan, nan, nan, nan, nan, nan, nan, nan, nan, nan, nan, nan, nan, nan, nan, nan, nan, nan, nan, nan, nan, nan, nan, nan, nan, nan, nan, nan, nan, nan, nan, nan, nan, nan, nan, nan, nan, nan, nan, nan, nan, nan, nan, nan, nan, nan, nan, nan, nan, nan, nan, nan, nan, nan, nan, nan, nan, nan, nan, nan, nan, nan, nan, nan, nan, nan, nan, nan, nan, nan, nan, nan, nan, nan, nan, nan, nan, nan, nan, nan, nan, nan], params=[6.97, 0.16, 0.84, 0.19], fit_error=[0.045, 0.066, 0.077, 0.101, 0.112, 0.153, 0.122, 0.084, 0.024])",[-70.  -8.  -4.  -2.   0.   2.   4.   8.  70.],"[0.725, 0.909, 0.923, 0.867, 1.0, 0.727, 0.769, 0.857, 0.944]","[0.88, 0.88, 0.88, 0.88, 0.88, 0.88, 0.88, 0.88, 0.88, 0.88, 0.88, 0.88, 0.88, 0.88, 0.88, 0.88, 0.88, 0.88, 0.88, 0.88, 0.88, 0.88, 0.88, 0.88, 0.88, 0.88, 0.88, 0.88, 0.88, 0.88, 0.88, 0.88, 0.88, 0.88, 0.88, 0.88, 0.88, 0.88, 0.88, 0.88, 0.88, 0.88, 0.88, 0.88, 0.88, 0.88, 0.88, 0.88, 0.88, 0.88, 0.878, 0.82, 0.82, 0.82, 0.82, 0.82, 0.82, 0.82, 0.82, 0.82, 0.82, 0.82, 0.82, 0.82, 0.82, 0.82, 0.82, 0.82, 0.82, 0.82, 0.82, 0.82, 0.82, 0.82, 0.82, 0.82, 0.82, 0.82, 0.82, 0.82, 0.82, 0.82, 0.82, 0.82, 0.82, 0.82, 0.82, 0.82, 0.82, 0.82, 0.82, 0.82, 0.82, 0.82, 0.82, 0.82, 0.82, 0.82, 0.82, 0.82]","[0.044, 0.063, 0.077, 0.091, 0.0, 0.141, 0.122, 0.078, 0.022]","[6.97, 0.16, 0.84, 0.19]",6.97,0.16,0.84,0.19,1.0
2025-07-28,0,,22,Bpod3,363,188,175,195,152,275,151,124,158,113,72,28,44,0.7575757575757576,0.8031914893617021,0.7085714285714285,347,179,168,210,127,83,0.6512820512820513,0.5460526315789473,129,64,65,0.3282051282051282,0.4276315789473684,0.792507204610951,0.8435754189944135,0.7380952380952381,0.8669527896995708,-0.1054801808991753,0.7523809523809524,0.875968992248062,-0.1235880398671096,0.5986673414304993,0.3779183535762483,16,9,7,0.0440771349862259,0.0478723404255319,0.04,275,151,124,687.5,377.5,310.0,0.0,0,0,0,0.5,0.4999999999999998,"psych_curve(xdata=array([-70.,  -8.,  -4.,  -2.,   0.,   2.,   4.,   8.,  70.]), ydata=[0.053, 0.2, 0.267, 0.44, 0.308, 0.444, 0.667, 0.875, 0.79], fit=[0.11, 0.11, 0.11, 0.11, 0.11, 0.11, 0.11, 0.11, 0.11, 0.11, 0.11, 0.11, 0.11, 0.11, 0.11, 0.11, 0.11, 0.11, 0.11, 0.11, 0.11, 0.11, 0.11, 0.11, 0.11, 0.11, 0.11, 0.11, 0.11, 0.11, 0.11, 0.11, 0.11, 0.111, 0.111, 0.111, 0.112, 0.113, 0.115, 0.117, 0.121, 0.126, 0.134, 0.145, 0.162, 0.186, 0.218, 0.262, 0.318, 0.385, 0.459, 0.536, 0.608, 0.672, 0.724, 0.764, 0.793, 0.814, 0.829, 0.839, 0.846, 0.851, 0.854, 0.856, 0.857, 0.858, 0.859, 0.859, 0.859, 0.86, 0.86, 0.86, 0.86, 0.86, 0.86, 0.86, 0.86, 0.86, 0.86, 0.86, 0.86, 0.86, 0.86, 0.86, 0.86, 0.86, 0.86, 0.86, 0.86, 0.86, 0.86, 0.86, 0.86, 0.86, 0.86, 0.86, 0.86, 0.86, 0.86, 0.86], params=[0.29, 1.18, 0.11, 0.14], fit_error=[0.021, 0.107, 0.118, 0.101, 0.133, 0.121, 0.142, 0.085, 0.038])",[-70.  -8.  -4.  -2.   0.   2.   4.   8.  70.],"[0.053, 0.2, 0.267, 0.44, 0.308, 0.444, 0.667, 0.875, 0.79]","[0.11, 0.11, 0.11, 0.11, 0.11, 0.11, 0.11, 0.11, 0.11, 0.11, 0.11, 0.11, 0.11, 0.11, 0.11, 0.11, 0.11, 0.11, 0.11, 0.11, 0.11, 0.11, 0.11, 0.11, 0.11, 0.11, 0.11, 0.11, 0.11, 0.11, 0.11, 0.11, 0.11, 0.111, 0.111, 0.111, 0.112, 0.113, 0.115, 0.117, 0.121, 0.126, 0.134, 0.145, 0.162, 0.186, 0.218, 0.262, 0.318, 0.385, 0.459, 0.536, 0.608, 0.672, 0.724, 0.764, 0.793, 0.814, 0.829, 0.839, 0.846, 0.851, 0.854, 0.856, 0.857, 0.858, 0.859, 0.859, 0.859, 0.86, 0.86, 0.86, 0.86, 0.86, 0.86, 0.86, 0.86, 0.86, 0.86, 0.86, 0.86, 0.86, 0.86, 0.86, 0.86, 0.86, 0.86, 0.86, 0.86, 0.86, 0.86, 0.86, 0.86, 0.86, 0.86, 0.86, 0.86, 0.86, 0.86, 0.86]","[0.021, 0.107, 0.118, 0.101, 0.133, 0.121, 0.142, 0.085, 0.038]","[0.29, 1.18, 0.11, 0.14]",0.29,1.18,0.11,0.14,"psych_curve(xdata=array([-70.,  -8.,  -4.,  -2.,   0.,   2.,   4.,   8.,  70.]), ydata=[0.209, 0.273, 0.455, 0.667, 0.846, 0.682, 0.867, 0.895, 0.964], fit=[nan, nan, nan, nan, nan, nan, nan, nan, nan, nan, nan, nan, nan, nan, nan, nan, nan, nan, nan, nan, nan, nan, nan, nan, nan, nan, nan, nan, nan, nan, nan, nan, nan, nan, nan, nan, nan, nan, nan, nan, nan, nan, nan, nan, nan, nan, nan, nan, nan, nan, nan, nan, nan, nan, nan, nan, nan, nan, nan, nan, nan, nan, nan, nan, nan, nan, nan, nan, nan, nan, nan, nan, nan, nan, nan, nan, nan, nan, nan, nan, nan, nan, nan, nan, nan, nan, nan, nan, nan, nan, nan, nan, nan, nan, nan, nan, nan, nan, nan, nan], params=[0.4, -3.14, 0.19, 0.09], fit_error=[0.038, 0.141, 0.157, 0.105, 0.104, 0.102, 0.091, 0.072, 0.018])",[-70.  -8.  -4.  -2.   0.   2.   4.   8.  70.],"[0.053, 0.2, 0.267, 0.44, 0.308, 0.444, 0.667, 0.875, 0.79]","[0.11, 0.11, 0.11, 0.11, 0.11, 0.11, 0.11, 0.11, 0.11, 0.11, 0.11, 0.11, 0.11, 0.11, 0.11, 0.11, 0.11, 0.11, 0.11, 0.11, 0.11, 0.11, 0.11, 0.11, 0.11, 0.11, 0.11, 0.11, 0.11, 0.11, 0.11, 0.11, 0.11, 0.111, 0.111, 0.111, 0.112, 0.113, 0.115, 0.117, 0.121, 0.126, 0.134, 0.145, 0.162, 0.186, 0.218, 0.262, 0.318, 0.385, 0.459, 0.536, 0.608, 0.672, 0.724, 0.764, 0.793, 0.814, 0.829, 0.839, 0.846, 0.851, 0.854, 0.856, 0.857, 0.858, 0.859, 0.859, 0.859, 0.86, 0.86, 0.86, 0.86, 0.86, 0.86, 0.86, 0.86, 0.86, 0.86, 0.86, 0.86, 0.86, 0.86, 0.86, 0.86, 0.86, 0.86, 0.86, 0.86, 0.86, 0.86, 0.86, 0.86, 0.86, 0.86, 0.86, 0.86, 0.86, 0.86, 0.86]","[0.021, 0.107, 0.118, 0.101, 0.133, 0.121, 0.142, 0.085, 0.038]","[0.4, -3.14, 0.19, 0.09]",0.4,-3.14,0.19,0.09,0.0
2025-07-29,1,,22,Bpod3,316,147,169,235,78,196,132,64,123,68,117,14,103,0.620253164556962,0.8979591836734694,0.378698224852071,313,146,167,230,193,37,0.8212765957446808,0.4743589743589743,78,40,38,0.1702127659574468,0.4871794871794871,0.6261980830670927,0.9041095890410958,0.3832335329341317,0.6447368421052632,-0.5208760561069641,0.5347826086956522,0.8717948717948718,-0.3370122630992196,0.6478177850518276,0.328696126568467,3,1,2,0.0094936708860759,0.0068027210884353,0.0118343195266272,196,132,64,490.0,330.0,160.0,0.0,0,0,0,0.5,0.4999999999999998,"psych_curve(xdata=array([-70.,  -8.,  -4.,  -2.,   0.,   2.,   4.,   8.,  70.]), ydata=[0.086, 0.083, 0.167, 0.143, 0.143, 0.316, 0.25, 0.3, 0.415], fit=[0.07, 0.07, 0.07, 0.07, 0.07, 0.07, 0.07, 0.07, 0.07, 0.07, 0.07, 0.07, 0.07, 0.07, 0.07, 0.07, 0.07, 0.07, 0.07, 0.07, 0.07, 0.07, 0.07, 0.07, 0.07, 0.07, 0.07, 0.07, 0.07, 0.07, 0.071, 0.071, 0.071, 0.071, 0.072, 0.073, 0.073, 0.075, 0.076, 0.078, 0.081, 0.085, 0.09, 0.096, 0.104, 0.114, 0.127, 0.142, 0.16, 0.181, 0.205, 0.23, 0.255, 0.279, 0.302, 0.323, 0.341, 0.356, 0.368, 0.378, 0.385, 0.391, 0.396, 0.399, 0.402, 0.404, 0.406, 0.407, 0.408, 0.408, 0.409, 0.409, 0.409, 0.409, 0.41, 0.41, 0.41, 0.41, 0.41, 0.41, 0.41, 0.41, 0.41, 0.41, 0.41, 0.41, 0.41, 0.41, 0.41, 0.41, 0.41, 0.41, 0.41, 0.41, 0.41, 0.41, 0.41, 0.41, 0.41, 0.41], params=[0.21, 2.71, 0.07, 0.59], fit_error=[0.027, 0.083, 0.09, 0.143, 0.143, 0.11, 0.131, 0.153, 0.045])",[-70.  -8.  -4.  -2.   0.   2.   4.   8.  70.],"[0.086, 0.083, 0.167, 0.143, 0.143, 0.316, 0.25, 0.3, 0.415]","[0.07, 0.07, 0.07, 0.07, 0.07, 0.07, 0.07, 0.07, 0.07, 0.07, 0.07, 0.07, 0.07, 0.07, 0.07, 0.07, 0.07, 0.07, 0.07, 0.07, 0.07, 0.07, 0.07, 0.07, 0.07, 0.07, 0.07, 0.07, 0.07, 0.07, 0.071, 0.071, 0.071, 0.071, 0.072, 0.073, 0.073, 0.075, 0.076, 0.078, 0.081, 0.085, 0.09, 0.096, 0.104, 0.114, 0.127, 0.142, 0.16, 0.181, 0.205, 0.23, 0.255, 0.279, 0.302, 0.323, 0.341, 0.356, 0.368, 0.378, 0.385, 0.391, 0.396, 0.399, 0.402, 0.404, 0.406, 0.407, 0.408, 0.408, 0.409, 0.409, 0.409, 0.409, 0.41, 0.41, 0.41, 0.41, 0.41, 0.41, 0.41, 0.41, 0.41, 0.41, 0.41, 0.41, 0.41, 0.41, 0.41, 0.41, 0.41, 0.41, 0.41, 0.41, 0.41, 0.41, 0.41, 0.41, 0.41, 0.41]","[0.027, 0.083, 0.09, 0.143, 0.143, 0.11, 0.131, 0.153, 0.045]","[0.21, 2.71, 0.07, 0.59]",0.21,2.71,0.07,0.59,"psych_curve(xdata=array([-70.,  -8.,  -4.,  -2.,   0.,   2.,   4.,   8.,  70.]), ydata=[0.577, 0.583, 0.769, 0.722, 1.0, 0.875, 0.882, 0.9, 0.935], fit=[nan, nan, nan, nan, nan, nan, nan, nan, nan, nan, nan, nan, nan, nan, nan, nan, nan, nan, nan, nan, nan, nan, nan, nan, nan, nan, nan, nan, nan, nan, nan, nan, nan, nan, nan, nan, nan, nan, nan, nan, nan, nan, nan, nan, nan, nan, nan, nan, nan, nan, nan, nan, nan, nan, nan, nan, nan, nan, nan, nan, nan, nan, nan, nan, nan, nan, nan, nan, nan, nan, nan, nan, nan, nan, nan, nan, nan, nan, nan, nan, nan, nan, nan, nan, nan, nan, nan, nan, nan, nan, nan, nan, nan, nan, nan, nan, nan, nan, nan, nan], params=[0.59, -3.63, 0.57, 0.08], fit_error=[0.043, 0.149, 0.122, 0.109, 0.0, 0.125, 0.081, 0.1, 0.026])",[-70.  -8.  -4.  -2.   0.   2.   4.   8.  70.],"[0.086, 0.083, 0.167, 0.143, 0.143, 0.316, 0.25, 0.3, 0.415]","[0.07, 0.07, 0.07, 0.07, 0.07, 0.07, 0.07, 0.07, 0.07, 0.07, 0.07, 0.07, 0.07, 0.07, 0.07, 0.07, 0.07, 0.07, 0.07, 0.07, 0.07, 0.07, 0.07, 0.07, 0.07, 0.07, 0.07, 0.07, 0.07, 0.07, 0.071, 0.071, 0.071, 0.071, 0.072, 0.073, 0.073, 0.075, 0.076, 0.078, 0.081, 0.085, 0.09, 0.096, 0.104, 0.114, 0.127, 0.142, 0.16, 0.181, 0.205, 0.23, 0.255, 0.279, 0.302, 0.323, 0.341, 0.356, 0.368, 0.378, 0.385, 0.391, 0.396, 0.399, 0.402, 0.404, 0.406, 0.407, 0.408, 0.408, 0.409, 0.409, 0.409, 0.409, 0.41, 0.41, 0.41, 0.41, 0.41, 0.41, 0.41, 0.41, 0.41, 0.41, 0.41, 0.41, 0.41, 0.41, 0.41, 0.41, 0.41, 0.41, 0.41, 0.41, 0.41, 0.41, 0.41, 0.41, 0.41, 0.41]","[0.027, 0.083, 0.09, 0.143, 0.143, 0.11, 0.131, 0.153, 0.045]","[0.59, -3.63, 0.57, 0.08]",0.59,-3.63,0.57,0.08,1.0
2025-07-31,3,,22,Bpod3,407,212,195,293,70,237,181,56,166,57,126,14,112,0.5823095823095823,0.8537735849056604,0.2871794871794871,363,195,168,274,246,28,0.8395904436860068,0.4,68,34,34,0.1160409556313993,0.4857142857142857,0.6528925619834711,0.9282051282051282,0.3333333333333333,0.6653543307086615,-0.594871794871795,0.6058394160583942,0.8382352941176471,-0.2323958780592528,0.6197952218430034,0.3008776206728425,44,17,27,0.1081081081081081,0.080188679245283,0.1384615384615384,237,181,56,592.5,452.5,140.0,0.0,0,0,0,0.5,0.4999999999999998,"psych_curve(xdata=array([-70.,  -8.,  -4.,  -2.,   0.,   2.,   4.,   8.,  70.]), ydata=[0.06, 0.095, 0.118, 0.111, 0.154, 0.214, 0.308, 0.231, 0.364], fit=[0.06, 0.06, 0.06, 0.06, 0.06, 0.06, 0.06, 0.06, 0.06, 0.06, 0.06, 0.06, 0.06, 0.06, 0.06, 0.06, 0.06, 0.06, 0.06, 0.06, 0.06, 0.06, 0.06, 0.06, 0.06, 0.06, 0.06, 0.06, 0.06, 0.06, 0.06, 0.06, 0.061, 0.061, 0.061, 0.062, 0.062, 0.063, 0.064, 0.066, 0.068, 0.071, 0.075, 0.081, 0.088, 0.097, 0.109, 0.124, 0.142, 0.162, 0.184, 0.208, 0.231, 0.253, 0.273, 0.29, 0.304, 0.315, 0.324, 0.331, 0.336, 0.34, 0.342, 0.344, 0.346, 0.347, 0.348, 0.348, 0.349, 0.349, 0.349, 0.35, 0.35, 0.35, 0.35, 0.35, 0.35, 0.35, 0.35, 0.35, 0.35, 0.35, 0.35, 0.35, 0.35, 0.35, 0.35, 0.35, 0.35, 0.35, 0.35, 0.35, 0.35, 0.35, 0.35, 0.35, 0.35, 0.35, 0.35, 0.35], params=[0.23, 1.95, 0.06, 0.65], fit_error=[0.021, 0.066, 0.081, 0.076, 0.104, 0.114, 0.133, 0.122, 0.044])",[-70.  -8.  -4.  -2.   0.   2.   4.   8.  70.],"[0.06, 0.095, 0.118, 0.111, 0.154, 0.214, 0.308, 0.231, 0.364]","[0.06, 0.06, 0.06, 0.06, 0.06, 0.06, 0.06, 0.06, 0.06, 0.06, 0.06, 0.06, 0.06, 0.06, 0.06, 0.06, 0.06, 0.06, 0.06, 0.06, 0.06, 0.06, 0.06, 0.06, 0.06, 0.06, 0.06, 0.06, 0.06, 0.06, 0.06, 0.06, 0.061, 0.061, 0.061, 0.062, 0.062, 0.063, 0.064, 0.066, 0.068, 0.071, 0.075, 0.081, 0.088, 0.097, 0.109, 0.124, 0.142, 0.162, 0.184, 0.208, 0.231, 0.253, 0.273, 0.29, 0.304, 0.315, 0.324, 0.331, 0.336, 0.34, 0.342, 0.344, 0.346, 0.347, 0.348, 0.348, 0.349, 0.349, 0.349, 0.35, 0.35, 0.35, 0.35, 0.35, 0.35, 0.35, 0.35, 0.35, 0.35, 0.35, 0.35, 0.35, 0.35, 0.35, 0.35, 0.35, 0.35, 0.35, 0.35, 0.35, 0.35, 0.35, 0.35, 0.35, 0.35, 0.35, 0.35, 0.35]","[0.021, 0.066, 0.081, 0.076, 0.104, 0.114, 0.133, 0.122, 0.044]","[0.23, 1.95, 0.06, 0.65]",0.23,1.95,0.06,0.65,"psych_curve(xdata=array([-70.,  -8.,  -4.,  -2.,   0.,   2.,   4.,   8.,  70.]), ydata=[0.641, 0.556, 0.8, 0.786, 0.769, 0.933, 0.895, 0.923, 0.951], fit=[nan, nan, nan, nan, nan, nan, nan, nan, nan, nan, nan, nan, nan, nan, nan, nan, nan, nan, nan, nan, nan, nan, nan, nan, nan, nan, nan, nan, nan, nan, nan, nan, nan, nan, nan, nan, nan, nan, nan, nan, nan, nan, nan, nan, nan, nan, nan, nan, nan, nan, nan, nan, nan, nan, nan, nan, nan, nan, nan, nan, nan, nan, nan, nan, nan, nan, nan, nan, nan, nan, nan, nan, nan, nan, nan, nan, nan, nan, nan, nan, nan, nan, nan, nan, nan, nan, nan, nan, nan, nan, nan, nan, nan, nan, nan, nan, nan, nan, nan, nan], params=[0.38, -2.5, 0.6, 0.06], fit_error=[0.045, 0.121, 0.133, 0.114, 0.122, 0.067, 0.072, 0.077, 0.02])",[-70.  -8.  -4.  -2.   0.   2.   4.   8.  70.],"[0.06, 0.095, 0.118, 0.111, 0.154, 0.214, 0.308, 0.231, 0.364]","[0.06, 0.06, 0.06, 0.06, 0.06, 0.06, 0.06, 0.06, 0.06, 0.06, 0.06, 0.06, 0.06, 0.06, 0.06, 0.06, 0.06, 0.06, 0.06, 0.06, 0.06, 0.06, 0.06, 0.06, 0.06, 0.06, 0.06, 0.06, 0.06, 0.06, 0.06, 0.06, 0.061, 0.061, 0.061, 0.062, 0.062, 0.063, 0.064, 0.066, 0.068, 0.071, 0.075, 0.081, 0.088, 0.097, 0.109, 0.124, 0.142, 0.162, 0.184, 0.208, 0.231, 0.253, 0.273, 0.29, 0.304, 0.315, 0.324, 0.331, 0.336, 0.34, 0.342, 0.344, 0.346, 0.347, 0.348, 0.348, 0.349, 0.349, 0.349, 0.35, 0.35, 0.35, 0.35, 0.35, 0.35, 0.35, 0.35, 0.35, 0.35, 0.35, 0.35, 0.35, 0.35, 0.35, 0.35, 0.35, 0.35, 0.35, 0.35, 0.35, 0.35, 0.35, 0.35, 0.35, 0.35, 0.35, 0.35, 0.35]","[0.021, 0.066, 0.081, 0.076, 0.104, 0.114, 0.133, 0.122, 0.044]","[0.38, -2.5, 0.6, 0.06]",0.38,-2.5,0.6,0.06,0.0
2025-08-01,4,,22,Bpod3,335,174,161,183,141,231,130,101,146,81,93,40,53,0.6895522388059702,0.7471264367816092,0.6273291925465838,324,170,154,218,130,88,0.7103825136612022,0.624113475177305,100,50,50,0.273224043715847,0.3546099290780142,0.7129629629629629,0.7647058823529411,0.6558441558441559,0.7534883720930232,-0.1088617265087852,0.6697247706422018,0.81,-0.1402752293577982,0.6672479944192535,0.3139169863969306,11,4,7,0.0328358208955223,0.0229885057471264,0.0434782608695652,231,130,101,577.5,325.0,252.5,0.0,0,0,0,0.5,0.4999999999999998,"psych_curve(xdata=array([-70.,  -8.,  -4.,  -2.,   0.,   2.,   4.,   8.,  70.]), ydata=[0.174, 0.304, 0.5, 0.353, 0.455, 0.526, 0.556, 0.867, 0.67], fit=[0.21, 0.21, 0.21, 0.21, 0.21, 0.21, 0.21, 0.21, 0.21, 0.21, 0.21, 0.21, 0.21, 0.21, 0.21, 0.21, 0.21, 0.21, 0.21, 0.21, 0.21, 0.21, 0.21, 0.21, 0.21, 0.21, 0.21, 0.21, 0.21, 0.211, 0.211, 0.211, 0.212, 0.212, 0.213, 0.214, 0.216, 0.219, 0.222, 0.227, 0.233, 0.242, 0.254, 0.27, 0.29, 0.316, 0.348, 0.386, 0.428, 0.473, 0.519, 0.562, 0.601, 0.635, 0.663, 0.685, 0.702, 0.715, 0.724, 0.732, 0.737, 0.74, 0.743, 0.745, 0.747, 0.748, 0.748, 0.749, 0.749, 0.749, 0.75, 0.75, 0.75, 0.75, 0.75, 0.75, 0.75, 0.75, 0.75, 0.75, 0.75, 0.75, 0.75, 0.75, 0.75, 0.75, 0.75, 0.75, 0.75, 0.75, 0.75, 0.75, 0.75, 0.75, 0.75, 0.75, 0.75, 0.75, 0.75, 0.75], params=[0.24, -0.49, 0.21, 0.25], fit_error=[0.035, 0.098, 0.224, 0.119, 0.157, 0.118, 0.121, 0.091, 0.047])",[-70.  -8.  -4.  -2.   0.   2.   4.   8.  70.],"[0.174, 0.304, 0.5, 0.353, 0.455, 0.526, 0.556, 0.867, 0.67]","[0.21, 0.21, 0.21, 0.21, 0.21, 0.21, 0.21, 0.21, 0.21, 0.21, 0.21, 0.21, 0.21, 0.21, 0.21, 0.21, 0.21, 0.21, 0.21, 0.21, 0.21, 0.21, 0.21, 0.21, 0.21, 0.21, 0.21, 0.21, 0.21, 0.211, 0.211, 0.211, 0.212, 0.212, 0.213, 0.214, 0.216, 0.219, 0.222, 0.227, 0.233, 0.242, 0.254, 0.27, 0.29, 0.316, 0.348, 0.386, 0.428, 0.473, 0.519, 0.562, 0.601, 0.635, 0.663, 0.685, 0.702, 0.715, 0.724, 0.732, 0.737, 0.74, 0.743, 0.745, 0.747, 0.748, 0.748, 0.749, 0.749, 0.749, 0.75, 0.75, 0.75, 0.75, 0.75, 0.75, 0.75, 0.75, 0.75, 0.75, 0.75, 0.75, 0.75, 0.75, 0.75, 0.75, 0.75, 0.75, 0.75, 0.75, 0.75, 0.75, 0.75, 0.75, 0.75, 0.75, 0.75, 0.75, 0.75, 0.75]","[0.035, 0.098, 0.224, 0.119, 0.157, 0.118, 0.121, 0.091, 0.047]","[0.24, -0.49, 0.21, 0.25]",0.24,-0.49,0.21,0.25,"psych_curve(xdata=array([-70.,  -8.,  -4.,  -2.,  -0.,   2.,   4.,   8.,  70.]), ydata=[0.402, 0.385, 0.647, 0.65, 0.8, 0.875, 1.0, 0.84, 0.885], fit=[nan, nan, nan, nan, nan, nan, nan, nan, nan, nan, nan, nan, nan, nan, nan, nan, nan, nan, nan, nan, nan, nan, nan, nan, nan, nan, nan, nan, nan, nan, nan, nan, nan, nan, nan, nan, nan, nan, nan, nan, nan, nan, nan, nan, nan, nan, nan, nan, nan, nan, nan, nan, nan, nan, nan, nan, nan, nan, nan, nan, nan, nan, nan, nan, nan, nan, nan, nan, nan, nan, nan, nan, nan, nan, nan, nan, nan, nan, nan, nan, nan, nan, nan, nan, nan, nan, nan, nan, nan, nan, nan, nan, nan, nan, nan, nan, nan, nan, nan, nan], params=[0.5, -3.0, 0.38, 0.09], fit_error=[0.05, 0.14, 0.119, 0.109, 0.133, 0.085, 0.0, 0.075, 0.03])",[-70.  -8.  -4.  -2.   0.   2.   4.   8.  70.],"[0.174, 0.304, 0.5, 0.353, 0.455, 0.526, 0.556, 0.867, 0.67]","[0.21, 0.21, 0.21, 0.21, 0.21, 0.21, 0.21, 0.21, 0.21, 0.21, 0.21, 0.21, 0.21, 0.21, 0.21, 0.21, 0.21, 0.21, 0.21, 0.21, 0.21, 0.21, 0.21, 0.21, 0.21, 0.21, 0.21, 0.21, 0.21, 0.211, 0.211, 0.211, 0.212, 0.212, 0.213, 0.214, 0.216, 0.219, 0.222, 0.227, 0.233, 0.242, 0.254, 0.27, 0.29, 0.316, 0.348, 0.386, 0.428, 0.473, 0.519, 0.562, 0.601, 0.635, 0.663, 0.685, 0.702, 0.715, 0.724, 0.732, 0.737, 0.74, 0.743, 0.745, 0.747, 0.748, 0.748, 0.749, 0.749, 0.749, 0.75, 0.75, 0.75, 0.75, 0.75, 0.75, 0.75, 0.75, 0.75, 0.75, 0.75, 0.75, 0.75, 0.75, 0.75, 0.75, 0.75, 0.75, 0.75, 0.75, 0.75, 0.75, 0.75, 0.75, 0.75, 0.75, 0.75, 0.75, 0.75, 0.75]","[0.035, 0.098, 0.224, 0.119, 0.157, 0.118, 0.121, 0.091, 0.047]","[0.5, -3.0, 0.38, 0.09]",0.5,-3.0,0.38,0.09,1.0
2025-08-07,3,,22,Bpod3,331,157,174,240,90,223,145,78,156,65,107,12,95,0.6737160120845922,0.9235668789808916,0.4482758620689655,330,157,173,251,200,51,0.8333333333333334,0.5666666666666667,77,39,38,0.1625,0.4222222222222222,0.6757575757575758,0.9235668789808916,0.4508670520231214,0.7252252252252253,-0.4726998269577703,0.6215139442231076,0.8441558441558441,-0.2226418999327365,0.7,0.2923611111111111,1,0,1,0.0030211480362537,0.0,0.0057471264367816,223,145,78,557.5,362.5,195.0,0.0,0,0,0,0.5,0.4999999999999998,"psych_curve(xdata=array([-70.,  -8.,  -4.,  -2.,   0.,   2.,   4.,   8.,  70.]), ydata=[0.046, 0.083, 0.25, 0.0, 0.25, 0.238, 0.438, 0.462, 0.509], fit=[0.1, 0.1, 0.1, 0.1, 0.1, 0.1, 0.1, 0.1, 0.1, 0.1, 0.1, 0.1, 0.1, 0.1, 0.1, 0.1, 0.1, 0.1, 0.1, 0.1, 0.1, 0.1, 0.1, 0.1, 0.1, 0.1, 0.1, 0.1, 0.1, 0.1, 0.1, 0.1, 0.1, 0.1, 0.1, 0.1, 0.1, 0.1, 0.1, 0.1, 0.1, 0.1, 0.1, 0.1, 0.101, 0.102, 0.104, 0.11, 0.125, 0.156, 0.214, 0.299, 0.384, 0.443, 0.475, 0.489, 0.496, 0.498, 0.499, 0.5, 0.5, 0.5, 0.5, 0.5, 0.5, 0.5, 0.5, 0.5, 0.5, 0.5, 0.5, 0.5, 0.5, 0.5, 0.5, 0.5, 0.5, 0.5, 0.5, 0.5, 0.5, 0.5, 0.5, 0.5, 0.5, 0.5, 0.5, 0.5, 0.5, 0.5, 0.5, 0.5, 0.5, 0.5, 0.5, 0.5, 0.5, 0.5, 0.5, 0.5], params=[0.64, 2.14, 0.1, 0.5], fit_error=[0.02, 0.083, 0.112, 0.0, 0.112, 0.095, 0.128, 0.144, 0.047])",[-70.  -8.  -4.  -2.   0.   2.   4.   8.  70.],"[0.046, 0.083, 0.25, 0.0, 0.25, 0.238, 0.438, 0.462, 0.509]","[0.1, 0.1, 0.1, 0.1, 0.1, 0.1, 0.1, 0.1, 0.1, 0.1, 0.1, 0.1, 0.1, 0.1, 0.1, 0.1, 0.1, 0.1, 0.1, 0.1, 0.1, 0.1, 0.1, 0.1, 0.1, 0.1, 0.1, 0.1, 0.1, 0.1, 0.1, 0.1, 0.1, 0.1, 0.1, 0.1, 0.1, 0.1, 0.1, 0.1, 0.1, 0.1, 0.1, 0.1, 0.101, 0.102, 0.104, 0.11, 0.125, 0.156, 0.214, 0.299, 0.384, 0.443, 0.475, 0.489, 0.496, 0.498, 0.499, 0.5, 0.5, 0.5, 0.5, 0.5, 0.5, 0.5, 0.5, 0.5, 0.5, 0.5, 0.5, 0.5, 0.5, 0.5, 0.5, 0.5, 0.5, 0.5, 0.5, 0.5, 0.5, 0.5, 0.5, 0.5, 0.5, 0.5, 0.5, 0.5, 0.5, 0.5, 0.5, 0.5, 0.5, 0.5, 0.5, 0.5, 0.5, 0.5, 0.5, 0.5]","[0.02, 0.083, 0.112, 0.0, 0.112, 0.095, 0.128, 0.144, 0.047]","[0.64, 2.14, 0.1, 0.5]",0.64,2.14,0.1,0.5,"psych_curve(xdata=array([-70.,  -8.,  -4.,  -2.,   0.,   2.,   4.,   8.,  70.]), ydata=[0.523, 0.583, 0.706, 0.8, 0.875, 0.8, 0.933, 0.917, 0.956], fit=[nan, nan, nan, nan, nan, nan, nan, nan, nan, nan, nan, nan, nan, nan, nan, nan, nan, nan, nan, nan, nan, nan, nan, nan, nan, nan, nan, nan, nan, nan, nan, nan, nan, nan, nan, nan, nan, nan, nan, nan, nan, nan, nan, nan, nan, nan, nan, nan, nan, nan, nan, nan, nan, nan, nan, nan, nan, nan, nan, nan, nan, nan, nan, nan, nan, nan, nan, nan, nan, nan, nan, nan, nan, nan, nan, nan, nan, nan, nan, nan, nan, nan, nan, nan, nan, nan, nan, nan, nan, nan, nan, nan, nan, nan, nan, nan, nan, nan, nan, nan], params=[0.33, -3.58, 0.52, 0.06], fit_error=[0.049, 0.149, 0.114, 0.107, 0.085, 0.092, 0.067, 0.083, 0.019])",[-70.  -8.  -4.  -2.   0.   2.   4.   8.  70.],"[0.046, 0.083, 0.25, 0.0, 0.25, 0.238, 0.438, 0.462, 0.509]","[0.1, 0.1, 0.1, 0.1, 0.1, 0.1, 0.1, 0.1, 0.1, 0.1, 0.1, 0.1, 0.1, 0.1, 0.1, 0.1, 0.1, 0.1, 0.1, 0.1, 0.1, 0.1, 0.1, 0.1, 0.1, 0.1, 0.1, 0.1, 0.1, 0.1, 0.1, 0.1, 0.1, 0.1, 0.1, 0.1, 0.1, 0.1, 0.1, 0.1, 0.1, 0.1, 0.1, 0.1, 0.101, 0.102, 0.104, 0.11, 0.125, 0.156, 0.214, 0.299, 0.384, 0.443, 0.475, 0.489, 0.496, 0.498, 0.499, 0.5, 0.5, 0.5, 0.5, 0.5, 0.5, 0.5, 0.5, 0.5, 0.5, 0.5, 0.5, 0.5, 0.5, 0.5, 0.5, 0.5, 0.5, 0.5, 0.5, 0.5, 0.5, 0.5, 0.5, 0.5, 0.5, 0.5, 0.5, 0.5, 0.5, 0.5, 0.5, 0.5, 0.5, 0.5, 0.5, 0.5, 0.5, 0.5, 0.5, 0.5]","[0.02, 0.083, 0.112, 0.0, 0.112, 0.095, 0.128, 0.144, 0.047]","[0.33, -3.58, 0.52, 0.06]",0.33,-3.58,0.52,0.06,0.0
2025-08-08,4,,22,Bpod3,336,156,180,187,147,239,124,115,160,79,95,32,63,0.7113095238095238,0.7948717948717948,0.6388888888888888,334,156,178,245,142,103,0.7593582887700535,0.7006802721088435,87,43,44,0.2299465240641711,0.2993197278911564,0.7155688622754491,0.7948717948717948,0.6460674157303371,0.7733990147783252,-0.1488043791414577,0.6530612244897959,0.9080459770114944,-0.2549847525216984,0.7300192804394485,0.2646331259776638,2,0,2,0.0059523809523809,0.0,0.0111111111111111,239,124,115,597.5,310.0,287.5,0.0,0,0,0,0.5,0.4999999999999998,"psych_curve(xdata=array([-70.,  -8.,  -4.,  -2.,   0.,   2.,   4.,   8.,  70.]), ydata=[0.097, 0.429, 0.333, 0.429, 0.5, 0.577, 0.609, 0.864, 0.64], fit=[0.13, 0.13, 0.13, 0.13, 0.13, 0.13, 0.13, 0.13, 0.13, 0.13, 0.13, 0.13, 0.13, 0.13, 0.13, 0.13, 0.13, 0.13, 0.13, 0.13, 0.13, 0.13, 0.13, 0.131, 0.131, 0.131, 0.132, 0.132, 0.133, 0.133, 0.135, 0.136, 0.138, 0.141, 0.144, 0.149, 0.154, 0.162, 0.172, 0.184, 0.2, 0.219, 0.243, 0.272, 0.305, 0.342, 0.382, 0.425, 0.468, 0.51, 0.549, 0.584, 0.614, 0.64, 0.662, 0.679, 0.693, 0.704, 0.712, 0.719, 0.724, 0.728, 0.731, 0.733, 0.735, 0.736, 0.737, 0.738, 0.738, 0.739, 0.739, 0.739, 0.739, 0.74, 0.74, 0.74, 0.74, 0.74, 0.74, 0.74, 0.74, 0.74, 0.74, 0.74, 0.74, 0.74, 0.74, 0.74, 0.74, 0.74, 0.74, 0.74, 0.74, 0.74, 0.74, 0.74, 0.74, 0.74, 0.74, 0.74], params=[0.2, -3.21, 0.13, 0.26], fit_error=[0.029, 0.137, 0.114, 0.137, 0.139, 0.099, 0.104, 0.075, 0.048])",[-70.  -8.  -4.  -2.   0.   2.   4.   8.  70.],"[0.097, 0.429, 0.333, 0.429, 0.5, 0.577, 0.609, 0.864, 0.64]","[0.13, 0.13, 0.13, 0.13, 0.13, 0.13, 0.13, 0.13, 0.13, 0.13, 0.13, 0.13, 0.13, 0.13, 0.13, 0.13, 0.13, 0.13, 0.13, 0.13, 0.13, 0.13, 0.13, 0.131, 0.131, 0.131, 0.132, 0.132, 0.133, 0.133, 0.135, 0.136, 0.138, 0.141, 0.144, 0.149, 0.154, 0.162, 0.172, 0.184, 0.2, 0.219, 0.243, 0.272, 0.305, 0.342, 0.382, 0.425, 0.468, 0.51, 0.549, 0.584, 0.614, 0.64, 0.662, 0.679, 0.693, 0.704, 0.712, 0.719, 0.724, 0.728, 0.731, 0.733, 0.735, 0.736, 0.737, 0.738, 0.738, 0.739, 0.739, 0.739, 0.739, 0.74, 0.74, 0.74, 0.74, 0.74, 0.74, 0.74, 0.74, 0.74, 0.74, 0.74, 0.74, 0.74, 0.74, 0.74, 0.74, 0.74, 0.74, 0.74, 0.74, 0.74, 0.74, 0.74, 0.74, 0.74, 0.74, 0.74]","[0.029, 0.137, 0.114, 0.137, 0.139, 0.099, 0.104, 0.075, 0.048]","[0.2, -3.21, 0.13, 0.26]",0.2,-3.21,0.13,0.26,"psych_curve(xdata=array([-70.,  -8.,  -4.,  -2.,   0.,   2.,   4.,   8.,  70.]), ydata=[0.423, 0.529, 0.591, 0.7, 1.0, 0.85, 0.895, 1.0, 0.971], fit=[nan, nan, nan, nan, nan, nan, nan, nan, nan, nan, nan, nan, nan, nan, nan, nan, nan, nan, nan, nan, nan, nan, nan, nan, nan, nan, nan, nan, nan, nan, nan, nan, nan, nan, nan, nan, nan, nan, nan, nan, nan, nan, nan, nan, nan, nan, nan, nan, nan, nan, nan, nan, nan, nan, nan, nan, nan, nan, nan, nan, nan, nan, nan, nan, nan, nan, nan, nan, nan, nan, nan, nan, nan, nan, nan, nan, nan, nan, nan, nan, nan, nan, nan, nan, nan, nan, nan, nan, nan, nan, nan, nan, nan, nan, nan, nan, nan, nan, nan, nan], params=[1.03, -2.25, 0.49, 0.05], fit_error=[0.05, 0.125, 0.107, 0.105, 0.0, 0.082, 0.072, 0.0, 0.016])",[-70.  -8.  -4.  -2.   0.   2.   4.   8.  70.],"[0.097, 0.429, 0.333, 0.429, 0.5, 0.577, 0.609, 0.864, 0.64]","[0.13, 0.13, 0.13, 0.13, 0.13, 0.13, 0.13, 0.13, 0.13, 0.13, 0.13, 0.13, 0.13, 0.13, 0.13, 0.13, 0.13, 0.13, 0.13, 0.13, 0.13, 0.13, 0.13, 0.131, 0.131, 0.131, 0.132, 0.132, 0.133, 0.133, 0.135, 0.136, 0.138, 0.141, 0.144, 0.149, 0.154, 0.162, 0.172, 0.184, 0.2, 0.219, 0.243, 0.272, 0.305, 0.342, 0.382, 0.425, 0.468, 0.51, 0.549, 0.584, 0.614, 0.64, 0.662, 0.679, 0.693, 0.704, 0.712, 0.719, 0.724, 0.728, 0.731, 0.733, 0.735, 0.736, 0.737, 0.738, 0.738, 0.739, 0.739, 0.739, 0.739, 0.74, 0.74, 0.74, 0.74, 0.74, 0.74, 0.74, 0.74, 0.74, 0.74, 0.74, 0.74, 0.74, 0.74, 0.74, 0.74, 0.74, 0.74, 0.74, 0.74, 0.74, 0.74, 0.74, 0.74, 0.74, 0.74, 0.74]","[0.029, 0.137, 0.114, 0.137, 0.139, 0.099, 0.104, 0.075, 0.048]","[1.03, -2.25, 0.49, 0.05]",1.03,-2.25,0.49,0.05,1.0
2025-08-11,0,,22,Bpod3,330,161,169,240,89,216,144,72,140,76,113,17,96,0.6545454545454545,0.8944099378881988,0.4260355029585799,329,161,168,234,192,42,0.8,0.4719101123595505,94,47,47,0.1958333333333333,0.5280898876404494,0.6565349544072948,0.8944099378881988,0.4285714285714285,0.7393364928909952,-0.4658385093167702,0.5982905982905983,0.8085106382978723,-0.210220040007274,0.6359550561797753,0.3619616104868913,1,0,1,0.003030303030303,0.0,0.0059171597633136,216,144,72,540.0,360.0,180.0,0.0,0,0,0,0.5,0.4999999999999998,"psych_curve(xdata=array([-70.,  -8.,  -4.,  -2.,   0.,   2.,   4.,   8.,  70.]), ydata=[0.048, 0.091, 0.19, 0.214, 0.412, 0.278, 0.143, 0.217, 0.533], fit=[0.037, 0.038, 0.039, 0.04, 0.041, 0.042, 0.044, 0.045, 0.046, 0.048, 0.049, 0.051, 0.053, 0.054, 0.056, 0.058, 0.06, 0.063, 0.065, 0.067, 0.07, 0.072, 0.075, 0.078, 0.081, 0.084, 0.088, 0.091, 0.095, 0.098, 0.102, 0.106, 0.111, 0.115, 0.12, 0.124, 0.129, 0.134, 0.14, 0.145, 0.151, 0.156, 0.162, 0.169, 0.175, 0.182, 0.188, 0.195, 0.202, 0.209, 0.216, 0.224, 0.231, 0.239, 0.247, 0.255, 0.263, 0.271, 0.279, 0.287, 0.295, 0.303, 0.311, 0.32, 0.328, 0.336, 0.344, 0.352, 0.36, 0.368, 0.376, 0.384, 0.391, 0.399, 0.406, 0.413, 0.42, 0.427, 0.434, 0.441, 0.447, 0.453, 0.46, 0.465, 0.471, 0.477, 0.482, 0.487, 0.492, 0.497, 0.502, 0.507, 0.511, 0.515, 0.519, 0.523, 0.527, 0.53, 0.534, 0.537], params=[0.04, 17.44, 0.02, 0.4], fit_error=[0.021, 0.091, 0.088, 0.114, 0.123, 0.109, 0.097, 0.088, 0.048])",[-70.  -8.  -4.  -2.   0.   2.   4.   8.  70.],"[0.048, 0.091, 0.19, 0.214, 0.412, 0.278, 0.143, 0.217, 0.533]","[0.037, 0.038, 0.039, 0.04, 0.041, 0.042, 0.044, 0.045, 0.046, 0.048, 0.049, 0.051, 0.053, 0.054, 0.056, 0.058, 0.06, 0.063, 0.065, 0.067, 0.07, 0.072, 0.075, 0.078, 0.081, 0.084, 0.088, 0.091, 0.095, 0.098, 0.102, 0.106, 0.111, 0.115, 0.12, 0.124, 0.129, 0.134, 0.14, 0.145, 0.151, 0.156, 0.162, 0.169, 0.175, 0.182, 0.188, 0.195, 0.202, 0.209, 0.216, 0.224, 0.231, 0.239, 0.247, 0.255, 0.263, 0.271, 0.279, 0.287, 0.295, 0.303, 0.311, 0.32, 0.328, 0.336, 0.344, 0.352, 0.36, 0.368, 0.376, 0.384, 0.391, 0.399, 0.406, 0.413, 0.42, 0.427, 0.434, 0.441, 0.447, 0.453, 0.46, 0.465, 0.471, 0.477, 0.482, 0.487, 0.492, 0.497, 0.502, 0.507, 0.511, 0.515, 0.519, 0.523, 0.527, 0.53, 0.534, 0.537]","[0.021, 0.091, 0.088, 0.114, 0.123, 0.109, 0.097, 0.088, 0.048]","[0.04, 17.44, 0.02, 0.4]",0.04,17.44,0.02,0.4,"psych_curve(xdata=array([-70.,  -8.,  -4.,  -2.,  -0.,   2.,   4.,   8.,  70.]), ydata=[0.421, 0.9, 0.867, 0.722, 0.588, 0.786, 0.85, 0.929, 0.913], fit=[nan, nan, nan, nan, nan, nan, nan, nan, nan, nan, nan, nan, nan, nan, nan, nan, nan, nan, nan, nan, nan, nan, nan, nan, nan, nan, nan, nan, nan, nan, nan, nan, nan, nan, nan, nan, nan, nan, nan, nan, nan, nan, nan, nan, nan, nan, nan, nan, nan, nan, nan, nan, nan, nan, nan, nan, nan, nan, nan, nan, nan, nan, nan, nan, nan, nan, nan, nan, nan, nan, nan, nan, nan, nan, nan, nan, nan, nan, nan, nan, nan, nan, nan, nan, nan, nan, nan, nan, nan, nan, nan, nan, nan, nan, nan, nan, nan, nan, nan, nan], params=[1.19, 3.02, 0.7, 0.08], fit_error=[0.048, 0.069, 0.091, 0.109, 0.123, 0.114, 0.082, 0.071, 0.028])",[-70.  -8.  -4.  -2.   0.   2.   4.   8.  70.],"[0.048, 0.091, 0.19, 0.214, 0.412, 0.278, 0.143, 0.217, 0.533]","[0.037, 0.038, 0.039, 0.04, 0.041, 0.042, 0.044, 0.045, 0.046, 0.048, 0.049, 0.051, 0.053, 0.054, 0.056, 0.058, 0.06, 0.063, 0.065, 0.067, 0.07, 0.072, 0.075, 0.078, 0.081, 0.084, 0.088, 0.091, 0.095, 0.098, 0.102, 0.106, 0.111, 0.115, 0.12, 0.124, 0.129, 0.134, 0.14, 0.145, 0.151, 0.156, 0.162, 0.169, 0.175, 0.182, 0.188, 0.195, 0.202, 0.209, 0.216, 0.224, 0.231, 0.239, 0.247, 0.255, 0.263, 0.271, 0.279, 0.287, 0.295, 0.303, 0.311, 0.32, 0.328, 0.336, 0.344, 0.352, 0.36, 0.368, 0.376, 0.384, 0.391, 0.399, 0.406, 0.413, 0.42, 0.427, 0.434, 0.441, 0.447, 0.453, 0.46, 0.465, 0.471, 0.477, 0.482, 0.487, 0.492, 0.497, 0.502, 0.507, 0.511, 0.515, 0.519, 0.523, 0.527, 0.53, 0.534, 0.537]","[0.021, 0.091, 0.088, 0.114, 0.123, 0.109, 0.097, 0.088, 0.048]","[1.19, 3.02, 0.7, 0.08]",1.19,3.02,0.7,0.08,0.0
2025-08-12,1,,22,Bpod3,341,174,167,153,182,256,122,134,153,98,79,48,31,0.750733137829912,0.7011494252873564,0.8023952095808383,335,170,165,214,92,122,0.6013071895424836,0.6703296703296703,116,57,59,0.3725490196078431,0.3241758241758242,0.764179104477612,0.7176470588235294,0.8121212121212121,0.8325991189427313,0.0944741532976827,0.7149532710280374,0.8448275862068966,-0.1298743151788591,0.635818429936077,0.3483624218918336,6,4,2,0.0175953079178885,0.0229885057471264,0.0119760479041916,256,122,134,640.0,305.0,335.0,0.0,0,0,0,0.5,0.4999999999999998,"psych_curve(xdata=array([-70.,  -8.,  -4.,  -2.,   0.,   2.,   4.,   8.,  70.]), ydata=[0.188, 0.333, 0.562, 0.538, 0.667, 0.75, 0.647, 0.846, 0.855], fit=[0.18, 0.18, 0.18, 0.18, 0.18, 0.18, 0.18, 0.18, 0.18, 0.18, 0.18, 0.18, 0.18, 0.18, 0.18, 0.18, 0.18, 0.18, 0.18, 0.18, 0.18, 0.18, 0.18, 0.18, 0.181, 0.181, 0.181, 0.181, 0.182, 0.183, 0.183, 0.185, 0.186, 0.189, 0.192, 0.196, 0.202, 0.209, 0.219, 0.233, 0.25, 0.272, 0.299, 0.333, 0.373, 0.418, 0.467, 0.519, 0.571, 0.62, 0.664, 0.703, 0.736, 0.762, 0.783, 0.8, 0.812, 0.822, 0.829, 0.835, 0.839, 0.842, 0.844, 0.846, 0.847, 0.848, 0.848, 0.849, 0.849, 0.849, 0.849, 0.85, 0.85, 0.85, 0.85, 0.85, 0.85, 0.85, 0.85, 0.85, 0.85, 0.85, 0.85, 0.85, 0.85, 0.85, 0.85, 0.85, 0.85, 0.85, 0.85, 0.85, 0.85, 0.85, 0.85, 0.85, 0.85, 0.85, 0.85, 0.85], params=[0.22, -3.65, 0.18, 0.15], fit_error=[0.036, 0.114, 0.128, 0.144, 0.126, 0.112, 0.119, 0.104, 0.034])",[-70.  -8.  -4.  -2.   0.   2.   4.   8.  70.],"[0.188, 0.333, 0.562, 0.538, 0.667, 0.75, 0.647, 0.846, 0.855]","[0.18, 0.18, 0.18, 0.18, 0.18, 0.18, 0.18, 0.18, 0.18, 0.18, 0.18, 0.18, 0.18, 0.18, 0.18, 0.18, 0.18, 0.18, 0.18, 0.18, 0.18, 0.18, 0.18, 0.18, 0.181, 0.181, 0.181, 0.181, 0.182, 0.183, 0.183, 0.185, 0.186, 0.189, 0.192, 0.196, 0.202, 0.209, 0.219, 0.233, 0.25, 0.272, 0.299, 0.333, 0.373, 0.418, 0.467, 0.519, 0.571, 0.62, 0.664, 0.703, 0.736, 0.762, 0.783, 0.8, 0.812, 0.822, 0.829, 0.835, 0.839, 0.842, 0.844, 0.846, 0.847, 0.848, 0.848, 0.849, 0.849, 0.849, 0.849, 0.85, 0.85, 0.85, 0.85, 0.85, 0.85, 0.85, 0.85, 0.85, 0.85, 0.85, 0.85, 0.85, 0.85, 0.85, 0.85, 0.85, 0.85, 0.85, 0.85, 0.85, 0.85, 0.85, 0.85, 0.85, 0.85, 0.85, 0.85, 0.85]","[0.036, 0.114, 0.128, 0.144, 0.126, 0.112, 0.119, 0.104, 0.034]","[0.22, -3.65, 0.18, 0.15]",0.22,-3.65,0.18,0.15,"psych_curve(xdata=array([-70.,  -8.,  -4.,  -2.,   0.,   2.,   4.,   8.,  70.]), ydata=[0.297, 0.5, 0.632, 0.583, 0.6, 0.765, 0.786, 0.857, 0.955], fit=[nan, nan, nan, nan, nan, nan, nan, nan, nan, nan, nan, nan, nan, nan, nan, nan, nan, nan, nan, nan, nan, nan, nan, nan, nan, nan, nan, nan, nan, nan, nan, nan, nan, nan, nan, nan, nan, nan, nan, nan, nan, nan, nan, nan, nan, nan, nan, nan, nan, nan, nan, nan, nan, nan, nan, nan, nan, nan, nan, nan, nan, nan, nan, nan, nan, nan, nan, nan, nan, nan, nan, nan, nan, nan, nan, nan, nan, nan, nan, nan, nan, nan, nan, nan, nan, nan, nan, nan, nan, nan, nan, nan, nan, nan, nan, nan, nan, nan, nan, nan], params=[0.15, -1.79, 0.3, 0.04], fit_error=[0.044, 0.167, 0.114, 0.149, 0.131, 0.106, 0.114, 0.078, 0.02])",[-70.  -8.  -4.  -2.   0.   2.   4.   8.  70.],"[0.188, 0.333, 0.562, 0.538, 0.667, 0.75, 0.647, 0.846, 0.855]","[0.18, 0.18, 0.18, 0.18, 0.18, 0.18, 0.18, 0.18, 0.18, 0.18, 0.18, 0.18, 0.18, 0.18, 0.18, 0.18, 0.18, 0.18, 0.18, 0.18, 0.18, 0.18, 0.18, 0.18, 0.181, 0.181, 0.181, 0.181, 0.182, 0.183, 0.183, 0.185, 0.186, 0.189, 0.192, 0.196, 0.202, 0.209, 0.219, 0.233, 0.25, 0.272, 0.299, 0.333, 0.373, 0.418, 0.467, 0.519, 0.571, 0.62, 0.664, 0.703, 0.736, 0.762, 0.783, 0.8, 0.812, 0.822, 0.829, 0.835, 0.839, 0.842, 0.844, 0.846, 0.847, 0.848, 0.848, 0.849, 0.849, 0.849, 0.849, 0.85, 0.85, 0.85, 0.85, 0.85, 0.85, 0.85, 0.85, 0.85, 0.85, 0.85, 0.85, 0.85, 0.85, 0.85, 0.85, 0.85, 0.85, 0.85, 0.85, 0.85, 0.85, 0.85, 0.85, 0.85, 0.85, 0.85, 0.85, 0.85]","[0.036, 0.114, 0.128, 0.144, 0.126, 0.112, 0.119, 0.104, 0.034]","[0.15, -1.79, 0.3, 0.04]",0.15,-1.79,0.3,0.04,1.0
2025-07-15,1,,23,Bpod5,224,109,115,117,105,162,82,80,97,63,60,25,35,0.7232142857142857,0.7522935779816514,0.6956521739130435,222,107,115,139,75,64,0.6410256410256411,0.6095238095238096,81,41,40,0.3504273504273504,0.3809523809523809,0.7297297297297297,0.7663551401869159,0.6956521739130435,0.7777777777777778,-0.0707029662738724,0.697841726618705,0.7777777777777778,-0.0799360511590727,0.6252747252747253,0.3656898656898656,2,2,0,0.0089285714285714,0.018348623853211,0.0,162,82,80,405.0,205.0,200.0,0.0,0,0,0,0.5,0.4999999999999998,"psych_curve(xdata=array([-70.,  -8.,  -4.,  -2.,   0.,   2.,   4.,   8.,  70.]), ydata=[0.23, 0.091, 0.417, 0.125, 0.5, 0.444, 0.385, 0.75, 0.785], fit=[0.19, 0.19, 0.19, 0.19, 0.19, 0.19, 0.19, 0.19, 0.19, 0.19, 0.19, 0.19, 0.19, 0.19, 0.19, 0.19, 0.19, 0.19, 0.19, 0.19, 0.19, 0.19, 0.19, 0.19, 0.19, 0.19, 0.19, 0.19, 0.19, 0.19, 0.19, 0.19, 0.19, 0.19, 0.19, 0.191, 0.191, 0.191, 0.192, 0.193, 0.194, 0.197, 0.2, 0.205, 0.212, 0.222, 0.237, 0.259, 0.288, 0.326, 0.374, 0.431, 0.493, 0.554, 0.611, 0.66, 0.7, 0.729, 0.751, 0.767, 0.778, 0.785, 0.79, 0.793, 0.796, 0.797, 0.798, 0.799, 0.799, 0.799, 0.8, 0.8, 0.8, 0.8, 0.8, 0.8, 0.8, 0.8, 0.8, 0.8, 0.8, 0.8, 0.8, 0.8, 0.8, 0.8, 0.8, 0.8, 0.8, 0.8, 0.8, 0.8, 0.8, 0.8, 0.8, 0.8, 0.8, 0.8, 0.8, 0.8], params=[0.29, 3.59, 0.19, 0.2], fit_error=[0.049, 0.091, 0.149, 0.125, 0.189, 0.176, 0.14, 0.164, 0.047])",[-70.  -8.  -4.  -2.   0.   2.   4.   8.  70.],"[0.23, 0.091, 0.417, 0.125, 0.5, 0.444, 0.385, 0.75, 0.785]","[0.19, 0.19, 0.19, 0.19, 0.19, 0.19, 0.19, 0.19, 0.19, 0.19, 0.19, 0.19, 0.19, 0.19, 0.19, 0.19, 0.19, 0.19, 0.19, 0.19, 0.19, 0.19, 0.19, 0.19, 0.19, 0.19, 0.19, 0.19, 0.19, 0.19, 0.19, 0.19, 0.19, 0.19, 0.19, 0.191, 0.191, 0.191, 0.192, 0.193, 0.194, 0.197, 0.2, 0.205, 0.212, 0.222, 0.237, 0.259, 0.288, 0.326, 0.374, 0.431, 0.493, 0.554, 0.611, 0.66, 0.7, 0.729, 0.751, 0.767, 0.778, 0.785, 0.79, 0.793, 0.796, 0.797, 0.798, 0.799, 0.799, 0.799, 0.8, 0.8, 0.8, 0.8, 0.8, 0.8, 0.8, 0.8, 0.8, 0.8, 0.8, 0.8, 0.8, 0.8, 0.8, 0.8, 0.8, 0.8, 0.8, 0.8, 0.8, 0.8, 0.8, 0.8, 0.8, 0.8, 0.8, 0.8, 0.8, 0.8]","[0.049, 0.091, 0.149, 0.125, 0.189, 0.176, 0.14, 0.164, 0.047]","[0.29, 3.59, 0.19, 0.2]",0.29,3.59,0.19,0.2,"psych_curve(xdata=array([-70.,  -8.,  -4.,  -2.,   0.,   2.,   4.,   8.,  70.]), ydata=[0.351, 0.143, 0.615, 0.571, 0.75, 0.8, 0.583, 0.833, 0.896], fit=[nan, nan, nan, nan, nan, nan, nan, nan, nan, nan, nan, nan, nan, nan, nan, nan, nan, nan, nan, nan, nan, nan, nan, nan, nan, nan, nan, nan, nan, nan, nan, nan, nan, nan, nan, nan, nan, nan, nan, nan, nan, nan, nan, nan, nan, nan, nan, nan, nan, nan, nan, nan, nan, nan, nan, nan, nan, nan, nan, nan, nan, nan, nan, nan, nan, nan, nan, nan, nan, nan, nan, nan, nan, nan, nan, nan, nan, nan, nan, nan, nan, nan, nan, nan, nan, nan, nan, nan, nan, nan, nan, nan, nan, nan, nan, nan, nan, nan, nan, nan], params=[0.71, -4.14, 0.25, 0.23], fit_error=[0.056, 0.143, 0.14, 0.202, 0.164, 0.133, 0.149, 0.112, 0.035])",[-70.  -8.  -4.  -2.   0.   2.   4.   8.  70.],"[0.23, 0.091, 0.417, 0.125, 0.5, 0.444, 0.385, 0.75, 0.785]","[0.19, 0.19, 0.19, 0.19, 0.19, 0.19, 0.19, 0.19, 0.19, 0.19, 0.19, 0.19, 0.19, 0.19, 0.19, 0.19, 0.19, 0.19, 0.19, 0.19, 0.19, 0.19, 0.19, 0.19, 0.19, 0.19, 0.19, 0.19, 0.19, 0.19, 0.19, 0.19, 0.19, 0.19, 0.19, 0.191, 0.191, 0.191, 0.192, 0.193, 0.194, 0.197, 0.2, 0.205, 0.212, 0.222, 0.237, 0.259, 0.288, 0.326, 0.374, 0.431, 0.493, 0.554, 0.611, 0.66, 0.7, 0.729, 0.751, 0.767, 0.778, 0.785, 0.79, 0.793, 0.796, 0.797, 0.798, 0.799, 0.799, 0.799, 0.8, 0.8, 0.8, 0.8, 0.8, 0.8, 0.8, 0.8, 0.8, 0.8, 0.8, 0.8, 0.8, 0.8, 0.8, 0.8, 0.8, 0.8, 0.8, 0.8, 0.8, 0.8, 0.8, 0.8, 0.8, 0.8, 0.8, 0.8, 0.8, 0.8]","[0.049, 0.091, 0.149, 0.125, 0.189, 0.176, 0.14, 0.164, 0.047]","[0.71, -4.14, 0.25, 0.23]",0.71,-4.14,0.25,0.23,0.0
2025-07-16,2,,23,Bpod5,329,166,163,229,94,212,140,72,150,59,111,22,89,0.6443768996960486,0.8433734939759037,0.4417177914110429,323,162,161,243,188,55,0.8209606986899564,0.5851063829787234,75,38,37,0.1659388646288209,0.3936170212765957,0.6563467492260062,0.8641975308641975,0.4472049689440994,0.7414634146341463,-0.4169925619200981,0.6172839506172839,0.7866666666666666,-0.1693827160493827,0.7030335408343399,0.2797779429527083,6,4,2,0.0182370820668693,0.0240963855421686,0.0122699386503067,212,140,72,530.0,350.0,180.0,0.0,0,0,0,0.5,0.4999999999999998,"psych_curve(xdata=array([-70.,  -8.,  -4.,  -2.,   0.,   2.,   4.,   8.,  70.]), ydata=[0.162, 0.0, 0.143, 0.0, 0.176, 0.2, 0.056, 0.2, 0.64], fit=[0.1, 0.1, 0.1, 0.1, 0.1, 0.1, 0.1, 0.1, 0.1, 0.1, 0.1, 0.1, 0.1, 0.1, 0.1, 0.1, 0.1, 0.1, 0.1, 0.1, 0.1, 0.1, 0.1, 0.1, 0.1, 0.1, 0.1, 0.1, 0.1, 0.1, 0.1, 0.1, 0.1, 0.1, 0.1, 0.1, 0.1, 0.1, 0.1, 0.1, 0.1, 0.1, 0.101, 0.101, 0.101, 0.102, 0.103, 0.104, 0.106, 0.109, 0.114, 0.12, 0.13, 0.144, 0.164, 0.191, 0.226, 0.27, 0.32, 0.375, 0.43, 0.479, 0.522, 0.555, 0.581, 0.599, 0.612, 0.621, 0.627, 0.632, 0.634, 0.636, 0.637, 0.638, 0.639, 0.639, 0.64, 0.64, 0.64, 0.64, 0.64, 0.64, 0.64, 0.64, 0.64, 0.64, 0.64, 0.64, 0.64, 0.64, 0.64, 0.64, 0.64, 0.64, 0.64, 0.64, 0.64, 0.64, 0.64, 0.64], params=[0.29, 13.3, 0.1, 0.36], fit_error=[0.036, 0.0, 0.097, 0.0, 0.095, 0.107, 0.056, 0.092, 0.048])",[-70.  -8.  -4.  -2.   0.   2.   4.   8.  70.],"[0.162, 0.0, 0.143, 0.0, 0.176, 0.2, 0.056, 0.2, 0.64]","[0.1, 0.1, 0.1, 0.1, 0.1, 0.1, 0.1, 0.1, 0.1, 0.1, 0.1, 0.1, 0.1, 0.1, 0.1, 0.1, 0.1, 0.1, 0.1, 0.1, 0.1, 0.1, 0.1, 0.1, 0.1, 0.1, 0.1, 0.1, 0.1, 0.1, 0.1, 0.1, 0.1, 0.1, 0.1, 0.1, 0.1, 0.1, 0.1, 0.1, 0.1, 0.1, 0.101, 0.101, 0.101, 0.102, 0.103, 0.104, 0.106, 0.109, 0.114, 0.12, 0.13, 0.144, 0.164, 0.191, 0.226, 0.27, 0.32, 0.375, 0.43, 0.479, 0.522, 0.555, 0.581, 0.599, 0.612, 0.621, 0.627, 0.632, 0.634, 0.636, 0.637, 0.638, 0.639, 0.639, 0.64, 0.64, 0.64, 0.64, 0.64, 0.64, 0.64, 0.64, 0.64, 0.64, 0.64, 0.64, 0.64, 0.64, 0.64, 0.64, 0.64, 0.64, 0.64, 0.64, 0.64, 0.64, 0.64, 0.64]","[0.036, 0.0, 0.097, 0.0, 0.095, 0.107, 0.056, 0.092, 0.048]","[0.29, 13.3, 0.1, 0.36]",0.29,13.3,0.1,0.36,"psych_curve(xdata=array([-70.,  -8.,  -4.,  -2.,   0.,   2.,   4.,   8.,  70.]), ydata=[0.469, 0.714, 0.933, 1.0, 0.824, 0.875, 0.706, 0.955, 0.951], fit=[nan, nan, nan, nan, nan, nan, nan, nan, nan, nan, nan, nan, nan, nan, nan, nan, nan, nan, nan, nan, nan, nan, nan, nan, nan, nan, nan, nan, nan, nan, nan, nan, nan, nan, nan, nan, nan, nan, nan, nan, nan, nan, nan, nan, nan, nan, nan, nan, nan, nan, nan, nan, nan, nan, nan, nan, nan, nan, nan, nan, nan, nan, nan, nan, nan, nan, nan, nan, nan, nan, nan, nan, nan, nan, nan, nan, nan, nan, nan, nan, nan, nan, nan, nan, nan, nan, nan, nan, nan, nan, nan, nan, nan, nan, nan, nan, nan, nan, nan, nan], params=[0.0, -4.91, -2.39, -3.01], fit_error=[0.051, 0.101, 0.067, 0.0, 0.095, 0.085, 0.114, 0.045, 0.021])",[-70.  -8.  -4.  -2.   0.   2.   4.   8.  70.],"[0.162, 0.0, 0.143, 0.0, 0.176, 0.2, 0.056, 0.2, 0.64]","[0.1, 0.1, 0.1, 0.1, 0.1, 0.1, 0.1, 0.1, 0.1, 0.1, 0.1, 0.1, 0.1, 0.1, 0.1, 0.1, 0.1, 0.1, 0.1, 0.1, 0.1, 0.1, 0.1, 0.1, 0.1, 0.1, 0.1, 0.1, 0.1, 0.1, 0.1, 0.1, 0.1, 0.1, 0.1, 0.1, 0.1, 0.1, 0.1, 0.1, 0.1, 0.1, 0.101, 0.101, 0.101, 0.102, 0.103, 0.104, 0.106, 0.109, 0.114, 0.12, 0.13, 0.144, 0.164, 0.191, 0.226, 0.27, 0.32, 0.375, 0.43, 0.479, 0.522, 0.555, 0.581, 0.599, 0.612, 0.621, 0.627, 0.632, 0.634, 0.636, 0.637, 0.638, 0.639, 0.639, 0.64, 0.64, 0.64, 0.64, 0.64, 0.64, 0.64, 0.64, 0.64, 0.64, 0.64, 0.64, 0.64, 0.64, 0.64, 0.64, 0.64, 0.64, 0.64, 0.64, 0.64, 0.64, 0.64, 0.64]","[0.036, 0.0, 0.097, 0.0, 0.095, 0.107, 0.056, 0.092, 0.048]","[0.0, -4.91, -2.39, -3.01]",0.0,-4.91,-2.39,-3.01,1.0
2025-07-21,0,,23,Bpod5,297,157,140,181,109,209,127,82,128,75,81,27,54,0.7037037037037037,0.8089171974522293,0.5857142857142857,290,154,136,196,133,63,0.7348066298342542,0.5779816513761468,88,43,45,0.2375690607734806,0.4128440366972477,0.7206896551724138,0.8246753246753247,0.6029411764705882,0.8072916666666666,-0.2217341482047364,0.6530612244897959,0.8522727272727273,-0.1992115027829314,0.6563941406052005,0.3252065487353642,7,3,4,0.0235690235690235,0.019108280254777,0.0285714285714285,209,127,82,522.5,317.5,205.0,0.0,0,0,0,0.5,0.4999999999999999,"psych_curve(xdata=array([-70.,  -8.,  -4.,  -2.,   0.,   2.,   4.,   8.,  70.]), ydata=[0.132, 0.154, 0.438, 0.154, 0.417, 0.143, 0.571, 0.375, 0.733], fit=[0.12, 0.12, 0.12, 0.12, 0.12, 0.121, 0.121, 0.121, 0.121, 0.121, 0.121, 0.121, 0.121, 0.122, 0.122, 0.122, 0.122, 0.123, 0.123, 0.124, 0.124, 0.125, 0.126, 0.127, 0.128, 0.129, 0.13, 0.132, 0.133, 0.135, 0.138, 0.14, 0.143, 0.146, 0.15, 0.154, 0.159, 0.165, 0.171, 0.178, 0.186, 0.195, 0.205, 0.216, 0.228, 0.241, 0.255, 0.27, 0.287, 0.305, 0.323, 0.343, 0.363, 0.384, 0.406, 0.427, 0.449, 0.47, 0.491, 0.511, 0.53, 0.549, 0.566, 0.583, 0.598, 0.612, 0.625, 0.637, 0.647, 0.657, 0.665, 0.673, 0.68, 0.686, 0.692, 0.696, 0.701, 0.704, 0.708, 0.71, 0.713, 0.715, 0.717, 0.719, 0.72, 0.721, 0.723, 0.724, 0.724, 0.725, 0.726, 0.726, 0.727, 0.727, 0.728, 0.728, 0.728, 0.728, 0.729, 0.729], params=[0.1, 7.64, 0.12, 0.27], fit_error=[0.033, 0.104, 0.128, 0.104, 0.149, 0.097, 0.137, 0.125, 0.048])",[-70.  -8.  -4.  -2.   0.   2.   4.   8.  70.],"[0.132, 0.154, 0.438, 0.154, 0.417, 0.143, 0.571, 0.375, 0.733]","[0.12, 0.12, 0.12, 0.12, 0.12, 0.121, 0.121, 0.121, 0.121, 0.121, 0.121, 0.121, 0.121, 0.122, 0.122, 0.122, 0.122, 0.123, 0.123, 0.124, 0.124, 0.125, 0.126, 0.127, 0.128, 0.129, 0.13, 0.132, 0.133, 0.135, 0.138, 0.14, 0.143, 0.146, 0.15, 0.154, 0.159, 0.165, 0.171, 0.178, 0.186, 0.195, 0.205, 0.216, 0.228, 0.241, 0.255, 0.27, 0.287, 0.305, 0.323, 0.343, 0.363, 0.384, 0.406, 0.427, 0.449, 0.47, 0.491, 0.511, 0.53, 0.549, 0.566, 0.583, 0.598, 0.612, 0.625, 0.637, 0.647, 0.657, 0.665, 0.673, 0.68, 0.686, 0.692, 0.696, 0.701, 0.704, 0.708, 0.71, 0.713, 0.715, 0.717, 0.719, 0.72, 0.721, 0.723, 0.724, 0.724, 0.725, 0.726, 0.726, 0.727, 0.727, 0.728, 0.728, 0.728, 0.728, 0.729, 0.729]","[0.033, 0.104, 0.128, 0.104, 0.149, 0.097, 0.137, 0.125, 0.048]","[0.1, 7.64, 0.12, 0.27]",0.1,7.64,0.12,0.27,"psych_curve(xdata=array([-70.,  -8.,  -4.,  -2.,  -0.,   2.,   4.,   8.,  70.]), ydata=[0.337, 0.571, 0.786, 0.769, 0.917, 0.714, 0.875, 1.0, 0.928], fit=[nan, nan, nan, nan, nan, nan, nan, nan, nan, nan, nan, nan, nan, nan, nan, nan, nan, nan, nan, nan, nan, nan, nan, nan, nan, nan, nan, nan, nan, nan, nan, nan, nan, nan, nan, nan, nan, nan, nan, nan, nan, nan, nan, nan, nan, nan, nan, nan, nan, nan, nan, nan, nan, nan, nan, nan, nan, nan, nan, nan, nan, nan, nan, nan, nan, nan, nan, nan, nan, nan, nan, nan, nan, nan, nan, nan, nan, nan, nan, nan, nan, nan, nan, nan, nan, nan, nan, nan, nan, nan, nan, nan, nan, nan, nan, nan, nan, nan, nan, nan], params=[0.22, -6.89, 0.33, 0.06], fit_error=[0.05, 0.111, 0.114, 0.122, 0.083, 0.125, 0.085, 0.0, 0.026])",[-70.  -8.  -4.  -2.   0.   2.   4.   8.  70.],"[0.132, 0.154, 0.438, 0.154, 0.417, 0.143, 0.571, 0.375, 0.733]","[0.12, 0.12, 0.12, 0.12, 0.12, 0.121, 0.121, 0.121, 0.121, 0.121, 0.121, 0.121, 0.121, 0.122, 0.122, 0.122, 0.122, 0.123, 0.123, 0.124, 0.124, 0.125, 0.126, 0.127, 0.128, 0.129, 0.13, 0.132, 0.133, 0.135, 0.138, 0.14, 0.143, 0.146, 0.15, 0.154, 0.159, 0.165, 0.171, 0.178, 0.186, 0.195, 0.205, 0.216, 0.228, 0.241, 0.255, 0.27, 0.287, 0.305, 0.323, 0.343, 0.363, 0.384, 0.406, 0.427, 0.449, 0.47, 0.491, 0.511, 0.53, 0.549, 0.566, 0.583, 0.598, 0.612, 0.625, 0.637, 0.647, 0.657, 0.665, 0.673, 0.68, 0.686, 0.692, 0.696, 0.701, 0.704, 0.708, 0.71, 0.713, 0.715, 0.717, 0.719, 0.72, 0.721, 0.723, 0.724, 0.724, 0.725, 0.726, 0.726, 0.727, 0.727, 0.728, 0.728, 0.728, 0.728, 0.729, 0.729]","[0.033, 0.104, 0.128, 0.104, 0.149, 0.097, 0.137, 0.125, 0.048]","[0.22, -6.89, 0.33, 0.06]",0.22,-6.89,0.33,0.06,0.0
2025-07-22,1,,23,Bpod5,318,149,169,236,78,170,120,50,127,41,144,28,116,0.5345911949685535,0.8053691275167785,0.2958579881656805,314,148,166,264,209,55,0.885593220338983,0.7051282051282052,45,23,22,0.097457627118644,0.282051282051282,0.5414012738853503,0.8108108108108109,0.3012048192771084,0.5728155339805825,-0.5096059915337023,0.4810606060606061,0.9111111111111112,-0.430050505050505,0.7953607127335941,0.189754454584963,4,1,3,0.0125786163522012,0.0067114093959731,0.0177514792899408,170,120,50,425.0,300.0,125.0,0.0,0,0,0,0.5,0.4999999999999998,"psych_curve(xdata=array([-70.,  -8.,  -4.,  -2.,   0.,   2.,   4.,   8.,  70.]), ydata=[0.214, 0.0, 0.091, 0.176, 0.15, 0.263, 0.2, 0.2, 0.359], fit=[0.12, 0.12, 0.12, 0.12, 0.12, 0.12, 0.12, 0.12, 0.12, 0.12, 0.12, 0.12, 0.12, 0.12, 0.12, 0.12, 0.12, 0.12, 0.12, 0.12, 0.12, 0.12, 0.12, 0.12, 0.12, 0.12, 0.12, 0.12, 0.12, 0.12, 0.12, 0.12, 0.12, 0.12, 0.12, 0.121, 0.121, 0.121, 0.122, 0.122, 0.123, 0.124, 0.125, 0.127, 0.129, 0.132, 0.136, 0.141, 0.148, 0.156, 0.166, 0.177, 0.191, 0.206, 0.223, 0.24, 0.257, 0.273, 0.287, 0.3, 0.31, 0.319, 0.326, 0.332, 0.336, 0.34, 0.342, 0.344, 0.346, 0.347, 0.348, 0.348, 0.349, 0.349, 0.349, 0.349, 0.35, 0.35, 0.35, 0.35, 0.35, 0.35, 0.35, 0.35, 0.35, 0.35, 0.35, 0.35, 0.35, 0.35, 0.35, 0.35, 0.35, 0.35, 0.35, 0.35, 0.35, 0.35, 0.35, 0.35], params=[0.21, 7.36, 0.12, 0.65], fit_error=[0.041, 0.0, 0.091, 0.095, 0.082, 0.104, 0.107, 0.092, 0.048])",[-70.  -8.  -4.  -2.   0.   2.   4.   8.  70.],"[0.214, 0.0, 0.091, 0.176, 0.15, 0.263, 0.2, 0.2, 0.359]","[0.12, 0.12, 0.12, 0.12, 0.12, 0.12, 0.12, 0.12, 0.12, 0.12, 0.12, 0.12, 0.12, 0.12, 0.12, 0.12, 0.12, 0.12, 0.12, 0.12, 0.12, 0.12, 0.12, 0.12, 0.12, 0.12, 0.12, 0.12, 0.12, 0.12, 0.12, 0.12, 0.12, 0.12, 0.12, 0.121, 0.121, 0.121, 0.122, 0.122, 0.123, 0.124, 0.125, 0.127, 0.129, 0.132, 0.136, 0.141, 0.148, 0.156, 0.166, 0.177, 0.191, 0.206, 0.223, 0.24, 0.257, 0.273, 0.287, 0.3, 0.31, 0.319, 0.326, 0.332, 0.336, 0.34, 0.342, 0.344, 0.346, 0.347, 0.348, 0.348, 0.349, 0.349, 0.349, 0.349, 0.35, 0.35, 0.35, 0.35, 0.35, 0.35, 0.35, 0.35, 0.35, 0.35, 0.35, 0.35, 0.35, 0.35, 0.35, 0.35, 0.35, 0.35, 0.35, 0.35, 0.35, 0.35, 0.35, 0.35]","[0.041, 0.0, 0.091, 0.095, 0.082, 0.104, 0.107, 0.092, 0.048]","[0.21, 7.36, 0.12, 0.65]",0.21,7.36,0.12,0.65,"psych_curve(xdata=array([-70.,  -8.,  -4.,  -2.,   0.,   2.,   4.,   8.,  70.]), ydata=[0.718, 0.875, 0.867, 0.842, 0.95, 1.0, 1.0, 0.875, 0.966], fit=[nan, nan, nan, nan, nan, nan, nan, nan, nan, nan, nan, nan, nan, nan, nan, nan, nan, nan, nan, nan, nan, nan, nan, nan, nan, nan, nan, nan, nan, nan, nan, nan, nan, nan, nan, nan, nan, nan, nan, nan, nan, nan, nan, nan, nan, nan, nan, nan, nan, nan, nan, nan, nan, nan, nan, nan, nan, nan, nan, nan, nan, nan, nan, nan, nan, nan, nan, nan, nan, nan, nan, nan, nan, nan, nan, nan, nan, nan, nan, nan, nan, nan, nan, nan, nan, nan, nan, nan, nan, nan, nan, nan, nan, nan, nan, nan, nan, nan, nan, nan], params=[2.0, -1.23, 0.82, 0.04], fit_error=[0.042, 0.085, 0.091, 0.086, 0.05, 0.0, 0.0, 0.125, 0.02])",[-70.  -8.  -4.  -2.   0.   2.   4.   8.  70.],"[0.214, 0.0, 0.091, 0.176, 0.15, 0.263, 0.2, 0.2, 0.359]","[0.12, 0.12, 0.12, 0.12, 0.12, 0.12, 0.12, 0.12, 0.12, 0.12, 0.12, 0.12, 0.12, 0.12, 0.12, 0.12, 0.12, 0.12, 0.12, 0.12, 0.12, 0.12, 0.12, 0.12, 0.12, 0.12, 0.12, 0.12, 0.12, 0.12, 0.12, 0.12, 0.12, 0.12, 0.12, 0.121, 0.121, 0.121, 0.122, 0.122, 0.123, 0.124, 0.125, 0.127, 0.129, 0.132, 0.136, 0.141, 0.148, 0.156, 0.166, 0.177, 0.191, 0.206, 0.223, 0.24, 0.257, 0.273, 0.287, 0.3, 0.31, 0.319, 0.326, 0.332, 0.336, 0.34, 0.342, 0.344, 0.346, 0.347, 0.348, 0.348, 0.349, 0.349, 0.349, 0.349, 0.35, 0.35, 0.35, 0.35, 0.35, 0.35, 0.35, 0.35, 0.35, 0.35, 0.35, 0.35, 0.35, 0.35, 0.35, 0.35, 0.35, 0.35, 0.35, 0.35, 0.35, 0.35, 0.35, 0.35]","[0.041, 0.0, 0.091, 0.095, 0.082, 0.104, 0.107, 0.092, 0.048]","[2.0, -1.23, 0.82, 0.04]",2.0,-1.23,0.82,0.04,1.0
2025-07-31,3,,23,Bpod5,325,157,168,147,170,193,88,105,134,57,124,65,59,0.5938461538461538,0.5605095541401274,0.625,317,153,164,233,102,131,0.6938775510204082,0.7705882352941177,77,39,38,0.2653061224489796,0.2235294117647059,0.6088328075709779,0.5751633986928104,0.6402439024390244,0.6682926829268293,0.0650805037462139,0.575107296137339,0.7402597402597403,-0.1651524441224012,0.7322328931572629,0.2444177671068427,8,4,4,0.0246153846153846,0.0254777070063694,0.0238095238095238,193,88,105,482.5,220.0,262.5,0.0,0,0,0,0.5,0.4999999999999998,"psych_curve(xdata=array([-70.,  -8.,  -4.,  -2.,   0.,   2.,   4.,   8.,  70.]), ydata=[0.371, 0.455, 0.588, 0.429, 0.667, 0.524, 0.357, 0.625, 0.704], fit=[0.367, 0.368, 0.369, 0.37, 0.371, 0.373, 0.374, 0.375, 0.376, 0.378, 0.379, 0.381, 0.383, 0.384, 0.386, 0.388, 0.39, 0.392, 0.394, 0.396, 0.399, 0.401, 0.404, 0.407, 0.409, 0.412, 0.415, 0.418, 0.422, 0.425, 0.428, 0.432, 0.436, 0.439, 0.443, 0.447, 0.452, 0.456, 0.46, 0.465, 0.469, 0.474, 0.479, 0.484, 0.488, 0.493, 0.499, 0.504, 0.509, 0.514, 0.519, 0.525, 0.53, 0.536, 0.541, 0.546, 0.552, 0.557, 0.562, 0.568, 0.573, 0.578, 0.583, 0.588, 0.593, 0.598, 0.603, 0.608, 0.612, 0.617, 0.621, 0.626, 0.63, 0.634, 0.638, 0.642, 0.646, 0.649, 0.653, 0.656, 0.66, 0.663, 0.666, 0.669, 0.672, 0.674, 0.677, 0.68, 0.682, 0.684, 0.686, 0.689, 0.691, 0.693, 0.694, 0.696, 0.698, 0.7, 0.701, 0.703], params=[0.04, 6.13, 0.35, 0.27], fit_error=[0.049, 0.157, 0.123, 0.111, 0.142, 0.112, 0.133, 0.125, 0.044])",[-70.  -8.  -4.  -2.   0.   2.   4.   8.  70.],"[0.371, 0.455, 0.588, 0.429, 0.667, 0.524, 0.357, 0.625, 0.704]","[0.367, 0.368, 0.369, 0.37, 0.371, 0.373, 0.374, 0.375, 0.376, 0.378, 0.379, 0.381, 0.383, 0.384, 0.386, 0.388, 0.39, 0.392, 0.394, 0.396, 0.399, 0.401, 0.404, 0.407, 0.409, 0.412, 0.415, 0.418, 0.422, 0.425, 0.428, 0.432, 0.436, 0.439, 0.443, 0.447, 0.452, 0.456, 0.46, 0.465, 0.469, 0.474, 0.479, 0.484, 0.488, 0.493, 0.499, 0.504, 0.509, 0.514, 0.519, 0.525, 0.53, 0.536, 0.541, 0.546, 0.552, 0.557, 0.562, 0.568, 0.573, 0.578, 0.583, 0.588, 0.593, 0.598, 0.603, 0.608, 0.612, 0.617, 0.621, 0.626, 0.63, 0.634, 0.638, 0.642, 0.646, 0.649, 0.653, 0.656, 0.66, 0.663, 0.666, 0.669, 0.672, 0.674, 0.677, 0.68, 0.682, 0.684, 0.686, 0.689, 0.691, 0.693, 0.694, 0.696, 0.698, 0.7, 0.701, 0.703]","[0.049, 0.157, 0.123, 0.111, 0.142, 0.112, 0.133, 0.125, 0.044]","[0.04, 6.13, 0.35, 0.27]",0.04,6.13,0.35,0.27,"psych_curve(xdata=array([-70.,  -8.,  -4.,  -2.,   0.,   2.,   4.,   8.,  70.]), ydata=[0.612, 0.615, 0.7, 0.684, 0.583, 0.727, 0.667, 0.846, 0.942], fit=[nan, nan, nan, nan, nan, nan, nan, nan, nan, nan, nan, nan, nan, nan, nan, nan, nan, nan, nan, nan, nan, nan, nan, nan, nan, nan, nan, nan, nan, nan, nan, nan, nan, nan, nan, nan, nan, nan, nan, nan, nan, nan, nan, nan, nan, nan, nan, nan, nan, nan, nan, nan, nan, nan, nan, nan, nan, nan, nan, nan, nan, nan, nan, nan, nan, nan, nan, nan, nan, nan, nan, nan, nan, nan, nan, nan, nan, nan, nan, nan, nan, nan, nan, nan, nan, nan, nan, nan, nan, nan, nan, nan, nan, nan, nan, nan, nan, nan, nan, nan], params=[0.58, 6.87, 0.65, 0.06], fit_error=[0.049, 0.14, 0.105, 0.11, 0.149, 0.097, 0.167, 0.104, 0.023])",[-70.  -8.  -4.  -2.   0.   2.   4.   8.  70.],"[0.371, 0.455, 0.588, 0.429, 0.667, 0.524, 0.357, 0.625, 0.704]","[0.367, 0.368, 0.369, 0.37, 0.371, 0.373, 0.374, 0.375, 0.376, 0.378, 0.379, 0.381, 0.383, 0.384, 0.386, 0.388, 0.39, 0.392, 0.394, 0.396, 0.399, 0.401, 0.404, 0.407, 0.409, 0.412, 0.415, 0.418, 0.422, 0.425, 0.428, 0.432, 0.436, 0.439, 0.443, 0.447, 0.452, 0.456, 0.46, 0.465, 0.469, 0.474, 0.479, 0.484, 0.488, 0.493, 0.499, 0.504, 0.509, 0.514, 0.519, 0.525, 0.53, 0.536, 0.541, 0.546, 0.552, 0.557, 0.562, 0.568, 0.573, 0.578, 0.583, 0.588, 0.593, 0.598, 0.603, 0.608, 0.612, 0.617, 0.621, 0.626, 0.63, 0.634, 0.638, 0.642, 0.646, 0.649, 0.653, 0.656, 0.66, 0.663, 0.666, 0.669, 0.672, 0.674, 0.677, 0.68, 0.682, 0.684, 0.686, 0.689, 0.691, 0.693, 0.694, 0.696, 0.698, 0.7, 0.701, 0.703]","[0.049, 0.157, 0.123, 0.111, 0.142, 0.112, 0.133, 0.125, 0.044]","[0.58, 6.87, 0.65, 0.06]",0.58,6.87,0.65,0.06,0.0
2025-08-01,4,,23,Bpod5,321,154,167,163,148,178,90,88,143,30,133,60,73,0.5545171339563862,0.5844155844155844,0.5269461077844312,311,150,161,266,138,128,0.8466257668711656,0.8648648648648649,37,19,18,0.1165644171779141,0.1216216216216216,0.572347266881029,0.6,0.546583850931677,0.5865384615384616,-0.0534161490683229,0.5375939849624061,0.8108108108108109,-0.2732168258484048,0.8557453158680153,0.1190930193997678,10,4,6,0.0311526479750778,0.0259740259740259,0.0359281437125748,178,90,88,445.0,225.0,220.0,0.0,0,0,0,0.5,0.4999999999999998,"psych_curve(xdata=array([-70.,  -8.,  -4.,  -2.,   0.,   2.,   4.,   8.,  70.]), ydata=[0.408, 0.571, 0.1, 0.471, 0.273, 0.389, 0.643, 0.474, 0.581], fit=[0.36, 0.36, 0.36, 0.36, 0.36, 0.36, 0.36, 0.36, 0.36, 0.36, 0.36, 0.36, 0.36, 0.36, 0.36, 0.36, 0.36, 0.36, 0.36, 0.36, 0.36, 0.36, 0.36, 0.36, 0.36, 0.36, 0.36, 0.36, 0.36, 0.36, 0.36, 0.36, 0.36, 0.36, 0.36, 0.36, 0.36, 0.36, 0.36, 0.36, 0.36, 0.36, 0.36, 0.36, 0.36, 0.36, 0.36, 0.36, 0.36, 0.36, 0.36, 0.418, 0.57, 0.57, 0.57, 0.57, 0.57, 0.57, 0.57, 0.57, 0.57, 0.57, 0.57, 0.57, 0.57, 0.57, 0.57, 0.57, 0.57, 0.57, 0.57, 0.57, 0.57, 0.57, 0.57, 0.57, 0.57, 0.57, 0.57, 0.57, 0.57, 0.57, 0.57, 0.57, 0.57, 0.57, 0.57, 0.57, 0.57, 0.57, 0.57, 0.57, 0.57, 0.57, 0.57, 0.57, 0.57, 0.57, 0.57, 0.57], params=[8.12, 2.24, 0.36, 0.43], fit_error=[0.049, 0.137, 0.1, 0.125, 0.141, 0.118, 0.133, 0.118, 0.048])",[-70.  -8.  -4.  -2.   0.   2.   4.   8.  70.],"[0.408, 0.571, 0.1, 0.471, 0.273, 0.389, 0.643, 0.474, 0.581]","[0.36, 0.36, 0.36, 0.36, 0.36, 0.36, 0.36, 0.36, 0.36, 0.36, 0.36, 0.36, 0.36, 0.36, 0.36, 0.36, 0.36, 0.36, 0.36, 0.36, 0.36, 0.36, 0.36, 0.36, 0.36, 0.36, 0.36, 0.36, 0.36, 0.36, 0.36, 0.36, 0.36, 0.36, 0.36, 0.36, 0.36, 0.36, 0.36, 0.36, 0.36, 0.36, 0.36, 0.36, 0.36, 0.36, 0.36, 0.36, 0.36, 0.36, 0.36, 0.418, 0.57, 0.57, 0.57, 0.57, 0.57, 0.57, 0.57, 0.57, 0.57, 0.57, 0.57, 0.57, 0.57, 0.57, 0.57, 0.57, 0.57, 0.57, 0.57, 0.57, 0.57, 0.57, 0.57, 0.57, 0.57, 0.57, 0.57, 0.57, 0.57, 0.57, 0.57, 0.57, 0.57, 0.57, 0.57, 0.57, 0.57, 0.57, 0.57, 0.57, 0.57, 0.57, 0.57, 0.57, 0.57, 0.57, 0.57, 0.57]","[0.049, 0.137, 0.1, 0.125, 0.141, 0.118, 0.133, 0.118, 0.048]","[8.12, 2.24, 0.36, 0.43]",8.12,2.24,0.36,0.43,"psych_curve(xdata=array([-70.,  -8.,  -4.,  -2.,   0.,   2.,   4.,   8.,  70.]), ydata=[0.784, 0.857, 0.545, 1.0, 1.0, 0.889, 1.0, 1.0, 0.95], fit=[nan, nan, nan, nan, nan, nan, nan, nan, nan, nan, nan, nan, nan, nan, nan, nan, nan, nan, nan, nan, nan, nan, nan, nan, nan, nan, nan, nan, nan, nan, nan, nan, nan, nan, nan, nan, nan, nan, nan, nan, nan, nan, nan, nan, nan, nan, nan, nan, nan, nan, nan, nan, nan, nan, nan, nan, nan, nan, nan, nan, nan, nan, nan, nan, nan, nan, nan, nan, nan, nan, nan, nan, nan, nan, nan, nan, nan, nan, nan, nan, nan, nan, nan, nan, nan, nan, nan, nan, nan, nan, nan, nan, nan, nan, nan, nan, nan, nan, nan, nan], params=[15.48, -3.03, 0.73, 0.03], fit_error=[0.041, 0.078, 0.157, 0.0, 0.0, 0.076, 0.0, 0.0, 0.022])",[-70.  -8.  -4.  -2.   0.   2.   4.   8.  70.],"[0.408, 0.571, 0.1, 0.471, 0.273, 0.389, 0.643, 0.474, 0.581]","[0.36, 0.36, 0.36, 0.36, 0.36, 0.36, 0.36, 0.36, 0.36, 0.36, 0.36, 0.36, 0.36, 0.36, 0.36, 0.36, 0.36, 0.36, 0.36, 0.36, 0.36, 0.36, 0.36, 0.36, 0.36, 0.36, 0.36, 0.36, 0.36, 0.36, 0.36, 0.36, 0.36, 0.36, 0.36, 0.36, 0.36, 0.36, 0.36, 0.36, 0.36, 0.36, 0.36, 0.36, 0.36, 0.36, 0.36, 0.36, 0.36, 0.36, 0.36, 0.418, 0.57, 0.57, 0.57, 0.57, 0.57, 0.57, 0.57, 0.57, 0.57, 0.57, 0.57, 0.57, 0.57, 0.57, 0.57, 0.57, 0.57, 0.57, 0.57, 0.57, 0.57, 0.57, 0.57, 0.57, 0.57, 0.57, 0.57, 0.57, 0.57, 0.57, 0.57, 0.57, 0.57, 0.57, 0.57, 0.57, 0.57, 0.57, 0.57, 0.57, 0.57, 0.57, 0.57, 0.57, 0.57, 0.57, 0.57, 0.57]","[0.049, 0.137, 0.1, 0.125, 0.141, 0.118, 0.133, 0.118, 0.048]","[15.48, -3.03, 0.73, 0.03]",15.48,-3.03,0.73,0.03,1.0
2025-08-07,3,,23,Bpod5,326,153,173,107,212,198,68,130,147,49,121,82,39,0.6073619631901841,0.4444444444444444,0.7514450867052023,319,150,169,254,75,179,0.7009345794392523,0.8443396226415094,60,30,30,0.2803738317757009,0.1415094339622641,0.6206896551724138,0.4533333333333333,0.7692307692307693,0.6763285024154589,0.3158974358974359,0.5787401574803149,0.8166666666666667,-0.2379265091863517,0.7726371010403809,0.2109416328689825,7,3,4,0.0214723926380368,0.0196078431372549,0.0231213872832369,198,68,130,495.0,170.0,325.0,0.0,0,0,0,0.5,0.4999999999999998,"psych_curve(xdata=array([-70.,  -8.,  -4.,  -2.,   0.,   2.,   4.,   8.,  70.]), ydata=[0.534, 0.6, 0.667, 0.538, 0.231, 0.5, 0.722, 0.786, 0.885], fit=[0.51, 0.51, 0.51, 0.51, 0.51, 0.51, 0.51, 0.51, 0.51, 0.51, 0.51, 0.51, 0.51, 0.51, 0.51, 0.51, 0.51, 0.51, 0.51, 0.51, 0.51, 0.51, 0.51, 0.51, 0.51, 0.51, 0.51, 0.51, 0.51, 0.51, 0.51, 0.51, 0.51, 0.51, 0.51, 0.51, 0.51, 0.51, 0.51, 0.51, 0.51, 0.51, 0.51, 0.51, 0.51, 0.51, 0.51, 0.51, 0.51, 0.51, 0.51, 0.51, 0.539, 0.84, 0.84, 0.84, 0.84, 0.84, 0.84, 0.84, 0.84, 0.84, 0.84, 0.84, 0.84, 0.84, 0.84, 0.84, 0.84, 0.84, 0.84, 0.84, 0.84, 0.84, 0.84, 0.84, 0.84, 0.84, 0.84, 0.84, 0.84, 0.84, 0.84, 0.84, 0.84, 0.84, 0.84, 0.84, 0.84, 0.84, 0.84, 0.84, 0.84, 0.84, 0.84, 0.84, 0.84, 0.84, 0.84, 0.84], params=[6.37, 3.9, 0.51, 0.16], fit_error=[0.049, 0.131, 0.126, 0.144, 0.122, 0.104, 0.109, 0.114, 0.031])",[-70.  -8.  -4.  -2.   0.   2.   4.   8.  70.],"[0.534, 0.6, 0.667, 0.538, 0.231, 0.5, 0.722, 0.786, 0.885]","[0.51, 0.51, 0.51, 0.51, 0.51, 0.51, 0.51, 0.51, 0.51, 0.51, 0.51, 0.51, 0.51, 0.51, 0.51, 0.51, 0.51, 0.51, 0.51, 0.51, 0.51, 0.51, 0.51, 0.51, 0.51, 0.51, 0.51, 0.51, 0.51, 0.51, 0.51, 0.51, 0.51, 0.51, 0.51, 0.51, 0.51, 0.51, 0.51, 0.51, 0.51, 0.51, 0.51, 0.51, 0.51, 0.51, 0.51, 0.51, 0.51, 0.51, 0.51, 0.51, 0.539, 0.84, 0.84, 0.84, 0.84, 0.84, 0.84, 0.84, 0.84, 0.84, 0.84, 0.84, 0.84, 0.84, 0.84, 0.84, 0.84, 0.84, 0.84, 0.84, 0.84, 0.84, 0.84, 0.84, 0.84, 0.84, 0.84, 0.84, 0.84, 0.84, 0.84, 0.84, 0.84, 0.84, 0.84, 0.84, 0.84, 0.84, 0.84, 0.84, 0.84, 0.84, 0.84, 0.84, 0.84, 0.84, 0.84, 0.84]","[0.049, 0.131, 0.126, 0.144, 0.122, 0.104, 0.109, 0.114, 0.031]","[6.37, 3.9, 0.51, 0.16]",6.37,3.9,0.51,0.16,"psych_curve(xdata=array([-70.,  -8.,  -4.,  -2.,   0.,   2.,   4.,   8.,  70.]), ydata=[0.637, 0.786, 0.714, 0.789, 0.769, 0.812, 0.778, 0.933, 0.99], fit=[nan, nan, nan, nan, nan, nan, nan, nan, nan, nan, nan, nan, nan, nan, nan, nan, nan, nan, nan, nan, nan, nan, nan, nan, nan, nan, nan, nan, nan, nan, nan, nan, nan, nan, nan, nan, nan, nan, nan, nan, nan, nan, nan, nan, nan, nan, nan, nan, nan, nan, nan, nan, nan, nan, nan, nan, nan, nan, nan, nan, nan, nan, nan, nan, nan, nan, nan, nan, nan, nan, nan, nan, nan, nan, nan, nan, nan, nan, nan, nan, nan, nan, nan, nan, nan, nan, nan, nan, nan, nan, nan, nan, nan, nan, nan, nan, nan, nan, nan, nan], params=[0.12, 3.06, 0.65, 0.0], fit_error=[0.048, 0.114, 0.125, 0.096, 0.122, 0.101, 0.101, 0.067, 0.01])",[-70.  -8.  -4.  -2.   0.   2.   4.   8.  70.],"[0.534, 0.6, 0.667, 0.538, 0.231, 0.5, 0.722, 0.786, 0.885]","[0.51, 0.51, 0.51, 0.51, 0.51, 0.51, 0.51, 0.51, 0.51, 0.51, 0.51, 0.51, 0.51, 0.51, 0.51, 0.51, 0.51, 0.51, 0.51, 0.51, 0.51, 0.51, 0.51, 0.51, 0.51, 0.51, 0.51, 0.51, 0.51, 0.51, 0.51, 0.51, 0.51, 0.51, 0.51, 0.51, 0.51, 0.51, 0.51, 0.51, 0.51, 0.51, 0.51, 0.51, 0.51, 0.51, 0.51, 0.51, 0.51, 0.51, 0.51, 0.51, 0.539, 0.84, 0.84, 0.84, 0.84, 0.84, 0.84, 0.84, 0.84, 0.84, 0.84, 0.84, 0.84, 0.84, 0.84, 0.84, 0.84, 0.84, 0.84, 0.84, 0.84, 0.84, 0.84, 0.84, 0.84, 0.84, 0.84, 0.84, 0.84, 0.84, 0.84, 0.84, 0.84, 0.84, 0.84, 0.84, 0.84, 0.84, 0.84, 0.84, 0.84, 0.84, 0.84, 0.84, 0.84, 0.84, 0.84, 0.84]","[0.049, 0.131, 0.126, 0.144, 0.122, 0.104, 0.109, 0.114, 0.031]","[0.12, 3.06, 0.65, 0.0]",0.12,3.06,0.65,0.0,0.0
2025-08-08,4,,23,Bpod5,328,178,150,188,129,205,124,81,147,53,112,48,64,0.625,0.6966292134831461,0.54,317,172,145,249,153,96,0.8138297872340425,0.7441860465116279,60,29,31,0.1542553191489361,0.2403100775193798,0.6466876971608833,0.7209302325581395,0.5586206896551724,0.7116279069767442,-0.162309542902967,0.5903614457831325,0.8833333333333333,-0.2929718875502007,0.7790079168728352,0.197282698334158,11,6,5,0.0335365853658536,0.0337078651685393,0.0333333333333333,205,124,81,512.5,310.0,202.5,0.0,0,0,0,0.5,0.4999999999999998,"psych_curve(xdata=array([-70.,  -8.,  -4.,  -2.,   0.,   2.,   4.,   8.,  70.]), ydata=[0.252, 0.25, 0.455, 0.389, 0.238, 0.25, 0.357, 0.6, 0.667], fit=[0.31, 0.31, 0.31, 0.31, 0.31, 0.31, 0.31, 0.31, 0.31, 0.31, 0.31, 0.31, 0.31, 0.31, 0.31, 0.31, 0.31, 0.31, 0.31, 0.31, 0.31, 0.31, 0.31, 0.31, 0.31, 0.31, 0.31, 0.31, 0.31, 0.31, 0.31, 0.31, 0.31, 0.31, 0.31, 0.31, 0.31, 0.31, 0.31, 0.31, 0.31, 0.31, 0.31, 0.31, 0.31, 0.31, 0.31, 0.31, 0.31, 0.31, 0.311, 0.315, 0.33, 0.379, 0.483, 0.589, 0.639, 0.654, 0.659, 0.66, 0.66, 0.66, 0.66, 0.66, 0.66, 0.66, 0.66, 0.66, 0.66, 0.66, 0.66, 0.66, 0.66, 0.66, 0.66, 0.66, 0.66, 0.66, 0.66, 0.66, 0.66, 0.66, 0.66, 0.66, 0.66, 0.66, 0.66, 0.66, 0.66, 0.66, 0.66, 0.66, 0.66, 0.66, 0.66, 0.66, 0.66, 0.66, 0.66, 0.66], params=[0.98, 6.39, 0.31, 0.34], fit_error=[0.04, 0.131, 0.157, 0.118, 0.095, 0.112, 0.133, 0.163, 0.048])",[-70.  -8.  -4.  -2.   0.   2.   4.   8.  70.],"[0.252, 0.25, 0.455, 0.389, 0.238, 0.25, 0.357, 0.6, 0.667]","[0.31, 0.31, 0.31, 0.31, 0.31, 0.31, 0.31, 0.31, 0.31, 0.31, 0.31, 0.31, 0.31, 0.31, 0.31, 0.31, 0.31, 0.31, 0.31, 0.31, 0.31, 0.31, 0.31, 0.31, 0.31, 0.31, 0.31, 0.31, 0.31, 0.31, 0.31, 0.31, 0.31, 0.31, 0.31, 0.31, 0.31, 0.31, 0.31, 0.31, 0.31, 0.31, 0.31, 0.31, 0.31, 0.31, 0.31, 0.31, 0.31, 0.31, 0.311, 0.315, 0.33, 0.379, 0.483, 0.589, 0.639, 0.654, 0.659, 0.66, 0.66, 0.66, 0.66, 0.66, 0.66, 0.66, 0.66, 0.66, 0.66, 0.66, 0.66, 0.66, 0.66, 0.66, 0.66, 0.66, 0.66, 0.66, 0.66, 0.66, 0.66, 0.66, 0.66, 0.66, 0.66, 0.66, 0.66, 0.66, 0.66, 0.66, 0.66, 0.66, 0.66, 0.66, 0.66, 0.66, 0.66, 0.66, 0.66, 0.66]","[0.04, 0.131, 0.157, 0.118, 0.095, 0.112, 0.133, 0.163, 0.048]","[0.98, 6.39, 0.31, 0.34]",0.98,6.39,0.31,0.34,"psych_curve(xdata=array([-70.,  -8.,  -4.,  -2.,  -0.,   2.,   4.,   8.,  70.]), ydata=[0.556, 0.778, 0.75, 0.947, 0.9, 0.933, 0.778, 1.0, 0.963], fit=[nan, nan, nan, nan, nan, nan, nan, nan, nan, nan, nan, nan, nan, nan, nan, nan, nan, nan, nan, nan, nan, nan, nan, nan, nan, nan, nan, nan, nan, nan, nan, nan, nan, nan, nan, nan, nan, nan, nan, nan, nan, nan, nan, nan, nan, nan, nan, nan, nan, nan, nan, nan, nan, nan, nan, nan, nan, nan, nan, nan, nan, nan, nan, nan, nan, nan, nan, nan, nan, nan, nan, nan, nan, nan, nan, nan, nan, nan, nan, nan, nan, nan, nan, nan, nan, nan, nan, nan, nan, nan, nan, nan, nan, nan, nan, nan, nan, nan, nan, nan], params=[0.15, -8.48, 0.56, 0.03], fit_error=[0.05, 0.147, 0.112, 0.053, 0.069, 0.067, 0.147, 0.0, 0.018])",[-70.  -8.  -4.  -2.   0.   2.   4.   8.  70.],"[0.252, 0.25, 0.455, 0.389, 0.238, 0.25, 0.357, 0.6, 0.667]","[0.31, 0.31, 0.31, 0.31, 0.31, 0.31, 0.31, 0.31, 0.31, 0.31, 0.31, 0.31, 0.31, 0.31, 0.31, 0.31, 0.31, 0.31, 0.31, 0.31, 0.31, 0.31, 0.31, 0.31, 0.31, 0.31, 0.31, 0.31, 0.31, 0.31, 0.31, 0.31, 0.31, 0.31, 0.31, 0.31, 0.31, 0.31, 0.31, 0.31, 0.31, 0.31, 0.31, 0.31, 0.31, 0.31, 0.31, 0.31, 0.31, 0.31, 0.311, 0.315, 0.33, 0.379, 0.483, 0.589, 0.639, 0.654, 0.659, 0.66, 0.66, 0.66, 0.66, 0.66, 0.66, 0.66, 0.66, 0.66, 0.66, 0.66, 0.66, 0.66, 0.66, 0.66, 0.66, 0.66, 0.66, 0.66, 0.66, 0.66, 0.66, 0.66, 0.66, 0.66, 0.66, 0.66, 0.66, 0.66, 0.66, 0.66, 0.66, 0.66, 0.66, 0.66, 0.66, 0.66, 0.66, 0.66, 0.66, 0.66]","[0.04, 0.131, 0.157, 0.118, 0.095, 0.112, 0.133, 0.163, 0.048]","[0.15, -8.48, 0.56, 0.03]",0.15,-8.48,0.56,0.03,1.0
2025-08-11,0,,23,Bpod5,332,170,162,217,84,203,138,65,128,69,98,19,79,0.6114457831325302,0.8117647058823529,0.4012345679012346,301,157,144,211,167,44,0.7695852534562212,0.5238095238095238,79,40,39,0.184331797235023,0.4642857142857143,0.6744186046511628,0.8789808917197452,0.4513888888888889,0.7326732673267327,-0.4275920028308563,0.6066350710900474,0.8734177215189873,-0.2667826504289399,0.6466973886328725,0.3243087557603686,31,13,18,0.0933734939759036,0.0764705882352941,0.1111111111111111,203,138,65,507.5,345.0,162.5,0.0,0,0,0,0.5,0.4999999999999998,"psych_curve(xdata=array([-70.,  -8.,  -4.,  -2.,   0.,   2.,   4.,   8.,  70.]), ydata=[0.106, 0.111, 0.25, 0.056, 0.214, 0.231, 0.316, 0.571, 0.528], fit=[0.14, 0.14, 0.14, 0.14, 0.14, 0.14, 0.14, 0.14, 0.14, 0.14, 0.14, 0.14, 0.14, 0.14, 0.14, 0.14, 0.14, 0.14, 0.14, 0.14, 0.14, 0.14, 0.14, 0.14, 0.14, 0.14, 0.14, 0.14, 0.14, 0.14, 0.14, 0.14, 0.14, 0.14, 0.14, 0.14, 0.14, 0.14, 0.14, 0.14, 0.14, 0.14, 0.14, 0.14, 0.14, 0.14, 0.141, 0.142, 0.146, 0.154, 0.176, 0.224, 0.308, 0.408, 0.486, 0.529, 0.548, 0.555, 0.558, 0.559, 0.56, 0.56, 0.56, 0.56, 0.56, 0.56, 0.56, 0.56, 0.56, 0.56, 0.56, 0.56, 0.56, 0.56, 0.56, 0.56, 0.56, 0.56, 0.56, 0.56, 0.56, 0.56, 0.56, 0.56, 0.56, 0.56, 0.56, 0.56, 0.56, 0.56, 0.56, 0.56, 0.56, 0.56, 0.56, 0.56, 0.56, 0.56, 0.56, 0.56], params=[0.69, 4.13, 0.14, 0.44], fit_error=[0.029, 0.111, 0.131, 0.056, 0.114, 0.122, 0.11, 0.137, 0.053])",[-70.  -8.  -4.  -2.   0.   2.   4.   8.  70.],"[0.106, 0.111, 0.25, 0.056, 0.214, 0.231, 0.316, 0.571, 0.528]","[0.14, 0.14, 0.14, 0.14, 0.14, 0.14, 0.14, 0.14, 0.14, 0.14, 0.14, 0.14, 0.14, 0.14, 0.14, 0.14, 0.14, 0.14, 0.14, 0.14, 0.14, 0.14, 0.14, 0.14, 0.14, 0.14, 0.14, 0.14, 0.14, 0.14, 0.14, 0.14, 0.14, 0.14, 0.14, 0.14, 0.14, 0.14, 0.14, 0.14, 0.14, 0.14, 0.14, 0.14, 0.14, 0.14, 0.141, 0.142, 0.146, 0.154, 0.176, 0.224, 0.308, 0.408, 0.486, 0.529, 0.548, 0.555, 0.558, 0.559, 0.56, 0.56, 0.56, 0.56, 0.56, 0.56, 0.56, 0.56, 0.56, 0.56, 0.56, 0.56, 0.56, 0.56, 0.56, 0.56, 0.56, 0.56, 0.56, 0.56, 0.56, 0.56, 0.56, 0.56, 0.56, 0.56, 0.56, 0.56, 0.56, 0.56, 0.56, 0.56, 0.56, 0.56, 0.56, 0.56, 0.56, 0.56, 0.56, 0.56]","[0.029, 0.111, 0.131, 0.056, 0.114, 0.122, 0.11, 0.137, 0.053]","[0.69, 4.13, 0.14, 0.44]",0.69,4.13,0.14,0.44,"psych_curve(xdata=array([-70.,  -8.,  -4.,  -2.,   0.,   2.,   4.,   8.,  70.]), ydata=[0.47, 0.667, 0.684, 0.533, 0.929, 0.857, 0.75, 0.929, 0.968], fit=[nan, nan, nan, nan, nan, nan, nan, nan, nan, nan, nan, nan, nan, nan, nan, nan, nan, nan, nan, nan, nan, nan, nan, nan, nan, nan, nan, nan, nan, nan, nan, nan, nan, nan, nan, nan, nan, nan, nan, nan, nan, nan, nan, nan, nan, nan, nan, nan, nan, nan, nan, nan, nan, nan, nan, nan, nan, nan, nan, nan, nan, nan, nan, nan, nan, nan, nan, nan, nan, nan, nan, nan, nan, nan, nan, nan, nan, nan, nan, nan, nan, nan, nan, nan, nan, nan, nan, nan, nan, nan, nan, nan, nan, nan, nan, nan, nan, nan, nan, nan], params=[0.17, -1.91, 0.48, 0.02], fit_error=[0.05, 0.167, 0.11, 0.133, 0.071, 0.097, 0.131, 0.071, 0.018])",[-70.  -8.  -4.  -2.   0.   2.   4.   8.  70.],"[0.106, 0.111, 0.25, 0.056, 0.214, 0.231, 0.316, 0.571, 0.528]","[0.14, 0.14, 0.14, 0.14, 0.14, 0.14, 0.14, 0.14, 0.14, 0.14, 0.14, 0.14, 0.14, 0.14, 0.14, 0.14, 0.14, 0.14, 0.14, 0.14, 0.14, 0.14, 0.14, 0.14, 0.14, 0.14, 0.14, 0.14, 0.14, 0.14, 0.14, 0.14, 0.14, 0.14, 0.14, 0.14, 0.14, 0.14, 0.14, 0.14, 0.14, 0.14, 0.14, 0.14, 0.14, 0.14, 0.141, 0.142, 0.146, 0.154, 0.176, 0.224, 0.308, 0.408, 0.486, 0.529, 0.548, 0.555, 0.558, 0.559, 0.56, 0.56, 0.56, 0.56, 0.56, 0.56, 0.56, 0.56, 0.56, 0.56, 0.56, 0.56, 0.56, 0.56, 0.56, 0.56, 0.56, 0.56, 0.56, 0.56, 0.56, 0.56, 0.56, 0.56, 0.56, 0.56, 0.56, 0.56, 0.56, 0.56, 0.56, 0.56, 0.56, 0.56, 0.56, 0.56, 0.56, 0.56, 0.56, 0.56]","[0.029, 0.111, 0.131, 0.056, 0.114, 0.122, 0.11, 0.137, 0.053]","[0.17, -1.91, 0.48, 0.02]",0.17,-1.91,0.48,0.02,0.0
2025-08-12,1,,23,Bpod5,320,166,154,269,28,165,145,20,138,22,132,8,124,0.515625,0.8734939759036144,0.1298701298701298,297,153,144,251,238,13,0.8847583643122676,0.4642857142857143,28,14,14,0.0520446096654275,0.5,0.5555555555555556,0.9477124183006536,0.1388888888888889,0.5773195876288659,-0.8088235294117647,0.549800796812749,0.7857142857142857,-0.2359134889015367,0.674522039298991,0.2760223048327137,23,13,10,0.071875,0.0783132530120482,0.0649350649350649,165,145,20,412.5,362.5,50.0,0.0,0,0,0,0.5,0.4999999999999998,"psych_curve(xdata=array([-70.,  -8.,  -4.,  -2.,   0.,   2.,   4.,   8.,  70.]), ydata=[0.069, 0.0, 0.0, 0.091, 0.0, 0.0, 0.105, 0.0, 0.194], fit=[0.03, 0.03, 0.03, 0.03, 0.03, 0.03, 0.03, 0.03, 0.03, 0.03, 0.03, 0.03, 0.03, 0.03, 0.03, 0.03, 0.03, 0.03, 0.03, 0.03, 0.03, 0.03, 0.03, 0.03, 0.03, 0.03, 0.03, 0.03, 0.03, 0.03, 0.03, 0.03, 0.03, 0.03, 0.03, 0.03, 0.03, 0.03, 0.03, 0.03, 0.03, 0.03, 0.03, 0.03, 0.03, 0.03, 0.03, 0.03, 0.03, 0.03, 0.03, 0.03, 0.03, 0.03, 0.03, 0.03, 0.03, 0.03, 0.03, 0.03, 0.031, 0.037, 0.068, 0.137, 0.179, 0.188, 0.19, 0.19, 0.19, 0.19, 0.19, 0.19, 0.19, 0.19, 0.19, 0.19, 0.19, 0.19, 0.19, 0.19, 0.19, 0.19, 0.19, 0.19, 0.19, 0.19, 0.19, 0.19, 0.19, 0.19, 0.19, 0.19, 0.19, 0.19, 0.19, 0.19, 0.19, 0.19, 0.19, 0.19], params=[1.32, 18.55, 0.03, 0.81], fit_error=[0.025, 0.0, 0.0, 0.091, 0.0, 0.0, 0.072, 0.0, 0.041])",[-70.  -8.  -4.  -2.   0.   2.   4.   8.  70.],"[0.069, 0.0, 0.0, 0.091, 0.0, 0.0, 0.105, 0.0, 0.194]","[0.03, 0.03, 0.03, 0.03, 0.03, 0.03, 0.03, 0.03, 0.03, 0.03, 0.03, 0.03, 0.03, 0.03, 0.03, 0.03, 0.03, 0.03, 0.03, 0.03, 0.03, 0.03, 0.03, 0.03, 0.03, 0.03, 0.03, 0.03, 0.03, 0.03, 0.03, 0.03, 0.03, 0.03, 0.03, 0.03, 0.03, 0.03, 0.03, 0.03, 0.03, 0.03, 0.03, 0.03, 0.03, 0.03, 0.03, 0.03, 0.03, 0.03, 0.03, 0.03, 0.03, 0.03, 0.03, 0.03, 0.03, 0.03, 0.03, 0.03, 0.031, 0.037, 0.068, 0.137, 0.179, 0.188, 0.19, 0.19, 0.19, 0.19, 0.19, 0.19, 0.19, 0.19, 0.19, 0.19, 0.19, 0.19, 0.19, 0.19, 0.19, 0.19, 0.19, 0.19, 0.19, 0.19, 0.19, 0.19, 0.19, 0.19, 0.19, 0.19, 0.19, 0.19, 0.19, 0.19, 0.19, 0.19, 0.19, 0.19]","[0.025, 0.0, 0.0, 0.091, 0.0, 0.0, 0.072, 0.0, 0.041]","[1.32, 18.55, 0.03, 0.81]",1.32,18.55,0.03,0.81,"psych_curve(xdata=array([-70.,  -8.,  -4.,  -2.,  -0.,   2.,   4.,   8.,  70.]), ydata=[0.789, 1.0, 0.933, 1.0, 0.875, 1.0, 1.0, 0.944, 0.947], fit=[nan, nan, nan, nan, nan, nan, nan, nan, nan, nan, nan, nan, nan, nan, nan, nan, nan, nan, nan, nan, nan, nan, nan, nan, nan, nan, nan, nan, nan, nan, nan, nan, nan, nan, nan, nan, nan, nan, nan, nan, nan, nan, nan, nan, nan, nan, nan, nan, nan, nan, nan, nan, nan, nan, nan, nan, nan, nan, nan, nan, nan, nan, nan, nan, nan, nan, nan, nan, nan, nan, nan, nan, nan, nan, nan, nan, nan, nan, nan, nan, nan, nan, nan, nan, nan, nan, nan, nan, nan, nan, nan, nan, nan, nan, nan, nan, nan, nan, nan, nan], params=[15.02, 0.91, 0.92, 0.03], fit_error=[0.043, 0.0, 0.067, 0.0, 0.085, 0.0, 0.0, 0.056, 0.023])",[-70.  -8.  -4.  -2.   0.   2.   4.   8.  70.],"[0.069, 0.0, 0.0, 0.091, 0.0, 0.0, 0.105, 0.0, 0.194]","[0.03, 0.03, 0.03, 0.03, 0.03, 0.03, 0.03, 0.03, 0.03, 0.03, 0.03, 0.03, 0.03, 0.03, 0.03, 0.03, 0.03, 0.03, 0.03, 0.03, 0.03, 0.03, 0.03, 0.03, 0.03, 0.03, 0.03, 0.03, 0.03, 0.03, 0.03, 0.03, 0.03, 0.03, 0.03, 0.03, 0.03, 0.03, 0.03, 0.03, 0.03, 0.03, 0.03, 0.03, 0.03, 0.03, 0.03, 0.03, 0.03, 0.03, 0.03, 0.03, 0.03, 0.03, 0.03, 0.03, 0.03, 0.03, 0.03, 0.03, 0.031, 0.037, 0.068, 0.137, 0.179, 0.188, 0.19, 0.19, 0.19, 0.19, 0.19, 0.19, 0.19, 0.19, 0.19, 0.19, 0.19, 0.19, 0.19, 0.19, 0.19, 0.19, 0.19, 0.19, 0.19, 0.19, 0.19, 0.19, 0.19, 0.19, 0.19, 0.19, 0.19, 0.19, 0.19, 0.19, 0.19, 0.19, 0.19, 0.19]","[0.025, 0.0, 0.0, 0.091, 0.0, 0.0, 0.072, 0.0, 0.041]","[15.02, 0.91, 0.92, 0.03]",15.02,0.91,0.92,0.03,1.0
2025-07-28,0,,24,Bpod4,329,158,171,171,144,207,107,100,123,78,108,44,64,0.6291793313069909,0.6772151898734177,0.5847953216374269,315,151,164,212,118,94,0.6900584795321637,0.6527777777777778,92,45,47,0.2631578947368421,0.3263888888888889,0.6571428571428571,0.7086092715231788,0.6097560975609756,0.6889952153110048,-0.0988531739622031,0.5801886792452831,0.8478260869565217,-0.2676374077112387,0.6714181286549707,0.2947733918128655,14,7,7,0.0425531914893617,0.0443037974683544,0.0409356725146198,207,107,100,517.5,267.5,250.0,0.0,0,21,0,0.5,0.4999999999999998,"psych_curve(xdata=array([-70.,  -8.,  -4.,  -2.,   0.,   2.,   4.,   8.,  70.]), ydata=[0.271, 0.273, 0.333, 0.4, 0.333, 0.385, 0.5, 0.714, 0.655], fit=[0.32, 0.32, 0.32, 0.32, 0.32, 0.32, 0.32, 0.32, 0.32, 0.32, 0.32, 0.32, 0.32, 0.32, 0.32, 0.32, 0.32, 0.32, 0.32, 0.32, 0.32, 0.32, 0.32, 0.32, 0.32, 0.32, 0.32, 0.32, 0.32, 0.32, 0.32, 0.32, 0.32, 0.32, 0.32, 0.32, 0.32, 0.32, 0.32, 0.32, 0.32, 0.32, 0.32, 0.32, 0.32, 0.32, 0.32, 0.321, 0.322, 0.328, 0.344, 0.388, 0.476, 0.58, 0.647, 0.676, 0.685, 0.689, 0.69, 0.69, 0.69, 0.69, 0.69, 0.69, 0.69, 0.69, 0.69, 0.69, 0.69, 0.69, 0.69, 0.69, 0.69, 0.69, 0.69, 0.69, 0.69, 0.69, 0.69, 0.69, 0.69, 0.69, 0.69, 0.69, 0.69, 0.69, 0.69, 0.69, 0.69, 0.69, 0.69, 0.69, 0.69, 0.69, 0.69, 0.69, 0.69, 0.69, 0.69, 0.69], params=[0.83, 3.92, 0.32, 0.31], fit_error=[0.046, 0.097, 0.211, 0.131, 0.114, 0.14, 0.121, 0.125, 0.045])",[-70.  -8.  -4.  -2.   0.   2.   4.   8.  70.],"[0.271, 0.273, 0.333, 0.4, 0.333, 0.385, 0.5, 0.714, 0.655]","[0.32, 0.32, 0.32, 0.32, 0.32, 0.32, 0.32, 0.32, 0.32, 0.32, 0.32, 0.32, 0.32, 0.32, 0.32, 0.32, 0.32, 0.32, 0.32, 0.32, 0.32, 0.32, 0.32, 0.32, 0.32, 0.32, 0.32, 0.32, 0.32, 0.32, 0.32, 0.32, 0.32, 0.32, 0.32, 0.32, 0.32, 0.32, 0.32, 0.32, 0.32, 0.32, 0.32, 0.32, 0.32, 0.32, 0.32, 0.321, 0.322, 0.328, 0.344, 0.388, 0.476, 0.58, 0.647, 0.676, 0.685, 0.689, 0.69, 0.69, 0.69, 0.69, 0.69, 0.69, 0.69, 0.69, 0.69, 0.69, 0.69, 0.69, 0.69, 0.69, 0.69, 0.69, 0.69, 0.69, 0.69, 0.69, 0.69, 0.69, 0.69, 0.69, 0.69, 0.69, 0.69, 0.69, 0.69, 0.69, 0.69, 0.69, 0.69, 0.69, 0.69, 0.69, 0.69, 0.69, 0.69, 0.69, 0.69, 0.69]","[0.046, 0.097, 0.211, 0.131, 0.114, 0.14, 0.121, 0.125, 0.045]","[0.83, 3.92, 0.32, 0.31]",0.83,3.92,0.32,0.31,"psych_curve(xdata=array([-70.,  -8.,  -4.,  -2.,  -0.,   2.,   4.,   8.,  70.]), ydata=[0.487, 0.529, 0.7, 0.667, 0.75, 0.667, 0.769, 1.0, 0.933], fit=[nan, nan, nan, nan, nan, nan, nan, nan, nan, nan, nan, nan, nan, nan, nan, nan, nan, nan, nan, nan, nan, nan, nan, nan, nan, nan, nan, nan, nan, nan, nan, nan, nan, nan, nan, nan, nan, nan, nan, nan, nan, nan, nan, nan, nan, nan, nan, nan, nan, nan, nan, nan, nan, nan, nan, nan, nan, nan, nan, nan, nan, nan, nan, nan, nan, nan, nan, nan, nan, nan, nan, nan, nan, nan, nan, nan, nan, nan, nan, nan, nan, nan, nan, nan, nan, nan, nan, nan, nan, nan, nan, nan, nan, nan, nan, nan, nan, nan, nan, nan], params=[0.22, 0.51, 0.49, 0.03], fit_error=[0.047, 0.125, 0.153, 0.126, 0.112, 0.142, 0.122, 0.0, 0.027])",[-70.  -8.  -4.  -2.   0.   2.   4.   8.  70.],"[0.271, 0.273, 0.333, 0.4, 0.333, 0.385, 0.5, 0.714, 0.655]","[0.32, 0.32, 0.32, 0.32, 0.32, 0.32, 0.32, 0.32, 0.32, 0.32, 0.32, 0.32, 0.32, 0.32, 0.32, 0.32, 0.32, 0.32, 0.32, 0.32, 0.32, 0.32, 0.32, 0.32, 0.32, 0.32, 0.32, 0.32, 0.32, 0.32, 0.32, 0.32, 0.32, 0.32, 0.32, 0.32, 0.32, 0.32, 0.32, 0.32, 0.32, 0.32, 0.32, 0.32, 0.32, 0.32, 0.32, 0.321, 0.322, 0.328, 0.344, 0.388, 0.476, 0.58, 0.647, 0.676, 0.685, 0.689, 0.69, 0.69, 0.69, 0.69, 0.69, 0.69, 0.69, 0.69, 0.69, 0.69, 0.69, 0.69, 0.69, 0.69, 0.69, 0.69, 0.69, 0.69, 0.69, 0.69, 0.69, 0.69, 0.69, 0.69, 0.69, 0.69, 0.69, 0.69, 0.69, 0.69, 0.69, 0.69, 0.69, 0.69, 0.69, 0.69, 0.69, 0.69, 0.69, 0.69, 0.69, 0.69]","[0.046, 0.097, 0.211, 0.131, 0.114, 0.14, 0.121, 0.125, 0.045]","[0.22, 0.51, 0.49, 0.03]",0.22,0.51,0.49,0.03,0.0
2025-07-29,1,,24,Bpod4,328,156,172,179,140,208,110,98,119,81,111,42,69,0.6341463414634146,0.7051282051282052,0.5697674418604651,319,152,167,214,126,88,0.7039106145251397,0.6285714285714286,96,46,50,0.2569832402234637,0.3571428571428571,0.6520376175548589,0.7236842105263158,0.5868263473053892,0.7050691244239631,-0.1368578632209266,0.5560747663551402,0.84375,-0.2876752336448598,0.6662410215482841,0.3070630486831604,9,4,5,0.0274390243902439,0.0256410256410256,0.0290697674418604,208,110,98,520.0,275.0,245.0,0.0,0,6,0,0.5,0.4999999999999998,"psych_curve(xdata=array([-70.,  -8.,  -4.,  -2.,   0.,   2.,   4.,   8.,  70.]), ydata=[0.236, 0.294, 0.357, 0.4, 0.417, 0.318, 0.667, 0.583, 0.649], fit=[0.25, 0.25, 0.25, 0.25, 0.25, 0.25, 0.25, 0.25, 0.25, 0.25, 0.25, 0.25, 0.25, 0.25, 0.25, 0.25, 0.25, 0.25, 0.25, 0.25, 0.25, 0.25, 0.25, 0.25, 0.25, 0.25, 0.25, 0.25, 0.25, 0.25, 0.25, 0.25, 0.25, 0.251, 0.251, 0.251, 0.252, 0.252, 0.254, 0.255, 0.257, 0.261, 0.266, 0.273, 0.282, 0.296, 0.313, 0.337, 0.366, 0.4, 0.438, 0.477, 0.514, 0.548, 0.576, 0.599, 0.616, 0.629, 0.638, 0.645, 0.65, 0.653, 0.655, 0.657, 0.658, 0.658, 0.659, 0.659, 0.659, 0.66, 0.66, 0.66, 0.66, 0.66, 0.66, 0.66, 0.66, 0.66, 0.66, 0.66, 0.66, 0.66, 0.66, 0.66, 0.66, 0.66, 0.66, 0.66, 0.66, 0.66, 0.66, 0.66, 0.66, 0.66, 0.66, 0.66, 0.66, 0.66, 0.66, 0.66], params=[0.27, 1.34, 0.25, 0.34], fit_error=[0.041, 0.114, 0.133, 0.163, 0.149, 0.102, 0.126, 0.149, 0.046])",[-70.  -8.  -4.  -2.   0.   2.   4.   8.  70.],"[0.236, 0.294, 0.357, 0.4, 0.417, 0.318, 0.667, 0.583, 0.649]","[0.25, 0.25, 0.25, 0.25, 0.25, 0.25, 0.25, 0.25, 0.25, 0.25, 0.25, 0.25, 0.25, 0.25, 0.25, 0.25, 0.25, 0.25, 0.25, 0.25, 0.25, 0.25, 0.25, 0.25, 0.25, 0.25, 0.25, 0.25, 0.25, 0.25, 0.25, 0.25, 0.25, 0.251, 0.251, 0.251, 0.252, 0.252, 0.254, 0.255, 0.257, 0.261, 0.266, 0.273, 0.282, 0.296, 0.313, 0.337, 0.366, 0.4, 0.438, 0.477, 0.514, 0.548, 0.576, 0.599, 0.616, 0.629, 0.638, 0.645, 0.65, 0.653, 0.655, 0.657, 0.658, 0.658, 0.659, 0.659, 0.659, 0.66, 0.66, 0.66, 0.66, 0.66, 0.66, 0.66, 0.66, 0.66, 0.66, 0.66, 0.66, 0.66, 0.66, 0.66, 0.66, 0.66, 0.66, 0.66, 0.66, 0.66, 0.66, 0.66, 0.66, 0.66, 0.66, 0.66, 0.66, 0.66, 0.66, 0.66]","[0.041, 0.114, 0.133, 0.163, 0.149, 0.102, 0.126, 0.149, 0.046]","[0.27, 1.34, 0.25, 0.34]",0.27,1.34,0.25,0.34,"psych_curve(xdata=array([-70.,  -8.,  -4.,  -2.,  -0.,   2.,   4.,   8.,  70.]), ydata=[0.455, 0.769, 0.571, 0.824, 0.8, 0.667, 0.867, 1.0, 0.91], fit=[nan, nan, nan, nan, nan, nan, nan, nan, nan, nan, nan, nan, nan, nan, nan, nan, nan, nan, nan, nan, nan, nan, nan, nan, nan, nan, nan, nan, nan, nan, nan, nan, nan, nan, nan, nan, nan, nan, nan, nan, nan, nan, nan, nan, nan, nan, nan, nan, nan, nan, nan, nan, nan, nan, nan, nan, nan, nan, nan, nan, nan, nan, nan, nan, nan, nan, nan, nan, nan, nan, nan, nan, nan, nan, nan, nan, nan, nan, nan, nan, nan, nan, nan, nan, nan, nan, nan, nan, nan, nan, nan, nan, nan, nan, nan, nan, nan, nan, nan, nan], params=[0.13, -5.03, 0.47, 0.05], fit_error=[0.045, 0.122, 0.137, 0.095, 0.133, 0.126, 0.091, 0.0, 0.03])",[-70.  -8.  -4.  -2.   0.   2.   4.   8.  70.],"[0.236, 0.294, 0.357, 0.4, 0.417, 0.318, 0.667, 0.583, 0.649]","[0.25, 0.25, 0.25, 0.25, 0.25, 0.25, 0.25, 0.25, 0.25, 0.25, 0.25, 0.25, 0.25, 0.25, 0.25, 0.25, 0.25, 0.25, 0.25, 0.25, 0.25, 0.25, 0.25, 0.25, 0.25, 0.25, 0.25, 0.25, 0.25, 0.25, 0.25, 0.25, 0.25, 0.251, 0.251, 0.251, 0.252, 0.252, 0.254, 0.255, 0.257, 0.261, 0.266, 0.273, 0.282, 0.296, 0.313, 0.337, 0.366, 0.4, 0.438, 0.477, 0.514, 0.548, 0.576, 0.599, 0.616, 0.629, 0.638, 0.645, 0.65, 0.653, 0.655, 0.657, 0.658, 0.658, 0.659, 0.659, 0.659, 0.66, 0.66, 0.66, 0.66, 0.66, 0.66, 0.66, 0.66, 0.66, 0.66, 0.66, 0.66, 0.66, 0.66, 0.66, 0.66, 0.66, 0.66, 0.66, 0.66, 0.66, 0.66, 0.66, 0.66, 0.66, 0.66, 0.66, 0.66, 0.66, 0.66, 0.66]","[0.041, 0.114, 0.133, 0.163, 0.149, 0.102, 0.126, 0.149, 0.046]","[0.13, -5.03, 0.47, 0.05]",0.13,-5.03,0.47,0.05,1.0
2025-07-31,3,,24,Bpod4,331,170,161,184,130,211,121,90,136,70,103,40,63,0.6374622356495468,0.711764705882353,0.5590062111801242,314,161,153,218,134,84,0.7282608695652174,0.6461538461538462,84,42,42,0.2282608695652173,0.3230769230769231,0.6719745222929936,0.7515527950310559,0.5882352941176471,0.7329842931937173,-0.1633175009134088,0.6238532110091743,0.8333333333333334,-0.209480122324159,0.6872073578595318,0.2756688963210702,17,9,8,0.0513595166163142,0.0529411764705882,0.0496894409937888,211,121,90,527.5,302.5,225.0,0.0,0,1,0,0.5,0.4999999999999999,"psych_curve(xdata=array([-70.,  -8.,  -4.,  -2.,   0.,   2.,   4.,   8.,  70.]), ydata=[0.236, 0.375, 0.217, 0.3, 0.444, 0.375, 0.458, 0.5, 0.694], fit=[0.25, 0.25, 0.25, 0.25, 0.25, 0.25, 0.25, 0.25, 0.25, 0.25, 0.25, 0.25, 0.25, 0.25, 0.25, 0.25, 0.25, 0.25, 0.25, 0.25, 0.25, 0.25, 0.25, 0.25, 0.25, 0.25, 0.25, 0.25, 0.251, 0.251, 0.251, 0.251, 0.252, 0.252, 0.253, 0.254, 0.255, 0.256, 0.258, 0.26, 0.263, 0.267, 0.271, 0.277, 0.284, 0.293, 0.304, 0.318, 0.334, 0.352, 0.373, 0.397, 0.423, 0.45, 0.478, 0.506, 0.533, 0.557, 0.58, 0.599, 0.616, 0.631, 0.643, 0.652, 0.66, 0.667, 0.672, 0.676, 0.679, 0.681, 0.683, 0.685, 0.686, 0.687, 0.688, 0.688, 0.688, 0.689, 0.689, 0.689, 0.689, 0.69, 0.69, 0.69, 0.69, 0.69, 0.69, 0.69, 0.69, 0.69, 0.69, 0.69, 0.69, 0.69, 0.69, 0.69, 0.69, 0.69, 0.69, 0.69], params=[0.18, 5.94, 0.25, 0.31], fit_error=[0.041, 0.183, 0.088, 0.105, 0.121, 0.125, 0.104, 0.139, 0.05])",[-70.  -8.  -4.  -2.   0.   2.   4.   8.  70.],"[0.236, 0.375, 0.217, 0.3, 0.444, 0.375, 0.458, 0.5, 0.694]","[0.25, 0.25, 0.25, 0.25, 0.25, 0.25, 0.25, 0.25, 0.25, 0.25, 0.25, 0.25, 0.25, 0.25, 0.25, 0.25, 0.25, 0.25, 0.25, 0.25, 0.25, 0.25, 0.25, 0.25, 0.25, 0.25, 0.25, 0.25, 0.251, 0.251, 0.251, 0.251, 0.252, 0.252, 0.253, 0.254, 0.255, 0.256, 0.258, 0.26, 0.263, 0.267, 0.271, 0.277, 0.284, 0.293, 0.304, 0.318, 0.334, 0.352, 0.373, 0.397, 0.423, 0.45, 0.478, 0.506, 0.533, 0.557, 0.58, 0.599, 0.616, 0.631, 0.643, 0.652, 0.66, 0.667, 0.672, 0.676, 0.679, 0.681, 0.683, 0.685, 0.686, 0.687, 0.688, 0.688, 0.688, 0.689, 0.689, 0.689, 0.689, 0.69, 0.69, 0.69, 0.69, 0.69, 0.69, 0.69, 0.69, 0.69, 0.69, 0.69, 0.69, 0.69, 0.69, 0.69, 0.69, 0.69, 0.69, 0.69]","[0.041, 0.183, 0.088, 0.105, 0.121, 0.125, 0.104, 0.139, 0.05]","[0.18, 5.94, 0.25, 0.31]",0.18,5.94,0.25,0.31,"psych_curve(xdata=array([-70.,  -8.,  -4.,  -2.,   0.,   2.,   4.,   8.,  70.]), ydata=[0.404, 0.769, 0.824, 0.684, 0.824, 0.875, 0.926, 1.0, 0.9], fit=[nan, nan, nan, nan, nan, nan, nan, nan, nan, nan, nan, nan, nan, nan, nan, nan, nan, nan, nan, nan, nan, nan, nan, nan, nan, nan, nan, nan, nan, nan, nan, nan, nan, nan, nan, nan, nan, nan, nan, nan, nan, nan, nan, nan, nan, nan, nan, nan, nan, nan, nan, nan, nan, nan, nan, nan, nan, nan, nan, nan, nan, nan, nan, nan, nan, nan, nan, nan, nan, nan, nan, nan, nan, nan, nan, nan, nan, nan, nan, nan, nan, nan, nan, nan, nan, nan, nan, nan, nan, nan, nan, nan, nan, nan, nan, nan, nan, nan, nan, nan], params=[0.14, -10.43, 0.41, 0.05], fit_error=[0.051, 0.122, 0.095, 0.11, 0.095, 0.085, 0.051, 0.0, 0.032])",[-70.  -8.  -4.  -2.   0.   2.   4.   8.  70.],"[0.236, 0.375, 0.217, 0.3, 0.444, 0.375, 0.458, 0.5, 0.694]","[0.25, 0.25, 0.25, 0.25, 0.25, 0.25, 0.25, 0.25, 0.25, 0.25, 0.25, 0.25, 0.25, 0.25, 0.25, 0.25, 0.25, 0.25, 0.25, 0.25, 0.25, 0.25, 0.25, 0.25, 0.25, 0.25, 0.25, 0.25, 0.251, 0.251, 0.251, 0.251, 0.252, 0.252, 0.253, 0.254, 0.255, 0.256, 0.258, 0.26, 0.263, 0.267, 0.271, 0.277, 0.284, 0.293, 0.304, 0.318, 0.334, 0.352, 0.373, 0.397, 0.423, 0.45, 0.478, 0.506, 0.533, 0.557, 0.58, 0.599, 0.616, 0.631, 0.643, 0.652, 0.66, 0.667, 0.672, 0.676, 0.679, 0.681, 0.683, 0.685, 0.686, 0.687, 0.688, 0.688, 0.688, 0.689, 0.689, 0.689, 0.689, 0.69, 0.69, 0.69, 0.69, 0.69, 0.69, 0.69, 0.69, 0.69, 0.69, 0.69, 0.69, 0.69, 0.69, 0.69, 0.69, 0.69, 0.69, 0.69]","[0.041, 0.183, 0.088, 0.105, 0.121, 0.125, 0.104, 0.139, 0.05]","[0.14, -10.43, 0.41, 0.05]",0.14,-10.43,0.41,0.05,0.0
2025-08-01,4,,24,Bpod4,325,157,168,95,221,193,62,131,137,48,123,90,33,0.5938461538461538,0.3949044585987261,0.7797619047619048,316,152,164,243,61,182,0.6421052631578947,0.8235294117647058,65,32,33,0.3368421052631579,0.1493212669683258,0.6107594936708861,0.4078947368421052,0.7987804878048781,0.6372549019607843,0.3908857509627728,0.5637860082304527,0.7384615384615385,-0.1746755302310858,0.7328173374613003,0.2430816861157418,9,5,4,0.0276923076923076,0.0318471337579617,0.0238095238095238,193,62,131,482.5,155.0,327.5,0.0,0,15,0,0.5,0.4999999999999998,"psych_curve(xdata=array([-70.,  -8.,  -4.,  -2.,   0.,   2.,   4.,   8.,  70.]), ydata=[0.588, 0.667, 0.5, 0.667, 0.5, 0.737, 0.75, 0.643, 0.863], fit=[0.58, 0.58, 0.58, 0.58, 0.58, 0.58, 0.58, 0.58, 0.58, 0.58, 0.58, 0.58, 0.58, 0.58, 0.58, 0.58, 0.58, 0.58, 0.58, 0.58, 0.58, 0.58, 0.58, 0.58, 0.58, 0.58, 0.58, 0.58, 0.58, 0.58, 0.58, 0.58, 0.58, 0.58, 0.58, 0.58, 0.58, 0.58, 0.58, 0.58, 0.58, 0.58, 0.58, 0.58, 0.58, 0.58, 0.58, 0.58, 0.58, 0.58, 0.58, 0.744, 0.75, 0.75, 0.75, 0.75, 0.75, 0.75, 0.75, 0.75, 0.75, 0.75, 0.75, 0.75, 0.75, 0.75, 0.75, 0.75, 0.75, 0.75, 0.75, 0.75, 0.75, 0.75, 0.75, 0.75, 0.75, 0.75, 0.75, 0.75, 0.75, 0.75, 0.75, 0.75, 0.75, 0.75, 0.75, 0.75, 0.75, 0.75, 0.75, 0.75, 0.75, 0.75, 0.75, 0.75, 0.75, 0.75, 0.75, 0.75], params=[7.8, 1.7, 0.58, 0.25], fit_error=[0.049, 0.167, 0.121, 0.114, 0.167, 0.104, 0.09, 0.133, 0.034])",[-70.  -8.  -4.  -2.   0.   2.   4.   8.  70.],"[0.588, 0.667, 0.5, 0.667, 0.5, 0.737, 0.75, 0.643, 0.863]","[0.58, 0.58, 0.58, 0.58, 0.58, 0.58, 0.58, 0.58, 0.58, 0.58, 0.58, 0.58, 0.58, 0.58, 0.58, 0.58, 0.58, 0.58, 0.58, 0.58, 0.58, 0.58, 0.58, 0.58, 0.58, 0.58, 0.58, 0.58, 0.58, 0.58, 0.58, 0.58, 0.58, 0.58, 0.58, 0.58, 0.58, 0.58, 0.58, 0.58, 0.58, 0.58, 0.58, 0.58, 0.58, 0.58, 0.58, 0.58, 0.58, 0.58, 0.58, 0.744, 0.75, 0.75, 0.75, 0.75, 0.75, 0.75, 0.75, 0.75, 0.75, 0.75, 0.75, 0.75, 0.75, 0.75, 0.75, 0.75, 0.75, 0.75, 0.75, 0.75, 0.75, 0.75, 0.75, 0.75, 0.75, 0.75, 0.75, 0.75, 0.75, 0.75, 0.75, 0.75, 0.75, 0.75, 0.75, 0.75, 0.75, 0.75, 0.75, 0.75, 0.75, 0.75, 0.75, 0.75, 0.75, 0.75, 0.75, 0.75]","[0.049, 0.167, 0.121, 0.114, 0.167, 0.104, 0.09, 0.133, 0.034]","[7.8, 1.7, 0.58, 0.25]",7.8,1.7,0.58,0.25,"psych_curve(xdata=array([-70.,  -8.,  -4.,  -2.,   0.,   2.,   4.,   8.,  70.]), ydata=[0.684, 0.733, 0.565, 0.765, 0.8, 0.778, 0.895, 1.0, 0.913], fit=[nan, nan, nan, nan, nan, nan, nan, nan, nan, nan, nan, nan, nan, nan, nan, nan, nan, nan, nan, nan, nan, nan, nan, nan, nan, nan, nan, nan, nan, nan, nan, nan, nan, nan, nan, nan, nan, nan, nan, nan, nan, nan, nan, nan, nan, nan, nan, nan, nan, nan, nan, nan, nan, nan, nan, nan, nan, nan, nan, nan, nan, nan, nan, nan, nan, nan, nan, nan, nan, nan, nan, nan, nan, nan, nan, nan, nan, nan, nan, nan, nan, nan, nan, nan, nan, nan, nan, nan, nan, nan, nan, nan, nan, nan, nan, nan, nan, nan, nan, nan], params=[0.54, 1.75, 0.68, 0.04], fit_error=[0.048, 0.118, 0.106, 0.106, 0.133, 0.101, 0.072, 0.0, 0.028])",[-70.  -8.  -4.  -2.   0.   2.   4.   8.  70.],"[0.588, 0.667, 0.5, 0.667, 0.5, 0.737, 0.75, 0.643, 0.863]","[0.58, 0.58, 0.58, 0.58, 0.58, 0.58, 0.58, 0.58, 0.58, 0.58, 0.58, 0.58, 0.58, 0.58, 0.58, 0.58, 0.58, 0.58, 0.58, 0.58, 0.58, 0.58, 0.58, 0.58, 0.58, 0.58, 0.58, 0.58, 0.58, 0.58, 0.58, 0.58, 0.58, 0.58, 0.58, 0.58, 0.58, 0.58, 0.58, 0.58, 0.58, 0.58, 0.58, 0.58, 0.58, 0.58, 0.58, 0.58, 0.58, 0.58, 0.58, 0.744, 0.75, 0.75, 0.75, 0.75, 0.75, 0.75, 0.75, 0.75, 0.75, 0.75, 0.75, 0.75, 0.75, 0.75, 0.75, 0.75, 0.75, 0.75, 0.75, 0.75, 0.75, 0.75, 0.75, 0.75, 0.75, 0.75, 0.75, 0.75, 0.75, 0.75, 0.75, 0.75, 0.75, 0.75, 0.75, 0.75, 0.75, 0.75, 0.75, 0.75, 0.75, 0.75, 0.75, 0.75, 0.75, 0.75, 0.75, 0.75]","[0.049, 0.167, 0.121, 0.114, 0.167, 0.104, 0.09, 0.133, 0.034]","[0.54, 1.75, 0.68, 0.04]",0.54,1.75,0.68,0.04,1.0
2025-08-07,3,,24,Bpod4,328,173,155,207,120,211,132,79,143,68,116,41,75,0.6432926829268293,0.7630057803468208,0.5096774193548387,327,173,154,231,159,72,0.7681159420289855,0.6,95,47,48,0.2270531400966183,0.4,0.6452599388379205,0.7630057803468208,0.512987012987013,0.7122641509433962,-0.2500187673598077,0.6190476190476191,0.7157894736842105,-0.0967418546365914,0.6840579710144927,0.3135265700483092,1,0,1,0.0030487804878048,0.0,0.0064516129032258,211,132,79,527.5,330.0,197.5,0.0,0,0,0,0.5,0.4999999999999999,"psych_curve(xdata=array([-70.,  -8.,  -4.,  -2.,   0.,   2.,   4.,   8.,  70.]), ydata=[0.229, 0.3, 0.231, 0.235, 0.5, 0.19, 0.214, 0.389, 0.638], fit=[0.27, 0.27, 0.27, 0.27, 0.27, 0.27, 0.27, 0.27, 0.27, 0.27, 0.27, 0.27, 0.27, 0.27, 0.27, 0.27, 0.27, 0.27, 0.27, 0.27, 0.27, 0.27, 0.27, 0.27, 0.27, 0.27, 0.27, 0.27, 0.27, 0.27, 0.27, 0.27, 0.27, 0.27, 0.27, 0.27, 0.27, 0.27, 0.27, 0.27, 0.27, 0.27, 0.27, 0.27, 0.27, 0.27, 0.27, 0.27, 0.27, 0.27, 0.27, 0.27, 0.27, 0.27, 0.271, 0.338, 0.625, 0.64, 0.64, 0.64, 0.64, 0.64, 0.64, 0.64, 0.64, 0.64, 0.64, 0.64, 0.64, 0.64, 0.64, 0.64, 0.64, 0.64, 0.64, 0.64, 0.64, 0.64, 0.64, 0.64, 0.64, 0.64, 0.64, 0.64, 0.64, 0.64, 0.64, 0.64, 0.64, 0.64, 0.64, 0.64, 0.64, 0.64, 0.64, 0.64, 0.64, 0.64, 0.64, 0.64], params=[3.29, 8.23, 0.27, 0.36], fit_error=[0.039, 0.105, 0.122, 0.106, 0.151, 0.088, 0.114, 0.118, 0.05])",[-70.  -8.  -4.  -2.   0.   2.   4.   8.  70.],"[0.229, 0.3, 0.231, 0.235, 0.5, 0.19, 0.214, 0.389, 0.638]","[0.27, 0.27, 0.27, 0.27, 0.27, 0.27, 0.27, 0.27, 0.27, 0.27, 0.27, 0.27, 0.27, 0.27, 0.27, 0.27, 0.27, 0.27, 0.27, 0.27, 0.27, 0.27, 0.27, 0.27, 0.27, 0.27, 0.27, 0.27, 0.27, 0.27, 0.27, 0.27, 0.27, 0.27, 0.27, 0.27, 0.27, 0.27, 0.27, 0.27, 0.27, 0.27, 0.27, 0.27, 0.27, 0.27, 0.27, 0.27, 0.27, 0.27, 0.27, 0.27, 0.27, 0.27, 0.271, 0.338, 0.625, 0.64, 0.64, 0.64, 0.64, 0.64, 0.64, 0.64, 0.64, 0.64, 0.64, 0.64, 0.64, 0.64, 0.64, 0.64, 0.64, 0.64, 0.64, 0.64, 0.64, 0.64, 0.64, 0.64, 0.64, 0.64, 0.64, 0.64, 0.64, 0.64, 0.64, 0.64, 0.64, 0.64, 0.64, 0.64, 0.64, 0.64, 0.64, 0.64, 0.64, 0.64, 0.64, 0.64]","[0.039, 0.105, 0.122, 0.106, 0.151, 0.088, 0.114, 0.118, 0.05]","[3.29, 8.23, 0.27, 0.36]",3.29,8.23,0.27,0.36,"psych_curve(xdata=array([-70.,  -8.,  -4.,  -2.,   0.,   2.,   4.,   8.,  70.]), ydata=[0.486, 0.611, 0.786, 0.824, 0.75, 0.667, 0.769, 0.7, 0.915], fit=[nan, nan, nan, nan, nan, nan, nan, nan, nan, nan, nan, nan, nan, nan, nan, nan, nan, nan, nan, nan, nan, nan, nan, nan, nan, nan, nan, nan, nan, nan, nan, nan, nan, nan, nan, nan, nan, nan, nan, nan, nan, nan, nan, nan, nan, nan, nan, nan, nan, nan, nan, nan, nan, nan, nan, nan, nan, nan, nan, nan, nan, nan, nan, nan, nan, nan, nan, nan, nan, nan, nan, nan, nan, nan, nan, nan, nan, nan, nan, nan, nan, nan, nan, nan, nan, nan, nan, nan, nan, nan, nan, nan, nan, nan, nan, nan, nan, nan, nan, nan], params=[0.0, -0.37, -4.38, -4.82], fit_error=[0.049, 0.118, 0.114, 0.095, 0.131, 0.105, 0.122, 0.105, 0.027])",[-70.  -8.  -4.  -2.   0.   2.   4.   8.  70.],"[0.229, 0.3, 0.231, 0.235, 0.5, 0.19, 0.214, 0.389, 0.638]","[0.27, 0.27, 0.27, 0.27, 0.27, 0.27, 0.27, 0.27, 0.27, 0.27, 0.27, 0.27, 0.27, 0.27, 0.27, 0.27, 0.27, 0.27, 0.27, 0.27, 0.27, 0.27, 0.27, 0.27, 0.27, 0.27, 0.27, 0.27, 0.27, 0.27, 0.27, 0.27, 0.27, 0.27, 0.27, 0.27, 0.27, 0.27, 0.27, 0.27, 0.27, 0.27, 0.27, 0.27, 0.27, 0.27, 0.27, 0.27, 0.27, 0.27, 0.27, 0.27, 0.27, 0.27, 0.271, 0.338, 0.625, 0.64, 0.64, 0.64, 0.64, 0.64, 0.64, 0.64, 0.64, 0.64, 0.64, 0.64, 0.64, 0.64, 0.64, 0.64, 0.64, 0.64, 0.64, 0.64, 0.64, 0.64, 0.64, 0.64, 0.64, 0.64, 0.64, 0.64, 0.64, 0.64, 0.64, 0.64, 0.64, 0.64, 0.64, 0.64, 0.64, 0.64, 0.64, 0.64, 0.64, 0.64, 0.64, 0.64]","[0.039, 0.105, 0.122, 0.106, 0.151, 0.088, 0.114, 0.118, 0.05]","[0.0, -0.37, -4.38, -4.82]",0.0,-0.37,-4.38,-4.82,0.0
2025-08-08,4,,24,Bpod4,330,158,172,195,135,221,122,99,145,75,109,36,73,0.6696969696969697,0.7721518987341772,0.5755813953488372,330,158,172,233,146,87,0.7487179487179487,0.6444444444444445,96,48,48,0.2461538461538461,0.3555555555555555,0.6696969696969697,0.7721518987341772,0.5755813953488372,0.7077625570776256,-0.19657050338534,0.6223175965665236,0.78125,-0.1589324034334763,0.6965811965811965,0.3008547008547009,0,0,0,0.0,0.0,0.0,221,122,99,552.5,305.0,247.5,0.0,0,0,0,0.5,0.4999999999999998,"psych_curve(xdata=array([-70.,  -8.,  -4.,  -2.,   0.,   2.,   4.,   8.,  70.]), ydata=[0.208, 0.308, 0.167, 0.312, 0.316, 0.353, 0.5, 0.611, 0.628], fit=[0.24, 0.24, 0.24, 0.24, 0.24, 0.24, 0.24, 0.24, 0.24, 0.24, 0.24, 0.24, 0.24, 0.24, 0.24, 0.24, 0.24, 0.24, 0.24, 0.24, 0.24, 0.24, 0.24, 0.24, 0.24, 0.24, 0.24, 0.24, 0.24, 0.24, 0.24, 0.24, 0.24, 0.24, 0.24, 0.24, 0.24, 0.24, 0.24, 0.24, 0.24, 0.24, 0.24, 0.24, 0.241, 0.242, 0.244, 0.25, 0.26, 0.282, 0.323, 0.385, 0.461, 0.53, 0.577, 0.604, 0.618, 0.624, 0.627, 0.629, 0.629, 0.63, 0.63, 0.63, 0.63, 0.63, 0.63, 0.63, 0.63, 0.63, 0.63, 0.63, 0.63, 0.63, 0.63, 0.63, 0.63, 0.63, 0.63, 0.63, 0.63, 0.63, 0.63, 0.63, 0.63, 0.63, 0.63, 0.63, 0.63, 0.63, 0.63, 0.63, 0.63, 0.63, 0.63, 0.63, 0.63, 0.63, 0.63, 0.63], params=[0.56, 3.05, 0.24, 0.37], fit_error=[0.04, 0.133, 0.112, 0.12, 0.11, 0.119, 0.129, 0.118, 0.046])",[-70.  -8.  -4.  -2.   0.   2.   4.   8.  70.],"[0.208, 0.308, 0.167, 0.312, 0.316, 0.353, 0.5, 0.611, 0.628]","[0.24, 0.24, 0.24, 0.24, 0.24, 0.24, 0.24, 0.24, 0.24, 0.24, 0.24, 0.24, 0.24, 0.24, 0.24, 0.24, 0.24, 0.24, 0.24, 0.24, 0.24, 0.24, 0.24, 0.24, 0.24, 0.24, 0.24, 0.24, 0.24, 0.24, 0.24, 0.24, 0.24, 0.24, 0.24, 0.24, 0.24, 0.24, 0.24, 0.24, 0.24, 0.24, 0.24, 0.24, 0.241, 0.242, 0.244, 0.25, 0.26, 0.282, 0.323, 0.385, 0.461, 0.53, 0.577, 0.604, 0.618, 0.624, 0.627, 0.629, 0.629, 0.63, 0.63, 0.63, 0.63, 0.63, 0.63, 0.63, 0.63, 0.63, 0.63, 0.63, 0.63, 0.63, 0.63, 0.63, 0.63, 0.63, 0.63, 0.63, 0.63, 0.63, 0.63, 0.63, 0.63, 0.63, 0.63, 0.63, 0.63, 0.63, 0.63, 0.63, 0.63, 0.63, 0.63, 0.63, 0.63, 0.63, 0.63, 0.63]","[0.04, 0.133, 0.112, 0.12, 0.11, 0.119, 0.129, 0.118, 0.046]","[0.56, 3.05, 0.24, 0.37]",0.56,3.05,0.24,0.37,"psych_curve(xdata=array([-70.,  -8.,  -4.,  -2.,   0.,   2.,   4.,   8.,  70.]), ydata=[0.5, 0.692, 0.5, 0.667, 0.737, 0.667, 0.786, 0.889, 0.933], fit=[nan, nan, nan, nan, nan, nan, nan, nan, nan, nan, nan, nan, nan, nan, nan, nan, nan, nan, nan, nan, nan, nan, nan, nan, nan, nan, nan, nan, nan, nan, nan, nan, nan, nan, nan, nan, nan, nan, nan, nan, nan, nan, nan, nan, nan, nan, nan, nan, nan, nan, nan, nan, nan, nan, nan, nan, nan, nan, nan, nan, nan, nan, nan, nan, nan, nan, nan, nan, nan, nan, nan, nan, nan, nan, nan, nan, nan, nan, nan, nan, nan, nan, nan, nan, nan, nan, nan, nan, nan, nan, nan, nan, nan, nan, nan, nan, nan, nan, nan, nan], params=[0.26, 2.72, 0.55, 0.06], fit_error=[0.047, 0.133, 0.139, 0.126, 0.104, 0.114, 0.114, 0.076, 0.025])",[-70.  -8.  -4.  -2.   0.   2.   4.   8.  70.],"[0.208, 0.308, 0.167, 0.312, 0.316, 0.353, 0.5, 0.611, 0.628]","[0.24, 0.24, 0.24, 0.24, 0.24, 0.24, 0.24, 0.24, 0.24, 0.24, 0.24, 0.24, 0.24, 0.24, 0.24, 0.24, 0.24, 0.24, 0.24, 0.24, 0.24, 0.24, 0.24, 0.24, 0.24, 0.24, 0.24, 0.24, 0.24, 0.24, 0.24, 0.24, 0.24, 0.24, 0.24, 0.24, 0.24, 0.24, 0.24, 0.24, 0.24, 0.24, 0.24, 0.24, 0.241, 0.242, 0.244, 0.25, 0.26, 0.282, 0.323, 0.385, 0.461, 0.53, 0.577, 0.604, 0.618, 0.624, 0.627, 0.629, 0.629, 0.63, 0.63, 0.63, 0.63, 0.63, 0.63, 0.63, 0.63, 0.63, 0.63, 0.63, 0.63, 0.63, 0.63, 0.63, 0.63, 0.63, 0.63, 0.63, 0.63, 0.63, 0.63, 0.63, 0.63, 0.63, 0.63, 0.63, 0.63, 0.63, 0.63, 0.63, 0.63, 0.63, 0.63, 0.63, 0.63, 0.63, 0.63, 0.63]","[0.04, 0.133, 0.112, 0.12, 0.11, 0.119, 0.129, 0.118, 0.046]","[0.26, 2.72, 0.55, 0.06]",0.26,2.72,0.55,0.06,1.0
2025-08-11,0,,24,Bpod4,340,187,153,180,131,237,139,98,138,93,74,33,41,0.6970588235294117,0.7433155080213903,0.6405228758169934,311,172,139,199,118,81,0.6555555555555556,0.6183206106870229,100,50,50,0.2777777777777778,0.3816793893129771,0.7620578778135049,0.8081395348837209,0.7050359712230215,0.8027522935779816,-0.1031035636606994,0.6934673366834171,0.93,-0.2365326633165829,0.6369380831212892,0.3297285835453775,29,15,14,0.0852941176470588,0.0802139037433155,0.0915032679738562,237,139,98,592.5,347.5,245.0,0.0,0,19,0,0.5,0.4999999999999998,"psych_curve(xdata=array([-70.,  -8.,  -4.,  -2.,   0.,   2.,   4.,   8.,  70.]), ydata=[0.157, 0.071, 0.417, 0.368, 0.222, 0.636, 0.667, 0.5, 0.753], fit=[0.25, 0.25, 0.25, 0.25, 0.25, 0.25, 0.25, 0.25, 0.25, 0.25, 0.25, 0.25, 0.25, 0.25, 0.25, 0.25, 0.25, 0.25, 0.25, 0.25, 0.25, 0.25, 0.25, 0.25, 0.25, 0.25, 0.25, 0.25, 0.25, 0.25, 0.25, 0.25, 0.25, 0.25, 0.25, 0.25, 0.25, 0.25, 0.25, 0.25, 0.25, 0.25, 0.25, 0.25, 0.25, 0.25, 0.25, 0.25, 0.25, 0.25, 0.637, 0.64, 0.64, 0.64, 0.64, 0.64, 0.64, 0.64, 0.64, 0.64, 0.64, 0.64, 0.64, 0.64, 0.64, 0.64, 0.64, 0.64, 0.64, 0.64, 0.64, 0.64, 0.64, 0.64, 0.64, 0.64, 0.64, 0.64, 0.64, 0.64, 0.64, 0.64, 0.64, 0.64, 0.64, 0.64, 0.64, 0.64, 0.64, 0.64, 0.64, 0.64, 0.64, 0.64, 0.64, 0.64, 0.64, 0.64, 0.64, 0.64], params=[22.37, 0.49, 0.25, 0.36], fit_error=[0.033, 0.071, 0.149, 0.114, 0.147, 0.152, 0.114, 0.167, 0.044])",[-70.  -8.  -4.  -2.   0.   2.   4.   8.  70.],"[0.157, 0.071, 0.417, 0.368, 0.222, 0.636, 0.667, 0.5, 0.753]","[0.25, 0.25, 0.25, 0.25, 0.25, 0.25, 0.25, 0.25, 0.25, 0.25, 0.25, 0.25, 0.25, 0.25, 0.25, 0.25, 0.25, 0.25, 0.25, 0.25, 0.25, 0.25, 0.25, 0.25, 0.25, 0.25, 0.25, 0.25, 0.25, 0.25, 0.25, 0.25, 0.25, 0.25, 0.25, 0.25, 0.25, 0.25, 0.25, 0.25, 0.25, 0.25, 0.25, 0.25, 0.25, 0.25, 0.25, 0.25, 0.25, 0.25, 0.637, 0.64, 0.64, 0.64, 0.64, 0.64, 0.64, 0.64, 0.64, 0.64, 0.64, 0.64, 0.64, 0.64, 0.64, 0.64, 0.64, 0.64, 0.64, 0.64, 0.64, 0.64, 0.64, 0.64, 0.64, 0.64, 0.64, 0.64, 0.64, 0.64, 0.64, 0.64, 0.64, 0.64, 0.64, 0.64, 0.64, 0.64, 0.64, 0.64, 0.64, 0.64, 0.64, 0.64, 0.64, 0.64, 0.64, 0.64, 0.64, 0.64]","[0.033, 0.071, 0.149, 0.114, 0.147, 0.152, 0.114, 0.167, 0.044]","[22.37, 0.49, 0.25, 0.36]",22.37,0.49,0.25,0.36,"psych_curve(xdata=array([-70.,  -8.,  -4.,  -2.,  -0.,   2.,   4.,   8.,  70.]), ydata=[0.342, 0.312, 0.667, 0.692, 0.75, 0.882, 0.938, 1.0, 0.97], fit=[nan, nan, nan, nan, nan, nan, nan, nan, nan, nan, nan, nan, nan, nan, nan, nan, nan, nan, nan, nan, nan, nan, nan, nan, nan, nan, nan, nan, nan, nan, nan, nan, nan, nan, nan, nan, nan, nan, nan, nan, nan, nan, nan, nan, nan, nan, nan, nan, nan, nan, nan, nan, nan, nan, nan, nan, nan, nan, nan, nan, nan, nan, nan, nan, nan, nan, nan, nan, nan, nan, nan, nan, nan, nan, nan, nan, nan, nan, nan, nan, nan, nan, nan, nan, nan, nan, nan, nan, nan, nan, nan, nan, nan, nan, nan, nan, nan, nan, nan, nan], params=[0.37, -2.89, 0.31, 0.02], fit_error=[0.045, 0.12, 0.142, 0.133, 0.164, 0.081, 0.062, 0.0, 0.017])",[-70.  -8.  -4.  -2.   0.   2.   4.   8.  70.],"[0.157, 0.071, 0.417, 0.368, 0.222, 0.636, 0.667, 0.5, 0.753]","[0.25, 0.25, 0.25, 0.25, 0.25, 0.25, 0.25, 0.25, 0.25, 0.25, 0.25, 0.25, 0.25, 0.25, 0.25, 0.25, 0.25, 0.25, 0.25, 0.25, 0.25, 0.25, 0.25, 0.25, 0.25, 0.25, 0.25, 0.25, 0.25, 0.25, 0.25, 0.25, 0.25, 0.25, 0.25, 0.25, 0.25, 0.25, 0.25, 0.25, 0.25, 0.25, 0.25, 0.25, 0.25, 0.25, 0.25, 0.25, 0.25, 0.25, 0.637, 0.64, 0.64, 0.64, 0.64, 0.64, 0.64, 0.64, 0.64, 0.64, 0.64, 0.64, 0.64, 0.64, 0.64, 0.64, 0.64, 0.64, 0.64, 0.64, 0.64, 0.64, 0.64, 0.64, 0.64, 0.64, 0.64, 0.64, 0.64, 0.64, 0.64, 0.64, 0.64, 0.64, 0.64, 0.64, 0.64, 0.64, 0.64, 0.64, 0.64, 0.64, 0.64, 0.64, 0.64, 0.64, 0.64, 0.64, 0.64, 0.64]","[0.033, 0.071, 0.149, 0.114, 0.147, 0.152, 0.114, 0.167, 0.044]","[0.37, -2.89, 0.31, 0.02]",0.37,-2.89,0.31,0.02,0.0
2025-08-12,1,,24,Bpod4,327,175,152,258,68,207,157,50,151,56,119,18,101,0.6330275229357798,0.8971428571428571,0.3289473684210526,326,175,151,261,225,36,0.872093023255814,0.5294117647058824,63,31,32,0.1201550387596899,0.4705882352941176,0.6349693251533742,0.8971428571428571,0.3311258278145695,0.6621621621621622,-0.5660170293282876,0.578544061302682,0.8888888888888888,-0.3103448275862068,0.7007523939808482,0.2953716370269038,1,0,1,0.0030581039755351,0.0,0.006578947368421,207,157,50,517.5,392.5,125.0,0.0,0,0,0,0.5,0.4999999999999998,"psych_curve(xdata=array([-70.,  -8.,  -4.,  -2.,   0.,   2.,   4.,   8.,  70.]), ydata=[0.018, 0.087, 0.25, 0.368, 0.5, 0.333, 0.235, 0.333, 0.342], fit=[0.05, 0.05, 0.05, 0.05, 0.05, 0.05, 0.05, 0.05, 0.05, 0.05, 0.05, 0.05, 0.05, 0.05, 0.05, 0.05, 0.05, 0.05, 0.05, 0.05, 0.05, 0.05, 0.05, 0.05, 0.05, 0.05, 0.05, 0.05, 0.05, 0.05, 0.05, 0.05, 0.05, 0.05, 0.05, 0.05, 0.05, 0.05, 0.05, 0.05, 0.05, 0.05, 0.05, 0.05, 0.05, 0.05, 0.053, 0.339, 0.35, 0.35, 0.35, 0.35, 0.35, 0.35, 0.35, 0.35, 0.35, 0.35, 0.35, 0.35, 0.35, 0.35, 0.35, 0.35, 0.35, 0.35, 0.35, 0.35, 0.35, 0.35, 0.35, 0.35, 0.35, 0.35, 0.35, 0.35, 0.35, 0.35, 0.35, 0.35, 0.35, 0.35, 0.35, 0.35, 0.35, 0.35, 0.35, 0.35, 0.35, 0.35, 0.35, 0.35, 0.35, 0.35, 0.35, 0.35, 0.35, 0.35, 0.35, 0.35], params=[5.65, -4.12, 0.05, 0.65], fit_error=[0.013, 0.06, 0.112, 0.114, 0.189, 0.142, 0.106, 0.167, 0.045])",[-70.  -8.  -4.  -2.   0.   2.   4.   8.  70.],"[0.018, 0.087, 0.25, 0.368, 0.5, 0.333, 0.235, 0.333, 0.342]","[0.05, 0.05, 0.05, 0.05, 0.05, 0.05, 0.05, 0.05, 0.05, 0.05, 0.05, 0.05, 0.05, 0.05, 0.05, 0.05, 0.05, 0.05, 0.05, 0.05, 0.05, 0.05, 0.05, 0.05, 0.05, 0.05, 0.05, 0.05, 0.05, 0.05, 0.05, 0.05, 0.05, 0.05, 0.05, 0.05, 0.05, 0.05, 0.05, 0.05, 0.05, 0.05, 0.05, 0.05, 0.05, 0.05, 0.053, 0.339, 0.35, 0.35, 0.35, 0.35, 0.35, 0.35, 0.35, 0.35, 0.35, 0.35, 0.35, 0.35, 0.35, 0.35, 0.35, 0.35, 0.35, 0.35, 0.35, 0.35, 0.35, 0.35, 0.35, 0.35, 0.35, 0.35, 0.35, 0.35, 0.35, 0.35, 0.35, 0.35, 0.35, 0.35, 0.35, 0.35, 0.35, 0.35, 0.35, 0.35, 0.35, 0.35, 0.35, 0.35, 0.35, 0.35, 0.35, 0.35, 0.35, 0.35, 0.35, 0.35]","[0.013, 0.06, 0.112, 0.114, 0.189, 0.142, 0.106, 0.167, 0.045]","[5.65, -4.12, 0.05, 0.65]",5.65,-4.12,0.05,0.65,"psych_curve(xdata=array([-70.,  -8.,  -4.,  -2.,  -0.,   2.,   4.,   8.,  70.]), ydata=[0.611, 0.615, 0.8, 0.812, 1.0, 0.867, 0.923, 1.0, 0.963], fit=[nan, nan, nan, nan, nan, nan, nan, nan, nan, nan, nan, nan, nan, nan, nan, nan, nan, nan, nan, nan, nan, nan, nan, nan, nan, nan, nan, nan, nan, nan, nan, nan, nan, nan, nan, nan, nan, nan, nan, nan, nan, nan, nan, nan, nan, nan, nan, nan, nan, nan, nan, nan, nan, nan, nan, nan, nan, nan, nan, nan, nan, nan, nan, nan, nan, nan, nan, nan, nan, nan, nan, nan, nan, nan, nan, nan, nan, nan, nan, nan, nan, nan, nan, nan, nan, nan, nan, nan, nan, nan, nan, nan, nan, nan, nan, nan, nan, nan, nan, nan], params=[0.54, -3.91, 0.6, 0.04], fit_error=[0.046, 0.14, 0.092, 0.101, 0.0, 0.091, 0.077, 0.0, 0.018])",[-70.  -8.  -4.  -2.   0.   2.   4.   8.  70.],"[0.018, 0.087, 0.25, 0.368, 0.5, 0.333, 0.235, 0.333, 0.342]","[0.05, 0.05, 0.05, 0.05, 0.05, 0.05, 0.05, 0.05, 0.05, 0.05, 0.05, 0.05, 0.05, 0.05, 0.05, 0.05, 0.05, 0.05, 0.05, 0.05, 0.05, 0.05, 0.05, 0.05, 0.05, 0.05, 0.05, 0.05, 0.05, 0.05, 0.05, 0.05, 0.05, 0.05, 0.05, 0.05, 0.05, 0.05, 0.05, 0.05, 0.05, 0.05, 0.05, 0.05, 0.05, 0.05, 0.053, 0.339, 0.35, 0.35, 0.35, 0.35, 0.35, 0.35, 0.35, 0.35, 0.35, 0.35, 0.35, 0.35, 0.35, 0.35, 0.35, 0.35, 0.35, 0.35, 0.35, 0.35, 0.35, 0.35, 0.35, 0.35, 0.35, 0.35, 0.35, 0.35, 0.35, 0.35, 0.35, 0.35, 0.35, 0.35, 0.35, 0.35, 0.35, 0.35, 0.35, 0.35, 0.35, 0.35, 0.35, 0.35, 0.35, 0.35, 0.35, 0.35, 0.35, 0.35, 0.35, 0.35]","[0.013, 0.06, 0.112, 0.114, 0.189, 0.142, 0.106, 0.167, 0.045]","[0.54, -3.91, 0.6, 0.04]",0.54,-3.91,0.6,0.04,1.0
2025-07-15,1,,25,Bpod6,224,117,107,128,96,163,92,71,89,73,61,25,36,0.7276785714285714,0.7863247863247863,0.6635514018691588,224,117,107,139,85,54,0.6640625,0.5625,84,42,42,0.328125,0.4375,0.7276785714285714,0.7863247863247863,0.6635514018691588,0.7712418300653595,-0.1227733844556274,0.6402877697841727,0.8690476190476191,-0.2287598492634464,0.61328125,0.3828125,0,0,0,0.0,0.0,0.0,163,92,71,407.5,230.0,177.5,0.0,0,0,0,0.5,0.4999999999999999,"psych_curve(xdata=array([-70.,  -8.,  -4.,  -2.,   0.,   2.,   4.,   8.,  70.]), ydata=[0.148, 0.2, 0.417, 0.417, 0.143, 0.667, 0.857, 0.6, 0.681], fit=[0.26, 0.26, 0.26, 0.26, 0.26, 0.26, 0.26, 0.26, 0.26, 0.26, 0.26, 0.26, 0.26, 0.26, 0.26, 0.26, 0.26, 0.26, 0.26, 0.26, 0.26, 0.26, 0.26, 0.26, 0.26, 0.26, 0.26, 0.26, 0.26, 0.26, 0.26, 0.26, 0.26, 0.26, 0.26, 0.26, 0.26, 0.26, 0.26, 0.26, 0.26, 0.26, 0.26, 0.26, 0.26, 0.26, 0.26, 0.26, 0.26, 0.26, 0.26, 0.692, 0.71, 0.71, 0.71, 0.71, 0.71, 0.71, 0.71, 0.71, 0.71, 0.71, 0.71, 0.71, 0.71, 0.71, 0.71, 0.71, 0.71, 0.71, 0.71, 0.71, 0.71, 0.71, 0.71, 0.71, 0.71, 0.71, 0.71, 0.71, 0.71, 0.71, 0.71, 0.71, 0.71, 0.71, 0.71, 0.71, 0.71, 0.71, 0.71, 0.71, 0.71, 0.71, 0.71, 0.71, 0.71, 0.71, 0.71, 0.71], params=[8.17, 1.73, 0.26, 0.29], fit_error=[0.04, 0.133, 0.149, 0.149, 0.143, 0.211, 0.097, 0.163, 0.055])",[-70.  -8.  -4.  -2.   0.   2.   4.   8.  70.],"[0.148, 0.2, 0.417, 0.417, 0.143, 0.667, 0.857, 0.6, 0.681]","[0.26, 0.26, 0.26, 0.26, 0.26, 0.26, 0.26, 0.26, 0.26, 0.26, 0.26, 0.26, 0.26, 0.26, 0.26, 0.26, 0.26, 0.26, 0.26, 0.26, 0.26, 0.26, 0.26, 0.26, 0.26, 0.26, 0.26, 0.26, 0.26, 0.26, 0.26, 0.26, 0.26, 0.26, 0.26, 0.26, 0.26, 0.26, 0.26, 0.26, 0.26, 0.26, 0.26, 0.26, 0.26, 0.26, 0.26, 0.26, 0.26, 0.26, 0.26, 0.692, 0.71, 0.71, 0.71, 0.71, 0.71, 0.71, 0.71, 0.71, 0.71, 0.71, 0.71, 0.71, 0.71, 0.71, 0.71, 0.71, 0.71, 0.71, 0.71, 0.71, 0.71, 0.71, 0.71, 0.71, 0.71, 0.71, 0.71, 0.71, 0.71, 0.71, 0.71, 0.71, 0.71, 0.71, 0.71, 0.71, 0.71, 0.71, 0.71, 0.71, 0.71, 0.71, 0.71, 0.71, 0.71, 0.71, 0.71, 0.71]","[0.04, 0.133, 0.149, 0.149, 0.143, 0.211, 0.097, 0.163, 0.055]","[8.17, 1.73, 0.26, 0.29]",8.17,1.73,0.26,0.29,"psych_curve(xdata=array([-70.,  -8.,  -4.,  -2.,   0.,   2.,   4.,   8.,  70.]), ydata=[0.356, 0.5, 0.4, 0.5, 0.857, 0.7, 0.812, 0.9, 0.952], fit=[nan, nan, nan, nan, nan, nan, nan, nan, nan, nan, nan, nan, nan, nan, nan, nan, nan, nan, nan, nan, nan, nan, nan, nan, nan, nan, nan, nan, nan, nan, nan, nan, nan, nan, nan, nan, nan, nan, nan, nan, nan, nan, nan, nan, nan, nan, nan, nan, nan, nan, nan, nan, nan, nan, nan, nan, nan, nan, nan, nan, nan, nan, nan, nan, nan, nan, nan, nan, nan, nan, nan, nan, nan, nan, nan, nan, nan, nan, nan, nan, nan, nan, nan, nan, nan, nan, nan, nan, nan, nan, nan, nan, nan, nan, nan, nan, nan, nan, nan, nan], params=[6.79, -1.79, 0.42, 0.16], fit_error=[0.051, 0.167, 0.163, 0.189, 0.143, 0.153, 0.101, 0.1, 0.027])",[-70.  -8.  -4.  -2.   0.   2.   4.   8.  70.],"[0.148, 0.2, 0.417, 0.417, 0.143, 0.667, 0.857, 0.6, 0.681]","[0.26, 0.26, 0.26, 0.26, 0.26, 0.26, 0.26, 0.26, 0.26, 0.26, 0.26, 0.26, 0.26, 0.26, 0.26, 0.26, 0.26, 0.26, 0.26, 0.26, 0.26, 0.26, 0.26, 0.26, 0.26, 0.26, 0.26, 0.26, 0.26, 0.26, 0.26, 0.26, 0.26, 0.26, 0.26, 0.26, 0.26, 0.26, 0.26, 0.26, 0.26, 0.26, 0.26, 0.26, 0.26, 0.26, 0.26, 0.26, 0.26, 0.26, 0.26, 0.692, 0.71, 0.71, 0.71, 0.71, 0.71, 0.71, 0.71, 0.71, 0.71, 0.71, 0.71, 0.71, 0.71, 0.71, 0.71, 0.71, 0.71, 0.71, 0.71, 0.71, 0.71, 0.71, 0.71, 0.71, 0.71, 0.71, 0.71, 0.71, 0.71, 0.71, 0.71, 0.71, 0.71, 0.71, 0.71, 0.71, 0.71, 0.71, 0.71, 0.71, 0.71, 0.71, 0.71, 0.71, 0.71, 0.71, 0.71, 0.71]","[0.04, 0.133, 0.149, 0.149, 0.143, 0.211, 0.097, 0.163, 0.055]","[6.79, -1.79, 0.42, 0.16]",6.79,-1.79,0.42,0.16,0.0
2025-07-16,2,,25,Bpod6,328,168,160,229,98,209,139,70,146,63,118,28,90,0.6371951219512195,0.8273809523809523,0.4375,327,167,160,254,192,62,0.8384279475982532,0.6326530612244898,72,36,36,0.1572052401746725,0.3673469387755102,0.6391437308868502,0.8323353293413174,0.4375,0.6713615023474179,-0.3948353293413174,0.5748031496062992,0.875,-0.3001968503937008,0.7355405044113715,0.2622760894750913,1,1,0,0.0030487804878048,0.0059523809523809,0.0,209,139,70,522.5,347.5,175.0,0.0,0,0,0,0.5,0.4999999999999998,"psych_curve(xdata=array([-70.,  -8.,  -4.,  -2.,   0.,   2.,   4.,   8.,  70.]), ydata=[0.168, 0.136, 0.0, 0.389, 0.15, 0.167, 0.417, 0.357, 0.509], fit=[0.13, 0.13, 0.13, 0.13, 0.13, 0.13, 0.13, 0.13, 0.13, 0.13, 0.13, 0.13, 0.13, 0.13, 0.13, 0.13, 0.13, 0.13, 0.13, 0.13, 0.13, 0.13, 0.13, 0.13, 0.13, 0.13, 0.13, 0.13, 0.13, 0.13, 0.13, 0.13, 0.13, 0.13, 0.13, 0.13, 0.13, 0.131, 0.131, 0.131, 0.132, 0.133, 0.135, 0.137, 0.141, 0.146, 0.154, 0.165, 0.18, 0.2, 0.227, 0.259, 0.295, 0.333, 0.369, 0.401, 0.428, 0.449, 0.464, 0.476, 0.483, 0.489, 0.493, 0.495, 0.497, 0.498, 0.499, 0.499, 0.499, 0.5, 0.5, 0.5, 0.5, 0.5, 0.5, 0.5, 0.5, 0.5, 0.5, 0.5, 0.5, 0.5, 0.5, 0.5, 0.5, 0.5, 0.5, 0.5, 0.5, 0.5, 0.5, 0.5, 0.5, 0.5, 0.5, 0.5, 0.5, 0.5, 0.5, 0.5], params=[0.29, 4.29, 0.13, 0.5], fit_error=[0.036, 0.075, 0.0, 0.118, 0.082, 0.09, 0.149, 0.133, 0.049])",[-70.  -8.  -4.  -2.   0.   2.   4.   8.  70.],"[0.168, 0.136, 0.0, 0.389, 0.15, 0.167, 0.417, 0.357, 0.509]","[0.13, 0.13, 0.13, 0.13, 0.13, 0.13, 0.13, 0.13, 0.13, 0.13, 0.13, 0.13, 0.13, 0.13, 0.13, 0.13, 0.13, 0.13, 0.13, 0.13, 0.13, 0.13, 0.13, 0.13, 0.13, 0.13, 0.13, 0.13, 0.13, 0.13, 0.13, 0.13, 0.13, 0.13, 0.13, 0.13, 0.13, 0.131, 0.131, 0.131, 0.132, 0.133, 0.135, 0.137, 0.141, 0.146, 0.154, 0.165, 0.18, 0.2, 0.227, 0.259, 0.295, 0.333, 0.369, 0.401, 0.428, 0.449, 0.464, 0.476, 0.483, 0.489, 0.493, 0.495, 0.497, 0.498, 0.499, 0.499, 0.499, 0.5, 0.5, 0.5, 0.5, 0.5, 0.5, 0.5, 0.5, 0.5, 0.5, 0.5, 0.5, 0.5, 0.5, 0.5, 0.5, 0.5, 0.5, 0.5, 0.5, 0.5, 0.5, 0.5, 0.5, 0.5, 0.5, 0.5, 0.5, 0.5, 0.5, 0.5]","[0.036, 0.075, 0.0, 0.118, 0.082, 0.09, 0.149, 0.133, 0.049]","[0.29, 4.29, 0.13, 0.5]",0.29,4.29,0.13,0.5,"psych_curve(xdata=array([-70.,  -8.,  -4.,  -2.,   0.,   2.,   4.,   8.,  70.]), ydata=[0.566, 0.632, 0.556, 0.875, 0.95, 0.917, 0.846, 1.0, 0.949], fit=[nan, nan, nan, nan, nan, nan, nan, nan, nan, nan, nan, nan, nan, nan, nan, nan, nan, nan, nan, nan, nan, nan, nan, nan, nan, nan, nan, nan, nan, nan, nan, nan, nan, nan, nan, nan, nan, nan, nan, nan, nan, nan, nan, nan, nan, nan, nan, nan, nan, nan, nan, nan, nan, nan, nan, nan, nan, nan, nan, nan, nan, nan, nan, nan, nan, nan, nan, nan, nan, nan, nan, nan, nan, nan, nan, nan, nan, nan, nan, nan, nan, nan, nan, nan, nan, nan, nan, nan, nan, nan, nan, nan, nan, nan, nan, nan, nan, nan, nan, nan], params=[6.83, -2.24, 0.58, 0.07], fit_error=[0.047, 0.114, 0.176, 0.069, 0.05, 0.083, 0.104, 0.0, 0.022])",[-70.  -8.  -4.  -2.   0.   2.   4.   8.  70.],"[0.168, 0.136, 0.0, 0.389, 0.15, 0.167, 0.417, 0.357, 0.509]","[0.13, 0.13, 0.13, 0.13, 0.13, 0.13, 0.13, 0.13, 0.13, 0.13, 0.13, 0.13, 0.13, 0.13, 0.13, 0.13, 0.13, 0.13, 0.13, 0.13, 0.13, 0.13, 0.13, 0.13, 0.13, 0.13, 0.13, 0.13, 0.13, 0.13, 0.13, 0.13, 0.13, 0.13, 0.13, 0.13, 0.13, 0.131, 0.131, 0.131, 0.132, 0.133, 0.135, 0.137, 0.141, 0.146, 0.154, 0.165, 0.18, 0.2, 0.227, 0.259, 0.295, 0.333, 0.369, 0.401, 0.428, 0.449, 0.464, 0.476, 0.483, 0.489, 0.493, 0.495, 0.497, 0.498, 0.499, 0.499, 0.499, 0.5, 0.5, 0.5, 0.5, 0.5, 0.5, 0.5, 0.5, 0.5, 0.5, 0.5, 0.5, 0.5, 0.5, 0.5, 0.5, 0.5, 0.5, 0.5, 0.5, 0.5, 0.5, 0.5, 0.5, 0.5, 0.5, 0.5, 0.5, 0.5, 0.5, 0.5]","[0.036, 0.075, 0.0, 0.118, 0.082, 0.09, 0.149, 0.133, 0.049]","[6.83, -2.24, 0.58, 0.07]",6.83,-2.24,0.58,0.07,1.0
2025-07-24,3,,25,Bpod6,340,171,169,203,137,256,145,111,139,116,84,26,58,0.7529411764705882,0.847953216374269,0.6568047337278107,340,171,169,207,136,71,0.6699507389162561,0.5182481751824818,132,66,66,0.3251231527093596,0.4817518248175182,0.7529411764705882,0.847953216374269,0.6568047337278107,0.8603603603603603,-0.1911484826464583,0.6714975845410628,0.8787878787878788,-0.207290294246816,0.594099457049369,0.4034374887634389,0,0,0,0.0,0.0,0.0,256,145,111,640.0,362.5,277.5,0.0,0,0,0,0.5,0.4999999999999998,"psych_curve(xdata=array([-70.,  -8.,  -4.,  -2.,   0.,   2.,   4.,   8.,  70.]), ydata=[0.062, 0.25, 0.188, 0.294, 0.474, 0.471, 0.476, 0.417, 0.782], fit=[0.051, 0.051, 0.051, 0.051, 0.051, 0.051, 0.051, 0.051, 0.052, 0.052, 0.052, 0.052, 0.053, 0.053, 0.054, 0.054, 0.055, 0.056, 0.056, 0.057, 0.059, 0.06, 0.061, 0.063, 0.065, 0.067, 0.07, 0.072, 0.076, 0.08, 0.084, 0.089, 0.094, 0.1, 0.107, 0.115, 0.124, 0.134, 0.145, 0.158, 0.171, 0.186, 0.203, 0.221, 0.24, 0.26, 0.282, 0.305, 0.329, 0.354, 0.379, 0.405, 0.431, 0.456, 0.481, 0.506, 0.53, 0.553, 0.574, 0.594, 0.613, 0.631, 0.647, 0.662, 0.675, 0.687, 0.698, 0.708, 0.716, 0.724, 0.731, 0.737, 0.742, 0.747, 0.751, 0.755, 0.758, 0.761, 0.763, 0.766, 0.767, 0.769, 0.77, 0.772, 0.773, 0.774, 0.775, 0.775, 0.776, 0.776, 0.777, 0.777, 0.778, 0.778, 0.778, 0.778, 0.779, 0.779, 0.779, 0.779], params=[0.1, 2.68, 0.05, 0.22], fit_error=[0.023, 0.112, 0.101, 0.114, 0.118, 0.125, 0.112, 0.149, 0.04])",[-70.  -8.  -4.  -2.   0.   2.   4.   8.  70.],"[0.062, 0.25, 0.188, 0.294, 0.474, 0.471, 0.476, 0.417, 0.782]","[0.051, 0.051, 0.051, 0.051, 0.051, 0.051, 0.051, 0.051, 0.052, 0.052, 0.052, 0.052, 0.053, 0.053, 0.054, 0.054, 0.055, 0.056, 0.056, 0.057, 0.059, 0.06, 0.061, 0.063, 0.065, 0.067, 0.07, 0.072, 0.076, 0.08, 0.084, 0.089, 0.094, 0.1, 0.107, 0.115, 0.124, 0.134, 0.145, 0.158, 0.171, 0.186, 0.203, 0.221, 0.24, 0.26, 0.282, 0.305, 0.329, 0.354, 0.379, 0.405, 0.431, 0.456, 0.481, 0.506, 0.53, 0.553, 0.574, 0.594, 0.613, 0.631, 0.647, 0.662, 0.675, 0.687, 0.698, 0.708, 0.716, 0.724, 0.731, 0.737, 0.742, 0.747, 0.751, 0.755, 0.758, 0.761, 0.763, 0.766, 0.767, 0.769, 0.77, 0.772, 0.773, 0.774, 0.775, 0.775, 0.776, 0.776, 0.777, 0.777, 0.778, 0.778, 0.778, 0.778, 0.779, 0.779, 0.779, 0.779]","[0.023, 0.112, 0.101, 0.114, 0.118, 0.125, 0.112, 0.149, 0.04]","[0.1, 2.68, 0.05, 0.22]",0.1,2.68,0.05,0.22,"psych_curve(xdata=array([-70.,  -8.,  -4.,  -2.,   0.,   2.,   4.,   8.,  70.]), ydata=[0.238, 0.5, 0.5, 0.8, 0.632, 0.895, 0.765, 0.8, 0.98], fit=[nan, nan, nan, nan, nan, nan, nan, nan, nan, nan, nan, nan, nan, nan, nan, nan, nan, nan, nan, nan, nan, nan, nan, nan, nan, nan, nan, nan, nan, nan, nan, nan, nan, nan, nan, nan, nan, nan, nan, nan, nan, nan, nan, nan, nan, nan, nan, nan, nan, nan, nan, nan, nan, nan, nan, nan, nan, nan, nan, nan, nan, nan, nan, nan, nan, nan, nan, nan, nan, nan, nan, nan, nan, nan, nan, nan, nan, nan, nan, nan, nan, nan, nan, nan, nan, nan, nan, nan, nan, nan, nan, nan, nan, nan, nan, nan, nan, nan, nan, nan], params=[0.16, -4.42, 0.23, 0.04], fit_error=[0.039, 0.121, 0.115, 0.107, 0.114, 0.072, 0.106, 0.133, 0.014])",[-70.  -8.  -4.  -2.   0.   2.   4.   8.  70.],"[0.062, 0.25, 0.188, 0.294, 0.474, 0.471, 0.476, 0.417, 0.782]","[0.051, 0.051, 0.051, 0.051, 0.051, 0.051, 0.051, 0.051, 0.052, 0.052, 0.052, 0.052, 0.053, 0.053, 0.054, 0.054, 0.055, 0.056, 0.056, 0.057, 0.059, 0.06, 0.061, 0.063, 0.065, 0.067, 0.07, 0.072, 0.076, 0.08, 0.084, 0.089, 0.094, 0.1, 0.107, 0.115, 0.124, 0.134, 0.145, 0.158, 0.171, 0.186, 0.203, 0.221, 0.24, 0.26, 0.282, 0.305, 0.329, 0.354, 0.379, 0.405, 0.431, 0.456, 0.481, 0.506, 0.53, 0.553, 0.574, 0.594, 0.613, 0.631, 0.647, 0.662, 0.675, 0.687, 0.698, 0.708, 0.716, 0.724, 0.731, 0.737, 0.742, 0.747, 0.751, 0.755, 0.758, 0.761, 0.763, 0.766, 0.767, 0.769, 0.77, 0.772, 0.773, 0.774, 0.775, 0.775, 0.776, 0.776, 0.777, 0.777, 0.778, 0.778, 0.778, 0.778, 0.779, 0.779, 0.779, 0.779]","[0.023, 0.112, 0.101, 0.114, 0.118, 0.125, 0.112, 0.149, 0.04]","[0.16, -4.42, 0.23, 0.04]",0.16,-4.42,0.23,0.04,0.0
2025-07-25,4,,25,Bpod6,339,180,159,94,95,127,67,60,66,44,62,35,27,0.3746312684365782,0.3722222222222222,0.3773584905660377,189,102,87,108,55,53,0.5851063829787234,0.5578947368421052,52,27,25,0.2872340425531915,0.2631578947368421,0.671957671957672,0.6568627450980392,0.6896551724137931,0.7142857142857143,0.0327924273157539,0.6111111111111112,0.8461538461538461,-0.2350427350427349,0.5715005599104144,0.2751959686450168,150,78,72,0.4424778761061947,0.4333333333333333,0.4528301886792453,127,67,60,317.5,167.5,150.0,0.0,0,0,0,0.5,0.4999999999999998,"psych_curve(xdata=array([-70.,  -8.,  -4.,  -2.,   0.,   2.,   4.,   8.,  70.]), ydata=[0.329, 0.182, 0.571, 0.5, 1.0, 0.273, 0.556, 1.0, 0.78], fit=[0.27, 0.27, 0.27, 0.27, 0.27, 0.27, 0.27, 0.27, 0.27, 0.27, 0.27, 0.27, 0.27, 0.27, 0.27, 0.27, 0.27, 0.27, 0.27, 0.27, 0.27, 0.27, 0.27, 0.27, 0.27, 0.27, 0.27, 0.27, 0.27, 0.271, 0.271, 0.271, 0.272, 0.272, 0.274, 0.275, 0.277, 0.28, 0.284, 0.29, 0.298, 0.309, 0.324, 0.344, 0.369, 0.401, 0.44, 0.484, 0.531, 0.58, 0.626, 0.668, 0.703, 0.733, 0.756, 0.773, 0.786, 0.796, 0.803, 0.808, 0.811, 0.814, 0.816, 0.817, 0.818, 0.819, 0.819, 0.819, 0.819, 0.82, 0.82, 0.82, 0.82, 0.82, 0.82, 0.82, 0.82, 0.82, 0.82, 0.82, 0.82, 0.82, 0.82, 0.82, 0.82, 0.82, 0.82, 0.82, 0.82, 0.82, 0.82, 0.82, 0.82, 0.82, 0.82, 0.82, 0.82, 0.82, 0.82, 0.82], params=[0.25, -1.72, 0.27, 0.18], fit_error=[0.054, 0.122, 0.202, 0.189, nan, 0.141, 0.121, 0.0, 0.059])",[-70.  -8.  -4.  -2.   0.   2.   4.   8.  70.],"[0.329, 0.182, 0.571, 0.5, 1.0, 0.273, 0.556, 1.0, 0.78]","[0.27, 0.27, 0.27, 0.27, 0.27, 0.27, 0.27, 0.27, 0.27, 0.27, 0.27, 0.27, 0.27, 0.27, 0.27, 0.27, 0.27, 0.27, 0.27, 0.27, 0.27, 0.27, 0.27, 0.27, 0.27, 0.27, 0.27, 0.27, 0.27, 0.271, 0.271, 0.271, 0.272, 0.272, 0.274, 0.275, 0.277, 0.28, 0.284, 0.29, 0.298, 0.309, 0.324, 0.344, 0.369, 0.401, 0.44, 0.484, 0.531, 0.58, 0.626, 0.668, 0.703, 0.733, 0.756, 0.773, 0.786, 0.796, 0.803, 0.808, 0.811, 0.814, 0.816, 0.817, 0.818, 0.819, 0.819, 0.819, 0.819, 0.82, 0.82, 0.82, 0.82, 0.82, 0.82, 0.82, 0.82, 0.82, 0.82, 0.82, 0.82, 0.82, 0.82, 0.82, 0.82, 0.82, 0.82, 0.82, 0.82, 0.82, 0.82, 0.82, 0.82, 0.82, 0.82, 0.82, 0.82, 0.82, 0.82, 0.82]","[0.054, 0.122, 0.202, 0.189, nan, 0.141, 0.121, 0.0, 0.059]","[0.25, -1.72, 0.27, 0.18]",0.25,-1.72,0.27,0.18,"psych_curve(xdata=array([-70.,  -8.,  -4.,  -2.,  -0.,   2.,   4.,   8.,  70.]), ydata=[0.448, 0.286, 0.7, 0.7, 0.0, 0.667, 0.778, 1.0, 0.92], fit=[nan, nan, nan, nan, nan, nan, nan, nan, nan, nan, nan, nan, nan, nan, nan, nan, nan, nan, nan, nan, nan, nan, nan, nan, nan, nan, nan, nan, nan, nan, nan, nan, nan, nan, nan, nan, nan, nan, nan, nan, nan, nan, nan, nan, nan, nan, nan, nan, nan, nan, nan, nan, nan, nan, nan, nan, nan, nan, nan, nan, nan, nan, nan, nan, nan, nan, nan, nan, nan, nan, nan, nan, nan, nan, nan, nan, nan, nan, nan, nan, nan, nan, nan, nan, nan, nan, nan, nan, nan, nan, nan, nan, nan, nan, nan, nan, nan, nan, nan, nan], params=[6.68, 2.0, 0.43, 0.1], fit_error=[0.066, 0.184, 0.153, 0.153, nan, 0.211, 0.147, 0.0, 0.039])",[-70.  -8.  -4.  -2.   0.   2.   4.   8.  70.],"[0.329, 0.182, 0.571, 0.5, 1.0, 0.273, 0.556, 1.0, 0.78]","[0.27, 0.27, 0.27, 0.27, 0.27, 0.27, 0.27, 0.27, 0.27, 0.27, 0.27, 0.27, 0.27, 0.27, 0.27, 0.27, 0.27, 0.27, 0.27, 0.27, 0.27, 0.27, 0.27, 0.27, 0.27, 0.27, 0.27, 0.27, 0.27, 0.271, 0.271, 0.271, 0.272, 0.272, 0.274, 0.275, 0.277, 0.28, 0.284, 0.29, 0.298, 0.309, 0.324, 0.344, 0.369, 0.401, 0.44, 0.484, 0.531, 0.58, 0.626, 0.668, 0.703, 0.733, 0.756, 0.773, 0.786, 0.796, 0.803, 0.808, 0.811, 0.814, 0.816, 0.817, 0.818, 0.819, 0.819, 0.819, 0.819, 0.82, 0.82, 0.82, 0.82, 0.82, 0.82, 0.82, 0.82, 0.82, 0.82, 0.82, 0.82, 0.82, 0.82, 0.82, 0.82, 0.82, 0.82, 0.82, 0.82, 0.82, 0.82, 0.82, 0.82, 0.82, 0.82, 0.82, 0.82, 0.82, 0.82, 0.82]","[0.054, 0.122, 0.202, 0.189, nan, 0.141, 0.121, 0.0, 0.059]","[6.68, 2.0, 0.43, 0.1]",6.68,2.0,0.43,0.1,1.0
2025-07-31,3,,25,Bpod6,333,163,170,210,115,225,135,90,130,90,100,25,75,0.6756756756756757,0.8282208588957055,0.5294117647058824,325,160,165,210,150,60,0.7142857142857143,0.5217391304347826,108,54,54,0.2571428571428571,0.4695652173913043,0.6923076923076923,0.84375,0.5454545454545454,0.7647058823529411,-0.2982954545454546,0.6190476190476191,0.8333333333333334,-0.2142857142857143,0.6180124223602484,0.3633540372670807,8,3,5,0.024024024024024,0.0184049079754601,0.0294117647058823,225,135,90,562.5,337.5,225.0,0.0,0,0,0,0.5,0.4999999999999998,"psych_curve(xdata=array([-70.,  -8.,  -4.,  -2.,   0.,   2.,   4.,   8.,  70.]), ydata=[0.098, 0.214, 0.286, 0.4, 0.182, 0.467, 0.385, 0.375, 0.624], fit=[0.092, 0.092, 0.092, 0.092, 0.092, 0.093, 0.093, 0.093, 0.094, 0.094, 0.095, 0.095, 0.096, 0.097, 0.098, 0.099, 0.1, 0.101, 0.102, 0.103, 0.105, 0.107, 0.109, 0.111, 0.113, 0.116, 0.119, 0.122, 0.125, 0.129, 0.134, 0.138, 0.144, 0.149, 0.155, 0.162, 0.17, 0.178, 0.186, 0.195, 0.205, 0.216, 0.227, 0.239, 0.251, 0.264, 0.278, 0.292, 0.306, 0.32, 0.335, 0.35, 0.365, 0.38, 0.395, 0.409, 0.424, 0.437, 0.451, 0.463, 0.476, 0.487, 0.498, 0.508, 0.518, 0.527, 0.535, 0.543, 0.55, 0.557, 0.563, 0.568, 0.573, 0.578, 0.582, 0.586, 0.589, 0.593, 0.595, 0.598, 0.6, 0.602, 0.604, 0.606, 0.607, 0.609, 0.61, 0.611, 0.612, 0.613, 0.613, 0.614, 0.615, 0.615, 0.616, 0.616, 0.617, 0.617, 0.617, 0.618], params=[0.08, 2.57, 0.09, 0.38], fit_error=[0.028, 0.114, 0.184, 0.112, 0.122, 0.133, 0.14, 0.101, 0.047])",[-70.  -8.  -4.  -2.   0.   2.   4.   8.  70.],"[0.098, 0.214, 0.286, 0.4, 0.182, 0.467, 0.385, 0.375, 0.624]","[0.092, 0.092, 0.092, 0.092, 0.092, 0.093, 0.093, 0.093, 0.094, 0.094, 0.095, 0.095, 0.096, 0.097, 0.098, 0.099, 0.1, 0.101, 0.102, 0.103, 0.105, 0.107, 0.109, 0.111, 0.113, 0.116, 0.119, 0.122, 0.125, 0.129, 0.134, 0.138, 0.144, 0.149, 0.155, 0.162, 0.17, 0.178, 0.186, 0.195, 0.205, 0.216, 0.227, 0.239, 0.251, 0.264, 0.278, 0.292, 0.306, 0.32, 0.335, 0.35, 0.365, 0.38, 0.395, 0.409, 0.424, 0.437, 0.451, 0.463, 0.476, 0.487, 0.498, 0.508, 0.518, 0.527, 0.535, 0.543, 0.55, 0.557, 0.563, 0.568, 0.573, 0.578, 0.582, 0.586, 0.589, 0.593, 0.595, 0.598, 0.6, 0.602, 0.604, 0.606, 0.607, 0.609, 0.61, 0.611, 0.612, 0.613, 0.613, 0.614, 0.615, 0.615, 0.616, 0.616, 0.617, 0.617, 0.617, 0.618]","[0.028, 0.114, 0.184, 0.112, 0.122, 0.133, 0.14, 0.101, 0.047]","[0.08, 2.57, 0.09, 0.38]",0.08,2.57,0.09,0.38,"psych_curve(xdata=array([-70.,  -8.,  -4.,  -2.,  -0.,   2.,   4.,   8.,  70.]), ydata=[0.372, 0.583, 0.75, 0.765, 0.636, 0.824, 0.875, 0.75, 0.913], fit=[nan, nan, nan, nan, nan, nan, nan, nan, nan, nan, nan, nan, nan, nan, nan, nan, nan, nan, nan, nan, nan, nan, nan, nan, nan, nan, nan, nan, nan, nan, nan, nan, nan, nan, nan, nan, nan, nan, nan, nan, nan, nan, nan, nan, nan, nan, nan, nan, nan, nan, nan, nan, nan, nan, nan, nan, nan, nan, nan, nan, nan, nan, nan, nan, nan, nan, nan, nan, nan, nan, nan, nan, nan, nan, nan, nan, nan, nan, nan, nan, nan, nan, nan, nan, nan, nan, nan, nan, nan, nan, nan, nan, nan, nan, nan, nan, nan, nan, nan, nan], params=[0.13, -7.55, 0.37, 0.11], fit_error=[0.046, 0.103, 0.131, 0.106, 0.152, 0.095, 0.125, 0.131, 0.028])",[-70.  -8.  -4.  -2.   0.   2.   4.   8.  70.],"[0.098, 0.214, 0.286, 0.4, 0.182, 0.467, 0.385, 0.375, 0.624]","[0.092, 0.092, 0.092, 0.092, 0.092, 0.093, 0.093, 0.093, 0.094, 0.094, 0.095, 0.095, 0.096, 0.097, 0.098, 0.099, 0.1, 0.101, 0.102, 0.103, 0.105, 0.107, 0.109, 0.111, 0.113, 0.116, 0.119, 0.122, 0.125, 0.129, 0.134, 0.138, 0.144, 0.149, 0.155, 0.162, 0.17, 0.178, 0.186, 0.195, 0.205, 0.216, 0.227, 0.239, 0.251, 0.264, 0.278, 0.292, 0.306, 0.32, 0.335, 0.35, 0.365, 0.38, 0.395, 0.409, 0.424, 0.437, 0.451, 0.463, 0.476, 0.487, 0.498, 0.508, 0.518, 0.527, 0.535, 0.543, 0.55, 0.557, 0.563, 0.568, 0.573, 0.578, 0.582, 0.586, 0.589, 0.593, 0.595, 0.598, 0.6, 0.602, 0.604, 0.606, 0.607, 0.609, 0.61, 0.611, 0.612, 0.613, 0.613, 0.614, 0.615, 0.615, 0.616, 0.616, 0.617, 0.617, 0.617, 0.618]","[0.028, 0.114, 0.184, 0.112, 0.122, 0.133, 0.14, 0.101, 0.047]","[0.13, -7.55, 0.37, 0.11]",0.13,-7.55,0.37,0.11,0.0
2025-08-01,4,,25,Bpod6,326,150,176,152,164,195,88,107,141,50,121,57,64,0.598159509202454,0.5866666666666667,0.6079545454545454,316,145,171,238,110,128,0.7236842105263158,0.7804878048780488,70,36,34,0.2368421052631578,0.2073170731707317,0.6170886075949367,0.6068965517241379,0.6257309941520468,0.6666666666666666,0.0188344424279088,0.592436974789916,0.7142857142857143,-0.1218487394957983,0.7520860077021823,0.2220795892169448,10,5,5,0.0306748466257668,0.0333333333333333,0.0284090909090909,195,88,107,487.5,220.0,267.5,0.0,0,0,0,0.5,0.4999999999999998,"psych_curve(xdata=array([-70.,  -8.,  -4.,  -2.,   0.,   2.,   4.,   8.,  70.]), ydata=[0.402, 0.312, 0.381, 0.4, 0.421, 0.368, 0.381, 0.75, 0.72], fit=[0.38, 0.38, 0.38, 0.38, 0.38, 0.38, 0.38, 0.38, 0.38, 0.38, 0.38, 0.38, 0.38, 0.38, 0.38, 0.38, 0.38, 0.38, 0.38, 0.38, 0.38, 0.38, 0.38, 0.38, 0.38, 0.38, 0.38, 0.38, 0.38, 0.38, 0.38, 0.38, 0.38, 0.38, 0.38, 0.38, 0.38, 0.38, 0.38, 0.38, 0.38, 0.38, 0.38, 0.38, 0.38, 0.38, 0.38, 0.38, 0.38, 0.38, 0.38, 0.38, 0.38, 0.464, 0.73, 0.73, 0.73, 0.73, 0.73, 0.73, 0.73, 0.73, 0.73, 0.73, 0.73, 0.73, 0.73, 0.73, 0.73, 0.73, 0.73, 0.73, 0.73, 0.73, 0.73, 0.73, 0.73, 0.73, 0.73, 0.73, 0.73, 0.73, 0.73, 0.73, 0.73, 0.73, 0.73, 0.73, 0.73, 0.73, 0.73, 0.73, 0.73, 0.73, 0.73, 0.73, 0.73, 0.73, 0.73, 0.73], params=[6.04, 5.14, 0.38, 0.27], fit_error=[0.054, 0.12, 0.109, 0.131, 0.116, 0.114, 0.109, 0.112, 0.044])",[-70.  -8.  -4.  -2.   0.   2.   4.   8.  70.],"[0.402, 0.312, 0.381, 0.4, 0.421, 0.368, 0.381, 0.75, 0.72]","[0.38, 0.38, 0.38, 0.38, 0.38, 0.38, 0.38, 0.38, 0.38, 0.38, 0.38, 0.38, 0.38, 0.38, 0.38, 0.38, 0.38, 0.38, 0.38, 0.38, 0.38, 0.38, 0.38, 0.38, 0.38, 0.38, 0.38, 0.38, 0.38, 0.38, 0.38, 0.38, 0.38, 0.38, 0.38, 0.38, 0.38, 0.38, 0.38, 0.38, 0.38, 0.38, 0.38, 0.38, 0.38, 0.38, 0.38, 0.38, 0.38, 0.38, 0.38, 0.38, 0.38, 0.464, 0.73, 0.73, 0.73, 0.73, 0.73, 0.73, 0.73, 0.73, 0.73, 0.73, 0.73, 0.73, 0.73, 0.73, 0.73, 0.73, 0.73, 0.73, 0.73, 0.73, 0.73, 0.73, 0.73, 0.73, 0.73, 0.73, 0.73, 0.73, 0.73, 0.73, 0.73, 0.73, 0.73, 0.73, 0.73, 0.73, 0.73, 0.73, 0.73, 0.73, 0.73, 0.73, 0.73, 0.73, 0.73, 0.73]","[0.054, 0.12, 0.109, 0.131, 0.116, 0.114, 0.109, 0.112, 0.044]","[6.04, 5.14, 0.38, 0.27]",6.04,5.14,0.38,0.27,"psych_curve(xdata=array([-70.,  -8.,  -4.,  -2.,  -0.,   2.,   4.,   8.,  70.]), ydata=[0.596, 0.538, 0.833, 0.8, 0.882, 0.684, 0.783, 0.889, 0.945], fit=[nan, nan, nan, nan, nan, nan, nan, nan, nan, nan, nan, nan, nan, nan, nan, nan, nan, nan, nan, nan, nan, nan, nan, nan, nan, nan, nan, nan, nan, nan, nan, nan, nan, nan, nan, nan, nan, nan, nan, nan, nan, nan, nan, nan, nan, nan, nan, nan, nan, nan, nan, nan, nan, nan, nan, nan, nan, nan, nan, nan, nan, nan, nan, nan, nan, nan, nan, nan, nan, nan, nan, nan, nan, nan, nan, nan, nan, nan, nan, nan, nan, nan, nan, nan, nan, nan, nan, nan, nan, nan, nan, nan, nan, nan, nan, nan, nan, nan, nan, nan], params=[0.17, -2.2, 0.57, 0.07], fit_error=[0.051, 0.144, 0.09, 0.107, 0.081, 0.11, 0.088, 0.076, 0.024])",[-70.  -8.  -4.  -2.   0.   2.   4.   8.  70.],"[0.402, 0.312, 0.381, 0.4, 0.421, 0.368, 0.381, 0.75, 0.72]","[0.38, 0.38, 0.38, 0.38, 0.38, 0.38, 0.38, 0.38, 0.38, 0.38, 0.38, 0.38, 0.38, 0.38, 0.38, 0.38, 0.38, 0.38, 0.38, 0.38, 0.38, 0.38, 0.38, 0.38, 0.38, 0.38, 0.38, 0.38, 0.38, 0.38, 0.38, 0.38, 0.38, 0.38, 0.38, 0.38, 0.38, 0.38, 0.38, 0.38, 0.38, 0.38, 0.38, 0.38, 0.38, 0.38, 0.38, 0.38, 0.38, 0.38, 0.38, 0.38, 0.38, 0.464, 0.73, 0.73, 0.73, 0.73, 0.73, 0.73, 0.73, 0.73, 0.73, 0.73, 0.73, 0.73, 0.73, 0.73, 0.73, 0.73, 0.73, 0.73, 0.73, 0.73, 0.73, 0.73, 0.73, 0.73, 0.73, 0.73, 0.73, 0.73, 0.73, 0.73, 0.73, 0.73, 0.73, 0.73, 0.73, 0.73, 0.73, 0.73, 0.73, 0.73, 0.73, 0.73, 0.73, 0.73, 0.73, 0.73]","[0.054, 0.12, 0.109, 0.131, 0.116, 0.114, 0.109, 0.112, 0.044]","[0.17, -2.2, 0.57, 0.07]",0.17,-2.2,0.57,0.07,1.0
2025-08-07,3,,25,Bpod6,334,172,162,214,120,232,142,90,158,74,102,30,72,0.6946107784431138,0.8255813953488372,0.5555555555555556,334,172,162,239,167,72,0.780373831775701,0.6,94,47,47,0.219626168224299,0.3916666666666666,0.6946107784431138,0.8255813953488372,0.5555555555555556,0.7467248908296943,-0.2700258397932816,0.6610878661087866,0.7872340425531915,-0.1261461764444049,0.6901869158878504,0.3056464174454829,0,0,0,0.0,0.0,0.0,232,142,90,580.0,355.0,225.0,0.0,0,0,0,0.5,0.4999999999999998,"psych_curve(xdata=array([-70.,  -8.,  -4.,  -2.,   0.,   2.,   4.,   8.,  70.]), ydata=[0.079, 0.444, 0.182, 0.235, 0.526, 0.444, 0.556, 0.538, 0.574], fit=[0.23, 0.23, 0.23, 0.23, 0.23, 0.23, 0.23, 0.23, 0.23, 0.23, 0.23, 0.23, 0.23, 0.23, 0.23, 0.23, 0.23, 0.23, 0.23, 0.23, 0.23, 0.23, 0.23, 0.23, 0.23, 0.23, 0.23, 0.23, 0.23, 0.23, 0.23, 0.23, 0.23, 0.23, 0.23, 0.23, 0.23, 0.23, 0.23, 0.23, 0.23, 0.23, 0.23, 0.23, 0.23, 0.23, 0.23, 0.23, 0.23, 0.426, 0.53, 0.53, 0.53, 0.53, 0.53, 0.53, 0.53, 0.53, 0.53, 0.53, 0.53, 0.53, 0.53, 0.53, 0.53, 0.53, 0.53, 0.53, 0.53, 0.53, 0.53, 0.53, 0.53, 0.53, 0.53, 0.53, 0.53, 0.53, 0.53, 0.53, 0.53, 0.53, 0.53, 0.53, 0.53, 0.53, 0.53, 0.53, 0.53, 0.53, 0.53, 0.53, 0.53, 0.53, 0.53, 0.53, 0.53, 0.53, 0.53, 0.53], params=[6.14, -0.81, 0.23, 0.47], fit_error=[0.025, 0.121, 0.122, 0.106, 0.118, 0.176, 0.121, 0.144, 0.046])",[-70.  -8.  -4.  -2.   0.   2.   4.   8.  70.],"[0.079, 0.444, 0.182, 0.235, 0.526, 0.444, 0.556, 0.538, 0.574]","[0.23, 0.23, 0.23, 0.23, 0.23, 0.23, 0.23, 0.23, 0.23, 0.23, 0.23, 0.23, 0.23, 0.23, 0.23, 0.23, 0.23, 0.23, 0.23, 0.23, 0.23, 0.23, 0.23, 0.23, 0.23, 0.23, 0.23, 0.23, 0.23, 0.23, 0.23, 0.23, 0.23, 0.23, 0.23, 0.23, 0.23, 0.23, 0.23, 0.23, 0.23, 0.23, 0.23, 0.23, 0.23, 0.23, 0.23, 0.23, 0.23, 0.426, 0.53, 0.53, 0.53, 0.53, 0.53, 0.53, 0.53, 0.53, 0.53, 0.53, 0.53, 0.53, 0.53, 0.53, 0.53, 0.53, 0.53, 0.53, 0.53, 0.53, 0.53, 0.53, 0.53, 0.53, 0.53, 0.53, 0.53, 0.53, 0.53, 0.53, 0.53, 0.53, 0.53, 0.53, 0.53, 0.53, 0.53, 0.53, 0.53, 0.53, 0.53, 0.53, 0.53, 0.53, 0.53, 0.53, 0.53, 0.53, 0.53, 0.53]","[0.025, 0.121, 0.122, 0.106, 0.118, 0.176, 0.121, 0.144, 0.046]","[6.14, -0.81, 0.23, 0.47]",6.14,-0.81,0.23,0.47,"psych_curve(xdata=array([-70.,  -8.,  -4.,  -2.,  -0.,   2.,   4.,   8.,  70.]), ydata=[0.443, 0.667, 0.7, 0.6, 0.789, 0.812, 0.842, 0.846, 0.918], fit=[nan, nan, nan, nan, nan, nan, nan, nan, nan, nan, nan, nan, nan, nan, nan, nan, nan, nan, nan, nan, nan, nan, nan, nan, nan, nan, nan, nan, nan, nan, nan, nan, nan, nan, nan, nan, nan, nan, nan, nan, nan, nan, nan, nan, nan, nan, nan, nan, nan, nan, nan, nan, nan, nan, nan, nan, nan, nan, nan, nan, nan, nan, nan, nan, nan, nan, nan, nan, nan, nan, nan, nan, nan, nan, nan, nan, nan, nan, nan, nan, nan, nan, nan, nan, nan, nan, nan, nan, nan, nan, nan, nan, nan, nan, nan, nan, nan, nan, nan, nan], params=[0.14, -4.24, 0.45, 0.07], fit_error=[0.048, 0.114, 0.153, 0.163, 0.096, 0.101, 0.086, 0.104, 0.025])",[-70.  -8.  -4.  -2.   0.   2.   4.   8.  70.],"[0.079, 0.444, 0.182, 0.235, 0.526, 0.444, 0.556, 0.538, 0.574]","[0.23, 0.23, 0.23, 0.23, 0.23, 0.23, 0.23, 0.23, 0.23, 0.23, 0.23, 0.23, 0.23, 0.23, 0.23, 0.23, 0.23, 0.23, 0.23, 0.23, 0.23, 0.23, 0.23, 0.23, 0.23, 0.23, 0.23, 0.23, 0.23, 0.23, 0.23, 0.23, 0.23, 0.23, 0.23, 0.23, 0.23, 0.23, 0.23, 0.23, 0.23, 0.23, 0.23, 0.23, 0.23, 0.23, 0.23, 0.23, 0.23, 0.426, 0.53, 0.53, 0.53, 0.53, 0.53, 0.53, 0.53, 0.53, 0.53, 0.53, 0.53, 0.53, 0.53, 0.53, 0.53, 0.53, 0.53, 0.53, 0.53, 0.53, 0.53, 0.53, 0.53, 0.53, 0.53, 0.53, 0.53, 0.53, 0.53, 0.53, 0.53, 0.53, 0.53, 0.53, 0.53, 0.53, 0.53, 0.53, 0.53, 0.53, 0.53, 0.53, 0.53, 0.53, 0.53, 0.53, 0.53, 0.53, 0.53, 0.53]","[0.025, 0.121, 0.122, 0.106, 0.118, 0.176, 0.121, 0.144, 0.046]","[0.14, -4.24, 0.45, 0.07]",0.14,-4.24,0.45,0.07,0.0
2025-08-08,4,,25,Bpod6,329,154,175,142,178,209,90,119,146,59,111,59,52,0.6352583586626139,0.5844155844155844,0.68,320,149,171,247,104,143,0.7323943661971831,0.8033707865168539,68,34,34,0.2394366197183098,0.1910112359550561,0.653125,0.6040268456375839,0.695906432748538,0.6635071090047393,0.0918795871109541,0.5910931174089069,0.8676470588235294,-0.2765539414146225,0.7678825763570185,0.215223927836683,9,5,4,0.0273556231003039,0.0324675324675324,0.0228571428571428,209,90,119,522.5,225.0,297.5,0.0,0,0,0,0.5,0.4999999999999998,"psych_curve(xdata=array([-70.,  -8.,  -4.,  -2.,   0.,   2.,   4.,   8.,  70.]), ydata=[0.364, 0.308, 0.5, 0.667, 0.611, 0.609, 0.733, 0.812, 0.692], fit=[0.33, 0.33, 0.33, 0.33, 0.33, 0.33, 0.33, 0.33, 0.33, 0.33, 0.33, 0.33, 0.33, 0.33, 0.33, 0.33, 0.33, 0.33, 0.33, 0.33, 0.33, 0.33, 0.33, 0.33, 0.33, 0.33, 0.33, 0.33, 0.33, 0.33, 0.33, 0.33, 0.33, 0.33, 0.33, 0.33, 0.33, 0.33, 0.33, 0.331, 0.332, 0.334, 0.339, 0.348, 0.367, 0.402, 0.457, 0.528, 0.599, 0.652, 0.685, 0.703, 0.712, 0.716, 0.718, 0.719, 0.72, 0.72, 0.72, 0.72, 0.72, 0.72, 0.72, 0.72, 0.72, 0.72, 0.72, 0.72, 0.72, 0.72, 0.72, 0.72, 0.72, 0.72, 0.72, 0.72, 0.72, 0.72, 0.72, 0.72, 0.72, 0.72, 0.72, 0.72, 0.72, 0.72, 0.72, 0.72, 0.72, 0.72, 0.72, 0.72, 0.72, 0.72, 0.72, 0.72, 0.72, 0.72, 0.72, 0.72], params=[0.54, -3.6, 0.33, 0.28], fit_error=[0.047, 0.133, 0.151, 0.142, 0.118, 0.104, 0.118, 0.101, 0.045])",[-70.  -8.  -4.  -2.   0.   2.   4.   8.  70.],"[0.364, 0.308, 0.5, 0.667, 0.611, 0.609, 0.733, 0.812, 0.692]","[0.33, 0.33, 0.33, 0.33, 0.33, 0.33, 0.33, 0.33, 0.33, 0.33, 0.33, 0.33, 0.33, 0.33, 0.33, 0.33, 0.33, 0.33, 0.33, 0.33, 0.33, 0.33, 0.33, 0.33, 0.33, 0.33, 0.33, 0.33, 0.33, 0.33, 0.33, 0.33, 0.33, 0.33, 0.33, 0.33, 0.33, 0.33, 0.33, 0.331, 0.332, 0.334, 0.339, 0.348, 0.367, 0.402, 0.457, 0.528, 0.599, 0.652, 0.685, 0.703, 0.712, 0.716, 0.718, 0.719, 0.72, 0.72, 0.72, 0.72, 0.72, 0.72, 0.72, 0.72, 0.72, 0.72, 0.72, 0.72, 0.72, 0.72, 0.72, 0.72, 0.72, 0.72, 0.72, 0.72, 0.72, 0.72, 0.72, 0.72, 0.72, 0.72, 0.72, 0.72, 0.72, 0.72, 0.72, 0.72, 0.72, 0.72, 0.72, 0.72, 0.72, 0.72, 0.72, 0.72, 0.72, 0.72, 0.72, 0.72]","[0.047, 0.133, 0.151, 0.142, 0.118, 0.104, 0.118, 0.101, 0.045]","[0.54, -3.6, 0.33, 0.28]",0.54,-3.6,0.33,0.28,"psych_curve(xdata=array([-70.,  -8.,  -4.,  -2.,  -0.,   2.,   4.,   8.,  70.]), ydata=[0.587, 0.6, 0.714, 0.75, 0.944, 0.867, 1.0, 0.947, 0.938], fit=[nan, nan, nan, nan, nan, nan, nan, nan, nan, nan, nan, nan, nan, nan, nan, nan, nan, nan, nan, nan, nan, nan, nan, nan, nan, nan, nan, nan, nan, nan, nan, nan, nan, nan, nan, nan, nan, nan, nan, nan, nan, nan, nan, nan, nan, nan, nan, nan, nan, nan, nan, nan, nan, nan, nan, nan, nan, nan, nan, nan, nan, nan, nan, nan, nan, nan, nan, nan, nan, nan, nan, nan, nan, nan, nan, nan, nan, nan, nan, nan, nan, nan, nan, nan, nan, nan, nan, nan, nan, nan, nan, nan, nan, nan, nan, nan, nan, nan, nan, nan], params=[0.61, -2.4, 0.59, 0.05], fit_error=[0.047, 0.163, 0.125, 0.099, 0.056, 0.091, 0.0, 0.053, 0.025])",[-70.  -8.  -4.  -2.   0.   2.   4.   8.  70.],"[0.364, 0.308, 0.5, 0.667, 0.611, 0.609, 0.733, 0.812, 0.692]","[0.33, 0.33, 0.33, 0.33, 0.33, 0.33, 0.33, 0.33, 0.33, 0.33, 0.33, 0.33, 0.33, 0.33, 0.33, 0.33, 0.33, 0.33, 0.33, 0.33, 0.33, 0.33, 0.33, 0.33, 0.33, 0.33, 0.33, 0.33, 0.33, 0.33, 0.33, 0.33, 0.33, 0.33, 0.33, 0.33, 0.33, 0.33, 0.33, 0.331, 0.332, 0.334, 0.339, 0.348, 0.367, 0.402, 0.457, 0.528, 0.599, 0.652, 0.685, 0.703, 0.712, 0.716, 0.718, 0.719, 0.72, 0.72, 0.72, 0.72, 0.72, 0.72, 0.72, 0.72, 0.72, 0.72, 0.72, 0.72, 0.72, 0.72, 0.72, 0.72, 0.72, 0.72, 0.72, 0.72, 0.72, 0.72, 0.72, 0.72, 0.72, 0.72, 0.72, 0.72, 0.72, 0.72, 0.72, 0.72, 0.72, 0.72, 0.72, 0.72, 0.72, 0.72, 0.72, 0.72, 0.72, 0.72, 0.72, 0.72]","[0.047, 0.133, 0.151, 0.142, 0.118, 0.104, 0.118, 0.101, 0.045]","[0.61, -2.4, 0.59, 0.05]",0.61,-2.4,0.59,0.05,1.0
2025-08-11,0,,25,Bpod6,338,171,167,178,44,150,117,33,101,24,72,11,61,0.4437869822485207,0.6842105263157895,0.1976047904191616,222,128,94,162,136,26,0.7640449438202247,0.5909090909090909,30,16,14,0.0898876404494382,0.3181818181818182,0.6756756756756757,0.9140625,0.351063829787234,0.7375,-0.562998670212766,0.6234567901234568,0.8,-0.1765432098765432,0.6774770173646578,0.2040347293156282,116,43,73,0.3431952662721893,0.2514619883040935,0.437125748502994,150,117,33,375.0,292.5,82.5,0.0,0,0,0,0.5,0.4999999999999998,"psych_curve(xdata=array([-70.,  -8.,  -4.,  -2.,   0.,   2.,   4.,   8.,  70.]), ydata=[0.052, 0.111, 0.1, 0.3, 0.125, 0.273, 0.333, 0.25, 0.413], fit=[0.04, 0.04, 0.04, 0.04, 0.04, 0.04, 0.04, 0.04, 0.04, 0.04, 0.04, 0.04, 0.04, 0.04, 0.04, 0.04, 0.04, 0.04, 0.04, 0.041, 0.041, 0.041, 0.041, 0.041, 0.041, 0.042, 0.042, 0.043, 0.043, 0.044, 0.045, 0.046, 0.048, 0.05, 0.052, 0.054, 0.058, 0.062, 0.066, 0.072, 0.079, 0.087, 0.096, 0.107, 0.119, 0.133, 0.148, 0.165, 0.183, 0.202, 0.221, 0.24, 0.258, 0.276, 0.293, 0.308, 0.322, 0.334, 0.345, 0.354, 0.362, 0.368, 0.374, 0.379, 0.383, 0.386, 0.388, 0.391, 0.392, 0.394, 0.395, 0.396, 0.397, 0.397, 0.398, 0.398, 0.399, 0.399, 0.399, 0.399, 0.399, 0.4, 0.4, 0.4, 0.4, 0.4, 0.4, 0.4, 0.4, 0.4, 0.4, 0.4, 0.4, 0.4, 0.4, 0.4, 0.4, 0.4, 0.4, 0.4], params=[0.15, 0.66, 0.04, 0.6], fit_error=[0.023, 0.111, 0.1, 0.153, 0.125, 0.141, 0.211, 0.164, 0.063])",[-70.  -8.  -4.  -2.   0.   2.   4.   8.  70.],"[0.052, 0.111, 0.1, 0.3, 0.125, 0.273, 0.333, 0.25, 0.413]","[0.04, 0.04, 0.04, 0.04, 0.04, 0.04, 0.04, 0.04, 0.04, 0.04, 0.04, 0.04, 0.04, 0.04, 0.04, 0.04, 0.04, 0.04, 0.04, 0.041, 0.041, 0.041, 0.041, 0.041, 0.041, 0.042, 0.042, 0.043, 0.043, 0.044, 0.045, 0.046, 0.048, 0.05, 0.052, 0.054, 0.058, 0.062, 0.066, 0.072, 0.079, 0.087, 0.096, 0.107, 0.119, 0.133, 0.148, 0.165, 0.183, 0.202, 0.221, 0.24, 0.258, 0.276, 0.293, 0.308, 0.322, 0.334, 0.345, 0.354, 0.362, 0.368, 0.374, 0.379, 0.383, 0.386, 0.388, 0.391, 0.392, 0.394, 0.395, 0.396, 0.397, 0.397, 0.398, 0.398, 0.399, 0.399, 0.399, 0.399, 0.399, 0.4, 0.4, 0.4, 0.4, 0.4, 0.4, 0.4, 0.4, 0.4, 0.4, 0.4, 0.4, 0.4, 0.4, 0.4, 0.4, 0.4, 0.4, 0.4]","[0.023, 0.111, 0.1, 0.153, 0.125, 0.141, 0.211, 0.164, 0.063]","[0.15, 0.66, 0.04, 0.6]",0.15,0.66,0.04,0.6,"psych_curve(xdata=array([-70.,  -8.,  -4.,  -2.,  -0.,   2.,   4.,   8.,  70.]), ydata=[0.6, 0.875, 0.833, 1.0, 1.0, 0.8, 1.0, 1.0, 0.951], fit=[nan, nan, nan, nan, nan, nan, nan, nan, nan, nan, nan, nan, nan, nan, nan, nan, nan, nan, nan, nan, nan, nan, nan, nan, nan, nan, nan, nan, nan, nan, nan, nan, nan, nan, nan, nan, nan, nan, nan, nan, nan, nan, nan, nan, nan, nan, nan, nan, nan, nan, nan, nan, nan, nan, nan, nan, nan, nan, nan, nan, nan, nan, nan, nan, nan, nan, nan, nan, nan, nan, nan, nan, nan, nan, nan, nan, nan, nan, nan, nan, nan, nan, nan, nan, nan, nan, nan, nan, nan, nan, nan, nan, nan, nan, nan, nan, nan, nan, nan, nan], params=[0.18, -12.88, 0.6, 0.03], fit_error=[0.067, 0.125, 0.167, 0.0, 0.0, 0.133, 0.0, 0.0, 0.024])",[-70.  -8.  -4.  -2.   0.   2.   4.   8.  70.],"[0.052, 0.111, 0.1, 0.3, 0.125, 0.273, 0.333, 0.25, 0.413]","[0.04, 0.04, 0.04, 0.04, 0.04, 0.04, 0.04, 0.04, 0.04, 0.04, 0.04, 0.04, 0.04, 0.04, 0.04, 0.04, 0.04, 0.04, 0.04, 0.041, 0.041, 0.041, 0.041, 0.041, 0.041, 0.042, 0.042, 0.043, 0.043, 0.044, 0.045, 0.046, 0.048, 0.05, 0.052, 0.054, 0.058, 0.062, 0.066, 0.072, 0.079, 0.087, 0.096, 0.107, 0.119, 0.133, 0.148, 0.165, 0.183, 0.202, 0.221, 0.24, 0.258, 0.276, 0.293, 0.308, 0.322, 0.334, 0.345, 0.354, 0.362, 0.368, 0.374, 0.379, 0.383, 0.386, 0.388, 0.391, 0.392, 0.394, 0.395, 0.396, 0.397, 0.397, 0.398, 0.398, 0.399, 0.399, 0.399, 0.399, 0.399, 0.4, 0.4, 0.4, 0.4, 0.4, 0.4, 0.4, 0.4, 0.4, 0.4, 0.4, 0.4, 0.4, 0.4, 0.4, 0.4, 0.4, 0.4, 0.4]","[0.023, 0.111, 0.1, 0.153, 0.125, 0.141, 0.211, 0.164, 0.063]","[0.18, -12.88, 0.6, 0.03]",0.18,-12.88,0.6,0.03,0.0
2025-08-12,1,,25,Bpod6,330,162,168,113,191,198,79,119,125,61,106,72,34,0.6,0.4876543209876543,0.7083333333333334,304,151,153,220,74,146,0.6548672566371682,0.7643979057591623,69,36,33,0.3185840707964602,0.1727748691099476,0.6513157894736842,0.5231788079470199,0.7777777777777778,0.675,0.2545989698307579,0.5681818181818182,0.8840579710144928,-0.3158761528326745,0.7096325811981652,0.2456794699532039,26,11,15,0.0787878787878787,0.0679012345679012,0.0892857142857142,198,79,119,495.0,197.5,297.5,0.0,0,0,0,0.5,0.4999999999999998,"psych_curve(xdata=array([-70.,  -8.,  -4.,  -2.,   0.,   2.,   4.,   8.,  70.]), ydata=[0.49, 0.458, 0.6, 0.333, 0.5, 0.7, 0.647, 0.727, 0.827], fit=[0.47, 0.47, 0.47, 0.47, 0.47, 0.47, 0.47, 0.47, 0.47, 0.47, 0.47, 0.47, 0.47, 0.47, 0.47, 0.47, 0.47, 0.47, 0.47, 0.47, 0.47, 0.47, 0.47, 0.47, 0.47, 0.47, 0.47, 0.47, 0.47, 0.47, 0.47, 0.47, 0.47, 0.47, 0.47, 0.47, 0.47, 0.47, 0.47, 0.47, 0.47, 0.47, 0.47, 0.47, 0.47, 0.47, 0.47, 0.47, 0.47, 0.477, 0.552, 0.701, 0.728, 0.73, 0.73, 0.73, 0.73, 0.73, 0.73, 0.73, 0.73, 0.73, 0.73, 0.73, 0.73, 0.73, 0.73, 0.73, 0.73, 0.73, 0.73, 0.73, 0.73, 0.73, 0.73, 0.73, 0.73, 0.73, 0.73, 0.73, 0.73, 0.73, 0.73, 0.73, 0.73, 0.73, 0.73, 0.73, 0.73, 0.73, 0.73, 0.73, 0.73, 0.73, 0.73, 0.73, 0.73, 0.73, 0.73, 0.73], params=[2.02, 1.09, 0.47, 0.27], fit_error=[0.051, 0.104, 0.131, 0.167, 0.121, 0.153, 0.119, 0.141, 0.037])",[-70.  -8.  -4.  -2.   0.   2.   4.   8.  70.],"[0.49, 0.458, 0.6, 0.333, 0.5, 0.7, 0.647, 0.727, 0.827]","[0.47, 0.47, 0.47, 0.47, 0.47, 0.47, 0.47, 0.47, 0.47, 0.47, 0.47, 0.47, 0.47, 0.47, 0.47, 0.47, 0.47, 0.47, 0.47, 0.47, 0.47, 0.47, 0.47, 0.47, 0.47, 0.47, 0.47, 0.47, 0.47, 0.47, 0.47, 0.47, 0.47, 0.47, 0.47, 0.47, 0.47, 0.47, 0.47, 0.47, 0.47, 0.47, 0.47, 0.47, 0.47, 0.47, 0.47, 0.47, 0.47, 0.477, 0.552, 0.701, 0.728, 0.73, 0.73, 0.73, 0.73, 0.73, 0.73, 0.73, 0.73, 0.73, 0.73, 0.73, 0.73, 0.73, 0.73, 0.73, 0.73, 0.73, 0.73, 0.73, 0.73, 0.73, 0.73, 0.73, 0.73, 0.73, 0.73, 0.73, 0.73, 0.73, 0.73, 0.73, 0.73, 0.73, 0.73, 0.73, 0.73, 0.73, 0.73, 0.73, 0.73, 0.73, 0.73, 0.73, 0.73, 0.73, 0.73, 0.73]","[0.051, 0.104, 0.131, 0.167, 0.121, 0.153, 0.119, 0.141, 0.037]","[2.02, 1.09, 0.47, 0.27]",2.02,1.09,0.47,0.27,"psych_curve(xdata=array([-70.,  -8.,  -4.,  -2.,   0.,   2.,   4.,   8.,  70.]), ydata=[0.563, 0.65, 0.867, 0.625, 0.778, 0.9, 0.875, 0.923, 0.953], fit=[nan, nan, nan, nan, nan, nan, nan, nan, nan, nan, nan, nan, nan, nan, nan, nan, nan, nan, nan, nan, nan, nan, nan, nan, nan, nan, nan, nan, nan, nan, nan, nan, nan, nan, nan, nan, nan, nan, nan, nan, nan, nan, nan, nan, nan, nan, nan, nan, nan, nan, nan, nan, nan, nan, nan, nan, nan, nan, nan, nan, nan, nan, nan, nan, nan, nan, nan, nan, nan, nan, nan, nan, nan, nan, nan, nan, nan, nan, nan, nan, nan, nan, nan, nan, nan, nan, nan, nan, nan, nan, nan, nan, nan, nan, nan, nan, nan, nan, nan, nan], params=[0.19, -2.32, 0.57, 0.04], fit_error=[0.049, 0.109, 0.091, 0.183, 0.101, 0.1, 0.085, 0.077, 0.023])",[-70.  -8.  -4.  -2.   0.   2.   4.   8.  70.],"[0.49, 0.458, 0.6, 0.333, 0.5, 0.7, 0.647, 0.727, 0.827]","[0.47, 0.47, 0.47, 0.47, 0.47, 0.47, 0.47, 0.47, 0.47, 0.47, 0.47, 0.47, 0.47, 0.47, 0.47, 0.47, 0.47, 0.47, 0.47, 0.47, 0.47, 0.47, 0.47, 0.47, 0.47, 0.47, 0.47, 0.47, 0.47, 0.47, 0.47, 0.47, 0.47, 0.47, 0.47, 0.47, 0.47, 0.47, 0.47, 0.47, 0.47, 0.47, 0.47, 0.47, 0.47, 0.47, 0.47, 0.47, 0.47, 0.477, 0.552, 0.701, 0.728, 0.73, 0.73, 0.73, 0.73, 0.73, 0.73, 0.73, 0.73, 0.73, 0.73, 0.73, 0.73, 0.73, 0.73, 0.73, 0.73, 0.73, 0.73, 0.73, 0.73, 0.73, 0.73, 0.73, 0.73, 0.73, 0.73, 0.73, 0.73, 0.73, 0.73, 0.73, 0.73, 0.73, 0.73, 0.73, 0.73, 0.73, 0.73, 0.73, 0.73, 0.73, 0.73, 0.73, 0.73, 0.73, 0.73, 0.73]","[0.051, 0.104, 0.131, 0.167, 0.121, 0.153, 0.119, 0.141, 0.037]","[0.19, -2.32, 0.57, 0.04]",0.19,-2.32,0.57,0.04,1.0
