Trial,Side,RepTrial,Reward,Punish,Miss,WrongLick,Hit,AfterHit,Choice,RepChoice,Response,TrialStart,TrialEnd,TrialLen,StimStart,StimEnd,StimLen,RespWinStart,RespWinEnd,RespWinLen,Filename,Filename2,FilesMatch,Message,MessageFound,SoundLeft,SoundRight,Sound,ILD,ILDRep,Port1In,Port1Out,Port2In,Port2Out,ValveLeft,ValveRight,AW,AWTrials,Switch,Timeout,Fixation,Stage,Motor,REC,Progression,CB,RespWin,ITI,WarmUp,RecoveryMode,P,PRight,Blocks,BlockLen,Task,Ephys,Wait,TrialLag,K,Drug,StimDur,Delay,VarDelay,RewardSize,SerialPort,Protocol,Creator,Project,Experiment,Board,Setup,NetPort,Subject,BpodApiVersion,Session,Date,SessionStart,SessionEnd
0,0,,0,0,1,0,,,,,0,0.337813,15.672717,15.334904,2.8181000000000003,3.8276,1.0094999999999996,4.3347,5.334700000000001,1.0000000000000009,aaa,aaa,1,,0,1,0,1,-70.0,,[],[],[],[],0.0071,0.0084,1000,1,0.5,5.0,0.0,0,0,1,1,0,1,10,1,0,0.0,0.5,LR,0.0,FD,0,0,0,1,,1.0,0.5,0.5,1.0,/dev/ttyACM-Bpod4,stage_training_v6,Emma,pv_nmdar_eranet,2AFC_6,Bpod4,11,36004,11,1.8.2,011_stage_training_v6_20250730-165942,2025-07-30,16:59:54.743678,18:00:01.029296
1,1,,0,0,1,0,,,,,0,15.685213,31.023916,15.338703,2.8206,3.8301,1.0094999999999996,4.3385,5.338500000000001,1.0000000000000009,iaa,iaa,1,,0,0,1,1,70.0,,[],[],[],[],0.0071,0.0084,1000,1,0.5,5.0,0.0,0,0,1,1,0,1,10,1,0,0.0,0.5,LR,0.0,FD,0,0,0,1,,1.0,0.5,0.4999999999999995,1.0,/dev/ttyACM-Bpod4,stage_training_v6,Emma,pv_nmdar_eranet,2AFC_6,Bpod4,11,36004,11,1.8.2,011_stage_training_v6_20250730-165942,2025-07-30,16:59:54.743678,18:00:01.029296
2,0,,0,0,1,0,,,,,0,31.080114,46.415016,15.334902000000003,2.8181000000000003,3.8276,1.0094999999999996,4.3347,5.334700000000001,1.0000000000000009,aaa,aaa,1,,0,1,0,1,-70.0,,[],[],[],[],0.0071,0.0084,1000,1,0.5,5.0,0.0,0,0,1,1,0,1,10,1,0,0.0,0.5,LR,0.0,FD,0,0,0,1,,1.0,0.5,0.5,1.0,/dev/ttyACM-Bpod4,stage_training_v6,Emma,pv_nmdar_eranet,2AFC_6,Bpod4,11,36004,11,1.8.2,011_stage_training_v6_20250730-165942,2025-07-30,16:59:54.743678,18:00:01.029296
3,1,,0,0,1,0,,,,,0,46.428713,61.767417,15.338704,2.8206,3.8301,1.0094999999999996,4.3385,5.338500000000001,1.0000000000000009,iaa,iaa,1,,0,0,1,1,70.0,,[],[],[],[],0.0071,0.0084,1000,1,0.5,5.0,0.0,0,0,1,1,0,1,10,1,0,0.0,0.5,LR,0.0,FD,0,0,0,1,,1.0,0.5,0.4999999999999995,1.0,/dev/ttyACM-Bpod4,stage_training_v6,Emma,pv_nmdar_eranet,2AFC_6,Bpod4,11,36004,11,1.8.2,011_stage_training_v6_20250730-165942,2025-07-30,16:59:54.743678,18:00:01.029296
4,0,,0,0,1,0,,,,,0,61.781813,77.116716,15.334902999999995,2.8181000000000003,3.8276,1.0094999999999996,4.3347,5.334700000000001,1.0000000000000009,aaa,aaa,1,,0,1,0,1,-70.0,,[],[],[],[],0.0071,0.0084,1000,1,0.5,5.0,0.0,0,0,1,1,0,1,10,1,0,0.0,0.5,LR,0.0,FD,0,0,0,1,,1.0,0.5,0.5,1.0,/dev/ttyACM-Bpod4,stage_training_v6,Emma,pv_nmdar_eranet,2AFC_6,Bpod4,11,36004,11,1.8.2,011_stage_training_v6_20250730-165942,2025-07-30,16:59:54.743678,18:00:01.029296
5,1,,0,0,1,0,,,,,0,77.129913,92.468616,15.338702999999995,2.8206,3.8301,1.0094999999999996,4.3385,5.338500000000001,1.0000000000000009,iaa,iaa,1,,0,0,1,1,70.0,,"[9.1436, 9.2662, 9.7525, 9.7613, 9.8457, 11.7463, 11.8431]","[9.1474, 9.269, 9.7538, 9.762, 9.8691, 11.8145, 12.0781]","[9.2335, 9.6865, 9.7365, 9.8467, 10.2348, 11.7881, 12.0623, 12.0754, 12.6556, 12.8469, 12.9829, 13.1332, 13.4183, 13.5631, 13.7205, 14.6205, 14.7648]","[9.2373, 9.7349, 9.7374, 9.8693, 10.3384, 11.8982, 12.0739, 12.0781, 12.7511, 12.881, 13.0013, 13.1476, 13.4535, 13.6218, 13.7666, 14.675, 14.8401]",0.0071,0.0084,1000,1,0.5,5.0,0.0,0,0,1,1,0,1,10,1,0,0.0,0.5,LR,0.0,FD,0,0,0,1,,1.0,0.5,0.4999999999999995,1.0,/dev/ttyACM-Bpod4,stage_training_v6,Emma,pv_nmdar_eranet,2AFC_6,Bpod4,11,36004,11,1.8.2,011_stage_training_v6_20250730-165942,2025-07-30,16:59:54.743678,18:00:01.029296
6,0,,0,0,1,0,,,,,0,92.484613,107.819516,15.334902999999995,2.8181000000000003,3.8276,1.0094999999999996,4.3347,5.334700000000001,1.0000000000000009,aaa,aaa,1,,0,1,0,1,-70.0,,[],[],[],[],0.0071,0.0084,1000,1,0.5,5.0,0.0,0,0,1,1,0,1,10,1,0,0.0,0.5,LR,0.0,FD,0,0,0,1,,1.0,0.5,0.5,1.0,/dev/ttyACM-Bpod4,stage_training_v6,Emma,pv_nmdar_eranet,2AFC_6,Bpod4,11,36004,11,1.8.2,011_stage_training_v6_20250730-165942,2025-07-30,16:59:54.743678,18:00:01.029296
7,1,,0,0,1,0,,,,,0,107.841213,123.179916,15.33870300000001,2.8206,3.8301,1.0094999999999996,4.3385,5.338500000000001,1.0000000000000009,iaa,iaa,1,,0,0,1,1,70.0,,"[5.7534, 5.8769, 6.0159, 6.3561000000000005]","[5.8066, 5.933400000000001, 6.0791, 6.3885000000000005]","[13.9551, 14.1111, 14.2827, 14.8579, 15.0463]","[14.0154, 14.1682, 14.2998, 14.9512, 15.1035]",0.0071,0.0084,1000,1,0.5,5.0,0.0,0,0,1,1,0,1,10,1,0,0.0,0.5,LR,0.0,FD,0,0,0,1,,1.0,0.5,0.4999999999999995,1.0,/dev/ttyACM-Bpod4,stage_training_v6,Emma,pv_nmdar_eranet,2AFC_6,Bpod4,11,36004,11,1.8.2,011_stage_training_v6_20250730-165942,2025-07-30,16:59:54.743678,18:00:01.029296
8,0,,0,0,1,0,,,,,0,123.193513,138.528416,15.334902999999995,2.8181000000000003,3.8276,1.0094999999999996,4.3347,5.334700000000001,1.0000000000000009,aaa,aaa,1,,0,1,0,1,-70.0,,[],[],"[12.1357, 12.2554, 12.6885, 12.8536, 12.9774, 13.2056, 13.3121, 13.4434]","[12.1789, 12.3057, 12.765, 12.8926, 12.9974, 13.2293, 13.342, 13.4739]",0.0071,0.0084,1000,1,0.5,5.0,0.0,0,0,1,1,0,1,10,1,0,0.0,0.5,LR,0.0,FD,0,0,0,1,,1.0,0.5,0.5,1.0,/dev/ttyACM-Bpod4,stage_training_v6,Emma,pv_nmdar_eranet,2AFC_6,Bpod4,11,36004,11,1.8.2,011_stage_training_v6_20250730-165942,2025-07-30,16:59:54.743678,18:00:01.029296
9,1,,0,0,1,0,,,,,0,138.543413,153.882116,15.33870300000001,2.8206,3.8301,1.0094999999999996,4.3385,5.338500000000001,1.0000000000000009,iaa,iaa,1,,0,0,1,1,70.0,,[],[],[],[],0.0071,0.0084,1000,1,0.5,5.0,0.0,0,0,1,1,0,1,10,1,0,0.0,0.5,LR,0.0,FD,0,0,0,1,,1.0,0.5,0.4999999999999995,1.0,/dev/ttyACM-Bpod4,stage_training_v6,Emma,pv_nmdar_eranet,2AFC_6,Bpod4,11,36004,11,1.8.2,011_stage_training_v6_20250730-165942,2025-07-30,16:59:54.743678,18:00:01.029296
10,0,,0,0,1,0,,,,,0,153.895813,169.230716,15.334902999999995,2.8181000000000003,3.8276,1.0094999999999996,4.3347,5.334700000000001,1.0000000000000009,aaa,aaa,1,,0,1,0,1,-70.0,,[],[],[],[],0.0071,0.0084,1000,1,0.5,5.0,0.0,0,0,1,1,0,1,10,1,0,0.0,0.5,LR,0.0,FD,0,0,0,1,,1.0,0.5,0.5,1.0,/dev/ttyACM-Bpod4,stage_training_v6,Emma,pv_nmdar_eranet,2AFC_6,Bpod4,11,36004,11,1.8.2,011_stage_training_v6_20250730-165942,2025-07-30,16:59:54.743678,18:00:01.029296
11,1,,0,0,1,0,,,,,0,169.245913,184.584616,15.33870300000001,2.8206,3.8301,1.0094999999999996,4.3385,5.338500000000001,1.0000000000000009,iaa,iaa,1,,0,0,1,1,70.0,,[9.3754],[9.6466],"[9.515, 9.6174, 9.7176, 9.9505, 10.0723, 10.6207, 10.7604, 10.8581, 10.99]","[9.6124, 9.6331, 9.7977, 10.0299, 10.0755, 10.6878, 10.7788, 10.8812, 11.0102]",0.0071,0.0084,1000,1,0.5,5.0,0.0,0,0,1,1,0,1,10,1,0,0.0,0.5,LR,0.0,FD,0,0,0,1,,1.0,0.5,0.4999999999999995,1.0,/dev/ttyACM-Bpod4,stage_training_v6,Emma,pv_nmdar_eranet,2AFC_6,Bpod4,11,36004,11,1.8.2,011_stage_training_v6_20250730-165942,2025-07-30,16:59:54.743678,18:00:01.029296
12,0,,0,0,1,0,,,,,0,184.599813,199.934716,15.334902999999995,2.8181000000000003,3.8276,1.0094999999999996,4.3347,5.334700000000001,1.0000000000000009,aaa,aaa,1,,0,1,0,1,-70.0,,[],[],[],[],0.0071,0.0084,1000,1,0.5,5.0,0.0,0,0,1,1,0,1,10,1,0,0.0,0.5,LR,0.0,FD,0,0,0,1,,1.0,0.5,0.5,1.0,/dev/ttyACM-Bpod4,stage_training_v6,Emma,pv_nmdar_eranet,2AFC_6,Bpod4,11,36004,11,1.8.2,011_stage_training_v6_20250730-165942,2025-07-30,16:59:54.743678,18:00:01.029296
13,1,,0,0,1,0,,,,,0,199.946313,215.285016,15.33870300000001,2.8206,3.8301,1.0094999999999996,4.3385,5.338500000000001,1.0000000000000009,iaa,iaa,1,,0,0,1,1,70.0,,"[9.8727, 9.8879, 9.9032, 9.9172]","[9.8818, 9.8969, 9.9121, 9.9419]","[7.407900000000001, 7.4324, 15.0897]","[7.421, 7.5182, 15.1435]",0.0071,0.0084,1000,1,0.5,5.0,0.0,0,0,1,1,0,1,10,1,0,0.0,0.5,LR,0.0,FD,0,0,0,1,,1.0,0.5,0.4999999999999995,1.0,/dev/ttyACM-Bpod4,stage_training_v6,Emma,pv_nmdar_eranet,2AFC_6,Bpod4,11,36004,11,1.8.2,011_stage_training_v6_20250730-165942,2025-07-30,16:59:54.743678,18:00:01.029296
14,0,,1,0,0,0,1.0,,0.0,,1,215.297513,229.650216,14.352702999999993,2.8181000000000003,3.8276,1.0094999999999996,4.3347,4.3525,0.0178000000000002,aaa,aaa,1,,0,1,0,1,-70.0,,[4.3525],[4.3555],"[4.7819, 4.962400000000001, 5.101100000000001, 7.337700000000001, 7.489400000000001, 7.5848, 7.635800000000001, 7.686400000000001, 10.8287, 10.9597, 11.0733, 11.3334]","[4.8349, 5.0088, 5.1455, 7.4034, 7.5471, 7.615200000000001, 7.6744, 7.703200000000001, 10.8764, 10.9806, 11.0934, 11.3455]",0.0071,0.0084,1000,1,0.5,5.0,0.0,0,0,1,1,0,1,10,1,0,0.0,0.5,LR,0.0,FD,0,0,0,1,,1.0,0.5,0.5,1.0,/dev/ttyACM-Bpod4,stage_training_v6,Emma,pv_nmdar_eranet,2AFC_6,Bpod4,11,36004,11,1.8.2,011_stage_training_v6_20250730-165942,2025-07-30,16:59:54.743678,18:00:01.029296
15,1,0.0,0,0,1,0,,1.0,,,0,229.663213,245.001917,15.33870399999998,2.8206,3.8301,1.0094999999999996,4.3385,5.338500000000001,1.0000000000000009,iaa,iaa,1,,0,0,1,1,70.0,-70.0,"[7.0385, 8.9047, 8.9343, 8.944600000000001, 8.9685, 9.0024, 9.029]","[7.086, 8.9175, 8.9379, 8.9534, 8.9783, 9.009, 9.0318]","[7.3298, 7.3997, 7.972600000000001, 8.7897, 8.922]","[7.373900000000001, 7.401800000000001, 8.196900000000001, 8.81, 8.9422]",0.0071,0.0084,1000,1,0.5,5.0,0.0,0,0,1,1,0,1,10,1,0,0.0,0.5,LR,0.0,FD,0,0,0,1,,1.0,0.5,0.4999999999999995,1.0,/dev/ttyACM-Bpod4,stage_training_v6,Emma,pv_nmdar_eranet,2AFC_6,Bpod4,11,36004,11,1.8.2,011_stage_training_v6_20250730-165942,2025-07-30,16:59:54.743678,18:00:01.029296
16,0,,0,0,1,0,,,,,0,245.017113,260.352017,15.334903999999996,2.8181000000000003,3.8276,1.0094999999999996,4.3347,5.334700000000001,1.0000000000000009,aaa,aaa,1,,0,1,0,1,-70.0,,"[6.7325, 6.9013, 7.011]","[6.8237000000000005, 6.927700000000001, 7.0353]","[6.466, 9.6933, 14.4637, 14.884, 15.231800000000002]","[6.4956000000000005, 9.7209, 14.4935, 14.8884, 15.2362]",0.0071,0.0084,1000,1,0.5,5.0,0.0,0,0,1,1,0,1,10,1,0,0.0,0.5,LR,0.0,FD,0,0,0,1,,1.0,0.5,0.5,1.0,/dev/ttyACM-Bpod4,stage_training_v6,Emma,pv_nmdar_eranet,2AFC_6,Bpod4,11,36004,11,1.8.2,011_stage_training_v6_20250730-165942,2025-07-30,16:59:54.743678,18:00:01.029296
17,1,,0,0,1,0,,,,,0,260.362013,275.700716,15.33870300000001,2.8206,3.8301,1.0094999999999996,4.3385,5.338500000000001,1.0000000000000009,iaa,iaa,1,,0,0,1,1,70.0,,[],[],[],[],0.0071,0.0084,1000,1,0.5,5.0,0.0,0,0,1,1,0,1,10,1,0,0.0,0.5,LR,0.0,FD,0,0,0,1,,1.0,0.5,0.4999999999999995,1.0,/dev/ttyACM-Bpod4,stage_training_v6,Emma,pv_nmdar_eranet,2AFC_6,Bpod4,11,36004,11,1.8.2,011_stage_training_v6_20250730-165942,2025-07-30,16:59:54.743678,18:00:01.029296
18,0,,0,0,1,0,,,,,0,275.711813,291.046716,15.334902999999995,2.8181000000000003,3.8276,1.0094999999999996,4.3347,5.334700000000001,1.0000000000000009,aaa,aaa,1,,0,1,0,1,-70.0,,"[5.8127, 11.2145]","[5.8245000000000005, 11.2461]","[5.7861, 11.2265]","[5.8276, 11.2451]",0.0071,0.0084,1000,1,0.5,5.0,0.0,0,0,1,1,0,1,10,1,0,0.0,0.5,LR,0.0,FD,0,0,0,1,,1.0,0.5,0.5,1.0,/dev/ttyACM-Bpod4,stage_training_v6,Emma,pv_nmdar_eranet,2AFC_6,Bpod4,11,36004,11,1.8.2,011_stage_training_v6_20250730-165942,2025-07-30,16:59:54.743678,18:00:01.029296
19,1,,0,0,1,0,,,,,0,291.060913,306.399616,15.338702999999953,2.8206,3.8301,1.0094999999999996,4.3385,5.338500000000001,1.0000000000000009,iaa,iaa,1,,0,0,1,1,70.0,,[],[],"[5.5956, 5.7659]","[5.6375, 5.826300000000001]",0.0071,0.0084,1000,1,0.5,5.0,0.0,0,0,1,1,0,1,10,1,0,0.0,0.5,LR,0.0,FD,0,0,0,1,,1.0,0.5,0.4999999999999995,1.0,/dev/ttyACM-Bpod4,stage_training_v6,Emma,pv_nmdar_eranet,2AFC_6,Bpod4,11,36004,11,1.8.2,011_stage_training_v6_20250730-165942,2025-07-30,16:59:54.743678,18:00:01.029296
20,0,,0,0,1,0,,,,,0,306.411313,321.746216,15.334902999999995,2.8181000000000003,3.8276,1.0094999999999996,4.3347,5.334700000000001,1.0000000000000009,aaa,aaa,1,,0,1,0,1,-70.0,,[],[],[],[],0.0071,0.0084,1000,1,0.5,5.0,0.0,0,0,1,1,0,1,10,1,0,0.0,0.5,LR,0.0,FD,0,0,0,1,,1.0,0.5,0.5,1.0,/dev/ttyACM-Bpod4,stage_training_v6,Emma,pv_nmdar_eranet,2AFC_6,Bpod4,11,36004,11,1.8.2,011_stage_training_v6_20250730-165942,2025-07-30,16:59:54.743678,18:00:01.029296
21,1,,0,0,1,0,,,,,0,321.758913,337.097616,15.33870300000001,2.8206,3.8301,1.0094999999999996,4.3385,5.338500000000001,1.0000000000000009,iaa,iaa,1,,0,0,1,1,70.0,,[],[],[],[],0.0071,0.0084,1000,1,0.5,5.0,0.0,0,0,1,1,0,1,10,1,0,0.0,0.5,LR,0.0,FD,0,0,0,1,,1.0,0.5,0.4999999999999995,1.0,/dev/ttyACM-Bpod4,stage_training_v6,Emma,pv_nmdar_eranet,2AFC_6,Bpod4,11,36004,11,1.8.2,011_stage_training_v6_20250730-165942,2025-07-30,16:59:54.743678,18:00:01.029296
22,0,,1,0,0,0,1.0,,0.0,,1,337.112913,351.464316,14.351403000000005,2.8181000000000003,3.8276,1.0094999999999996,4.3347,4.3512,0.0165000000000006,aaa,aaa,1,,0,1,0,1,-70.0,,"[4.3512, 5.6568000000000005, 5.9282, 6.0442, 12.9424]","[4.3575, 5.7522, 5.9556, 6.0582, 12.9652]","[6.1648000000000005, 6.8599000000000006, 7.0004, 7.1416, 7.2918, 8.1167, 8.304, 8.4669, 8.6181, 8.7996, 11.2831, 11.4439, 11.7567, 11.951, 12.0925, 12.2239, 12.3721, 12.9217]","[6.1770000000000005, 6.9129000000000005, 7.0449, 7.1688, 7.324000000000001, 8.1507, 8.3598, 8.495800000000001, 8.659, 8.8382, 11.3007, 11.475, 11.8138, 12.0131, 12.1341, 12.2768, 12.4197, 12.9659]",0.0071,0.0084,1000,1,0.5,5.0,0.0,0,0,1,1,0,1,10,1,0,0.0,0.5,LR,0.0,FD,0,0,0,1,,1.0,0.5,0.5,1.0,/dev/ttyACM-Bpod4,stage_training_v6,Emma,pv_nmdar_eranet,2AFC_6,Bpod4,11,36004,11,1.8.2,011_stage_training_v6_20250730-165942,2025-07-30,16:59:54.743678,18:00:01.029296
23,1,0.0,0,0,1,0,,1.0,,,0,351.481713,366.820416,15.33870300000001,2.8206,3.8301,1.0094999999999996,4.3385,5.338500000000001,1.0000000000000009,iaa,iaa,1,,0,0,1,1,70.0,-70.0,[],[],"[6.4979000000000005, 6.6527, 6.761, 6.8867, 7.0139000000000005, 7.1601, 9.5774, 9.7262, 9.8665, 12.832]","[6.565300000000001, 6.671, 6.799300000000001, 6.9211, 7.0486, 7.1851, 9.6117, 9.7873, 9.9128, 12.8401]",0.0071,0.0084,1000,1,0.5,5.0,0.0,0,0,1,1,0,1,10,1,0,0.0,0.5,LR,0.0,FD,0,0,0,1,,1.0,0.5,0.4999999999999995,1.0,/dev/ttyACM-Bpod4,stage_training_v6,Emma,pv_nmdar_eranet,2AFC_6,Bpod4,11,36004,11,1.8.2,011_stage_training_v6_20250730-165942,2025-07-30,16:59:54.743678,18:00:01.029296
24,0,,1,0,0,0,1.0,,0.0,,1,366.835813,381.189116,14.35330300000004,2.8181000000000003,3.8276,1.0094999999999996,4.3347,4.3531,0.0184000000000006,aaa,aaa,1,,0,1,0,1,-70.0,,"[4.3531, 4.353400000000001, 5.0002, 5.2431, 5.371700000000001, 5.635400000000001, 5.7858, 7.5514]","[4.3533, 4.3535, 5.0688, 5.2824, 5.3931, 5.643000000000001, 5.8003, 7.609100000000001]","[5.6405, 5.7891, 6.165900000000001, 7.5674, 10.8557, 11.0205, 13.565, 13.7846, 13.9564, 14.0932]","[5.6481, 5.8106, 6.1926000000000005, 7.6088, 10.8933, 11.0829, 13.6253, 13.8666, 14.000100000000002, 14.142]",0.0071,0.0084,1000,1,0.5,5.0,0.0,0,0,1,1,0,1,10,1,0,0.0,0.5,LR,0.0,FD,0,0,0,1,,1.0,0.5,0.5,1.0,/dev/ttyACM-Bpod4,stage_training_v6,Emma,pv_nmdar_eranet,2AFC_6,Bpod4,11,36004,11,1.8.2,011_stage_training_v6_20250730-165942,2025-07-30,16:59:54.743678,18:00:01.029296
25,1,0.0,1,0,0,0,1.0,1.0,1.0,0.0,1,381.201313,396.125116,14.923802999999964,2.8206,3.8301,1.0094999999999996,4.3385,4.9236,0.5851000000000006,iaa,iaa,1,,0,0,1,1,70.0,-70.0,[7.717],[7.774],"[4.9236, 5.0833, 5.238, 5.3502, 5.4971000000000005, 5.6342, 5.929, 6.4522, 6.6135, 7.7613, 7.943300000000001, 8.1671, 11.1789]","[4.957800000000001, 5.1492, 5.2652, 5.3939, 5.5189, 5.6691, 5.9988, 6.5293, 6.6684, 7.769, 7.9965, 8.2438, 11.1989]",0.0071,0.0084,1000,1,0.5,5.0,0.0,0,0,1,1,0,1,10,1,0,0.0,0.5,LR,0.0,FD,0,0,0,1,,1.0,0.5,0.4999999999999995,1.0,/dev/ttyACM-Bpod4,stage_training_v6,Emma,pv_nmdar_eranet,2AFC_6,Bpod4,11,36004,11,1.8.2,011_stage_training_v6_20250730-165942,2025-07-30,16:59:54.743678,18:00:01.029296
26,0,0.0,0,1,0,0,0.0,1.0,1.0,1.0,1,396.139413,416.265116,20.125702999999987,2.8181000000000003,3.8276,1.0094999999999996,4.3347,5.125500000000001,0.7908000000000008,aaa,aaa,1,,0,1,0,1,-70.0,-70.0,"[10.8863, 14.4827, 14.7031, 15.0292]","[10.9078, 14.5448, 14.7529, 15.0561]","[5.125500000000001, 10.8827, 14.512300000000002, 15.4557, 17.9035]","[5.163600000000001, 10.9126, 14.5424, 15.519, 17.9788]",0.0071,0.0084,1000,1,0.5,5.0,0.0,0,0,1,1,0,1,10,1,0,0.0,0.5,LR,0.0,FD,0,0,0,1,,1.0,0.5,0.5,1.0,/dev/ttyACM-Bpod4,stage_training_v6,Emma,pv_nmdar_eranet,2AFC_6,Bpod4,11,36004,11,1.8.2,011_stage_training_v6_20250730-165942,2025-07-30,16:59:54.743678,18:00:01.029296
27,1,1.0,0,1,0,0,0.0,0.0,0.0,0.0,1,416.276313,436.239216,19.962902999999983,2.8206,3.8301,1.0094999999999996,4.3385,4.9627,0.6242000000000001,iaa,iaa,1,,0,0,1,1,70.0,70.0,"[4.9627, 11.1645, 11.2188, 11.6782]","[5.0338, 11.1739, 11.4881, 11.8659]","[10.4417, 10.7891, 11.1092, 11.236, 11.2428, 11.6296, 11.7037, 11.8503, 12.3056, 12.3602, 12.3739, 12.407]","[10.4757, 10.8115, 11.1145, 11.2368, 11.3175, 11.6328, 11.8491, 11.8591, 12.307, 12.3662, 12.3793, 12.4112]",0.0071,0.0084,1000,1,0.5,5.0,0.0,0,0,1,1,0,1,10,1,0,0.0,0.5,LR,0.0,FD,0,0,0,1,,1.0,0.5,0.4999999999999995,1.0,/dev/ttyACM-Bpod4,stage_training_v6,Emma,pv_nmdar_eranet,2AFC_6,Bpod4,11,36004,11,1.8.2,011_stage_training_v6_20250730-165942,2025-07-30,16:59:54.743678,18:00:01.029296
28,0,1.0,0,0,1,0,,0.0,,,0,436.253313,451.588216,15.334902999999995,2.8181000000000003,3.8276,1.0094999999999996,4.3347,5.334700000000001,1.0000000000000009,aaa,aaa,1,,0,1,0,1,-70.0,70.0,[],[],"[12.0665, 12.0846]","[12.072, 12.1127]",0.0071,0.0084,1000,1,0.5,5.0,0.0,0,0,1,1,0,1,10,1,0,0.0,0.5,LR,0.0,FD,0,0,0,1,,1.0,0.5,0.5,1.0,/dev/ttyACM-Bpod4,stage_training_v6,Emma,pv_nmdar_eranet,2AFC_6,Bpod4,11,36004,11,1.8.2,011_stage_training_v6_20250730-165942,2025-07-30,16:59:54.743678,18:00:01.029296
29,1,,0,0,1,0,,,,,0,451.601813,466.940516,15.33870300000001,2.8206,3.8301,1.0094999999999996,4.3385,5.338500000000001,1.0000000000000009,iaa,iaa,1,,0,0,1,1,70.0,,[],[],"[14.4587, 14.4596, 14.4606, 14.4616, 14.481800000000002]","[14.4592, 14.4603, 14.4615, 14.4816, 14.4824]",0.0071,0.0084,1000,1,0.5,5.0,0.0,0,0,1,1,0,1,10,1,0,0.0,0.5,LR,0.0,FD,0,0,0,1,,1.0,0.5,0.4999999999999995,1.0,/dev/ttyACM-Bpod4,stage_training_v6,Emma,pv_nmdar_eranet,2AFC_6,Bpod4,11,36004,11,1.8.2,011_stage_training_v6_20250730-165942,2025-07-30,16:59:54.743678,18:00:01.029296
30,0,,0,0,1,0,,,,,0,466.957913,482.292817,15.334903999999996,2.8181000000000003,3.8276,1.0094999999999996,4.3347,5.334700000000001,1.0000000000000009,aaa,aaa,1,,0,1,0,1,-70.0,,[],[],[],[],0.0071,0.0084,1000,1,0.5,5.0,0.0,0,0,1,1,0,1,10,1,0,0.0,0.5,LR,0.0,FD,0,0,0,1,,1.0,0.5,0.5,1.0,/dev/ttyACM-Bpod4,stage_training_v6,Emma,pv_nmdar_eranet,2AFC_6,Bpod4,11,36004,11,1.8.2,011_stage_training_v6_20250730-165942,2025-07-30,16:59:54.743678,18:00:01.029296
31,1,,0,0,1,0,,,,,0,482.306513,497.645217,15.338704000000009,2.8206,3.8301,1.0094999999999996,4.3385,5.338500000000001,1.0000000000000009,iaa,iaa,1,,0,0,1,1,70.0,,[],[],[],[],0.0071,0.0084,1000,1,0.5,5.0,0.0,0,0,1,1,0,1,10,1,0,0.0,0.5,LR,0.0,FD,0,0,0,1,,1.0,0.5,0.4999999999999995,1.0,/dev/ttyACM-Bpod4,stage_training_v6,Emma,pv_nmdar_eranet,2AFC_6,Bpod4,11,36004,11,1.8.2,011_stage_training_v6_20250730-165942,2025-07-30,16:59:54.743678,18:00:01.029296
32,0,,0,0,1,0,,,,,0,497.658113,512.993016,15.334902999999995,2.8181000000000003,3.8276,1.0094999999999996,4.3347,5.334700000000001,1.0000000000000009,aaa,aaa,1,,0,1,0,1,-70.0,,"[12.4577, 12.7289, 12.8879]","[12.5156, 12.7771, 12.924]",[13.4648],[13.517],0.0071,0.0084,1000,1,0.5,5.0,0.0,0,0,1,1,0,1,10,1,0,0.0,0.5,LR,0.0,FD,0,0,0,1,,1.0,0.5,0.5,1.0,/dev/ttyACM-Bpod4,stage_training_v6,Emma,pv_nmdar_eranet,2AFC_6,Bpod4,11,36004,11,1.8.2,011_stage_training_v6_20250730-165942,2025-07-30,16:59:54.743678,18:00:01.029296
33,1,,0,0,1,0,,,,,0,513.007113,528.345816,15.33870300000001,2.8206,3.8301,1.0094999999999996,4.3385,5.338500000000001,1.0000000000000009,iaa,iaa,1,,0,0,1,1,70.0,,"[14.6071, 14.7555, 14.9092]","[14.6474, 14.7993, 14.9373]","[5.7499, 9.0157, 15.1813, 15.327100000000002]","[5.775, 9.0441, 15.2458]",0.0071,0.0084,1000,1,0.5,5.0,0.0,0,0,1,1,0,1,10,1,0,0.0,0.5,LR,0.0,FD,0,0,0,1,,1.0,0.5,0.4999999999999995,1.0,/dev/ttyACM-Bpod4,stage_training_v6,Emma,pv_nmdar_eranet,2AFC_6,Bpod4,11,36004,11,1.8.2,011_stage_training_v6_20250730-165942,2025-07-30,16:59:54.743678,18:00:01.029296
34,0,,0,0,1,0,,,,,0,528.360613,543.695516,15.334903000000054,2.8181000000000003,3.8276,1.0094999999999996,4.3347,5.334700000000001,1.0000000000000009,aaa,aaa,1,,0,1,0,1,-70.0,,[],[],[],[0.0106],0.0071,0.0084,1000,1,0.5,5.0,0.0,0,0,1,1,0,1,10,1,0,0.0,0.5,LR,0.0,FD,0,0,0,1,,1.0,0.5,0.5,1.0,/dev/ttyACM-Bpod4,stage_training_v6,Emma,pv_nmdar_eranet,2AFC_6,Bpod4,11,36004,11,1.8.2,011_stage_training_v6_20250730-165942,2025-07-30,16:59:54.743678,18:00:01.029296
35,1,,0,0,1,0,,,,,0,543.709413,559.048116,15.33870300000001,2.8206,3.8301,1.0094999999999996,4.3385,5.338500000000001,1.0000000000000009,iaa,iaa,1,,0,0,1,1,70.0,,[],[],[],[],0.0071,0.0084,1000,1,0.5,5.0,0.0,0,0,1,1,0,1,10,1,0,0.0,0.5,LR,0.0,FD,0,0,0,1,,1.0,0.5,0.4999999999999995,1.0,/dev/ttyACM-Bpod4,stage_training_v6,Emma,pv_nmdar_eranet,2AFC_6,Bpod4,11,36004,11,1.8.2,011_stage_training_v6_20250730-165942,2025-07-30,16:59:54.743678,18:00:01.029296
36,0,,0,0,1,0,,,,,0,559.060113,574.395016,15.334903000000054,2.8181000000000003,3.8276,1.0094999999999996,4.3347,5.334700000000001,1.0000000000000009,aaa,aaa,1,,0,1,0,1,-70.0,,"[14.9218, 15.1953]","[14.9773, 15.2319]",[],[],0.0071,0.0084,1000,1,0.5,5.0,0.0,0,0,1,1,0,1,10,1,0,0.0,0.5,LR,0.0,FD,0,0,0,1,,1.0,0.5,0.5,1.0,/dev/ttyACM-Bpod4,stage_training_v6,Emma,pv_nmdar_eranet,2AFC_6,Bpod4,11,36004,11,1.8.2,011_stage_training_v6_20250730-165942,2025-07-30,16:59:54.743678,18:00:01.029296
37,1,,0,0,1,0,,,,,0,574.408013,589.746716,15.33870300000001,2.8206,3.8301,1.0094999999999996,4.3385,5.338500000000001,1.0000000000000009,iaa,iaa,1,,0,0,1,1,70.0,,"[13.8143, 13.9928]","[13.8902, 14.0119]","[5.4245, 14.1207, 14.2835, 14.4413, 14.7262, 14.8922]","[5.4533000000000005, 14.1573, 14.3532, 14.4794, 14.7864, 14.9285]",0.0071,0.0084,1000,1,0.5,5.0,0.0,0,0,1,1,0,1,10,1,0,0.0,0.5,LR,0.0,FD,0,0,0,1,,1.0,0.5,0.4999999999999995,1.0,/dev/ttyACM-Bpod4,stage_training_v6,Emma,pv_nmdar_eranet,2AFC_6,Bpod4,11,36004,11,1.8.2,011_stage_training_v6_20250730-165942,2025-07-30,16:59:54.743678,18:00:01.029296
38,0,,1,0,0,0,1.0,,0.0,,1,589.761613,605.030316,15.26870299999996,2.8181000000000003,3.8276,1.0094999999999996,4.3347,5.2685,0.9338000000000006,aaa,aaa,1,,0,1,0,1,-70.0,,"[5.2685, 5.429]","[5.328600000000001, 5.438000000000001]","[5.9264, 6.0696, 6.981400000000001]","[5.9813, 6.1187000000000005, 7.0418]",0.0071,0.0084,1000,1,0.5,5.0,0.0,0,0,1,1,0,1,10,1,0,0.0,0.5,LR,0.0,FD,0,0,0,1,,1.0,0.5,0.5,1.0,/dev/ttyACM-Bpod4,stage_training_v6,Emma,pv_nmdar_eranet,2AFC_6,Bpod4,11,36004,11,1.8.2,011_stage_training_v6_20250730-165942,2025-07-30,16:59:54.743678,18:00:01.029296
39,1,0.0,1,0,0,0,1.0,1.0,1.0,0.0,1,605.044213,620.267416,15.223203000000012,2.8206,3.8301,1.0094999999999996,4.3385,5.223,0.8845000000000001,iaa,iaa,1,,0,0,1,1,70.0,-70.0,"[7.886500000000001, 12.3044]","[7.9253, 12.3705]","[5.223, 7.9103, 12.6421, 12.7874]","[5.2715000000000005, 7.9215, 12.6886, 12.8465]",0.0071,0.0084,1000,1,0.5,5.0,0.0,0,0,1,1,0,1,10,1,0,0.0,0.5,LR,0.0,FD,0,0,0,1,,1.0,0.5,0.4999999999999995,1.0,/dev/ttyACM-Bpod4,stage_training_v6,Emma,pv_nmdar_eranet,2AFC_6,Bpod4,11,36004,11,1.8.2,011_stage_training_v6_20250730-165942,2025-07-30,16:59:54.743678,18:00:01.029296
40,0,0.0,0,0,1,0,,1.0,,,0,620.283613,635.618516,15.334903000000054,2.8181000000000003,3.8276,1.0094999999999996,4.3347,5.334700000000001,1.0000000000000009,aaa,aaa,1,,0,1,0,1,-70.0,-70.0,[],[],[],[],0.0071,0.0084,1000,1,0.5,5.0,0.0,0,0,1,1,0,1,10,1,0,0.0,0.5,LR,0.0,FD,0,0,0,1,,1.0,0.5,0.5,1.0,/dev/ttyACM-Bpod4,stage_training_v6,Emma,pv_nmdar_eranet,2AFC_6,Bpod4,11,36004,11,1.8.2,011_stage_training_v6_20250730-165942,2025-07-30,16:59:54.743678,18:00:01.029296
41,1,,0,0,1,0,,,,,0,635.634013,650.972716,15.33870300000001,2.8206,3.8301,1.0094999999999996,4.3385,5.338500000000001,1.0000000000000009,iaa,iaa,1,,0,0,1,1,70.0,,"[10.7845, 10.987, 11.2816]","[10.8307, 11.0434, 11.311]",[11.2916],[11.3087],0.0071,0.0084,1000,1,0.5,5.0,0.0,0,0,1,1,0,1,10,1,0,0.0,0.5,LR,0.0,FD,0,0,0,1,,1.0,0.5,0.4999999999999995,1.0,/dev/ttyACM-Bpod4,stage_training_v6,Emma,pv_nmdar_eranet,2AFC_6,Bpod4,11,36004,11,1.8.2,011_stage_training_v6_20250730-165942,2025-07-30,16:59:54.743678,18:00:01.029296
42,0,,0,0,1,0,,,,,0,650.985713,666.320616,15.33490299999994,2.8181000000000003,3.8276,1.0094999999999996,4.3347,5.334700000000001,1.0000000000000009,aaa,aaa,1,,0,1,0,1,-70.0,,"[7.9184, 8.055, 9.48, 9.5815]","[7.9496, 8.0572, 9.4912, 9.5825]","[8.4541, 8.5478, 9.0651, 9.1177, 9.3395, 9.3753, 9.4065, 9.4374, 9.4584]","[8.510900000000001, 8.5822, 9.0748, 9.1546, 9.3575, 9.3765, 9.4234, 9.4527, 9.4927]",0.0071,0.0084,1000,1,0.5,5.0,0.0,0,0,1,1,0,1,10,1,0,0.0,0.5,LR,0.0,FD,0,0,0,1,,1.0,0.5,0.5,1.0,/dev/ttyACM-Bpod4,stage_training_v6,Emma,pv_nmdar_eranet,2AFC_6,Bpod4,11,36004,11,1.8.2,011_stage_training_v6_20250730-165942,2025-07-30,16:59:54.743678,18:00:01.029296
43,1,,0,0,1,0,,,,,0,666.334513,681.673216,15.33870300000001,2.8206,3.8301,1.0094999999999996,4.3385,5.338500000000001,1.0000000000000009,iaa,iaa,1,,0,0,1,1,70.0,,[],[],[],[],0.0071,0.0084,1000,1,0.5,5.0,0.0,0,0,1,1,0,1,10,1,0,0.0,0.5,LR,0.0,FD,0,0,0,1,,1.0,0.5,0.4999999999999995,1.0,/dev/ttyACM-Bpod4,stage_training_v6,Emma,pv_nmdar_eranet,2AFC_6,Bpod4,11,36004,11,1.8.2,011_stage_training_v6_20250730-165942,2025-07-30,16:59:54.743678,18:00:01.029296
44,0,,0,0,1,0,,,,,0,681.687313,697.022216,15.33490299999994,2.8181000000000003,3.8276,1.0094999999999996,4.3347,5.334700000000001,1.0000000000000009,aaa,aaa,1,,0,1,0,1,-70.0,,[],[],[],[],0.0071,0.0084,1000,1,0.5,5.0,0.0,0,0,1,1,0,1,10,1,0,0.0,0.5,LR,0.0,FD,0,0,0,1,,1.0,0.5,0.5,1.0,/dev/ttyACM-Bpod4,stage_training_v6,Emma,pv_nmdar_eranet,2AFC_6,Bpod4,11,36004,11,1.8.2,011_stage_training_v6_20250730-165942,2025-07-30,16:59:54.743678,18:00:01.029296
45,1,,0,0,1,0,,,,,0,697.035313,712.374016,15.33870300000001,2.8206,3.8301,1.0094999999999996,4.3385,5.338500000000001,1.0000000000000009,iaa,iaa,1,,0,0,1,1,70.0,,[],[],[],[],0.0071,0.0084,1000,1,0.5,5.0,0.0,0,0,1,1,0,1,10,1,0,0.0,0.5,LR,0.0,FD,0,0,0,1,,1.0,0.5,0.4999999999999995,1.0,/dev/ttyACM-Bpod4,stage_training_v6,Emma,pv_nmdar_eranet,2AFC_6,Bpod4,11,36004,11,1.8.2,011_stage_training_v6_20250730-165942,2025-07-30,16:59:54.743678,18:00:01.029296
46,0,,0,0,1,0,,,,,0,712.389113,727.724016,15.334903000000054,2.8181000000000003,3.8276,1.0094999999999996,4.3347,5.334700000000001,1.0000000000000009,aaa,aaa,1,,0,1,0,1,-70.0,,[],[],[],[],0.0071,0.0084,1000,1,0.5,5.0,0.0,0,0,1,1,0,1,10,1,0,0.0,0.5,LR,0.0,FD,0,0,0,1,,1.0,0.5,0.5,1.0,/dev/ttyACM-Bpod4,stage_training_v6,Emma,pv_nmdar_eranet,2AFC_6,Bpod4,11,36004,11,1.8.2,011_stage_training_v6_20250730-165942,2025-07-30,16:59:54.743678,18:00:01.029296
47,1,,0,0,1,0,,,,,0,727.738813,743.077516,15.338702999999896,2.8206,3.8301,1.0094999999999996,4.3385,5.338500000000001,1.0000000000000009,iaa,iaa,1,,0,0,1,1,70.0,,[],[],[],[],0.0071,0.0084,1000,1,0.5,5.0,0.0,0,0,1,1,0,1,10,1,0,0.0,0.5,LR,0.0,FD,0,0,0,1,,1.0,0.5,0.4999999999999995,1.0,/dev/ttyACM-Bpod4,stage_training_v6,Emma,pv_nmdar_eranet,2AFC_6,Bpod4,11,36004,11,1.8.2,011_stage_training_v6_20250730-165942,2025-07-30,16:59:54.743678,18:00:01.029296
48,0,,0,1,0,0,0.0,,1.0,,1,743.092013,763.245817,20.15380400000004,2.8181000000000003,3.8276,1.0094999999999996,4.3347,5.1536,0.8189000000000002,aaa,aaa,1,,0,1,0,1,-70.0,,[],[],"[5.1536, 6.772, 6.939900000000001, 7.035]","[5.1845, 6.8398, 6.9493, 7.0799]",0.0071,0.0084,1000,1,0.5,5.0,0.0,0,0,1,1,0,1,10,1,0,0.0,0.5,LR,0.0,FD,0,0,0,1,,1.0,0.5,0.5,1.0,/dev/ttyACM-Bpod4,stage_training_v6,Emma,pv_nmdar_eranet,2AFC_6,Bpod4,11,36004,11,1.8.2,011_stage_training_v6_20250730-165942,2025-07-30,16:59:54.743678,18:00:01.029296
49,1,1.0,0,0,1,0,,0.0,,,0,763.268313,778.607016,15.33870300000001,2.8206,3.8301,1.0094999999999996,4.3385,5.338500000000001,1.0000000000000009,iaa,iaa,1,,0,0,1,1,70.0,70.0,[],[],[],[],0.0071,0.0084,1000,1,0.5,5.0,0.0,0,0,1,1,0,1,10,1,0,0.0,0.5,LR,0.0,FD,0,0,0,1,,1.0,0.5,0.4999999999999995,1.0,/dev/ttyACM-Bpod4,stage_training_v6,Emma,pv_nmdar_eranet,2AFC_6,Bpod4,11,36004,11,1.8.2,011_stage_training_v6_20250730-165942,2025-07-30,16:59:54.743678,18:00:01.029296
50,0,,0,0,1,0,,,,,0,778.622013,793.956916,15.33490299999994,2.8181000000000003,3.8276,1.0094999999999996,4.3347,5.334700000000001,1.0000000000000009,aaa,aaa,1,,0,1,0,1,-70.0,,[],[],"[14.7894, 14.9271, 15.0351, 15.2909]","[14.840800000000002, 14.9607, 15.0745]",0.0071,0.0084,1000,1,0.5,5.0,0.0,0,0,1,1,0,1,10,1,0,0.0,0.5,LR,0.0,FD,0,0,0,1,,1.0,0.5,0.5,1.0,/dev/ttyACM-Bpod4,stage_training_v6,Emma,pv_nmdar_eranet,2AFC_6,Bpod4,11,36004,11,1.8.2,011_stage_training_v6_20250730-165942,2025-07-30,16:59:54.743678,18:00:01.029296
51,1,,1,0,0,0,1.0,,1.0,,1,794.019113,808.851716,14.832603000000065,2.8206,3.8301,1.0094999999999996,4.3385,4.8324,0.4939,iaa,iaa,1,,0,0,1,1,70.0,,[5.3772],[5.412100000000001],"[4.8324, 5.0692, 5.3959]","[4.8867, 5.1261, 5.4059]",0.0071,0.0084,1000,1,0.5,5.0,0.0,0,0,1,1,0,1,10,1,0,0.0,0.5,LR,0.0,FD,0,0,0,1,,1.0,0.5,0.4999999999999995,1.0,/dev/ttyACM-Bpod4,stage_training_v6,Emma,pv_nmdar_eranet,2AFC_6,Bpod4,11,36004,11,1.8.2,011_stage_training_v6_20250730-165942,2025-07-30,16:59:54.743678,18:00:01.029296
52,0,0.0,1,0,0,0,1.0,1.0,0.0,0.0,1,808.867713,823.218516,14.350803000000042,2.8181000000000003,3.8276,1.0094999999999996,4.3347,4.3506,0.0159000000000002,aaa,aaa,1,,0,1,0,1,-70.0,-70.0,[4.3506],[4.3583],"[5.091600000000001, 5.2479000000000005]","[5.1387, 5.3026]",0.0071,0.0084,1000,1,0.5,5.0,0.0,0,0,1,1,0,1,10,1,0,0.0,0.5,LR,0.0,FD,0,0,0,1,,1.0,0.5,0.5,1.0,/dev/ttyACM-Bpod4,stage_training_v6,Emma,pv_nmdar_eranet,2AFC_6,Bpod4,11,36004,11,1.8.2,011_stage_training_v6_20250730-165942,2025-07-30,16:59:54.743678,18:00:01.029296
53,1,0.0,0,0,1,0,,1.0,,,0,823.232713,838.571416,15.33870300000001,2.8206,3.8301,1.0094999999999996,4.3385,5.338500000000001,1.0000000000000009,iaa,iaa,1,,0,0,1,1,70.0,-70.0,[],[],"[6.3114, 6.5742, 6.8424000000000005, 7.7334]","[6.3673, 6.6309000000000005, 6.8822, 7.802300000000001]",0.0071,0.0084,1000,1,0.5,5.0,0.0,0,0,1,1,0,1,10,1,0,0.0,0.5,LR,0.0,FD,0,0,0,1,,1.0,0.5,0.4999999999999995,1.0,/dev/ttyACM-Bpod4,stage_training_v6,Emma,pv_nmdar_eranet,2AFC_6,Bpod4,11,36004,11,1.8.2,011_stage_training_v6_20250730-165942,2025-07-30,16:59:54.743678,18:00:01.029296
54,0,,1,0,0,0,1.0,,0.0,,1,838.585413,852.935216,14.349802999999952,2.8181000000000003,3.8276,1.0094999999999996,4.3347,4.349600000000001,0.0149000000000008,aaa,aaa,1,,0,1,0,1,-70.0,,[4.349600000000001],[4.3608],[],[],0.0071,0.0084,1000,1,0.5,5.0,0.0,0,0,1,1,0,1,10,1,0,0.0,0.5,LR,0.0,FD,0,0,0,1,,1.0,0.5,0.5,1.0,/dev/ttyACM-Bpod4,stage_training_v6,Emma,pv_nmdar_eranet,2AFC_6,Bpod4,11,36004,11,1.8.2,011_stage_training_v6_20250730-165942,2025-07-30,16:59:54.743678,18:00:01.029296
55,1,0.0,0,0,1,0,,1.0,,,0,852.949013,868.287717,15.338704000000009,2.8206,3.8301,1.0094999999999996,4.3385,5.338500000000001,1.0000000000000009,iaa,iaa,1,,0,0,1,1,70.0,-70.0,"[0.0113, 0.0355]","[0.0162, 0.038]","[15.0008, 15.2593]","[15.0533, 15.3054]",0.0071,0.0084,1000,1,0.5,5.0,0.0,0,0,1,1,0,1,10,1,0,0.0,0.5,LR,0.0,FD,0,0,0,1,,1.0,0.5,0.4999999999999995,1.0,/dev/ttyACM-Bpod4,stage_training_v6,Emma,pv_nmdar_eranet,2AFC_6,Bpod4,11,36004,11,1.8.2,011_stage_training_v6_20250730-165942,2025-07-30,16:59:54.743678,18:00:01.029296
56,0,,1,0,0,0,1.0,,0.0,,1,868.303713,882.654516,14.350802999999928,2.8181000000000003,3.8276,1.0094999999999996,4.3347,4.3506,0.0159000000000002,aaa,aaa,1,,0,1,0,1,-70.0,,"[0.0094, 0.0338, 4.3506, 4.5323]","[0.0137, 0.0352, 4.3602, 4.5331]",[],[],0.0071,0.0084,1000,1,0.5,5.0,0.0,0,0,1,1,0,1,10,1,0,0.0,0.5,LR,0.0,FD,0,0,0,1,,1.0,0.5,0.5,1.0,/dev/ttyACM-Bpod4,stage_training_v6,Emma,pv_nmdar_eranet,2AFC_6,Bpod4,11,36004,11,1.8.2,011_stage_training_v6_20250730-165942,2025-07-30,16:59:54.743678,18:00:01.029296
57,1,0.0,1,0,0,0,1.0,1.0,1.0,0.0,1,882.667613,897.667316,14.999703000000068,2.8206,3.8301,1.0094999999999996,4.3385,4.9995,0.6610000000000005,iaa,iaa,1,,0,0,1,1,70.0,-70.0,"[0.0131, 0.0389, 0.0614, 9.711, 9.7798, 10.0359, 10.5414, 10.9631, 11.1066, 11.3782]","[0.0199, 0.044, 0.0673, 9.7679, 9.7825, 10.0638, 10.5838, 10.9882, 11.1498, 11.4233]","[4.9995, 5.2676, 12.038, 13.5417]","[5.0585, 5.3124, 12.086, 13.6079]",0.0071,0.0084,1000,1,0.5,5.0,0.0,0,0,1,1,0,1,10,1,0,0.0,0.5,LR,0.0,FD,0,0,0,1,,1.0,0.5,0.4999999999999995,1.0,/dev/ttyACM-Bpod4,stage_training_v6,Emma,pv_nmdar_eranet,2AFC_6,Bpod4,11,36004,11,1.8.2,011_stage_training_v6_20250730-165942,2025-07-30,16:59:54.743678,18:00:01.029296
58,0,0.0,1,0,0,0,1.0,1.0,0.0,0.0,1,897.684613,912.460316,14.77570300000002,2.8181000000000003,3.8276,1.0094999999999996,4.3347,4.7755,0.4408000000000003,aaa,aaa,1,,0,1,0,1,-70.0,-70.0,"[4.7755, 9.9203]","[4.8112, 10.3936]","[5.1365, 5.3179, 5.4825]","[5.1954, 5.3843000000000005, 5.5423]",0.0071,0.0084,1000,1,0.5,5.0,0.0,0,0,1,1,0,1,10,1,0,0.0,0.5,LR,0.0,FD,0,0,0,1,,1.0,0.5,0.5,1.0,/dev/ttyACM-Bpod4,stage_training_v6,Emma,pv_nmdar_eranet,2AFC_6,Bpod4,11,36004,11,1.8.2,011_stage_training_v6_20250730-165942,2025-07-30,16:59:54.743678,18:00:01.029296
59,1,0.0,0,0,1,0,,1.0,,,0,912.472913,927.811617,15.338704000000009,2.8206,3.8301,1.0094999999999996,4.3385,5.338500000000001,1.0000000000000009,iaa,iaa,1,,0,0,1,1,70.0,-70.0,[],[],[12.1519],[12.1937],0.0071,0.0084,1000,1,0.5,5.0,0.0,0,0,1,1,0,1,10,1,0,0.0,0.5,LR,0.0,FD,0,0,0,1,,1.0,0.5,0.4999999999999995,1.0,/dev/ttyACM-Bpod4,stage_training_v6,Emma,pv_nmdar_eranet,2AFC_6,Bpod4,11,36004,11,1.8.2,011_stage_training_v6_20250730-165942,2025-07-30,16:59:54.743678,18:00:01.029296
60,0,,0,0,1,0,,,,,0,927.826313,943.161216,15.33490299999994,2.8181000000000003,3.8276,1.0094999999999996,4.3347,5.334700000000001,1.0000000000000009,aaa,aaa,1,,0,1,0,1,-70.0,,[],[],[],[],0.0071,0.0084,1000,1,0.5,5.0,0.0,0,0,1,1,0,1,10,1,0,0.0,0.5,LR,0.0,FD,0,0,0,1,,1.0,0.5,0.5,1.0,/dev/ttyACM-Bpod4,stage_training_v6,Emma,pv_nmdar_eranet,2AFC_6,Bpod4,11,36004,11,1.8.2,011_stage_training_v6_20250730-165942,2025-07-30,16:59:54.743678,18:00:01.029296
61,1,,0,0,1,0,,,,,0,943.174713,958.513416,15.33870300000001,2.8206,3.8301,1.0094999999999996,4.3385,5.338500000000001,1.0000000000000009,iaa,iaa,1,,0,0,1,1,70.0,,[],[],[],[],0.0071,0.0084,1000,1,0.5,5.0,0.0,0,0,1,1,0,1,10,1,0,0.0,0.5,LR,0.0,FD,0,0,0,1,,1.0,0.5,0.4999999999999995,1.0,/dev/ttyACM-Bpod4,stage_training_v6,Emma,pv_nmdar_eranet,2AFC_6,Bpod4,11,36004,11,1.8.2,011_stage_training_v6_20250730-165942,2025-07-30,16:59:54.743678,18:00:01.029296
62,0,,0,0,1,0,,,,,0,958.526313,973.861216,15.334903000000054,2.8181000000000003,3.8276,1.0094999999999996,4.3347,5.334700000000001,1.0000000000000009,aaa,aaa,1,,0,1,0,1,-70.0,,[],[],[],[],0.0071,0.0084,1000,1,0.5,5.0,0.0,0,0,1,1,0,1,10,1,0,0.0,0.5,LR,0.0,FD,0,0,0,1,,1.0,0.5,0.5,1.0,/dev/ttyACM-Bpod4,stage_training_v6,Emma,pv_nmdar_eranet,2AFC_6,Bpod4,11,36004,11,1.8.2,011_stage_training_v6_20250730-165942,2025-07-30,16:59:54.743678,18:00:01.029296
63,1,,0,0,1,0,,,,,0,973.875313,989.214016,15.33870300000001,2.8206,3.8301,1.0094999999999996,4.3385,5.338500000000001,1.0000000000000009,iaa,iaa,1,,0,0,1,1,70.0,,[],[],[],[],0.0071,0.0084,1000,1,0.5,5.0,0.0,0,0,1,1,0,1,10,1,0,0.0,0.5,LR,0.0,FD,0,0,0,1,,1.0,0.5,0.4999999999999995,1.0,/dev/ttyACM-Bpod4,stage_training_v6,Emma,pv_nmdar_eranet,2AFC_6,Bpod4,11,36004,11,1.8.2,011_stage_training_v6_20250730-165942,2025-07-30,16:59:54.743678,18:00:01.029296
64,0,,0,0,1,0,,,,,0,989.229313,1004.564216,15.33490299999994,2.8181000000000003,3.8276,1.0094999999999996,4.3347,5.334700000000001,1.0000000000000009,aaa,aaa,1,,0,1,0,1,-70.0,,[],[],[],[],0.0071,0.0084,1000,1,0.5,5.0,0.0,0,0,1,1,0,1,10,1,0,0.0,0.5,LR,0.0,FD,0,0,0,1,,1.0,0.5,0.5,1.0,/dev/ttyACM-Bpod4,stage_training_v6,Emma,pv_nmdar_eranet,2AFC_6,Bpod4,11,36004,11,1.8.2,011_stage_training_v6_20250730-165942,2025-07-30,16:59:54.743678,18:00:01.029296
65,1,,0,1,0,0,0.0,,0.0,,1,1004.579813,1024.857317,20.27750400000002,2.8206,3.8301,1.0094999999999996,4.3385,5.2773,0.9388000000000004,iaa,iaa,1,,0,0,1,1,70.0,,[5.2773],[5.3036],"[6.577100000000001, 6.814100000000001]","[6.6267000000000005, 6.854900000000001]",0.0071,0.0084,1000,1,0.5,5.0,0.0,0,0,1,1,0,1,10,1,0,0.0,0.5,LR,0.0,FD,0,0,0,1,,1.0,0.5,0.4999999999999995,1.0,/dev/ttyACM-Bpod4,stage_training_v6,Emma,pv_nmdar_eranet,2AFC_6,Bpod4,11,36004,11,1.8.2,011_stage_training_v6_20250730-165942,2025-07-30,16:59:54.743678,18:00:01.029296
66,0,1.0,0,0,1,0,,0.0,,,0,1024.868913,1040.203816,15.33490299999994,2.8181000000000003,3.8276,1.0094999999999996,4.3347,5.334700000000001,1.0000000000000009,aaa,aaa,1,,0,1,0,1,-70.0,70.0,[],[],[],[],0.0071,0.0084,1000,1,0.5,5.0,0.0,0,0,1,1,0,1,10,1,0,0.0,0.5,LR,0.0,FD,0,0,0,1,,1.0,0.5,0.5,1.0,/dev/ttyACM-Bpod4,stage_training_v6,Emma,pv_nmdar_eranet,2AFC_6,Bpod4,11,36004,11,1.8.2,011_stage_training_v6_20250730-165942,2025-07-30,16:59:54.743678,18:00:01.029296
67,1,,1,0,0,0,1.0,,1.0,,1,1040.216113,1055.342816,15.126703000000134,2.8206,3.8301,1.0094999999999996,4.3385,5.1265,0.7880000000000003,iaa,iaa,1,,0,0,1,1,70.0,,[],[],"[5.1265, 5.3458000000000006, 5.4847]","[5.1502, 5.3851, 5.4910000000000005]",0.0071,0.0084,1000,1,0.5,5.0,0.0,0,0,1,1,0,1,10,1,0,0.0,0.5,LR,0.0,FD,0,0,0,1,,1.0,0.5,0.4999999999999995,1.0,/dev/ttyACM-Bpod4,stage_training_v6,Emma,pv_nmdar_eranet,2AFC_6,Bpod4,11,36004,11,1.8.2,011_stage_training_v6_20250730-165942,2025-07-30,16:59:54.743678,18:00:01.029296
68,0,0.0,1,0,0,0,1.0,1.0,0.0,0.0,1,1055.355313,1069.705916,14.350602999999865,2.8181000000000003,3.8276,1.0094999999999996,4.3347,4.3504000000000005,0.0157000000000007,aaa,aaa,1,,0,1,0,1,-70.0,-70.0,"[4.3504000000000005, 4.990200000000001, 5.2313]","[4.3578, 5.0513, 5.258]","[9.6598, 9.8269, 10.1036, 10.3845, 10.5969, 10.7513, 11.0326, 11.29, 11.4797]","[9.6776, 9.881, 10.1591, 10.4269, 10.6231, 10.7929, 11.0947, 11.3584, 11.5422]",0.0071,0.0084,1000,1,0.5,5.0,0.0,0,0,1,1,0,1,10,1,0,0.0,0.5,LR,0.0,FD,0,0,0,1,,1.0,0.5,0.5,1.0,/dev/ttyACM-Bpod4,stage_training_v6,Emma,pv_nmdar_eranet,2AFC_6,Bpod4,11,36004,11,1.8.2,011_stage_training_v6_20250730-165942,2025-07-30,16:59:54.743678,18:00:01.029296
69,1,0.0,0,0,1,0,,1.0,,,0,1069.721013,1085.059716,15.338702999999896,2.8206,3.8301,1.0094999999999996,4.3385,5.338500000000001,1.0000000000000009,iaa,iaa,1,,0,0,1,1,70.0,-70.0,[],[],[],[],0.0071,0.0084,1000,1,0.5,5.0,0.0,0,0,1,1,0,1,10,1,0,0.0,0.5,LR,0.0,FD,0,0,0,1,,1.0,0.5,0.4999999999999995,1.0,/dev/ttyACM-Bpod4,stage_training_v6,Emma,pv_nmdar_eranet,2AFC_6,Bpod4,11,36004,11,1.8.2,011_stage_training_v6_20250730-165942,2025-07-30,16:59:54.743678,18:00:01.029296
70,0,,1,0,0,0,1.0,,0.0,,1,1085.075113,1099.424516,14.349402999999938,2.8181000000000003,3.8276,1.0094999999999996,4.3347,4.349200000000001,0.0145000000000008,aaa,aaa,1,,0,1,0,1,-70.0,,"[4.349200000000001, 13.8434]","[4.3577, 13.9764]",[14.2126],[14.2531],0.0071,0.0084,1000,1,0.5,5.0,0.0,0,0,1,1,0,1,10,1,0,0.0,0.5,LR,0.0,FD,0,0,0,1,,1.0,0.5,0.5,1.0,/dev/ttyACM-Bpod4,stage_training_v6,Emma,pv_nmdar_eranet,2AFC_6,Bpod4,11,36004,11,1.8.2,011_stage_training_v6_20250730-165942,2025-07-30,16:59:54.743678,18:00:01.029296
71,1,0.0,0,1,0,0,0.0,1.0,0.0,1.0,1,1099.439113,1119.060616,19.621503000000075,2.8206,3.8301,1.0094999999999996,4.3385,4.621300000000001,0.2828000000000008,iaa,iaa,1,,0,0,1,1,70.0,-70.0,"[4.621300000000001, 12.4915, 12.5597, 12.6421, 12.663, 12.7272, 12.7475, 12.7478, 12.7489, 12.7495, 12.7709, 13.586]","[4.6966, 12.5583, 12.6065, 12.6462, 12.7036, 12.7474, 12.7476, 12.748, 12.7494, 12.7637, 12.8526, 14.0032]","[4.6334, 4.8383, 12.0895, 12.2213, 12.3444, 12.5658, 12.6306, 12.6374, 12.6636, 12.6749, 12.6839, 13.7252, 14.1047, 14.271, 14.2978, 14.3537, 14.5314, 14.6654, 14.758, 14.7795, 15.6419, 15.7584, 16.0262, 16.031200000000002, 17.8622, 18.1121]","[4.6414, 4.849200000000001, 12.1402, 12.2597, 12.3802, 12.6269, 12.6362, 12.6512, 12.6696, 12.6794, 12.69, 13.7289, 14.1121, 14.2956, 14.3, 14.3971, 14.5993, 14.7557, 14.7596, 14.8006, 15.6707, 15.782, 16.029600000000002, 16.0318, 17.922900000000002, 18.1477]",0.0071,0.0084,1000,1,0.5,5.0,0.0,0,0,1,1,0,1,10,1,0,0.0,0.5,LR,0.0,FD,0,0,0,1,,1.0,0.5,0.4999999999999995,1.0,/dev/ttyACM-Bpod4,stage_training_v6,Emma,pv_nmdar_eranet,2AFC_6,Bpod4,11,36004,11,1.8.2,011_stage_training_v6_20250730-165942,2025-07-30,16:59:54.743678,18:00:01.029296
72,0,1.0,0,0,1,0,,0.0,,,0,1119.078113,1134.413016,15.33490299999994,2.8181000000000003,3.8276,1.0094999999999996,4.3347,5.334700000000001,1.0000000000000009,aaa,aaa,1,,0,1,0,1,-70.0,70.0,[10.5092],[10.5546],"[10.8609, 11.4514]","[10.9127, 11.5232]",0.0071,0.0084,1000,1,0.5,5.0,0.0,0,0,1,1,0,1,10,1,0,0.0,0.5,LR,0.0,FD,0,0,0,1,,1.0,0.5,0.5,1.0,/dev/ttyACM-Bpod4,stage_training_v6,Emma,pv_nmdar_eranet,2AFC_6,Bpod4,11,36004,11,1.8.2,011_stage_training_v6_20250730-165942,2025-07-30,16:59:54.743678,18:00:01.029296
73,1,,0,0,1,0,,,,,0,1134.428413,1149.767116,15.338702999999896,2.8206,3.8301,1.0094999999999996,4.3385,5.338500000000001,1.0000000000000009,iaa,iaa,1,,0,0,1,1,70.0,,[],[],[9.8074],[9.8282],0.0071,0.0084,1000,1,0.5,5.0,0.0,0,0,1,1,0,1,10,1,0,0.0,0.5,LR,0.0,FD,0,0,0,1,,1.0,0.5,0.4999999999999995,1.0,/dev/ttyACM-Bpod4,stage_training_v6,Emma,pv_nmdar_eranet,2AFC_6,Bpod4,11,36004,11,1.8.2,011_stage_training_v6_20250730-165942,2025-07-30,16:59:54.743678,18:00:01.029296
74,0,,1,0,0,0,1.0,,0.0,,1,1149.781713,1165.041316,15.25960299999997,2.8181000000000003,3.8276,1.0094999999999996,4.3347,5.2594,0.9247000000000004,aaa,aaa,1,,0,1,0,1,-70.0,,[5.2594],[5.3184000000000005],"[5.6041, 5.768400000000001]","[5.6610000000000005, 5.8115000000000006]",0.0071,0.0084,1000,1,0.5,5.0,0.0,0,0,1,1,0,1,10,1,0,0.0,0.5,LR,0.0,FD,0,0,0,1,,1.0,0.5,0.5,1.0,/dev/ttyACM-Bpod4,stage_training_v6,Emma,pv_nmdar_eranet,2AFC_6,Bpod4,11,36004,11,1.8.2,011_stage_training_v6_20250730-165942,2025-07-30,16:59:54.743678,18:00:01.029296
75,1,0.0,1,0,0,0,1.0,1.0,1.0,0.0,1,1165.056413,1180.288817,15.232404000000088,2.8206,3.8301,1.0094999999999996,4.3385,5.232200000000001,0.8937000000000008,iaa,iaa,1,,0,0,1,1,70.0,-70.0,[],[],"[5.232200000000001, 5.391900000000001]","[5.2997000000000005, 5.4223]",0.0071,0.0084,1000,1,0.5,5.0,0.0,0,0,1,1,0,1,10,1,0,0.0,0.5,LR,0.0,FD,0,0,0,1,,1.0,0.5,0.4999999999999995,1.0,/dev/ttyACM-Bpod4,stage_training_v6,Emma,pv_nmdar_eranet,2AFC_6,Bpod4,11,36004,11,1.8.2,011_stage_training_v6_20250730-165942,2025-07-30,16:59:54.743678,18:00:01.029296
76,0,0.0,0,0,1,0,,1.0,,,0,1180.304513,1195.639417,15.334904000000051,2.8181000000000003,3.8276,1.0094999999999996,4.3347,5.334700000000001,1.0000000000000009,aaa,aaa,1,,0,1,0,1,-70.0,-70.0,"[13.636, 13.8222]","[13.6783, 13.8572]","[7.1757, 7.301500000000001, 7.852, 8.026900000000001, 13.8439]","[7.217, 7.3466, 7.904000000000001, 8.0831, 13.8541]",0.0071,0.0084,1000,1,0.5,5.0,0.0,0,0,1,1,0,1,10,1,0,0.0,0.5,LR,0.0,FD,0,0,0,1,,1.0,0.5,0.5,1.0,/dev/ttyACM-Bpod4,stage_training_v6,Emma,pv_nmdar_eranet,2AFC_6,Bpod4,11,36004,11,1.8.2,011_stage_training_v6_20250730-165942,2025-07-30,16:59:54.743678,18:00:01.029296
77,1,,0,0,1,0,,,,,0,1195.656813,1210.995516,15.338702999999896,2.8206,3.8301,1.0094999999999996,4.3385,5.338500000000001,1.0000000000000009,iaa,iaa,1,,0,0,1,1,70.0,,"[8.3778, 8.8629, 8.9777, 9.0091, 9.0925, 9.3165]","[8.389000000000001, 8.9262, 8.9814, 9.0459, 9.2348, 9.3314]","[7.677300000000001, 8.0753, 8.0939, 8.254900000000001, 8.4055, 8.733, 8.8604, 8.983500000000001, 9.007]","[7.7069, 8.078800000000001, 8.1941, 8.2822, 8.411, 8.736500000000001, 8.9825, 8.9913, 9.1091]",0.0071,0.0084,1000,1,0.5,5.0,0.0,0,0,1,1,0,1,10,1,0,0.0,0.5,LR,0.0,FD,0,0,0,1,,1.0,0.5,0.4999999999999995,1.0,/dev/ttyACM-Bpod4,stage_training_v6,Emma,pv_nmdar_eranet,2AFC_6,Bpod4,11,36004,11,1.8.2,011_stage_training_v6_20250730-165942,2025-07-30,16:59:54.743678,18:00:01.029296
78,0,,1,0,0,0,1.0,,0.0,,1,1211.011013,1226.098616,15.087602999999945,2.8181000000000003,3.8276,1.0094999999999996,4.3347,5.087400000000001,0.7527000000000008,aaa,aaa,1,,0,1,0,1,-70.0,,[5.087400000000001],[5.1389000000000005],[15.0125],[],0.0071,0.0084,1000,1,0.5,5.0,0.0,0,0,1,1,0,1,10,1,0,0.0,0.5,LR,0.0,FD,0,0,0,1,,1.0,0.5,0.5,1.0,/dev/ttyACM-Bpod4,stage_training_v6,Emma,pv_nmdar_eranet,2AFC_6,Bpod4,11,36004,11,1.8.2,011_stage_training_v6_20250730-165942,2025-07-30,16:59:54.743678,18:00:01.029296
79,1,0.0,0,0,1,0,,1.0,,,0,1226.113813,1241.452516,15.338703000000123,2.8206,3.8301,1.0094999999999996,4.3385,5.338500000000001,1.0000000000000009,iaa,iaa,1,,0,0,1,1,70.0,-70.0,[],[],[],[],0.0071,0.0084,1000,1,0.5,5.0,0.0,0,0,1,1,0,1,10,1,0,0.0,0.5,LR,0.0,FD,0,0,0,1,,1.0,0.5,0.4999999999999995,1.0,/dev/ttyACM-Bpod4,stage_training_v6,Emma,pv_nmdar_eranet,2AFC_6,Bpod4,11,36004,11,1.8.2,011_stage_training_v6_20250730-165942,2025-07-30,16:59:54.743678,18:00:01.029296
80,0,,0,0,1,0,,,,,0,1241.468213,1256.803116,15.33490299999994,2.8181000000000003,3.8276,1.0094999999999996,4.3347,5.334700000000001,1.0000000000000009,aaa,aaa,1,,0,1,0,1,-70.0,,[5.665500000000001],[5.7253],[],[],0.0071,0.0084,1000,1,0.5,5.0,0.0,0,0,1,1,0,1,10,1,0,0.0,0.5,LR,0.0,FD,0,0,0,1,,1.0,0.5,0.5,1.0,/dev/ttyACM-Bpod4,stage_training_v6,Emma,pv_nmdar_eranet,2AFC_6,Bpod4,11,36004,11,1.8.2,011_stage_training_v6_20250730-165942,2025-07-30,16:59:54.743678,18:00:01.029296
81,1,,0,0,1,0,,,,,0,1256.816413,1272.155117,15.338704000000009,2.8206,3.8301,1.0094999999999996,4.3385,5.338500000000001,1.0000000000000009,iaa,iaa,1,,0,0,1,1,70.0,,[],[],[],[],0.0071,0.0084,1000,1,0.5,5.0,0.0,0,0,1,1,0,1,10,1,0,0.0,0.5,LR,0.0,FD,0,0,0,1,,1.0,0.5,0.4999999999999995,1.0,/dev/ttyACM-Bpod4,stage_training_v6,Emma,pv_nmdar_eranet,2AFC_6,Bpod4,11,36004,11,1.8.2,011_stage_training_v6_20250730-165942,2025-07-30,16:59:54.743678,18:00:01.029296
82,0,,0,0,1,0,,,,,0,1272.171013,1287.505916,15.334903000000168,2.8181000000000003,3.8276,1.0094999999999996,4.3347,5.334700000000001,1.0000000000000009,aaa,aaa,1,,0,1,0,1,-70.0,,[],[],[],[],0.0071,0.0084,1000,1,0.5,5.0,0.0,0,0,1,1,0,1,10,1,0,0.0,0.5,LR,0.0,FD,0,0,0,1,,1.0,0.5,0.5,1.0,/dev/ttyACM-Bpod4,stage_training_v6,Emma,pv_nmdar_eranet,2AFC_6,Bpod4,11,36004,11,1.8.2,011_stage_training_v6_20250730-165942,2025-07-30,16:59:54.743678,18:00:01.029296
83,1,,0,0,1,0,,,,,0,1287.518413,1302.857116,15.338702999999896,2.8206,3.8301,1.0094999999999996,4.3385,5.338500000000001,1.0000000000000009,iaa,iaa,1,,0,0,1,1,70.0,,[],[],[],[],0.0071,0.0084,1000,1,0.5,5.0,0.0,0,0,1,1,0,1,10,1,0,0.0,0.5,LR,0.0,FD,0,0,0,1,,1.0,0.5,0.4999999999999995,1.0,/dev/ttyACM-Bpod4,stage_training_v6,Emma,pv_nmdar_eranet,2AFC_6,Bpod4,11,36004,11,1.8.2,011_stage_training_v6_20250730-165942,2025-07-30,16:59:54.743678,18:00:01.029296
84,0,,0,0,1,0,,,,,0,1302.872713,1318.207617,15.334904000000051,2.8181000000000003,3.8276,1.0094999999999996,4.3347,5.334700000000001,1.0000000000000009,aaa,aaa,1,,0,1,0,1,-70.0,,[],[],[],[],0.0071,0.0084,1000,1,0.5,5.0,0.0,0,0,1,1,0,1,10,1,0,0.0,0.5,LR,0.0,FD,0,0,0,1,,1.0,0.5,0.5,1.0,/dev/ttyACM-Bpod4,stage_training_v6,Emma,pv_nmdar_eranet,2AFC_6,Bpod4,11,36004,11,1.8.2,011_stage_training_v6_20250730-165942,2025-07-30,16:59:54.743678,18:00:01.029296
85,1,,0,1,0,0,0.0,,0.0,,1,1318.217913,1338.291716,20.073803,2.8206,3.8301,1.0094999999999996,4.3385,5.0736,0.7351000000000001,iaa,iaa,1,,0,0,1,1,70.0,,"[5.0736, 5.3099, 6.2195, 6.3712, 15.6099, 15.9055]","[5.104, 5.351100000000001, 6.2586, 6.4023, 15.6476, 15.9621]",[],[],0.0071,0.0084,1000,1,0.5,5.0,0.0,0,0,1,1,0,1,10,1,0,0.0,0.5,LR,0.0,FD,0,0,0,1,,1.0,0.5,0.4999999999999995,1.0,/dev/ttyACM-Bpod4,stage_training_v6,Emma,pv_nmdar_eranet,2AFC_6,Bpod4,11,36004,11,1.8.2,011_stage_training_v6_20250730-165942,2025-07-30,16:59:54.743678,18:00:01.029296
86,0,1.0,1,0,0,0,1.0,0.0,0.0,1.0,1,1338.309113,1353.163416,14.854303000000073,2.8181000000000003,3.8276,1.0094999999999996,4.3347,4.8541,0.5194000000000001,aaa,aaa,1,,0,1,0,1,-70.0,70.0,"[4.8541, 5.0091]","[4.9049000000000005, 5.0522]","[5.2804, 5.4314, 5.7087, 5.8689, 11.2447]","[5.3346, 5.4612, 5.7529, 5.899500000000001, 11.2776]",0.0071,0.0084,1000,1,0.5,5.0,0.0,0,0,1,1,0,1,10,1,0,0.0,0.5,LR,0.0,FD,0,0,0,1,,1.0,0.5,0.5,1.0,/dev/ttyACM-Bpod4,stage_training_v6,Emma,pv_nmdar_eranet,2AFC_6,Bpod4,11,36004,11,1.8.2,011_stage_training_v6_20250730-165942,2025-07-30,16:59:54.743678,18:00:01.029296
87,1,0.0,0,0,1,0,,1.0,,,0,1353.181113,1368.519816,15.338702999999896,2.8206,3.8301,1.0094999999999996,4.3385,5.338500000000001,1.0000000000000009,iaa,iaa,1,,0,0,1,1,70.0,-70.0,[],[],[],[],0.0071,0.0084,1000,1,0.5,5.0,0.0,0,0,1,1,0,1,10,1,0,0.0,0.5,LR,0.0,FD,0,0,0,1,,1.0,0.5,0.4999999999999995,1.0,/dev/ttyACM-Bpod4,stage_training_v6,Emma,pv_nmdar_eranet,2AFC_6,Bpod4,11,36004,11,1.8.2,011_stage_training_v6_20250730-165942,2025-07-30,16:59:54.743678,18:00:01.029296
88,0,,0,0,1,0,,,,,0,1368.534113,1383.869016,15.334903000000168,2.8181000000000003,3.8276,1.0094999999999996,4.3347,5.334700000000001,1.0000000000000009,aaa,aaa,1,,0,1,0,1,-70.0,,[],[],[],[],0.0071,0.0084,1000,1,0.5,5.0,0.0,0,0,1,1,0,1,10,1,0,0.0,0.5,LR,0.0,FD,0,0,0,1,,1.0,0.5,0.5,1.0,/dev/ttyACM-Bpod4,stage_training_v6,Emma,pv_nmdar_eranet,2AFC_6,Bpod4,11,36004,11,1.8.2,011_stage_training_v6_20250730-165942,2025-07-30,16:59:54.743678,18:00:01.029296
89,1,,1,0,0,0,1.0,,1.0,,1,1383.880813,1399.136617,15.255803999999898,2.8206,3.8301,1.0094999999999996,4.3385,5.2556,0.9171000000000004,iaa,iaa,1,,0,0,1,1,70.0,,[],[],"[5.2556, 5.4186000000000005, 5.6889, 6.7449, 6.9318, 7.6017, 7.7866, 8.2516, 8.4939]","[5.305400000000001, 5.4886, 5.7407, 6.7999, 6.9569, 7.6642, 7.8413, 8.3381, 8.5463]",0.0071,0.0084,1000,1,0.5,5.0,0.0,0,0,1,1,0,1,10,1,0,0.0,0.5,LR,0.0,FD,0,0,0,1,,1.0,0.5,0.4999999999999995,1.0,/dev/ttyACM-Bpod4,stage_training_v6,Emma,pv_nmdar_eranet,2AFC_6,Bpod4,11,36004,11,1.8.2,011_stage_training_v6_20250730-165942,2025-07-30,16:59:54.743678,18:00:01.029296
90,0,0.0,0,0,1,0,,1.0,,,0,1399.152913,1414.487817,15.334904000000051,2.8181000000000003,3.8276,1.0094999999999996,4.3347,5.334700000000001,1.0000000000000009,aaa,aaa,1,,0,1,0,1,-70.0,-70.0,[],[],"[8.2685, 8.4656]","[8.3213, 8.5305]",0.0071,0.0084,1000,1,0.5,5.0,0.0,0,0,1,1,0,1,10,1,0,0.0,0.5,LR,0.0,FD,0,0,0,1,,1.0,0.5,0.5,1.0,/dev/ttyACM-Bpod4,stage_training_v6,Emma,pv_nmdar_eranet,2AFC_6,Bpod4,11,36004,11,1.8.2,011_stage_training_v6_20250730-165942,2025-07-30,16:59:54.743678,18:00:01.029296
91,1,,0,0,1,0,,,,,0,1414.502013,1429.840717,15.338704000000009,2.8206,3.8301,1.0094999999999996,4.3385,5.338500000000001,1.0000000000000009,iaa,iaa,1,,0,0,1,1,70.0,,[],[],"[8.3439, 8.608600000000001, 8.7659]","[8.385, 8.6631, 8.7926]",0.0071,0.0084,1000,1,0.5,5.0,0.0,0,0,1,1,0,1,10,1,0,0.0,0.5,LR,0.0,FD,0,0,0,1,,1.0,0.5,0.4999999999999995,1.0,/dev/ttyACM-Bpod4,stage_training_v6,Emma,pv_nmdar_eranet,2AFC_6,Bpod4,11,36004,11,1.8.2,011_stage_training_v6_20250730-165942,2025-07-30,16:59:54.743678,18:00:01.029296
92,0,,0,0,1,0,,,,,0,1429.856413,1445.191317,15.334904000000051,2.8181000000000003,3.8276,1.0094999999999996,4.3347,5.334700000000001,1.0000000000000009,aaa,aaa,1,,0,1,0,1,-70.0,,[],[],[],[],0.0071,0.0084,1000,1,0.5,5.0,0.0,0,0,1,1,0,1,10,1,0,0.0,0.5,LR,0.0,FD,0,0,0,1,,1.0,0.5,0.5,1.0,/dev/ttyACM-Bpod4,stage_training_v6,Emma,pv_nmdar_eranet,2AFC_6,Bpod4,11,36004,11,1.8.2,011_stage_training_v6_20250730-165942,2025-07-30,16:59:54.743678,18:00:01.029296
93,1,,0,0,1,0,,,,,0,1445.206813,1460.545516,15.338702999999896,2.8206,3.8301,1.0094999999999996,4.3385,5.338500000000001,1.0000000000000009,iaa,iaa,1,,0,0,1,1,70.0,,[],[],"[5.4465, 5.589300000000001, 5.7188, 5.8547, 6.1282000000000005, 7.0385, 8.0625, 8.2505, 8.4315]","[5.4941, 5.6267000000000005, 5.745500000000001, 5.8627, 6.1578, 7.1002, 8.094000000000001, 8.3125, 8.4809]",0.0071,0.0084,1000,1,0.5,5.0,0.0,0,0,1,1,0,1,10,1,0,0.0,0.5,LR,0.0,FD,0,0,0,1,,1.0,0.5,0.4999999999999995,1.0,/dev/ttyACM-Bpod4,stage_training_v6,Emma,pv_nmdar_eranet,2AFC_6,Bpod4,11,36004,11,1.8.2,011_stage_training_v6_20250730-165942,2025-07-30,16:59:54.743678,18:00:01.029296
94,0,,0,1,0,0,0.0,,1.0,,1,1460.560913,1480.794516,20.233602999999903,2.8181000000000003,3.8276,1.0094999999999996,4.3347,5.2334000000000005,0.8987000000000007,aaa,aaa,1,,0,1,0,1,-70.0,,[],[],[5.2334000000000005],[5.2793],0.0071,0.0084,1000,1,0.5,5.0,0.0,0,0,1,1,0,1,10,1,0,0.0,0.5,LR,0.0,FD,0,0,0,1,,1.0,0.5,0.5,1.0,/dev/ttyACM-Bpod4,stage_training_v6,Emma,pv_nmdar_eranet,2AFC_6,Bpod4,11,36004,11,1.8.2,011_stage_training_v6_20250730-165942,2025-07-30,16:59:54.743678,18:00:01.029296
95,1,1.0,0,1,0,0,0.0,0.0,0.0,0.0,1,1480.806413,1500.730016,19.92360299999996,2.8206,3.8301,1.0094999999999996,4.3385,4.9234,0.5849000000000002,iaa,iaa,1,,0,0,1,1,70.0,70.0,[4.9234],[4.9846],[],[],0.0071,0.0084,1000,1,0.5,5.0,0.0,0,0,1,1,0,1,10,1,0,0.0,0.5,LR,0.0,FD,0,0,0,1,,1.0,0.5,0.4999999999999995,1.0,/dev/ttyACM-Bpod4,stage_training_v6,Emma,pv_nmdar_eranet,2AFC_6,Bpod4,11,36004,11,1.8.2,011_stage_training_v6_20250730-165942,2025-07-30,16:59:54.743678,18:00:01.029296
96,0,1.0,1,0,0,0,1.0,0.0,0.0,1.0,1,1500.745413,1515.808216,15.062802999999803,2.8181000000000003,3.8276,1.0094999999999996,4.3347,5.062600000000001,0.7279000000000009,aaa,aaa,1,,0,1,0,1,-70.0,70.0,"[5.062600000000001, 5.2015, 5.4138, 11.3831]","[5.1046000000000005, 5.2148, 5.4439, 11.4312]","[5.6837, 11.7262, 11.9206, 12.2432]","[5.7214, 11.7669, 11.9829, 12.2825]",0.0071,0.0084,1000,1,0.5,5.0,0.0,0,0,1,1,0,1,10,1,0,0.0,0.5,LR,0.0,FD,0,0,0,1,,1.0,0.5,0.5,1.0,/dev/ttyACM-Bpod4,stage_training_v6,Emma,pv_nmdar_eranet,2AFC_6,Bpod4,11,36004,11,1.8.2,011_stage_training_v6_20250730-165942,2025-07-30,16:59:54.743678,18:00:01.029296
97,1,0.0,0,0,1,0,,1.0,,,0,1515.824813,1531.163516,15.338703000000123,2.8206,3.8301,1.0094999999999996,4.3385,5.338500000000001,1.0000000000000009,iaa,iaa,1,,0,0,1,1,70.0,-70.0,"[8.0023, 8.1654]","[8.0565, 8.206800000000001]","[8.4609, 8.6189, 9.1541]","[8.5172, 8.6493, 9.1832]",0.0071,0.0084,1000,1,0.5,5.0,0.0,0,0,1,1,0,1,10,1,0,0.0,0.5,LR,0.0,FD,0,0,0,1,,1.0,0.5,0.4999999999999995,1.0,/dev/ttyACM-Bpod4,stage_training_v6,Emma,pv_nmdar_eranet,2AFC_6,Bpod4,11,36004,11,1.8.2,011_stage_training_v6_20250730-165942,2025-07-30,16:59:54.743678,18:00:01.029296
98,0,,0,0,1,0,,,,,0,1531.196813,1546.531716,15.33490299999994,2.8181000000000003,3.8276,1.0094999999999996,4.3347,5.334700000000001,1.0000000000000009,aaa,aaa,1,,0,1,0,1,-70.0,,"[7.6614, 7.803800000000001, 7.9488, 14.5589]","[7.7067, 7.8277, 7.960100000000001, 14.5867]","[7.9394, 12.3232, 12.8674, 12.9005, 13.1771, 13.4306, 13.4848, 13.4912, 13.5014, 13.623]","[7.9675, 12.3539, 12.8835, 13.0149, 13.1783, 13.4594, 13.4907, 13.4929, 13.5044, 13.6565]",0.0071,0.0084,1000,1,0.5,5.0,0.0,0,0,1,1,0,1,10,1,0,0.0,0.5,LR,0.0,FD,0,0,0,1,,1.0,0.5,0.5,1.0,/dev/ttyACM-Bpod4,stage_training_v6,Emma,pv_nmdar_eranet,2AFC_6,Bpod4,11,36004,11,1.8.2,011_stage_training_v6_20250730-165942,2025-07-30,16:59:54.743678,18:00:01.029296
99,1,,0,0,1,0,,,,,0,1546.552413,1561.891116,15.338703000000123,2.8206,3.8301,1.0094999999999996,4.3385,5.338500000000001,1.0000000000000009,iaa,iaa,1,,0,0,1,1,70.0,,"[7.7305, 7.9085, 13.3266]","[7.7823, 7.947500000000001, 13.3719]",[],[],0.0071,0.0084,1000,1,0.5,5.0,0.0,0,0,1,1,0,1,10,1,0,0.0,0.5,LR,0.0,FD,0,0,0,1,,1.0,0.5,0.4999999999999995,1.0,/dev/ttyACM-Bpod4,stage_training_v6,Emma,pv_nmdar_eranet,2AFC_6,Bpod4,11,36004,11,1.8.2,011_stage_training_v6_20250730-165942,2025-07-30,16:59:54.743678,18:00:01.029296
100,0,,0,0,1,0,,,,,0,1561.965613,1577.300516,15.33490299999994,2.8181000000000003,3.8276,1.0094999999999996,4.3347,5.334700000000001,1.0000000000000009,aaa,aaa,1,,0,1,0,1,-70.0,,[],[],[],[],0.0071,0.0084,1000,1,0.5,5.0,0.0,0,0,1,1,0,1,10,1,0,0.0,0.5,LR,0.0,FD,0,0,0,1,,1.0,0.5,0.5,1.0,/dev/ttyACM-Bpod4,stage_training_v6,Emma,pv_nmdar_eranet,2AFC_6,Bpod4,11,36004,11,1.8.2,011_stage_training_v6_20250730-165942,2025-07-30,16:59:54.743678,18:00:01.029296
101,1,,0,0,1,0,,,,,0,1577.314413,1592.653116,15.338702999999896,2.8206,3.8301,1.0094999999999996,4.3385,5.338500000000001,1.0000000000000009,iaa,iaa,1,,0,0,1,1,70.0,,[],[],[],[],0.0071,0.0084,1000,1,0.5,5.0,0.0,0,0,1,1,0,1,10,1,0,0.0,0.5,LR,0.0,FD,0,0,0,1,,1.0,0.5,0.4999999999999995,1.0,/dev/ttyACM-Bpod4,stage_training_v6,Emma,pv_nmdar_eranet,2AFC_6,Bpod4,11,36004,11,1.8.2,011_stage_training_v6_20250730-165942,2025-07-30,16:59:54.743678,18:00:01.029296
102,0,,1,0,0,0,1.0,,0.0,,1,1592.666313,1607.459916,14.793603000000076,2.8181000000000003,3.8276,1.0094999999999996,4.3347,4.7934,0.4587000000000003,aaa,aaa,1,,0,1,0,1,-70.0,,"[4.7934, 4.9394]","[4.8423, 4.9741]","[5.1947, 5.341200000000001, 5.4919]","[5.2434, 5.3782000000000005, 5.5324]",0.0071,0.0084,1000,1,0.5,5.0,0.0,0,0,1,1,0,1,10,1,0,0.0,0.5,LR,0.0,FD,0,0,0,1,,1.0,0.5,0.5,1.0,/dev/ttyACM-Bpod4,stage_training_v6,Emma,pv_nmdar_eranet,2AFC_6,Bpod4,11,36004,11,1.8.2,011_stage_training_v6_20250730-165942,2025-07-30,16:59:54.743678,18:00:01.029296
103,1,0.0,0,0,1,0,,1.0,,,0,1607.479413,1622.818116,15.338702999999896,2.8206,3.8301,1.0094999999999996,4.3385,5.338500000000001,1.0000000000000009,iaa,iaa,1,,0,0,1,1,70.0,-70.0,[],[],[],[],0.0071,0.0084,1000,1,0.5,5.0,0.0,0,0,1,1,0,1,10,1,0,0.0,0.5,LR,0.0,FD,0,0,0,1,,1.0,0.5,0.4999999999999995,1.0,/dev/ttyACM-Bpod4,stage_training_v6,Emma,pv_nmdar_eranet,2AFC_6,Bpod4,11,36004,11,1.8.2,011_stage_training_v6_20250730-165942,2025-07-30,16:59:54.743678,18:00:01.029296
104,0,,1,0,0,0,1.0,,0.0,,1,1622.830113,1637.865716,15.035603000000036,2.8181000000000003,3.8276,1.0094999999999996,4.3347,5.0354,0.7007000000000003,aaa,aaa,1,,0,1,0,1,-70.0,,"[5.0354, 5.1863]","[5.0657000000000005, 5.2132000000000005]","[5.4847, 5.7411, 12.5858, 12.7583, 12.9322, 13.4318]","[5.5372, 5.7879000000000005, 12.6391, 12.8083, 12.9782, 13.4922]",0.0071,0.0084,1000,1,0.5,5.0,0.0,0,0,1,1,0,1,10,1,0,0.0,0.5,LR,0.0,FD,0,0,0,1,,1.0,0.5,0.5,1.0,/dev/ttyACM-Bpod4,stage_training_v6,Emma,pv_nmdar_eranet,2AFC_6,Bpod4,11,36004,11,1.8.2,011_stage_training_v6_20250730-165942,2025-07-30,16:59:54.743678,18:00:01.029296
105,1,0.0,0,0,1,0,,1.0,,,0,1637.880213,1653.218916,15.338703000000123,2.8206,3.8301,1.0094999999999996,4.3385,5.338500000000001,1.0000000000000009,iaa,iaa,1,,0,0,1,1,70.0,-70.0,[],[],[],[],0.0071,0.0084,1000,1,0.5,5.0,0.0,0,0,1,1,0,1,10,1,0,0.0,0.5,LR,0.0,FD,0,0,0,1,,1.0,0.5,0.4999999999999995,1.0,/dev/ttyACM-Bpod4,stage_training_v6,Emma,pv_nmdar_eranet,2AFC_6,Bpod4,11,36004,11,1.8.2,011_stage_training_v6_20250730-165942,2025-07-30,16:59:54.743678,18:00:01.029296
106,0,,0,0,1,0,,,,,0,1653.234013,1668.568916,15.33490299999994,2.8181000000000003,3.8276,1.0094999999999996,4.3347,5.334700000000001,1.0000000000000009,aaa,aaa,1,,0,1,0,1,-70.0,,[],[],[],[],0.0071,0.0084,1000,1,0.5,5.0,0.0,0,0,1,1,0,1,10,1,0,0.0,0.5,LR,0.0,FD,0,0,0,1,,1.0,0.5,0.5,1.0,/dev/ttyACM-Bpod4,stage_training_v6,Emma,pv_nmdar_eranet,2AFC_6,Bpod4,11,36004,11,1.8.2,011_stage_training_v6_20250730-165942,2025-07-30,16:59:54.743678,18:00:01.029296
107,1,,0,0,1,0,,,,,0,1668.588413,1683.927116,15.338703000000123,2.8206,3.8301,1.0094999999999996,4.3385,5.338500000000001,1.0000000000000009,iaa,iaa,1,,0,0,1,1,70.0,,[],[],[],[],0.0071,0.0084,1000,1,0.5,5.0,0.0,0,0,1,1,0,1,10,1,0,0.0,0.5,LR,0.0,FD,0,0,0,1,,1.0,0.5,0.4999999999999995,1.0,/dev/ttyACM-Bpod4,stage_training_v6,Emma,pv_nmdar_eranet,2AFC_6,Bpod4,11,36004,11,1.8.2,011_stage_training_v6_20250730-165942,2025-07-30,16:59:54.743678,18:00:01.029296
108,0,,1,0,0,0,1.0,,0.0,,1,1683.937813,1699.178916,15.241103000000066,2.8181000000000003,3.8276,1.0094999999999996,4.3347,5.2409,0.9062,aaa,aaa,1,,0,1,0,1,-70.0,,"[5.2409, 5.4796000000000005, 5.8369, 6.550400000000001, 6.7006000000000006, 7.1077, 7.291300000000001, 7.471900000000001, 7.9594, 8.7095, 9.371, 13.4148]","[5.2837000000000005, 5.521, 5.864400000000001, 6.5982, 6.7343, 7.1494, 7.3163, 7.52, 8.0078, 8.745700000000001, 9.4012, 13.4531]","[6.1347000000000005, 8.5218, 9.3876, 14.0371, 14.2923, 14.8818]","[6.181100000000001, 8.568, 9.3976, 14.0971, 14.3413, 14.9335]",0.0071,0.0084,1000,1,0.5,5.0,0.0,0,0,1,1,0,1,10,1,0,0.0,0.5,LR,0.0,FD,0,0,0,1,,1.0,0.5,0.5,1.0,/dev/ttyACM-Bpod4,stage_training_v6,Emma,pv_nmdar_eranet,2AFC_6,Bpod4,11,36004,11,1.8.2,011_stage_training_v6_20250730-165942,2025-07-30,16:59:54.743678,18:00:01.029296
109,1,0.0,0,1,0,0,0.0,1.0,0.0,1.0,1,1699.194413,1719.001416,19.80700300000012,2.8206,3.8301,1.0094999999999996,4.3385,4.8068,0.4683000000000001,iaa,iaa,1,,0,0,1,1,70.0,-70.0,"[4.8068, 8.0363, 10.6489]","[4.8635, 8.0601, 10.7027]",[],[],0.0071,0.0084,1000,1,0.5,5.0,0.0,0,0,1,1,0,1,10,1,0,0.0,0.5,LR,0.0,FD,0,0,0,1,,1.0,0.5,0.4999999999999995,1.0,/dev/ttyACM-Bpod4,stage_training_v6,Emma,pv_nmdar_eranet,2AFC_6,Bpod4,11,36004,11,1.8.2,011_stage_training_v6_20250730-165942,2025-07-30,16:59:54.743678,18:00:01.029296
110,0,1.0,1,0,0,0,1.0,0.0,0.0,1.0,1,1719.019813,1733.917716,14.897902999999816,2.8181000000000003,3.8276,1.0094999999999996,4.3347,4.8977,0.5630000000000006,aaa,aaa,1,,0,1,0,1,-70.0,70.0,"[4.8977, 5.075200000000001]","[4.9609000000000005, 5.1105]",[5.253900000000001],[5.2915],0.0071,0.0084,1000,1,0.5,5.0,0.0,0,0,1,1,0,1,10,1,0,0.0,0.5,LR,0.0,FD,0,0,0,1,,1.0,0.5,0.5,1.0,/dev/ttyACM-Bpod4,stage_training_v6,Emma,pv_nmdar_eranet,2AFC_6,Bpod4,11,36004,11,1.8.2,011_stage_training_v6_20250730-165942,2025-07-30,16:59:54.743678,18:00:01.029296
111,1,0.0,0,0,1,0,,1.0,,,0,1733.935013,1749.273716,15.338702999999896,2.8206,3.8301,1.0094999999999996,4.3385,5.338500000000001,1.0000000000000009,iaa,iaa,1,,0,0,1,1,70.0,-70.0,[8.6814],[8.7265],"[8.4476, 8.7086, 9.9406]","[8.490300000000001, 8.725100000000001, 9.9826]",0.0071,0.0084,1000,1,0.5,5.0,0.0,0,0,1,1,0,1,10,1,0,0.0,0.5,LR,0.0,FD,0,0,0,1,,1.0,0.5,0.4999999999999995,1.0,/dev/ttyACM-Bpod4,stage_training_v6,Emma,pv_nmdar_eranet,2AFC_6,Bpod4,11,36004,11,1.8.2,011_stage_training_v6_20250730-165942,2025-07-30,16:59:54.743678,18:00:01.029296
112,0,,0,0,1,0,,,,,0,1749.289613,1764.624516,15.334903000000168,2.8181000000000003,3.8276,1.0094999999999996,4.3347,5.334700000000001,1.0000000000000009,aaa,aaa,1,,0,1,0,1,-70.0,,"[14.5439, 14.8181, 15.1737]","[14.5805, 14.8669, 15.2266]",[],[],0.0071,0.0084,1000,1,0.5,5.0,0.0,0,0,1,1,0,1,10,1,0,0.0,0.5,LR,0.0,FD,0,0,0,1,,1.0,0.5,0.5,1.0,/dev/ttyACM-Bpod4,stage_training_v6,Emma,pv_nmdar_eranet,2AFC_6,Bpod4,11,36004,11,1.8.2,011_stage_training_v6_20250730-165942,2025-07-30,16:59:54.743678,18:00:01.029296
113,1,,1,0,0,0,1.0,,1.0,,1,1764.638213,1779.701316,15.063102999999956,2.8206,3.8301,1.0094999999999996,4.3385,5.0629,0.7244000000000002,iaa,iaa,1,,0,0,1,1,70.0,,"[5.9648, 6.1136, 6.3382000000000005]","[5.9876000000000005, 6.1665, 6.4125000000000005]","[5.0629, 5.3047, 5.959300000000001, 6.5842, 6.7542, 7.467700000000001]","[5.1062, 5.346, 5.988, 6.649900000000001, 6.7862, 7.519100000000001]",0.0071,0.0084,1000,1,0.5,5.0,0.0,0,0,1,1,0,1,10,1,0,0.0,0.5,LR,0.0,FD,0,0,0,1,,1.0,0.5,0.4999999999999995,1.0,/dev/ttyACM-Bpod4,stage_training_v6,Emma,pv_nmdar_eranet,2AFC_6,Bpod4,11,36004,11,1.8.2,011_stage_training_v6_20250730-165942,2025-07-30,16:59:54.743678,18:00:01.029296
114,0,0.0,0,0,1,0,,1.0,,,0,1779.718013,1795.052916,15.334903000000168,2.8181000000000003,3.8276,1.0094999999999996,4.3347,5.334700000000001,1.0000000000000009,aaa,aaa,1,,0,1,0,1,-70.0,-70.0,[],[],[],[],0.0071,0.0084,1000,1,0.5,5.0,0.0,0,0,1,1,0,1,10,1,0,0.0,0.5,LR,0.0,FD,0,0,0,1,,1.0,0.5,0.5,1.0,/dev/ttyACM-Bpod4,stage_training_v6,Emma,pv_nmdar_eranet,2AFC_6,Bpod4,11,36004,11,1.8.2,011_stage_training_v6_20250730-165942,2025-07-30,16:59:54.743678,18:00:01.029296
115,1,,0,0,1,0,,,,,0,1795.067313,1810.406017,15.338704000000009,2.8206,3.8301,1.0094999999999996,4.3385,5.338500000000001,1.0000000000000009,iaa,iaa,1,,0,0,1,1,70.0,,[],[],"[9.3199, 9.6066]","[9.3925, 9.6504]",0.0071,0.0084,1000,1,0.5,5.0,0.0,0,0,1,1,0,1,10,1,0,0.0,0.5,LR,0.0,FD,0,0,0,1,,1.0,0.5,0.4999999999999995,1.0,/dev/ttyACM-Bpod4,stage_training_v6,Emma,pv_nmdar_eranet,2AFC_6,Bpod4,11,36004,11,1.8.2,011_stage_training_v6_20250730-165942,2025-07-30,16:59:54.743678,18:00:01.029296
116,0,,0,0,1,0,,,,,0,1810.420613,1825.755516,15.33490299999994,2.8181000000000003,3.8276,1.0094999999999996,4.3347,5.334700000000001,1.0000000000000009,aaa,aaa,1,,0,1,0,1,-70.0,,[],[],[],[],0.0071,0.0084,1000,1,0.5,5.0,0.0,0,0,1,1,0,1,10,1,0,0.0,0.5,LR,0.0,FD,0,0,0,1,,1.0,0.5,0.5,1.0,/dev/ttyACM-Bpod4,stage_training_v6,Emma,pv_nmdar_eranet,2AFC_6,Bpod4,11,36004,11,1.8.2,011_stage_training_v6_20250730-165942,2025-07-30,16:59:54.743678,18:00:01.029296
117,1,,0,0,1,0,,,,,0,1825.767613,1841.106317,15.338704000000009,2.8206,3.8301,1.0094999999999996,4.3385,5.338500000000001,1.0000000000000009,iaa,iaa,1,,0,0,1,1,70.0,,[8.5489],[8.5678],"[7.9488, 8.1902, 8.7931]","[7.9725, 8.2356, 8.8047]",0.0071,0.0084,1000,1,0.5,5.0,0.0,0,0,1,1,0,1,10,1,0,0.0,0.5,LR,0.0,FD,0,0,0,1,,1.0,0.5,0.4999999999999995,1.0,/dev/ttyACM-Bpod4,stage_training_v6,Emma,pv_nmdar_eranet,2AFC_6,Bpod4,11,36004,11,1.8.2,011_stage_training_v6_20250730-165942,2025-07-30,16:59:54.743678,18:00:01.029296
118,0,,0,1,0,0,0.0,,1.0,,1,1841.121613,1860.897816,19.776202999999896,2.8181000000000003,3.8276,1.0094999999999996,4.3347,4.776,0.4413,aaa,aaa,1,,0,1,0,1,-70.0,,[],[],"[4.776, 12.9511, 17.1613]","[4.8249, 12.9874, 17.178]",0.0071,0.0084,1000,1,0.5,5.0,0.0,0,0,1,1,0,1,10,1,0,0.0,0.5,LR,0.0,FD,0,0,0,1,,1.0,0.5,0.5,1.0,/dev/ttyACM-Bpod4,stage_training_v6,Emma,pv_nmdar_eranet,2AFC_6,Bpod4,11,36004,11,1.8.2,011_stage_training_v6_20250730-165942,2025-07-30,16:59:54.743678,18:00:01.029296
119,1,1.0,1,0,0,0,1.0,0.0,1.0,1.0,1,1860.913413,1875.729716,14.816303000000062,2.8206,3.8301,1.0094999999999996,4.3385,4.8161000000000005,0.4776000000000007,iaa,iaa,1,,0,0,1,1,70.0,70.0,"[8.5934, 8.734300000000001]","[8.627500000000001, 8.76]","[4.8161000000000005, 5.0746, 8.999, 12.5703, 12.583, 12.7493, 12.8324]","[4.8745, 5.112900000000001, 9.0448, 12.5741, 12.5897, 12.8125, 12.8405]",0.0071,0.0084,1000,1,0.5,5.0,0.0,0,0,1,1,0,1,10,1,0,0.0,0.5,LR,0.0,FD,0,0,0,1,,1.0,0.5,0.4999999999999995,1.0,/dev/ttyACM-Bpod4,stage_training_v6,Emma,pv_nmdar_eranet,2AFC_6,Bpod4,11,36004,11,1.8.2,011_stage_training_v6_20250730-165942,2025-07-30,16:59:54.743678,18:00:01.029296
120,0,0.0,1,0,0,0,1.0,1.0,0.0,0.0,1,1875.744213,1890.534817,14.79060400000003,2.8181000000000003,3.8276,1.0094999999999996,4.3347,4.7904,0.4557000000000002,aaa,aaa,1,,0,1,0,1,-70.0,-70.0,"[4.7904, 4.966200000000001]","[4.841600000000001, 5.0319]",[],[],0.0071,0.0084,1000,1,0.5,5.0,0.0,0,0,1,1,0,1,10,1,0,0.0,0.5,LR,0.0,FD,0,0,0,1,,1.0,0.5,0.5,1.0,/dev/ttyACM-Bpod4,stage_training_v6,Emma,pv_nmdar_eranet,2AFC_6,Bpod4,11,36004,11,1.8.2,011_stage_training_v6_20250730-165942,2025-07-30,16:59:54.743678,18:00:01.029296
121,1,0.0,0,0,1,0,,1.0,,,0,1890.549013,1905.887716,15.338702999999896,2.8206,3.8301,1.0094999999999996,4.3385,5.338500000000001,1.0000000000000009,iaa,iaa,1,,0,0,1,1,70.0,-70.0,[],[],[],[],0.0071,0.0084,1000,1,0.5,5.0,0.0,0,0,1,1,0,1,10,1,0,0.0,0.5,LR,0.0,FD,0,0,0,1,,1.0,0.5,0.4999999999999995,1.0,/dev/ttyACM-Bpod4,stage_training_v6,Emma,pv_nmdar_eranet,2AFC_6,Bpod4,11,36004,11,1.8.2,011_stage_training_v6_20250730-165942,2025-07-30,16:59:54.743678,18:00:01.029296
122,0,,0,0,1,0,,,,,0,1905.903313,1921.238216,15.33490299999994,2.8181000000000003,3.8276,1.0094999999999996,4.3347,5.334700000000001,1.0000000000000009,aaa,aaa,1,,0,1,0,1,-70.0,,[],[],[],[],0.0071,0.0084,1000,1,0.5,5.0,0.0,0,0,1,1,0,1,10,1,0,0.0,0.5,LR,0.0,FD,0,0,0,1,,1.0,0.5,0.5,1.0,/dev/ttyACM-Bpod4,stage_training_v6,Emma,pv_nmdar_eranet,2AFC_6,Bpod4,11,36004,11,1.8.2,011_stage_training_v6_20250730-165942,2025-07-30,16:59:54.743678,18:00:01.029296
123,1,,0,0,1,0,,,,,0,1921.253113,1936.591816,15.338703000000123,2.8206,3.8301,1.0094999999999996,4.3385,5.338500000000001,1.0000000000000009,iaa,iaa,1,,0,0,1,1,70.0,,[],[],[],[],0.0071,0.0084,1000,1,0.5,5.0,0.0,0,0,1,1,0,1,10,1,0,0.0,0.5,LR,0.0,FD,0,0,0,1,,1.0,0.5,0.4999999999999995,1.0,/dev/ttyACM-Bpod4,stage_training_v6,Emma,pv_nmdar_eranet,2AFC_6,Bpod4,11,36004,11,1.8.2,011_stage_training_v6_20250730-165942,2025-07-30,16:59:54.743678,18:00:01.029296
124,0,,0,1,0,0,0.0,,1.0,,1,1936.604413,1956.585417,19.981003999999984,2.8181000000000003,3.8276,1.0094999999999996,4.3347,4.9808,0.6461000000000006,aaa,aaa,1,,0,1,0,1,-70.0,,[6.393800000000001],[6.4309],"[4.9808, 5.2062, 5.4436, 5.9246, 6.3903, 6.5532]","[5.018000000000001, 5.2343, 5.4751, 5.9539, 6.430400000000001, 6.6086]",0.0071,0.0084,1000,1,0.5,5.0,0.0,0,0,1,1,0,1,10,1,0,0.0,0.5,LR,0.0,FD,0,0,0,1,,1.0,0.5,0.5,1.0,/dev/ttyACM-Bpod4,stage_training_v6,Emma,pv_nmdar_eranet,2AFC_6,Bpod4,11,36004,11,1.8.2,011_stage_training_v6_20250730-165942,2025-07-30,16:59:54.743678,18:00:01.029296
125,1,1.0,0,0,1,0,,0.0,,,0,1956.598113,1971.936816,15.338702999999896,2.8206,3.8301,1.0094999999999996,4.3385,5.338500000000001,1.0000000000000009,iaa,iaa,1,,0,0,1,1,70.0,70.0,[],[],"[5.5328, 5.6909, 5.8429]","[5.565300000000001, 5.7395000000000005, 5.8885000000000005]",0.0071,0.0084,1000,1,0.5,5.0,0.0,0,0,1,1,0,1,10,1,0,0.0,0.5,LR,0.0,FD,0,0,0,1,,1.0,0.5,0.4999999999999995,1.0,/dev/ttyACM-Bpod4,stage_training_v6,Emma,pv_nmdar_eranet,2AFC_6,Bpod4,11,36004,11,1.8.2,011_stage_training_v6_20250730-165942,2025-07-30,16:59:54.743678,18:00:01.029296
126,0,,1,0,0,0,1.0,,0.0,,1,1971.950913,1986.302917,14.35200400000008,2.8181000000000003,3.8276,1.0094999999999996,4.3347,4.3518,0.0171000000000001,aaa,aaa,1,,0,1,0,1,-70.0,,[4.3518],[4.355300000000001],"[4.939500000000001, 5.0936]","[4.9734, 5.155200000000001]",0.0071,0.0084,1000,1,0.5,5.0,0.0,0,0,1,1,0,1,10,1,0,0.0,0.5,LR,0.0,FD,0,0,0,1,,1.0,0.5,0.5,1.0,/dev/ttyACM-Bpod4,stage_training_v6,Emma,pv_nmdar_eranet,2AFC_6,Bpod4,11,36004,11,1.8.2,011_stage_training_v6_20250730-165942,2025-07-30,16:59:54.743678,18:00:01.029296
127,1,0.0,0,0,1,0,,1.0,,,0,1986.315413,2001.654117,15.338704000000009,2.8206,3.8301,1.0094999999999996,4.3385,5.338500000000001,1.0000000000000009,iaa,iaa,1,,0,0,1,1,70.0,-70.0,"[7.7595, 8.0204]","[7.8208, 8.0352]","[6.332400000000001, 6.4617, 8.286100000000001]","[6.3628, 6.4838000000000005, 8.3312]",0.0071,0.0084,1000,1,0.5,5.0,0.0,0,0,1,1,0,1,10,1,0,0.0,0.5,LR,0.0,FD,0,0,0,1,,1.0,0.5,0.4999999999999995,1.0,/dev/ttyACM-Bpod4,stage_training_v6,Emma,pv_nmdar_eranet,2AFC_6,Bpod4,11,36004,11,1.8.2,011_stage_training_v6_20250730-165942,2025-07-30,16:59:54.743678,18:00:01.029296
128,0,,1,0,0,0,1.0,,0.0,,1,2001.669613,2016.656116,14.986503000000084,2.8181000000000003,3.8276,1.0094999999999996,4.3347,4.9863,0.6516000000000002,aaa,aaa,1,,0,1,0,1,-70.0,,"[4.9863, 5.246]","[5.033, 5.290100000000001]",[],[],0.0071,0.0084,1000,1,0.5,5.0,0.0,0,0,1,1,0,1,10,1,0,0.0,0.5,LR,0.0,FD,0,0,0,1,,1.0,0.5,0.5,1.0,/dev/ttyACM-Bpod4,stage_training_v6,Emma,pv_nmdar_eranet,2AFC_6,Bpod4,11,36004,11,1.8.2,011_stage_training_v6_20250730-165942,2025-07-30,16:59:54.743678,18:00:01.029296
129,1,0.0,0,1,0,0,0.0,1.0,0.0,1.0,1,2016.669713,2036.953816,20.28410299999996,2.8206,3.8301,1.0094999999999996,4.3385,5.2839,0.9454000000000002,iaa,iaa,1,,0,0,1,1,70.0,-70.0,[5.2839],[5.3202],[],[],0.0071,0.0084,1000,1,0.5,5.0,0.0,0,0,1,1,0,1,10,1,0,0.0,0.5,LR,0.0,FD,0,0,0,1,,1.0,0.5,0.4999999999999995,1.0,/dev/ttyACM-Bpod4,stage_training_v6,Emma,pv_nmdar_eranet,2AFC_6,Bpod4,11,36004,11,1.8.2,011_stage_training_v6_20250730-165942,2025-07-30,16:59:54.743678,18:00:01.029296
130,0,1.0,0,0,1,0,,0.0,,,0,2036.967313,2052.302216,15.33490299999994,2.8181000000000003,3.8276,1.0094999999999996,4.3347,5.334700000000001,1.0000000000000009,aaa,aaa,1,,0,1,0,1,-70.0,70.0,[],[],[],[],0.0071,0.0084,1000,1,0.5,5.0,0.0,0,0,1,1,0,1,10,1,0,0.0,0.5,LR,0.0,FD,0,0,0,1,,1.0,0.5,0.5,1.0,/dev/ttyACM-Bpod4,stage_training_v6,Emma,pv_nmdar_eranet,2AFC_6,Bpod4,11,36004,11,1.8.2,011_stage_training_v6_20250730-165942,2025-07-30,16:59:54.743678,18:00:01.029296
131,1,,0,1,0,0,0.0,,0.0,,1,2052.312313,2072.246316,19.934003000000303,2.8206,3.8301,1.0094999999999996,4.3385,4.933800000000001,0.5953000000000008,iaa,iaa,1,,0,0,1,1,70.0,,"[4.933800000000001, 5.1841, 14.0835, 14.3599, 15.479500000000002, 16.7071]","[4.9495000000000005, 5.2323, 14.1262, 14.4097, 15.4933, 16.7274]","[14.5845, 14.7727, 15.1399, 15.8116, 15.9928, 16.8712]","[14.6044, 14.8211, 15.1748, 15.8626, 16.0274, 16.9329]",0.0071,0.0084,1000,1,0.5,5.0,0.0,0,0,1,1,0,1,10,1,0,0.0,0.5,LR,0.0,FD,0,0,0,1,,1.0,0.5,0.4999999999999995,1.0,/dev/ttyACM-Bpod4,stage_training_v6,Emma,pv_nmdar_eranet,2AFC_6,Bpod4,11,36004,11,1.8.2,011_stage_training_v6_20250730-165942,2025-07-30,16:59:54.743678,18:00:01.029296
132,0,1.0,1,0,0,0,1.0,0.0,0.0,1.0,1,2072.262513,2087.120316,14.857802999999876,2.8181000000000003,3.8276,1.0094999999999996,4.3347,4.857600000000001,0.5229000000000008,aaa,aaa,1,,0,1,0,1,-70.0,70.0,"[4.857600000000001, 5.0294, 5.060300000000001]","[4.8871, 5.0349, 5.0904]",[5.0812],[5.0878000000000005],0.0071,0.0084,1000,1,0.5,5.0,0.0,0,0,1,1,0,1,10,1,0,0.0,0.5,LR,0.0,FD,0,0,0,1,,1.0,0.5,0.5,1.0,/dev/ttyACM-Bpod4,stage_training_v6,Emma,pv_nmdar_eranet,2AFC_6,Bpod4,11,36004,11,1.8.2,011_stage_training_v6_20250730-165942,2025-07-30,16:59:54.743678,18:00:01.029296
133,1,0.0,0,0,1,0,,1.0,,,0,2087.132413,2102.471116,15.33870300000035,2.8206,3.8301,1.0094999999999996,4.3385,5.338500000000001,1.0000000000000009,iaa,iaa,1,,0,0,1,1,70.0,-70.0,[],[],"[5.465400000000001, 5.6803, 5.9355]","[5.4889, 5.7241, 5.9766]",0.0071,0.0084,1000,1,0.5,5.0,0.0,0,0,1,1,0,1,10,1,0,0.0,0.5,LR,0.0,FD,0,0,0,1,,1.0,0.5,0.4999999999999995,1.0,/dev/ttyACM-Bpod4,stage_training_v6,Emma,pv_nmdar_eranet,2AFC_6,Bpod4,11,36004,11,1.8.2,011_stage_training_v6_20250730-165942,2025-07-30,16:59:54.743678,18:00:01.029296
134,0,,1,0,0,0,1.0,,0.0,,1,2102.485513,2117.760816,15.275302999999894,2.8181000000000003,3.8276,1.0094999999999996,4.3347,5.2751,0.9404000000000003,aaa,aaa,1,,0,1,0,1,-70.0,,"[5.2751, 9.6511]","[5.2877, 9.6814]",[],[],0.0071,0.0084,1000,1,0.5,5.0,0.0,0,0,1,1,0,1,10,1,0,0.0,0.5,LR,0.0,FD,0,0,0,1,,1.0,0.5,0.5,1.0,/dev/ttyACM-Bpod4,stage_training_v6,Emma,pv_nmdar_eranet,2AFC_6,Bpod4,11,36004,11,1.8.2,011_stage_training_v6_20250730-165942,2025-07-30,16:59:54.743678,18:00:01.029296
135,1,0.0,0,1,0,0,0.0,1.0,0.0,1.0,1,2117.775413,2138.046116,20.27070300000014,2.8206,3.8301,1.0094999999999996,4.3385,5.2705,0.9320000000000004,iaa,iaa,1,,0,0,1,1,70.0,-70.0,"[5.2705, 5.5616]","[5.3003, 5.5997]","[15.8556, 16.1689, 16.3143, 16.8751]","[15.9006, 16.1837, 16.356, 16.925]",0.0071,0.0084,1000,1,0.5,5.0,0.0,0,0,1,1,0,1,10,1,0,0.0,0.5,LR,0.0,FD,0,0,0,1,,1.0,0.5,0.4999999999999995,1.0,/dev/ttyACM-Bpod4,stage_training_v6,Emma,pv_nmdar_eranet,2AFC_6,Bpod4,11,36004,11,1.8.2,011_stage_training_v6_20250730-165942,2025-07-30,16:59:54.743678,18:00:01.029296
136,0,1.0,0,0,1,0,,0.0,,,0,2138.062213,2153.397116,15.33490299999994,2.8181000000000003,3.8276,1.0094999999999996,4.3347,5.334700000000001,1.0000000000000009,aaa,aaa,1,,0,1,0,1,-70.0,70.0,[],[],[],[],0.0071,0.0084,1000,1,0.5,5.0,0.0,0,0,1,1,0,1,10,1,0,0.0,0.5,LR,0.0,FD,0,0,0,1,,1.0,0.5,0.5,1.0,/dev/ttyACM-Bpod4,stage_training_v6,Emma,pv_nmdar_eranet,2AFC_6,Bpod4,11,36004,11,1.8.2,011_stage_training_v6_20250730-165942,2025-07-30,16:59:54.743678,18:00:01.029296
137,1,,0,0,1,0,,,,,0,2153.412813,2168.751516,15.338702999999896,2.8206,3.8301,1.0094999999999996,4.3385,5.338500000000001,1.0000000000000009,iaa,iaa,1,,0,0,1,1,70.0,,[],[],[],[],0.0071,0.0084,1000,1,0.5,5.0,0.0,0,0,1,1,0,1,10,1,0,0.0,0.5,LR,0.0,FD,0,0,0,1,,1.0,0.5,0.4999999999999995,1.0,/dev/ttyACM-Bpod4,stage_training_v6,Emma,pv_nmdar_eranet,2AFC_6,Bpod4,11,36004,11,1.8.2,011_stage_training_v6_20250730-165942,2025-07-30,16:59:54.743678,18:00:01.029296
138,0,,0,0,1,0,,,,,0,2168.765413,2184.100316,15.33490299999994,2.8181000000000003,3.8276,1.0094999999999996,4.3347,5.334700000000001,1.0000000000000009,aaa,aaa,1,,0,1,0,1,-70.0,,[],[],[],[],0.0071,0.0084,1000,1,0.5,5.0,0.0,0,0,1,1,0,1,10,1,0,0.0,0.5,LR,0.0,FD,0,0,0,1,,1.0,0.5,0.5,1.0,/dev/ttyACM-Bpod4,stage_training_v6,Emma,pv_nmdar_eranet,2AFC_6,Bpod4,11,36004,11,1.8.2,011_stage_training_v6_20250730-165942,2025-07-30,16:59:54.743678,18:00:01.029296
139,1,,1,0,0,0,1.0,,1.0,,1,2184.114113,2198.985616,14.871502999999848,2.8206,3.8301,1.0094999999999996,4.3385,4.871300000000001,0.5328000000000008,iaa,iaa,1,,0,0,1,1,70.0,,[],[],"[4.871300000000001, 5.027, 5.1661]","[4.9255, 5.0549, 5.1877]",0.0071,0.0084,1000,1,0.5,5.0,0.0,0,0,1,1,0,1,10,1,0,0.0,0.5,LR,0.0,FD,0,0,0,1,,1.0,0.5,0.4999999999999995,1.0,/dev/ttyACM-Bpod4,stage_training_v6,Emma,pv_nmdar_eranet,2AFC_6,Bpod4,11,36004,11,1.8.2,011_stage_training_v6_20250730-165942,2025-07-30,16:59:54.743678,18:00:01.029296
140,0,0.0,1,0,0,0,1.0,1.0,0.0,0.0,1,2199.000313,2213.351416,14.351102999999966,2.8181000000000003,3.8276,1.0094999999999996,4.3347,4.3509,0.0162000000000004,aaa,aaa,1,,0,1,0,1,-70.0,-70.0,"[4.3509, 9.2119, 9.4759]","[4.3563, 9.258, 9.5161]",[],[],0.0071,0.0084,1000,1,0.5,5.0,0.0,0,0,1,1,0,1,10,1,0,0.0,0.5,LR,0.0,FD,0,0,0,1,,1.0,0.5,0.5,1.0,/dev/ttyACM-Bpod4,stage_training_v6,Emma,pv_nmdar_eranet,2AFC_6,Bpod4,11,36004,11,1.8.2,011_stage_training_v6_20250730-165942,2025-07-30,16:59:54.743678,18:00:01.029296
141,1,0.0,0,0,1,0,,1.0,,,0,2213.366813,2228.705516,15.338702999999896,2.8206,3.8301,1.0094999999999996,4.3385,5.338500000000001,1.0000000000000009,iaa,iaa,1,,0,0,1,1,70.0,-70.0,"[9.3817, 13.9975]","[9.4154, 14.0391]",[],[],0.0071,0.0084,1000,1,0.5,5.0,0.0,0,0,1,1,0,1,10,1,0,0.0,0.5,LR,0.0,FD,0,0,0,1,,1.0,0.5,0.4999999999999995,1.0,/dev/ttyACM-Bpod4,stage_training_v6,Emma,pv_nmdar_eranet,2AFC_6,Bpod4,11,36004,11,1.8.2,011_stage_training_v6_20250730-165942,2025-07-30,16:59:54.743678,18:00:01.029296
142,0,,0,0,1,0,,,,,0,2228.721913,2244.056816,15.33490299999994,2.8181000000000003,3.8276,1.0094999999999996,4.3347,5.334700000000001,1.0000000000000009,aaa,aaa,1,,0,1,0,1,-70.0,,[],[],[],[],0.0071,0.0084,1000,1,0.5,5.0,0.0,0,0,1,1,0,1,10,1,0,0.0,0.5,LR,0.0,FD,0,0,0,1,,1.0,0.5,0.5,1.0,/dev/ttyACM-Bpod4,stage_training_v6,Emma,pv_nmdar_eranet,2AFC_6,Bpod4,11,36004,11,1.8.2,011_stage_training_v6_20250730-165942,2025-07-30,16:59:54.743678,18:00:01.029296
143,1,,0,0,1,0,,,,,0,2244.069313,2259.408016,15.338702999999896,2.8206,3.8301,1.0094999999999996,4.3385,5.338500000000001,1.0000000000000009,iaa,iaa,1,,0,0,1,1,70.0,,"[8.4097, 8.603200000000001, 9.9975]","[8.4224, 8.6181, 10.1659]","[8.599, 9.3525, 9.5782, 9.5852, 9.5918, 9.7318, 9.8964, 10.0101, 10.2584, 10.2616]","[8.6243, 9.4071, 9.5847, 9.5882, 9.5952, 9.7362, 9.8982, 10.1648, 10.2593, 10.2625]",0.0071,0.0084,1000,1,0.5,5.0,0.0,0,0,1,1,0,1,10,1,0,0.0,0.5,LR,0.0,FD,0,0,0,1,,1.0,0.5,0.4999999999999995,1.0,/dev/ttyACM-Bpod4,stage_training_v6,Emma,pv_nmdar_eranet,2AFC_6,Bpod4,11,36004,11,1.8.2,011_stage_training_v6_20250730-165942,2025-07-30,16:59:54.743678,18:00:01.029296
144,0,,0,0,1,0,,,,,0,2259.426513,2274.761416,15.33490299999994,2.8181000000000003,3.8276,1.0094999999999996,4.3347,5.334700000000001,1.0000000000000009,aaa,aaa,1,,0,1,0,1,-70.0,,[],[],[],[],0.0071,0.0084,1000,1,0.5,5.0,0.0,0,0,1,1,0,1,10,1,0,0.0,0.5,LR,0.0,FD,0,0,0,1,,1.0,0.5,0.5,1.0,/dev/ttyACM-Bpod4,stage_training_v6,Emma,pv_nmdar_eranet,2AFC_6,Bpod4,11,36004,11,1.8.2,011_stage_training_v6_20250730-165942,2025-07-30,16:59:54.743678,18:00:01.029296
145,1,,0,1,0,0,0.0,,0.0,,1,2274.777013,2294.636716,19.85970300000008,2.8206,3.8301,1.0094999999999996,4.3385,4.859500000000001,0.5210000000000008,iaa,iaa,1,,0,0,1,1,70.0,,[4.859500000000001],[4.9035],[6.8367],[6.8708],0.0071,0.0084,1000,1,0.5,5.0,0.0,0,0,1,1,0,1,10,1,0,0.0,0.5,LR,0.0,FD,0,0,0,1,,1.0,0.5,0.4999999999999995,1.0,/dev/ttyACM-Bpod4,stage_training_v6,Emma,pv_nmdar_eranet,2AFC_6,Bpod4,11,36004,11,1.8.2,011_stage_training_v6_20250730-165942,2025-07-30,16:59:54.743678,18:00:01.029296
146,0,1.0,1,0,0,0,1.0,0.0,0.0,1.0,1,2294.651713,2309.444116,14.792402999999922,2.8181000000000003,3.8276,1.0094999999999996,4.3347,4.7922,0.4575000000000004,aaa,aaa,1,,0,1,0,1,-70.0,70.0,[4.7922],[4.8366],[],[],0.0071,0.0084,1000,1,0.5,5.0,0.0,0,0,1,1,0,1,10,1,0,0.0,0.5,LR,0.0,FD,0,0,0,1,,1.0,0.5,0.5,1.0,/dev/ttyACM-Bpod4,stage_training_v6,Emma,pv_nmdar_eranet,2AFC_6,Bpod4,11,36004,11,1.8.2,011_stage_training_v6_20250730-165942,2025-07-30,16:59:54.743678,18:00:01.029296
147,1,0.0,0,0,1,0,,1.0,,,0,2309.458213,2324.796916,15.338702999999896,2.8206,3.8301,1.0094999999999996,4.3385,5.338500000000001,1.0000000000000009,iaa,iaa,1,,0,0,1,1,70.0,-70.0,"[9.276, 11.3216, 11.626]","[9.291, 11.3584, 11.6469]","[12.0485, 12.4106, 12.7999, 13.0843, 13.2312, 13.3679, 13.5223, 13.799, 14.1073, 14.2787]","[12.0884, 12.4436, 12.8313, 13.1072, 13.2578, 13.3933, 13.5572, 13.835, 14.1444, 14.3184]",0.0071,0.0084,1000,1,0.5,5.0,0.0,0,0,1,1,0,1,10,1,0,0.0,0.5,LR,0.0,FD,0,0,0,1,,1.0,0.5,0.4999999999999995,1.0,/dev/ttyACM-Bpod4,stage_training_v6,Emma,pv_nmdar_eranet,2AFC_6,Bpod4,11,36004,11,1.8.2,011_stage_training_v6_20250730-165942,2025-07-30,16:59:54.743678,18:00:01.029296
148,0,,1,0,0,0,1.0,,0.0,,1,2324.809613,2339.624717,14.815104000000249,2.8181000000000003,3.8276,1.0094999999999996,4.3347,4.814900000000001,0.4802000000000008,aaa,aaa,1,,0,1,0,1,-70.0,,"[4.814900000000001, 5.0436000000000005, 5.0491]","[4.8378000000000005, 5.0478000000000005, 5.0496]",[5.0297],[5.054600000000001],0.0071,0.0084,1000,1,0.5,5.0,0.0,0,0,1,1,0,1,10,1,0,0.0,0.5,LR,0.0,FD,0,0,0,1,,1.0,0.5,0.5,1.0,/dev/ttyACM-Bpod4,stage_training_v6,Emma,pv_nmdar_eranet,2AFC_6,Bpod4,11,36004,11,1.8.2,011_stage_training_v6_20250730-165942,2025-07-30,16:59:54.743678,18:00:01.029296
149,1,0.0,1,0,0,0,1.0,1.0,1.0,0.0,1,2339.639513,2354.523917,14.884403999999904,2.8206,3.8301,1.0094999999999996,4.3385,4.8842,0.5457000000000001,iaa,iaa,1,,0,0,1,1,70.0,-70.0,[5.4726],[5.504700000000001],"[4.8842, 5.036300000000001, 5.185700000000001, 5.8554]","[4.9309, 5.097700000000001, 5.210100000000001, 5.9158]",0.0071,0.0084,1000,1,0.5,5.0,0.0,0,0,1,1,0,1,10,1,0,0.0,0.5,LR,0.0,FD,0,0,0,1,,1.0,0.5,0.4999999999999995,1.0,/dev/ttyACM-Bpod4,stage_training_v6,Emma,pv_nmdar_eranet,2AFC_6,Bpod4,11,36004,11,1.8.2,011_stage_training_v6_20250730-165942,2025-07-30,16:59:54.743678,18:00:01.029296
150,0,0.0,0,0,1,0,,1.0,,,0,2354.604813,2369.939717,15.33490400000028,2.8181000000000003,3.8276,1.0094999999999996,4.3347,5.334700000000001,1.0000000000000009,aaa,aaa,1,,0,1,0,1,-70.0,-70.0,[],[],[],[],0.0071,0.0084,1000,1,0.5,5.0,0.0,0,0,1,1,0,1,10,1,0,0.0,0.5,LR,0.0,FD,0,0,0,1,,1.0,0.5,0.5,1.0,/dev/ttyACM-Bpod4,stage_training_v6,Emma,pv_nmdar_eranet,2AFC_6,Bpod4,11,36004,11,1.8.2,011_stage_training_v6_20250730-165942,2025-07-30,16:59:54.743678,18:00:01.029296
151,1,,0,0,1,0,,,,,0,2369.954313,2385.293016,15.338702999999896,2.8206,3.8301,1.0094999999999996,4.3385,5.338500000000001,1.0000000000000009,iaa,iaa,1,,0,0,1,1,70.0,,[],[],"[5.4350000000000005, 5.5814, 5.7194]","[5.4593, 5.6154, 5.7691]",0.0071,0.0084,1000,1,0.5,5.0,0.0,0,0,1,1,0,1,10,1,0,0.0,0.5,LR,0.0,FD,0,0,0,1,,1.0,0.5,0.4999999999999995,1.0,/dev/ttyACM-Bpod4,stage_training_v6,Emma,pv_nmdar_eranet,2AFC_6,Bpod4,11,36004,11,1.8.2,011_stage_training_v6_20250730-165942,2025-07-30,16:59:54.743678,18:00:01.029296
152,0,,1,0,0,0,1.0,,0.0,,1,2385.307013,2400.560017,15.253003999999692,2.8181000000000003,3.8276,1.0094999999999996,4.3347,5.252800000000001,0.9181000000000008,aaa,aaa,1,,0,1,0,1,-70.0,,"[5.252800000000001, 5.6112, 14.4509, 14.7064]","[5.296, 5.6531, 14.4838, 14.7447]",[],[],0.0071,0.0084,1000,1,0.5,5.0,0.0,0,0,1,1,0,1,10,1,0,0.0,0.5,LR,0.0,FD,0,0,0,1,,1.0,0.5,0.5,1.0,/dev/ttyACM-Bpod4,stage_training_v6,Emma,pv_nmdar_eranet,2AFC_6,Bpod4,11,36004,11,1.8.2,011_stage_training_v6_20250730-165942,2025-07-30,16:59:54.743678,18:00:01.029296
153,1,0.0,1,0,0,0,1.0,1.0,1.0,0.0,1,2400.577213,2415.891016,15.313803000000007,2.8206,3.8301,1.0094999999999996,4.3385,5.3136,0.9751000000000004,iaa,iaa,1,,0,0,1,1,70.0,-70.0,"[8.5494, 8.7283, 9.1646]","[8.5878, 8.770800000000001, 9.2199]","[5.3136, 5.443700000000001, 6.9274, 9.6485, 9.8867]","[5.3493, 5.476, 6.9721, 9.7007, 9.9297]",0.0071,0.0084,1000,1,0.5,5.0,0.0,0,0,1,1,0,1,10,1,0,0.0,0.5,LR,0.0,FD,0,0,0,1,,1.0,0.5,0.4999999999999995,1.0,/dev/ttyACM-Bpod4,stage_training_v6,Emma,pv_nmdar_eranet,2AFC_6,Bpod4,11,36004,11,1.8.2,011_stage_training_v6_20250730-165942,2025-07-30,16:59:54.743678,18:00:01.029296
154,0,0.0,0,0,1,0,,1.0,,,0,2415.906513,2431.241416,15.33490299999994,2.8181000000000003,3.8276,1.0094999999999996,4.3347,5.334700000000001,1.0000000000000009,aaa,aaa,1,,0,1,0,1,-70.0,-70.0,"[5.5458, 5.8901, 6.0571, 6.4935, 7.333900000000001]","[5.5882000000000005, 5.936100000000001, 6.1235, 6.5423, 7.381200000000001]",[],[],0.0071,0.0084,1000,1,0.5,5.0,0.0,0,0,1,1,0,1,10,1,0,0.0,0.5,LR,0.0,FD,0,0,0,1,,1.0,0.5,0.5,1.0,/dev/ttyACM-Bpod4,stage_training_v6,Emma,pv_nmdar_eranet,2AFC_6,Bpod4,11,36004,11,1.8.2,011_stage_training_v6_20250730-165942,2025-07-30,16:59:54.743678,18:00:01.029296
155,1,,0,1,0,0,0.0,,0.0,,1,2431.257113,2451.428816,20.17170299999998,2.8206,3.8301,1.0094999999999996,4.3385,5.1715,0.8330000000000002,iaa,iaa,1,,0,0,1,1,70.0,,"[5.1715, 5.3958]","[5.2231000000000005, 5.4177]",[7.6108],[7.6638],0.0071,0.0084,1000,1,0.5,5.0,0.0,0,0,1,1,0,1,10,1,0,0.0,0.5,LR,0.0,FD,0,0,0,1,,1.0,0.5,0.4999999999999995,1.0,/dev/ttyACM-Bpod4,stage_training_v6,Emma,pv_nmdar_eranet,2AFC_6,Bpod4,11,36004,11,1.8.2,011_stage_training_v6_20250730-165942,2025-07-30,16:59:54.743678,18:00:01.029296
156,0,1.0,0,0,1,0,,0.0,,,0,2451.445813,2466.780718,15.334905000000164,2.8181000000000003,3.8276,1.0094999999999996,4.3347,5.334700000000001,1.0000000000000009,aaa,aaa,1,,0,1,0,1,-70.0,70.0,[],[],[],[],0.0071,0.0084,1000,1,0.5,5.0,0.0,0,0,1,1,0,1,10,1,0,0.0,0.5,LR,0.0,FD,0,0,0,1,,1.0,0.5,0.5,1.0,/dev/ttyACM-Bpod4,stage_training_v6,Emma,pv_nmdar_eranet,2AFC_6,Bpod4,11,36004,11,1.8.2,011_stage_training_v6_20250730-165942,2025-07-30,16:59:54.743678,18:00:01.029296
157,1,,1,0,0,0,1.0,,1.0,,1,2466.793413,2481.829616,15.036203000000114,2.8206,3.8301,1.0094999999999996,4.3385,5.0360000000000005,0.6975000000000007,iaa,iaa,1,,0,0,1,1,70.0,,[],[],"[5.0360000000000005, 5.274]","[5.0663, 5.310700000000001]",0.0071,0.0084,1000,1,0.5,5.0,0.0,0,0,1,1,0,1,10,1,0,0.0,0.5,LR,0.0,FD,0,0,0,1,,1.0,0.5,0.4999999999999995,1.0,/dev/ttyACM-Bpod4,stage_training_v6,Emma,pv_nmdar_eranet,2AFC_6,Bpod4,11,36004,11,1.8.2,011_stage_training_v6_20250730-165942,2025-07-30,16:59:54.743678,18:00:01.029296
158,0,0.0,1,0,0,0,1.0,1.0,0.0,0.0,1,2481.840713,2496.652616,14.811902999999802,2.8181000000000003,3.8276,1.0094999999999996,4.3347,4.8117,0.4770000000000003,aaa,aaa,1,,0,1,0,1,-70.0,-70.0,"[4.8117, 11.055, 11.2199, 11.3922, 11.6083]","[4.857600000000001, 11.0837, 11.2621, 11.4434, 11.6239]",[5.2914],[5.346],0.0071,0.0084,1000,1,0.5,5.0,0.0,0,0,1,1,0,1,10,1,0,0.0,0.5,LR,0.0,FD,0,0,0,1,,1.0,0.5,0.5,1.0,/dev/ttyACM-Bpod4,stage_training_v6,Emma,pv_nmdar_eranet,2AFC_6,Bpod4,11,36004,11,1.8.2,011_stage_training_v6_20250730-165942,2025-07-30,16:59:54.743678,18:00:01.029296
159,1,0.0,1,0,0,0,1.0,1.0,1.0,0.0,1,2496.666113,2511.435016,14.768902999999682,2.8206,3.8301,1.0094999999999996,4.3385,4.7687,0.4302000000000001,iaa,iaa,1,,0,0,1,1,70.0,-70.0,"[5.251, 7.8356]","[5.3213, 7.8924]","[4.7687, 4.9221]","[4.8236, 4.9567000000000005]",0.0071,0.0084,1000,1,0.5,5.0,0.0,0,0,1,1,0,1,10,1,0,0.0,0.5,LR,0.0,FD,0,0,0,1,,1.0,0.5,0.4999999999999995,1.0,/dev/ttyACM-Bpod4,stage_training_v6,Emma,pv_nmdar_eranet,2AFC_6,Bpod4,11,36004,11,1.8.2,011_stage_training_v6_20250730-165942,2025-07-30,16:59:54.743678,18:00:01.029296
160,0,0.0,0,0,1,0,,1.0,,,0,2511.452813,2526.787716,15.33490299999994,2.8181000000000003,3.8276,1.0094999999999996,4.3347,5.334700000000001,1.0000000000000009,aaa,aaa,1,,0,1,0,1,-70.0,-70.0,"[7.6951, 7.844200000000001]","[7.739400000000001, 7.9114]",[],[],0.0071,0.0084,1000,1,0.5,5.0,0.0,0,0,1,1,0,1,10,1,0,0.0,0.5,LR,0.0,FD,0,0,0,1,,1.0,0.5,0.5,1.0,/dev/ttyACM-Bpod4,stage_training_v6,Emma,pv_nmdar_eranet,2AFC_6,Bpod4,11,36004,11,1.8.2,011_stage_training_v6_20250730-165942,2025-07-30,16:59:54.743678,18:00:01.029296
161,1,,0,0,1,0,,,,,0,2526.803713,2542.142417,15.338704000000234,2.8206,3.8301,1.0094999999999996,4.3385,5.338500000000001,1.0000000000000009,iaa,iaa,1,,0,0,1,1,70.0,,[],[],[],[],0.0071,0.0084,1000,1,0.5,5.0,0.0,0,0,1,1,0,1,10,1,0,0.0,0.5,LR,0.0,FD,0,0,0,1,,1.0,0.5,0.4999999999999995,1.0,/dev/ttyACM-Bpod4,stage_training_v6,Emma,pv_nmdar_eranet,2AFC_6,Bpod4,11,36004,11,1.8.2,011_stage_training_v6_20250730-165942,2025-07-30,16:59:54.743678,18:00:01.029296
162,0,,1,0,0,0,1.0,,0.0,,1,2542.154813,2557.020016,14.865202999999838,2.8181000000000003,3.8276,1.0094999999999996,4.3347,4.865,0.5303000000000004,aaa,aaa,1,,0,1,0,1,-70.0,,"[4.865, 5.0537]","[4.9188, 5.0987]",[],[],0.0071,0.0084,1000,1,0.5,5.0,0.0,0,0,1,1,0,1,10,1,0,0.0,0.5,LR,0.0,FD,0,0,0,1,,1.0,0.5,0.5,1.0,/dev/ttyACM-Bpod4,stage_training_v6,Emma,pv_nmdar_eranet,2AFC_6,Bpod4,11,36004,11,1.8.2,011_stage_training_v6_20250730-165942,2025-07-30,16:59:54.743678,18:00:01.029296
163,1,0.0,0,0,1,0,,1.0,,,0,2557.032113,2572.370816,15.338702999999896,2.8206,3.8301,1.0094999999999996,4.3385,5.338500000000001,1.0000000000000009,iaa,iaa,1,,0,0,1,1,70.0,-70.0,[],[],"[9.5164, 14.5761, 14.8418]","[9.5209, 14.6341, 14.8882]",0.0071,0.0084,1000,1,0.5,5.0,0.0,0,0,1,1,0,1,10,1,0,0.0,0.5,LR,0.0,FD,0,0,0,1,,1.0,0.5,0.4999999999999995,1.0,/dev/ttyACM-Bpod4,stage_training_v6,Emma,pv_nmdar_eranet,2AFC_6,Bpod4,11,36004,11,1.8.2,011_stage_training_v6_20250730-165942,2025-07-30,16:59:54.743678,18:00:01.029296
164,0,,1,0,0,0,1.0,,0.0,,1,2572.386613,2587.199016,14.812402999999904,2.8181000000000003,3.8276,1.0094999999999996,4.3347,4.8122,0.4775,aaa,aaa,1,,0,1,0,1,-70.0,,[4.8122],[4.883],"[10.9703, 11.498, 11.7853]","[10.9823, 11.5031, 11.7862]",0.0071,0.0084,1000,1,0.5,5.0,0.0,0,0,1,1,0,1,10,1,0,0.0,0.5,LR,0.0,FD,0,0,0,1,,1.0,0.5,0.5,1.0,/dev/ttyACM-Bpod4,stage_training_v6,Emma,pv_nmdar_eranet,2AFC_6,Bpod4,11,36004,11,1.8.2,011_stage_training_v6_20250730-165942,2025-07-30,16:59:54.743678,18:00:01.029296
165,1,0.0,0,0,1,0,,1.0,,,0,2587.211113,2602.549816,15.33870300000035,2.8206,3.8301,1.0094999999999996,4.3385,5.338500000000001,1.0000000000000009,iaa,iaa,1,,0,0,1,1,70.0,-70.0,[],[],[],[],0.0071,0.0084,1000,1,0.5,5.0,0.0,0,0,1,1,0,1,10,1,0,0.0,0.5,LR,0.0,FD,0,0,0,1,,1.0,0.5,0.4999999999999995,1.0,/dev/ttyACM-Bpod4,stage_training_v6,Emma,pv_nmdar_eranet,2AFC_6,Bpod4,11,36004,11,1.8.2,011_stage_training_v6_20250730-165942,2025-07-30,16:59:54.743678,18:00:01.029296
166,0,,1,0,0,0,1.0,,0.0,,1,2602.563813,2617.344817,14.78100399999994,2.8181000000000003,3.8276,1.0094999999999996,4.3347,4.7808,0.4461000000000004,aaa,aaa,1,,0,1,0,1,-70.0,,[4.7808],[4.8438],[],[],0.0071,0.0084,1000,1,0.5,5.0,0.0,0,0,1,1,0,1,10,1,0,0.0,0.5,LR,0.0,FD,0,0,0,1,,1.0,0.5,0.5,1.0,/dev/ttyACM-Bpod4,stage_training_v6,Emma,pv_nmdar_eranet,2AFC_6,Bpod4,11,36004,11,1.8.2,011_stage_training_v6_20250730-165942,2025-07-30,16:59:54.743678,18:00:01.029296
167,1,0.0,0,0,1,0,,1.0,,,0,2617.355313,2632.694016,15.338702999999896,2.8206,3.8301,1.0094999999999996,4.3385,5.338500000000001,1.0000000000000009,iaa,iaa,1,,0,0,1,1,70.0,-70.0,"[7.5036, 7.7057, 7.8952, 8.6624]","[7.5521, 7.721, 7.9312, 8.726700000000001]","[6.0718000000000005, 6.3316, 6.7008, 8.291400000000001]","[6.1102, 6.3612, 6.7321, 8.351700000000001]",0.0071,0.0084,1000,1,0.5,5.0,0.0,0,0,1,1,0,1,10,1,0,0.0,0.5,LR,0.0,FD,0,0,0,1,,1.0,0.5,0.4999999999999995,1.0,/dev/ttyACM-Bpod4,stage_training_v6,Emma,pv_nmdar_eranet,2AFC_6,Bpod4,11,36004,11,1.8.2,011_stage_training_v6_20250730-165942,2025-07-30,16:59:54.743678,18:00:01.029296
168,0,,0,0,1,0,,,,,0,2632.709313,2648.044217,15.33490400000028,2.8181000000000003,3.8276,1.0094999999999996,4.3347,5.334700000000001,1.0000000000000009,aaa,aaa,1,,0,1,0,1,-70.0,,[],[],[],[],0.0071,0.0084,1000,1,0.5,5.0,0.0,0,0,1,1,0,1,10,1,0,0.0,0.5,LR,0.0,FD,0,0,0,1,,1.0,0.5,0.5,1.0,/dev/ttyACM-Bpod4,stage_training_v6,Emma,pv_nmdar_eranet,2AFC_6,Bpod4,11,36004,11,1.8.2,011_stage_training_v6_20250730-165942,2025-07-30,16:59:54.743678,18:00:01.029296
169,1,,0,0,1,0,,,,,0,2648.059113,2663.397816,15.33870300000035,2.8206,3.8301,1.0094999999999996,4.3385,5.338500000000001,1.0000000000000009,iaa,iaa,1,,0,0,1,1,70.0,,[],[],[],[],0.0071,0.0084,1000,1,0.5,5.0,0.0,0,0,1,1,0,1,10,1,0,0.0,0.5,LR,0.0,FD,0,0,0,1,,1.0,0.5,0.4999999999999995,1.0,/dev/ttyACM-Bpod4,stage_training_v6,Emma,pv_nmdar_eranet,2AFC_6,Bpod4,11,36004,11,1.8.2,011_stage_training_v6_20250730-165942,2025-07-30,16:59:54.743678,18:00:01.029296
170,0,,0,0,1,0,,,,,0,2663.411413,2678.746316,15.334903000000397,2.8181000000000003,3.8276,1.0094999999999996,4.3347,5.334700000000001,1.0000000000000009,aaa,aaa,1,,0,1,0,1,-70.0,,[],[],[],[],0.0071,0.0084,1000,1,0.5,5.0,0.0,0,0,1,1,0,1,10,1,0,0.0,0.5,LR,0.0,FD,0,0,0,1,,1.0,0.5,0.5,1.0,/dev/ttyACM-Bpod4,stage_training_v6,Emma,pv_nmdar_eranet,2AFC_6,Bpod4,11,36004,11,1.8.2,011_stage_training_v6_20250730-165942,2025-07-30,16:59:54.743678,18:00:01.029296
171,1,,0,0,1,0,,,,,0,2678.758813,2694.097516,15.338702999999896,2.8206,3.8301,1.0094999999999996,4.3385,5.338500000000001,1.0000000000000009,iaa,iaa,1,,0,0,1,1,70.0,,"[5.5293, 5.7927, 12.2256]","[5.581300000000001, 5.8333, 12.2592]",[],[],0.0071,0.0084,1000,1,0.5,5.0,0.0,0,0,1,1,0,1,10,1,0,0.0,0.5,LR,0.0,FD,0,0,0,1,,1.0,0.5,0.4999999999999995,1.0,/dev/ttyACM-Bpod4,stage_training_v6,Emma,pv_nmdar_eranet,2AFC_6,Bpod4,11,36004,11,1.8.2,011_stage_training_v6_20250730-165942,2025-07-30,16:59:54.743678,18:00:01.029296
172,0,,0,0,1,0,,,,,0,2694.111513,2709.446416,15.334903000000397,2.8181000000000003,3.8276,1.0094999999999996,4.3347,5.334700000000001,1.0000000000000009,aaa,aaa,1,,0,1,0,1,-70.0,,[14.8904],[14.9516],"[14.1116, 14.4629]","[14.1652, 14.483]",0.0071,0.0084,1000,1,0.5,5.0,0.0,0,0,1,1,0,1,10,1,0,0.0,0.5,LR,0.0,FD,0,0,0,1,,1.0,0.5,0.5,1.0,/dev/ttyACM-Bpod4,stage_training_v6,Emma,pv_nmdar_eranet,2AFC_6,Bpod4,11,36004,11,1.8.2,011_stage_training_v6_20250730-165942,2025-07-30,16:59:54.743678,18:00:01.029296
173,1,,0,0,1,0,,,,,0,2709.461213,2724.799916,15.338702999999896,2.8206,3.8301,1.0094999999999996,4.3385,5.338500000000001,1.0000000000000009,iaa,iaa,1,,0,0,1,1,70.0,,[],[],[],[],0.0071,0.0084,1000,1,0.5,5.0,0.0,0,0,1,1,0,1,10,1,0,0.0,0.5,LR,0.0,FD,0,0,0,1,,1.0,0.5,0.4999999999999995,1.0,/dev/ttyACM-Bpod4,stage_training_v6,Emma,pv_nmdar_eranet,2AFC_6,Bpod4,11,36004,11,1.8.2,011_stage_training_v6_20250730-165942,2025-07-30,16:59:54.743678,18:00:01.029296
174,0,,0,0,1,0,,,,,0,2724.816613,2740.151516,15.33490299999994,2.8181000000000003,3.8276,1.0094999999999996,4.3347,5.334700000000001,1.0000000000000009,aaa,aaa,1,,0,1,0,1,-70.0,,[],[],[],[],0.0071,0.0084,1000,1,0.5,5.0,0.0,0,0,1,1,0,1,10,1,0,0.0,0.5,LR,0.0,FD,0,0,0,1,,1.0,0.5,0.5,1.0,/dev/ttyACM-Bpod4,stage_training_v6,Emma,pv_nmdar_eranet,2AFC_6,Bpod4,11,36004,11,1.8.2,011_stage_training_v6_20250730-165942,2025-07-30,16:59:54.743678,18:00:01.029296
175,1,,0,0,1,0,,,,,0,2740.164313,2755.503016,15.338702999999896,2.8206,3.8301,1.0094999999999996,4.3385,5.338500000000001,1.0000000000000009,iaa,iaa,1,,0,0,1,1,70.0,,[],[],[],[],0.0071,0.0084,1000,1,0.5,5.0,0.0,0,0,1,1,0,1,10,1,0,0.0,0.5,LR,0.0,FD,0,0,0,1,,1.0,0.5,0.4999999999999995,1.0,/dev/ttyACM-Bpod4,stage_training_v6,Emma,pv_nmdar_eranet,2AFC_6,Bpod4,11,36004,11,1.8.2,011_stage_training_v6_20250730-165942,2025-07-30,16:59:54.743678,18:00:01.029296
176,0,,0,0,1,0,,,,,0,2755.515013,2770.849916,15.33490299999994,2.8181000000000003,3.8276,1.0094999999999996,4.3347,5.334700000000001,1.0000000000000009,aaa,aaa,1,,0,1,0,1,-70.0,,"[11.0731, 11.3614, 11.5339]","[11.1047, 11.4025, 11.5639]",[],[],0.0071,0.0084,1000,1,0.5,5.0,0.0,0,0,1,1,0,1,10,1,0,0.0,0.5,LR,0.0,FD,0,0,0,1,,1.0,0.5,0.5,1.0,/dev/ttyACM-Bpod4,stage_training_v6,Emma,pv_nmdar_eranet,2AFC_6,Bpod4,11,36004,11,1.8.2,011_stage_training_v6_20250730-165942,2025-07-30,16:59:54.743678,18:00:01.029296
177,1,,0,0,1,0,,,,,0,2770.861813,2786.200516,15.338702999999896,2.8206,3.8301,1.0094999999999996,4.3385,5.338500000000001,1.0000000000000009,iaa,iaa,1,,0,0,1,1,70.0,,[],[],[],[],0.0071,0.0084,1000,1,0.5,5.0,0.0,0,0,1,1,0,1,10,1,0,0.0,0.5,LR,0.0,FD,0,0,0,1,,1.0,0.5,0.4999999999999995,1.0,/dev/ttyACM-Bpod4,stage_training_v6,Emma,pv_nmdar_eranet,2AFC_6,Bpod4,11,36004,11,1.8.2,011_stage_training_v6_20250730-165942,2025-07-30,16:59:54.743678,18:00:01.029296
178,0,,0,0,1,0,,,,,0,2786.217413,2801.552317,15.33490400000028,2.8181000000000003,3.8276,1.0094999999999996,4.3347,5.334700000000001,1.0000000000000009,aaa,aaa,1,,0,1,0,1,-70.0,,[],[],[],[],0.0071,0.0084,1000,1,0.5,5.0,0.0,0,0,1,1,0,1,10,1,0,0.0,0.5,LR,0.0,FD,0,0,0,1,,1.0,0.5,0.5,1.0,/dev/ttyACM-Bpod4,stage_training_v6,Emma,pv_nmdar_eranet,2AFC_6,Bpod4,11,36004,11,1.8.2,011_stage_training_v6_20250730-165942,2025-07-30,16:59:54.743678,18:00:01.029296
179,1,,0,0,1,0,,,,,0,2801.566113,2816.904816,15.33870300000035,2.8206,3.8301,1.0094999999999996,4.3385,5.338500000000001,1.0000000000000009,iaa,iaa,1,,0,0,1,1,70.0,,[],[],[],[],0.0071,0.0084,1000,1,0.5,5.0,0.0,0,0,1,1,0,1,10,1,0,0.0,0.5,LR,0.0,FD,0,0,0,1,,1.0,0.5,0.4999999999999995,1.0,/dev/ttyACM-Bpod4,stage_training_v6,Emma,pv_nmdar_eranet,2AFC_6,Bpod4,11,36004,11,1.8.2,011_stage_training_v6_20250730-165942,2025-07-30,16:59:54.743678,18:00:01.029296
180,0,,0,0,1,0,,,,,0,2816.917913,2832.252817,15.334903999999824,2.8181000000000003,3.8276,1.0094999999999996,4.3347,5.334700000000001,1.0000000000000009,aaa,aaa,1,,0,1,0,1,-70.0,,[],[],[],[],0.0071,0.0084,1000,1,0.5,5.0,0.0,0,0,1,1,0,1,10,1,0,0.0,0.5,LR,0.0,FD,0,0,0,1,,1.0,0.5,0.5,1.0,/dev/ttyACM-Bpod4,stage_training_v6,Emma,pv_nmdar_eranet,2AFC_6,Bpod4,11,36004,11,1.8.2,011_stage_training_v6_20250730-165942,2025-07-30,16:59:54.743678,18:00:01.029296
181,1,,0,1,0,0,0.0,,0.0,,1,2832.268913,2852.077316,19.808403,2.8206,3.8301,1.0094999999999996,4.3385,4.8082,0.4697000000000004,iaa,iaa,1,,0,0,1,1,70.0,,[4.8082],[4.8695],"[14.1231, 14.2529, 14.362, 16.794900000000002, 16.8775, 16.8934, 16.916800000000002]","[14.1636, 14.2641, 14.401000000000002, 16.8048, 16.892500000000002, 16.907600000000002, 16.9389]",0.0071,0.0084,1000,1,0.5,5.0,0.0,0,0,1,1,0,1,10,1,0,0.0,0.5,LR,0.0,FD,0,0,0,1,,1.0,0.5,0.4999999999999995,1.0,/dev/ttyACM-Bpod4,stage_training_v6,Emma,pv_nmdar_eranet,2AFC_6,Bpod4,11,36004,11,1.8.2,011_stage_training_v6_20250730-165942,2025-07-30,16:59:54.743678,18:00:01.029296
182,0,1.0,1,0,0,0,1.0,0.0,0.0,1.0,1,2852.091113,2866.442117,14.351004000000104,2.8181000000000003,3.8276,1.0094999999999996,4.3347,4.3508,0.0161000000000006,aaa,aaa,1,,0,1,0,1,-70.0,70.0,[4.3508],[4.3562],[],[],0.0071,0.0084,1000,1,0.5,5.0,0.0,0,0,1,1,0,1,10,1,0,0.0,0.5,LR,0.0,FD,0,0,0,1,,1.0,0.5,0.5,1.0,/dev/ttyACM-Bpod4,stage_training_v6,Emma,pv_nmdar_eranet,2AFC_6,Bpod4,11,36004,11,1.8.2,011_stage_training_v6_20250730-165942,2025-07-30,16:59:54.743678,18:00:01.029296
183,1,0.0,0,0,1,0,,1.0,,,0,2866.453013,2881.791717,15.338704000000234,2.8206,3.8301,1.0094999999999996,4.3385,5.338500000000001,1.0000000000000009,iaa,iaa,1,,0,0,1,1,70.0,-70.0,[13.7384],[13.7637],[13.2828],[13.3332],0.0071,0.0084,1000,1,0.5,5.0,0.0,0,0,1,1,0,1,10,1,0,0.0,0.5,LR,0.0,FD,0,0,0,1,,1.0,0.5,0.4999999999999995,1.0,/dev/ttyACM-Bpod4,stage_training_v6,Emma,pv_nmdar_eranet,2AFC_6,Bpod4,11,36004,11,1.8.2,011_stage_training_v6_20250730-165942,2025-07-30,16:59:54.743678,18:00:01.029296
184,0,,1,0,0,0,1.0,,0.0,,1,2881.806413,2896.158316,14.35190300000022,2.8181000000000003,3.8276,1.0094999999999996,4.3347,4.3517,0.0170000000000003,aaa,aaa,1,,0,1,0,1,-70.0,,[4.3517],[4.3547],[],[],0.0071,0.0084,1000,1,0.5,5.0,0.0,0,0,1,1,0,1,10,1,0,0.0,0.5,LR,0.0,FD,0,0,0,1,,1.0,0.5,0.5,1.0,/dev/ttyACM-Bpod4,stage_training_v6,Emma,pv_nmdar_eranet,2AFC_6,Bpod4,11,36004,11,1.8.2,011_stage_training_v6_20250730-165942,2025-07-30,16:59:54.743678,18:00:01.029296
185,1,0.0,0,1,0,0,0.0,1.0,0.0,1.0,1,2896.168313,2916.039817,19.87150399999973,2.8206,3.8301,1.0094999999999996,4.3385,4.871300000000001,0.5328000000000008,iaa,iaa,1,,0,0,1,1,70.0,-70.0,[4.871300000000001],[4.9444],[7.699000000000001],[7.722600000000001],0.0071,0.0084,1000,1,0.5,5.0,0.0,0,0,1,1,0,1,10,1,0,0.0,0.5,LR,0.0,FD,0,0,0,1,,1.0,0.5,0.4999999999999995,1.0,/dev/ttyACM-Bpod4,stage_training_v6,Emma,pv_nmdar_eranet,2AFC_6,Bpod4,11,36004,11,1.8.2,011_stage_training_v6_20250730-165942,2025-07-30,16:59:54.743678,18:00:01.029296
186,0,1.0,0,0,1,0,,0.0,,,0,2916.051313,2931.386216,15.33490299999994,2.8181000000000003,3.8276,1.0094999999999996,4.3347,5.334700000000001,1.0000000000000009,aaa,aaa,1,,0,1,0,1,-70.0,70.0,"[7.6951, 13.3954, 13.7154, 14.3965]","[7.7523, 13.4379, 13.7594, 14.444]",[],[],0.0071,0.0084,1000,1,0.5,5.0,0.0,0,0,1,1,0,1,10,1,0,0.0,0.5,LR,0.0,FD,0,0,0,1,,1.0,0.5,0.5,1.0,/dev/ttyACM-Bpod4,stage_training_v6,Emma,pv_nmdar_eranet,2AFC_6,Bpod4,11,36004,11,1.8.2,011_stage_training_v6_20250730-165942,2025-07-30,16:59:54.743678,18:00:01.029296
187,1,,0,0,1,0,,,,,0,2931.399513,2946.738216,15.33870300000035,2.8206,3.8301,1.0094999999999996,4.3385,5.338500000000001,1.0000000000000009,iaa,iaa,1,,0,0,1,1,70.0,,[],[],[],[],0.0071,0.0084,1000,1,0.5,5.0,0.0,0,0,1,1,0,1,10,1,0,0.0,0.5,LR,0.0,FD,0,0,0,1,,1.0,0.5,0.4999999999999995,1.0,/dev/ttyACM-Bpod4,stage_training_v6,Emma,pv_nmdar_eranet,2AFC_6,Bpod4,11,36004,11,1.8.2,011_stage_training_v6_20250730-165942,2025-07-30,16:59:54.743678,18:00:01.029296
188,0,,0,0,1,0,,,,,0,2946.752313,2962.087216,15.33490299999994,2.8181000000000003,3.8276,1.0094999999999996,4.3347,5.334700000000001,1.0000000000000009,aaa,aaa,1,,0,1,0,1,-70.0,,[],[],[],[],0.0071,0.0084,1000,1,0.5,5.0,0.0,0,0,1,1,0,1,10,1,0,0.0,0.5,LR,0.0,FD,0,0,0,1,,1.0,0.5,0.5,1.0,/dev/ttyACM-Bpod4,stage_training_v6,Emma,pv_nmdar_eranet,2AFC_6,Bpod4,11,36004,11,1.8.2,011_stage_training_v6_20250730-165942,2025-07-30,16:59:54.743678,18:00:01.029296
189,1,,0,0,1,0,,,,,0,2962.099113,2977.437817,15.33870399999978,2.8206,3.8301,1.0094999999999996,4.3385,5.338500000000001,1.0000000000000009,iaa,iaa,1,,0,0,1,1,70.0,,"[11.7153, 11.8875]","[11.7611, 11.9234]",[],[],0.0071,0.0084,1000,1,0.5,5.0,0.0,0,0,1,1,0,1,10,1,0,0.0,0.5,LR,0.0,FD,0,0,0,1,,1.0,0.5,0.4999999999999995,1.0,/dev/ttyACM-Bpod4,stage_training_v6,Emma,pv_nmdar_eranet,2AFC_6,Bpod4,11,36004,11,1.8.2,011_stage_training_v6_20250730-165942,2025-07-30,16:59:54.743678,18:00:01.029296
190,0,,0,0,1,0,,,,,0,2977.452613,2992.787516,15.33490299999994,2.8181000000000003,3.8276,1.0094999999999996,4.3347,5.334700000000001,1.0000000000000009,aaa,aaa,1,,0,1,0,1,-70.0,,[],[],"[6.3933, 9.2998]","[6.4488, 9.3298]",0.0071,0.0084,1000,1,0.5,5.0,0.0,0,0,1,1,0,1,10,1,0,0.0,0.5,LR,0.0,FD,0,0,0,1,,1.0,0.5,0.5,1.0,/dev/ttyACM-Bpod4,stage_training_v6,Emma,pv_nmdar_eranet,2AFC_6,Bpod4,11,36004,11,1.8.2,011_stage_training_v6_20250730-165942,2025-07-30,16:59:54.743678,18:00:01.029296
191,1,,0,0,1,0,,,,,0,2992.799913,3008.138617,15.338704000000234,2.8206,3.8301,1.0094999999999996,4.3385,5.338500000000001,1.0000000000000009,iaa,iaa,1,,0,0,1,1,70.0,,[],[],[],[],0.0071,0.0084,1000,1,0.5,5.0,0.0,0,0,1,1,0,1,10,1,0,0.0,0.5,LR,0.0,FD,0,0,0,1,,1.0,0.5,0.4999999999999995,1.0,/dev/ttyACM-Bpod4,stage_training_v6,Emma,pv_nmdar_eranet,2AFC_6,Bpod4,11,36004,11,1.8.2,011_stage_training_v6_20250730-165942,2025-07-30,16:59:54.743678,18:00:01.029296
192,0,,1,0,0,0,1.0,,0.0,,1,3008.153913,3023.080116,14.926202999999989,2.8181000000000003,3.8276,1.0094999999999996,4.3347,4.926,0.5913000000000004,aaa,aaa,1,,0,1,0,1,-70.0,,[4.926],[4.982200000000001],[],[],0.0071,0.0084,1000,1,0.5,5.0,0.0,0,0,1,1,0,1,10,1,0,0.0,0.5,LR,0.0,FD,0,0,0,1,,1.0,0.5,0.5,1.0,/dev/ttyACM-Bpod4,stage_training_v6,Emma,pv_nmdar_eranet,2AFC_6,Bpod4,11,36004,11,1.8.2,011_stage_training_v6_20250730-165942,2025-07-30,16:59:54.743678,18:00:01.029296
193,1,0.0,0,0,1,0,,1.0,,,0,3023.094913,3038.433616,15.338702999999896,2.8206,3.8301,1.0094999999999996,4.3385,5.338500000000001,1.0000000000000009,iaa,iaa,1,,0,0,1,1,70.0,-70.0,[13.7258],[13.7839],[13.0456],[13.0848],0.0071,0.0084,1000,1,0.5,5.0,0.0,0,0,1,1,0,1,10,1,0,0.0,0.5,LR,0.0,FD,0,0,0,1,,1.0,0.5,0.4999999999999995,1.0,/dev/ttyACM-Bpod4,stage_training_v6,Emma,pv_nmdar_eranet,2AFC_6,Bpod4,11,36004,11,1.8.2,011_stage_training_v6_20250730-165942,2025-07-30,16:59:54.743678,18:00:01.029296
194,0,,0,0,1,0,,,,,0,3038.446313,3053.781216,15.33490299999994,2.8181000000000003,3.8276,1.0094999999999996,4.3347,5.334700000000001,1.0000000000000009,aaa,aaa,1,,0,1,0,1,-70.0,,"[12.7592, 13.0868]","[12.8184, 13.1417]",[12.3464],[12.3579],0.0071,0.0084,1000,1,0.5,5.0,0.0,0,0,1,1,0,1,10,1,0,0.0,0.5,LR,0.0,FD,0,0,0,1,,1.0,0.5,0.5,1.0,/dev/ttyACM-Bpod4,stage_training_v6,Emma,pv_nmdar_eranet,2AFC_6,Bpod4,11,36004,11,1.8.2,011_stage_training_v6_20250730-165942,2025-07-30,16:59:54.743678,18:00:01.029296
195,1,,0,0,1,0,,,,,0,3053.795113,3069.133816,15.338702999999896,2.8206,3.8301,1.0094999999999996,4.3385,5.338500000000001,1.0000000000000009,iaa,iaa,1,,0,0,1,1,70.0,,[],[],[],[],0.0071,0.0084,1000,1,0.5,5.0,0.0,0,0,1,1,0,1,10,1,0,0.0,0.5,LR,0.0,FD,0,0,0,1,,1.0,0.5,0.4999999999999995,1.0,/dev/ttyACM-Bpod4,stage_training_v6,Emma,pv_nmdar_eranet,2AFC_6,Bpod4,11,36004,11,1.8.2,011_stage_training_v6_20250730-165942,2025-07-30,16:59:54.743678,18:00:01.029296
196,0,,0,0,1,0,,,,,0,3069.147913,3084.482816,15.334903000000397,2.8181000000000003,3.8276,1.0094999999999996,4.3347,5.334700000000001,1.0000000000000009,aaa,aaa,1,,0,1,0,1,-70.0,,[],[],[],[],0.0071,0.0084,1000,1,0.5,5.0,0.0,0,0,1,1,0,1,10,1,0,0.0,0.5,LR,0.0,FD,0,0,0,1,,1.0,0.5,0.5,1.0,/dev/ttyACM-Bpod4,stage_training_v6,Emma,pv_nmdar_eranet,2AFC_6,Bpod4,11,36004,11,1.8.2,011_stage_training_v6_20250730-165942,2025-07-30,16:59:54.743678,18:00:01.029296
197,1,,1,0,0,0,1.0,,1.0,,1,3084.497513,3099.420517,14.92300400000022,2.8206,3.8301,1.0094999999999996,4.3385,4.9228000000000005,0.5843000000000007,iaa,iaa,1,,0,0,1,1,70.0,,[],[],"[4.9228000000000005, 5.1468, 12.3447]","[4.9547, 5.1896, 12.352]",0.0071,0.0084,1000,1,0.5,5.0,0.0,0,0,1,1,0,1,10,1,0,0.0,0.5,LR,0.0,FD,0,0,0,1,,1.0,0.5,0.4999999999999995,1.0,/dev/ttyACM-Bpod4,stage_training_v6,Emma,pv_nmdar_eranet,2AFC_6,Bpod4,11,36004,11,1.8.2,011_stage_training_v6_20250730-165942,2025-07-30,16:59:54.743678,18:00:01.029296
198,0,0.0,0,1,0,0,0.0,1.0,1.0,1.0,1,3099.435713,3119.221916,19.78620300000012,2.8181000000000003,3.8276,1.0094999999999996,4.3347,4.7860000000000005,0.4513000000000007,aaa,aaa,1,,0,1,0,1,-70.0,-70.0,[],[],[4.7860000000000005],[4.8406],0.0071,0.0084,1000,1,0.5,5.0,0.0,0,0,1,1,0,1,10,1,0,0.0,0.5,LR,0.0,FD,0,0,0,1,,1.0,0.5,0.5,1.0,/dev/ttyACM-Bpod4,stage_training_v6,Emma,pv_nmdar_eranet,2AFC_6,Bpod4,11,36004,11,1.8.2,011_stage_training_v6_20250730-165942,2025-07-30,16:59:54.743678,18:00:01.029296
199,1,1.0,1,0,0,0,1.0,0.0,1.0,1.0,1,3119.234913,3134.052816,14.817903000000117,2.8206,3.8301,1.0094999999999996,4.3385,4.8177,0.4792000000000005,iaa,iaa,1,,0,0,1,1,70.0,70.0,[],[],"[4.8177, 5.0568]","[4.8432, 5.0993]",0.0071,0.0084,1000,1,0.5,5.0,0.0,0,0,1,1,0,1,10,1,0,0.0,0.5,LR,0.0,FD,0,0,0,1,,1.0,0.5,0.4999999999999995,1.0,/dev/ttyACM-Bpod4,stage_training_v6,Emma,pv_nmdar_eranet,2AFC_6,Bpod4,11,36004,11,1.8.2,011_stage_training_v6_20250730-165942,2025-07-30,16:59:54.743678,18:00:01.029296
200,0,0.0,0,0,1,0,,1.0,,,0,3134.073013,3149.407916,15.33490299999994,2.8181000000000003,3.8276,1.0094999999999996,4.3347,5.334700000000001,1.0000000000000009,aaa,aaa,1,,0,1,0,1,-70.0,-70.0,[],[],[],[],0.0071,0.0084,1000,1,0.5,5.0,0.0,0,0,1,1,0,1,10,1,0,0.0,0.5,LR,0.0,FD,0,0,0,1,,1.0,0.5,0.5,1.0,/dev/ttyACM-Bpod4,stage_training_v6,Emma,pv_nmdar_eranet,2AFC_6,Bpod4,11,36004,11,1.8.2,011_stage_training_v6_20250730-165942,2025-07-30,16:59:54.743678,18:00:01.029296
201,1,,1,0,0,0,1.0,,1.0,,1,3149.424013,3164.218816,14.794803000000227,2.8206,3.8301,1.0094999999999996,4.3385,4.7946,0.4561000000000001,iaa,iaa,1,,0,0,1,1,70.0,,[5.994800000000001],[6.0498],"[4.7946, 4.9346000000000005, 5.082, 5.6055]","[4.8127, 4.9758, 5.0933, 5.6417]",0.0071,0.0084,1000,1,0.5,5.0,0.0,0,0,1,1,0,1,10,1,0,0.0,0.5,LR,0.0,FD,0,0,0,1,,1.0,0.5,0.4999999999999995,1.0,/dev/ttyACM-Bpod4,stage_training_v6,Emma,pv_nmdar_eranet,2AFC_6,Bpod4,11,36004,11,1.8.2,011_stage_training_v6_20250730-165942,2025-07-30,16:59:54.743678,18:00:01.029296
202,0,0.0,0,0,1,0,,1.0,,,0,3164.233413,3179.568316,15.33490299999994,2.8181000000000003,3.8276,1.0094999999999996,4.3347,5.334700000000001,1.0000000000000009,aaa,aaa,1,,0,1,0,1,-70.0,-70.0,[],[],"[5.3663, 5.6484000000000005]","[5.399100000000001, 5.6684]",0.0071,0.0084,1000,1,0.5,5.0,0.0,0,0,1,1,0,1,10,1,0,0.0,0.5,LR,0.0,FD,0,0,0,1,,1.0,0.5,0.5,1.0,/dev/ttyACM-Bpod4,stage_training_v6,Emma,pv_nmdar_eranet,2AFC_6,Bpod4,11,36004,11,1.8.2,011_stage_training_v6_20250730-165942,2025-07-30,16:59:54.743678,18:00:01.029296
203,1,,0,0,1,0,,,,,0,3179.579713,3194.918416,15.338702999999896,2.8206,3.8301,1.0094999999999996,4.3385,5.338500000000001,1.0000000000000009,iaa,iaa,1,,0,0,1,1,70.0,,[],[],[5.524100000000001],[5.5623000000000005],0.0071,0.0084,1000,1,0.5,5.0,0.0,0,0,1,1,0,1,10,1,0,0.0,0.5,LR,0.0,FD,0,0,0,1,,1.0,0.5,0.4999999999999995,1.0,/dev/ttyACM-Bpod4,stage_training_v6,Emma,pv_nmdar_eranet,2AFC_6,Bpod4,11,36004,11,1.8.2,011_stage_training_v6_20250730-165942,2025-07-30,16:59:54.743678,18:00:01.029296
204,0,,1,0,0,0,1.0,,0.0,,1,3195.025913,3210.117817,15.091903999999886,2.8181000000000003,3.8276,1.0094999999999996,4.3347,5.0917,0.7570000000000006,aaa,aaa,1,,0,1,0,1,-70.0,,"[5.0917, 9.5356]","[5.1403, 9.5748]",[],[],0.0071,0.0084,1000,1,0.5,5.0,0.0,0,0,1,1,0,1,10,1,0,0.0,0.5,LR,0.0,FD,0,0,0,1,,1.0,0.5,0.5,1.0,/dev/ttyACM-Bpod4,stage_training_v6,Emma,pv_nmdar_eranet,2AFC_6,Bpod4,11,36004,11,1.8.2,011_stage_training_v6_20250730-165942,2025-07-30,16:59:54.743678,18:00:01.029296
205,1,0.0,0,0,1,0,,1.0,,,0,3210.130213,3225.468916,15.338702999999896,2.8206,3.8301,1.0094999999999996,4.3385,5.338500000000001,1.0000000000000009,iaa,iaa,1,,0,0,1,1,70.0,-70.0,[],[],[],[],0.0071,0.0084,1000,1,0.5,5.0,0.0,0,0,1,1,0,1,10,1,0,0.0,0.5,LR,0.0,FD,0,0,0,1,,1.0,0.5,0.4999999999999995,1.0,/dev/ttyACM-Bpod4,stage_training_v6,Emma,pv_nmdar_eranet,2AFC_6,Bpod4,11,36004,11,1.8.2,011_stage_training_v6_20250730-165942,2025-07-30,16:59:54.743678,18:00:01.029296
206,0,,0,0,1,0,,,,,0,3225.486713,3240.821616,15.334903000000397,2.8181000000000003,3.8276,1.0094999999999996,4.3347,5.334700000000001,1.0000000000000009,aaa,aaa,1,,0,1,0,1,-70.0,,[6.705100000000001],[6.7694],"[6.08, 6.3444]","[6.140000000000001, 6.3822]",0.0071,0.0084,1000,1,0.5,5.0,0.0,0,0,1,1,0,1,10,1,0,0.0,0.5,LR,0.0,FD,0,0,0,1,,1.0,0.5,0.5,1.0,/dev/ttyACM-Bpod4,stage_training_v6,Emma,pv_nmdar_eranet,2AFC_6,Bpod4,11,36004,11,1.8.2,011_stage_training_v6_20250730-165942,2025-07-30,16:59:54.743678,18:00:01.029296
207,1,,0,0,1,0,,,,,0,3240.832613,3256.171316,15.338702999999896,2.8206,3.8301,1.0094999999999996,4.3385,5.338500000000001,1.0000000000000009,iaa,iaa,1,,0,0,1,1,70.0,,[],[],[],[],0.0071,0.0084,1000,1,0.5,5.0,0.0,0,0,1,1,0,1,10,1,0,0.0,0.5,LR,0.0,FD,0,0,0,1,,1.0,0.5,0.4999999999999995,1.0,/dev/ttyACM-Bpod4,stage_training_v6,Emma,pv_nmdar_eranet,2AFC_6,Bpod4,11,36004,11,1.8.2,011_stage_training_v6_20250730-165942,2025-07-30,16:59:54.743678,18:00:01.029296
208,0,,1,0,0,0,1.0,,0.0,,1,3256.185813,3271.009516,14.823703000000023,2.8181000000000003,3.8276,1.0094999999999996,4.3347,4.8235,0.4888000000000003,aaa,aaa,1,,0,1,0,1,-70.0,,"[4.8235, 5.1812000000000005, 11.3938]","[4.8643, 5.2184, 11.4246]",[],[],0.0071,0.0084,1000,1,0.5,5.0,0.0,0,0,1,1,0,1,10,1,0,0.0,0.5,LR,0.0,FD,0,0,0,1,,1.0,0.5,0.5,1.0,/dev/ttyACM-Bpod4,stage_training_v6,Emma,pv_nmdar_eranet,2AFC_6,Bpod4,11,36004,11,1.8.2,011_stage_training_v6_20250730-165942,2025-07-30,16:59:54.743678,18:00:01.029296
209,1,0.0,0,0,1,0,,1.0,,,0,3271.022213,3286.360916,15.338702999999896,2.8206,3.8301,1.0094999999999996,4.3385,5.338500000000001,1.0000000000000009,iaa,iaa,1,,0,0,1,1,70.0,-70.0,"[8.5565, 8.735100000000001, 8.9099, 9.9503, 10.1344, 10.7342]","[8.5969, 8.754100000000001, 8.9415, 10.0135, 10.1901, 10.7926]",[7.9377],[7.976100000000001],0.0071,0.0084,1000,1,0.5,5.0,0.0,0,0,1,1,0,1,10,1,0,0.0,0.5,LR,0.0,FD,0,0,0,1,,1.0,0.5,0.4999999999999995,1.0,/dev/ttyACM-Bpod4,stage_training_v6,Emma,pv_nmdar_eranet,2AFC_6,Bpod4,11,36004,11,1.8.2,011_stage_training_v6_20250730-165942,2025-07-30,16:59:54.743678,18:00:01.029296
210,0,,1,0,0,0,1.0,,0.0,,1,3286.373013,3301.187616,14.81460300000026,2.8181000000000003,3.8276,1.0094999999999996,4.3347,4.8144,0.4797000000000002,aaa,aaa,1,,0,1,0,1,-70.0,,[4.8144],[4.8348],[],[],0.0071,0.0084,1000,1,0.5,5.0,0.0,0,0,1,1,0,1,10,1,0,0.0,0.5,LR,0.0,FD,0,0,0,1,,1.0,0.5,0.5,1.0,/dev/ttyACM-Bpod4,stage_training_v6,Emma,pv_nmdar_eranet,2AFC_6,Bpod4,11,36004,11,1.8.2,011_stage_training_v6_20250730-165942,2025-07-30,16:59:54.743678,18:00:01.029296
211,1,0.0,0,0,1,0,,1.0,,,0,3301.201113,3316.539816,15.338702999999896,2.8206,3.8301,1.0094999999999996,4.3385,5.338500000000001,1.0000000000000009,iaa,iaa,1,,0,0,1,1,70.0,-70.0,[],[],"[10.8661, 11.5042]","[10.8829, 11.5634]",0.0071,0.0084,1000,1,0.5,5.0,0.0,0,0,1,1,0,1,10,1,0,0.0,0.5,LR,0.0,FD,0,0,0,1,,1.0,0.5,0.4999999999999995,1.0,/dev/ttyACM-Bpod4,stage_training_v6,Emma,pv_nmdar_eranet,2AFC_6,Bpod4,11,36004,11,1.8.2,011_stage_training_v6_20250730-165942,2025-07-30,16:59:54.743678,18:00:01.029296
212,0,,1,0,0,0,1.0,,0.0,,1,3316.550713,3331.359916,14.809202999999798,2.8181000000000003,3.8276,1.0094999999999996,4.3347,4.809,0.4743000000000004,aaa,aaa,1,,0,1,0,1,-70.0,,"[4.809, 4.9933000000000005]","[4.861000000000001, 5.006]",[],[],0.0071,0.0084,1000,1,0.5,5.0,0.0,0,0,1,1,0,1,10,1,0,0.0,0.5,LR,0.0,FD,0,0,0,1,,1.0,0.5,0.5,1.0,/dev/ttyACM-Bpod4,stage_training_v6,Emma,pv_nmdar_eranet,2AFC_6,Bpod4,11,36004,11,1.8.2,011_stage_training_v6_20250730-165942,2025-07-30,16:59:54.743678,18:00:01.029296
213,1,0.0,0,0,1,0,,1.0,,,0,3331.374013,3346.712716,15.338702999999896,2.8206,3.8301,1.0094999999999996,4.3385,5.338500000000001,1.0000000000000009,iaa,iaa,1,,0,0,1,1,70.0,-70.0,"[8.555, 9.4669, 10.015, 11.3622]","[8.575700000000001, 9.5658, 10.3388, 11.4246]","[9.3892, 9.4736, 10.1032, 10.1393]","[9.3921, 9.5344, 10.1252, 10.2236]",0.0071,0.0084,1000,1,0.5,5.0,0.0,0,0,1,1,0,1,10,1,0,0.0,0.5,LR,0.0,FD,0,0,0,1,,1.0,0.5,0.4999999999999995,1.0,/dev/ttyACM-Bpod4,stage_training_v6,Emma,pv_nmdar_eranet,2AFC_6,Bpod4,11,36004,11,1.8.2,011_stage_training_v6_20250730-165942,2025-07-30,16:59:54.743678,18:00:01.029296
214,0,,0,0,1,0,,,,,0,3346.724713,3362.059616,15.33490299999994,2.8181000000000003,3.8276,1.0094999999999996,4.3347,5.334700000000001,1.0000000000000009,aaa,aaa,1,,0,1,0,1,-70.0,,[5.539000000000001],[5.5926],[],[],0.0071,0.0084,1000,1,0.5,5.0,0.0,0,0,1,1,0,1,10,1,0,0.0,0.5,LR,0.0,FD,0,0,0,1,,1.0,0.5,0.5,1.0,/dev/ttyACM-Bpod4,stage_training_v6,Emma,pv_nmdar_eranet,2AFC_6,Bpod4,11,36004,11,1.8.2,011_stage_training_v6_20250730-165942,2025-07-30,16:59:54.743678,18:00:01.029296
215,1,,0,0,1,0,,,,,0,3362.072813,3377.411517,15.33870399999978,2.8206,3.8301,1.0094999999999996,4.3385,5.338500000000001,1.0000000000000009,iaa,iaa,1,,0,0,1,1,70.0,,[7.0403],[7.1119],[],[],0.0071,0.0084,1000,1,0.5,5.0,0.0,0,0,1,1,0,1,10,1,0,0.0,0.5,LR,0.0,FD,0,0,0,1,,1.0,0.5,0.4999999999999995,1.0,/dev/ttyACM-Bpod4,stage_training_v6,Emma,pv_nmdar_eranet,2AFC_6,Bpod4,11,36004,11,1.8.2,011_stage_training_v6_20250730-165942,2025-07-30,16:59:54.743678,18:00:01.029296
216,0,,0,0,1,0,,,,,0,3377.421513,3392.756416,15.334903000000397,2.8181000000000003,3.8276,1.0094999999999996,4.3347,5.334700000000001,1.0000000000000009,aaa,aaa,1,,0,1,0,1,-70.0,,[],[],[],[],0.0071,0.0084,1000,1,0.5,5.0,0.0,0,0,1,1,0,1,10,1,0,0.0,0.5,LR,0.0,FD,0,0,0,1,,1.0,0.5,0.5,1.0,/dev/ttyACM-Bpod4,stage_training_v6,Emma,pv_nmdar_eranet,2AFC_6,Bpod4,11,36004,11,1.8.2,011_stage_training_v6_20250730-165942,2025-07-30,16:59:54.743678,18:00:01.029296
217,1,,0,0,1,0,,,,,0,3392.766113,3408.104816,15.338702999999896,2.8206,3.8301,1.0094999999999996,4.3385,5.338500000000001,1.0000000000000009,iaa,iaa,1,,0,0,1,1,70.0,,[],[],[],[],0.0071,0.0084,1000,1,0.5,5.0,0.0,0,0,1,1,0,1,10,1,0,0.0,0.5,LR,0.0,FD,0,0,0,1,,1.0,0.5,0.4999999999999995,1.0,/dev/ttyACM-Bpod4,stage_training_v6,Emma,pv_nmdar_eranet,2AFC_6,Bpod4,11,36004,11,1.8.2,011_stage_training_v6_20250730-165942,2025-07-30,16:59:54.743678,18:00:01.029296
218,0,,0,0,1,0,,,,,0,3408.119113,3423.454016,15.33490299999994,2.8181000000000003,3.8276,1.0094999999999996,4.3347,5.334700000000001,1.0000000000000009,aaa,aaa,1,,0,1,0,1,-70.0,,[],[],[],[],0.0071,0.0084,1000,1,0.5,5.0,0.0,0,0,1,1,0,1,10,1,0,0.0,0.5,LR,0.0,FD,0,0,0,1,,1.0,0.5,0.5,1.0,/dev/ttyACM-Bpod4,stage_training_v6,Emma,pv_nmdar_eranet,2AFC_6,Bpod4,11,36004,11,1.8.2,011_stage_training_v6_20250730-165942,2025-07-30,16:59:54.743678,18:00:01.029296
219,1,,0,0,1,0,,,,,0,3423.463913,3438.802616,15.338702999999896,2.8206,3.8301,1.0094999999999996,4.3385,5.338500000000001,1.0000000000000009,iaa,iaa,1,,0,0,1,1,70.0,,[13.1776],[13.2539],[],[],0.0071,0.0084,1000,1,0.5,5.0,0.0,0,0,1,1,0,1,10,1,0,0.0,0.5,LR,0.0,FD,0,0,0,1,,1.0,0.5,0.4999999999999995,1.0,/dev/ttyACM-Bpod4,stage_training_v6,Emma,pv_nmdar_eranet,2AFC_6,Bpod4,11,36004,11,1.8.2,011_stage_training_v6_20250730-165942,2025-07-30,16:59:54.743678,18:00:01.029296
220,0,,0,0,1,0,,,,,0,3438.813613,3454.148516,15.334903000000397,2.8181000000000003,3.8276,1.0094999999999996,4.3347,5.334700000000001,1.0000000000000009,aaa,aaa,1,,0,1,0,1,-70.0,,[],[],[],[],0.0071,0.0084,1000,1,0.5,5.0,0.0,0,0,1,1,0,1,10,1,0,0.0,0.5,LR,0.0,FD,0,0,0,1,,1.0,0.5,0.5,1.0,/dev/ttyACM-Bpod4,stage_training_v6,Emma,pv_nmdar_eranet,2AFC_6,Bpod4,11,36004,11,1.8.2,011_stage_training_v6_20250730-165942,2025-07-30,16:59:54.743678,18:00:01.029296
221,1,,0,0,1,0,,,,,0,3454.157313,3469.496016,15.338702999999896,2.8206,3.8301,1.0094999999999996,4.3385,5.338500000000001,1.0000000000000009,iaa,iaa,1,,0,0,1,1,70.0,,[],[],[],[],0.0071,0.0084,1000,1,0.5,5.0,0.0,0,0,1,1,0,1,10,1,0,0.0,0.5,LR,0.0,FD,0,0,0,1,,1.0,0.5,0.4999999999999995,1.0,/dev/ttyACM-Bpod4,stage_training_v6,Emma,pv_nmdar_eranet,2AFC_6,Bpod4,11,36004,11,1.8.2,011_stage_training_v6_20250730-165942,2025-07-30,16:59:54.743678,18:00:01.029296
222,0,,1,0,0,0,1.0,,0.0,,1,3469.510913,3483.861616,14.350703000000069,2.8181000000000003,3.8276,1.0094999999999996,4.3347,4.3505,0.0158000000000004,aaa,aaa,1,,0,1,0,1,-70.0,,"[4.3505, 5.0795, 6.2565, 6.5982, 7.683000000000001, 7.9533, 9.3779, 9.535, 9.6822]","[4.359100000000001, 5.1475, 6.302700000000001, 6.6066, 7.7178, 7.9809, 9.4093, 9.5518, 9.7293]",[],[],0.0071,0.0084,1000,1,0.5,5.0,0.0,0,0,1,1,0,1,10,1,0,0.0,0.5,LR,0.0,FD,0,0,0,1,,1.0,0.5,0.5,1.0,/dev/ttyACM-Bpod4,stage_training_v6,Emma,pv_nmdar_eranet,2AFC_6,Bpod4,11,36004,11,1.8.2,011_stage_training_v6_20250730-165942,2025-07-30,16:59:54.743678,18:00:01.029296
223,1,0.0,0,0,1,0,,1.0,,,0,3483.873313,3499.212016,15.338702999999896,2.8206,3.8301,1.0094999999999996,4.3385,5.338500000000001,1.0000000000000009,iaa,iaa,1,,0,0,1,1,70.0,-70.0,[],[],[],[],0.0071,0.0084,1000,1,0.5,5.0,0.0,0,0,1,1,0,1,10,1,0,0.0,0.5,LR,0.0,FD,0,0,0,1,,1.0,0.5,0.4999999999999995,1.0,/dev/ttyACM-Bpod4,stage_training_v6,Emma,pv_nmdar_eranet,2AFC_6,Bpod4,11,36004,11,1.8.2,011_stage_training_v6_20250730-165942,2025-07-30,16:59:54.743678,18:00:01.029296
224,0,,0,0,1,0,,,,,0,3499.223013,3514.557916,15.334903000000397,2.8181000000000003,3.8276,1.0094999999999996,4.3347,5.334700000000001,1.0000000000000009,aaa,aaa,1,,0,1,0,1,-70.0,,[],[],[],[],0.0071,0.0084,1000,1,0.5,5.0,0.0,0,0,1,1,0,1,10,1,0,0.0,0.5,LR,0.0,FD,0,0,0,1,,1.0,0.5,0.5,1.0,/dev/ttyACM-Bpod4,stage_training_v6,Emma,pv_nmdar_eranet,2AFC_6,Bpod4,11,36004,11,1.8.2,011_stage_training_v6_20250730-165942,2025-07-30,16:59:54.743678,18:00:01.029296
225,1,,0,0,1,0,,,,,0,3514.570413,3529.909117,15.338704000000234,2.8206,3.8301,1.0094999999999996,4.3385,5.338500000000001,1.0000000000000009,iaa,iaa,1,,0,0,1,1,70.0,,[],[],[],[],0.0071,0.0084,1000,1,0.5,5.0,0.0,0,0,1,1,0,1,10,1,0,0.0,0.5,LR,0.0,FD,0,0,0,1,,1.0,0.5,0.4999999999999995,1.0,/dev/ttyACM-Bpod4,stage_training_v6,Emma,pv_nmdar_eranet,2AFC_6,Bpod4,11,36004,11,1.8.2,011_stage_training_v6_20250730-165942,2025-07-30,16:59:54.743678,18:00:01.029296
226,0,,0,0,1,0,,,,,0,3529.919813,3545.254716,15.33490299999994,2.8181000000000003,3.8276,1.0094999999999996,4.3347,5.334700000000001,1.0000000000000009,aaa,aaa,1,,0,1,0,1,-70.0,,"[12.1204, 13.0417, 13.2075]","[12.177, 13.0834, 13.2454]",[],[],0.0071,0.0084,1000,1,0.5,5.0,0.0,0,0,1,1,0,1,10,1,0,0.0,0.5,LR,0.0,FD,0,0,0,1,,1.0,0.5,0.5,1.0,/dev/ttyACM-Bpod4,stage_training_v6,Emma,pv_nmdar_eranet,2AFC_6,Bpod4,11,36004,11,1.8.2,011_stage_training_v6_20250730-165942,2025-07-30,16:59:54.743678,18:00:01.029296
227,1,,0,0,1,0,,,,,0,3545.267813,3560.606516,15.338702999999896,2.8206,3.8301,1.0094999999999996,4.3385,5.338500000000001,1.0000000000000009,iaa,iaa,1,,0,0,1,1,70.0,,[],[],[10.7117],[10.7389],0.0071,0.0084,1000,1,0.5,5.0,0.0,0,0,1,1,0,1,10,1,0,0.0,0.5,LR,0.0,FD,0,0,0,1,,1.0,0.5,0.4999999999999995,1.0,/dev/ttyACM-Bpod4,stage_training_v6,Emma,pv_nmdar_eranet,2AFC_6,Bpod4,11,36004,11,1.8.2,011_stage_training_v6_20250730-165942,2025-07-30,16:59:54.743678,18:00:01.029296
228,0,,1,0,0,0,1.0,,0.0,,1,3560.617513,3575.433216,14.815702999999758,2.8181000000000003,3.8276,1.0094999999999996,4.3347,4.8155,0.4808000000000003,aaa,aaa,1,,0,1,0,1,-70.0,,[4.8155],[4.833200000000001],[],[],0.0071,0.0084,1000,1,0.5,5.0,0.0,0,0,1,1,0,1,10,1,0,0.0,0.5,LR,0.0,FD,0,0,0,1,,1.0,0.5,0.5,1.0,/dev/ttyACM-Bpod4,stage_training_v6,Emma,pv_nmdar_eranet,2AFC_6,Bpod4,11,36004,11,1.8.2,011_stage_training_v6_20250730-165942,2025-07-30,16:59:54.743678,18:00:01.029296
229,1,0.0,0,0,1,0,,1.0,,,0,3575.443113,3590.781816,15.33870300000035,2.8206,3.8301,1.0094999999999996,4.3385,5.338500000000001,1.0000000000000009,iaa,iaa,1,,0,0,1,1,70.0,-70.0,[],[],[],[],0.0071,0.0084,1000,1,0.5,5.0,0.0,0,0,1,1,0,1,10,1,0,0.0,0.5,LR,0.0,FD,0,0,0,1,,1.0,0.5,0.4999999999999995,1.0,/dev/ttyACM-Bpod4,stage_training_v6,Emma,pv_nmdar_eranet,2AFC_6,Bpod4,11,36004,11,1.8.2,011_stage_training_v6_20250730-165942,2025-07-30,16:59:54.743678,18:00:01.029296
0,0,,1,0,0,0,1.0,,0.0,,1,0.338713,14.848117,14.509404,2.8181000000000003,3.8276,1.0094999999999996,4.3347,4.5092,0.1745000000000001,aaa,aaa,1,,0,1,0,1,-70.0,,"[4.5092, 13.4727, 13.887, 14.0617, 14.3209]","[4.551, 13.5172, 13.9343, 14.1109, 14.3747]",[],[],0.0071,0.0084,1000,1,0.5,5.0,0.0,0,0,1,1,0,1,10,1,0,0.0,0.5,LR,0.0,FD,0,0,0,1,,1.0,0.5,0.5,1.0,/dev/ttyACM-Bpod4,stage_training_v6,Emma,pv_nmdar_eranet,2AFC_6,Bpod4,11,36004,11,1.8.2,011_stage_training_v6_20250731-162528,2025-07-31,16:25:40.546205,17:25:53.944565
1,1,0.0,1,0,0,0,1.0,1.0,1.0,0.0,1,14.864413,29.844217,14.979804,2.8206,3.8301,1.0094999999999996,4.3385,4.9796000000000005,0.6411000000000007,iaa,iaa,1,,0,0,1,1,70.0,-70.0,"[4.9827, 5.1573, 5.3235, 10.2295, 10.3971, 10.6277]","[5.0144, 5.1957, 5.3886, 10.2483, 10.4647, 10.7186]","[4.9796000000000005, 10.6252, 10.6434]","[5.0175, 10.6396, 10.7356]",0.0071,0.0084,1000,1,0.5,5.0,0.0,0,0,1,1,0,1,10,1,0,0.0,0.5,LR,0.0,FD,0,0,0,1,,1.0,0.5,0.4999999999999995,1.0,/dev/ttyACM-Bpod4,stage_training_v6,Emma,pv_nmdar_eranet,2AFC_6,Bpod4,11,36004,11,1.8.2,011_stage_training_v6_20250731-162528,2025-07-31,16:25:40.546205,17:25:53.944565
2,0,0.0,0,0,1,0,,1.0,,,0,29.917013,45.251917,15.334903999999998,2.8181000000000003,3.8276,1.0094999999999996,4.3347,5.334700000000001,1.0000000000000009,aaa,aaa,1,,0,1,0,1,-70.0,-70.0,[14.8982],[14.9569],[14.9447],[14.9576],0.0071,0.0084,1000,1,0.5,5.0,0.0,0,0,1,1,0,1,10,1,0,0.0,0.5,LR,0.0,FD,0,0,0,1,,1.0,0.5,0.5,1.0,/dev/ttyACM-Bpod4,stage_training_v6,Emma,pv_nmdar_eranet,2AFC_6,Bpod4,11,36004,11,1.8.2,011_stage_training_v6_20250731-162528,2025-07-31,16:25:40.546205,17:25:53.944565
3,1,,1,0,0,0,1.0,,1.0,,1,45.266513,60.066917,14.800403999999991,2.8206,3.8301,1.0094999999999996,4.3385,4.8002,0.4617000000000004,iaa,iaa,1,,0,0,1,1,70.0,,[],[],"[4.8002, 5.1261]","[4.8765, 5.143800000000001]",0.0071,0.0084,1000,1,0.5,5.0,0.0,0,0,1,1,0,1,10,1,0,0.0,0.5,LR,0.0,FD,0,0,0,1,,1.0,0.5,0.4999999999999995,1.0,/dev/ttyACM-Bpod4,stage_training_v6,Emma,pv_nmdar_eranet,2AFC_6,Bpod4,11,36004,11,1.8.2,011_stage_training_v6_20250731-162528,2025-07-31,16:25:40.546205,17:25:53.944565
4,0,0.0,1,0,0,0,1.0,1.0,0.0,0.0,1,60.080013,75.204517,15.124503999999996,2.8181000000000003,3.8276,1.0094999999999996,4.3347,5.1243,0.7896000000000001,aaa,aaa,1,,0,1,0,1,-70.0,-70.0,[5.1243],[5.1546],[7.6851],[7.6893],0.0071,0.0084,1000,1,0.5,5.0,0.0,0,0,1,1,0,1,10,1,0,0.0,0.5,LR,0.0,FD,0,0,0,1,,1.0,0.5,0.5,1.0,/dev/ttyACM-Bpod4,stage_training_v6,Emma,pv_nmdar_eranet,2AFC_6,Bpod4,11,36004,11,1.8.2,011_stage_training_v6_20250731-162528,2025-07-31,16:25:40.546205,17:25:53.944565
5,1,0.0,0,0,1,0,,1.0,,,0,75.216113,90.554816,15.338702999999995,2.8206,3.8301,1.0094999999999996,4.3385,5.338500000000001,1.0000000000000009,iaa,iaa,1,,0,0,1,1,70.0,-70.0,"[13.0226, 14.306]","[13.0695, 14.3506]",[],[],0.0071,0.0084,1000,1,0.5,5.0,0.0,0,0,1,1,0,1,10,1,0,0.0,0.5,LR,0.0,FD,0,0,0,1,,1.0,0.5,0.4999999999999995,1.0,/dev/ttyACM-Bpod4,stage_training_v6,Emma,pv_nmdar_eranet,2AFC_6,Bpod4,11,36004,11,1.8.2,011_stage_training_v6_20250731-162528,2025-07-31,16:25:40.546205,17:25:53.944565
6,0,,1,0,0,0,1.0,,0.0,,1,90.567813,105.410616,14.842803000000004,2.8181000000000003,3.8276,1.0094999999999996,4.3347,4.8426,0.5079000000000002,aaa,aaa,1,,0,1,0,1,-70.0,,"[4.8426, 4.8429]","[4.8428, 4.8524]",[],[],0.0071,0.0084,1000,1,0.5,5.0,0.0,0,0,1,1,0,1,10,1,0,0.0,0.5,LR,0.0,FD,0,0,0,1,,1.0,0.5,0.5,1.0,/dev/ttyACM-Bpod4,stage_training_v6,Emma,pv_nmdar_eranet,2AFC_6,Bpod4,11,36004,11,1.8.2,011_stage_training_v6_20250731-162528,2025-07-31,16:25:40.546205,17:25:53.944565
7,1,0.0,0,0,1,0,,1.0,,,0,105.424613,120.763316,15.33870300000001,2.8206,3.8301,1.0094999999999996,4.3385,5.338500000000001,1.0000000000000009,iaa,iaa,1,,0,0,1,1,70.0,-70.0,[],[],[],[],0.0071,0.0084,1000,1,0.5,5.0,0.0,0,0,1,1,0,1,10,1,0,0.0,0.5,LR,0.0,FD,0,0,0,1,,1.0,0.5,0.4999999999999995,1.0,/dev/ttyACM-Bpod4,stage_training_v6,Emma,pv_nmdar_eranet,2AFC_6,Bpod4,11,36004,11,1.8.2,011_stage_training_v6_20250731-162528,2025-07-31,16:25:40.546205,17:25:53.944565
8,0,,1,0,0,0,1.0,,0.0,,1,120.778413,135.670417,14.892003999999986,2.8181000000000003,3.8276,1.0094999999999996,4.3347,4.8918,0.5571000000000002,aaa,aaa,1,,0,1,0,1,-70.0,,"[4.8918, 5.2129, 5.7632]","[4.9215, 5.2427, 5.8048]",[5.2123],[5.2432],0.0071,0.0084,1000,1,0.5,5.0,0.0,0,0,1,1,0,1,10,1,0,0.0,0.5,LR,0.0,FD,0,0,0,1,,1.0,0.5,0.5,1.0,/dev/ttyACM-Bpod4,stage_training_v6,Emma,pv_nmdar_eranet,2AFC_6,Bpod4,11,36004,11,1.8.2,011_stage_training_v6_20250731-162528,2025-07-31,16:25:40.546205,17:25:53.944565
9,1,0.0,0,0,1,0,,1.0,,,0,135.683213,151.021916,15.33870300000001,2.8206,3.8301,1.0094999999999996,4.3385,5.338500000000001,1.0000000000000009,iaa,iaa,1,,0,0,1,1,70.0,-70.0,"[6.9499, 7.1466, 12.9974]","[6.960500000000001, 7.1715, 13.0095]",[],[],0.0071,0.0084,1000,1,0.5,5.0,0.0,0,0,1,1,0,1,10,1,0,0.0,0.5,LR,0.0,FD,0,0,0,1,,1.0,0.5,0.4999999999999995,1.0,/dev/ttyACM-Bpod4,stage_training_v6,Emma,pv_nmdar_eranet,2AFC_6,Bpod4,11,36004,11,1.8.2,011_stage_training_v6_20250731-162528,2025-07-31,16:25:40.546205,17:25:53.944565
10,0,,1,0,0,0,1.0,,0.0,,1,151.035913,165.827216,14.791303,2.8181000000000003,3.8276,1.0094999999999996,4.3347,4.7911,0.4564000000000003,aaa,aaa,1,,0,1,0,1,-70.0,,"[4.7911, 14.1425]","[4.827100000000001, 14.1973]","[12.3259, 12.5599, 12.8129, 13.0697, 13.3348, 13.6027, 13.9173, 14.1555, 14.3237, 14.497800000000002]","[12.3321, 12.5884, 12.8316, 13.0922, 13.3533, 13.6261, 13.952100000000002, 14.1993, 14.3836, 14.5476]",0.0071,0.0084,1000,1,0.5,5.0,0.0,0,0,1,1,0,1,10,1,0,0.0,0.5,LR,0.0,FD,0,0,0,1,,1.0,0.5,0.5,1.0,/dev/ttyACM-Bpod4,stage_training_v6,Emma,pv_nmdar_eranet,2AFC_6,Bpod4,11,36004,11,1.8.2,011_stage_training_v6_20250731-162528,2025-07-31,16:25:40.546205,17:25:53.944565
11,1,0.0,0,0,1,0,,1.0,,,0,165.845313,181.184017,15.338704000000009,2.8206,3.8301,1.0094999999999996,4.3385,5.338500000000001,1.0000000000000009,iaa,iaa,1,,0,0,1,1,70.0,-70.0,"[11.1899, 11.3532]","[11.2324, 11.4284]","[7.6009, 7.7782, 8.0592, 11.1875, 11.3803]","[7.6191, 7.8161, 8.095500000000001, 11.2337, 11.4301]",0.0071,0.0084,1000,1,0.5,5.0,0.0,0,0,1,1,0,1,10,1,0,0.0,0.5,LR,0.0,FD,0,0,0,1,,1.0,0.5,0.4999999999999995,1.0,/dev/ttyACM-Bpod4,stage_training_v6,Emma,pv_nmdar_eranet,2AFC_6,Bpod4,11,36004,11,1.8.2,011_stage_training_v6_20250731-162528,2025-07-31,16:25:40.546205,17:25:53.944565
12,0,,1,0,0,0,1.0,,0.0,,1,181.200813,195.932616,14.731802999999983,2.8181000000000003,3.8276,1.0094999999999996,4.3347,4.7316,0.3969000000000005,aaa,aaa,1,,0,1,0,1,-70.0,,"[4.7316, 11.4147]","[4.7939, 11.464]","[4.7336, 4.7487, 11.4282, 11.6089, 11.9314, 12.1192, 12.5074, 14.1643, 14.2081, 14.4499, 14.4953, 14.615200000000002]","[4.7443, 4.7952, 11.4658, 11.6562, 11.9867, 12.1652, 12.5636, 14.1968, 14.4057, 14.4783, 14.6144, 14.6586]",0.0071,0.0084,1000,1,0.5,5.0,0.0,0,0,1,1,0,1,10,1,0,0.0,0.5,LR,0.0,FD,0,0,0,1,,1.0,0.5,0.5,1.0,/dev/ttyACM-Bpod4,stage_training_v6,Emma,pv_nmdar_eranet,2AFC_6,Bpod4,11,36004,11,1.8.2,011_stage_training_v6_20250731-162528,2025-07-31,16:25:40.546205,17:25:53.944565
13,1,0.0,0,0,1,0,,1.0,,,0,195.951513,211.290217,15.338704000000009,2.8206,3.8301,1.0094999999999996,4.3385,5.338500000000001,1.0000000000000009,iaa,iaa,1,,0,0,1,1,70.0,-70.0,"[10.5143, 15.2271]","[10.5565, 15.2612]",[10.5054],[10.5609],0.0071,0.0084,1000,1,0.5,5.0,0.0,0,0,1,1,0,1,10,1,0,0.0,0.5,LR,0.0,FD,0,0,0,1,,1.0,0.5,0.4999999999999995,1.0,/dev/ttyACM-Bpod4,stage_training_v6,Emma,pv_nmdar_eranet,2AFC_6,Bpod4,11,36004,11,1.8.2,011_stage_training_v6_20250731-162528,2025-07-31,16:25:40.546205,17:25:53.944565
14,0,,1,0,0,0,1.0,,0.0,,1,211.304313,226.120616,14.816303000000005,2.8181000000000003,3.8276,1.0094999999999996,4.3347,4.8161000000000005,0.4814000000000007,aaa,aaa,1,,0,1,0,1,-70.0,,"[4.8161000000000005, 8.5024, 11.411, 11.8114]","[4.8342, 8.537, 11.4417, 11.8694]",[],[],0.0071,0.0084,1000,1,0.5,5.0,0.0,0,0,1,1,0,1,10,1,0,0.0,0.5,LR,0.0,FD,0,0,0,1,,1.0,0.5,0.5,1.0,/dev/ttyACM-Bpod4,stage_training_v6,Emma,pv_nmdar_eranet,2AFC_6,Bpod4,11,36004,11,1.8.2,011_stage_training_v6_20250731-162528,2025-07-31,16:25:40.546205,17:25:53.944565
15,1,0.0,0,0,1,0,,1.0,,,0,226.135713,241.474416,15.33870299999998,2.8206,3.8301,1.0094999999999996,4.3385,5.338500000000001,1.0000000000000009,iaa,iaa,1,,0,0,1,1,70.0,-70.0,[7.6391],[7.6646],[],[],0.0071,0.0084,1000,1,0.5,5.0,0.0,0,0,1,1,0,1,10,1,0,0.0,0.5,LR,0.0,FD,0,0,0,1,,1.0,0.5,0.4999999999999995,1.0,/dev/ttyACM-Bpod4,stage_training_v6,Emma,pv_nmdar_eranet,2AFC_6,Bpod4,11,36004,11,1.8.2,011_stage_training_v6_20250731-162528,2025-07-31,16:25:40.546205,17:25:53.944565
16,0,,1,0,0,0,1.0,,0.0,,1,241.487013,256.541317,15.054304000000002,2.8181000000000003,3.8276,1.0094999999999996,4.3347,5.0541,0.7194000000000003,aaa,aaa,1,,0,1,0,1,-70.0,,"[5.0541, 12.0211, 12.1523, 12.2964, 12.5]","[5.105300000000001, 12.0478, 12.1855, 12.3467, 12.5189]","[5.0759, 12.4938]","[5.1058, 12.5181]",0.0071,0.0084,1000,1,0.5,5.0,0.0,0,0,1,1,0,1,10,1,0,0.0,0.5,LR,0.0,FD,0,0,0,1,,1.0,0.5,0.5,1.0,/dev/ttyACM-Bpod4,stage_training_v6,Emma,pv_nmdar_eranet,2AFC_6,Bpod4,11,36004,11,1.8.2,011_stage_training_v6_20250731-162528,2025-07-31,16:25:40.546205,17:25:53.944565
17,1,0.0,0,0,1,0,,1.0,,,0,256.554813,271.893517,15.33870399999995,2.8206,3.8301,1.0094999999999996,4.3385,5.338500000000001,1.0000000000000009,iaa,iaa,1,,0,0,1,1,70.0,-70.0,"[5.9005, 10.5358, 10.7418, 15.3105]","[5.958600000000001, 10.5739, 10.7934]",[],[],0.0071,0.0084,1000,1,0.5,5.0,0.0,0,0,1,1,0,1,10,1,0,0.0,0.5,LR,0.0,FD,0,0,0,1,,1.0,0.5,0.4999999999999995,1.0,/dev/ttyACM-Bpod4,stage_training_v6,Emma,pv_nmdar_eranet,2AFC_6,Bpod4,11,36004,11,1.8.2,011_stage_training_v6_20250731-162528,2025-07-31,16:25:40.546205,17:25:53.944565
18,0,,1,0,0,0,1.0,,0.0,,1,271.903813,286.699716,14.79590300000001,2.8181000000000003,3.8276,1.0094999999999996,4.3347,4.7957,0.4610000000000003,aaa,aaa,1,,0,1,0,1,-70.0,,"[4.7957, 9.1398, 14.5179, 14.6679]","[0.0043, 4.839300000000001, 9.1704, 14.5574, 14.7167]",[9.4554],[9.4719],0.0071,0.0084,1000,1,0.5,5.0,0.0,0,0,1,1,0,1,10,1,0,0.0,0.5,LR,0.0,FD,0,0,0,1,,1.0,0.5,0.5,1.0,/dev/ttyACM-Bpod4,stage_training_v6,Emma,pv_nmdar_eranet,2AFC_6,Bpod4,11,36004,11,1.8.2,011_stage_training_v6_20250731-162528,2025-07-31,16:25:40.546205,17:25:53.944565
19,1,0.0,0,1,0,0,0.0,1.0,0.0,1.0,1,286.714913,306.564517,19.849604,2.8206,3.8301,1.0094999999999996,4.3385,4.8494,0.5109000000000004,iaa,iaa,1,,0,0,1,1,70.0,-70.0,"[4.8494, 7.0743, 9.0808, 11.2112, 12.6287, 15.5053, 15.7579]","[4.8927000000000005, 7.1204, 9.1082, 11.23, 12.6766, 15.5362, 15.8114]",[],[],0.0071,0.0084,1000,1,0.5,5.0,0.0,0,0,1,1,0,1,10,1,0,0.0,0.5,LR,0.0,FD,0,0,0,1,,1.0,0.5,0.4999999999999995,1.0,/dev/ttyACM-Bpod4,stage_training_v6,Emma,pv_nmdar_eranet,2AFC_6,Bpod4,11,36004,11,1.8.2,011_stage_training_v6_20250731-162528,2025-07-31,16:25:40.546205,17:25:53.944565
20,0,1.0,0,0,1,0,,0.0,,,0,306.578213,321.913116,15.334902999999995,2.8181000000000003,3.8276,1.0094999999999996,4.3347,5.334700000000001,1.0000000000000009,aaa,aaa,1,,0,1,0,1,-70.0,70.0,"[9.0237, 9.2259, 9.4281, 9.6248, 9.9995, 10.3995]","[9.0674, 9.2363, 9.4655, 9.6702, 10.0358, 10.4257]",[],[],0.0071,0.0084,1000,1,0.5,5.0,0.0,0,0,1,1,0,1,10,1,0,0.0,0.5,LR,0.0,FD,0,0,0,1,,1.0,0.5,0.5,1.0,/dev/ttyACM-Bpod4,stage_training_v6,Emma,pv_nmdar_eranet,2AFC_6,Bpod4,11,36004,11,1.8.2,011_stage_training_v6_20250731-162528,2025-07-31,16:25:40.546205,17:25:53.944565
21,1,,0,1,0,0,0.0,,0.0,,1,321.930313,341.712817,19.78250399999996,2.8206,3.8301,1.0094999999999996,4.3385,4.7823,0.4438000000000004,iaa,iaa,1,,0,0,1,1,70.0,,"[4.7823, 5.0385, 8.5515, 15.3704]","[4.8213, 5.0812, 8.5851, 15.4394]","[5.0435, 5.0437]","[5.0436000000000005, 5.0484]",0.0071,0.0084,1000,1,0.5,5.0,0.0,0,0,1,1,0,1,10,1,0,0.0,0.5,LR,0.0,FD,0,0,0,1,,1.0,0.5,0.4999999999999995,1.0,/dev/ttyACM-Bpod4,stage_training_v6,Emma,pv_nmdar_eranet,2AFC_6,Bpod4,11,36004,11,1.8.2,011_stage_training_v6_20250731-162528,2025-07-31,16:25:40.546205,17:25:53.944565
22,0,1.0,1,0,0,0,1.0,0.0,0.0,1.0,1,341.725613,356.453716,14.728102999999976,2.8181000000000003,3.8276,1.0094999999999996,4.3347,4.7279,0.3932000000000002,aaa,aaa,1,,0,1,0,1,-70.0,70.0,"[4.7279, 4.9872000000000005, 10.323, 10.4947]","[4.7525, 5.0364, 10.3621, 10.5351]",[5.0014],[5.0377],0.0071,0.0084,1000,1,0.5,5.0,0.0,0,0,1,1,0,1,10,1,0,0.0,0.5,LR,0.0,FD,0,0,0,1,,1.0,0.5,0.5,1.0,/dev/ttyACM-Bpod4,stage_training_v6,Emma,pv_nmdar_eranet,2AFC_6,Bpod4,11,36004,11,1.8.2,011_stage_training_v6_20250731-162528,2025-07-31,16:25:40.546205,17:25:53.944565
23,1,0.0,0,0,1,0,,1.0,,,0,356.464913,371.803616,15.338702999999953,2.8206,3.8301,1.0094999999999996,4.3385,5.338500000000001,1.0000000000000009,iaa,iaa,1,,0,0,1,1,70.0,-70.0,[14.3609],[14.4065],[],[],0.0071,0.0084,1000,1,0.5,5.0,0.0,0,0,1,1,0,1,10,1,0,0.0,0.5,LR,0.0,FD,0,0,0,1,,1.0,0.5,0.4999999999999995,1.0,/dev/ttyACM-Bpod4,stage_training_v6,Emma,pv_nmdar_eranet,2AFC_6,Bpod4,11,36004,11,1.8.2,011_stage_training_v6_20250731-162528,2025-07-31,16:25:40.546205,17:25:53.944565
24,0,,1,0,0,0,1.0,,0.0,,1,371.814713,386.601317,14.786604000000011,2.8181000000000003,3.8276,1.0094999999999996,4.3347,4.7864,0.4517000000000006,aaa,aaa,1,,0,1,0,1,-70.0,,"[4.7864, 8.1494, 8.300600000000001, 8.478, 10.616, 13.387]","[4.8396, 8.1884, 8.345, 8.536100000000001, 10.655, 13.4262]",[4.821000000000001],[4.8377],0.0071,0.0084,1000,1,0.5,5.0,0.0,0,0,1,1,0,1,10,1,0,0.0,0.5,LR,0.0,FD,0,0,0,1,,1.0,0.5,0.5,1.0,/dev/ttyACM-Bpod4,stage_training_v6,Emma,pv_nmdar_eranet,2AFC_6,Bpod4,11,36004,11,1.8.2,011_stage_training_v6_20250731-162528,2025-07-31,16:25:40.546205,17:25:53.944565
25,1,0.0,0,0,1,0,,1.0,,,0,386.616513,401.955217,15.338704000000009,2.8206,3.8301,1.0094999999999996,4.3385,5.338500000000001,1.0000000000000009,iaa,iaa,1,,0,0,1,1,70.0,-70.0,"[13.2971, 13.4715]","[13.3452, 13.542]",[13.4758],[13.544],0.0071,0.0084,1000,1,0.5,5.0,0.0,0,0,1,1,0,1,10,1,0,0.0,0.5,LR,0.0,FD,0,0,0,1,,1.0,0.5,0.4999999999999995,1.0,/dev/ttyACM-Bpod4,stage_training_v6,Emma,pv_nmdar_eranet,2AFC_6,Bpod4,11,36004,11,1.8.2,011_stage_training_v6_20250731-162528,2025-07-31,16:25:40.546205,17:25:53.944565
26,0,,1,0,0,0,1.0,,0.0,,1,401.969613,416.616117,14.646503999999991,2.8181000000000003,3.8276,1.0094999999999996,4.3347,4.6463,0.3116000000000003,aaa,aaa,1,,0,1,0,1,-70.0,,"[4.6463, 4.930000000000001, 10.7344, 12.374, 12.5624]","[4.776800000000001, 5.0057, 10.7594, 12.3987, 12.6036]","[4.947900000000001, 10.731]","[5.0073, 10.7668]",0.0071,0.0084,1000,1,0.5,5.0,0.0,0,0,1,1,0,1,10,1,0,0.0,0.5,LR,0.0,FD,0,0,0,1,,1.0,0.5,0.5,1.0,/dev/ttyACM-Bpod4,stage_training_v6,Emma,pv_nmdar_eranet,2AFC_6,Bpod4,11,36004,11,1.8.2,011_stage_training_v6_20250731-162528,2025-07-31,16:25:40.546205,17:25:53.944565
27,1,0.0,0,0,1,0,,1.0,,,0,416.630513,431.969216,15.33870300000001,2.8206,3.8301,1.0094999999999996,4.3385,5.338500000000001,1.0000000000000009,iaa,iaa,1,,0,0,1,1,70.0,-70.0,[],[],[],[],0.0071,0.0084,1000,1,0.5,5.0,0.0,0,0,1,1,0,1,10,1,0,0.0,0.5,LR,0.0,FD,0,0,0,1,,1.0,0.5,0.4999999999999995,1.0,/dev/ttyACM-Bpod4,stage_training_v6,Emma,pv_nmdar_eranet,2AFC_6,Bpod4,11,36004,11,1.8.2,011_stage_training_v6_20250731-162528,2025-07-31,16:25:40.546205,17:25:53.944565
28,0,,0,0,1,0,,,,,0,431.983513,447.318417,15.334903999999996,2.8181000000000003,3.8276,1.0094999999999996,4.3347,5.334700000000001,1.0000000000000009,aaa,aaa,1,,0,1,0,1,-70.0,,[],[],"[4.1665, 4.1744, 11.8474, 12.0867]","[4.1728000000000005, 4.181, 11.8986, 12.1151]",0.0071,0.0084,1000,1,0.5,5.0,0.0,0,0,1,1,0,1,10,1,0,0.0,0.5,LR,0.0,FD,0,0,0,1,,1.0,0.5,0.5,1.0,/dev/ttyACM-Bpod4,stage_training_v6,Emma,pv_nmdar_eranet,2AFC_6,Bpod4,11,36004,11,1.8.2,011_stage_training_v6_20250731-162528,2025-07-31,16:25:40.546205,17:25:53.944565
29,1,,0,0,1,0,,,,,0,447.333713,462.672416,15.33870300000001,2.8206,3.8301,1.0094999999999996,4.3385,5.338500000000001,1.0000000000000009,iaa,iaa,1,,0,0,1,1,70.0,,[7.5719],[7.6139],"[5.5195, 5.7624, 5.8621, 6.171600000000001, 6.3129, 6.6382, 6.8097, 6.938000000000001, 8.8369, 8.9985, 15.1753]","[5.5872, 5.7748, 5.8897, 6.2075000000000005, 6.3462000000000005, 6.6944, 6.8567, 6.9492, 8.8447, 9.0506, 15.2124]",0.0071,0.0084,1000,1,0.5,5.0,0.0,0,0,1,1,0,1,10,1,0,0.0,0.5,LR,0.0,FD,0,0,0,1,,1.0,0.5,0.4999999999999995,1.0,/dev/ttyACM-Bpod4,stage_training_v6,Emma,pv_nmdar_eranet,2AFC_6,Bpod4,11,36004,11,1.8.2,011_stage_training_v6_20250731-162528,2025-07-31,16:25:40.546205,17:25:53.944565
30,0,,0,0,1,0,,,,,0,462.690813,478.025715,15.334902,2.8181000000000003,3.8276,1.0094999999999996,4.3347,5.334700000000001,1.0000000000000009,aaa,aaa,1,,0,1,0,1,-70.0,,[],[],[10.7196],[10.7506],0.0071,0.0084,1000,1,0.5,5.0,0.0,0,0,1,1,0,1,10,1,0,0.0,0.5,LR,0.0,FD,0,0,0,1,,1.0,0.5,0.5,1.0,/dev/ttyACM-Bpod4,stage_training_v6,Emma,pv_nmdar_eranet,2AFC_6,Bpod4,11,36004,11,1.8.2,011_stage_training_v6_20250731-162528,2025-07-31,16:25:40.546205,17:25:53.944565
31,1,,0,0,1,0,,,,,0,478.041212,493.379916,15.338704000000009,2.8206,3.8301,1.0094999999999996,4.3385,5.338500000000001,1.0000000000000009,iaa,iaa,1,,0,0,1,1,70.0,,[],[],[],[],0.0071,0.0084,1000,1,0.5,5.0,0.0,0,0,1,1,0,1,10,1,0,0.0,0.5,LR,0.0,FD,0,0,0,1,,1.0,0.5,0.4999999999999995,1.0,/dev/ttyACM-Bpod4,stage_training_v6,Emma,pv_nmdar_eranet,2AFC_6,Bpod4,11,36004,11,1.8.2,011_stage_training_v6_20250731-162528,2025-07-31,16:25:40.546205,17:25:53.944565
32,0,,0,1,0,0,0.0,,1.0,,1,493.394012,513.466815,20.07280300000002,2.8181000000000003,3.8276,1.0094999999999996,4.3347,5.0726,0.7379000000000007,aaa,aaa,1,,0,1,0,1,-70.0,,"[6.6508, 9.1323, 9.2277, 9.3583]","[6.9096, 9.1961, 9.3405, 9.6874]","[5.0726, 5.100700000000001, 5.7165, 5.774100000000001, 6.6195, 6.651800000000001, 6.66, 6.6677, 6.7176, 7.407900000000001, 7.7092, 7.805300000000001, 8.1681, 8.3335, 8.5173, 9.2902, 13.1877, 14.6953]","[5.0909, 5.1043, 5.7247, 5.7765, 6.6242, 6.6535, 6.6639, 6.679200000000001, 6.922000000000001, 7.4207, 7.716200000000001, 7.8196, 8.2329, 8.368400000000001, 8.5974, 9.3002, 13.2495, 14.7481]",0.0071,0.0084,1000,1,0.5,5.0,0.0,0,0,1,1,0,1,10,1,0,0.0,0.5,LR,0.0,FD,0,0,0,1,,1.0,0.5,0.5,1.0,/dev/ttyACM-Bpod4,stage_training_v6,Emma,pv_nmdar_eranet,2AFC_6,Bpod4,11,36004,11,1.8.2,011_stage_training_v6_20250731-162528,2025-07-31,16:25:40.546205,17:25:53.944565
33,1,1.0,0,0,1,0,,0.0,,,0,513.485112,528.823815,15.33870300000001,2.8206,3.8301,1.0094999999999996,4.3385,5.338500000000001,1.0000000000000009,iaa,iaa,1,,0,0,1,1,70.0,70.0,"[9.9377, 10.3046]","[10.0659, 10.3585]","[6.878500000000001, 10.853, 14.2191]","[6.9082, 10.8908, 14.2452]",0.0071,0.0084,1000,1,0.5,5.0,0.0,0,0,1,1,0,1,10,1,0,0.0,0.5,LR,0.0,FD,0,0,0,1,,1.0,0.5,0.4999999999999995,1.0,/dev/ttyACM-Bpod4,stage_training_v6,Emma,pv_nmdar_eranet,2AFC_6,Bpod4,11,36004,11,1.8.2,011_stage_training_v6_20250731-162528,2025-07-31,16:25:40.546205,17:25:53.944565
34,0,,0,1,0,0,0.0,,1.0,,1,528.835112,548.664516,19.829404000000068,2.8181000000000003,3.8276,1.0094999999999996,4.3347,4.8292,0.4945000000000004,aaa,aaa,1,,0,1,0,1,-70.0,,"[13.5533, 18.6507]","[13.6255, 18.6861]",[4.8292],[4.851],0.0071,0.0084,1000,1,0.5,5.0,0.0,0,0,1,1,0,1,10,1,0,0.0,0.5,LR,0.0,FD,0,0,0,1,,1.0,0.5,0.5,1.0,/dev/ttyACM-Bpod4,stage_training_v6,Emma,pv_nmdar_eranet,2AFC_6,Bpod4,11,36004,11,1.8.2,011_stage_training_v6_20250731-162528,2025-07-31,16:25:40.546205,17:25:53.944565
35,1,1.0,1,0,0,0,1.0,0.0,1.0,1.0,1,548.678712,563.601615,14.92290300000002,2.8206,3.8301,1.0094999999999996,4.3385,4.9227,0.5842,iaa,iaa,1,,0,0,1,1,70.0,70.0,"[4.9245, 8.741200000000001, 12.6647]","[4.9377, 8.783000000000001, 12.6975]",[4.9227],[4.9401],0.0071,0.0084,1000,1,0.5,5.0,0.0,0,0,1,1,0,1,10,1,0,0.0,0.5,LR,0.0,FD,0,0,0,1,,1.0,0.5,0.4999999999999995,1.0,/dev/ttyACM-Bpod4,stage_training_v6,Emma,pv_nmdar_eranet,2AFC_6,Bpod4,11,36004,11,1.8.2,011_stage_training_v6_20250731-162528,2025-07-31,16:25:40.546205,17:25:53.944565
36,0,0.0,0,1,0,0,0.0,1.0,1.0,1.0,1,563.615112,583.465716,19.85060400000009,2.8181000000000003,3.8276,1.0094999999999996,4.3347,4.8504000000000005,0.5157000000000007,aaa,aaa,1,,0,1,0,1,-70.0,-70.0,"[8.085600000000001, 11.4948, 15.5447, 17.6557, 17.6874, 17.8835, 17.992800000000003, 18.0805, 18.5969, 18.7528, 18.9312]","[8.1201, 11.5615, 15.5665, 17.6579, 17.699, 17.9163, 18.0225, 18.0969, 18.69, 18.7929, 19.0175]","[4.8504000000000005, 11.5382, 11.6905, 11.9568, 12.1058, 12.2791, 15.5407, 15.9523, 16.206300000000002, 16.4676, 16.7208, 17.7631, 17.866300000000003, 17.9652, 18.0387, 18.0549, 18.6086, 18.7519, 18.92]","[4.8864, 11.5625, 11.7355, 11.9914, 12.1364, 12.2979, 15.5701, 15.9997, 16.238500000000002, 16.4951, 16.762800000000002, 17.817600000000002, 17.9143, 18.0277, 18.0443, 18.1637, 18.6821, 18.8509, 19.0214]",0.0071,0.0084,1000,1,0.5,5.0,0.0,0,0,1,1,0,1,10,1,0,0.0,0.5,LR,0.0,FD,0,0,0,1,,1.0,0.5,0.5,1.0,/dev/ttyACM-Bpod4,stage_training_v6,Emma,pv_nmdar_eranet,2AFC_6,Bpod4,11,36004,11,1.8.2,011_stage_training_v6_20250731-162528,2025-07-31,16:25:40.546205,17:25:53.944565
37,1,1.0,0,0,1,0,,0.0,,,0,583.480512,598.819216,15.338704000000009,2.8206,3.8301,1.0094999999999996,4.3385,5.338500000000001,1.0000000000000009,iaa,iaa,1,,0,0,1,1,70.0,70.0,[8.4986],[8.5394],[],[],0.0071,0.0084,1000,1,0.5,5.0,0.0,0,0,1,1,0,1,10,1,0,0.0,0.5,LR,0.0,FD,0,0,0,1,,1.0,0.5,0.4999999999999995,1.0,/dev/ttyACM-Bpod4,stage_training_v6,Emma,pv_nmdar_eranet,2AFC_6,Bpod4,11,36004,11,1.8.2,011_stage_training_v6_20250731-162528,2025-07-31,16:25:40.546205,17:25:53.944565
38,0,,0,0,1,0,,,,,0,598.834312,614.169215,15.334903000000054,2.8181000000000003,3.8276,1.0094999999999996,4.3347,5.334700000000001,1.0000000000000009,aaa,aaa,1,,0,1,0,1,-70.0,,[],[],[],[],0.0071,0.0084,1000,1,0.5,5.0,0.0,0,0,1,1,0,1,10,1,0,0.0,0.5,LR,0.0,FD,0,0,0,1,,1.0,0.5,0.5,1.0,/dev/ttyACM-Bpod4,stage_training_v6,Emma,pv_nmdar_eranet,2AFC_6,Bpod4,11,36004,11,1.8.2,011_stage_training_v6_20250731-162528,2025-07-31,16:25:40.546205,17:25:53.944565
39,1,,0,0,1,0,,,,,0,614.183412,629.522116,15.338704000000009,2.8206,3.8301,1.0094999999999996,4.3385,5.338500000000001,1.0000000000000009,iaa,iaa,1,,0,0,1,1,70.0,,[],[],[],[],0.0071,0.0084,1000,1,0.5,5.0,0.0,0,0,1,1,0,1,10,1,0,0.0,0.5,LR,0.0,FD,0,0,0,1,,1.0,0.5,0.4999999999999995,1.0,/dev/ttyACM-Bpod4,stage_training_v6,Emma,pv_nmdar_eranet,2AFC_6,Bpod4,11,36004,11,1.8.2,011_stage_training_v6_20250731-162528,2025-07-31,16:25:40.546205,17:25:53.944565
40,0,,1,0,0,0,1.0,,0.0,,1,629.535612,644.257515,14.721902999999998,2.8181000000000003,3.8276,1.0094999999999996,4.3347,4.7217,0.3870000000000004,aaa,aaa,1,,0,1,0,1,-70.0,,"[4.7217, 4.896, 14.381200000000002]","[4.784800000000001, 4.9067, 14.4232]",[],[],0.0071,0.0084,1000,1,0.5,5.0,0.0,0,0,1,1,0,1,10,1,0,0.0,0.5,LR,0.0,FD,0,0,0,1,,1.0,0.5,0.5,1.0,/dev/ttyACM-Bpod4,stage_training_v6,Emma,pv_nmdar_eranet,2AFC_6,Bpod4,11,36004,11,1.8.2,011_stage_training_v6_20250731-162528,2025-07-31,16:25:40.546205,17:25:53.944565
41,1,0.0,1,0,0,0,1.0,1.0,1.0,0.0,1,644.267812,659.138216,14.870404000000008,2.8206,3.8301,1.0094999999999996,4.3385,4.8702000000000005,0.5317000000000007,iaa,iaa,1,,0,0,1,1,70.0,-70.0,"[6.1826, 6.3721000000000005]","[6.2382, 6.4223]","[4.8702000000000005, 4.8705, 5.020700000000001, 5.292, 5.4172, 5.5468, 5.684200000000001, 5.8139, 6.6043, 6.786300000000001, 6.9604, 9.4437]","[4.8704, 4.8837, 5.073, 5.3158, 5.441400000000001, 5.577500000000001, 5.7126, 5.8508, 6.6542, 6.813000000000001, 6.9892, 9.458]",0.0071,0.0084,1000,1,0.5,5.0,0.0,0,0,1,1,0,1,10,1,0,0.0,0.5,LR,0.0,FD,0,0,0,1,,1.0,0.5,0.4999999999999995,1.0,/dev/ttyACM-Bpod4,stage_training_v6,Emma,pv_nmdar_eranet,2AFC_6,Bpod4,11,36004,11,1.8.2,011_stage_training_v6_20250731-162528,2025-07-31,16:25:40.546205,17:25:53.944565
42,0,0.0,1,0,0,0,1.0,1.0,0.0,0.0,1,659.148712,673.954216,14.805503999999928,2.8181000000000003,3.8276,1.0094999999999996,4.3347,4.8053,0.4706000000000001,aaa,aaa,1,,0,1,0,1,-70.0,-70.0,"[4.8053, 8.5123, 8.6746, 10.302, 10.614]","[4.8391, 8.5372, 8.7027, 10.313, 10.6546]",[10.6256],[10.6507],0.0071,0.0084,1000,1,0.5,5.0,0.0,0,0,1,1,0,1,10,1,0,0.0,0.5,LR,0.0,FD,0,0,0,1,,1.0,0.5,0.5,1.0,/dev/ttyACM-Bpod4,stage_training_v6,Emma,pv_nmdar_eranet,2AFC_6,Bpod4,11,36004,11,1.8.2,011_stage_training_v6_20250731-162528,2025-07-31,16:25:40.546205,17:25:53.944565
43,1,0.0,1,0,0,0,1.0,1.0,1.0,0.0,1,673.969112,689.038315,15.069203000000016,2.8206,3.8301,1.0094999999999996,4.3385,5.069,0.7305000000000001,iaa,iaa,1,,0,0,1,1,70.0,-70.0,"[5.093, 5.2094000000000005, 5.3566, 13.2366]","[5.112900000000001, 5.2672, 5.409000000000001, 13.2419]","[5.069, 5.3989, 5.5689, 5.8547, 6.1816, 13.3734]","[5.1147, 5.4087000000000005, 5.6276, 5.889200000000001, 6.2279, 13.4292]",0.0071,0.0084,1000,1,0.5,5.0,0.0,0,0,1,1,0,1,10,1,0,0.0,0.5,LR,0.0,FD,0,0,0,1,,1.0,0.5,0.4999999999999995,1.0,/dev/ttyACM-Bpod4,stage_training_v6,Emma,pv_nmdar_eranet,2AFC_6,Bpod4,11,36004,11,1.8.2,011_stage_training_v6_20250731-162528,2025-07-31,16:25:40.546205,17:25:53.944565
44,0,0.0,1,0,0,0,1.0,1.0,0.0,0.0,1,689.053512,703.875016,14.821504000000004,2.8181000000000003,3.8276,1.0094999999999996,4.3347,4.8213,0.4866000000000001,aaa,aaa,1,,0,1,0,1,-70.0,-70.0,"[4.8213, 5.1037, 12.6853, 13.0397]","[4.861800000000001, 5.1454, 12.6947, 13.0763]",[],[],0.0071,0.0084,1000,1,0.5,5.0,0.0,0,0,1,1,0,1,10,1,0,0.0,0.5,LR,0.0,FD,0,0,0,1,,1.0,0.5,0.5,1.0,/dev/ttyACM-Bpod4,stage_training_v6,Emma,pv_nmdar_eranet,2AFC_6,Bpod4,11,36004,11,1.8.2,011_stage_training_v6_20250731-162528,2025-07-31,16:25:40.546205,17:25:53.944565
45,1,0.0,0,0,1,0,,1.0,,,0,703.889212,719.227916,15.338704000000009,2.8206,3.8301,1.0094999999999996,4.3385,5.338500000000001,1.0000000000000009,iaa,iaa,1,,0,0,1,1,70.0,-70.0,"[5.4957, 5.6435]","[5.535200000000001, 5.679600000000001]","[8.1958, 8.448500000000001, 8.5911, 8.7139, 8.8721, 8.9981, 9.9273, 10.1448]","[8.2377, 8.4778, 8.6106, 8.749500000000001, 8.8923, 9.0338, 9.9906, 10.1904]",0.0071,0.0084,1000,1,0.5,5.0,0.0,0,0,1,1,0,1,10,1,0,0.0,0.5,LR,0.0,FD,0,0,0,1,,1.0,0.5,0.4999999999999995,1.0,/dev/ttyACM-Bpod4,stage_training_v6,Emma,pv_nmdar_eranet,2AFC_6,Bpod4,11,36004,11,1.8.2,011_stage_training_v6_20250731-162528,2025-07-31,16:25:40.546205,17:25:53.944565
46,0,,1,0,0,0,1.0,,0.0,,1,719.245112,734.069416,14.824304000000096,2.8181000000000003,3.8276,1.0094999999999996,4.3347,4.8241000000000005,0.4894000000000007,aaa,aaa,1,,0,1,0,1,-70.0,,"[4.8241000000000005, 5.104]","[4.8563, 5.1398]","[5.1119, 8.3971, 8.525, 8.7712, 11.9122, 12.0538]","[5.1412, 8.4177, 8.5555, 8.7932, 11.9282, 12.0967]",0.0071,0.0084,1000,1,0.5,5.0,0.0,0,0,1,1,0,1,10,1,0,0.0,0.5,LR,0.0,FD,0,0,0,1,,1.0,0.5,0.5,1.0,/dev/ttyACM-Bpod4,stage_training_v6,Emma,pv_nmdar_eranet,2AFC_6,Bpod4,11,36004,11,1.8.2,011_stage_training_v6_20250731-162528,2025-07-31,16:25:40.546205,17:25:53.944565
47,1,0.0,0,0,1,0,,1.0,,,0,734.086512,749.425216,15.338704000000009,2.8206,3.8301,1.0094999999999996,4.3385,5.338500000000001,1.0000000000000009,iaa,iaa,1,,0,0,1,1,70.0,-70.0,"[7.2358, 7.3859, 11.6624]","[7.2751, 7.4278, 11.6879]",[12.0082],[12.0445],0.0071,0.0084,1000,1,0.5,5.0,0.0,0,0,1,1,0,1,10,1,0,0.0,0.5,LR,0.0,FD,0,0,0,1,,1.0,0.5,0.4999999999999995,1.0,/dev/ttyACM-Bpod4,stage_training_v6,Emma,pv_nmdar_eranet,2AFC_6,Bpod4,11,36004,11,1.8.2,011_stage_training_v6_20250731-162528,2025-07-31,16:25:40.546205,17:25:53.944565
48,0,,0,0,1,0,,,,,0,749.439512,764.774416,15.334903999999938,2.8181000000000003,3.8276,1.0094999999999996,4.3347,5.334700000000001,1.0000000000000009,aaa,aaa,1,,0,1,0,1,-70.0,,"[8.9237, 14.2034]","[8.945400000000001, 14.224]",[9.1805],[9.2013],0.0071,0.0084,1000,1,0.5,5.0,0.0,0,0,1,1,0,1,10,1,0,0.0,0.5,LR,0.0,FD,0,0,0,1,,1.0,0.5,0.5,1.0,/dev/ttyACM-Bpod4,stage_training_v6,Emma,pv_nmdar_eranet,2AFC_6,Bpod4,11,36004,11,1.8.2,011_stage_training_v6_20250731-162528,2025-07-31,16:25:40.546205,17:25:53.944565
49,1,,0,0,1,0,,,,,0,764.796512,780.135216,15.338704000000009,2.8206,3.8301,1.0094999999999996,4.3385,5.338500000000001,1.0000000000000009,iaa,iaa,1,,0,0,1,1,70.0,,"[7.7822, 11.2025, 11.3492, 14.0775, 14.2]","[7.815600000000001, 11.2299, 11.3791, 14.0877, 14.2366]",[],[],0.0071,0.0084,1000,1,0.5,5.0,0.0,0,0,1,1,0,1,10,1,0,0.0,0.5,LR,0.0,FD,0,0,0,1,,1.0,0.5,0.4999999999999995,1.0,/dev/ttyACM-Bpod4,stage_training_v6,Emma,pv_nmdar_eranet,2AFC_6,Bpod4,11,36004,11,1.8.2,011_stage_training_v6_20250731-162528,2025-07-31,16:25:40.546205,17:25:53.944565
50,0,,1,0,0,0,1.0,,0.0,,1,780.146312,794.976216,14.829904000000056,2.8181000000000003,3.8276,1.0094999999999996,4.3347,4.8297,0.4950000000000001,aaa,aaa,1,,0,1,0,1,-70.0,,"[4.8297, 7.8805, 9.0178, 9.1418, 9.8374, 10.024, 10.046]","[4.8606, 7.898300000000001, 9.0711, 9.1545, 9.9515, 10.0441, 10.0518]","[8.7616, 8.8824, 9.0076, 9.1235, 9.8097, 9.8684, 10.0163, 10.1686]","[8.8498, 8.9593, 9.0592, 9.1856, 9.8178, 9.9589, 10.0519, 10.1797]",0.0071,0.0084,1000,1,0.5,5.0,0.0,0,0,1,1,0,1,10,1,0,0.0,0.5,LR,0.0,FD,0,0,0,1,,1.0,0.5,0.5,1.0,/dev/ttyACM-Bpod4,stage_training_v6,Emma,pv_nmdar_eranet,2AFC_6,Bpod4,11,36004,11,1.8.2,011_stage_training_v6_20250731-162528,2025-07-31,16:25:40.546205,17:25:53.944565
51,1,0.0,0,0,1,0,,1.0,,,0,795.025112,810.363816,15.338704000000009,2.8206,3.8301,1.0094999999999996,4.3385,5.338500000000001,1.0000000000000009,iaa,iaa,1,,0,0,1,1,70.0,-70.0,[],[],[],[],0.0071,0.0084,1000,1,0.5,5.0,0.0,0,0,1,1,0,1,10,1,0,0.0,0.5,LR,0.0,FD,0,0,0,1,,1.0,0.5,0.4999999999999995,1.0,/dev/ttyACM-Bpod4,stage_training_v6,Emma,pv_nmdar_eranet,2AFC_6,Bpod4,11,36004,11,1.8.2,011_stage_training_v6_20250731-162528,2025-07-31,16:25:40.546205,17:25:53.944565
52,0,,0,0,1,0,,,,,0,810.374312,825.709216,15.334903999999938,2.8181000000000003,3.8276,1.0094999999999996,4.3347,5.334700000000001,1.0000000000000009,aaa,aaa,1,,0,1,0,1,-70.0,,[10.2502],[10.2833],[10.5973],[10.5998],0.0071,0.0084,1000,1,0.5,5.0,0.0,0,0,1,1,0,1,10,1,0,0.0,0.5,LR,0.0,FD,0,0,0,1,,1.0,0.5,0.5,1.0,/dev/ttyACM-Bpod4,stage_training_v6,Emma,pv_nmdar_eranet,2AFC_6,Bpod4,11,36004,11,1.8.2,011_stage_training_v6_20250731-162528,2025-07-31,16:25:40.546205,17:25:53.944565
53,1,,0,1,0,0,0.0,,0.0,,1,825.728612,845.529515,19.80090299999995,2.8206,3.8301,1.0094999999999996,4.3385,4.8007,0.4622000000000001,iaa,iaa,1,,0,0,1,1,70.0,,"[4.8007, 15.0514, 15.2095]","[4.8429, 15.0858, 15.2353]",[],[],0.0071,0.0084,1000,1,0.5,5.0,0.0,0,0,1,1,0,1,10,1,0,0.0,0.5,LR,0.0,FD,0,0,0,1,,1.0,0.5,0.4999999999999995,1.0,/dev/ttyACM-Bpod4,stage_training_v6,Emma,pv_nmdar_eranet,2AFC_6,Bpod4,11,36004,11,1.8.2,011_stage_training_v6_20250731-162528,2025-07-31,16:25:40.546205,17:25:53.944565
54,0,1.0,0,0,1,0,,0.0,,,0,845.543812,860.878715,15.334903000000054,2.8181000000000003,3.8276,1.0094999999999996,4.3347,5.334700000000001,1.0000000000000009,aaa,aaa,1,,0,1,0,1,-70.0,70.0,[14.7201],[14.77],[],[],0.0071,0.0084,1000,1,0.5,5.0,0.0,0,0,1,1,0,1,10,1,0,0.0,0.5,LR,0.0,FD,0,0,0,1,,1.0,0.5,0.5,1.0,/dev/ttyACM-Bpod4,stage_training_v6,Emma,pv_nmdar_eranet,2AFC_6,Bpod4,11,36004,11,1.8.2,011_stage_training_v6_20250731-162528,2025-07-31,16:25:40.546205,17:25:53.944565
55,1,,0,0,1,0,,,,,0,860.894512,876.233216,15.338704000000009,2.8206,3.8301,1.0094999999999996,4.3385,5.338500000000001,1.0000000000000009,iaa,iaa,1,,0,0,1,1,70.0,,[],[],[],[],0.0071,0.0084,1000,1,0.5,5.0,0.0,0,0,1,1,0,1,10,1,0,0.0,0.5,LR,0.0,FD,0,0,0,1,,1.0,0.5,0.4999999999999995,1.0,/dev/ttyACM-Bpod4,stage_training_v6,Emma,pv_nmdar_eranet,2AFC_6,Bpod4,11,36004,11,1.8.2,011_stage_training_v6_20250731-162528,2025-07-31,16:25:40.546205,17:25:53.944565
56,0,,1,0,0,0,1.0,,0.0,,1,876.245512,891.035616,14.790104000000042,2.8181000000000003,3.8276,1.0094999999999996,4.3347,4.7899,0.4552000000000005,aaa,aaa,1,,0,1,0,1,-70.0,,"[4.7899, 8.4174, 8.5838]","[4.852, 8.456800000000001, 8.6084]",[],[],0.0071,0.0084,1000,1,0.5,5.0,0.0,0,0,1,1,0,1,10,1,0,0.0,0.5,LR,0.0,FD,0,0,0,1,,1.0,0.5,0.5,1.0,/dev/ttyACM-Bpod4,stage_training_v6,Emma,pv_nmdar_eranet,2AFC_6,Bpod4,11,36004,11,1.8.2,011_stage_training_v6_20250731-162528,2025-07-31,16:25:40.546205,17:25:53.944565
57,1,0.0,0,0,1,0,,1.0,,,0,891.045612,906.384316,15.338704000000009,2.8206,3.8301,1.0094999999999996,4.3385,5.338500000000001,1.0000000000000009,iaa,iaa,1,,0,0,1,1,70.0,-70.0,[7.753],[7.771400000000001],[],[],0.0071,0.0084,1000,1,0.5,5.0,0.0,0,0,1,1,0,1,10,1,0,0.0,0.5,LR,0.0,FD,0,0,0,1,,1.0,0.5,0.4999999999999995,1.0,/dev/ttyACM-Bpod4,stage_training_v6,Emma,pv_nmdar_eranet,2AFC_6,Bpod4,11,36004,11,1.8.2,011_stage_training_v6_20250731-162528,2025-07-31,16:25:40.546205,17:25:53.944565
58,0,,1,0,0,0,1.0,,0.0,,1,906.399912,921.103616,14.703704000000016,2.8181000000000003,3.8276,1.0094999999999996,4.3347,4.7035,0.3688000000000002,aaa,aaa,1,,0,1,0,1,-70.0,,"[4.7035, 4.859100000000001, 10.2514, 12.1082, 12.3068]","[4.7572, 4.8878, 10.2959, 12.1803, 12.3701]","[5.155, 12.1675, 12.3428, 14.6724]","[5.1898, 12.1793, 12.3696]",0.0071,0.0084,1000,1,0.5,5.0,0.0,0,0,1,1,0,1,10,1,0,0.0,0.5,LR,0.0,FD,0,0,0,1,,1.0,0.5,0.5,1.0,/dev/ttyACM-Bpod4,stage_training_v6,Emma,pv_nmdar_eranet,2AFC_6,Bpod4,11,36004,11,1.8.2,011_stage_training_v6_20250731-162528,2025-07-31,16:25:40.546205,17:25:53.944565
59,1,0.0,0,1,0,0,0.0,1.0,0.0,1.0,1,921.132512,940.978916,19.846404000000007,2.8206,3.8301,1.0094999999999996,4.3385,4.8462000000000005,0.5077000000000007,iaa,iaa,1,,0,0,1,1,70.0,-70.0,"[4.8462000000000005, 17.5324, 17.552]","[4.8634, 17.541900000000002, 17.573]","[5.0055000000000005, 5.2846, 5.553, 9.6074, 9.7689, 12.2623, 17.5548, 17.781000000000002]","[5.062600000000001, 5.3207, 5.5905000000000005, 9.6647, 9.819, 12.2983, 17.568, 17.8066]",0.0071,0.0084,1000,1,0.5,5.0,0.0,0,0,1,1,0,1,10,1,0,0.0,0.5,LR,0.0,FD,0,0,0,1,,1.0,0.5,0.4999999999999995,1.0,/dev/ttyACM-Bpod4,stage_training_v6,Emma,pv_nmdar_eranet,2AFC_6,Bpod4,11,36004,11,1.8.2,011_stage_training_v6_20250731-162528,2025-07-31,16:25:40.546205,17:25:53.944565
60,0,1.0,1,0,0,0,1.0,0.0,0.0,1.0,1,940.990012,955.759615,14.769603000000076,2.8181000000000003,3.8276,1.0094999999999996,4.3347,4.7694,0.4347000000000003,aaa,aaa,1,,0,1,0,1,-70.0,70.0,"[4.7694, 6.8615, 7.0334, 10.1986]","[4.8146, 6.9057, 7.0427, 10.2308]",[10.4191],[10.4778],0.0071,0.0084,1000,1,0.5,5.0,0.0,0,0,1,1,0,1,10,1,0,0.0,0.5,LR,0.0,FD,0,0,0,1,,1.0,0.5,0.5,1.0,/dev/ttyACM-Bpod4,stage_training_v6,Emma,pv_nmdar_eranet,2AFC_6,Bpod4,11,36004,11,1.8.2,011_stage_training_v6_20250731-162528,2025-07-31,16:25:40.546205,17:25:53.944565
61,1,0.0,0,0,1,0,,1.0,,,0,955.769312,971.108016,15.338704000000009,2.8206,3.8301,1.0094999999999996,4.3385,5.338500000000001,1.0000000000000009,iaa,iaa,1,,0,0,1,1,70.0,-70.0,"[8.3726, 8.5103, 11.9729, 12.1289]","[8.4095, 8.544500000000001, 11.9982, 12.1595]",[8.8541],[8.9008],0.0071,0.0084,1000,1,0.5,5.0,0.0,0,0,1,1,0,1,10,1,0,0.0,0.5,LR,0.0,FD,0,0,0,1,,1.0,0.5,0.4999999999999995,1.0,/dev/ttyACM-Bpod4,stage_training_v6,Emma,pv_nmdar_eranet,2AFC_6,Bpod4,11,36004,11,1.8.2,011_stage_training_v6_20250731-162528,2025-07-31,16:25:40.546205,17:25:53.944565
62,0,,1,0,0,0,1.0,,0.0,,1,971.121012,985.862116,14.741104000000064,2.8181000000000003,3.8276,1.0094999999999996,4.3347,4.7409,0.4062000000000001,aaa,aaa,1,,0,1,0,1,-70.0,,"[4.7409, 5.0193, 8.406]","[4.7713, 5.055400000000001, 8.4498]","[6.9566, 7.1223, 8.439300000000001, 8.644300000000001, 13.7207, 13.8797, 14.1545]","[7.029, 7.1584, 8.4465, 8.6892, 13.7434, 13.9224, 14.1934]",0.0071,0.0084,1000,1,0.5,5.0,0.0,0,0,1,1,0,1,10,1,0,0.0,0.5,LR,0.0,FD,0,0,0,1,,1.0,0.5,0.5,1.0,/dev/ttyACM-Bpod4,stage_training_v6,Emma,pv_nmdar_eranet,2AFC_6,Bpod4,11,36004,11,1.8.2,011_stage_training_v6_20250731-162528,2025-07-31,16:25:40.546205,17:25:53.944565
63,1,0.0,0,1,0,0,0.0,1.0,0.0,1.0,1,985.880112,1005.628015,19.74790299999995,2.8206,3.8301,1.0094999999999996,4.3385,4.7477,0.4092000000000002,iaa,iaa,1,,0,0,1,1,70.0,-70.0,"[4.7477, 10.3905]","[4.7773, 10.416]","[14.3325, 18.3436, 18.594900000000003, 18.8999, 19.214]","[14.3655, 18.3748, 18.6332, 18.9339, 19.250400000000003]",0.0071,0.0084,1000,1,0.5,5.0,0.0,0,0,1,1,0,1,10,1,0,0.0,0.5,LR,0.0,FD,0,0,0,1,,1.0,0.5,0.4999999999999995,1.0,/dev/ttyACM-Bpod4,stage_training_v6,Emma,pv_nmdar_eranet,2AFC_6,Bpod4,11,36004,11,1.8.2,011_stage_training_v6_20250731-162528,2025-07-31,16:25:40.546205,17:25:53.944565
64,0,1.0,0,1,0,0,0.0,0.0,1.0,0.0,1,1005.647412,1025.343416,19.696003999999903,2.8181000000000003,3.8276,1.0094999999999996,4.3347,4.6958,0.3611000000000004,aaa,aaa,1,,0,1,0,1,-70.0,70.0,"[4.7038, 8.626900000000001, 12.5451, 12.8399, 15.4913]","[4.7116, 8.6668, 12.5601, 12.8702, 15.5]","[4.6958, 12.8476, 15.490200000000002]","[4.7336, 12.8628, 15.5135]",0.0071,0.0084,1000,1,0.5,5.0,0.0,0,0,1,1,0,1,10,1,0,0.0,0.5,LR,0.0,FD,0,0,0,1,,1.0,0.5,0.5,1.0,/dev/ttyACM-Bpod4,stage_training_v6,Emma,pv_nmdar_eranet,2AFC_6,Bpod4,11,36004,11,1.8.2,011_stage_training_v6_20250731-162528,2025-07-31,16:25:40.546205,17:25:53.944565
65,1,1.0,0,0,1,0,,0.0,,,0,1025.357512,1040.696215,15.338702999999896,2.8206,3.8301,1.0094999999999996,4.3385,5.338500000000001,1.0000000000000009,iaa,iaa,1,,0,0,1,1,70.0,70.0,"[10.7297, 10.7979, 11.1116, 11.1919, 11.2708, 11.3132, 11.3635]","[10.7619, 10.8285, 11.1334, 11.1976, 11.2767, 11.3432, 11.3664]","[10.3373, 10.4443, 10.5367, 10.551, 10.5801, 10.6828, 10.7536, 11.0752, 11.1104, 11.2126, 11.2144, 11.2501, 11.2708]","[10.3735, 10.5293, 10.5421, 10.5539, 10.6374, 10.6945, 10.7809, 11.0863, 11.2009, 11.2135, 11.2152, 11.2503, 11.3481]",0.0071,0.0084,1000,1,0.5,5.0,0.0,0,0,1,1,0,1,10,1,0,0.0,0.5,LR,0.0,FD,0,0,0,1,,1.0,0.5,0.4999999999999995,1.0,/dev/ttyACM-Bpod4,stage_training_v6,Emma,pv_nmdar_eranet,2AFC_6,Bpod4,11,36004,11,1.8.2,011_stage_training_v6_20250731-162528,2025-07-31,16:25:40.546205,17:25:53.944565
66,0,,1,0,0,0,1.0,,0.0,,1,1040.714312,1055.767616,15.053304000000026,2.8181000000000003,3.8276,1.0094999999999996,4.3347,5.053100000000001,0.7184000000000008,aaa,aaa,1,,0,1,0,1,-70.0,,"[5.053100000000001, 8.3252]","[5.0782, 8.3339]",[5.0576],[5.0795],0.0071,0.0084,1000,1,0.5,5.0,0.0,0,0,1,1,0,1,10,1,0,0.0,0.5,LR,0.0,FD,0,0,0,1,,1.0,0.5,0.5,1.0,/dev/ttyACM-Bpod4,stage_training_v6,Emma,pv_nmdar_eranet,2AFC_6,Bpod4,11,36004,11,1.8.2,011_stage_training_v6_20250731-162528,2025-07-31,16:25:40.546205,17:25:53.944565
67,1,0.0,0,0,1,0,,1.0,,,0,1055.781012,1071.119716,15.338704000000009,2.8206,3.8301,1.0094999999999996,4.3385,5.338500000000001,1.0000000000000009,iaa,iaa,1,,0,0,1,1,70.0,-70.0,"[6.7144, 6.865, 8.5238]","[6.7521, 6.9034, 8.588000000000001]",[8.8726],[8.9193],0.0071,0.0084,1000,1,0.5,5.0,0.0,0,0,1,1,0,1,10,1,0,0.0,0.5,LR,0.0,FD,0,0,0,1,,1.0,0.5,0.4999999999999995,1.0,/dev/ttyACM-Bpod4,stage_training_v6,Emma,pv_nmdar_eranet,2AFC_6,Bpod4,11,36004,11,1.8.2,011_stage_training_v6_20250731-162528,2025-07-31,16:25:40.546205,17:25:53.944565
68,0,,0,0,1,0,,,,,0,1071.132512,1086.467416,15.334904000000051,2.8181000000000003,3.8276,1.0094999999999996,4.3347,5.334700000000001,1.0000000000000009,aaa,aaa,1,,0,1,0,1,-70.0,,[15.2252],[15.2348],[],[],0.0071,0.0084,1000,1,0.5,5.0,0.0,0,0,1,1,0,1,10,1,0,0.0,0.5,LR,0.0,FD,0,0,0,1,,1.0,0.5,0.5,1.0,/dev/ttyACM-Bpod4,stage_training_v6,Emma,pv_nmdar_eranet,2AFC_6,Bpod4,11,36004,11,1.8.2,011_stage_training_v6_20250731-162528,2025-07-31,16:25:40.546205,17:25:53.944565
69,1,,0,0,1,0,,,,,0,1086.480112,1101.818815,15.338703000000123,2.8206,3.8301,1.0094999999999996,4.3385,5.338500000000001,1.0000000000000009,iaa,iaa,1,,0,0,1,1,70.0,,"[12.8683, 13.0278]","[12.8916, 13.0625]",[],[],0.0071,0.0084,1000,1,0.5,5.0,0.0,0,0,1,1,0,1,10,1,0,0.0,0.5,LR,0.0,FD,0,0,0,1,,1.0,0.5,0.4999999999999995,1.0,/dev/ttyACM-Bpod4,stage_training_v6,Emma,pv_nmdar_eranet,2AFC_6,Bpod4,11,36004,11,1.8.2,011_stage_training_v6_20250731-162528,2025-07-31,16:25:40.546205,17:25:53.944565
70,0,,1,0,0,0,1.0,,0.0,,1,1101.832612,1116.868816,15.036203999999998,2.8181000000000003,3.8276,1.0094999999999996,4.3347,5.0360000000000005,0.7013000000000007,aaa,aaa,1,,0,1,0,1,-70.0,,"[5.0360000000000005, 10.8282]","[5.0801, 10.8399]",[],[],0.0071,0.0084,1000,1,0.5,5.0,0.0,0,0,1,1,0,1,10,1,0,0.0,0.5,LR,0.0,FD,0,0,0,1,,1.0,0.5,0.5,1.0,/dev/ttyACM-Bpod4,stage_training_v6,Emma,pv_nmdar_eranet,2AFC_6,Bpod4,11,36004,11,1.8.2,011_stage_training_v6_20250731-162528,2025-07-31,16:25:40.546205,17:25:53.944565
71,1,0.0,0,0,1,0,,1.0,,,0,1116.883212,1132.221915,15.338703000000123,2.8206,3.8301,1.0094999999999996,4.3385,5.338500000000001,1.0000000000000009,iaa,iaa,1,,0,0,1,1,70.0,-70.0,[15.2832],[15.3275],"[7.0072, 7.2502, 7.4968, 7.749300000000001, 8.1379, 8.2912, 8.419, 8.6053, 8.9326]","[7.0436000000000005, 7.2864, 7.5215, 7.778700000000001, 8.1734, 8.315900000000001, 8.4547, 8.6392, 8.9907]",0.0071,0.0084,1000,1,0.5,5.0,0.0,0,0,1,1,0,1,10,1,0,0.0,0.5,LR,0.0,FD,0,0,0,1,,1.0,0.5,0.4999999999999995,1.0,/dev/ttyACM-Bpod4,stage_training_v6,Emma,pv_nmdar_eranet,2AFC_6,Bpod4,11,36004,11,1.8.2,011_stage_training_v6_20250731-162528,2025-07-31,16:25:40.546205,17:25:53.944565
72,0,,1,0,0,0,1.0,,0.0,,1,1132.236712,1147.027816,14.791104000000132,2.8181000000000003,3.8276,1.0094999999999996,4.3347,4.790900000000001,0.4562000000000008,aaa,aaa,1,,0,1,0,1,-70.0,,"[4.790900000000001, 4.9434000000000005, 11.4573, 11.6162]","[4.822900000000001, 4.9739, 11.4845, 11.621]",[],[],0.0071,0.0084,1000,1,0.5,5.0,0.0,0,0,1,1,0,1,10,1,0,0.0,0.5,LR,0.0,FD,0,0,0,1,,1.0,0.5,0.5,1.0,/dev/ttyACM-Bpod4,stage_training_v6,Emma,pv_nmdar_eranet,2AFC_6,Bpod4,11,36004,11,1.8.2,011_stage_training_v6_20250731-162528,2025-07-31,16:25:40.546205,17:25:53.944565
73,1,0.0,0,0,1,0,,1.0,,,0,1147.040712,1162.379416,15.338704000000009,2.8206,3.8301,1.0094999999999996,4.3385,5.338500000000001,1.0000000000000009,iaa,iaa,1,,0,0,1,1,70.0,-70.0,"[12.8623, 13.0371]","[12.8887, 13.0552]",[],[],0.0071,0.0084,1000,1,0.5,5.0,0.0,0,0,1,1,0,1,10,1,0,0.0,0.5,LR,0.0,FD,0,0,0,1,,1.0,0.5,0.4999999999999995,1.0,/dev/ttyACM-Bpod4,stage_training_v6,Emma,pv_nmdar_eranet,2AFC_6,Bpod4,11,36004,11,1.8.2,011_stage_training_v6_20250731-162528,2025-07-31,16:25:40.546205,17:25:53.944565
74,0,,1,0,0,0,1.0,,0.0,,1,1162.389912,1177.192515,14.802602999999865,2.8181000000000003,3.8276,1.0094999999999996,4.3347,4.8024,0.4677000000000006,aaa,aaa,1,,0,1,0,1,-70.0,,"[4.8024, 4.9594000000000005]","[4.835500000000001, 4.9775]",[],[],0.0071,0.0084,1000,1,0.5,5.0,0.0,0,0,1,1,0,1,10,1,0,0.0,0.5,LR,0.0,FD,0,0,0,1,,1.0,0.5,0.5,1.0,/dev/ttyACM-Bpod4,stage_training_v6,Emma,pv_nmdar_eranet,2AFC_6,Bpod4,11,36004,11,1.8.2,011_stage_training_v6_20250731-162528,2025-07-31,16:25:40.546205,17:25:53.944565
75,1,0.0,0,1,0,0,0.0,1.0,0.0,1.0,1,1177.221112,1196.940515,19.719403000000057,2.8206,3.8301,1.0094999999999996,4.3385,4.7192,0.3807,iaa,iaa,1,,0,0,1,1,70.0,-70.0,[4.7192],[4.7805],"[5.0444, 5.375900000000001, 5.636900000000001, 5.772600000000001]","[5.0762, 5.4173, 5.6677, 5.7976]",0.0071,0.0084,1000,1,0.5,5.0,0.0,0,0,1,1,0,1,10,1,0,0.0,0.5,LR,0.0,FD,0,0,0,1,,1.0,0.5,0.4999999999999995,1.0,/dev/ttyACM-Bpod4,stage_training_v6,Emma,pv_nmdar_eranet,2AFC_6,Bpod4,11,36004,11,1.8.2,011_stage_training_v6_20250731-162528,2025-07-31,16:25:40.546205,17:25:53.944565
76,0,1.0,1,0,0,0,1.0,0.0,0.0,1.0,1,1196.954712,1212.272016,15.317303999999922,2.8181000000000003,3.8276,1.0094999999999996,4.3347,5.3171,0.9824000000000002,aaa,aaa,1,,0,1,0,1,-70.0,70.0,"[5.3171, 6.2114]","[5.3604, 6.2706]",[5.9828],[5.997800000000001],0.0071,0.0084,1000,1,0.5,5.0,0.0,0,0,1,1,0,1,10,1,0,0.0,0.5,LR,0.0,FD,0,0,0,1,,1.0,0.5,0.5,1.0,/dev/ttyACM-Bpod4,stage_training_v6,Emma,pv_nmdar_eranet,2AFC_6,Bpod4,11,36004,11,1.8.2,011_stage_training_v6_20250731-162528,2025-07-31,16:25:40.546205,17:25:53.944565
77,1,0.0,0,0,1,0,,1.0,,,0,1212.286012,1227.624715,15.338702999999896,2.8206,3.8301,1.0094999999999996,4.3385,5.338500000000001,1.0000000000000009,iaa,iaa,1,,0,0,1,1,70.0,-70.0,"[8.2332, 8.3781]","[8.269400000000001, 8.4207]",[13.9264],[13.9516],0.0071,0.0084,1000,1,0.5,5.0,0.0,0,0,1,1,0,1,10,1,0,0.0,0.5,LR,0.0,FD,0,0,0,1,,1.0,0.5,0.4999999999999995,1.0,/dev/ttyACM-Bpod4,stage_training_v6,Emma,pv_nmdar_eranet,2AFC_6,Bpod4,11,36004,11,1.8.2,011_stage_training_v6_20250731-162528,2025-07-31,16:25:40.546205,17:25:53.944565
78,0,,0,0,1,0,,,,,0,1227.641412,1242.976315,15.334903000000168,2.8181000000000003,3.8276,1.0094999999999996,4.3347,5.334700000000001,1.0000000000000009,aaa,aaa,1,,0,1,0,1,-70.0,,"[10.1572, 10.4416, 13.6679, 13.8423]","[10.1785, 10.4769, 13.7022, 13.863]",[],[],0.0071,0.0084,1000,1,0.5,5.0,0.0,0,0,1,1,0,1,10,1,0,0.0,0.5,LR,0.0,FD,0,0,0,1,,1.0,0.5,0.5,1.0,/dev/ttyACM-Bpod4,stage_training_v6,Emma,pv_nmdar_eranet,2AFC_6,Bpod4,11,36004,11,1.8.2,011_stage_training_v6_20250731-162528,2025-07-31,16:25:40.546205,17:25:53.944565
79,1,,0,1,0,0,0.0,,0.0,,1,1242.990612,1262.769215,19.778602999999976,2.8206,3.8301,1.0094999999999996,4.3385,4.7784,0.4399000000000006,iaa,iaa,1,,0,0,1,1,70.0,,"[4.7784, 4.9343, 8.4471]","[4.8068, 4.939, 8.4641]",[],[],0.0071,0.0084,1000,1,0.5,5.0,0.0,0,0,1,1,0,1,10,1,0,0.0,0.5,LR,0.0,FD,0,0,0,1,,1.0,0.5,0.4999999999999995,1.0,/dev/ttyACM-Bpod4,stage_training_v6,Emma,pv_nmdar_eranet,2AFC_6,Bpod4,11,36004,11,1.8.2,011_stage_training_v6_20250731-162528,2025-07-31,16:25:40.546205,17:25:53.944565
80,0,1.0,0,0,1,0,,0.0,,,0,1262.781412,1278.116315,15.33490299999994,2.8181000000000003,3.8276,1.0094999999999996,4.3347,5.334700000000001,1.0000000000000009,aaa,aaa,1,,0,1,0,1,-70.0,70.0,"[11.4228, 11.7425, 15.0887]","[11.469, 11.7756, 15.1326]",[],[],0.0071,0.0084,1000,1,0.5,5.0,0.0,0,0,1,1,0,1,10,1,0,0.0,0.5,LR,0.0,FD,0,0,0,1,,1.0,0.5,0.5,1.0,/dev/ttyACM-Bpod4,stage_training_v6,Emma,pv_nmdar_eranet,2AFC_6,Bpod4,11,36004,11,1.8.2,011_stage_training_v6_20250731-162528,2025-07-31,16:25:40.546205,17:25:53.944565
81,1,,0,0,1,0,,,,,0,1278.130412,1293.469115,15.338703000000123,2.8206,3.8301,1.0094999999999996,4.3385,5.338500000000001,1.0000000000000009,iaa,iaa,1,,0,0,1,1,70.0,,"[7.9404, 8.122200000000001, 11.4858, 11.6305, 14.083, 15.257700000000002]","[7.9703, 8.1454, 11.4962, 11.6781, 14.1302, 15.2688]",[],[],0.0071,0.0084,1000,1,0.5,5.0,0.0,0,0,1,1,0,1,10,1,0,0.0,0.5,LR,0.0,FD,0,0,0,1,,1.0,0.5,0.4999999999999995,1.0,/dev/ttyACM-Bpod4,stage_training_v6,Emma,pv_nmdar_eranet,2AFC_6,Bpod4,11,36004,11,1.8.2,011_stage_training_v6_20250731-162528,2025-07-31,16:25:40.546205,17:25:53.944565
82,0,,0,0,1,0,,,,,0,1293.484212,1308.819115,15.33490299999994,2.8181000000000003,3.8276,1.0094999999999996,4.3347,5.334700000000001,1.0000000000000009,aaa,aaa,1,,0,1,0,1,-70.0,,[12.1046],[12.1145],[],[],0.0071,0.0084,1000,1,0.5,5.0,0.0,0,0,1,1,0,1,10,1,0,0.0,0.5,LR,0.0,FD,0,0,0,1,,1.0,0.5,0.5,1.0,/dev/ttyACM-Bpod4,stage_training_v6,Emma,pv_nmdar_eranet,2AFC_6,Bpod4,11,36004,11,1.8.2,011_stage_training_v6_20250731-162528,2025-07-31,16:25:40.546205,17:25:53.944565
83,1,,0,0,1,0,,,,,0,1308.834512,1324.173216,15.338704000000009,2.8206,3.8301,1.0094999999999996,4.3385,5.338500000000001,1.0000000000000009,iaa,iaa,1,,0,0,1,1,70.0,,[5.6695],[5.6855],[],[],0.0071,0.0084,1000,1,0.5,5.0,0.0,0,0,1,1,0,1,10,1,0,0.0,0.5,LR,0.0,FD,0,0,0,1,,1.0,0.5,0.4999999999999995,1.0,/dev/ttyACM-Bpod4,stage_training_v6,Emma,pv_nmdar_eranet,2AFC_6,Bpod4,11,36004,11,1.8.2,011_stage_training_v6_20250731-162528,2025-07-31,16:25:40.546205,17:25:53.944565
84,0,,1,0,0,0,1.0,,0.0,,1,1324.186312,1339.214116,15.02780400000006,2.8181000000000003,3.8276,1.0094999999999996,4.3347,5.0276000000000005,0.6929000000000007,aaa,aaa,1,,0,1,0,1,-70.0,,[5.0276000000000005],[5.0525],[],[],0.0071,0.0084,1000,1,0.5,5.0,0.0,0,0,1,1,0,1,10,1,0,0.0,0.5,LR,0.0,FD,0,0,0,1,,1.0,0.5,0.5,1.0,/dev/ttyACM-Bpod4,stage_training_v6,Emma,pv_nmdar_eranet,2AFC_6,Bpod4,11,36004,11,1.8.2,011_stage_training_v6_20250731-162528,2025-07-31,16:25:40.546205,17:25:53.944565
85,1,0.0,0,1,0,0,0.0,1.0,0.0,1.0,1,1339.225212,1358.936916,19.71170400000005,2.8206,3.8301,1.0094999999999996,4.3385,4.7115,0.3730000000000002,iaa,iaa,1,,0,0,1,1,70.0,-70.0,[4.7115],[4.7838],"[5.1153, 5.488, 5.6222, 5.8676, 11.1222, 11.2618, 11.389, 11.5085, 11.6459, 11.7693, 12.0269, 12.31, 12.6011, 13.033, 13.7597, 14.5292]","[5.166, 5.5025, 5.6551, 5.891100000000001, 11.1554, 11.2883, 11.3989, 11.525, 11.6659, 11.7911, 12.0564, 12.3463, 12.6343, 13.0741, 13.7993, 14.5599]",0.0071,0.0084,1000,1,0.5,5.0,0.0,0,0,1,1,0,1,10,1,0,0.0,0.5,LR,0.0,FD,0,0,0,1,,1.0,0.5,0.4999999999999995,1.0,/dev/ttyACM-Bpod4,stage_training_v6,Emma,pv_nmdar_eranet,2AFC_6,Bpod4,11,36004,11,1.8.2,011_stage_training_v6_20250731-162528,2025-07-31,16:25:40.546205,17:25:53.944565
86,0,1.0,0,0,1,0,,0.0,,,0,1358.950812,1374.285716,15.334904000000051,2.8181000000000003,3.8276,1.0094999999999996,4.3347,5.334700000000001,1.0000000000000009,aaa,aaa,1,,0,1,0,1,-70.0,70.0,[],[],[],[],0.0071,0.0084,1000,1,0.5,5.0,0.0,0,0,1,1,0,1,10,1,0,0.0,0.5,LR,0.0,FD,0,0,0,1,,1.0,0.5,0.5,1.0,/dev/ttyACM-Bpod4,stage_training_v6,Emma,pv_nmdar_eranet,2AFC_6,Bpod4,11,36004,11,1.8.2,011_stage_training_v6_20250731-162528,2025-07-31,16:25:40.546205,17:25:53.944565
87,1,,0,0,1,0,,,,,0,1374.301112,1389.639815,15.338702999999896,2.8206,3.8301,1.0094999999999996,4.3385,5.338500000000001,1.0000000000000009,iaa,iaa,1,,0,0,1,1,70.0,,"[10.3579, 10.5113, 15.0281, 15.1657]","[10.4001, 10.5413, 15.0535, 15.1934]",[],[],0.0071,0.0084,1000,1,0.5,5.0,0.0,0,0,1,1,0,1,10,1,0,0.0,0.5,LR,0.0,FD,0,0,0,1,,1.0,0.5,0.4999999999999995,1.0,/dev/ttyACM-Bpod4,stage_training_v6,Emma,pv_nmdar_eranet,2AFC_6,Bpod4,11,36004,11,1.8.2,011_stage_training_v6_20250731-162528,2025-07-31,16:25:40.546205,17:25:53.944565
88,0,,1,0,0,0,1.0,,0.0,,1,1389.652512,1404.706416,15.053904000000102,2.8181000000000003,3.8276,1.0094999999999996,4.3347,5.0537,0.7190000000000003,aaa,aaa,1,,0,1,0,1,-70.0,,"[5.0537, 5.444, 5.7903, 10.4102, 10.5374, 13.3031]","[5.0933, 5.4503, 5.8236, 10.4161, 10.5716, 13.3394]",[],[],0.0071,0.0084,1000,1,0.5,5.0,0.0,0,0,1,1,0,1,10,1,0,0.0,0.5,LR,0.0,FD,0,0,0,1,,1.0,0.5,0.5,1.0,/dev/ttyACM-Bpod4,stage_training_v6,Emma,pv_nmdar_eranet,2AFC_6,Bpod4,11,36004,11,1.8.2,011_stage_training_v6_20250731-162528,2025-07-31,16:25:40.546205,17:25:53.944565
89,1,0.0,0,0,1,0,,1.0,,,0,1404.719512,1420.058215,15.338703000000123,2.8206,3.8301,1.0094999999999996,4.3385,5.338500000000001,1.0000000000000009,iaa,iaa,1,,0,0,1,1,70.0,-70.0,[13.735],[13.748],[],[],0.0071,0.0084,1000,1,0.5,5.0,0.0,0,0,1,1,0,1,10,1,0,0.0,0.5,LR,0.0,FD,0,0,0,1,,1.0,0.5,0.4999999999999995,1.0,/dev/ttyACM-Bpod4,stage_training_v6,Emma,pv_nmdar_eranet,2AFC_6,Bpod4,11,36004,11,1.8.2,011_stage_training_v6_20250731-162528,2025-07-31,16:25:40.546205,17:25:53.944565
90,0,,0,1,0,0,0.0,,1.0,,1,1420.070912,1440.176615,20.105703000000176,2.8181000000000003,3.8276,1.0094999999999996,4.3347,5.1055,0.7708000000000004,aaa,aaa,1,,0,1,0,1,-70.0,,[11.8505],[11.8691],"[5.1055, 5.348, 5.4709, 5.5842, 5.8519000000000005, 13.3001, 13.4641]","[5.1516, 5.3734, 5.4833, 5.6023000000000005, 5.8762, 13.313, 13.4911]",0.0071,0.0084,1000,1,0.5,5.0,0.0,0,0,1,1,0,1,10,1,0,0.0,0.5,LR,0.0,FD,0,0,0,1,,1.0,0.5,0.5,1.0,/dev/ttyACM-Bpod4,stage_training_v6,Emma,pv_nmdar_eranet,2AFC_6,Bpod4,11,36004,11,1.8.2,011_stage_training_v6_20250731-162528,2025-07-31,16:25:40.546205,17:25:53.944565
91,1,1.0,0,1,0,0,0.0,0.0,0.0,0.0,1,1440.192112,1459.951016,19.75890400000003,2.8206,3.8301,1.0094999999999996,4.3385,4.7587,0.4202000000000003,iaa,iaa,1,,0,0,1,1,70.0,70.0,[4.7587],[4.7609],"[10.0748, 10.221, 10.3885]","[10.1198, 10.2522, 10.4171]",0.0071,0.0084,1000,1,0.5,5.0,0.0,0,0,1,1,0,1,10,1,0,0.0,0.5,LR,0.0,FD,0,0,0,1,,1.0,0.5,0.4999999999999995,1.0,/dev/ttyACM-Bpod4,stage_training_v6,Emma,pv_nmdar_eranet,2AFC_6,Bpod4,11,36004,11,1.8.2,011_stage_training_v6_20250731-162528,2025-07-31,16:25:40.546205,17:25:53.944565
92,0,1.0,0,0,1,0,,0.0,,,0,1459.967412,1475.302316,15.334904000000051,2.8181000000000003,3.8276,1.0094999999999996,4.3347,5.334700000000001,1.0000000000000009,aaa,aaa,1,,0,1,0,1,-70.0,70.0,"[9.9115, 10.0566, 12.5307, 12.7034]","[9.9494, 10.0923, 12.5581, 12.7291]",[],[],0.0071,0.0084,1000,1,0.5,5.0,0.0,0,0,1,1,0,1,10,1,0,0.0,0.5,LR,0.0,FD,0,0,0,1,,1.0,0.5,0.5,1.0,/dev/ttyACM-Bpod4,stage_training_v6,Emma,pv_nmdar_eranet,2AFC_6,Bpod4,11,36004,11,1.8.2,011_stage_training_v6_20250731-162528,2025-07-31,16:25:40.546205,17:25:53.944565
93,1,,0,0,1,0,,,,,0,1475.323012,1490.661715,15.338702999999896,2.8206,3.8301,1.0094999999999996,4.3385,5.338500000000001,1.0000000000000009,iaa,iaa,1,,0,0,1,1,70.0,,[],[],[],[],0.0071,0.0084,1000,1,0.5,5.0,0.0,0,0,1,1,0,1,10,1,0,0.0,0.5,LR,0.0,FD,0,0,0,1,,1.0,0.5,0.4999999999999995,1.0,/dev/ttyACM-Bpod4,stage_training_v6,Emma,pv_nmdar_eranet,2AFC_6,Bpod4,11,36004,11,1.8.2,011_stage_training_v6_20250731-162528,2025-07-31,16:25:40.546205,17:25:53.944565
94,0,,0,0,1,0,,,,,0,1490.672112,1506.007016,15.334904000000051,2.8181000000000003,3.8276,1.0094999999999996,4.3347,5.334700000000001,1.0000000000000009,aaa,aaa,1,,0,1,0,1,-70.0,,"[7.160900000000001, 7.1931, 7.207800000000001, 11.8418]","[7.168500000000001, 7.2039, 7.2183, 11.8438]","[7.1006, 8.5074, 9.8307, 10.6887, 10.7349, 10.842, 10.9198, 10.9635, 11.1724, 11.7603, 11.7954, 11.8486, 12.3831, 12.5603, 13.4866]","[7.1367, 8.5229, 9.8637, 10.7105, 10.7725, 10.8469, 10.9243, 10.9723, 11.1777, 11.7663, 11.8053, 12.0227, 12.4063, 12.5918, 13.5015]",0.0071,0.0084,1000,1,0.5,5.0,0.0,0,0,1,1,0,1,10,1,0,0.0,0.5,LR,0.0,FD,0,0,0,1,,1.0,0.5,0.5,1.0,/dev/ttyACM-Bpod4,stage_training_v6,Emma,pv_nmdar_eranet,2AFC_6,Bpod4,11,36004,11,1.8.2,011_stage_training_v6_20250731-162528,2025-07-31,16:25:40.546205,17:25:53.944565
95,1,,0,0,1,0,,,,,0,1506.021212,1521.359916,15.338704000000009,2.8206,3.8301,1.0094999999999996,4.3385,5.338500000000001,1.0000000000000009,iaa,iaa,1,,0,0,1,1,70.0,,[],[],[],[],0.0071,0.0084,1000,1,0.5,5.0,0.0,0,0,1,1,0,1,10,1,0,0.0,0.5,LR,0.0,FD,0,0,0,1,,1.0,0.5,0.4999999999999995,1.0,/dev/ttyACM-Bpod4,stage_training_v6,Emma,pv_nmdar_eranet,2AFC_6,Bpod4,11,36004,11,1.8.2,011_stage_training_v6_20250731-162528,2025-07-31,16:25:40.546205,17:25:53.944565
96,0,,0,0,1,0,,,,,0,1521.374612,1536.709516,15.334903999999824,2.8181000000000003,3.8276,1.0094999999999996,4.3347,5.334700000000001,1.0000000000000009,aaa,aaa,1,,0,1,0,1,-70.0,,[],[],[],[],0.0071,0.0084,1000,1,0.5,5.0,0.0,0,0,1,1,0,1,10,1,0,0.0,0.5,LR,0.0,FD,0,0,0,1,,1.0,0.5,0.5,1.0,/dev/ttyACM-Bpod4,stage_training_v6,Emma,pv_nmdar_eranet,2AFC_6,Bpod4,11,36004,11,1.8.2,011_stage_training_v6_20250731-162528,2025-07-31,16:25:40.546205,17:25:53.944565
97,1,,0,0,1,0,,,,,0,1536.723512,1552.062216,15.338704000000009,2.8206,3.8301,1.0094999999999996,4.3385,5.338500000000001,1.0000000000000009,iaa,iaa,1,,0,0,1,1,70.0,,[],[],[],[],0.0071,0.0084,1000,1,0.5,5.0,0.0,0,0,1,1,0,1,10,1,0,0.0,0.5,LR,0.0,FD,0,0,0,1,,1.0,0.5,0.4999999999999995,1.0,/dev/ttyACM-Bpod4,stage_training_v6,Emma,pv_nmdar_eranet,2AFC_6,Bpod4,11,36004,11,1.8.2,011_stage_training_v6_20250731-162528,2025-07-31,16:25:40.546205,17:25:53.944565
98,0,,0,1,0,0,0.0,,1.0,,1,1552.073012,1572.391916,20.31890399999997,2.8181000000000003,3.8276,1.0094999999999996,4.3347,5.318700000000001,0.9840000000000008,aaa,aaa,1,,0,1,0,1,-70.0,,[],[],"[5.318700000000001, 5.830900000000001, 10.2547, 10.5159]","[5.3541, 5.8424000000000005, 10.2859, 10.5341]",0.0071,0.0084,1000,1,0.5,5.0,0.0,0,0,1,1,0,1,10,1,0,0.0,0.5,LR,0.0,FD,0,0,0,1,,1.0,0.5,0.5,1.0,/dev/ttyACM-Bpod4,stage_training_v6,Emma,pv_nmdar_eranet,2AFC_6,Bpod4,11,36004,11,1.8.2,011_stage_training_v6_20250731-162528,2025-07-31,16:25:40.546205,17:25:53.944565
99,1,1.0,1,0,0,0,1.0,0.0,1.0,1.0,1,1572.465512,1587.328516,14.863004000000046,2.8206,3.8301,1.0094999999999996,4.3385,4.8628,0.5243000000000002,iaa,iaa,1,,0,0,1,1,70.0,70.0,[],[],"[4.8628, 5.0934, 10.4768]","[4.8906, 5.11, 10.488]",0.0071,0.0084,1000,1,0.5,5.0,0.0,0,0,1,1,0,1,10,1,0,0.0,0.5,LR,0.0,FD,0,0,0,1,,1.0,0.5,0.4999999999999995,1.0,/dev/ttyACM-Bpod4,stage_training_v6,Emma,pv_nmdar_eranet,2AFC_6,Bpod4,11,36004,11,1.8.2,011_stage_training_v6_20250731-162528,2025-07-31,16:25:40.546205,17:25:53.944565
100,0,0.0,0,1,0,0,0.0,1.0,1.0,1.0,1,1587.344112,1607.541415,20.19730299999992,2.8181000000000003,3.8276,1.0094999999999996,4.3347,5.1971,0.8624,aaa,aaa,1,,0,1,0,1,-70.0,-70.0,[5.202500000000001],[5.2279],"[5.1971, 17.361700000000003]","[5.234100000000001, 17.4064]",0.0071,0.0084,1000,1,0.5,5.0,0.0,0,0,1,1,0,1,10,1,0,0.0,0.5,LR,0.0,FD,0,0,0,1,,1.0,0.5,0.5,1.0,/dev/ttyACM-Bpod4,stage_training_v6,Emma,pv_nmdar_eranet,2AFC_6,Bpod4,11,36004,11,1.8.2,011_stage_training_v6_20250731-162528,2025-07-31,16:25:40.546205,17:25:53.944565
101,1,1.0,0,0,1,0,,0.0,,,0,1607.558012,1622.896715,15.338703000000123,2.8206,3.8301,1.0094999999999996,4.3385,5.338500000000001,1.0000000000000009,iaa,iaa,1,,0,0,1,1,70.0,70.0,[9.9848],[10.0467],[9.9934],[10.0464],0.0071,0.0084,1000,1,0.5,5.0,0.0,0,0,1,1,0,1,10,1,0,0.0,0.5,LR,0.0,FD,0,0,0,1,,1.0,0.5,0.4999999999999995,1.0,/dev/ttyACM-Bpod4,stage_training_v6,Emma,pv_nmdar_eranet,2AFC_6,Bpod4,11,36004,11,1.8.2,011_stage_training_v6_20250731-162528,2025-07-31,16:25:40.546205,17:25:53.944565
102,0,,0,0,1,0,,,,,0,1622.910812,1638.245715,15.33490299999994,2.8181000000000003,3.8276,1.0094999999999996,4.3347,5.334700000000001,1.0000000000000009,aaa,aaa,1,,0,1,0,1,-70.0,,[],[],[],[],0.0071,0.0084,1000,1,0.5,5.0,0.0,0,0,1,1,0,1,10,1,0,0.0,0.5,LR,0.0,FD,0,0,0,1,,1.0,0.5,0.5,1.0,/dev/ttyACM-Bpod4,stage_training_v6,Emma,pv_nmdar_eranet,2AFC_6,Bpod4,11,36004,11,1.8.2,011_stage_training_v6_20250731-162528,2025-07-31,16:25:40.546205,17:25:53.944565
103,1,,0,1,0,0,0.0,,0.0,,1,1638.257912,1658.264816,20.00690400000008,2.8206,3.8301,1.0094999999999996,4.3385,5.0067,0.6682000000000006,iaa,iaa,1,,0,0,1,1,70.0,,"[5.0067, 15.3018, 15.5701]","[5.021100000000001, 15.3222, 15.597]",[],[],0.0071,0.0084,1000,1,0.5,5.0,0.0,0,0,1,1,0,1,10,1,0,0.0,0.5,LR,0.0,FD,0,0,0,1,,1.0,0.5,0.4999999999999995,1.0,/dev/ttyACM-Bpod4,stage_training_v6,Emma,pv_nmdar_eranet,2AFC_6,Bpod4,11,36004,11,1.8.2,011_stage_training_v6_20250731-162528,2025-07-31,16:25:40.546205,17:25:53.944565
104,0,1.0,1,0,0,0,1.0,0.0,0.0,1.0,1,1658.280212,1672.977716,14.697504000000208,2.8181000000000003,3.8276,1.0094999999999996,4.3347,4.6973,0.3626000000000005,aaa,aaa,1,,0,1,0,1,-70.0,70.0,"[4.6973, 11.6469, 11.6898, 11.7455, 11.8976, 12.1047, 13.1217]","[4.7451, 11.6827, 11.7067, 11.8345, 11.9357, 12.1334, 13.1742]","[4.9495000000000005, 10.5904, 11.3397, 11.6495, 11.7442, 11.7733, 11.8934, 12.1048]","[4.978800000000001, 10.6087, 11.3969, 11.7152, 11.753, 11.8355, 11.9781, 12.2004]",0.0071,0.0084,1000,1,0.5,5.0,0.0,0,0,1,1,0,1,10,1,0,0.0,0.5,LR,0.0,FD,0,0,0,1,,1.0,0.5,0.5,1.0,/dev/ttyACM-Bpod4,stage_training_v6,Emma,pv_nmdar_eranet,2AFC_6,Bpod4,11,36004,11,1.8.2,011_stage_training_v6_20250731-162528,2025-07-31,16:25:40.546205,17:25:53.944565
105,1,0.0,0,0,1,0,,1.0,,,0,1672.990712,1688.329415,15.338702999999896,2.8206,3.8301,1.0094999999999996,4.3385,5.338500000000001,1.0000000000000009,iaa,iaa,1,,0,0,1,1,70.0,-70.0,[],[],[5.5004],[5.5266],0.0071,0.0084,1000,1,0.5,5.0,0.0,0,0,1,1,0,1,10,1,0,0.0,0.5,LR,0.0,FD,0,0,0,1,,1.0,0.5,0.4999999999999995,1.0,/dev/ttyACM-Bpod4,stage_training_v6,Emma,pv_nmdar_eranet,2AFC_6,Bpod4,11,36004,11,1.8.2,011_stage_training_v6_20250731-162528,2025-07-31,16:25:40.546205,17:25:53.944565
106,0,,1,0,0,0,1.0,,0.0,,1,1688.344512,1703.169916,14.825404000000162,2.8181000000000003,3.8276,1.0094999999999996,4.3347,4.825200000000001,0.4905000000000008,aaa,aaa,1,,0,1,0,1,-70.0,,[4.825200000000001],[4.8503],[],[],0.0071,0.0084,1000,1,0.5,5.0,0.0,0,0,1,1,0,1,10,1,0,0.0,0.5,LR,0.0,FD,0,0,0,1,,1.0,0.5,0.5,1.0,/dev/ttyACM-Bpod4,stage_training_v6,Emma,pv_nmdar_eranet,2AFC_6,Bpod4,11,36004,11,1.8.2,011_stage_training_v6_20250731-162528,2025-07-31,16:25:40.546205,17:25:53.944565
107,1,0.0,0,0,1,0,,1.0,,,0,1703.181712,1718.520415,15.338702999999896,2.8206,3.8301,1.0094999999999996,4.3385,5.338500000000001,1.0000000000000009,iaa,iaa,1,,0,0,1,1,70.0,-70.0,[],[],[],[],0.0071,0.0084,1000,1,0.5,5.0,0.0,0,0,1,1,0,1,10,1,0,0.0,0.5,LR,0.0,FD,0,0,0,1,,1.0,0.5,0.4999999999999995,1.0,/dev/ttyACM-Bpod4,stage_training_v6,Emma,pv_nmdar_eranet,2AFC_6,Bpod4,11,36004,11,1.8.2,011_stage_training_v6_20250731-162528,2025-07-31,16:25:40.546205,17:25:53.944565
108,0,,0,0,1,0,,,,,0,1718.532212,1733.867115,15.33490299999994,2.8181000000000003,3.8276,1.0094999999999996,4.3347,5.334700000000001,1.0000000000000009,aaa,aaa,1,,0,1,0,1,-70.0,,[],[],[],[],0.0071,0.0084,1000,1,0.5,5.0,0.0,0,0,1,1,0,1,10,1,0,0.0,0.5,LR,0.0,FD,0,0,0,1,,1.0,0.5,0.5,1.0,/dev/ttyACM-Bpod4,stage_training_v6,Emma,pv_nmdar_eranet,2AFC_6,Bpod4,11,36004,11,1.8.2,011_stage_training_v6_20250731-162528,2025-07-31,16:25:40.546205,17:25:53.944565
109,1,,1,0,0,0,1.0,,1.0,,1,1733.881212,1749.210715,15.329502999999931,2.8206,3.8301,1.0094999999999996,4.3385,5.3293,0.9908,iaa,iaa,1,,0,0,1,1,70.0,,[],[],"[5.3293, 5.5862, 5.832800000000001, 6.089700000000001, 6.4393, 7.5183, 7.7923]","[5.3703, 5.615200000000001, 5.8569, 6.1164000000000005, 6.4575000000000005, 7.5678, 7.836200000000001]",0.0071,0.0084,1000,1,0.5,5.0,0.0,0,0,1,1,0,1,10,1,0,0.0,0.5,LR,0.0,FD,0,0,0,1,,1.0,0.5,0.4999999999999995,1.0,/dev/ttyACM-Bpod4,stage_training_v6,Emma,pv_nmdar_eranet,2AFC_6,Bpod4,11,36004,11,1.8.2,011_stage_training_v6_20250731-162528,2025-07-31,16:25:40.546205,17:25:53.944565
110,0,0.0,0,0,1,0,,1.0,,,0,1749.224912,1764.559816,15.334904000000051,2.8181000000000003,3.8276,1.0094999999999996,4.3347,5.334700000000001,1.0000000000000009,aaa,aaa,1,,0,1,0,1,-70.0,-70.0,[],[],[],[],0.0071,0.0084,1000,1,0.5,5.0,0.0,0,0,1,1,0,1,10,1,0,0.0,0.5,LR,0.0,FD,0,0,0,1,,1.0,0.5,0.5,1.0,/dev/ttyACM-Bpod4,stage_training_v6,Emma,pv_nmdar_eranet,2AFC_6,Bpod4,11,36004,11,1.8.2,011_stage_training_v6_20250731-162528,2025-07-31,16:25:40.546205,17:25:53.944565
111,1,,0,1,0,0,0.0,,0.0,,1,1764.572712,1784.371516,19.79880400000002,2.8206,3.8301,1.0094999999999996,4.3385,4.7986,0.4601000000000006,iaa,iaa,1,,0,0,1,1,70.0,,[4.7986],[4.8188],[],[],0.0071,0.0084,1000,1,0.5,5.0,0.0,0,0,1,1,0,1,10,1,0,0.0,0.5,LR,0.0,FD,0,0,0,1,,1.0,0.5,0.4999999999999995,1.0,/dev/ttyACM-Bpod4,stage_training_v6,Emma,pv_nmdar_eranet,2AFC_6,Bpod4,11,36004,11,1.8.2,011_stage_training_v6_20250731-162528,2025-07-31,16:25:40.546205,17:25:53.944565
112,0,1.0,0,0,1,0,,0.0,,,0,1784.386713,1799.721616,15.33490299999994,2.8181000000000003,3.8276,1.0094999999999996,4.3347,5.334700000000001,1.0000000000000009,aaa,aaa,1,,0,1,0,1,-70.0,70.0,[],[],"[9.7293, 9.9996, 10.2905]","[9.7708, 10.0333, 10.3168]",0.0071,0.0084,1000,1,0.5,5.0,0.0,0,0,1,1,0,1,10,1,0,0.0,0.5,LR,0.0,FD,0,0,0,1,,1.0,0.5,0.5,1.0,/dev/ttyACM-Bpod4,stage_training_v6,Emma,pv_nmdar_eranet,2AFC_6,Bpod4,11,36004,11,1.8.2,011_stage_training_v6_20250731-162528,2025-07-31,16:25:40.546205,17:25:53.944565
113,1,,1,0,0,0,1.0,,1.0,,1,1799.735512,1814.529915,14.794403000000102,2.8206,3.8301,1.0094999999999996,4.3385,4.7942,0.4557000000000002,iaa,iaa,1,,0,0,1,1,70.0,,[],[],"[4.7942, 5.0416]","[4.8013, 5.0702]",0.0071,0.0084,1000,1,0.5,5.0,0.0,0,0,1,1,0,1,10,1,0,0.0,0.5,LR,0.0,FD,0,0,0,1,,1.0,0.5,0.4999999999999995,1.0,/dev/ttyACM-Bpod4,stage_training_v6,Emma,pv_nmdar_eranet,2AFC_6,Bpod4,11,36004,11,1.8.2,011_stage_training_v6_20250731-162528,2025-07-31,16:25:40.546205,17:25:53.944565
114,0,0.0,0,0,1,0,,1.0,,,0,1814.540512,1829.875416,15.334904000000051,2.8181000000000003,3.8276,1.0094999999999996,4.3347,5.334700000000001,1.0000000000000009,aaa,aaa,1,,0,1,0,1,-70.0,-70.0,[],[],"[8.997, 13.4691, 13.6505]","[9.0217, 13.4761, 13.672]",0.0071,0.0084,1000,1,0.5,5.0,0.0,0,0,1,1,0,1,10,1,0,0.0,0.5,LR,0.0,FD,0,0,0,1,,1.0,0.5,0.5,1.0,/dev/ttyACM-Bpod4,stage_training_v6,Emma,pv_nmdar_eranet,2AFC_6,Bpod4,11,36004,11,1.8.2,011_stage_training_v6_20250731-162528,2025-07-31,16:25:40.546205,17:25:53.944565
115,1,,0,0,1,0,,,,,0,1829.891412,1845.230116,15.338704000000009,2.8206,3.8301,1.0094999999999996,4.3385,5.338500000000001,1.0000000000000009,iaa,iaa,1,,0,0,1,1,70.0,,[12.8106],[12.8191],[],[],0.0071,0.0084,1000,1,0.5,5.0,0.0,0,0,1,1,0,1,10,1,0,0.0,0.5,LR,0.0,FD,0,0,0,1,,1.0,0.5,0.4999999999999995,1.0,/dev/ttyACM-Bpod4,stage_training_v6,Emma,pv_nmdar_eranet,2AFC_6,Bpod4,11,36004,11,1.8.2,011_stage_training_v6_20250731-162528,2025-07-31,16:25:40.546205,17:25:53.944565
116,0,,1,0,0,0,1.0,,0.0,,1,1845.241812,1859.939215,14.697403000000122,2.8181000000000003,3.8276,1.0094999999999996,4.3347,4.6972000000000005,0.3625000000000007,aaa,aaa,1,,0,1,0,1,-70.0,,"[4.6972000000000005, 13.587000000000002]","[4.7111, 13.6028]","[4.978800000000001, 13.7764]","[5.0122, 13.796]",0.0071,0.0084,1000,1,0.5,5.0,0.0,0,0,1,1,0,1,10,1,0,0.0,0.5,LR,0.0,FD,0,0,0,1,,1.0,0.5,0.5,1.0,/dev/ttyACM-Bpod4,stage_training_v6,Emma,pv_nmdar_eranet,2AFC_6,Bpod4,11,36004,11,1.8.2,011_stage_training_v6_20250731-162528,2025-07-31,16:25:40.546205,17:25:53.944565
117,1,0.0,0,0,1,0,,1.0,,,0,1859.952012,1875.290716,15.338704000000009,2.8206,3.8301,1.0094999999999996,4.3385,5.338500000000001,1.0000000000000009,iaa,iaa,1,,0,0,1,1,70.0,-70.0,"[7.8068, 13.3193, 13.4614]","[7.8373, 13.3391, 13.495]",[],[],0.0071,0.0084,1000,1,0.5,5.0,0.0,0,0,1,1,0,1,10,1,0,0.0,0.5,LR,0.0,FD,0,0,0,1,,1.0,0.5,0.4999999999999995,1.0,/dev/ttyACM-Bpod4,stage_training_v6,Emma,pv_nmdar_eranet,2AFC_6,Bpod4,11,36004,11,1.8.2,011_stage_training_v6_20250731-162528,2025-07-31,16:25:40.546205,17:25:53.944565
118,0,,0,0,1,0,,,,,0,1875.305012,1890.639916,15.334904000000051,2.8181000000000003,3.8276,1.0094999999999996,4.3347,5.334700000000001,1.0000000000000009,aaa,aaa,1,,0,1,0,1,-70.0,,"[5.620900000000001, 10.3421]","[5.6557, 10.3472]",[],[],0.0071,0.0084,1000,1,0.5,5.0,0.0,0,0,1,1,0,1,10,1,0,0.0,0.5,LR,0.0,FD,0,0,0,1,,1.0,0.5,0.5,1.0,/dev/ttyACM-Bpod4,stage_training_v6,Emma,pv_nmdar_eranet,2AFC_6,Bpod4,11,36004,11,1.8.2,011_stage_training_v6_20250731-162528,2025-07-31,16:25:40.546205,17:25:53.944565
119,1,,0,0,1,0,,,,,0,1890.655312,1905.994015,15.338702999999896,2.8206,3.8301,1.0094999999999996,4.3385,5.338500000000001,1.0000000000000009,iaa,iaa,1,,0,0,1,1,70.0,,"[8.0692, 9.113]","[8.1114, 9.1564]",[],[],0.0071,0.0084,1000,1,0.5,5.0,0.0,0,0,1,1,0,1,10,1,0,0.0,0.5,LR,0.0,FD,0,0,0,1,,1.0,0.5,0.4999999999999995,1.0,/dev/ttyACM-Bpod4,stage_training_v6,Emma,pv_nmdar_eranet,2AFC_6,Bpod4,11,36004,11,1.8.2,011_stage_training_v6_20250731-162528,2025-07-31,16:25:40.546205,17:25:53.944565
120,0,,1,0,0,0,1.0,,0.0,,1,1906.008412,1920.766616,14.758204000000203,2.8181000000000003,3.8276,1.0094999999999996,4.3347,4.758,0.4233000000000002,aaa,aaa,1,,0,1,0,1,-70.0,,[4.758],[4.8177],[],[],0.0071,0.0084,1000,1,0.5,5.0,0.0,0,0,1,1,0,1,10,1,0,0.0,0.5,LR,0.0,FD,0,0,0,1,,1.0,0.5,0.5,1.0,/dev/ttyACM-Bpod4,stage_training_v6,Emma,pv_nmdar_eranet,2AFC_6,Bpod4,11,36004,11,1.8.2,011_stage_training_v6_20250731-162528,2025-07-31,16:25:40.546205,17:25:53.944565
121,1,0.0,0,0,1,0,,1.0,,,0,1920.782712,1936.121415,15.338703000000123,2.8206,3.8301,1.0094999999999996,4.3385,5.338500000000001,1.0000000000000009,iaa,iaa,1,,0,0,1,1,70.0,-70.0,[],[],[],[],0.0071,0.0084,1000,1,0.5,5.0,0.0,0,0,1,1,0,1,10,1,0,0.0,0.5,LR,0.0,FD,0,0,0,1,,1.0,0.5,0.4999999999999995,1.0,/dev/ttyACM-Bpod4,stage_training_v6,Emma,pv_nmdar_eranet,2AFC_6,Bpod4,11,36004,11,1.8.2,011_stage_training_v6_20250731-162528,2025-07-31,16:25:40.546205,17:25:53.944565
122,0,,1,0,0,0,1.0,,0.0,,1,1936.133712,1950.900916,14.767203999999992,2.8181000000000003,3.8276,1.0094999999999996,4.3347,4.767,0.4323000000000006,aaa,aaa,1,,0,1,0,1,-70.0,,[4.767],[4.8118],[],[],0.0071,0.0084,1000,1,0.5,5.0,0.0,0,0,1,1,0,1,10,1,0,0.0,0.5,LR,0.0,FD,0,0,0,1,,1.0,0.5,0.5,1.0,/dev/ttyACM-Bpod4,stage_training_v6,Emma,pv_nmdar_eranet,2AFC_6,Bpod4,11,36004,11,1.8.2,011_stage_training_v6_20250731-162528,2025-07-31,16:25:40.546205,17:25:53.944565
123,1,0.0,0,0,1,0,,1.0,,,0,1950.913312,1966.252016,15.338704000000009,2.8206,3.8301,1.0094999999999996,4.3385,5.338500000000001,1.0000000000000009,iaa,iaa,1,,0,0,1,1,70.0,-70.0,[11.5883],[11.6174],[],[],0.0071,0.0084,1000,1,0.5,5.0,0.0,0,0,1,1,0,1,10,1,0,0.0,0.5,LR,0.0,FD,0,0,0,1,,1.0,0.5,0.4999999999999995,1.0,/dev/ttyACM-Bpod4,stage_training_v6,Emma,pv_nmdar_eranet,2AFC_6,Bpod4,11,36004,11,1.8.2,011_stage_training_v6_20250731-162528,2025-07-31,16:25:40.546205,17:25:53.944565
124,0,,0,0,1,0,,,,,0,1966.263712,1981.598616,15.334904000000051,2.8181000000000003,3.8276,1.0094999999999996,4.3347,5.334700000000001,1.0000000000000009,aaa,aaa,1,,0,1,0,1,-70.0,,[],[],[],[],0.0071,0.0084,1000,1,0.5,5.0,0.0,0,0,1,1,0,1,10,1,0,0.0,0.5,LR,0.0,FD,0,0,0,1,,1.0,0.5,0.5,1.0,/dev/ttyACM-Bpod4,stage_training_v6,Emma,pv_nmdar_eranet,2AFC_6,Bpod4,11,36004,11,1.8.2,011_stage_training_v6_20250731-162528,2025-07-31,16:25:40.546205,17:25:53.944565
125,1,,0,0,1,0,,,,,0,1981.613512,1996.952216,15.338704000000009,2.8206,3.8301,1.0094999999999996,4.3385,5.338500000000001,1.0000000000000009,iaa,iaa,1,,0,0,1,1,70.0,,"[8.370800000000001, 8.680200000000001]","[8.3991, 8.6811]",[8.6571],[8.6925],0.0071,0.0084,1000,1,0.5,5.0,0.0,0,0,1,1,0,1,10,1,0,0.0,0.5,LR,0.0,FD,0,0,0,1,,1.0,0.5,0.4999999999999995,1.0,/dev/ttyACM-Bpod4,stage_training_v6,Emma,pv_nmdar_eranet,2AFC_6,Bpod4,11,36004,11,1.8.2,011_stage_training_v6_20250731-162528,2025-07-31,16:25:40.546205,17:25:53.944565
126,0,,1,0,0,0,1.0,,0.0,,1,1996.966712,2011.729315,14.762603000000126,2.8181000000000003,3.8276,1.0094999999999996,4.3347,4.7624,0.4277000000000006,aaa,aaa,1,,0,1,0,1,-70.0,,"[4.7624, 12.0971]","[4.7796, 12.1121]","[4.9715, 12.369]","[5.020300000000001, 12.4047]",0.0071,0.0084,1000,1,0.5,5.0,0.0,0,0,1,1,0,1,10,1,0,0.0,0.5,LR,0.0,FD,0,0,0,1,,1.0,0.5,0.5,1.0,/dev/ttyACM-Bpod4,stage_training_v6,Emma,pv_nmdar_eranet,2AFC_6,Bpod4,11,36004,11,1.8.2,011_stage_training_v6_20250731-162528,2025-07-31,16:25:40.546205,17:25:53.944565
127,1,0.0,0,1,0,0,0.0,1.0,0.0,1.0,1,2011.742912,2031.761515,20.018602999999985,2.8206,3.8301,1.0094999999999996,4.3385,5.018400000000001,0.6799000000000008,iaa,iaa,1,,0,0,1,1,70.0,-70.0,"[5.018400000000001, 10.0547, 10.221]","[5.060700000000001, 10.0751, 10.2362]","[5.041300000000001, 5.0501000000000005]","[5.045, 5.0575]",0.0071,0.0084,1000,1,0.5,5.0,0.0,0,0,1,1,0,1,10,1,0,0.0,0.5,LR,0.0,FD,0,0,0,1,,1.0,0.5,0.4999999999999995,1.0,/dev/ttyACM-Bpod4,stage_training_v6,Emma,pv_nmdar_eranet,2AFC_6,Bpod4,11,36004,11,1.8.2,011_stage_training_v6_20250731-162528,2025-07-31,16:25:40.546205,17:25:53.944565
128,0,1.0,0,0,1,0,,0.0,,,0,2031.777012,2047.111915,15.33490299999994,2.8181000000000003,3.8276,1.0094999999999996,4.3347,5.334700000000001,1.0000000000000009,aaa,aaa,1,,0,1,0,1,-70.0,70.0,[8.861500000000001],[8.9151],"[7.8185, 8.159, 8.4288]","[7.9649, 8.1982, 8.466000000000001]",0.0071,0.0084,1000,1,0.5,5.0,0.0,0,0,1,1,0,1,10,1,0,0.0,0.5,LR,0.0,FD,0,0,0,1,,1.0,0.5,0.5,1.0,/dev/ttyACM-Bpod4,stage_training_v6,Emma,pv_nmdar_eranet,2AFC_6,Bpod4,11,36004,11,1.8.2,011_stage_training_v6_20250731-162528,2025-07-31,16:25:40.546205,17:25:53.944565
129,1,,0,0,1,0,,,,,0,2047.126312,2062.465016,15.338704000000009,2.8206,3.8301,1.0094999999999996,4.3385,5.338500000000001,1.0000000000000009,iaa,iaa,1,,0,0,1,1,70.0,,[],[],[],[],0.0071,0.0084,1000,1,0.5,5.0,0.0,0,0,1,1,0,1,10,1,0,0.0,0.5,LR,0.0,FD,0,0,0,1,,1.0,0.5,0.4999999999999995,1.0,/dev/ttyACM-Bpod4,stage_training_v6,Emma,pv_nmdar_eranet,2AFC_6,Bpod4,11,36004,11,1.8.2,011_stage_training_v6_20250731-162528,2025-07-31,16:25:40.546205,17:25:53.944565
130,0,,0,0,1,0,,,,,0,2062.479412,2077.814316,15.334903999999824,2.8181000000000003,3.8276,1.0094999999999996,4.3347,5.334700000000001,1.0000000000000009,aaa,aaa,1,,0,1,0,1,-70.0,,[],[],[],[],0.0071,0.0084,1000,1,0.5,5.0,0.0,0,0,1,1,0,1,10,1,0,0.0,0.5,LR,0.0,FD,0,0,0,1,,1.0,0.5,0.5,1.0,/dev/ttyACM-Bpod4,stage_training_v6,Emma,pv_nmdar_eranet,2AFC_6,Bpod4,11,36004,11,1.8.2,011_stage_training_v6_20250731-162528,2025-07-31,16:25:40.546205,17:25:53.944565
131,1,,0,1,0,0,0.0,,0.0,,1,2077.825712,2097.559915,19.73420299999998,2.8206,3.8301,1.0094999999999996,4.3385,4.734,0.3955000000000002,iaa,iaa,1,,0,0,1,1,70.0,,"[4.734, 10.3824]","[4.7592, 10.389]","[10.7136, 13.2914, 13.4415, 18.4095, 18.5952]","[10.721, 13.3281, 13.4644, 18.4456, 18.642200000000003]",0.0071,0.0084,1000,1,0.5,5.0,0.0,0,0,1,1,0,1,10,1,0,0.0,0.5,LR,0.0,FD,0,0,0,1,,1.0,0.5,0.4999999999999995,1.0,/dev/ttyACM-Bpod4,stage_training_v6,Emma,pv_nmdar_eranet,2AFC_6,Bpod4,11,36004,11,1.8.2,011_stage_training_v6_20250731-162528,2025-07-31,16:25:40.546205,17:25:53.944565
132,0,1.0,1,0,0,0,1.0,0.0,0.0,1.0,1,2097.575812,2112.273916,14.698104000000058,2.8181000000000003,3.8276,1.0094999999999996,4.3347,4.697900000000001,0.3632000000000008,aaa,aaa,1,,0,1,0,1,-70.0,70.0,"[4.697900000000001, 4.6982, 4.9782, 8.813, 11.47]","[4.6981, 4.7037, 5.0008, 8.849300000000001, 11.4833]",[4.978400000000001],[4.9964],0.0071,0.0084,1000,1,0.5,5.0,0.0,0,0,1,1,0,1,10,1,0,0.0,0.5,LR,0.0,FD,0,0,0,1,,1.0,0.5,0.5,1.0,/dev/ttyACM-Bpod4,stage_training_v6,Emma,pv_nmdar_eranet,2AFC_6,Bpod4,11,36004,11,1.8.2,011_stage_training_v6_20250731-162528,2025-07-31,16:25:40.546205,17:25:53.944565
133,1,0.0,0,0,1,0,,1.0,,,0,2112.289612,2127.628316,15.33870399999978,2.8206,3.8301,1.0094999999999996,4.3385,5.338500000000001,1.0000000000000009,iaa,iaa,1,,0,0,1,1,70.0,-70.0,"[7.7837, 7.929600000000001]","[7.8186, 7.955500000000001]",[],[],0.0071,0.0084,1000,1,0.5,5.0,0.0,0,0,1,1,0,1,10,1,0,0.0,0.5,LR,0.0,FD,0,0,0,1,,1.0,0.5,0.4999999999999995,1.0,/dev/ttyACM-Bpod4,stage_training_v6,Emma,pv_nmdar_eranet,2AFC_6,Bpod4,11,36004,11,1.8.2,011_stage_training_v6_20250731-162528,2025-07-31,16:25:40.546205,17:25:53.944565
134,0,,1,0,0,0,1.0,,0.0,,1,2127.645113,2142.386516,14.741402999999991,2.8181000000000003,3.8276,1.0094999999999996,4.3347,4.7412,0.4065000000000003,aaa,aaa,1,,0,1,0,1,-70.0,,"[4.7412, 7.9366, 12.1644, 12.3476, 14.338]","[4.768, 7.9592, 12.1928, 12.3701, 14.3908]",[],[],0.0071,0.0084,1000,1,0.5,5.0,0.0,0,0,1,1,0,1,10,1,0,0.0,0.5,LR,0.0,FD,0,0,0,1,,1.0,0.5,0.5,1.0,/dev/ttyACM-Bpod4,stage_training_v6,Emma,pv_nmdar_eranet,2AFC_6,Bpod4,11,36004,11,1.8.2,011_stage_training_v6_20250731-162528,2025-07-31,16:25:40.546205,17:25:53.944565
135,1,0.0,0,0,1,0,,1.0,,,0,2142.397412,2157.736116,15.338704000000234,2.8206,3.8301,1.0094999999999996,4.3385,5.338500000000001,1.0000000000000009,iaa,iaa,1,,0,0,1,1,70.0,-70.0,[12.664],[12.7062],[],[],0.0071,0.0084,1000,1,0.5,5.0,0.0,0,0,1,1,0,1,10,1,0,0.0,0.5,LR,0.0,FD,0,0,0,1,,1.0,0.5,0.4999999999999995,1.0,/dev/ttyACM-Bpod4,stage_training_v6,Emma,pv_nmdar_eranet,2AFC_6,Bpod4,11,36004,11,1.8.2,011_stage_training_v6_20250731-162528,2025-07-31,16:25:40.546205,17:25:53.944565
136,0,,1,0,0,0,1.0,,0.0,,1,2157.746512,2172.481516,14.735003999999662,2.8181000000000003,3.8276,1.0094999999999996,4.3347,4.7348,0.4001000000000001,aaa,aaa,1,,0,1,0,1,-70.0,,[4.7348],[4.775],"[4.9088, 5.7434]","[4.9428, 5.772200000000001]",0.0071,0.0084,1000,1,0.5,5.0,0.0,0,0,1,1,0,1,10,1,0,0.0,0.5,LR,0.0,FD,0,0,0,1,,1.0,0.5,0.5,1.0,/dev/ttyACM-Bpod4,stage_training_v6,Emma,pv_nmdar_eranet,2AFC_6,Bpod4,11,36004,11,1.8.2,011_stage_training_v6_20250731-162528,2025-07-31,16:25:40.546205,17:25:53.944565
137,1,0.0,0,0,1,0,,1.0,,,0,2172.495212,2187.833916,15.338704000000234,2.8206,3.8301,1.0094999999999996,4.3385,5.338500000000001,1.0000000000000009,iaa,iaa,1,,0,0,1,1,70.0,-70.0,[],[],"[10.0942, 10.4746, 11.6595, 11.9449, 12.0849, 12.2576, 12.4457, 13.104, 13.8795, 14.1709]","[10.1235, 10.4829, 11.6617, 11.9576, 12.1045, 12.2846, 12.4548, 13.1295, 13.9129, 14.2162]",0.0071,0.0084,1000,1,0.5,5.0,0.0,0,0,1,1,0,1,10,1,0,0.0,0.5,LR,0.0,FD,0,0,0,1,,1.0,0.5,0.4999999999999995,1.0,/dev/ttyACM-Bpod4,stage_training_v6,Emma,pv_nmdar_eranet,2AFC_6,Bpod4,11,36004,11,1.8.2,011_stage_training_v6_20250731-162528,2025-07-31,16:25:40.546205,17:25:53.944565
138,0,,0,0,1,0,,,,,0,2187.849212,2203.184115,15.33490299999994,2.8181000000000003,3.8276,1.0094999999999996,4.3347,5.334700000000001,1.0000000000000009,aaa,aaa,1,,0,1,0,1,-70.0,,[12.4091],[12.4287],[12.7436],[12.77],0.0071,0.0084,1000,1,0.5,5.0,0.0,0,0,1,1,0,1,10,1,0,0.0,0.5,LR,0.0,FD,0,0,0,1,,1.0,0.5,0.5,1.0,/dev/ttyACM-Bpod4,stage_training_v6,Emma,pv_nmdar_eranet,2AFC_6,Bpod4,11,36004,11,1.8.2,011_stage_training_v6_20250731-162528,2025-07-31,16:25:40.546205,17:25:53.944565
139,1,,0,0,1,0,,,,,0,2203.198912,2218.537616,15.338704000000234,2.8206,3.8301,1.0094999999999996,4.3385,5.338500000000001,1.0000000000000009,iaa,iaa,1,,0,0,1,1,70.0,,[],[],[],[],0.0071,0.0084,1000,1,0.5,5.0,0.0,0,0,1,1,0,1,10,1,0,0.0,0.5,LR,0.0,FD,0,0,0,1,,1.0,0.5,0.4999999999999995,1.0,/dev/ttyACM-Bpod4,stage_training_v6,Emma,pv_nmdar_eranet,2AFC_6,Bpod4,11,36004,11,1.8.2,011_stage_training_v6_20250731-162528,2025-07-31,16:25:40.546205,17:25:53.944565
140,0,,0,0,1,0,,,,,0,2218.551112,2233.886015,15.33490299999994,2.8181000000000003,3.8276,1.0094999999999996,4.3347,5.334700000000001,1.0000000000000009,aaa,aaa,1,,0,1,0,1,-70.0,,[],[],[],[],0.0071,0.0084,1000,1,0.5,5.0,0.0,0,0,1,1,0,1,10,1,0,0.0,0.5,LR,0.0,FD,0,0,0,1,,1.0,0.5,0.5,1.0,/dev/ttyACM-Bpod4,stage_training_v6,Emma,pv_nmdar_eranet,2AFC_6,Bpod4,11,36004,11,1.8.2,011_stage_training_v6_20250731-162528,2025-07-31,16:25:40.546205,17:25:53.944565
141,1,,0,0,1,0,,,,,0,2233.898612,2249.237316,15.338704000000234,2.8206,3.8301,1.0094999999999996,4.3385,5.338500000000001,1.0000000000000009,iaa,iaa,1,,0,0,1,1,70.0,,[12.223],[12.2321],"[7.0074000000000005, 7.2689, 12.3771, 12.55, 12.7026]","[7.0388, 7.2902, 12.4296, 12.5946, 12.7235]",0.0071,0.0084,1000,1,0.5,5.0,0.0,0,0,1,1,0,1,10,1,0,0.0,0.5,LR,0.0,FD,0,0,0,1,,1.0,0.5,0.4999999999999995,1.0,/dev/ttyACM-Bpod4,stage_training_v6,Emma,pv_nmdar_eranet,2AFC_6,Bpod4,11,36004,11,1.8.2,011_stage_training_v6_20250731-162528,2025-07-31,16:25:40.546205,17:25:53.944565
142,0,,0,1,0,0,0.0,,1.0,,1,2249.252612,2269.181915,19.92930299999989,2.8181000000000003,3.8276,1.0094999999999996,4.3347,4.9291,0.5944000000000003,aaa,aaa,1,,0,1,0,1,-70.0,,"[6.3757, 6.5425, 7.2363, 9.9136, 17.1555, 17.1953, 17.2283, 17.8246, 18.1527]","[6.3898, 6.567900000000001, 7.2849, 9.9343, 17.1657, 17.2012, 17.2996, 17.858900000000002, 18.1643]","[4.9291, 8.7371, 9.4861, 9.9072, 10.5979, 17.0257, 17.183400000000002, 17.1863, 17.2305, 17.7624, 17.825300000000002, 18.1517, 18.2214, 18.7469]","[4.9587, 8.754800000000001, 9.5472, 9.9403, 10.6652, 17.1021, 17.1842, 17.201, 17.3682, 17.7712, 17.9399, 18.2188, 18.2255, 18.8037]",0.0071,0.0084,1000,1,0.5,5.0,0.0,0,0,1,1,0,1,10,1,0,0.0,0.5,LR,0.0,FD,0,0,0,1,,1.0,0.5,0.5,1.0,/dev/ttyACM-Bpod4,stage_training_v6,Emma,pv_nmdar_eranet,2AFC_6,Bpod4,11,36004,11,1.8.2,011_stage_training_v6_20250731-162528,2025-07-31,16:25:40.546205,17:25:53.944565
143,1,1.0,1,0,0,0,1.0,0.0,1.0,1.0,1,2269.203312,2284.191016,14.987704000000122,2.8206,3.8301,1.0094999999999996,4.3385,4.9875,0.649,iaa,iaa,1,,0,0,1,1,70.0,70.0,[],[],"[4.9875, 9.2879, 9.5078, 9.9734]","[5.032, 9.3419, 9.554, 10.0348]",0.0071,0.0084,1000,1,0.5,5.0,0.0,0,0,1,1,0,1,10,1,0,0.0,0.5,LR,0.0,FD,0,0,0,1,,1.0,0.5,0.4999999999999995,1.0,/dev/ttyACM-Bpod4,stage_training_v6,Emma,pv_nmdar_eranet,2AFC_6,Bpod4,11,36004,11,1.8.2,011_stage_training_v6_20250731-162528,2025-07-31,16:25:40.546205,17:25:53.944565
144,0,0.0,0,0,1,0,,1.0,,,0,2284.204012,2299.538916,15.334903999999824,2.8181000000000003,3.8276,1.0094999999999996,4.3347,5.334700000000001,1.0000000000000009,aaa,aaa,1,,0,1,0,1,-70.0,-70.0,"[12.8542, 13.1365]","[12.8609, 13.1775]",[],[],0.0071,0.0084,1000,1,0.5,5.0,0.0,0,0,1,1,0,1,10,1,0,0.0,0.5,LR,0.0,FD,0,0,0,1,,1.0,0.5,0.5,1.0,/dev/ttyACM-Bpod4,stage_training_v6,Emma,pv_nmdar_eranet,2AFC_6,Bpod4,11,36004,11,1.8.2,011_stage_training_v6_20250731-162528,2025-07-31,16:25:40.546205,17:25:53.944565
145,1,,0,0,1,0,,,,,0,2299.551812,2314.890517,15.338704999999663,2.8206,3.8301,1.0094999999999996,4.3385,5.338500000000001,1.0000000000000009,iaa,iaa,1,,0,0,1,1,70.0,,[],[],[],[],0.0071,0.0084,1000,1,0.5,5.0,0.0,0,0,1,1,0,1,10,1,0,0.0,0.5,LR,0.0,FD,0,0,0,1,,1.0,0.5,0.4999999999999995,1.0,/dev/ttyACM-Bpod4,stage_training_v6,Emma,pv_nmdar_eranet,2AFC_6,Bpod4,11,36004,11,1.8.2,011_stage_training_v6_20250731-162528,2025-07-31,16:25:40.546205,17:25:53.944565
146,0,,0,0,1,0,,,,,0,2314.902612,2330.237515,15.33490299999994,2.8181000000000003,3.8276,1.0094999999999996,4.3347,5.334700000000001,1.0000000000000009,aaa,aaa,1,,0,1,0,1,-70.0,,[],[],[],[],0.0071,0.0084,1000,1,0.5,5.0,0.0,0,0,1,1,0,1,10,1,0,0.0,0.5,LR,0.0,FD,0,0,0,1,,1.0,0.5,0.5,1.0,/dev/ttyACM-Bpod4,stage_training_v6,Emma,pv_nmdar_eranet,2AFC_6,Bpod4,11,36004,11,1.8.2,011_stage_training_v6_20250731-162528,2025-07-31,16:25:40.546205,17:25:53.944565
147,1,,0,0,1,0,,,,,0,2330.252112,2345.590816,15.33870399999978,2.8206,3.8301,1.0094999999999996,4.3385,5.338500000000001,1.0000000000000009,iaa,iaa,1,,0,0,1,1,70.0,,[],[],[],[],0.0071,0.0084,1000,1,0.5,5.0,0.0,0,0,1,1,0,1,10,1,0,0.0,0.5,LR,0.0,FD,0,0,0,1,,1.0,0.5,0.4999999999999995,1.0,/dev/ttyACM-Bpod4,stage_training_v6,Emma,pv_nmdar_eranet,2AFC_6,Bpod4,11,36004,11,1.8.2,011_stage_training_v6_20250731-162528,2025-07-31,16:25:40.546205,17:25:53.944565
148,0,,1,0,0,0,1.0,,0.0,,1,2345.679512,2360.439416,14.759904000000006,2.8181000000000003,3.8276,1.0094999999999996,4.3347,4.7597000000000005,0.4250000000000007,aaa,aaa,1,,0,1,0,1,-70.0,,"[4.7597000000000005, 5.1534]","[4.7876, 5.1850000000000005]",[],[],0.0071,0.0084,1000,1,0.5,5.0,0.0,0,0,1,1,0,1,10,1,0,0.0,0.5,LR,0.0,FD,0,0,0,1,,1.0,0.5,0.5,1.0,/dev/ttyACM-Bpod4,stage_training_v6,Emma,pv_nmdar_eranet,2AFC_6,Bpod4,11,36004,11,1.8.2,011_stage_training_v6_20250731-162528,2025-07-31,16:25:40.546205,17:25:53.944565
149,1,0.0,0,1,0,0,0.0,1.0,0.0,1.0,1,2360.453412,2380.344616,19.891204000000016,2.8206,3.8301,1.0094999999999996,4.3385,4.891,0.5525000000000002,iaa,iaa,1,,0,0,1,1,70.0,-70.0,[4.891],[4.9142],[],[],0.0071,0.0084,1000,1,0.5,5.0,0.0,0,0,1,1,0,1,10,1,0,0.0,0.5,LR,0.0,FD,0,0,0,1,,1.0,0.5,0.4999999999999995,1.0,/dev/ttyACM-Bpod4,stage_training_v6,Emma,pv_nmdar_eranet,2AFC_6,Bpod4,11,36004,11,1.8.2,011_stage_training_v6_20250731-162528,2025-07-31,16:25:40.546205,17:25:53.944565
150,0,1.0,0,0,1,0,,0.0,,,0,2380.359812,2395.694715,15.33490299999994,2.8181000000000003,3.8276,1.0094999999999996,4.3347,5.334700000000001,1.0000000000000009,aaa,aaa,1,,0,1,0,1,-70.0,70.0,[],[],"[14.0544, 14.3092, 14.831, 14.9831, 15.1708]","[14.0873, 14.3302, 14.8529, 15.0235, 15.2194]",0.0071,0.0084,1000,1,0.5,5.0,0.0,0,0,1,1,0,1,10,1,0,0.0,0.5,LR,0.0,FD,0,0,0,1,,1.0,0.5,0.5,1.0,/dev/ttyACM-Bpod4,stage_training_v6,Emma,pv_nmdar_eranet,2AFC_6,Bpod4,11,36004,11,1.8.2,011_stage_training_v6_20250731-162528,2025-07-31,16:25:40.546205,17:25:53.944565
151,1,,0,1,0,0,0.0,,0.0,,1,2395.709912,2415.427416,19.71750400000019,2.8206,3.8301,1.0094999999999996,4.3385,4.7173,0.3788,iaa,iaa,1,,0,0,1,1,70.0,,[4.7173],[4.7403],"[4.9064000000000005, 5.186100000000001]","[4.9426000000000005, 5.2145]",0.0071,0.0084,1000,1,0.5,5.0,0.0,0,0,1,1,0,1,10,1,0,0.0,0.5,LR,0.0,FD,0,0,0,1,,1.0,0.5,0.4999999999999995,1.0,/dev/ttyACM-Bpod4,stage_training_v6,Emma,pv_nmdar_eranet,2AFC_6,Bpod4,11,36004,11,1.8.2,011_stage_training_v6_20250731-162528,2025-07-31,16:25:40.546205,17:25:53.944565
152,0,1.0,0,0,1,0,,0.0,,,0,2415.438312,2430.773215,15.33490299999994,2.8181000000000003,3.8276,1.0094999999999996,4.3347,5.334700000000001,1.0000000000000009,aaa,aaa,1,,0,1,0,1,-70.0,70.0,[],[],"[11.0148, 11.1754]","[11.035, 11.1867]",0.0071,0.0084,1000,1,0.5,5.0,0.0,0,0,1,1,0,1,10,1,0,0.0,0.5,LR,0.0,FD,0,0,0,1,,1.0,0.5,0.5,1.0,/dev/ttyACM-Bpod4,stage_training_v6,Emma,pv_nmdar_eranet,2AFC_6,Bpod4,11,36004,11,1.8.2,011_stage_training_v6_20250731-162528,2025-07-31,16:25:40.546205,17:25:53.944565
153,1,,1,0,0,0,1.0,,1.0,,1,2430.786012,2445.731115,14.945103000000016,2.8206,3.8301,1.0094999999999996,4.3385,4.9449000000000005,0.6064000000000007,iaa,iaa,1,,0,0,1,1,70.0,,[],[],"[4.9449000000000005, 5.2245]","[4.9787, 5.2634]",0.0071,0.0084,1000,1,0.5,5.0,0.0,0,0,1,1,0,1,10,1,0,0.0,0.5,LR,0.0,FD,0,0,0,1,,1.0,0.5,0.4999999999999995,1.0,/dev/ttyACM-Bpod4,stage_training_v6,Emma,pv_nmdar_eranet,2AFC_6,Bpod4,11,36004,11,1.8.2,011_stage_training_v6_20250731-162528,2025-07-31,16:25:40.546205,17:25:53.944565
154,0,0.0,0,0,1,0,,1.0,,,0,2445.747012,2461.081915,15.334903000000397,2.8181000000000003,3.8276,1.0094999999999996,4.3347,5.334700000000001,1.0000000000000009,aaa,aaa,1,,0,1,0,1,-70.0,-70.0,[],[],[],[],0.0071,0.0084,1000,1,0.5,5.0,0.0,0,0,1,1,0,1,10,1,0,0.0,0.5,LR,0.0,FD,0,0,0,1,,1.0,0.5,0.5,1.0,/dev/ttyACM-Bpod4,stage_training_v6,Emma,pv_nmdar_eranet,2AFC_6,Bpod4,11,36004,11,1.8.2,011_stage_training_v6_20250731-162528,2025-07-31,16:25:40.546205,17:25:53.944565
155,1,,0,0,1,0,,,,,0,2461.095412,2476.434115,15.338702999999896,2.8206,3.8301,1.0094999999999996,4.3385,5.338500000000001,1.0000000000000009,iaa,iaa,1,,0,0,1,1,70.0,,"[10.6406, 10.903]","[10.6685, 10.9407]",[],[],0.0071,0.0084,1000,1,0.5,5.0,0.0,0,0,1,1,0,1,10,1,0,0.0,0.5,LR,0.0,FD,0,0,0,1,,1.0,0.5,0.4999999999999995,1.0,/dev/ttyACM-Bpod4,stage_training_v6,Emma,pv_nmdar_eranet,2AFC_6,Bpod4,11,36004,11,1.8.2,011_stage_training_v6_20250731-162528,2025-07-31,16:25:40.546205,17:25:53.944565
156,0,,0,0,1,0,,,,,0,2476.449212,2491.784116,15.334903999999824,2.8181000000000003,3.8276,1.0094999999999996,4.3347,5.334700000000001,1.0000000000000009,aaa,aaa,1,,0,1,0,1,-70.0,,[],[],"[11.0483, 11.5943]","[11.0692, 11.6251]",0.0071,0.0084,1000,1,0.5,5.0,0.0,0,0,1,1,0,1,10,1,0,0.0,0.5,LR,0.0,FD,0,0,0,1,,1.0,0.5,0.5,1.0,/dev/ttyACM-Bpod4,stage_training_v6,Emma,pv_nmdar_eranet,2AFC_6,Bpod4,11,36004,11,1.8.2,011_stage_training_v6_20250731-162528,2025-07-31,16:25:40.546205,17:25:53.944565
157,1,,0,0,1,0,,,,,0,2491.800912,2507.139615,15.338702999999896,2.8206,3.8301,1.0094999999999996,4.3385,5.338500000000001,1.0000000000000009,iaa,iaa,1,,0,0,1,1,70.0,,[],[],[],[],0.0071,0.0084,1000,1,0.5,5.0,0.0,0,0,1,1,0,1,10,1,0,0.0,0.5,LR,0.0,FD,0,0,0,1,,1.0,0.5,0.4999999999999995,1.0,/dev/ttyACM-Bpod4,stage_training_v6,Emma,pv_nmdar_eranet,2AFC_6,Bpod4,11,36004,11,1.8.2,011_stage_training_v6_20250731-162528,2025-07-31,16:25:40.546205,17:25:53.944565
158,0,,1,0,0,0,1.0,,0.0,,1,2507.154412,2522.315315,15.160902999999962,2.8181000000000003,3.8276,1.0094999999999996,4.3347,5.1607,0.8260000000000005,aaa,aaa,1,,0,1,0,1,-70.0,,[5.1607],[5.1966],"[14.6943, 14.8525, 14.9949]","[14.7483, 14.8765, 15.006200000000002]",0.0071,0.0084,1000,1,0.5,5.0,0.0,0,0,1,1,0,1,10,1,0,0.0,0.5,LR,0.0,FD,0,0,0,1,,1.0,0.5,0.5,1.0,/dev/ttyACM-Bpod4,stage_training_v6,Emma,pv_nmdar_eranet,2AFC_6,Bpod4,11,36004,11,1.8.2,011_stage_training_v6_20250731-162528,2025-07-31,16:25:40.546205,17:25:53.944565
159,1,0.0,1,0,0,0,1.0,1.0,1.0,0.0,1,2522.328912,2537.328515,14.999603000000208,2.8206,3.8301,1.0094999999999996,4.3385,4.9994000000000005,0.6609000000000007,iaa,iaa,1,,0,0,1,1,70.0,-70.0,[10.9067],[10.9291],"[4.9994000000000005, 5.1611]","[5.027, 5.187]",0.0071,0.0084,1000,1,0.5,5.0,0.0,0,0,1,1,0,1,10,1,0,0.0,0.5,LR,0.0,FD,0,0,0,1,,1.0,0.5,0.4999999999999995,1.0,/dev/ttyACM-Bpod4,stage_training_v6,Emma,pv_nmdar_eranet,2AFC_6,Bpod4,11,36004,11,1.8.2,011_stage_training_v6_20250731-162528,2025-07-31,16:25:40.546205,17:25:53.944565
160,0,0.0,0,0,1,0,,1.0,,,0,2537.340412,2552.675316,15.334903999999824,2.8181000000000003,3.8276,1.0094999999999996,4.3347,5.334700000000001,1.0000000000000009,aaa,aaa,1,,0,1,0,1,-70.0,-70.0,[12.8384],[12.871],[],[],0.0071,0.0084,1000,1,0.5,5.0,0.0,0,0,1,1,0,1,10,1,0,0.0,0.5,LR,0.0,FD,0,0,0,1,,1.0,0.5,0.5,1.0,/dev/ttyACM-Bpod4,stage_training_v6,Emma,pv_nmdar_eranet,2AFC_6,Bpod4,11,36004,11,1.8.2,011_stage_training_v6_20250731-162528,2025-07-31,16:25:40.546205,17:25:53.944565
161,1,,0,1,0,0,0.0,,0.0,,1,2552.688412,2572.474616,19.786204,2.8206,3.8301,1.0094999999999996,4.3385,4.7860000000000005,0.4475000000000007,iaa,iaa,1,,0,0,1,1,70.0,,[4.7860000000000005],[4.8303],"[5.2292000000000005, 6.6581]","[5.2649, 6.6989]",0.0071,0.0084,1000,1,0.5,5.0,0.0,0,0,1,1,0,1,10,1,0,0.0,0.5,LR,0.0,FD,0,0,0,1,,1.0,0.5,0.4999999999999995,1.0,/dev/ttyACM-Bpod4,stage_training_v6,Emma,pv_nmdar_eranet,2AFC_6,Bpod4,11,36004,11,1.8.2,011_stage_training_v6_20250731-162528,2025-07-31,16:25:40.546205,17:25:53.944565
162,0,1.0,0,0,1,0,,0.0,,,0,2572.490012,2587.824915,15.33490299999994,2.8181000000000003,3.8276,1.0094999999999996,4.3347,5.334700000000001,1.0000000000000009,aaa,aaa,1,,0,1,0,1,-70.0,70.0,[],[],[],[],0.0071,0.0084,1000,1,0.5,5.0,0.0,0,0,1,1,0,1,10,1,0,0.0,0.5,LR,0.0,FD,0,0,0,1,,1.0,0.5,0.5,1.0,/dev/ttyACM-Bpod4,stage_training_v6,Emma,pv_nmdar_eranet,2AFC_6,Bpod4,11,36004,11,1.8.2,011_stage_training_v6_20250731-162528,2025-07-31,16:25:40.546205,17:25:53.944565
163,1,,0,0,1,0,,,,,0,2587.838212,2603.176916,15.33870399999978,2.8206,3.8301,1.0094999999999996,4.3385,5.338500000000001,1.0000000000000009,iaa,iaa,1,,0,0,1,1,70.0,,[],[],"[10.348, 12.6576]","[10.3831, 12.6769]",0.0071,0.0084,1000,1,0.5,5.0,0.0,0,0,1,1,0,1,10,1,0,0.0,0.5,LR,0.0,FD,0,0,0,1,,1.0,0.5,0.4999999999999995,1.0,/dev/ttyACM-Bpod4,stage_training_v6,Emma,pv_nmdar_eranet,2AFC_6,Bpod4,11,36004,11,1.8.2,011_stage_training_v6_20250731-162528,2025-07-31,16:25:40.546205,17:25:53.944565
164,0,,0,0,1,0,,,,,0,2603.189812,2618.524716,15.334903999999824,2.8181000000000003,3.8276,1.0094999999999996,4.3347,5.334700000000001,1.0000000000000009,aaa,aaa,1,,0,1,0,1,-70.0,,[],[],[],[],0.0071,0.0084,1000,1,0.5,5.0,0.0,0,0,1,1,0,1,10,1,0,0.0,0.5,LR,0.0,FD,0,0,0,1,,1.0,0.5,0.5,1.0,/dev/ttyACM-Bpod4,stage_training_v6,Emma,pv_nmdar_eranet,2AFC_6,Bpod4,11,36004,11,1.8.2,011_stage_training_v6_20250731-162528,2025-07-31,16:25:40.546205,17:25:53.944565
165,1,,0,0,1,0,,,,,0,2618.539612,2633.878316,15.33870399999978,2.8206,3.8301,1.0094999999999996,4.3385,5.338500000000001,1.0000000000000009,iaa,iaa,1,,0,0,1,1,70.0,,[],[],[],[],0.0071,0.0084,1000,1,0.5,5.0,0.0,0,0,1,1,0,1,10,1,0,0.0,0.5,LR,0.0,FD,0,0,0,1,,1.0,0.5,0.4999999999999995,1.0,/dev/ttyACM-Bpod4,stage_training_v6,Emma,pv_nmdar_eranet,2AFC_6,Bpod4,11,36004,11,1.8.2,011_stage_training_v6_20250731-162528,2025-07-31,16:25:40.546205,17:25:53.944565
166,0,,0,0,1,0,,,,,0,2633.894212,2649.229116,15.334903999999824,2.8181000000000003,3.8276,1.0094999999999996,4.3347,5.334700000000001,1.0000000000000009,aaa,aaa,1,,0,1,0,1,-70.0,,[],[],[],[],0.0071,0.0084,1000,1,0.5,5.0,0.0,0,0,1,1,0,1,10,1,0,0.0,0.5,LR,0.0,FD,0,0,0,1,,1.0,0.5,0.5,1.0,/dev/ttyACM-Bpod4,stage_training_v6,Emma,pv_nmdar_eranet,2AFC_6,Bpod4,11,36004,11,1.8.2,011_stage_training_v6_20250731-162528,2025-07-31,16:25:40.546205,17:25:53.944565
167,1,,0,0,1,0,,,,,0,2649.245512,2664.584216,15.338704000000234,2.8206,3.8301,1.0094999999999996,4.3385,5.338500000000001,1.0000000000000009,iaa,iaa,1,,0,0,1,1,70.0,,[],[],[],[],0.0071,0.0084,1000,1,0.5,5.0,0.0,0,0,1,1,0,1,10,1,0,0.0,0.5,LR,0.0,FD,0,0,0,1,,1.0,0.5,0.4999999999999995,1.0,/dev/ttyACM-Bpod4,stage_training_v6,Emma,pv_nmdar_eranet,2AFC_6,Bpod4,11,36004,11,1.8.2,011_stage_training_v6_20250731-162528,2025-07-31,16:25:40.546205,17:25:53.944565
168,0,,0,0,1,0,,,,,0,2664.597812,2679.932715,15.33490299999994,2.8181000000000003,3.8276,1.0094999999999996,4.3347,5.334700000000001,1.0000000000000009,aaa,aaa,1,,0,1,0,1,-70.0,,[],[],[],[],0.0071,0.0084,1000,1,0.5,5.0,0.0,0,0,1,1,0,1,10,1,0,0.0,0.5,LR,0.0,FD,0,0,0,1,,1.0,0.5,0.5,1.0,/dev/ttyACM-Bpod4,stage_training_v6,Emma,pv_nmdar_eranet,2AFC_6,Bpod4,11,36004,11,1.8.2,011_stage_training_v6_20250731-162528,2025-07-31,16:25:40.546205,17:25:53.944565
169,1,,0,1,0,0,0.0,,0.0,,1,2679.946712,2699.296616,19.34990400000015,2.8206,3.8301,1.0094999999999996,4.3385,4.3497,0.0112000000000005,iaa,iaa,1,,0,0,1,1,70.0,,"[4.1745, 4.3497]","[4.1802, 4.3502]","[5.4183, 5.7599, 5.8139, 5.8857, 5.981800000000001, 6.0906, 6.1105, 6.310700000000001, 6.3616, 6.556900000000001, 6.877400000000001, 6.977, 7.1325, 7.3916, 9.2811, 9.3467, 9.6709, 10.3237, 10.9075]","[5.4782, 5.7925, 5.8207, 5.8909, 5.994400000000001, 6.1089, 6.2918, 6.3223, 6.3984000000000005, 6.593500000000001, 6.8947, 7.0189, 7.1767, 7.427700000000001, 9.3042, 9.3922, 9.6854, 10.36, 10.9288]",0.0071,0.0084,1000,1,0.5,5.0,0.0,0,0,1,1,0,1,10,1,0,0.0,0.5,LR,0.0,FD,0,0,0,1,,1.0,0.5,0.4999999999999995,1.0,/dev/ttyACM-Bpod4,stage_training_v6,Emma,pv_nmdar_eranet,2AFC_6,Bpod4,11,36004,11,1.8.2,011_stage_training_v6_20250731-162528,2025-07-31,16:25:40.546205,17:25:53.944565
170,0,1.0,0,0,1,0,,0.0,,,0,2699.312512,2714.647416,15.334903999999824,2.8181000000000003,3.8276,1.0094999999999996,4.3347,5.334700000000001,1.0000000000000009,aaa,aaa,1,,0,1,0,1,-70.0,70.0,"[8.683, 10.538]","[8.6895, 10.5464]","[8.2418, 8.6476, 10.5368]","[8.252, 8.698, 10.5501]",0.0071,0.0084,1000,1,0.5,5.0,0.0,0,0,1,1,0,1,10,1,0,0.0,0.5,LR,0.0,FD,0,0,0,1,,1.0,0.5,0.5,1.0,/dev/ttyACM-Bpod4,stage_training_v6,Emma,pv_nmdar_eranet,2AFC_6,Bpod4,11,36004,11,1.8.2,011_stage_training_v6_20250731-162528,2025-07-31,16:25:40.546205,17:25:53.944565
171,1,,1,0,0,0,1.0,,1.0,,1,2714.660112,2729.573515,14.913403000000017,2.8206,3.8301,1.0094999999999996,4.3385,4.913200000000001,0.5747000000000009,iaa,iaa,1,,0,0,1,1,70.0,,[],[],"[4.913200000000001, 5.072500000000001]","[4.954400000000001, 5.113]",0.0071,0.0084,1000,1,0.5,5.0,0.0,0,0,1,1,0,1,10,1,0,0.0,0.5,LR,0.0,FD,0,0,0,1,,1.0,0.5,0.4999999999999995,1.0,/dev/ttyACM-Bpod4,stage_training_v6,Emma,pv_nmdar_eranet,2AFC_6,Bpod4,11,36004,11,1.8.2,011_stage_training_v6_20250731-162528,2025-07-31,16:25:40.546205,17:25:53.944565
172,0,0.0,1,0,0,0,1.0,1.0,0.0,0.0,1,2729.587912,2744.333416,14.745503999999984,2.8181000000000003,3.8276,1.0094999999999996,4.3347,4.7453,0.4106000000000005,aaa,aaa,1,,0,1,0,1,-70.0,-70.0,[4.7453],[4.810700000000001],[],[],0.0071,0.0084,1000,1,0.5,5.0,0.0,0,0,1,1,0,1,10,1,0,0.0,0.5,LR,0.0,FD,0,0,0,1,,1.0,0.5,0.5,1.0,/dev/ttyACM-Bpod4,stage_training_v6,Emma,pv_nmdar_eranet,2AFC_6,Bpod4,11,36004,11,1.8.2,011_stage_training_v6_20250731-162528,2025-07-31,16:25:40.546205,17:25:53.944565
173,1,0.0,0,0,1,0,,1.0,,,0,2744.347312,2759.686015,15.33870300000035,2.8206,3.8301,1.0094999999999996,4.3385,5.338500000000001,1.0000000000000009,iaa,iaa,1,,0,0,1,1,70.0,-70.0,[5.5256],[5.6272],"[5.580500000000001, 11.4755]","[5.6044, 11.4963]",0.0071,0.0084,1000,1,0.5,5.0,0.0,0,0,1,1,0,1,10,1,0,0.0,0.5,LR,0.0,FD,0,0,0,1,,1.0,0.5,0.4999999999999995,1.0,/dev/ttyACM-Bpod4,stage_training_v6,Emma,pv_nmdar_eranet,2AFC_6,Bpod4,11,36004,11,1.8.2,011_stage_training_v6_20250731-162528,2025-07-31,16:25:40.546205,17:25:53.944565
174,0,,0,0,1,0,,,,,0,2759.701212,2775.036115,15.33490299999994,2.8181000000000003,3.8276,1.0094999999999996,4.3347,5.334700000000001,1.0000000000000009,aaa,aaa,1,,0,1,0,1,-70.0,,[],[],[8.712200000000001],[8.7352],0.0071,0.0084,1000,1,0.5,5.0,0.0,0,0,1,1,0,1,10,1,0,0.0,0.5,LR,0.0,FD,0,0,0,1,,1.0,0.5,0.5,1.0,/dev/ttyACM-Bpod4,stage_training_v6,Emma,pv_nmdar_eranet,2AFC_6,Bpod4,11,36004,11,1.8.2,011_stage_training_v6_20250731-162528,2025-07-31,16:25:40.546205,17:25:53.944565
175,1,,0,0,1,0,,,,,0,2775.047612,2790.386315,15.33870300000035,2.8206,3.8301,1.0094999999999996,4.3385,5.338500000000001,1.0000000000000009,iaa,iaa,1,,0,0,1,1,70.0,,"[7.605, 7.627800000000001, 7.877400000000001, 13.9975, 14.2491]","[7.620900000000001, 7.637700000000001, 7.9089, 14.000100000000002, 14.2879]",[11.9017],[11.9262],0.0071,0.0084,1000,1,0.5,5.0,0.0,0,0,1,1,0,1,10,1,0,0.0,0.5,LR,0.0,FD,0,0,0,1,,1.0,0.5,0.4999999999999995,1.0,/dev/ttyACM-Bpod4,stage_training_v6,Emma,pv_nmdar_eranet,2AFC_6,Bpod4,11,36004,11,1.8.2,011_stage_training_v6_20250731-162528,2025-07-31,16:25:40.546205,17:25:53.944565
176,0,,1,0,0,0,1.0,,0.0,,1,2790.402112,2805.139816,14.737703999999669,2.8181000000000003,3.8276,1.0094999999999996,4.3347,4.7375,0.4028,aaa,aaa,1,,0,1,0,1,-70.0,,[4.7375],[4.76],[],[],0.0071,0.0084,1000,1,0.5,5.0,0.0,0,0,1,1,0,1,10,1,0,0.0,0.5,LR,0.0,FD,0,0,0,1,,1.0,0.5,0.5,1.0,/dev/ttyACM-Bpod4,stage_training_v6,Emma,pv_nmdar_eranet,2AFC_6,Bpod4,11,36004,11,1.8.2,011_stage_training_v6_20250731-162528,2025-07-31,16:25:40.546205,17:25:53.944565
177,1,0.0,0,1,0,0,0.0,1.0,0.0,1.0,1,2805.149312,2825.012815,19.86350300000004,2.8206,3.8301,1.0094999999999996,4.3385,4.863300000000001,0.5248000000000008,iaa,iaa,1,,0,0,1,1,70.0,-70.0,"[4.863300000000001, 8.834, 9.0854]","[4.8767000000000005, 8.8437, 9.1319]",[],[],0.0071,0.0084,1000,1,0.5,5.0,0.0,0,0,1,1,0,1,10,1,0,0.0,0.5,LR,0.0,FD,0,0,0,1,,1.0,0.5,0.4999999999999995,1.0,/dev/ttyACM-Bpod4,stage_training_v6,Emma,pv_nmdar_eranet,2AFC_6,Bpod4,11,36004,11,1.8.2,011_stage_training_v6_20250731-162528,2025-07-31,16:25:40.546205,17:25:53.944565
178,0,1.0,0,0,1,0,,0.0,,,0,2825.024412,2840.359316,15.334903999999824,2.8181000000000003,3.8276,1.0094999999999996,4.3347,5.334700000000001,1.0000000000000009,aaa,aaa,1,,0,1,0,1,-70.0,70.0,[],[],[],[],0.0071,0.0084,1000,1,0.5,5.0,0.0,0,0,1,1,0,1,10,1,0,0.0,0.5,LR,0.0,FD,0,0,0,1,,1.0,0.5,0.5,1.0,/dev/ttyACM-Bpod4,stage_training_v6,Emma,pv_nmdar_eranet,2AFC_6,Bpod4,11,36004,11,1.8.2,011_stage_training_v6_20250731-162528,2025-07-31,16:25:40.546205,17:25:53.944565
179,1,,0,1,0,0,0.0,,0.0,,1,2840.374612,2860.168715,19.794102999999723,2.8206,3.8301,1.0094999999999996,4.3385,4.7939,0.4554,iaa,iaa,1,,0,0,1,1,70.0,,[4.7939],[4.8181],"[4.7948, 6.1103000000000005]","[4.8218000000000005, 6.2207]",0.0071,0.0084,1000,1,0.5,5.0,0.0,0,0,1,1,0,1,10,1,0,0.0,0.5,LR,0.0,FD,0,0,0,1,,1.0,0.5,0.4999999999999995,1.0,/dev/ttyACM-Bpod4,stage_training_v6,Emma,pv_nmdar_eranet,2AFC_6,Bpod4,11,36004,11,1.8.2,011_stage_training_v6_20250731-162528,2025-07-31,16:25:40.546205,17:25:53.944565
180,0,1.0,0,0,1,0,,0.0,,,0,2860.182612,2875.517516,15.334903999999824,2.8181000000000003,3.8276,1.0094999999999996,4.3347,5.334700000000001,1.0000000000000009,aaa,aaa,1,,0,1,0,1,-70.0,70.0,[],[],[],[],0.0071,0.0084,1000,1,0.5,5.0,0.0,0,0,1,1,0,1,10,1,0,0.0,0.5,LR,0.0,FD,0,0,0,1,,1.0,0.5,0.5,1.0,/dev/ttyACM-Bpod4,stage_training_v6,Emma,pv_nmdar_eranet,2AFC_6,Bpod4,11,36004,11,1.8.2,011_stage_training_v6_20250731-162528,2025-07-31,16:25:40.546205,17:25:53.944565
181,1,,0,0,1,0,,,,,0,2875.529212,2890.867916,15.338704000000234,2.8206,3.8301,1.0094999999999996,4.3385,5.338500000000001,1.0000000000000009,iaa,iaa,1,,0,0,1,1,70.0,,[],[],[],[],0.0071,0.0084,1000,1,0.5,5.0,0.0,0,0,1,1,0,1,10,1,0,0.0,0.5,LR,0.0,FD,0,0,0,1,,1.0,0.5,0.4999999999999995,1.0,/dev/ttyACM-Bpod4,stage_training_v6,Emma,pv_nmdar_eranet,2AFC_6,Bpod4,11,36004,11,1.8.2,011_stage_training_v6_20250731-162528,2025-07-31,16:25:40.546205,17:25:53.944565
182,0,,0,0,1,0,,,,,0,2890.879612,2906.214515,15.33490299999994,2.8181000000000003,3.8276,1.0094999999999996,4.3347,5.334700000000001,1.0000000000000009,aaa,aaa,1,,0,1,0,1,-70.0,,[],[],[],[],0.0071,0.0084,1000,1,0.5,5.0,0.0,0,0,1,1,0,1,10,1,0,0.0,0.5,LR,0.0,FD,0,0,0,1,,1.0,0.5,0.5,1.0,/dev/ttyACM-Bpod4,stage_training_v6,Emma,pv_nmdar_eranet,2AFC_6,Bpod4,11,36004,11,1.8.2,011_stage_training_v6_20250731-162528,2025-07-31,16:25:40.546205,17:25:53.944565
183,1,,0,0,1,0,,,,,0,2906.228312,2921.567016,15.33870399999978,2.8206,3.8301,1.0094999999999996,4.3385,5.338500000000001,1.0000000000000009,iaa,iaa,1,,0,0,1,1,70.0,,[],[],[],[],0.0071,0.0084,1000,1,0.5,5.0,0.0,0,0,1,1,0,1,10,1,0,0.0,0.5,LR,0.0,FD,0,0,0,1,,1.0,0.5,0.4999999999999995,1.0,/dev/ttyACM-Bpod4,stage_training_v6,Emma,pv_nmdar_eranet,2AFC_6,Bpod4,11,36004,11,1.8.2,011_stage_training_v6_20250731-162528,2025-07-31,16:25:40.546205,17:25:53.944565
184,0,,0,0,1,0,,,,,0,2921.581812,2936.916716,15.33490400000028,2.8181000000000003,3.8276,1.0094999999999996,4.3347,5.334700000000001,1.0000000000000009,aaa,aaa,1,,0,1,0,1,-70.0,,[],[],[],[],0.0071,0.0084,1000,1,0.5,5.0,0.0,0,0,1,1,0,1,10,1,0,0.0,0.5,LR,0.0,FD,0,0,0,1,,1.0,0.5,0.5,1.0,/dev/ttyACM-Bpod4,stage_training_v6,Emma,pv_nmdar_eranet,2AFC_6,Bpod4,11,36004,11,1.8.2,011_stage_training_v6_20250731-162528,2025-07-31,16:25:40.546205,17:25:53.944565
185,1,,0,0,1,0,,,,,0,2936.928412,2952.267116,15.33870399999978,2.8206,3.8301,1.0094999999999996,4.3385,5.338500000000001,1.0000000000000009,iaa,iaa,1,,0,0,1,1,70.0,,[],[],"[9.871, 15.0458, 15.2565]","[9.9034, 15.0868, 15.2762]",0.0071,0.0084,1000,1,0.5,5.0,0.0,0,0,1,1,0,1,10,1,0,0.0,0.5,LR,0.0,FD,0,0,0,1,,1.0,0.5,0.4999999999999995,1.0,/dev/ttyACM-Bpod4,stage_training_v6,Emma,pv_nmdar_eranet,2AFC_6,Bpod4,11,36004,11,1.8.2,011_stage_training_v6_20250731-162528,2025-07-31,16:25:40.546205,17:25:53.944565
186,0,,0,0,1,0,,,,,0,2952.281712,2967.616615,15.33490299999994,2.8181000000000003,3.8276,1.0094999999999996,4.3347,5.334700000000001,1.0000000000000009,aaa,aaa,1,,0,1,0,1,-70.0,,[],[],[9.9534],[9.9696],0.0071,0.0084,1000,1,0.5,5.0,0.0,0,0,1,1,0,1,10,1,0,0.0,0.5,LR,0.0,FD,0,0,0,1,,1.0,0.5,0.5,1.0,/dev/ttyACM-Bpod4,stage_training_v6,Emma,pv_nmdar_eranet,2AFC_6,Bpod4,11,36004,11,1.8.2,011_stage_training_v6_20250731-162528,2025-07-31,16:25:40.546205,17:25:53.944565
187,1,,0,0,1,0,,,,,0,2967.631912,2982.970616,15.338704000000234,2.8206,3.8301,1.0094999999999996,4.3385,5.338500000000001,1.0000000000000009,iaa,iaa,1,,0,0,1,1,70.0,,[9.99],[10.0112],[],[],0.0071,0.0084,1000,1,0.5,5.0,0.0,0,0,1,1,0,1,10,1,0,0.0,0.5,LR,0.0,FD,0,0,0,1,,1.0,0.5,0.4999999999999995,1.0,/dev/ttyACM-Bpod4,stage_training_v6,Emma,pv_nmdar_eranet,2AFC_6,Bpod4,11,36004,11,1.8.2,011_stage_training_v6_20250731-162528,2025-07-31,16:25:40.546205,17:25:53.944565
188,0,,1,0,0,0,1.0,,0.0,,1,2982.982112,2997.798515,14.81640299999981,2.8181000000000003,3.8276,1.0094999999999996,4.3347,4.8162,0.4815000000000005,aaa,aaa,1,,0,1,0,1,-70.0,,"[4.8162, 4.8165, 9.093, 10.2451]","[4.8164, 4.8178, 9.1213, 10.2769]",[],[],0.0071,0.0084,1000,1,0.5,5.0,0.0,0,0,1,1,0,1,10,1,0,0.0,0.5,LR,0.0,FD,0,0,0,1,,1.0,0.5,0.5,1.0,/dev/ttyACM-Bpod4,stage_training_v6,Emma,pv_nmdar_eranet,2AFC_6,Bpod4,11,36004,11,1.8.2,011_stage_training_v6_20250731-162528,2025-07-31,16:25:40.546205,17:25:53.944565
189,1,0.0,0,0,1,0,,1.0,,,0,2997.813912,3013.152615,15.338702999999896,2.8206,3.8301,1.0094999999999996,4.3385,5.338500000000001,1.0000000000000009,iaa,iaa,1,,0,0,1,1,70.0,-70.0,"[7.3306, 13.3243]","[7.346900000000001, 13.3417]",[],[],0.0071,0.0084,1000,1,0.5,5.0,0.0,0,0,1,1,0,1,10,1,0,0.0,0.5,LR,0.0,FD,0,0,0,1,,1.0,0.5,0.4999999999999995,1.0,/dev/ttyACM-Bpod4,stage_training_v6,Emma,pv_nmdar_eranet,2AFC_6,Bpod4,11,36004,11,1.8.2,011_stage_training_v6_20250731-162528,2025-07-31,16:25:40.546205,17:25:53.944565
190,0,,0,0,1,0,,,,,0,3013.166612,3028.501516,15.334903999999824,2.8181000000000003,3.8276,1.0094999999999996,4.3347,5.334700000000001,1.0000000000000009,aaa,aaa,1,,0,1,0,1,-70.0,,[],[],[],[],0.0071,0.0084,1000,1,0.5,5.0,0.0,0,0,1,1,0,1,10,1,0,0.0,0.5,LR,0.0,FD,0,0,0,1,,1.0,0.5,0.5,1.0,/dev/ttyACM-Bpod4,stage_training_v6,Emma,pv_nmdar_eranet,2AFC_6,Bpod4,11,36004,11,1.8.2,011_stage_training_v6_20250731-162528,2025-07-31,16:25:40.546205,17:25:53.944565
191,1,,0,0,1,0,,,,,0,3028.514412,3043.853115,15.338702999999896,2.8206,3.8301,1.0094999999999996,4.3385,5.338500000000001,1.0000000000000009,iaa,iaa,1,,0,0,1,1,70.0,,[12.9247],[12.9307],[],[],0.0071,0.0084,1000,1,0.5,5.0,0.0,0,0,1,1,0,1,10,1,0,0.0,0.5,LR,0.0,FD,0,0,0,1,,1.0,0.5,0.4999999999999995,1.0,/dev/ttyACM-Bpod4,stage_training_v6,Emma,pv_nmdar_eranet,2AFC_6,Bpod4,11,36004,11,1.8.2,011_stage_training_v6_20250731-162528,2025-07-31,16:25:40.546205,17:25:53.944565
192,0,,0,0,1,0,,,,,0,3043.865312,3059.200216,15.33490400000028,2.8181000000000003,3.8276,1.0094999999999996,4.3347,5.334700000000001,1.0000000000000009,aaa,aaa,1,,0,1,0,1,-70.0,,"[11.8294, 14.979, 14.995, 15.044]","[11.8545, 14.9861, 15.006200000000002, 15.0449]",[15.0691],[],0.0071,0.0084,1000,1,0.5,5.0,0.0,0,0,1,1,0,1,10,1,0,0.0,0.5,LR,0.0,FD,0,0,0,1,,1.0,0.5,0.5,1.0,/dev/ttyACM-Bpod4,stage_training_v6,Emma,pv_nmdar_eranet,2AFC_6,Bpod4,11,36004,11,1.8.2,011_stage_training_v6_20250731-162528,2025-07-31,16:25:40.546205,17:25:53.944565
193,1,,0,0,1,0,,,,,0,3059.215412,3074.554116,15.33870399999978,2.8206,3.8301,1.0094999999999996,4.3385,5.338500000000001,1.0000000000000009,iaa,iaa,1,,0,0,1,1,70.0,,[],[],[11.6553],"[0.0877, 11.6562]",0.0071,0.0084,1000,1,0.5,5.0,0.0,0,0,1,1,0,1,10,1,0,0.0,0.5,LR,0.0,FD,0,0,0,1,,1.0,0.5,0.4999999999999995,1.0,/dev/ttyACM-Bpod4,stage_training_v6,Emma,pv_nmdar_eranet,2AFC_6,Bpod4,11,36004,11,1.8.2,011_stage_training_v6_20250731-162528,2025-07-31,16:25:40.546205,17:25:53.944565
194,0,,0,0,1,0,,,,,0,3074.567512,3089.902415,15.33490299999994,2.8181000000000003,3.8276,1.0094999999999996,4.3347,5.334700000000001,1.0000000000000009,aaa,aaa,1,,0,1,0,1,-70.0,,[],[],[],[],0.0071,0.0084,1000,1,0.5,5.0,0.0,0,0,1,1,0,1,10,1,0,0.0,0.5,LR,0.0,FD,0,0,0,1,,1.0,0.5,0.5,1.0,/dev/ttyACM-Bpod4,stage_training_v6,Emma,pv_nmdar_eranet,2AFC_6,Bpod4,11,36004,11,1.8.2,011_stage_training_v6_20250731-162528,2025-07-31,16:25:40.546205,17:25:53.944565
195,1,,0,0,1,0,,,,,0,3089.917112,3105.255816,15.33870399999978,2.8206,3.8301,1.0094999999999996,4.3385,5.338500000000001,1.0000000000000009,iaa,iaa,1,,0,0,1,1,70.0,,[],[],[],[],0.0071,0.0084,1000,1,0.5,5.0,0.0,0,0,1,1,0,1,10,1,0,0.0,0.5,LR,0.0,FD,0,0,0,1,,1.0,0.5,0.4999999999999995,1.0,/dev/ttyACM-Bpod4,stage_training_v6,Emma,pv_nmdar_eranet,2AFC_6,Bpod4,11,36004,11,1.8.2,011_stage_training_v6_20250731-162528,2025-07-31,16:25:40.546205,17:25:53.944565
196,0,,1,0,0,0,1.0,,0.0,,1,3105.270212,3120.019215,14.749002999999902,2.8181000000000003,3.8276,1.0094999999999996,4.3347,4.7488,0.4141000000000003,aaa,aaa,1,,0,1,0,1,-70.0,,[4.7488],[4.7875000000000005],[],[],0.0071,0.0084,1000,1,0.5,5.0,0.0,0,0,1,1,0,1,10,1,0,0.0,0.5,LR,0.0,FD,0,0,0,1,,1.0,0.5,0.5,1.0,/dev/ttyACM-Bpod4,stage_training_v6,Emma,pv_nmdar_eranet,2AFC_6,Bpod4,11,36004,11,1.8.2,011_stage_training_v6_20250731-162528,2025-07-31,16:25:40.546205,17:25:53.944565
197,1,0.0,0,0,1,0,,1.0,,,0,3120.034612,3135.373316,15.338704000000234,2.8206,3.8301,1.0094999999999996,4.3385,5.338500000000001,1.0000000000000009,iaa,iaa,1,,0,0,1,1,70.0,-70.0,[],[],"[7.475300000000001, 7.7544]","[7.4797, 7.792000000000001]",0.0071,0.0084,1000,1,0.5,5.0,0.0,0,0,1,1,0,1,10,1,0,0.0,0.5,LR,0.0,FD,0,0,0,1,,1.0,0.5,0.4999999999999995,1.0,/dev/ttyACM-Bpod4,stage_training_v6,Emma,pv_nmdar_eranet,2AFC_6,Bpod4,11,36004,11,1.8.2,011_stage_training_v6_20250731-162528,2025-07-31,16:25:40.546205,17:25:53.944565
198,0,,0,0,1,0,,,,,0,3135.386312,3150.721216,15.334903999999824,2.8181000000000003,3.8276,1.0094999999999996,4.3347,5.334700000000001,1.0000000000000009,aaa,aaa,1,,0,1,0,1,-70.0,,[],[],[],[],0.0071,0.0084,1000,1,0.5,5.0,0.0,0,0,1,1,0,1,10,1,0,0.0,0.5,LR,0.0,FD,0,0,0,1,,1.0,0.5,0.5,1.0,/dev/ttyACM-Bpod4,stage_training_v6,Emma,pv_nmdar_eranet,2AFC_6,Bpod4,11,36004,11,1.8.2,011_stage_training_v6_20250731-162528,2025-07-31,16:25:40.546205,17:25:53.944565
199,1,,0,0,1,0,,,,,0,3150.735012,3166.073715,15.338702999999896,2.8206,3.8301,1.0094999999999996,4.3385,5.338500000000001,1.0000000000000009,iaa,iaa,1,,0,0,1,1,70.0,,"[8.9954, 9.1784, 9.3683]","[9.0578, 9.1994, 9.3729]",[9.3662],[9.3834],0.0071,0.0084,1000,1,0.5,5.0,0.0,0,0,1,1,0,1,10,1,0,0.0,0.5,LR,0.0,FD,0,0,0,1,,1.0,0.5,0.4999999999999995,1.0,/dev/ttyACM-Bpod4,stage_training_v6,Emma,pv_nmdar_eranet,2AFC_6,Bpod4,11,36004,11,1.8.2,011_stage_training_v6_20250731-162528,2025-07-31,16:25:40.546205,17:25:53.944565
200,0,,0,0,1,0,,,,,0,3166.089612,3181.424515,15.33490299999994,2.8181000000000003,3.8276,1.0094999999999996,4.3347,5.334700000000001,1.0000000000000009,aaa,aaa,1,,0,1,0,1,-70.0,,"[10.4218, 10.6108, 10.774]","[10.4595, 10.6556, 10.7992]","[10.4377, 11.1056, 11.2522]","[10.4589, 11.1212, 11.2792]",0.0071,0.0084,1000,1,0.5,5.0,0.0,0,0,1,1,0,1,10,1,0,0.0,0.5,LR,0.0,FD,0,0,0,1,,1.0,0.5,0.5,1.0,/dev/ttyACM-Bpod4,stage_training_v6,Emma,pv_nmdar_eranet,2AFC_6,Bpod4,11,36004,11,1.8.2,011_stage_training_v6_20250731-162528,2025-07-31,16:25:40.546205,17:25:53.944565
201,1,,0,1,0,0,0.0,,0.0,,1,3181.436612,3201.224516,19.787904000000253,2.8206,3.8301,1.0094999999999996,4.3385,4.7877,0.4492000000000002,iaa,iaa,1,,0,0,1,1,70.0,,[4.7877],[4.8101],[],[],0.0071,0.0084,1000,1,0.5,5.0,0.0,0,0,1,1,0,1,10,1,0,0.0,0.5,LR,0.0,FD,0,0,0,1,,1.0,0.5,0.4999999999999995,1.0,/dev/ttyACM-Bpod4,stage_training_v6,Emma,pv_nmdar_eranet,2AFC_6,Bpod4,11,36004,11,1.8.2,011_stage_training_v6_20250731-162528,2025-07-31,16:25:40.546205,17:25:53.944565
202,0,1.0,0,0,1,0,,0.0,,,0,3201.321012,3216.655915,15.33490299999994,2.8181000000000003,3.8276,1.0094999999999996,4.3347,5.334700000000001,1.0000000000000009,aaa,aaa,1,,0,1,0,1,-70.0,70.0,[],[],[],[],0.0071,0.0084,1000,1,0.5,5.0,0.0,0,0,1,1,0,1,10,1,0,0.0,0.5,LR,0.0,FD,0,0,0,1,,1.0,0.5,0.5,1.0,/dev/ttyACM-Bpod4,stage_training_v6,Emma,pv_nmdar_eranet,2AFC_6,Bpod4,11,36004,11,1.8.2,011_stage_training_v6_20250731-162528,2025-07-31,16:25:40.546205,17:25:53.944565
203,1,,0,0,1,0,,,,,0,3216.672312,3232.011016,15.33870399999978,2.8206,3.8301,1.0094999999999996,4.3385,5.338500000000001,1.0000000000000009,iaa,iaa,1,,0,0,1,1,70.0,,[],[],[],[],0.0071,0.0084,1000,1,0.5,5.0,0.0,0,0,1,1,0,1,10,1,0,0.0,0.5,LR,0.0,FD,0,0,0,1,,1.0,0.5,0.4999999999999995,1.0,/dev/ttyACM-Bpod4,stage_training_v6,Emma,pv_nmdar_eranet,2AFC_6,Bpod4,11,36004,11,1.8.2,011_stage_training_v6_20250731-162528,2025-07-31,16:25:40.546205,17:25:53.944565
204,0,,0,0,1,0,,,,,0,3232.028012,3247.362915,15.33490299999994,2.8181000000000003,3.8276,1.0094999999999996,4.3347,5.334700000000001,1.0000000000000009,aaa,aaa,1,,0,1,0,1,-70.0,,[],[],[],[],0.0071,0.0084,1000,1,0.5,5.0,0.0,0,0,1,1,0,1,10,1,0,0.0,0.5,LR,0.0,FD,0,0,0,1,,1.0,0.5,0.5,1.0,/dev/ttyACM-Bpod4,stage_training_v6,Emma,pv_nmdar_eranet,2AFC_6,Bpod4,11,36004,11,1.8.2,011_stage_training_v6_20250731-162528,2025-07-31,16:25:40.546205,17:25:53.944565
205,1,,0,0,1,0,,,,,0,3247.379112,3262.717816,15.33870399999978,2.8206,3.8301,1.0094999999999996,4.3385,5.338500000000001,1.0000000000000009,iaa,iaa,1,,0,0,1,1,70.0,,"[8.1423, 8.3916]","[8.1904, 8.434700000000001]",[],[],0.0071,0.0084,1000,1,0.5,5.0,0.0,0,0,1,1,0,1,10,1,0,0.0,0.5,LR,0.0,FD,0,0,0,1,,1.0,0.5,0.4999999999999995,1.0,/dev/ttyACM-Bpod4,stage_training_v6,Emma,pv_nmdar_eranet,2AFC_6,Bpod4,11,36004,11,1.8.2,011_stage_training_v6_20250731-162528,2025-07-31,16:25:40.546205,17:25:53.944565
206,0,,0,0,1,0,,,,,0,3262.731212,3278.066116,15.334903999999824,2.8181000000000003,3.8276,1.0094999999999996,4.3347,5.334700000000001,1.0000000000000009,aaa,aaa,1,,0,1,0,1,-70.0,,[],[],[],[],0.0071,0.0084,1000,1,0.5,5.0,0.0,0,0,1,1,0,1,10,1,0,0.0,0.5,LR,0.0,FD,0,0,0,1,,1.0,0.5,0.5,1.0,/dev/ttyACM-Bpod4,stage_training_v6,Emma,pv_nmdar_eranet,2AFC_6,Bpod4,11,36004,11,1.8.2,011_stage_training_v6_20250731-162528,2025-07-31,16:25:40.546205,17:25:53.944565
207,1,,0,0,1,0,,,,,0,3278.080712,3293.419416,15.338704000000234,2.8206,3.8301,1.0094999999999996,4.3385,5.338500000000001,1.0000000000000009,iaa,iaa,1,,0,0,1,1,70.0,,[],[],[],[],0.0071,0.0084,1000,1,0.5,5.0,0.0,0,0,1,1,0,1,10,1,0,0.0,0.5,LR,0.0,FD,0,0,0,1,,1.0,0.5,0.4999999999999995,1.0,/dev/ttyACM-Bpod4,stage_training_v6,Emma,pv_nmdar_eranet,2AFC_6,Bpod4,11,36004,11,1.8.2,011_stage_training_v6_20250731-162528,2025-07-31,16:25:40.546205,17:25:53.944565
208,0,,0,0,1,0,,,,,0,3293.432312,3308.767215,15.33490299999994,2.8181000000000003,3.8276,1.0094999999999996,4.3347,5.334700000000001,1.0000000000000009,aaa,aaa,1,,0,1,0,1,-70.0,,"[15.3201, 15.331, 15.3317, 15.3319]","[15.330900000000002, 15.3311, 15.3318, 15.334]","[10.6431, 10.9516]","[10.6686, 10.9884]",0.0071,0.0084,1000,1,0.5,5.0,0.0,0,0,1,1,0,1,10,1,0,0.0,0.5,LR,0.0,FD,0,0,0,1,,1.0,0.5,0.5,1.0,/dev/ttyACM-Bpod4,stage_training_v6,Emma,pv_nmdar_eranet,2AFC_6,Bpod4,11,36004,11,1.8.2,011_stage_training_v6_20250731-162528,2025-07-31,16:25:40.546205,17:25:53.944565
209,1,,0,0,1,0,,,,,0,3308.781112,3324.119815,15.338702999999896,2.8206,3.8301,1.0094999999999996,4.3385,5.338500000000001,1.0000000000000009,iaa,iaa,1,,0,0,1,1,70.0,,[],[],[],[],0.0071,0.0084,1000,1,0.5,5.0,0.0,0,0,1,1,0,1,10,1,0,0.0,0.5,LR,0.0,FD,0,0,0,1,,1.0,0.5,0.4999999999999995,1.0,/dev/ttyACM-Bpod4,stage_training_v6,Emma,pv_nmdar_eranet,2AFC_6,Bpod4,11,36004,11,1.8.2,011_stage_training_v6_20250731-162528,2025-07-31,16:25:40.546205,17:25:53.944565
210,0,,0,0,1,0,,,,,0,3324.131612,3339.466515,15.33490299999994,2.8181000000000003,3.8276,1.0094999999999996,4.3347,5.334700000000001,1.0000000000000009,aaa,aaa,1,,0,1,0,1,-70.0,,[],[],[],[],0.0071,0.0084,1000,1,0.5,5.0,0.0,0,0,1,1,0,1,10,1,0,0.0,0.5,LR,0.0,FD,0,0,0,1,,1.0,0.5,0.5,1.0,/dev/ttyACM-Bpod4,stage_training_v6,Emma,pv_nmdar_eranet,2AFC_6,Bpod4,11,36004,11,1.8.2,011_stage_training_v6_20250731-162528,2025-07-31,16:25:40.546205,17:25:53.944565
211,1,,0,0,1,0,,,,,0,3339.481712,3354.820415,15.33870300000035,2.8206,3.8301,1.0094999999999996,4.3385,5.338500000000001,1.0000000000000009,iaa,iaa,1,,0,0,1,1,70.0,,[],[],[],[],0.0071,0.0084,1000,1,0.5,5.0,0.0,0,0,1,1,0,1,10,1,0,0.0,0.5,LR,0.0,FD,0,0,0,1,,1.0,0.5,0.4999999999999995,1.0,/dev/ttyACM-Bpod4,stage_training_v6,Emma,pv_nmdar_eranet,2AFC_6,Bpod4,11,36004,11,1.8.2,011_stage_training_v6_20250731-162528,2025-07-31,16:25:40.546205,17:25:53.944565
212,0,,0,0,1,0,,,,,0,3354.833612,3370.168515,15.33490299999994,2.8181000000000003,3.8276,1.0094999999999996,4.3347,5.334700000000001,1.0000000000000009,aaa,aaa,1,,0,1,0,1,-70.0,,[],[],[],[],0.0071,0.0084,1000,1,0.5,5.0,0.0,0,0,1,1,0,1,10,1,0,0.0,0.5,LR,0.0,FD,0,0,0,1,,1.0,0.5,0.5,1.0,/dev/ttyACM-Bpod4,stage_training_v6,Emma,pv_nmdar_eranet,2AFC_6,Bpod4,11,36004,11,1.8.2,011_stage_training_v6_20250731-162528,2025-07-31,16:25:40.546205,17:25:53.944565
213,1,,0,0,1,0,,,,,0,3370.180612,3385.519316,15.33870399999978,2.8206,3.8301,1.0094999999999996,4.3385,5.338500000000001,1.0000000000000009,iaa,iaa,1,,0,0,1,1,70.0,,[],[],"[9.736, 10.0087]","[9.753, 10.0511]",0.0071,0.0084,1000,1,0.5,5.0,0.0,0,0,1,1,0,1,10,1,0,0.0,0.5,LR,0.0,FD,0,0,0,1,,1.0,0.5,0.4999999999999995,1.0,/dev/ttyACM-Bpod4,stage_training_v6,Emma,pv_nmdar_eranet,2AFC_6,Bpod4,11,36004,11,1.8.2,011_stage_training_v6_20250731-162528,2025-07-31,16:25:40.546205,17:25:53.944565
214,0,,1,0,0,0,1.0,,0.0,,1,3385.535812,3400.321916,14.786103999999796,2.8181000000000003,3.8276,1.0094999999999996,4.3347,4.7859,0.4512,aaa,aaa,1,,0,1,0,1,-70.0,,"[4.7859, 4.7862, 13.521]","[4.7861, 4.7948, 13.5296]",[],[],0.0071,0.0084,1000,1,0.5,5.0,0.0,0,0,1,1,0,1,10,1,0,0.0,0.5,LR,0.0,FD,0,0,0,1,,1.0,0.5,0.5,1.0,/dev/ttyACM-Bpod4,stage_training_v6,Emma,pv_nmdar_eranet,2AFC_6,Bpod4,11,36004,11,1.8.2,011_stage_training_v6_20250731-162528,2025-07-31,16:25:40.546205,17:25:53.944565
215,1,0.0,0,0,1,0,,1.0,,,0,3400.333412,3415.672116,15.338704000000234,2.8206,3.8301,1.0094999999999996,4.3385,5.338500000000001,1.0000000000000009,iaa,iaa,1,,0,0,1,1,70.0,-70.0,[],[],[],[],0.0071,0.0084,1000,1,0.5,5.0,0.0,0,0,1,1,0,1,10,1,0,0.0,0.5,LR,0.0,FD,0,0,0,1,,1.0,0.5,0.4999999999999995,1.0,/dev/ttyACM-Bpod4,stage_training_v6,Emma,pv_nmdar_eranet,2AFC_6,Bpod4,11,36004,11,1.8.2,011_stage_training_v6_20250731-162528,2025-07-31,16:25:40.546205,17:25:53.944565
216,0,,0,0,1,0,,,,,0,3415.682512,3431.017416,15.33490400000028,2.8181000000000003,3.8276,1.0094999999999996,4.3347,5.334700000000001,1.0000000000000009,aaa,aaa,1,,0,1,0,1,-70.0,,[],[],[],[],0.0071,0.0084,1000,1,0.5,5.0,0.0,0,0,1,1,0,1,10,1,0,0.0,0.5,LR,0.0,FD,0,0,0,1,,1.0,0.5,0.5,1.0,/dev/ttyACM-Bpod4,stage_training_v6,Emma,pv_nmdar_eranet,2AFC_6,Bpod4,11,36004,11,1.8.2,011_stage_training_v6_20250731-162528,2025-07-31,16:25:40.546205,17:25:53.944565
217,1,,0,0,1,0,,,,,0,3431.031712,3446.370416,15.338704000000234,2.8206,3.8301,1.0094999999999996,4.3385,5.338500000000001,1.0000000000000009,iaa,iaa,1,,0,0,1,1,70.0,,[14.2555],[14.2616],[],[],0.0071,0.0084,1000,1,0.5,5.0,0.0,0,0,1,1,0,1,10,1,0,0.0,0.5,LR,0.0,FD,0,0,0,1,,1.0,0.5,0.4999999999999995,1.0,/dev/ttyACM-Bpod4,stage_training_v6,Emma,pv_nmdar_eranet,2AFC_6,Bpod4,11,36004,11,1.8.2,011_stage_training_v6_20250731-162528,2025-07-31,16:25:40.546205,17:25:53.944565
218,0,,1,0,0,0,1.0,,0.0,,1,3446.383912,3461.184915,14.801003000000035,2.8181000000000003,3.8276,1.0094999999999996,4.3347,4.800800000000001,0.4661000000000008,aaa,aaa,1,,0,1,0,1,-70.0,,[4.800800000000001],[4.828],[],[],0.0071,0.0084,1000,1,0.5,5.0,0.0,0,0,1,1,0,1,10,1,0,0.0,0.5,LR,0.0,FD,0,0,0,1,,1.0,0.5,0.5,1.0,/dev/ttyACM-Bpod4,stage_training_v6,Emma,pv_nmdar_eranet,2AFC_6,Bpod4,11,36004,11,1.8.2,011_stage_training_v6_20250731-162528,2025-07-31,16:25:40.546205,17:25:53.944565
219,1,0.0,1,0,0,0,1.0,1.0,1.0,0.0,1,3461.195912,3476.213316,15.017403999999717,2.8206,3.8301,1.0094999999999996,4.3385,5.0172,0.6787000000000001,iaa,iaa,1,,0,0,1,1,70.0,-70.0,[],[],[5.0172],[5.0464],0.0071,0.0084,1000,1,0.5,5.0,0.0,0,0,1,1,0,1,10,1,0,0.0,0.5,LR,0.0,FD,0,0,0,1,,1.0,0.5,0.4999999999999995,1.0,/dev/ttyACM-Bpod4,stage_training_v6,Emma,pv_nmdar_eranet,2AFC_6,Bpod4,11,36004,11,1.8.2,011_stage_training_v6_20250731-162528,2025-07-31,16:25:40.546205,17:25:53.944565
220,0,0.0,0,0,1,0,,1.0,,,0,3476.228512,3491.563415,15.33490299999994,2.8181000000000003,3.8276,1.0094999999999996,4.3347,5.334700000000001,1.0000000000000009,aaa,aaa,1,,0,1,0,1,-70.0,-70.0,[],[],[5.6104],[5.621300000000001],0.0071,0.0084,1000,1,0.5,5.0,0.0,0,0,1,1,0,1,10,1,0,0.0,0.5,LR,0.0,FD,0,0,0,1,,1.0,0.5,0.5,1.0,/dev/ttyACM-Bpod4,stage_training_v6,Emma,pv_nmdar_eranet,2AFC_6,Bpod4,11,36004,11,1.8.2,011_stage_training_v6_20250731-162528,2025-07-31,16:25:40.546205,17:25:53.944565
221,1,,0,0,1,0,,,,,0,3491.579712,3506.918415,15.338702999999896,2.8206,3.8301,1.0094999999999996,4.3385,5.338500000000001,1.0000000000000009,iaa,iaa,1,,0,0,1,1,70.0,,[],[],[],[],0.0071,0.0084,1000,1,0.5,5.0,0.0,0,0,1,1,0,1,10,1,0,0.0,0.5,LR,0.0,FD,0,0,0,1,,1.0,0.5,0.4999999999999995,1.0,/dev/ttyACM-Bpod4,stage_training_v6,Emma,pv_nmdar_eranet,2AFC_6,Bpod4,11,36004,11,1.8.2,011_stage_training_v6_20250731-162528,2025-07-31,16:25:40.546205,17:25:53.944565
222,0,,0,0,1,0,,,,,0,3506.931712,3522.266615,15.33490299999994,2.8181000000000003,3.8276,1.0094999999999996,4.3347,5.334700000000001,1.0000000000000009,aaa,aaa,1,,0,1,0,1,-70.0,,[],[],[],[],0.0071,0.0084,1000,1,0.5,5.0,0.0,0,0,1,1,0,1,10,1,0,0.0,0.5,LR,0.0,FD,0,0,0,1,,1.0,0.5,0.5,1.0,/dev/ttyACM-Bpod4,stage_training_v6,Emma,pv_nmdar_eranet,2AFC_6,Bpod4,11,36004,11,1.8.2,011_stage_training_v6_20250731-162528,2025-07-31,16:25:40.546205,17:25:53.944565
223,1,,0,0,1,0,,,,,0,3522.280212,3537.618915,15.338702999999896,2.8206,3.8301,1.0094999999999996,4.3385,5.338500000000001,1.0000000000000009,iaa,iaa,1,,0,0,1,1,70.0,,[],[],[],[],0.0071,0.0084,1000,1,0.5,5.0,0.0,0,0,1,1,0,1,10,1,0,0.0,0.5,LR,0.0,FD,0,0,0,1,,1.0,0.5,0.4999999999999995,1.0,/dev/ttyACM-Bpod4,stage_training_v6,Emma,pv_nmdar_eranet,2AFC_6,Bpod4,11,36004,11,1.8.2,011_stage_training_v6_20250731-162528,2025-07-31,16:25:40.546205,17:25:53.944565
224,0,,1,0,0,0,1.0,,0.0,,1,3537.636912,3552.427015,14.790103000000272,2.8181000000000003,3.8276,1.0094999999999996,4.3347,4.7899,0.4552000000000005,aaa,aaa,1,,0,1,0,1,-70.0,,"[4.7899, 5.2914, 5.4632000000000005, 5.6618]","[4.861000000000001, 5.314, 5.4735000000000005, 5.6733]","[5.1677, 5.2983]","[5.1772, 5.3077000000000005]",0.0071,0.0084,1000,1,0.5,5.0,0.0,0,0,1,1,0,1,10,1,0,0.0,0.5,LR,0.0,FD,0,0,0,1,,1.0,0.5,0.5,1.0,/dev/ttyACM-Bpod4,stage_training_v6,Emma,pv_nmdar_eranet,2AFC_6,Bpod4,11,36004,11,1.8.2,011_stage_training_v6_20250731-162528,2025-07-31,16:25:40.546205,17:25:53.944565
225,1,0.0,0,0,1,0,,1.0,,,0,3552.442812,3567.781515,15.33870300000035,2.8206,3.8301,1.0094999999999996,4.3385,5.338500000000001,1.0000000000000009,iaa,iaa,1,,0,0,1,1,70.0,-70.0,[12.0916],[12.1268],[12.3798],[12.3975],0.0071,0.0084,1000,1,0.5,5.0,0.0,0,0,1,1,0,1,10,1,0,0.0,0.5,LR,0.0,FD,0,0,0,1,,1.0,0.5,0.4999999999999995,1.0,/dev/ttyACM-Bpod4,stage_training_v6,Emma,pv_nmdar_eranet,2AFC_6,Bpod4,11,36004,11,1.8.2,011_stage_training_v6_20250731-162528,2025-07-31,16:25:40.546205,17:25:53.944565
226,0,,0,0,1,0,,,,,0,3567.794012,3583.128916,15.33490400000028,2.8181000000000003,3.8276,1.0094999999999996,4.3347,5.334700000000001,1.0000000000000009,aaa,aaa,1,,0,1,0,1,-70.0,,[],[],[],[],0.0071,0.0084,1000,1,0.5,5.0,0.0,0,0,1,1,0,1,10,1,0,0.0,0.5,LR,0.0,FD,0,0,0,1,,1.0,0.5,0.5,1.0,/dev/ttyACM-Bpod4,stage_training_v6,Emma,pv_nmdar_eranet,2AFC_6,Bpod4,11,36004,11,1.8.2,011_stage_training_v6_20250731-162528,2025-07-31,16:25:40.546205,17:25:53.944565
227,1,,0,0,1,0,,,,,0,3583.141712,3598.480415,15.338702999999896,2.8206,3.8301,1.0094999999999996,4.3385,5.338500000000001,1.0000000000000009,iaa,iaa,1,,0,0,1,1,70.0,,"[8.6105, 8.8795]","[8.6488, 8.9076]",[],[],0.0071,0.0084,1000,1,0.5,5.0,0.0,0,0,1,1,0,1,10,1,0,0.0,0.5,LR,0.0,FD,0,0,0,1,,1.0,0.5,0.4999999999999995,1.0,/dev/ttyACM-Bpod4,stage_training_v6,Emma,pv_nmdar_eranet,2AFC_6,Bpod4,11,36004,11,1.8.2,011_stage_training_v6_20250731-162528,2025-07-31,16:25:40.546205,17:25:53.944565
